nohup: ignoring input
---Main Experiment---
---Main Experiment  a_rca_trainer---
# new transformed data: trace, metric, log, api
# head 4, --orl_te_in_channels 512
# SEattention
# deterministic
49start############################
2025-09-07 17:27:19,042 - INFO - [0/100] | train_loss: 0.37771
2025-09-07 17:27:20,805 - INFO - [10/100] | train_loss: 1.01664
2025-09-07 17:27:22,517 - INFO - [20/100] | train_loss: 0.83083
2025-09-07 17:27:24,199 - INFO - [30/100] | train_loss: 0.66711
2025-09-07 17:27:25,894 - INFO - [40/100] | train_loss: 0.49213
2025-09-07 17:27:27,602 - INFO - [50/100] | train_loss: 0.43593
2025-09-07 17:27:29,288 - INFO - [60/100] | train_loss: 0.40777
2025-09-07 17:27:30,969 - INFO - [70/100] | train_loss: 0.39066
2025-09-07 17:27:32,659 - INFO - [80/100] | train_loss: 0.35775
2025-09-07 17:27:34,350 - INFO - [90/100] | train_loss: 0.39399
2025-09-07 17:27:36,063 - INFO - [0/100] | train_loss: 0.13764
2025-09-07 17:27:37,770 - INFO - [10/100] | train_loss: 1.28421
2025-09-07 17:27:39,488 - INFO - [20/100] | train_loss: 0.91257
2025-09-07 17:27:41,201 - INFO - [30/100] | train_loss: 0.62719
2025-09-07 17:27:42,895 - INFO - [40/100] | train_loss: 0.50198
2025-09-07 17:27:44,588 - INFO - [50/100] | train_loss: 0.47539
2025-09-07 17:27:46,355 - INFO - [60/100] | train_loss: 0.44792
2025-09-07 17:27:48,176 - INFO - [70/100] | train_loss: 0.44393
2025-09-07 17:27:49,974 - INFO - [80/100] | train_loss: 0.43392
2025-09-07 17:27:51,656 - INFO - [90/100] | train_loss: 0.43874
2025-09-07 17:27:53,312 - INFO - ----------
2025-09-07 17:27:53,313 - INFO - sample 0/241 | d1: node-6; level: node; fault_type: node节点CPU故障
2025-09-07 17:27:53,313 - INFO - sample 0/241 | predict d1: [('node-6', 1.2943524169352223), ('emailservice', 0.11477894903380381), ('checkoutservice', 0.11477894903380381), ('emailservice-1', 0.11477656355767252), ('emailservice-0', 0.11477296466015652)]
2025-09-07 17:27:53,313 - INFO - sample 0/241 | predict d2: [('node-6/CPU/system.load.5', 0.49220912882394785), ('node-6/CPU/system.load.1', 0.486445936556521), ('node-6/CPU/system.cpu.system', 0.47259869296577506), ('node-6/Net/system.net.udp.in_datagrams', 0.4559529619001843), ('node-6/Memory/system.mem.pct_usage', 0.4484249521410604)]
2025-09-07 17:27:53,313 - INFO - ----------
2025-09-07 17:27:53,440 - INFO - [0/100] | train_loss: 0.17115
2025-09-07 17:27:55,137 - INFO - [10/100] | train_loss: 0.80338
2025-09-07 17:27:56,827 - INFO - [20/100] | train_loss: 0.55875
2025-09-07 17:27:58,603 - INFO - [30/100] | train_loss: 0.38869
2025-09-07 17:28:00,302 - INFO - [40/100] | train_loss: 0.27801
2025-09-07 17:28:02,003 - INFO - [50/100] | train_loss: 0.23975
2025-09-07 17:28:03,699 - INFO - [60/100] | train_loss: 0.20681
2025-09-07 17:28:05,402 - INFO - [70/100] | train_loss: 0.19159
2025-09-07 17:28:07,113 - INFO - [80/100] | train_loss: 0.19709
2025-09-07 17:28:08,822 - INFO - [90/100] | train_loss: 0.18742
2025-09-07 17:28:10,539 - INFO - [0/100] | train_loss: 0.09969
2025-09-07 17:28:12,271 - INFO - [10/100] | train_loss: 1.21806
2025-09-07 17:28:14,002 - INFO - [20/100] | train_loss: 0.81303
2025-09-07 17:28:15,731 - INFO - [30/100] | train_loss: 0.55143
2025-09-07 17:28:17,475 - INFO - [40/100] | train_loss: 0.46023
2025-09-07 17:28:19,214 - INFO - [50/100] | train_loss: 0.43569
2025-09-07 17:28:20,949 - INFO - [60/100] | train_loss: 0.43474
2025-09-07 17:28:22,675 - INFO - [70/100] | train_loss: 0.42712
2025-09-07 17:28:24,397 - INFO - [80/100] | train_loss: 0.42345
2025-09-07 17:28:26,132 - INFO - [90/100] | train_loss: 0.42009
2025-09-07 17:28:27,793 - INFO - ----------
2025-09-07 17:28:27,793 - INFO - sample 1/241 | d1: node-6; level: node; fault_type: node节点CPU故障
2025-09-07 17:28:27,793 - INFO - sample 1/241 | predict d1: [('node-6', 0.05988176617326424), ('shippingservice', 0.016822421756437667), ('shippingservice-1', 0.016822421756437667), ('frontend', 0.01682236409997606), ('checkoutservice', 0.01682232363930125)]
2025-09-07 17:28:27,793 - INFO - sample 1/241 | predict d2: [('node-6/CPU/system.cpu.system', 0.04245051850183312), ('node-6/CPU/system.cpu.user', 0.04188378264057935), ('node-6/CPU/system.load.1', 0.04048040037687883), ('node-6/Memory/system.mem.pct_usage', 0.036762558409408896), ('node-6/Disk/system.io.r_await', 0.035777332830537745)]
2025-09-07 17:28:27,793 - INFO - ----------
2025-09-07 17:28:27,922 - INFO - [0/100] | train_loss: 0.29431
2025-09-07 17:28:29,661 - INFO - [10/100] | train_loss: 1.37971
2025-09-07 17:28:31,404 - INFO - [20/100] | train_loss: 0.99606
2025-09-07 17:28:33,142 - INFO - [30/100] | train_loss: 0.71660
2025-09-07 17:28:34,992 - INFO - [40/100] | train_loss: 0.58818
2025-09-07 17:28:36,866 - INFO - [50/100] | train_loss: 0.56377
2025-09-07 17:28:38,725 - INFO - [60/100] | train_loss: 0.54765
2025-09-07 17:28:40,443 - INFO - [70/100] | train_loss: 0.57859
2025-09-07 17:28:42,236 - INFO - [80/100] | train_loss: 0.52596
2025-09-07 17:28:44,046 - INFO - [90/100] | train_loss: 0.53549
2025-09-07 17:28:45,781 - INFO - ----------
2025-09-07 17:28:45,781 - INFO - sample 2/241 | d1: recommendationservice-0; level: pod; fault_type: k8s容器读io负载
2025-09-07 17:28:45,781 - INFO - sample 2/241 | predict d1: [('recommendationservice', 0.18051897160612818), ('recommendationservice2-0', 0.18051897160612818), ('recommendationservice-0', 0.18051238323653251), ('frontend', 0.18050762919059693), ('recommendationservice-2', 0.18050071520141664)]
2025-09-07 17:28:45,781 - INFO - sample 2/241 | predict d2: [('recommendationservice-0/CPU/kpi_container_cpu_system_seconds', 0.14319936368423392), ('recommendationservice-0/Network/kpi_container_network_transmit_packets', 0.12719282749269212), ('recommendationservice-0/Memory/kpi_container_memory_cache', 0.12215281158390034), ('recommendationservice-0/Disk/kpi_container_fs_inodes', 0.11802881783660091), ('recommendationservice-0/Disk/kpi_container_fs_usage_MB', 0.11757021521360933)]
2025-09-07 17:28:45,781 - INFO - ----------
2025-09-07 17:28:45,915 - INFO - [0/100] | train_loss: 0.17384
2025-09-07 17:28:47,687 - INFO - [10/100] | train_loss: 1.25571
2025-09-07 17:28:49,494 - INFO - [20/100] | train_loss: 0.89063
2025-09-07 17:28:51,316 - INFO - [30/100] | train_loss: 0.62041
2025-09-07 17:28:53,124 - INFO - [40/100] | train_loss: 0.53864
2025-09-07 17:28:54,921 - INFO - [50/100] | train_loss: 0.45301
2025-09-07 17:28:56,715 - INFO - [60/100] | train_loss: 0.45400
2025-09-07 17:28:58,558 - INFO - [70/100] | train_loss: 0.42661
2025-09-07 17:29:00,374 - INFO - [80/100] | train_loss: 0.42258
2025-09-07 17:29:02,161 - INFO - [90/100] | train_loss: 0.41345
2025-09-07 17:29:03,874 - INFO - ----------
2025-09-07 17:29:03,874 - INFO - sample 3/241 | d1: node-5; level: node; fault_type: node 磁盘读IO消耗
2025-09-07 17:29:03,874 - INFO - sample 3/241 | predict d1: [('paymentservice', 0.048715320961542075), ('paymentservice2-0', 0.048715320961542075), ('paymentservice-2', 0.048711344381946464), ('checkoutservice', 0.048709939850521966), ('paymentservice-0', 0.04870751995992184)]
2025-09-07 17:29:03,874 - INFO - sample 3/241 | predict d2: [('paymentservice-1/CPU/kpi_container_cpu_cfs_periods', 0.035577301829607944), ('paymentservice-1/CPU/kpi_container_cpu_usage_seconds', 0.0338991969446889), ('paymentservice-1/Other/kpi_container_file_descriptors', 0.031974093504343326), ('paymentservice-1/Network/kpi_container_network_transmit_packets', 0.030862099640603935), ('<duration>; cmdb_id: paymentservice-1; type: upstream', 0.02860569064607632)]
2025-09-07 17:29:03,874 - INFO - ----------
2025-09-07 17:29:04,011 - INFO - [0/100] | train_loss: 0.47986
2025-09-07 17:29:05,792 - INFO - [10/100] | train_loss: 1.44367
2025-09-07 17:29:07,605 - INFO - [20/100] | train_loss: 1.12069
2025-09-07 17:29:09,468 - INFO - [30/100] | train_loss: 0.89465
2025-09-07 17:29:11,280 - INFO - [40/100] | train_loss: 0.76790
2025-09-07 17:29:13,069 - INFO - [50/100] | train_loss: 0.81472
2025-09-07 17:29:14,853 - INFO - [60/100] | train_loss: 0.77029
2025-09-07 17:29:16,630 - INFO - [70/100] | train_loss: 0.73441
2025-09-07 17:29:18,421 - INFO - [80/100] | train_loss: 0.74394
2025-09-07 17:29:20,217 - INFO - [90/100] | train_loss: 0.72548
2025-09-07 17:29:21,968 - INFO - ----------
2025-09-07 17:29:21,968 - INFO - sample 4/241 | d1: frontend-2; level: pod; fault_type: k8s容器内存负载
2025-09-07 17:29:21,968 - INFO - sample 4/241 | predict d1: [('frontend', 0.23676254737899605), ('frontend2-0', 0.23676254737899605), ('currencyservice', 0.23668192076090389), ('cartservice', 0.23665787447679332), ('checkoutservice', 0.2366572590064262)]
2025-09-07 17:29:21,968 - INFO - sample 4/241 | predict d2: [('frontend-2/Network/kpi_container_network_receive_packets', 0.20670825624360933), ('frontend-2/CPU/kpi_container_cpu_cfs_throttled_periods', 0.20163242918621282), ('frontend-2/CPU/kpi_container_cpu_usage_seconds', 0.1888085744965755), ('frontend-2/Network/kpi_container_network_transmit_MB', 0.18299661625357988), ('frontend-2/Disk/kpi_container_fs_reads_MB', 0.18078033608812483)]
2025-09-07 17:29:21,968 - INFO - ----------
2025-09-07 17:29:22,107 - INFO - [0/100] | train_loss: 0.19905
2025-09-07 17:29:23,853 - INFO - [10/100] | train_loss: 0.73695
2025-09-07 17:29:25,605 - INFO - [20/100] | train_loss: 0.51188
2025-09-07 17:29:27,362 - INFO - [30/100] | train_loss: 0.33057
2025-09-07 17:29:29,136 - INFO - [40/100] | train_loss: 0.23043
2025-09-07 17:29:30,934 - INFO - [50/100] | train_loss: 0.17493
2025-09-07 17:29:32,839 - INFO - [60/100] | train_loss: 0.15293
2025-09-07 17:29:34,690 - INFO - [70/100] | train_loss: 0.14178
2025-09-07 17:29:36,587 - INFO - [80/100] | train_loss: 0.13638
2025-09-07 17:29:38,361 - INFO - [90/100] | train_loss: 0.13184
2025-09-07 17:29:40,194 - INFO - [0/100] | train_loss: 0.11876
2025-09-07 17:29:42,041 - INFO - [10/100] | train_loss: 1.24739
2025-09-07 17:29:43,925 - INFO - [20/100] | train_loss: 0.85163
2025-09-07 17:29:45,820 - INFO - [30/100] | train_loss: 0.57500
2025-09-07 17:29:47,724 - INFO - [40/100] | train_loss: 0.45329
2025-09-07 17:29:49,662 - INFO - [50/100] | train_loss: 0.41705
2025-09-07 17:29:51,556 - INFO - [60/100] | train_loss: 0.40591
2025-09-07 17:29:53,433 - INFO - [70/100] | train_loss: 0.39837
2025-09-07 17:29:55,342 - INFO - [80/100] | train_loss: 0.39271
2025-09-07 17:29:57,283 - INFO - [90/100] | train_loss: 0.39123
2025-09-07 17:29:59,179 - INFO - ----------
2025-09-07 17:29:59,179 - INFO - sample 5/241 | d1: node-1; level: node; fault_type: node 磁盘读IO消耗
2025-09-07 17:29:59,179 - INFO - sample 5/241 | predict d1: [('node-1', 1.9960278038956218), ('recommendationservice', 0.004636836100396086), ('recommendationservice-1', 0.004636836100396086), ('recommendationservice-2', 0.0046368246700212445), ('recommendationservice-0', 0.004636456946498918)]
2025-09-07 17:29:59,179 - INFO - sample 5/241 | predict d2: [('node-1/Disk/system.io.avg_q_sz', 0.7369341989975027), ('node-1/Disk/system.io.await', 0.7347771930467957), ('node-1/CPU/system.cpu.iowait', 0.7045864408154259), ('node-1/Disk/system.io.rkb_s', 0.6855704575448769), ('node-1/Disk/system.io.r_await', 0.6720148165280477)]
2025-09-07 17:29:59,179 - INFO - ----------
2025-09-07 17:29:59,337 - INFO - [0/100] | train_loss: 0.24906
2025-09-07 17:30:01,239 - INFO - [10/100] | train_loss: 1.33701
2025-09-07 17:30:03,147 - INFO - [20/100] | train_loss: 0.97583
2025-09-07 17:30:05,064 - INFO - [30/100] | train_loss: 0.77386
2025-09-07 17:30:06,977 - INFO - [40/100] | train_loss: 0.72501
2025-09-07 17:30:08,856 - INFO - [50/100] | train_loss: 0.70913
2025-09-07 17:30:10,763 - INFO - [60/100] | train_loss: 0.69138
2025-09-07 17:30:12,662 - INFO - [70/100] | train_loss: 0.68659
2025-09-07 17:30:14,554 - INFO - [80/100] | train_loss: 0.68988
2025-09-07 17:30:16,439 - INFO - [90/100] | train_loss: 0.69683
2025-09-07 17:30:18,364 - INFO - [0/100] | train_loss: 0.13023
2025-09-07 17:30:20,271 - INFO - [10/100] | train_loss: 1.24541
2025-09-07 17:30:22,154 - INFO - [20/100] | train_loss: 0.91156
2025-09-07 17:30:24,033 - INFO - [30/100] | train_loss: 0.57887
2025-09-07 17:30:25,939 - INFO - [40/100] | train_loss: 0.48831
2025-09-07 17:30:27,817 - INFO - [50/100] | train_loss: 0.44551
2025-09-07 17:30:29,747 - INFO - [60/100] | train_loss: 0.43462
2025-09-07 17:30:31,652 - INFO - [70/100] | train_loss: 0.42528
2025-09-07 17:30:33,574 - INFO - [80/100] | train_loss: 0.44428
2025-09-07 17:30:35,729 - INFO - [90/100] | train_loss: 0.41582
2025-09-07 17:30:37,818 - INFO - [0/100] | train_loss: 0.14976
2025-09-07 17:30:39,698 - INFO - [10/100] | train_loss: 1.27302
2025-09-07 17:30:41,707 - INFO - [20/100] | train_loss: 0.88481
2025-09-07 17:30:43,760 - INFO - [30/100] | train_loss: 0.59909
2025-09-07 17:30:45,839 - INFO - [40/100] | train_loss: 0.47405
2025-09-07 17:30:47,964 - INFO - [50/100] | train_loss: 0.43733
2025-09-07 17:30:50,111 - INFO - [60/100] | train_loss: 0.43194
2025-09-07 17:30:52,117 - INFO - [70/100] | train_loss: 0.42290
2025-09-07 17:30:54,149 - INFO - [80/100] | train_loss: 0.41821
2025-09-07 17:30:56,292 - INFO - [90/100] | train_loss: 0.41383
2025-09-07 17:30:58,422 - INFO - [0/100] | train_loss: 0.28129
2025-09-07 17:31:00,511 - INFO - [10/100] | train_loss: 1.31924
2025-09-07 17:31:02,661 - INFO - [20/100] | train_loss: 0.91753
2025-09-07 17:31:04,800 - INFO - [30/100] | train_loss: 0.64454
2025-09-07 17:31:06,930 - INFO - [40/100] | train_loss: 0.53694
2025-09-07 17:31:09,048 - INFO - [50/100] | train_loss: 0.48877
2025-09-07 17:31:11,140 - INFO - [60/100] | train_loss: 0.49999
2025-09-07 17:31:13,203 - INFO - [70/100] | train_loss: 0.45977
2025-09-07 17:31:15,262 - INFO - [80/100] | train_loss: 0.44806
2025-09-07 17:31:17,353 - INFO - [90/100] | train_loss: 0.44592
2025-09-07 17:31:19,497 - INFO - [0/100] | train_loss: 0.21752
2025-09-07 17:31:21,598 - INFO - [10/100] | train_loss: 1.31976
2025-09-07 17:31:23,768 - INFO - [20/100] | train_loss: 0.94736
2025-09-07 17:31:25,859 - INFO - [30/100] | train_loss: 0.67341
2025-09-07 17:31:27,919 - INFO - [40/100] | train_loss: 0.57487
2025-09-07 17:31:29,998 - INFO - [50/100] | train_loss: 0.51708
2025-09-07 17:31:32,066 - INFO - [60/100] | train_loss: 0.56035
2025-09-07 17:31:34,182 - INFO - [70/100] | train_loss: 0.49227
2025-09-07 17:31:36,473 - INFO - [80/100] | train_loss: 0.48193
2025-09-07 17:31:38,777 - INFO - [90/100] | train_loss: 0.48180
2025-09-07 17:31:40,793 - INFO - ----------
2025-09-07 17:31:40,793 - INFO - sample 6/241 | d1: paymentservice; level: service; fault_type: k8s容器网络资源包重复发送
2025-09-07 17:31:40,793 - INFO - sample 6/241 | predict d1: [('paymentservice-1', 5.865877390633049), ('paymentservice2-0', 5.865099228650013), ('paymentservice', 5.8576201741064295), ('paymentservice-0', 5.848002485673238), ('paymentservice-2', 5.834778120679157)]
2025-09-07 17:31:40,793 - INFO - sample 6/241 | predict d2: [('paymentservice2-0/Network/kpi_container_network_transmit_packets', 3.3401370588986197), ('paymentservice2-0/Network/kpi_container_network_receive_packets', 3.2082975747911213), ('paymentservice-2/Network/kpi_container_network_transmit_packets', 3.038812329607545), ('paymentservice-0/Network/kpi_container_network_transmit_packets', 2.942538208489797), ('paymentservice-2/Network/kpi_container_network_receive_packets', 2.940029561567421)]
2025-09-07 17:31:40,793 - INFO - ----------
2025-09-07 17:31:40,969 - INFO - [0/100] | train_loss: 0.22504
2025-09-07 17:31:43,118 - INFO - [10/100] | train_loss: 0.81438
2025-09-07 17:31:45,251 - INFO - [20/100] | train_loss: 0.58569
2025-09-07 17:31:47,419 - INFO - [30/100] | train_loss: 0.37547
2025-09-07 17:31:49,616 - INFO - [40/100] | train_loss: 0.25461
2025-09-07 17:31:51,828 - INFO - [50/100] | train_loss: 0.20349
2025-09-07 17:31:54,043 - INFO - [60/100] | train_loss: 0.17244
2025-09-07 17:31:56,186 - INFO - [70/100] | train_loss: 0.17414
2025-09-07 17:31:58,294 - INFO - [80/100] | train_loss: 0.16947
2025-09-07 17:32:00,383 - INFO - [90/100] | train_loss: 0.15845
2025-09-07 17:32:02,564 - INFO - [0/100] | train_loss: 0.17141
2025-09-07 17:32:04,795 - INFO - [10/100] | train_loss: 1.23947
2025-09-07 17:32:06,922 - INFO - [20/100] | train_loss: 0.84856
2025-09-07 17:32:09,087 - INFO - [30/100] | train_loss: 0.58428
2025-09-07 17:32:11,478 - INFO - [40/100] | train_loss: 0.47172
2025-09-07 17:32:13,642 - INFO - [50/100] | train_loss: 0.44194
2025-09-07 17:32:15,877 - INFO - [60/100] | train_loss: 0.43123
2025-09-07 17:32:18,025 - INFO - [70/100] | train_loss: 0.40551
2025-09-07 17:32:20,459 - INFO - [80/100] | train_loss: 0.40448
2025-09-07 17:32:22,869 - INFO - [90/100] | train_loss: 0.39945
2025-09-07 17:32:25,175 - INFO - ----------
2025-09-07 17:32:25,176 - INFO - sample 7/241 | d1: node-3; level: node; fault_type: node 磁盘读IO消耗
2025-09-07 17:32:25,176 - INFO - sample 7/241 | predict d1: [('node-3', 1.9409148362031274), ('emailservice', 0.021045335899077422), ('emailservice-1', 0.021045335899077422), ('checkoutservice', 0.021044859296736274), ('emailservice-0', 0.021044531869663707)]
2025-09-07 17:32:25,176 - INFO - sample 7/241 | predict d2: [('node-3/Disk/system.io.await', 0.7939052354622049), ('node-3/Disk/system.io.r_await', 0.7360698781659032), ('node-3/Disk/system.io.rkb_s', 0.729664142697473), ('node-3/CPU/system.cpu.iowait', 0.682964646190662), ('node-3/Disk/system.io.avg_q_sz', 0.5975312495983225)]
2025-09-07 17:32:25,176 - INFO - ----------
2025-09-07 17:32:25,535 - INFO - [0/100] | train_loss: 0.13890
2025-09-07 17:32:27,923 - INFO - [10/100] | train_loss: 1.26698
2025-09-07 17:32:30,580 - INFO - [20/100] | train_loss: 0.92490
2025-09-07 17:32:32,922 - INFO - [30/100] | train_loss: 0.67705
2025-09-07 17:32:35,472 - INFO - [40/100] | train_loss: 0.64392
2025-09-07 17:32:37,884 - INFO - [50/100] | train_loss: 0.51887
2025-09-07 17:32:40,252 - INFO - [60/100] | train_loss: 0.51538
2025-09-07 17:32:42,699 - INFO - [70/100] | train_loss: 0.49609
2025-09-07 17:32:45,082 - INFO - [80/100] | train_loss: 0.49111
2025-09-07 17:32:47,534 - INFO - [90/100] | train_loss: 0.47910
2025-09-07 17:32:50,319 - INFO - [0/100] | train_loss: 0.18962
2025-09-07 17:32:53,007 - INFO - [10/100] | train_loss: 1.34854
2025-09-07 17:32:55,695 - INFO - [20/100] | train_loss: 0.98302
2025-09-07 17:32:58,329 - INFO - [30/100] | train_loss: 0.69243
2025-09-07 17:33:00,840 - INFO - [40/100] | train_loss: 0.56981
2025-09-07 17:33:03,510 - INFO - [50/100] | train_loss: 0.54339
2025-09-07 17:33:05,996 - INFO - [60/100] | train_loss: 0.52653
2025-09-07 17:33:08,446 - INFO - [70/100] | train_loss: 0.52320
2025-09-07 17:33:10,887 - INFO - [80/100] | train_loss: 0.62003
2025-09-07 17:33:13,404 - INFO - [90/100] | train_loss: 0.53965
2025-09-07 17:33:15,947 - INFO - [0/100] | train_loss: 0.09566
2025-09-07 17:33:18,496 - INFO - [10/100] | train_loss: 1.22993
2025-09-07 17:33:21,007 - INFO - [20/100] | train_loss: 0.81950
2025-09-07 17:33:23,493 - INFO - [30/100] | train_loss: 0.56762
2025-09-07 17:33:25,978 - INFO - [40/100] | train_loss: 0.47450
2025-09-07 17:33:28,462 - INFO - [50/100] | train_loss: 0.45403
2025-09-07 17:33:30,930 - INFO - [60/100] | train_loss: 0.44807
2025-09-07 17:33:33,447 - INFO - [70/100] | train_loss: 0.46560
2025-09-07 17:33:36,040 - INFO - [80/100] | train_loss: 0.43661
2025-09-07 17:33:38,764 - INFO - [90/100] | train_loss: 0.43629
2025-09-07 17:33:41,091 - INFO - ----------
2025-09-07 17:33:41,091 - INFO - sample 8/241 | d1: currencyservice; level: service; fault_type: k8s容器网络丢包
2025-09-07 17:33:41,091 - INFO - sample 8/241 | predict d1: [('currencyservice-2', 3.444393734965722), ('currencyservice-0', 3.3461790141887846), ('currencyservice-1', 3.046718058378268), ('currencyservice', 2.454321590313235), ('checkoutservice', 2.45424615871163)]
2025-09-07 17:33:41,091 - INFO - sample 8/241 | predict d2: [('currencyservice-2/Network/kpi_container_network_transmit_packets', 1.9842267468859411), ('currencyservice-2/Network/kpi_container_network_receive_MB', 1.6312353354527573), ('currencyservice2-0/Network/kpi_container_network_transmit_packets', 1.5832663306927977), ('currencyservice-2/Network/kpi_container_network_transmit_MB', 1.5751818525670398), ('<duration>; cmdb_id: currencyservice-2; type: current', 1.5307139612832827)]
2025-09-07 17:33:41,091 - INFO - ----------
2025-09-07 17:33:41,400 - INFO - [0/100] | train_loss: 0.30189
2025-09-07 17:33:44,155 - INFO - [10/100] | train_loss: 1.35735
2025-09-07 17:33:46,875 - INFO - [20/100] | train_loss: 0.98311
2025-09-07 17:33:49,607 - INFO - [30/100] | train_loss: 0.73426
2025-09-07 17:33:52,330 - INFO - [40/100] | train_loss: 0.67537
2025-09-07 17:33:55,036 - INFO - [50/100] | train_loss: 0.62009
2025-09-07 17:33:57,832 - INFO - [60/100] | train_loss: 0.52959
2025-09-07 17:34:00,807 - INFO - [70/100] | train_loss: 0.53421
2025-09-07 17:34:03,548 - INFO - [80/100] | train_loss: 0.56295
2025-09-07 17:34:06,368 - INFO - [90/100] | train_loss: 0.52286
2025-09-07 17:34:09,267 - INFO - [0/100] | train_loss: 0.21209
2025-09-07 17:34:12,124 - INFO - [10/100] | train_loss: 1.33359
2025-09-07 17:34:14,827 - INFO - [20/100] | train_loss: 0.94400
2025-09-07 17:34:17,476 - INFO - [30/100] | train_loss: 0.67873
2025-09-07 17:34:20,471 - INFO - [40/100] | train_loss: 0.58564
2025-09-07 17:34:23,225 - INFO - [50/100] | train_loss: 0.53901
2025-09-07 17:34:26,035 - INFO - [60/100] | train_loss: 0.52035
2025-09-07 17:34:28,707 - INFO - [70/100] | train_loss: 0.50933
2025-09-07 17:34:31,567 - INFO - [80/100] | train_loss: 0.55229
2025-09-07 17:34:34,322 - INFO - [90/100] | train_loss: 0.49481
2025-09-07 17:34:37,121 - INFO - [0/100] | train_loss: 0.24066
2025-09-07 17:34:40,011 - INFO - [10/100] | train_loss: 1.28353
2025-09-07 17:34:42,770 - INFO - [20/100] | train_loss: 0.87759
2025-09-07 17:34:45,473 - INFO - [30/100] | train_loss: 0.61396
2025-09-07 17:34:48,203 - INFO - [40/100] | train_loss: 0.50759
2025-09-07 17:34:50,951 - INFO - [50/100] | train_loss: 0.48629
2025-09-07 17:34:53,711 - INFO - [60/100] | train_loss: 0.46002
2025-09-07 17:34:56,476 - INFO - [70/100] | train_loss: 0.47040
2025-09-07 17:34:59,240 - INFO - [80/100] | train_loss: 0.44230
2025-09-07 17:35:01,967 - INFO - [90/100] | train_loss: 0.44338
2025-09-07 17:35:04,572 - INFO - ----------
2025-09-07 17:35:04,572 - INFO - sample 9/241 | d1: emailservice; level: service; fault_type: k8s容器网络丢包
2025-09-07 17:35:04,572 - INFO - sample 9/241 | predict d1: [('emailservice-2', 3.2497807121739726), ('emailservice-1', 2.9857244612269227), ('emailservice', 2.265221280666669), ('emailservice2-0', 2.265032424088428), ('emailservice-0', 1.871991238354921)]
2025-09-07 17:35:04,572 - INFO - sample 9/241 | predict d2: [('emailservice-2/Network/kpi_container_network_transmit_packets', 1.6720995803779743), ('emailservice-2/Network/kpi_container_network_receive_MB', 1.5663058686998745), ('emailservice-2/CPU/kpi_container_cpu_cfs_throttled_periods', 1.4539208978598595), ('emailservice/Request/mrt.grpc', 1.4288533798482597), ('emailservice-2/CPU/kpi_container_cpu_cfs_periods', 1.347011556097339)]
2025-09-07 17:35:04,572 - INFO - ----------
2025-09-07 17:35:05,002 - INFO - [0/100] | train_loss: 0.28927
2025-09-07 17:35:08,442 - INFO - [10/100] | train_loss: 1.27861
2025-09-07 17:35:11,223 - INFO - [20/100] | train_loss: 0.88863
2025-09-07 17:35:13,953 - INFO - [30/100] | train_loss: 0.67691
2025-09-07 17:35:16,814 - INFO - [40/100] | train_loss: 0.60032
2025-09-07 17:35:19,813 - INFO - [50/100] | train_loss: 0.58748
2025-09-07 17:35:22,913 - INFO - [60/100] | train_loss: 0.56941
2025-09-07 17:35:26,424 - INFO - [70/100] | train_loss: 0.56400
2025-09-07 17:35:29,480 - INFO - [80/100] | train_loss: 0.57060
2025-09-07 17:35:32,791 - INFO - [90/100] | train_loss: 0.56725
2025-09-07 17:35:35,708 - INFO - ----------
2025-09-07 17:35:35,708 - INFO - sample 10/241 | d1: checkoutservice-0; level: pod; fault_type: k8s容器cpu负载
2025-09-07 17:35:35,708 - INFO - sample 10/241 | predict d1: [('checkoutservice-0', 1.986084595877628), ('checkoutservice', 0.9861812746114538), ('checkoutservice2-0', 0.9855344479421362), ('currencyservice', 0.9855255081097951), ('checkoutservice-1', 0.9854803917559138)]
2025-09-07 17:35:35,708 - INFO - sample 10/241 | predict d2: [('checkoutservice-0/Memory/kpi_container_memory_cache', 0.796104526138727), ('checkoutservice-0/Disk/kpi_container_fs_reads', 0.6985672005680641), ('checkoutservice-0/CPU/kpi_container_cpu_usage_seconds', 0.6532148351129905), ('checkoutservice-0/CPU/kpi_container_cpu_cfs_throttled_periods', 0.6203953994135105), ('checkoutservice-0/CPU/kpi_container_cpu_cfs_periods', 0.6176993843749727)]
2025-09-07 17:35:35,708 - INFO - ----------
2025-09-07 17:35:36,243 - INFO - [0/100] | train_loss: 0.23890
2025-09-07 17:35:40,024 - INFO - [10/100] | train_loss: 1.28046
2025-09-07 17:35:43,870 - INFO - [20/100] | train_loss: 0.92306
2025-09-07 17:35:46,899 - INFO - [30/100] | train_loss: 0.68010
2025-09-07 17:35:50,448 - INFO - [40/100] | train_loss: 0.56961
2025-09-07 17:35:53,768 - INFO - [50/100] | train_loss: 0.55532
2025-09-07 17:35:57,044 - INFO - [60/100] | train_loss: 0.52971
2025-09-07 17:36:00,287 - INFO - [70/100] | train_loss: 0.49429
2025-09-07 17:36:03,488 - INFO - [80/100] | train_loss: 0.48709
2025-09-07 17:36:06,730 - INFO - [90/100] | train_loss: 0.47358
2025-09-07 17:36:09,775 - INFO - ----------
2025-09-07 17:36:09,775 - INFO - sample 11/241 | d1: cartservice; level: service; fault_type: k8s容器网络资源包重复发送
2025-09-07 17:36:09,775 - INFO - sample 11/241 | predict d1: [('cartservice', 0.1085605003539305), ('cartservice-2', 0.1085605003539305), ('checkoutservice', 0.10854710753896146), ('cartservice2-0', 0.10853859017856449), ('cartservice-0', 0.1084987837562954)]
2025-09-07 17:36:09,775 - INFO - sample 11/241 | predict d2: [('cartservice2-0/Network/kpi_container_network_transmit_packets', 0.07636269813123775), ('cartservice-0/Network/kpi_container_network_receive_packets', 0.07540267087030905), ('cartservice-0/Memory/kpi_container_memory_working_set_MB', 0.06106265363128527), ('cartservice-0/Other/kpi_container_file_descriptors', 0.06092720475747804), ('cartservice-0/Network/kpi_container_network_transmit_packets', 0.0578391035796173)]
2025-09-07 17:36:09,775 - INFO - ----------
2025-09-07 17:36:10,256 - INFO - [0/100] | train_loss: 0.33374
2025-09-07 17:36:14,100 - INFO - [10/100] | train_loss: 1.51313
2025-09-07 17:36:17,761 - INFO - [20/100] | train_loss: 1.16414
2025-09-07 17:36:21,300 - INFO - [30/100] | train_loss: 1.01617
2025-09-07 17:36:25,052 - INFO - [40/100] | train_loss: 1.02307
2025-09-07 17:36:28,531 - INFO - [50/100] | train_loss: 1.01690
2025-09-07 17:36:32,359 - INFO - [60/100] | train_loss: 1.02362
2025-09-07 17:36:36,261 - INFO - [70/100] | train_loss: 1.03068
2025-09-07 17:36:39,697 - INFO - [80/100] | train_loss: 1.02330
2025-09-07 17:36:43,808 - INFO - [90/100] | train_loss: 1.03819
2025-09-07 17:36:47,371 - INFO - [0/100] | train_loss: 0.23890
2025-09-07 17:36:50,827 - INFO - [10/100] | train_loss: 1.34600
2025-09-07 17:36:54,554 - INFO - [20/100] | train_loss: 0.93271
2025-09-07 17:36:58,611 - INFO - [30/100] | train_loss: 0.69164
2025-09-07 17:37:02,322 - INFO - [40/100] | train_loss: 0.63740
2025-09-07 17:37:06,195 - INFO - [50/100] | train_loss: 0.59952
2025-09-07 17:37:10,514 - INFO - [60/100] | train_loss: 0.58286
2025-09-07 17:37:14,744 - INFO - [70/100] | train_loss: 0.58206
2025-09-07 17:37:19,338 - INFO - [80/100] | train_loss: 0.56611
2025-09-07 17:37:23,740 - INFO - [90/100] | train_loss: 0.56578
2025-09-07 17:37:28,216 - INFO - [0/100] | train_loss: 0.30014
2025-09-07 17:37:32,499 - INFO - [10/100] | train_loss: 1.32391
2025-09-07 17:37:36,665 - INFO - [20/100] | train_loss: 0.90561
2025-09-07 17:37:40,685 - INFO - [30/100] | train_loss: 0.67676
2025-09-07 17:37:44,782 - INFO - [40/100] | train_loss: 0.59350
2025-09-07 17:37:49,035 - INFO - [50/100] | train_loss: 0.57171
2025-09-07 17:37:53,352 - INFO - [60/100] | train_loss: 0.57332
2025-09-07 17:37:57,472 - INFO - [70/100] | train_loss: 0.54560
2025-09-07 17:38:01,537 - INFO - [80/100] | train_loss: 0.54074
2025-09-07 17:38:06,295 - INFO - [90/100] | train_loss: 0.56497
2025-09-07 17:38:10,686 - INFO - [0/100] | train_loss: 0.28528
2025-09-07 17:38:15,447 - INFO - [10/100] | train_loss: 1.35124
2025-09-07 17:38:20,398 - INFO - [20/100] | train_loss: 0.96409
2025-09-07 17:38:25,278 - INFO - [30/100] | train_loss: 0.72176
2025-09-07 17:38:30,312 - INFO - [40/100] | train_loss: 0.66549
2025-09-07 17:38:35,200 - INFO - [50/100] | train_loss: 0.62543
2025-09-07 17:38:40,198 - INFO - [60/100] | train_loss: 0.61043
2025-09-07 17:38:45,433 - INFO - [70/100] | train_loss: 0.59507
2025-09-07 17:38:50,226 - INFO - [80/100] | train_loss: 0.60441
2025-09-07 17:38:54,907 - INFO - [90/100] | train_loss: 0.59321
2025-09-07 17:39:00,334 - INFO - [0/100] | train_loss: 0.34955
2025-09-07 17:39:05,505 - INFO - [10/100] | train_loss: 1.34917
2025-09-07 17:39:10,499 - INFO - [20/100] | train_loss: 0.98075
2025-09-07 17:39:16,344 - INFO - [30/100] | train_loss: 0.74301
2025-09-07 17:39:21,713 - INFO - [40/100] | train_loss: 0.68020
2025-09-07 17:39:27,767 - INFO - [50/100] | train_loss: 0.62772
2025-09-07 17:39:33,593 - INFO - [60/100] | train_loss: 0.60842
2025-09-07 17:39:38,681 - INFO - [70/100] | train_loss: 0.61122
2025-09-07 17:39:44,296 - INFO - [80/100] | train_loss: 0.60157
2025-09-07 17:39:49,933 - INFO - [90/100] | train_loss: 0.60378
2025-09-07 17:39:55,378 - INFO - [0/100] | train_loss: 0.18071
2025-09-07 17:40:01,340 - INFO - [10/100] | train_loss: 1.29554
2025-09-07 17:40:07,136 - INFO - [20/100] | train_loss: 0.97864
2025-09-07 17:40:12,369 - INFO - [30/100] | train_loss: 0.70706
2025-09-07 17:40:17,464 - INFO - [40/100] | train_loss: 0.59916
2025-09-07 17:40:22,699 - INFO - [50/100] | train_loss: 0.65603
2025-09-07 17:40:27,972 - INFO - [60/100] | train_loss: 0.54517
2025-09-07 17:40:33,174 - INFO - [70/100] | train_loss: 0.60646
2025-09-07 17:40:38,795 - INFO - [80/100] | train_loss: 0.51296
2025-09-07 17:40:44,596 - INFO - [90/100] | train_loss: 0.55113
2025-09-07 17:40:50,065 - INFO - ----------
2025-09-07 17:40:50,066 - INFO - sample 12/241 | d1: checkoutservice; level: service; fault_type: k8s容器cpu负载
2025-09-07 17:40:50,066 - INFO - sample 12/241 | predict d1: [('checkoutservice', 6.446111415588415), ('checkoutservice-1', 5.886118529701179), ('checkoutservice-2', 5.87079495692787), ('checkoutservice2-0', 5.869211890878272), ('checkoutservice-0', 5.8459472189215695)]
2025-09-07 17:40:50,066 - INFO - sample 12/241 | predict d2: [('checkoutservice-1/Memory/kpi_container_memory_cache', 2.991611654008711), ('checkoutservice2-0/CPU/kpi_container_cpu_cfs_throttled_seconds', 2.9114425391780046), ('checkoutservice2-0/CPU/kpi_container_cpu_user_seconds', 2.8237193616008973), ('checkoutservice2-0/CPU/kpi_container_cpu_cfs_throttled_periods', 2.7527458182893874), ('checkoutservice-1/CPU/kpi_container_cpu_cfs_periods', 2.728762873494073)]
2025-09-07 17:40:50,066 - INFO - ----------
2025-09-07 17:40:50,665 - INFO - [0/100] | train_loss: 0.18283
2025-09-07 17:40:55,835 - INFO - [10/100] | train_loss: 0.83007
2025-09-07 17:41:01,005 - INFO - [20/100] | train_loss: 0.61098
2025-09-07 17:41:05,964 - INFO - [30/100] | train_loss: 0.39530
2025-09-07 17:41:10,703 - INFO - [40/100] | train_loss: 0.32242
2025-09-07 17:41:15,964 - INFO - [50/100] | train_loss: 0.26426
2025-09-07 17:41:20,939 - INFO - [60/100] | train_loss: 0.21823
2025-09-07 17:41:25,995 - INFO - [70/100] | train_loss: 0.24649
2025-09-07 17:41:31,064 - INFO - [80/100] | train_loss: 0.19982
2025-09-07 17:41:36,174 - INFO - [90/100] | train_loss: 0.19785
2025-09-07 17:41:41,363 - INFO - [0/100] | train_loss: 0.15269
2025-09-07 17:41:47,220 - INFO - [10/100] | train_loss: 1.29661
2025-09-07 17:41:52,487 - INFO - [20/100] | train_loss: 0.94200
2025-09-07 17:41:57,989 - INFO - [30/100] | train_loss: 0.74248
2025-09-07 17:42:03,603 - INFO - [40/100] | train_loss: 0.68796
2025-09-07 17:42:08,904 - INFO - [50/100] | train_loss: 0.67692
2025-09-07 17:42:14,232 - INFO - [60/100] | train_loss: 0.66480
2025-09-07 17:42:19,865 - INFO - [70/100] | train_loss: 0.66479
2025-09-07 17:42:24,963 - INFO - [80/100] | train_loss: 0.66932
2025-09-07 17:42:30,441 - INFO - [90/100] | train_loss: 0.67092
2025-09-07 17:42:35,987 - INFO - ----------
2025-09-07 17:42:35,988 - INFO - sample 13/241 | d1: node-4; level: node; fault_type: node 内存消耗
2025-09-07 17:42:35,988 - INFO - sample 13/241 | predict d1: [('node-4', 1.7685704497223185), ('paymentservice', 0.022516121357825547), ('paymentservice2-0', 0.022516121357825547), ('paymentservice-0', 0.02250175271217958), ('paymentservice-1', 0.0224944932438631)]
2025-09-07 17:42:35,988 - INFO - sample 13/241 | predict d2: [('node-4/Memory/system.mem.pct_usage', 0.6835911066230871), ('node-4/Memory/system.mem.real.pct_useage', 0.6558560880534614), ('node-4/CPU/system.cpu.iowait', 0.6455755165624524), ('node-4/Disk/system.io.w_s', 0.6238774323868732), ('node-4/Memory/system.mem.usable', 0.5812338744370997)]
2025-09-07 17:42:35,988 - INFO - ----------
2025-09-07 17:42:36,683 - INFO - [0/100] | train_loss: 0.32018
2025-09-07 17:42:41,506 - INFO - [10/100] | train_loss: 0.79047
2025-09-07 17:42:46,328 - INFO - [20/100] | train_loss: 0.57577
2025-09-07 17:42:51,517 - INFO - [30/100] | train_loss: 0.41635
2025-09-07 17:42:56,293 - INFO - [40/100] | train_loss: 0.33084
2025-09-07 17:43:01,180 - INFO - [50/100] | train_loss: 0.28851
2025-09-07 17:43:05,884 - INFO - [60/100] | train_loss: 0.26757
2025-09-07 17:43:10,582 - INFO - [70/100] | train_loss: 0.24989
2025-09-07 17:43:15,335 - INFO - [80/100] | train_loss: 0.25174
2025-09-07 17:43:20,035 - INFO - [90/100] | train_loss: 0.24609
2025-09-07 17:43:24,981 - INFO - [0/100] | train_loss: 0.22510
2025-09-07 17:43:30,605 - INFO - [10/100] | train_loss: 1.36364
2025-09-07 17:43:36,175 - INFO - [20/100] | train_loss: 1.02118
2025-09-07 17:43:41,690 - INFO - [30/100] | train_loss: 0.82494
2025-09-07 17:43:47,637 - INFO - [40/100] | train_loss: 0.75103
2025-09-07 17:43:52,763 - INFO - [50/100] | train_loss: 0.74757
2025-09-07 17:43:58,281 - INFO - [60/100] | train_loss: 0.72042
2025-09-07 17:44:03,483 - INFO - [70/100] | train_loss: 0.71509
2025-09-07 17:44:08,924 - INFO - [80/100] | train_loss: 0.72792
2025-09-07 17:44:13,886 - INFO - [90/100] | train_loss: 0.72511
2025-09-07 17:44:19,599 - INFO - [0/100] | train_loss: 0.20370
2025-09-07 17:44:25,003 - INFO - [10/100] | train_loss: 1.39564
2025-09-07 17:44:30,691 - INFO - [20/100] | train_loss: 1.04979
2025-09-07 17:44:36,192 - INFO - [30/100] | train_loss: 0.86217
2025-09-07 17:44:41,804 - INFO - [40/100] | train_loss: 0.82486
2025-09-07 17:44:46,884 - INFO - [50/100] | train_loss: 0.81033
2025-09-07 17:44:52,036 - INFO - [60/100] | train_loss: 0.83797
2025-09-07 17:44:57,493 - INFO - [70/100] | train_loss: 0.81916
2025-09-07 17:45:02,727 - INFO - [80/100] | train_loss: 0.82317
2025-09-07 17:45:08,269 - INFO - [90/100] | train_loss: 0.82291
2025-09-07 17:45:13,568 - INFO - [0/100] | train_loss: 0.18871
2025-09-07 17:45:18,888 - INFO - [10/100] | train_loss: 1.35413
2025-09-07 17:45:24,119 - INFO - [20/100] | train_loss: 0.96299
2025-09-07 17:45:29,866 - INFO - [30/100] | train_loss: 0.69602
2025-09-07 17:45:35,286 - INFO - [40/100] | train_loss: 0.75909
2025-09-07 17:45:40,782 - INFO - [50/100] | train_loss: 0.51542
2025-09-07 17:45:45,802 - INFO - [60/100] | train_loss: 0.49885
2025-09-07 17:45:50,793 - INFO - [70/100] | train_loss: 0.50746
2025-09-07 17:45:55,808 - INFO - [80/100] | train_loss: 0.48847
2025-09-07 17:46:01,483 - INFO - [90/100] | train_loss: 0.54584
2025-09-07 17:46:06,763 - INFO - [0/100] | train_loss: 0.21923
2025-09-07 17:46:12,068 - INFO - [10/100] | train_loss: 1.32964
2025-09-07 17:46:17,507 - INFO - [20/100] | train_loss: 0.96411
2025-09-07 17:46:22,763 - INFO - [30/100] | train_loss: 0.71872
2025-09-07 17:46:28,477 - INFO - [40/100] | train_loss: 0.63133
2025-09-07 17:46:33,888 - INFO - [50/100] | train_loss: 0.55811
2025-09-07 17:46:39,286 - INFO - [60/100] | train_loss: 0.62194
2025-09-07 17:46:44,524 - INFO - [70/100] | train_loss: 0.55020
2025-09-07 17:46:50,291 - INFO - [80/100] | train_loss: 0.51311
2025-09-07 17:46:56,025 - INFO - [90/100] | train_loss: 0.50845
2025-09-07 17:47:01,267 - INFO - ----------
2025-09-07 17:47:01,267 - INFO - sample 14/241 | d1: node-1; level: node; fault_type: node 磁盘空间消耗
2025-09-07 17:47:01,267 - INFO - sample 14/241 | predict d1: [('shippingservice', 1.9968771480429957), ('node-1', 1.950033076804992), ('shippingservice2-0', 1.9113829591398108), ('frontend', 1.8573267211881268), ('paymentservice', 1.5678845651355253)]
2025-09-07 17:47:01,267 - INFO - sample 14/241 | predict d2: [('shippingservice/Request/count.grpc', 1.0995321878545923), ('frontend/Request/mrt.http', 1.0843316151671676), ('frontend/Request/count.http', 1.0809817795084644), ('frontend/Request/count.grpc', 1.0726763259068903), ('frontend/Request/mrt.grpc', 1.0681046891315624)]
2025-09-07 17:47:01,267 - INFO - ----------
2025-09-07 17:47:01,880 - INFO - [0/100] | train_loss: 0.32214
2025-09-07 17:47:06,897 - INFO - [10/100] | train_loss: 0.85343
2025-09-07 17:47:12,171 - INFO - [20/100] | train_loss: 0.61957
2025-09-07 17:47:17,473 - INFO - [30/100] | train_loss: 0.43043
2025-09-07 17:47:22,306 - INFO - [40/100] | train_loss: 0.31173
2025-09-07 17:47:27,697 - INFO - [50/100] | train_loss: 0.25404
2025-09-07 17:47:32,903 - INFO - [60/100] | train_loss: 0.22441
2025-09-07 17:47:38,070 - INFO - [70/100] | train_loss: 0.19874
2025-09-07 17:47:43,124 - INFO - [80/100] | train_loss: 0.18802
2025-09-07 17:47:47,933 - INFO - [90/100] | train_loss: 0.17629
2025-09-07 17:47:52,773 - INFO - [0/100] | train_loss: 0.15261
2025-09-07 17:47:58,366 - INFO - [10/100] | train_loss: 1.33574
2025-09-07 17:48:03,968 - INFO - [20/100] | train_loss: 0.98693
2025-09-07 17:48:09,292 - INFO - [30/100] | train_loss: 0.72603
2025-09-07 17:48:14,478 - INFO - [40/100] | train_loss: 0.63992
2025-09-07 17:48:19,906 - INFO - [50/100] | train_loss: 0.54461
2025-09-07 17:48:25,099 - INFO - [60/100] | train_loss: 0.56620
2025-09-07 17:48:30,405 - INFO - [70/100] | train_loss: 0.56346
2025-09-07 17:48:36,017 - INFO - [80/100] | train_loss: 0.50495
2025-09-07 17:48:41,463 - INFO - [90/100] | train_loss: 0.55842
2025-09-07 17:48:46,267 - INFO - ----------
2025-09-07 17:48:46,267 - INFO - sample 15/241 | d1: node-5; level: node; fault_type: node 磁盘空间消耗
2025-09-07 17:48:46,268 - INFO - sample 15/241 | predict d1: [('node-5', 1.983921920904983), ('shippingservice', 0.4669762830993385), ('shippingservice2-0', 0.4669762830993385), ('frontend', 0.4668531086514953), ('shippingservice-2', 0.46684109437080323)]
2025-09-07 17:48:46,268 - INFO - sample 15/241 | predict d2: [('node-5/Disk/system.io.r_await', 0.740250454412088), ('node-5/CPU/system.cpu.iowait', 0.7273797316910304), ('node-5/CPU/system.load.15', 0.7139336943800991), ('node-5/CPU/system.cpu.pct_usage', 0.7050966346670258), ('node-5/CPU/system.load.5', 0.6841534883558467)]
2025-09-07 17:48:46,268 - INFO - ----------
2025-09-07 17:48:46,863 - INFO - [0/100] | train_loss: 0.33894
2025-09-07 17:48:52,480 - INFO - [10/100] | train_loss: 1.39266
2025-09-07 17:48:57,728 - INFO - [20/100] | train_loss: 1.06288
2025-09-07 17:49:02,716 - INFO - [30/100] | train_loss: 0.83898
2025-09-07 17:49:07,605 - INFO - [40/100] | train_loss: 0.78899
2025-09-07 17:49:12,478 - INFO - [50/100] | train_loss: 0.78131
2025-09-07 17:49:17,765 - INFO - [60/100] | train_loss: 0.74883
2025-09-07 17:49:23,405 - INFO - [70/100] | train_loss: 0.74522
2025-09-07 17:49:29,272 - INFO - [80/100] | train_loss: 0.75265
2025-09-07 17:49:34,766 - INFO - [90/100] | train_loss: 0.75963
2025-09-07 17:49:40,089 - INFO - [0/100] | train_loss: 0.29941
2025-09-07 17:49:45,307 - INFO - [10/100] | train_loss: 1.36443
2025-09-07 17:49:50,230 - INFO - [20/100] | train_loss: 0.96428
2025-09-07 17:49:55,733 - INFO - [30/100] | train_loss: 0.67023
2025-09-07 17:50:01,426 - INFO - [40/100] | train_loss: 0.56734
2025-09-07 17:50:06,996 - INFO - [50/100] | train_loss: 0.52436
2025-09-07 17:50:12,706 - INFO - [60/100] | train_loss: 0.58099
2025-09-07 17:50:18,365 - INFO - [70/100] | train_loss: 0.49482
2025-09-07 17:50:23,824 - INFO - [80/100] | train_loss: 0.51183
2025-09-07 17:50:29,101 - INFO - [90/100] | train_loss: 0.48630
2025-09-07 17:50:34,833 - INFO - [0/100] | train_loss: 0.29530
2025-09-07 17:50:40,813 - INFO - [10/100] | train_loss: 1.37868
2025-09-07 17:50:46,503 - INFO - [20/100] | train_loss: 0.97847
2025-09-07 17:50:51,825 - INFO - [30/100] | train_loss: 0.71247
2025-09-07 17:50:57,395 - INFO - [40/100] | train_loss: 0.56756
2025-09-07 17:51:02,963 - INFO - [50/100] | train_loss: 0.52013
2025-09-07 17:51:08,225 - INFO - [60/100] | train_loss: 0.49060
2025-09-07 17:51:13,564 - INFO - [70/100] | train_loss: 0.47545
2025-09-07 17:51:19,633 - INFO - [80/100] | train_loss: 0.48096
2025-09-07 17:51:24,819 - INFO - [90/100] | train_loss: 0.46082
2025-09-07 17:51:30,265 - INFO - [0/100] | train_loss: 0.30175
2025-09-07 17:51:35,594 - INFO - [10/100] | train_loss: 1.33371
2025-09-07 17:51:40,536 - INFO - [20/100] | train_loss: 0.93659
2025-09-07 17:51:45,934 - INFO - [30/100] | train_loss: 0.66907
2025-09-07 17:51:51,464 - INFO - [40/100] | train_loss: 0.55159
2025-09-07 17:51:56,895 - INFO - [50/100] | train_loss: 0.50878
2025-09-07 17:52:01,907 - INFO - [60/100] | train_loss: 0.48787
2025-09-07 17:52:06,818 - INFO - [70/100] | train_loss: 0.48879
2025-09-07 17:52:11,587 - INFO - [80/100] | train_loss: 0.47040
2025-09-07 17:52:16,874 - INFO - [90/100] | train_loss: 0.46811
2025-09-07 17:52:21,763 - INFO - [0/100] | train_loss: 0.35895
2025-09-07 17:52:27,265 - INFO - [10/100] | train_loss: 1.33610
2025-09-07 17:52:32,708 - INFO - [20/100] | train_loss: 0.95888
2025-09-07 17:52:37,880 - INFO - [30/100] | train_loss: 0.70247
2025-09-07 17:52:43,413 - INFO - [40/100] | train_loss: 0.57687
2025-09-07 17:52:49,163 - INFO - [50/100] | train_loss: 0.52035
2025-09-07 17:52:54,287 - INFO - [60/100] | train_loss: 0.50907
2025-09-07 17:52:59,864 - INFO - [70/100] | train_loss: 0.49619
2025-09-07 17:53:05,279 - INFO - [80/100] | train_loss: 0.48775
2025-09-07 17:53:10,984 - INFO - [90/100] | train_loss: 0.46968
2025-09-07 17:53:16,067 - INFO - ----------
2025-09-07 17:53:16,067 - INFO - sample 16/241 | d1: emailservice; level: service; fault_type: k8s容器cpu负载
2025-09-07 17:53:16,067 - INFO - sample 16/241 | predict d1: [('emailservice-2', 5.935145686111387), ('emailservice-1', 5.934991720329421), ('emailservice2-0', 5.9341187583051855), ('emailservice', 5.933538581135107), ('emailservice-0', 5.932721124684619)]
2025-09-07 17:53:16,067 - INFO - sample 16/241 | predict d2: [('emailservice2-0/CPU/kpi_container_cpu_user_seconds', 2.7150619887908825), ('emailservice2-0/CPU/kpi_container_cpu_cfs_throttled_seconds', 2.706919905325968), ('emailservice-2/Other/kpi_container_file_descriptors', 2.6498103899405816), ('emailservice-1/CPU/kpi_container_cpu_user_seconds', 2.627687510127945), ('emailservice-2/Memory/kpi_container_memory_rss', 2.6040522721152044)]
2025-09-07 17:53:16,067 - INFO - ----------
2025-09-07 17:53:16,616 - INFO - [0/100] | train_loss: 0.20271
2025-09-07 17:53:21,590 - INFO - [10/100] | train_loss: 0.80616
2025-09-07 17:53:26,604 - INFO - [20/100] | train_loss: 0.59508
2025-09-07 17:53:31,335 - INFO - [30/100] | train_loss: 0.43857
2025-09-07 17:53:36,014 - INFO - [40/100] | train_loss: 0.32267
2025-09-07 17:53:40,775 - INFO - [50/100] | train_loss: 0.25730
2025-09-07 17:53:45,573 - INFO - [60/100] | train_loss: 0.30362
2025-09-07 17:53:50,268 - INFO - [70/100] | train_loss: 0.21740
2025-09-07 17:53:55,007 - INFO - [80/100] | train_loss: 0.23316
2025-09-07 17:53:59,911 - INFO - [90/100] | train_loss: 0.20491
2025-09-07 17:54:04,620 - INFO - [0/100] | train_loss: 0.26657
2025-09-07 17:54:10,317 - INFO - [10/100] | train_loss: 1.30018
2025-09-07 17:54:15,966 - INFO - [20/100] | train_loss: 0.88706
2025-09-07 17:54:21,590 - INFO - [30/100] | train_loss: 0.63713
2025-09-07 17:54:26,879 - INFO - [40/100] | train_loss: 0.56011
2025-09-07 17:54:32,490 - INFO - [50/100] | train_loss: 0.54787
2025-09-07 17:54:37,185 - INFO - [60/100] | train_loss: 0.56350
2025-09-07 17:54:42,814 - INFO - [70/100] | train_loss: 0.51376
2025-09-07 17:54:48,378 - INFO - [80/100] | train_loss: 0.51670
2025-09-07 17:54:53,974 - INFO - [90/100] | train_loss: 0.52630
2025-09-07 17:54:59,074 - INFO - ----------
2025-09-07 17:54:59,075 - INFO - sample 17/241 | d1: frontend-0; level: pod; fault_type: k8s容器写io负载
2025-09-07 17:54:59,075 - INFO - sample 17/241 | predict d1: [('frontend-0', 1.9380321760845085), ('node-6', 1.7384520823682479), ('frontend', 0.9624120851230522), ('frontend-1', 0.9615660391102097), ('frontend2-0', 0.9614989322919527)]
2025-09-07 17:54:59,075 - INFO - sample 17/241 | predict d2: [('node-6/CPU/system.load.1', 0.6898106759370322), ('frontend-0/Memory/kpi_container_memory_cache', 0.6819270427084447), ('frontend-0/CPU/kpi_container_cpu_cfs_periods', 0.6673471269425555), ('frontend-0/Disk/kpi_container_fs_reads_MB', 0.6658228601140017), ('frontend-0/CPU/kpi_container_cpu_cfs_throttled_seconds', 0.6626565115402663)]
2025-09-07 17:54:59,075 - INFO - ----------
2025-09-07 17:54:59,710 - INFO - [0/100] | train_loss: 0.25311
2025-09-07 17:55:05,343 - INFO - [10/100] | train_loss: 1.28315
2025-09-07 17:55:10,377 - INFO - [20/100] | train_loss: 0.91296
2025-09-07 17:55:15,682 - INFO - [30/100] | train_loss: 0.66171
2025-09-07 17:55:20,980 - INFO - [40/100] | train_loss: 0.55961
2025-09-07 17:55:26,624 - INFO - [50/100] | train_loss: 0.52464
2025-09-07 17:55:32,268 - INFO - [60/100] | train_loss: 0.53291
2025-09-07 17:55:37,415 - INFO - [70/100] | train_loss: 0.51104
2025-09-07 17:55:42,611 - INFO - [80/100] | train_loss: 0.49463
2025-09-07 17:55:47,865 - INFO - [90/100] | train_loss: 0.50494
2025-09-07 17:55:53,463 - INFO - [0/100] | train_loss: 0.19734
2025-09-07 17:55:59,413 - INFO - [10/100] | train_loss: 1.48694
2025-09-07 17:56:05,066 - INFO - [20/100] | train_loss: 1.00677
2025-09-07 17:56:10,610 - INFO - [30/100] | train_loss: 0.73695
2025-09-07 17:56:16,165 - INFO - [40/100] | train_loss: 0.60763
2025-09-07 17:56:21,411 - INFO - [50/100] | train_loss: 0.55735
2025-09-07 17:56:26,818 - INFO - [60/100] | train_loss: 0.53243
2025-09-07 17:56:32,393 - INFO - [70/100] | train_loss: 0.52506
2025-09-07 17:56:37,534 - INFO - [80/100] | train_loss: 0.51519
2025-09-07 17:56:42,736 - INFO - [90/100] | train_loss: 0.58305
2025-09-07 17:56:47,978 - INFO - [0/100] | train_loss: 0.14670
2025-09-07 17:56:52,863 - INFO - [10/100] | train_loss: 1.28160
2025-09-07 17:56:58,331 - INFO - [20/100] | train_loss: 0.91219
2025-09-07 17:57:03,638 - INFO - [30/100] | train_loss: 0.65996
2025-09-07 17:57:08,885 - INFO - [40/100] | train_loss: 0.56876
2025-09-07 17:57:14,319 - INFO - [50/100] | train_loss: 0.50440
2025-09-07 17:57:19,422 - INFO - [60/100] | train_loss: 0.51673
2025-09-07 17:57:24,987 - INFO - [70/100] | train_loss: 0.47569
2025-09-07 17:57:30,501 - INFO - [80/100] | train_loss: 0.47486
2025-09-07 17:57:36,041 - INFO - [90/100] | train_loss: 0.46658
2025-09-07 17:57:41,229 - INFO - ----------
2025-09-07 17:57:41,229 - INFO - sample 18/241 | d1: productcatalogservice-0; level: pod; fault_type: k8s容器网络资源包损坏
2025-09-07 17:57:41,230 - INFO - sample 18/241 | predict d1: [('recommendationservice', 2.577808898376528), ('productcatalogservice', 2.5776161725196687), ('recommendationservice-0', 2.312868829941788), ('productcatalogservice-0', 1.989510820027661), ('recommendationservice-2', 1.7512423992169808)]
2025-09-07 17:57:41,230 - INFO - sample 18/241 | predict d2: [('productcatalogservice/Request/mrt.grpc', 1.6614725830702568), ('productcatalogservice/Request/mrt.http', 1.5436775786180803), ('frontend/Request/mrt.http', 1.3041696106741192), ('recommendationservice-2/Network/kpi_container_network_transmit_MB', 1.0772615098180403), ('recommendationservice/Request/mrt.http', 1.0631124823371323)]
2025-09-07 17:57:41,230 - INFO - ----------
2025-09-07 17:57:41,795 - INFO - [0/100] | train_loss: 0.38901
2025-09-07 17:57:46,597 - INFO - [10/100] | train_loss: 1.40400
2025-09-07 17:57:51,915 - INFO - [20/100] | train_loss: 1.04487
2025-09-07 17:57:57,100 - INFO - [30/100] | train_loss: 0.85158
2025-09-07 17:58:03,166 - INFO - [40/100] | train_loss: 0.79889
2025-09-07 17:58:08,310 - INFO - [50/100] | train_loss: 0.76906
2025-09-07 17:58:13,775 - INFO - [60/100] | train_loss: 0.75643
2025-09-07 17:58:19,212 - INFO - [70/100] | train_loss: 0.74779
2025-09-07 17:58:24,710 - INFO - [80/100] | train_loss: 0.76488
2025-09-07 17:58:30,390 - INFO - [90/100] | train_loss: 0.76368
2025-09-07 17:58:35,682 - INFO - [0/100] | train_loss: 0.37803
2025-09-07 17:58:41,420 - INFO - [10/100] | train_loss: 1.39188
2025-09-07 17:58:46,824 - INFO - [20/100] | train_loss: 0.95250
2025-09-07 17:58:52,393 - INFO - [30/100] | train_loss: 0.68504
2025-09-07 17:58:57,272 - INFO - [40/100] | train_loss: 0.57608
2025-09-07 17:59:02,499 - INFO - [50/100] | train_loss: 0.54646
2025-09-07 17:59:07,704 - INFO - [60/100] | train_loss: 0.52313
2025-09-07 17:59:13,395 - INFO - [70/100] | train_loss: 0.53467
2025-09-07 17:59:19,084 - INFO - [80/100] | train_loss: 0.50405
2025-09-07 17:59:25,065 - INFO - [90/100] | train_loss: 0.49734
2025-09-07 17:59:30,773 - INFO - [0/100] | train_loss: 0.32493
2025-09-07 17:59:36,583 - INFO - [10/100] | train_loss: 1.30914
2025-09-07 17:59:42,106 - INFO - [20/100] | train_loss: 0.90361
2025-09-07 17:59:47,365 - INFO - [30/100] | train_loss: 0.67379
2025-09-07 17:59:52,981 - INFO - [40/100] | train_loss: 0.54010
2025-09-07 17:59:58,405 - INFO - [50/100] | train_loss: 0.50904
2025-09-07 18:00:03,965 - INFO - [60/100] | train_loss: 0.48942
2025-09-07 18:00:09,570 - INFO - [70/100] | train_loss: 0.48933
2025-09-07 18:00:14,916 - INFO - [80/100] | train_loss: 0.48001
2025-09-07 18:00:20,603 - INFO - [90/100] | train_loss: 0.47798
2025-09-07 18:00:26,665 - INFO - [0/100] | train_loss: 0.42837
2025-09-07 18:00:32,218 - INFO - [10/100] | train_loss: 1.37298
2025-09-07 18:00:38,015 - INFO - [20/100] | train_loss: 0.97983
2025-09-07 18:00:43,307 - INFO - [30/100] | train_loss: 0.72302
2025-09-07 18:00:49,001 - INFO - [40/100] | train_loss: 0.60838
2025-09-07 18:00:54,688 - INFO - [50/100] | train_loss: 0.58114
2025-09-07 18:01:00,563 - INFO - [60/100] | train_loss: 0.56723
2025-09-07 18:01:05,525 - INFO - [70/100] | train_loss: 0.54932
2025-09-07 18:01:10,927 - INFO - [80/100] | train_loss: 0.57061
2025-09-07 18:01:16,542 - INFO - [90/100] | train_loss: 0.56912
2025-09-07 18:01:21,781 - INFO - [0/100] | train_loss: 0.36659
2025-09-07 18:01:26,821 - INFO - [10/100] | train_loss: 1.35374
2025-09-07 18:01:31,903 - INFO - [20/100] | train_loss: 0.95236
2025-09-07 18:01:37,585 - INFO - [30/100] | train_loss: 0.68371
2025-09-07 18:01:43,298 - INFO - [40/100] | train_loss: 0.58741
2025-09-07 18:01:48,335 - INFO - [50/100] | train_loss: 0.51309
2025-09-07 18:01:53,763 - INFO - [60/100] | train_loss: 0.50422
2025-09-07 18:01:59,009 - INFO - [70/100] | train_loss: 0.48853
2025-09-07 18:02:04,634 - INFO - [80/100] | train_loss: 0.48649
2025-09-07 18:02:10,065 - INFO - [90/100] | train_loss: 0.46976
2025-09-07 18:02:15,503 - INFO - ----------
2025-09-07 18:02:15,503 - INFO - sample 19/241 | d1: paymentservice; level: service; fault_type: k8s容器cpu负载
2025-09-07 18:02:15,504 - INFO - sample 19/241 | predict d1: [('paymentservice-0', 5.876298218930348), ('paymentservice-2', 5.875379061616048), ('paymentservice-1', 5.868411090281587), ('paymentservice', 5.861935849906704), ('paymentservice2-0', 5.861354210653531)]
2025-09-07 18:02:15,504 - INFO - sample 19/241 | predict d2: [('paymentservice-1/CPU/kpi_container_cpu_user_seconds', 2.7860571814419117), ('paymentservice-0/CPU/kpi_container_cpu_cfs_periods', 2.747382318853747), ('paymentservice-0/CPU/kpi_container_cpu_usage_seconds', 2.6056700118738405), ('paymentservice-0/CPU/kpi_container_cpu_cfs_throttled_periods', 2.5974521274739217), ('paymentservice-1/CPU/kpi_container_cpu_cfs_periods', 2.5950774538363177)]
2025-09-07 18:02:15,504 - INFO - ----------
2025-09-07 18:02:16,085 - INFO - [0/100] | train_loss: 0.16521
2025-09-07 18:02:20,811 - INFO - [10/100] | train_loss: 0.82052
2025-09-07 18:02:25,507 - INFO - [20/100] | train_loss: 0.57344
2025-09-07 18:02:30,608 - INFO - [30/100] | train_loss: 0.38659
2025-09-07 18:02:35,916 - INFO - [40/100] | train_loss: 0.27698
2025-09-07 18:02:40,830 - INFO - [50/100] | train_loss: 0.22938
2025-09-07 18:02:45,697 - INFO - [60/100] | train_loss: 0.21902
2025-09-07 18:02:50,475 - INFO - [70/100] | train_loss: 0.22232
2025-09-07 18:02:55,202 - INFO - [80/100] | train_loss: 0.20291
2025-09-07 18:03:00,485 - INFO - [90/100] | train_loss: 0.18692
2025-09-07 18:03:05,698 - INFO - [0/100] | train_loss: 0.13159
2025-09-07 18:03:11,208 - INFO - [10/100] | train_loss: 1.29308
2025-09-07 18:03:16,866 - INFO - [20/100] | train_loss: 0.93547
2025-09-07 18:03:22,143 - INFO - [30/100] | train_loss: 0.73065
2025-09-07 18:03:27,285 - INFO - [40/100] | train_loss: 0.67897
2025-09-07 18:03:33,487 - INFO - [50/100] | train_loss: 0.67623
2025-09-07 18:03:38,780 - INFO - [60/100] | train_loss: 0.68922
2025-09-07 18:03:44,299 - INFO - [70/100] | train_loss: 0.66087
2025-09-07 18:03:49,478 - INFO - [80/100] | train_loss: 0.66907
2025-09-07 18:03:55,083 - INFO - [90/100] | train_loss: 0.67579
2025-09-07 18:04:00,721 - INFO - ----------
2025-09-07 18:04:00,721 - INFO - sample 20/241 | d1: node-5; level: node; fault_type: node 磁盘写IO消耗
2025-09-07 18:04:00,721 - INFO - sample 20/241 | predict d1: [('node-5', 1.8633238485687116), ('paymentservice', 0.037496630588052415), ('paymentservice-2', 0.037496630588052415), ('paymentservice2-0', 0.03748587789955282), ('paymentservice-1', 0.03747114349969216)]
2025-09-07 18:04:00,721 - INFO - sample 20/241 | predict d2: [('node-5/Disk/system.io.svctm', 0.744723258115954), ('node-5/Disk/system.io.w_await', 0.7152170818012991), ('node-5/Disk/system.io.util', 0.7051224990768787), ('node-5/Disk/system.io.await', 0.6907082148546522), ('node-5/Disk/system.io.avg_q_sz', 0.6798331676019558)]
2025-09-07 18:04:00,721 - INFO - ----------
2025-09-07 18:04:01,397 - INFO - [0/100] | train_loss: 0.37472
2025-09-07 18:04:07,013 - INFO - [10/100] | train_loss: 1.31108
2025-09-07 18:04:12,879 - INFO - [20/100] | train_loss: 0.90235
2025-09-07 18:04:18,633 - INFO - [30/100] | train_loss: 0.64465
2025-09-07 18:04:24,133 - INFO - [40/100] | train_loss: 0.55324
2025-09-07 18:04:29,785 - INFO - [50/100] | train_loss: 0.54709
2025-09-07 18:04:35,237 - INFO - [60/100] | train_loss: 0.51843
2025-09-07 18:04:40,496 - INFO - [70/100] | train_loss: 0.51535
2025-09-07 18:04:45,900 - INFO - [80/100] | train_loss: 0.50617
2025-09-07 18:04:51,407 - INFO - [90/100] | train_loss: 0.50797
2025-09-07 18:04:56,615 - INFO - ----------
2025-09-07 18:04:56,616 - INFO - sample 21/241 | d1: recommendationservice-0; level: pod; fault_type: k8s容器写io负载
2025-09-07 18:04:56,616 - INFO - sample 21/241 | predict d1: [('recommendationservice-0', 1.9623499698919922), ('recommendationservice', 0.9768828166626697), ('recommendationservice2-0', 0.9768828166626697), ('frontend', 0.9768728898579226), ('recommendationservice-2', 0.9768387040569593)]
2025-09-07 18:04:56,616 - INFO - sample 21/241 | predict d2: [('recommendationservice-0/CPU/kpi_container_cpu_cfs_throttled_seconds', 0.8667561370451615), ('recommendationservice-0/Network/kpi_container_network_transmit_MB', 0.7168378899681649), ('recommendationservice-0/CPU/kpi_container_cpu_cfs_periods', 0.693485111169867), ('recommendationservice-0/CPU/kpi_container_cpu_cfs_throttled_periods', 0.6841542671385348), ('recommendationservice-0/CPU/kpi_container_cpu_usage_seconds', 0.6294236808735221)]
2025-09-07 18:04:56,616 - INFO - ----------
2025-09-07 18:04:57,265 - INFO - [0/100] | train_loss: 0.23738
2025-09-07 18:05:02,525 - INFO - [10/100] | train_loss: 1.32227
2025-09-07 18:05:08,002 - INFO - [20/100] | train_loss: 0.95336
2025-09-07 18:05:13,221 - INFO - [30/100] | train_loss: 0.74739
2025-09-07 18:05:18,634 - INFO - [40/100] | train_loss: 0.69500
2025-09-07 18:05:24,226 - INFO - [50/100] | train_loss: 0.68074
2025-09-07 18:05:29,688 - INFO - [60/100] | train_loss: 0.66689
2025-09-07 18:05:35,402 - INFO - [70/100] | train_loss: 0.66698
2025-09-07 18:05:41,131 - INFO - [80/100] | train_loss: 0.66793
2025-09-07 18:05:46,710 - INFO - [90/100] | train_loss: 0.66956
2025-09-07 18:05:52,282 - INFO - [0/100] | train_loss: 0.14665
2025-09-07 18:05:57,700 - INFO - [10/100] | train_loss: 1.25443
2025-09-07 18:06:03,287 - INFO - [20/100] | train_loss: 0.86908
2025-09-07 18:06:08,888 - INFO - [30/100] | train_loss: 0.61873
2025-09-07 18:06:14,111 - INFO - [40/100] | train_loss: 0.52092
2025-09-07 18:06:19,278 - INFO - [50/100] | train_loss: 0.49536
2025-09-07 18:06:24,814 - INFO - [60/100] | train_loss: 0.47461
2025-09-07 18:06:29,981 - INFO - [70/100] | train_loss: 0.46862
2025-09-07 18:06:35,563 - INFO - [80/100] | train_loss: 0.45210
2025-09-07 18:06:40,877 - INFO - [90/100] | train_loss: 0.45947
2025-09-07 18:06:46,574 - INFO - [0/100] | train_loss: 0.24805
2025-09-07 18:06:51,838 - INFO - [10/100] | train_loss: 1.25643
2025-09-07 18:06:57,535 - INFO - [20/100] | train_loss: 0.85522
2025-09-07 18:07:03,013 - INFO - [30/100] | train_loss: 0.59414
2025-09-07 18:07:08,595 - INFO - [40/100] | train_loss: 0.50967
2025-09-07 18:07:13,984 - INFO - [50/100] | train_loss: 0.45637
2025-09-07 18:07:19,477 - INFO - [60/100] | train_loss: 0.43736
2025-09-07 18:07:25,282 - INFO - [70/100] | train_loss: 0.42845
2025-09-07 18:07:30,484 - INFO - [80/100] | train_loss: 0.42529
2025-09-07 18:07:36,031 - INFO - [90/100] | train_loss: 0.42169
2025-09-07 18:07:41,173 - INFO - [0/100] | train_loss: 0.17225
2025-09-07 18:07:46,784 - INFO - [10/100] | train_loss: 1.29927
2025-09-07 18:07:52,004 - INFO - [20/100] | train_loss: 0.92374
2025-09-07 18:07:57,635 - INFO - [30/100] | train_loss: 0.67125
2025-09-07 18:08:03,391 - INFO - [40/100] | train_loss: 0.54811
2025-09-07 18:08:08,590 - INFO - [50/100] | train_loss: 0.51181
2025-09-07 18:08:14,205 - INFO - [60/100] | train_loss: 0.49955
2025-09-07 18:08:19,885 - INFO - [70/100] | train_loss: 0.47639
2025-09-07 18:08:25,586 - INFO - [80/100] | train_loss: 0.47288
2025-09-07 18:08:31,274 - INFO - [90/100] | train_loss: 0.48498
2025-09-07 18:08:36,867 - INFO - [0/100] | train_loss: 0.18185
2025-09-07 18:08:41,802 - INFO - [10/100] | train_loss: 1.24290
2025-09-07 18:08:47,073 - INFO - [20/100] | train_loss: 0.85812
2025-09-07 18:08:52,570 - INFO - [30/100] | train_loss: 0.59375
2025-09-07 18:08:58,225 - INFO - [40/100] | train_loss: 0.48320
2025-09-07 18:09:03,582 - INFO - [50/100] | train_loss: 0.44925
2025-09-07 18:09:08,869 - INFO - [60/100] | train_loss: 0.43261
2025-09-07 18:09:14,388 - INFO - [70/100] | train_loss: 0.43238
2025-09-07 18:09:19,543 - INFO - [80/100] | train_loss: 0.42832
2025-09-07 18:09:24,290 - INFO - [90/100] | train_loss: 0.42308
2025-09-07 18:09:29,395 - INFO - ----------
2025-09-07 18:09:29,395 - INFO - sample 22/241 | d1: emailservice-1; level: pod; fault_type: k8s容器读io负载
2025-09-07 18:09:29,395 - INFO - sample 22/241 | predict d1: [('emailservice-1', 5.3441471153037945), ('emailservice2-0', 5.328860226459049), ('emailservice', 5.289365732530118), ('emailservice-0', 5.175834820362816), ('emailservice-2', 5.020814616030162)]
2025-09-07 18:09:29,395 - INFO - sample 22/241 | predict d2: [('emailservice-1/Disk/kpi_container_fs_usage_MB', 3.1565495247258717), ('emailservice-1/Network/kpi_container_network_transmit_packets', 3.102014832296792), ('emailservice-1/CPU/kpi_container_cpu_usage_seconds', 3.032206949435242), ('emailservice-1/Memory/kpi_container_memory_cache', 2.897282697681387), ('emailservice-1/Network/kpi_container_network_receive_packets', 2.8928327684166426)]
2025-09-07 18:09:29,396 - INFO - ----------
2025-09-07 18:09:30,002 - INFO - [0/100] | train_loss: 0.17969
2025-09-07 18:09:35,115 - INFO - [10/100] | train_loss: 0.83458
2025-09-07 18:09:39,799 - INFO - [20/100] | train_loss: 0.59120
2025-09-07 18:09:44,775 - INFO - [30/100] | train_loss: 0.42076
2025-09-07 18:09:49,507 - INFO - [40/100] | train_loss: 0.34783
2025-09-07 18:09:54,185 - INFO - [50/100] | train_loss: 0.29871
2025-09-07 18:09:58,838 - INFO - [60/100] | train_loss: 0.28859
2025-09-07 18:10:04,180 - INFO - [70/100] | train_loss: 0.28389
2025-09-07 18:10:08,964 - INFO - [80/100] | train_loss: 0.28157
2025-09-07 18:10:13,790 - INFO - [90/100] | train_loss: 0.28296
2025-09-07 18:10:19,125 - INFO - [0/100] | train_loss: 0.22796
2025-09-07 18:10:24,876 - INFO - [10/100] | train_loss: 1.27055
2025-09-07 18:10:30,613 - INFO - [20/100] | train_loss: 0.87919
2025-09-07 18:10:36,290 - INFO - [30/100] | train_loss: 0.62565
2025-09-07 18:10:41,966 - INFO - [40/100] | train_loss: 0.53595
2025-09-07 18:10:47,598 - INFO - [50/100] | train_loss: 0.51365
2025-09-07 18:10:53,126 - INFO - [60/100] | train_loss: 0.50036
2025-09-07 18:10:58,506 - INFO - [70/100] | train_loss: 0.48437
2025-09-07 18:11:03,908 - INFO - [80/100] | train_loss: 0.47383
2025-09-07 18:11:09,564 - INFO - [90/100] | train_loss: 0.47355
2025-09-07 18:11:14,937 - INFO - ----------
2025-09-07 18:11:14,937 - INFO - sample 23/241 | d1: node-3; level: node; fault_type: node 磁盘写IO消耗
2025-09-07 18:11:14,938 - INFO - sample 23/241 | predict d1: [('node-3', 0.3541210816563538), ('cartservice', 0.07396134363823581), ('cartservice-1', 0.07396134363823581), ('cartservice2-0', 0.07395791037999633), ('cartservice-0', 0.0739554021447022)]
2025-09-07 18:11:14,938 - INFO - sample 23/241 | predict d2: [('node-3/Disk/system.io.w_s', 0.26137645367962925), ('node-3/CPU/system.cpu.pct_usage', 0.25825358132224707), ('node-3/Disk/system.io.await', 0.2580689439262027), ('node-3/Disk/system.io.avg_q_sz', 0.25648645260585745), ('node-3/CPU/system.load.1', 0.238048754051432)]
2025-09-07 18:11:14,938 - INFO - ----------
2025-09-07 18:11:15,486 - INFO - [0/100] | train_loss: 0.11516
2025-09-07 18:11:20,292 - INFO - [10/100] | train_loss: 0.80009
2025-09-07 18:11:25,584 - INFO - [20/100] | train_loss: 0.58661
2025-09-07 18:11:30,665 - INFO - [30/100] | train_loss: 0.50399
2025-09-07 18:11:35,716 - INFO - [40/100] | train_loss: 0.34309
2025-09-07 18:11:40,494 - INFO - [50/100] | train_loss: 0.32001
2025-09-07 18:11:45,138 - INFO - [60/100] | train_loss: 0.30988
2025-09-07 18:11:49,822 - INFO - [70/100] | train_loss: 0.23497
2025-09-07 18:11:54,595 - INFO - [80/100] | train_loss: 0.23235
2025-09-07 18:11:59,608 - INFO - [90/100] | train_loss: 0.28931
2025-09-07 18:12:04,639 - INFO - [0/100] | train_loss: 0.19177
2025-09-07 18:12:10,315 - INFO - [10/100] | train_loss: 1.34367
2025-09-07 18:12:15,501 - INFO - [20/100] | train_loss: 1.00515
2025-09-07 18:12:21,364 - INFO - [30/100] | train_loss: 0.87230
2025-09-07 18:12:26,865 - INFO - [40/100] | train_loss: 0.76026
2025-09-07 18:12:32,567 - INFO - [50/100] | train_loss: 0.74438
2025-09-07 18:12:38,288 - INFO - [60/100] | train_loss: 0.75588
2025-09-07 18:12:44,018 - INFO - [70/100] | train_loss: 0.72783
2025-09-07 18:12:49,230 - INFO - [80/100] | train_loss: 0.74039
2025-09-07 18:12:54,715 - INFO - [90/100] | train_loss: 0.74580
2025-09-07 18:13:00,272 - INFO - ----------
2025-09-07 18:13:00,273 - INFO - sample 24/241 | d1: node-4; level: node; fault_type: node节点CPU爬升
2025-09-07 18:13:00,273 - INFO - sample 24/241 | predict d1: [('node-4', 1.5834441278336726), ('paymentservice', 1.0683368469663463), ('paymentservice-2', 0.5268846874085185), ('paymentservice-1', 0.5266425634809337), ('checkoutservice', 0.526485194228627)]
2025-09-07 18:13:00,273 - INFO - sample 24/241 | predict d2: [('node-4/CPU/system.cpu.user', 0.6169872875300086), ('node-4/CPU/system.cpu.pct_usage', 0.5824980258743722), ('node-4/CPU/system.load.1', 0.5722652312747414), ('node-4/Net/system.net.tcp.out_segs', 0.5689427370175508), ('node-4/Disk/system.io.svctm', 0.4250468925907569)]
2025-09-07 18:13:00,273 - INFO - ----------
2025-09-07 18:13:00,963 - INFO - [0/100] | train_loss: 0.13054
2025-09-07 18:13:06,211 - INFO - [10/100] | train_loss: 1.31254
2025-09-07 18:13:11,125 - INFO - [20/100] | train_loss: 0.95266
2025-09-07 18:13:16,076 - INFO - [30/100] | train_loss: 0.77044
2025-09-07 18:13:21,967 - INFO - [40/100] | train_loss: 0.73900
2025-09-07 18:13:27,287 - INFO - [50/100] | train_loss: 0.73967
2025-09-07 18:13:32,212 - INFO - [60/100] | train_loss: 0.74145
2025-09-07 18:13:37,381 - INFO - [70/100] | train_loss: 0.74636
2025-09-07 18:13:42,810 - INFO - [80/100] | train_loss: 0.75337
2025-09-07 18:13:48,210 - INFO - [90/100] | train_loss: 0.74598
2025-09-07 18:13:53,215 - INFO - ----------
2025-09-07 18:13:53,215 - INFO - sample 25/241 | d1: node-6; level: node; fault_type: node 磁盘读IO消耗
2025-09-07 18:13:53,215 - INFO - sample 25/241 | predict d1: [('shippingservice', 0.018476977545951456), ('shippingservice-2', 0.018476977545951456), ('shippingservice2-0', 0.01846782621316656), ('frontend', 0.018461840616421643), ('frontend2-0', 0.018461840616421643)]
2025-09-07 18:13:53,215 - INFO - sample 25/241 | predict d2: [('shippingservice-0/Network/kpi_container_network_transmit_MB', 0.010731307402580548), ('shippingservice-0/Network/kpi_container_network_transmit_packets', 0.010356701432983062), ('shippingservice-2/Network/kpi_container_network_transmit_MB', 0.010236971112684845), ('shippingservice-1/Network/kpi_container_network_transmit_packets', 0.009809731190524307), ('shippingservice-0/Other/kpi_container_file_descriptors', 0.009642419455364593)]
2025-09-07 18:13:53,215 - INFO - ----------
2025-09-07 18:13:53,864 - INFO - [0/100] | train_loss: 0.20466
2025-09-07 18:13:59,196 - INFO - [10/100] | train_loss: 1.38919
2025-09-07 18:14:04,491 - INFO - [20/100] | train_loss: 1.03733
2025-09-07 18:14:10,119 - INFO - [30/100] | train_loss: 0.86515
2025-09-07 18:14:15,692 - INFO - [40/100] | train_loss: 0.83363
2025-09-07 18:14:21,168 - INFO - [50/100] | train_loss: 0.82526
2025-09-07 18:14:27,387 - INFO - [60/100] | train_loss: 0.81406
2025-09-07 18:14:33,021 - INFO - [70/100] | train_loss: 0.81703
2025-09-07 18:14:38,632 - INFO - [80/100] | train_loss: 0.83053
2025-09-07 18:14:43,808 - INFO - [90/100] | train_loss: 0.83509
2025-09-07 18:14:49,117 - INFO - [0/100] | train_loss: 0.25917
2025-09-07 18:14:54,739 - INFO - [10/100] | train_loss: 1.29013
2025-09-07 18:14:59,893 - INFO - [20/100] | train_loss: 0.89229
2025-09-07 18:15:04,998 - INFO - [30/100] | train_loss: 0.65262
2025-09-07 18:15:09,767 - INFO - [40/100] | train_loss: 0.56926
2025-09-07 18:15:15,471 - INFO - [50/100] | train_loss: 0.55151
2025-09-07 18:15:20,666 - INFO - [60/100] | train_loss: 0.52712
2025-09-07 18:15:25,921 - INFO - [70/100] | train_loss: 0.51620
2025-09-07 18:15:31,836 - INFO - [80/100] | train_loss: 0.51558
2025-09-07 18:15:37,598 - INFO - [90/100] | train_loss: 0.52035
2025-09-07 18:15:43,138 - INFO - [0/100] | train_loss: 0.15621
2025-09-07 18:15:48,616 - INFO - [10/100] | train_loss: 1.29656
2025-09-07 18:15:54,243 - INFO - [20/100] | train_loss: 0.89167
2025-09-07 18:15:59,092 - INFO - [30/100] | train_loss: 0.63706
2025-09-07 18:16:05,163 - INFO - [40/100] | train_loss: 0.53841
2025-09-07 18:16:10,365 - INFO - [50/100] | train_loss: 0.50658
2025-09-07 18:16:15,668 - INFO - [60/100] | train_loss: 0.50098
2025-09-07 18:16:21,300 - INFO - [70/100] | train_loss: 0.50200
2025-09-07 18:16:26,685 - INFO - [80/100] | train_loss: 0.49632
2025-09-07 18:16:31,503 - INFO - [90/100] | train_loss: 0.48331
2025-09-07 18:16:36,567 - INFO - [0/100] | train_loss: 0.21603
2025-09-07 18:16:41,799 - INFO - [10/100] | train_loss: 1.36091
2025-09-07 18:16:47,286 - INFO - [20/100] | train_loss: 1.01418
2025-09-07 18:16:52,590 - INFO - [30/100] | train_loss: 0.72747
2025-09-07 18:16:58,273 - INFO - [40/100] | train_loss: 0.63689
2025-09-07 18:17:03,509 - INFO - [50/100] | train_loss: 0.56483
2025-09-07 18:17:08,583 - INFO - [60/100] | train_loss: 0.55390
2025-09-07 18:17:13,991 - INFO - [70/100] | train_loss: 0.65739
2025-09-07 18:17:19,666 - INFO - [80/100] | train_loss: 0.57028
2025-09-07 18:17:25,487 - INFO - [90/100] | train_loss: 0.51266
2025-09-07 18:17:30,700 - INFO - ----------
2025-09-07 18:17:30,700 - INFO - sample 26/241 | d1: frontend-0; level: pod; fault_type: k8s容器cpu负载
2025-09-07 18:17:30,700 - INFO - sample 26/241 | predict d1: [('shippingservice-0', 3.3277118914693773), ('shippingservice', 3.261530787130542), ('shippingservice-2', 3.19153239564082), ('frontend-0', 2.7684011098231345), ('frontend', 2.5324765458300913)]
2025-09-07 18:17:30,700 - INFO - sample 26/241 | predict d2: [('<intensity>; hipstershop.ShippingService/GetQuote; type: upstream', 1.8565772945460353), ('<intensity>; hipstershop.ShippingService/ShipOrder; type: upstream', 1.8216727763802325), ('shippingservice/Request/count.grpc', 1.7686112125295228), ('<intensity>; hipstershop.ShippingService/ShipOrder; type: current', 1.7668245131811098), ('<duration>; hipstershop.ShippingService/GetQuote; type: current', 1.728841022375537)]
2025-09-07 18:17:30,700 - INFO - ----------
2025-09-07 18:17:31,378 - INFO - [0/100] | train_loss: 0.35849
2025-09-07 18:17:36,996 - INFO - [10/100] | train_loss: 1.40118
2025-09-07 18:17:42,615 - INFO - [20/100] | train_loss: 1.03010
2025-09-07 18:17:47,728 - INFO - [30/100] | train_loss: 0.82049
2025-09-07 18:17:53,203 - INFO - [40/100] | train_loss: 0.76965
2025-09-07 18:17:58,973 - INFO - [50/100] | train_loss: 0.73896
2025-09-07 18:18:04,603 - INFO - [60/100] | train_loss: 0.73001
2025-09-07 18:18:09,887 - INFO - [70/100] | train_loss: 0.72322
2025-09-07 18:18:15,502 - INFO - [80/100] | train_loss: 0.74151
2025-09-07 18:18:21,105 - INFO - [90/100] | train_loss: 0.77690
2025-09-07 18:18:26,100 - INFO - [0/100] | train_loss: 0.32760
2025-09-07 18:18:31,739 - INFO - [10/100] | train_loss: 1.28698
2025-09-07 18:18:37,193 - INFO - [20/100] | train_loss: 0.90736
2025-09-07 18:18:42,590 - INFO - [30/100] | train_loss: 0.62378
2025-09-07 18:18:48,117 - INFO - [40/100] | train_loss: 0.50354
2025-09-07 18:18:53,680 - INFO - [50/100] | train_loss: 0.45860
2025-09-07 18:18:59,393 - INFO - [60/100] | train_loss: 0.44392
2025-09-07 18:19:04,869 - INFO - [70/100] | train_loss: 0.43845
2025-09-07 18:19:10,521 - INFO - [80/100] | train_loss: 0.43736
2025-09-07 18:19:16,165 - INFO - [90/100] | train_loss: 0.48988
2025-09-07 18:19:21,690 - INFO - [0/100] | train_loss: 0.39504
2025-09-07 18:19:27,410 - INFO - [10/100] | train_loss: 1.29517
2025-09-07 18:19:33,687 - INFO - [20/100] | train_loss: 0.92033
2025-09-07 18:19:39,106 - INFO - [30/100] | train_loss: 0.66169
2025-09-07 18:19:44,088 - INFO - [40/100] | train_loss: 0.53543
2025-09-07 18:19:49,666 - INFO - [50/100] | train_loss: 0.48573
2025-09-07 18:19:55,522 - INFO - [60/100] | train_loss: 0.46526
2025-09-07 18:20:00,823 - INFO - [70/100] | train_loss: 0.46758
2025-09-07 18:20:06,184 - INFO - [80/100] | train_loss: 0.45280
2025-09-07 18:20:11,974 - INFO - [90/100] | train_loss: 0.44714
2025-09-07 18:20:17,371 - INFO - [0/100] | train_loss: 0.24868
2025-09-07 18:20:22,503 - INFO - [10/100] | train_loss: 1.26317
2025-09-07 18:20:27,983 - INFO - [20/100] | train_loss: 0.85398
2025-09-07 18:20:33,402 - INFO - [30/100] | train_loss: 0.58341
2025-09-07 18:20:39,139 - INFO - [40/100] | train_loss: 0.48498
2025-09-07 18:20:44,406 - INFO - [50/100] | train_loss: 0.44476
2025-09-07 18:20:49,998 - INFO - [60/100] | train_loss: 0.42861
2025-09-07 18:20:55,775 - INFO - [70/100] | train_loss: 0.42090
2025-09-07 18:21:00,665 - INFO - [80/100] | train_loss: 0.41826
2025-09-07 18:21:06,027 - INFO - [90/100] | train_loss: 0.41973
2025-09-07 18:21:11,014 - INFO - [0/100] | train_loss: 0.35686
2025-09-07 18:21:16,429 - INFO - [10/100] | train_loss: 1.33917
2025-09-07 18:21:21,493 - INFO - [20/100] | train_loss: 0.95679
2025-09-07 18:21:26,866 - INFO - [30/100] | train_loss: 0.67997
2025-09-07 18:21:32,402 - INFO - [40/100] | train_loss: 0.55444
2025-09-07 18:21:37,770 - INFO - [50/100] | train_loss: 0.50893
2025-09-07 18:21:43,085 - INFO - [60/100] | train_loss: 0.49810
2025-09-07 18:21:48,778 - INFO - [70/100] | train_loss: 0.48666
2025-09-07 18:21:54,125 - INFO - [80/100] | train_loss: 0.50252
2025-09-07 18:21:59,893 - INFO - [90/100] | train_loss: 0.48683
2025-09-07 18:22:05,226 - INFO - ----------
2025-09-07 18:22:05,226 - INFO - sample 27/241 | d1: emailservice; level: service; fault_type: k8s容器读io负载
2025-09-07 18:22:05,226 - INFO - sample 27/241 | predict d1: [('emailservice-0', 5.881827210733988), ('emailservice-2', 5.881556722226975), ('emailservice-1', 5.87305917124457), ('emailservice', 5.853875998857973), ('emailservice2-0', 4.900069355323617)]
2025-09-07 18:22:05,227 - INFO - sample 27/241 | predict d2: [('emailservice-1/Disk/kpi_container_fs_usage_MB', 3.1429395477464297), ('emailservice2-0/Disk/kpi_container_fs_reads_MB', 2.9531573530804707), ('emailservice-2/Disk/kpi_container_fs_usage_MB', 2.8982467181591822), ('emailservice-1/CPU/kpi_container_cpu_system_seconds', 2.8926674594901485), ('emailservice-1/CPU/kpi_container_cpu_usage_seconds', 2.876900480498005)]
2025-09-07 18:22:05,227 - INFO - ----------
2025-09-07 18:22:05,963 - INFO - [0/100] | train_loss: 0.38596
2025-09-07 18:22:11,499 - INFO - [10/100] | train_loss: 1.43306
2025-09-07 18:22:17,171 - INFO - [20/100] | train_loss: 1.03335
2025-09-07 18:22:22,792 - INFO - [30/100] | train_loss: 0.82804
2025-09-07 18:22:28,138 - INFO - [40/100] | train_loss: 0.77098
2025-09-07 18:22:33,863 - INFO - [50/100] | train_loss: 0.75330
2025-09-07 18:22:39,564 - INFO - [60/100] | train_loss: 0.73462
2025-09-07 18:22:45,163 - INFO - [70/100] | train_loss: 0.73620
2025-09-07 18:22:51,326 - INFO - [80/100] | train_loss: 0.75406
2025-09-07 18:22:56,489 - INFO - [90/100] | train_loss: 0.74087
2025-09-07 18:23:02,076 - INFO - [0/100] | train_loss: 0.33102
2025-09-07 18:23:07,735 - INFO - [10/100] | train_loss: 1.35377
2025-09-07 18:23:13,168 - INFO - [20/100] | train_loss: 0.98142
2025-09-07 18:23:18,667 - INFO - [30/100] | train_loss: 0.73021
2025-09-07 18:23:24,317 - INFO - [40/100] | train_loss: 0.62778
2025-09-07 18:23:29,232 - INFO - [50/100] | train_loss: 0.58041
2025-09-07 18:23:34,709 - INFO - [60/100] | train_loss: 0.54603
2025-09-07 18:23:40,129 - INFO - [70/100] | train_loss: 0.53623
2025-09-07 18:23:46,093 - INFO - [80/100] | train_loss: 0.52484
2025-09-07 18:23:51,635 - INFO - [90/100] | train_loss: 0.52832
2025-09-07 18:23:57,263 - INFO - [0/100] | train_loss: 0.32942
2025-09-07 18:24:02,866 - INFO - [10/100] | train_loss: 1.37213
2025-09-07 18:24:08,111 - INFO - [20/100] | train_loss: 0.95393
2025-09-07 18:24:13,501 - INFO - [30/100] | train_loss: 0.68699
2025-09-07 18:24:18,927 - INFO - [40/100] | train_loss: 0.56590
2025-09-07 18:24:24,537 - INFO - [50/100] | train_loss: 0.50912
2025-09-07 18:24:30,334 - INFO - [60/100] | train_loss: 0.48879
2025-09-07 18:24:36,004 - INFO - [70/100] | train_loss: 0.47202
2025-09-07 18:24:41,413 - INFO - [80/100] | train_loss: 0.46147
2025-09-07 18:24:46,864 - INFO - [90/100] | train_loss: 0.47078
2025-09-07 18:24:52,565 - INFO - [0/100] | train_loss: 0.32969
2025-09-07 18:24:58,295 - INFO - [10/100] | train_loss: 1.34840
2025-09-07 18:25:03,865 - INFO - [20/100] | train_loss: 0.95892
2025-09-07 18:25:09,517 - INFO - [30/100] | train_loss: 0.70508
2025-09-07 18:25:15,074 - INFO - [40/100] | train_loss: 0.62724
2025-09-07 18:25:19,899 - INFO - [50/100] | train_loss: 0.56603
2025-09-07 18:25:24,726 - INFO - [60/100] | train_loss: 0.58141
2025-09-07 18:25:30,224 - INFO - [70/100] | train_loss: 0.54514
2025-09-07 18:25:35,763 - INFO - [80/100] | train_loss: 0.53386
2025-09-07 18:25:41,098 - INFO - [90/100] | train_loss: 0.52660
2025-09-07 18:25:46,291 - INFO - [0/100] | train_loss: 0.26427
2025-09-07 18:25:51,944 - INFO - [10/100] | train_loss: 1.32328
2025-09-07 18:25:57,117 - INFO - [20/100] | train_loss: 0.92191
2025-09-07 18:26:02,721 - INFO - [30/100] | train_loss: 0.65846
2025-09-07 18:26:08,093 - INFO - [40/100] | train_loss: 0.54073
2025-09-07 18:26:13,163 - INFO - [50/100] | train_loss: 0.50261
2025-09-07 18:26:18,607 - INFO - [60/100] | train_loss: 0.50082
2025-09-07 18:26:24,076 - INFO - [70/100] | train_loss: 0.47851
2025-09-07 18:26:29,266 - INFO - [80/100] | train_loss: 0.47639
2025-09-07 18:26:34,380 - INFO - [90/100] | train_loss: 0.47597
2025-09-07 18:26:39,024 - INFO - ----------
2025-09-07 18:26:39,025 - INFO - sample 28/241 | d1: paymentservice; level: service; fault_type: k8s容器cpu负载
2025-09-07 18:26:39,025 - INFO - sample 28/241 | predict d1: [('paymentservice-2', 5.922167177082542), ('paymentservice-1', 5.921445660056268), ('paymentservice-0', 5.9198396695675335), ('paymentservice2-0', 5.917882232245745), ('paymentservice', 5.917146202561188)]
2025-09-07 18:26:39,025 - INFO - sample 28/241 | predict d2: [('paymentservice2-0/CPU/kpi_container_cpu_usage_seconds', 2.9874458368755334), ('paymentservice2-0/CPU/kpi_container_cpu_cfs_throttled_seconds', 2.963969607349121), ('paymentservice2-0/CPU/kpi_container_cpu_cfs_periods', 2.896123439880995), ('paymentservice2-0/CPU/kpi_container_cpu_cfs_throttled_periods', 2.843073461672166), ('paymentservice2-0/CPU/kpi_container_cpu_user_seconds', 2.6945227322187275)]
2025-09-07 18:26:39,025 - INFO - ----------
2025-09-07 18:26:39,710 - INFO - [0/100] | train_loss: 0.25329
2025-09-07 18:26:45,600 - INFO - [10/100] | train_loss: 1.43564
2025-09-07 18:26:51,389 - INFO - [20/100] | train_loss: 1.06155
2025-09-07 18:26:56,770 - INFO - [30/100] | train_loss: 0.90083
2025-09-07 18:27:02,493 - INFO - [40/100] | train_loss: 0.88718
2025-09-07 18:27:07,803 - INFO - [50/100] | train_loss: 0.90393
2025-09-07 18:27:13,234 - INFO - [60/100] | train_loss: 0.91802
2025-09-07 18:27:18,990 - INFO - [70/100] | train_loss: 0.92008
2025-09-07 18:27:24,465 - INFO - [80/100] | train_loss: 0.91941
2025-09-07 18:27:30,067 - INFO - [90/100] | train_loss: 0.91092
2025-09-07 18:27:35,523 - INFO - [0/100] | train_loss: 0.31270
2025-09-07 18:27:40,879 - INFO - [10/100] | train_loss: 1.33046
2025-09-07 18:27:46,372 - INFO - [20/100] | train_loss: 0.92382
2025-09-07 18:27:51,871 - INFO - [30/100] | train_loss: 0.69012
2025-09-07 18:27:57,114 - INFO - [40/100] | train_loss: 0.60592
2025-09-07 18:28:02,694 - INFO - [50/100] | train_loss: 0.57611
2025-09-07 18:28:07,833 - INFO - [60/100] | train_loss: 0.55829
2025-09-07 18:28:13,220 - INFO - [70/100] | train_loss: 0.54951
2025-09-07 18:28:18,369 - INFO - [80/100] | train_loss: 0.54374
2025-09-07 18:28:23,486 - INFO - [90/100] | train_loss: 0.54575
2025-09-07 18:28:29,401 - INFO - [0/100] | train_loss: 0.37492
2025-09-07 18:28:34,965 - INFO - [10/100] | train_loss: 1.32842
2025-09-07 18:28:40,218 - INFO - [20/100] | train_loss: 0.92635
2025-09-07 18:28:45,896 - INFO - [30/100] | train_loss: 0.67243
2025-09-07 18:28:51,264 - INFO - [40/100] | train_loss: 0.59030
2025-09-07 18:28:56,564 - INFO - [50/100] | train_loss: 0.56825
2025-09-07 18:29:01,878 - INFO - [60/100] | train_loss: 0.55370
2025-09-07 18:29:07,425 - INFO - [70/100] | train_loss: 0.54894
2025-09-07 18:29:12,784 - INFO - [80/100] | train_loss: 0.54909
2025-09-07 18:29:17,693 - INFO - [90/100] | train_loss: 0.54489
2025-09-07 18:29:23,465 - INFO - [0/100] | train_loss: 0.21686
2025-09-07 18:29:28,908 - INFO - [10/100] | train_loss: 1.27132
2025-09-07 18:29:34,907 - INFO - [20/100] | train_loss: 0.86680
2025-09-07 18:29:40,221 - INFO - [30/100] | train_loss: 0.61892
2025-09-07 18:29:45,284 - INFO - [40/100] | train_loss: 0.54302
2025-09-07 18:29:50,586 - INFO - [50/100] | train_loss: 0.52476
2025-09-07 18:29:55,809 - INFO - [60/100] | train_loss: 0.50976
2025-09-07 18:30:01,570 - INFO - [70/100] | train_loss: 0.50740
2025-09-07 18:30:06,903 - INFO - [80/100] | train_loss: 0.50293
2025-09-07 18:30:12,441 - INFO - [90/100] | train_loss: 0.50576
2025-09-07 18:30:17,803 - INFO - [0/100] | train_loss: 0.37546
2025-09-07 18:30:23,387 - INFO - [10/100] | train_loss: 1.33589
2025-09-07 18:30:28,936 - INFO - [20/100] | train_loss: 0.98292
2025-09-07 18:30:34,316 - INFO - [30/100] | train_loss: 0.73729
2025-09-07 18:30:39,679 - INFO - [40/100] | train_loss: 0.64872
2025-09-07 18:30:44,391 - INFO - [50/100] | train_loss: 0.61379
2025-09-07 18:30:49,573 - INFO - [60/100] | train_loss: 0.60080
2025-09-07 18:30:54,777 - INFO - [70/100] | train_loss: 0.58984
2025-09-07 18:31:00,277 - INFO - [80/100] | train_loss: 0.59418
2025-09-07 18:31:05,477 - INFO - [90/100] | train_loss: 0.58631
2025-09-07 18:31:10,023 - INFO - ----------
2025-09-07 18:31:10,023 - INFO - sample 29/241 | d1: frontend; level: service; fault_type: k8s容器读io负载
2025-09-07 18:31:10,023 - INFO - sample 29/241 | predict d1: [('frontend', 5.490338989962563), ('frontend-2', 4.592633046665852), ('frontend-0', 4.556053523420448), ('frontend2-0', 4.487086648183809), ('frontend-1', 4.354007223418913)]
2025-09-07 18:31:10,023 - INFO - sample 29/241 | predict d2: [('frontend-2/Disk/kpi_container_fs_reads_MB', 2.4526048997054524), ('frontend-1/Disk/kpi_container_fs_reads_MB', 2.435578724126408), ('<intensity>; hipstershop.Frontend/Recv.; type: downstream', 2.419771926149153), ('frontend-0/Disk/kpi_container_fs_reads_MB', 2.3784223018572064), ('frontend-2/Memory/kpi_container_memory_cache', 2.358526352004901)]
2025-09-07 18:31:10,023 - INFO - ----------
2025-09-07 18:31:10,607 - INFO - [0/100] | train_loss: 0.11828
2025-09-07 18:31:15,375 - INFO - [10/100] | train_loss: 0.74544
2025-09-07 18:31:20,183 - INFO - [20/100] | train_loss: 0.49487
2025-09-07 18:31:24,892 - INFO - [30/100] | train_loss: 0.33083
2025-09-07 18:31:29,691 - INFO - [40/100] | train_loss: 0.24045
2025-09-07 18:31:34,424 - INFO - [50/100] | train_loss: 0.21272
2025-09-07 18:31:39,493 - INFO - [60/100] | train_loss: 0.20843
2025-09-07 18:31:44,394 - INFO - [70/100] | train_loss: 0.20740
2025-09-07 18:31:49,435 - INFO - [80/100] | train_loss: 0.18292
2025-09-07 18:31:54,393 - INFO - [90/100] | train_loss: 0.18591
2025-09-07 18:31:59,390 - INFO - [0/100] | train_loss: 0.16546
2025-09-07 18:32:04,716 - INFO - [10/100] | train_loss: 1.33457
2025-09-07 18:32:09,889 - INFO - [20/100] | train_loss: 0.98753
2025-09-07 18:32:15,077 - INFO - [30/100] | train_loss: 0.80651
2025-09-07 18:32:20,869 - INFO - [40/100] | train_loss: 0.76618
2025-09-07 18:32:26,503 - INFO - [50/100] | train_loss: 0.75804
2025-09-07 18:32:31,625 - INFO - [60/100] | train_loss: 0.75279
2025-09-07 18:32:36,975 - INFO - [70/100] | train_loss: 0.75936
2025-09-07 18:32:42,780 - INFO - [80/100] | train_loss: 0.76676
2025-09-07 18:32:48,465 - INFO - [90/100] | train_loss: 0.76105
2025-09-07 18:32:54,106 - INFO - ----------
2025-09-07 18:32:54,106 - INFO - sample 30/241 | d1: node-5; level: node; fault_type: node节点CPU故障
2025-09-07 18:32:54,106 - INFO - sample 30/241 | predict d1: [('node-5', 1.8318889242208343), ('shippingservice-1', 0.035276209207705245), ('shippingservice', 0.0352440609032767), ('shippingservice2-0', 0.0352440609032767), ('checkoutservice', 0.03523474563760787)]
2025-09-07 18:32:54,106 - INFO - sample 30/241 | predict d2: [('node-5/CPU/system.load.15', 0.6649015248292329), ('node-5/CPU/system.load.5', 0.6619870608482437), ('node-5/CPU/system.load.1', 0.6409833238417484), ('node-5/CPU/system.cpu.pct_usage', 0.6177769119112497), ('node-5/CPU/system.cpu.user', 0.5605835293623791)]
2025-09-07 18:32:54,106 - INFO - ----------
2025-09-07 18:32:54,684 - INFO - [0/100] | train_loss: 0.23108
2025-09-07 18:32:59,611 - INFO - [10/100] | train_loss: 0.80318
2025-09-07 18:33:04,872 - INFO - [20/100] | train_loss: 0.57700
2025-09-07 18:33:09,580 - INFO - [30/100] | train_loss: 0.38644
2025-09-07 18:33:14,865 - INFO - [40/100] | train_loss: 0.28261
2025-09-07 18:33:19,713 - INFO - [50/100] | train_loss: 0.24808
2025-09-07 18:33:24,689 - INFO - [60/100] | train_loss: 0.22433
2025-09-07 18:33:29,664 - INFO - [70/100] | train_loss: 0.17504
2025-09-07 18:33:34,433 - INFO - [80/100] | train_loss: 0.17001
2025-09-07 18:33:39,097 - INFO - [90/100] | train_loss: 0.16279
2025-09-07 18:33:44,015 - INFO - [0/100] | train_loss: 0.13153
2025-09-07 18:33:49,505 - INFO - [10/100] | train_loss: 1.32793
2025-09-07 18:33:55,201 - INFO - [20/100] | train_loss: 0.97097
2025-09-07 18:34:00,307 - INFO - [30/100] | train_loss: 0.78445
2025-09-07 18:34:05,472 - INFO - [40/100] | train_loss: 0.74877
2025-09-07 18:34:11,188 - INFO - [50/100] | train_loss: 0.75311
2025-09-07 18:34:16,885 - INFO - [60/100] | train_loss: 0.74186
2025-09-07 18:34:22,778 - INFO - [70/100] | train_loss: 0.74899
2025-09-07 18:34:27,738 - INFO - [80/100] | train_loss: 0.75539
2025-09-07 18:34:32,997 - INFO - [90/100] | train_loss: 0.76266
2025-09-07 18:34:37,892 - INFO - ----------
2025-09-07 18:34:37,892 - INFO - sample 31/241 | d1: node-1; level: node; fault_type: node节点CPU故障
2025-09-07 18:34:37,892 - INFO - sample 31/241 | predict d1: [('node-1', 0.0484962764610648), ('frontend', 0.04259621757296994), ('frontend-0', 0.04259621757296994), ('frontend-1', 0.042591763375425806), ('shippingservice', 0.04258971126298583)]
2025-09-07 18:34:37,892 - INFO - sample 31/241 | predict d2: [('node-1/CPU/system.cpu.pct_usage', 0.03445279328585027), ('node-1/CPU/system.load.1', 0.033871789900866034), ('node-1/CPU/system.load.5', 0.033685019537004646), ('shippingservice-0/Network/kpi_container_network_transmit_MB', 0.028173043386994223), ('shippingservice-0/Network/kpi_container_network_transmit_packets', 0.02593196161620792)]
2025-09-07 18:34:37,892 - INFO - ----------
2025-09-07 18:34:38,570 - INFO - [0/100] | train_loss: 0.15719
2025-09-07 18:34:43,712 - INFO - [10/100] | train_loss: 1.30037
2025-09-07 18:34:48,781 - INFO - [20/100] | train_loss: 0.82493
2025-09-07 18:34:54,298 - INFO - [30/100] | train_loss: 0.56468
2025-09-07 18:34:59,638 - INFO - [40/100] | train_loss: 0.47148
2025-09-07 18:35:05,669 - INFO - [50/100] | train_loss: 0.44853
2025-09-07 18:35:10,873 - INFO - [60/100] | train_loss: 0.43732
2025-09-07 18:35:16,032 - INFO - [70/100] | train_loss: 0.42662
2025-09-07 18:35:21,473 - INFO - [80/100] | train_loss: 0.42388
2025-09-07 18:35:26,970 - INFO - [90/100] | train_loss: 0.42072
2025-09-07 18:35:31,966 - INFO - ----------
2025-09-07 18:35:31,967 - INFO - sample 32/241 | d1: shippingservice-0; level: pod; fault_type: k8s容器cpu负载
2025-09-07 18:35:31,967 - INFO - sample 32/241 | predict d1: [('shippingservice-0', 1.991191283054114), ('shippingservice', 0.9912970216939456), ('shippingservice-1', 0.9911949893319942), ('shippingservice2-0', 0.9911503501736405), ('shippingservice-2', 0.008584678384367161)]
2025-09-07 18:35:31,967 - INFO - sample 32/241 | predict d2: [('shippingservice-0/Memory/kpi_container_memory_cache', 0.6862317619393536), ('shippingservice-0/CPU/kpi_container_cpu_cfs_throttled_periods', 0.6721483160729491), ('shippingservice-0/Disk/kpi_container_fs_usage_MB', 0.6577890490785592), ('shippingservice-0; http2.remote_reset', 0.62750844253911), ('shippingservice-0/CPU/kpi_container_cpu_system_seconds', 0.6170080490094563)]
2025-09-07 18:35:31,967 - INFO - ----------
2025-09-07 18:35:32,568 - INFO - [0/100] | train_loss: 0.22471
2025-09-07 18:35:37,722 - INFO - [10/100] | train_loss: 0.82900
2025-09-07 18:35:42,669 - INFO - [20/100] | train_loss: 0.59486
2025-09-07 18:35:47,737 - INFO - [30/100] | train_loss: 0.40774
2025-09-07 18:35:53,002 - INFO - [40/100] | train_loss: 0.27953
2025-09-07 18:35:58,064 - INFO - [50/100] | train_loss: 0.22360
2025-09-07 18:36:02,827 - INFO - [60/100] | train_loss: 0.19550
2025-09-07 18:36:08,090 - INFO - [70/100] | train_loss: 0.21783
2025-09-07 18:36:12,831 - INFO - [80/100] | train_loss: 0.17068
2025-09-07 18:36:17,793 - INFO - [90/100] | train_loss: 0.17238
2025-09-07 18:36:22,626 - INFO - [0/100] | train_loss: 0.20818
2025-09-07 18:36:28,229 - INFO - [10/100] | train_loss: 1.29637
2025-09-07 18:36:33,465 - INFO - [20/100] | train_loss: 0.91704
2025-09-07 18:36:39,367 - INFO - [30/100] | train_loss: 0.65855
2025-09-07 18:36:45,282 - INFO - [40/100] | train_loss: 0.57906
2025-09-07 18:36:50,129 - INFO - [50/100] | train_loss: 0.51893
2025-09-07 18:36:55,768 - INFO - [60/100] | train_loss: 0.52525
2025-09-07 18:37:00,798 - INFO - [70/100] | train_loss: 0.61205
2025-09-07 18:37:05,833 - INFO - [80/100] | train_loss: 0.49309
2025-09-07 18:37:11,226 - INFO - [90/100] | train_loss: 0.47001
2025-09-07 18:37:16,736 - INFO - ----------
2025-09-07 18:37:16,736 - INFO - sample 33/241 | d1: node-6; level: node; fault_type: node 磁盘写IO消耗
2025-09-07 18:37:16,736 - INFO - sample 33/241 | predict d1: [('node-6', 1.9661265157610899), ('shippingservice', 0.10820484165019018), ('checkoutservice', 0.10820484165019018), ('frontend', 0.10820212209125124), ('shippingservice-1', 0.10819629260606156)]
2025-09-07 18:37:16,736 - INFO - sample 33/241 | predict d2: [('node-6/Disk/system.io.util', 0.725154495041572), ('node-6/Disk/system.io.w_s', 0.687231814775501), ('node-6/Disk/system.io.avg_q_sz', 0.6378747471840853), ('node-6/CPU/system.cpu.iowait', 0.625982253932797), ('node-6/CPU/system.cpu.system', 0.6251065564475979)]
2025-09-07 18:37:16,736 - INFO - ----------
2025-09-07 18:37:17,414 - INFO - [0/100] | train_loss: 0.13305
2025-09-07 18:37:22,934 - INFO - [10/100] | train_loss: 1.59857
2025-09-07 18:37:28,563 - INFO - [20/100] | train_loss: 1.00328
2025-09-07 18:37:34,275 - INFO - [30/100] | train_loss: 0.73921
2025-09-07 18:37:40,174 - INFO - [40/100] | train_loss: 0.62902
2025-09-07 18:37:45,664 - INFO - [50/100] | train_loss: 0.58979
2025-09-07 18:37:51,329 - INFO - [60/100] | train_loss: 0.66756
2025-09-07 18:37:56,903 - INFO - [70/100] | train_loss: 0.56000
2025-09-07 18:38:02,428 - INFO - [80/100] | train_loss: 0.53422
2025-09-07 18:38:07,794 - INFO - [90/100] | train_loss: 0.54671
2025-09-07 18:38:13,221 - INFO - ----------
2025-09-07 18:38:13,222 - INFO - sample 34/241 | d1: cartservice-2; level: pod; fault_type: k8s容器网络丢包
2025-09-07 18:38:13,222 - INFO - sample 34/241 | predict d1: [('cartservice-2', 1.80732096667208), ('cartservice', 0.8998486589475547), ('cartservice-0', 0.8998486589475547), ('frontend', 0.8997035130535949), ('cartservice2-0', 0.8996542835480028)]
2025-09-07 18:38:13,222 - INFO - sample 34/241 | predict d2: [('cartservice-2/Memory/kpi_container_memory_max_usage_MB', 0.833833406702631), ('cartservice-2/Other/kpi_container_sockets', 0.8212761499899699), ('<intensity>; cmdb_id: cartservice-2; type: upstream', 0.7802147931460794), ('<intensity>; cmdb_id: cartservice-2; type: current', 0.7608461204003589), ('cartservice-2/Thread/kpi_container_threads', 0.7437429786823131)]
2025-09-07 18:38:13,222 - INFO - ----------
2025-09-07 18:38:13,982 - INFO - [0/100] | train_loss: 0.21817
2025-09-07 18:38:19,382 - INFO - [10/100] | train_loss: 1.36423
2025-09-07 18:38:25,069 - INFO - [20/100] | train_loss: 0.99332
2025-09-07 18:38:30,503 - INFO - [30/100] | train_loss: 0.78781
2025-09-07 18:38:36,184 - INFO - [40/100] | train_loss: 0.72921
2025-09-07 18:38:41,665 - INFO - [50/100] | train_loss: 0.72162
2025-09-07 18:38:46,822 - INFO - [60/100] | train_loss: 0.71489
2025-09-07 18:38:51,711 - INFO - [70/100] | train_loss: 0.70955
2025-09-07 18:38:57,220 - INFO - [80/100] | train_loss: 0.70440
2025-09-07 18:39:02,663 - INFO - [90/100] | train_loss: 0.70674
2025-09-07 18:39:08,368 - INFO - [0/100] | train_loss: 0.15917
2025-09-07 18:39:14,117 - INFO - [10/100] | train_loss: 1.31222
2025-09-07 18:39:19,383 - INFO - [20/100] | train_loss: 0.94789
2025-09-07 18:39:24,607 - INFO - [30/100] | train_loss: 0.62668
2025-09-07 18:39:30,286 - INFO - [40/100] | train_loss: 0.51906
2025-09-07 18:39:35,893 - INFO - [50/100] | train_loss: 0.49557
2025-09-07 18:39:41,794 - INFO - [60/100] | train_loss: 0.50988
2025-09-07 18:39:47,471 - INFO - [70/100] | train_loss: 0.50013
2025-09-07 18:39:52,865 - INFO - [80/100] | train_loss: 0.47740
2025-09-07 18:39:58,471 - INFO - [90/100] | train_loss: 0.46845
2025-09-07 18:40:04,004 - INFO - [0/100] | train_loss: 0.08836
2025-09-07 18:40:09,437 - INFO - [10/100] | train_loss: 1.23383
2025-09-07 18:40:15,032 - INFO - [20/100] | train_loss: 0.84567
2025-09-07 18:40:20,935 - INFO - [30/100] | train_loss: 0.58250
2025-09-07 18:40:26,297 - INFO - [40/100] | train_loss: 0.47002
2025-09-07 18:40:31,900 - INFO - [50/100] | train_loss: 0.43745
2025-09-07 18:40:37,535 - INFO - [60/100] | train_loss: 0.42859
2025-09-07 18:40:42,808 - INFO - [70/100] | train_loss: 0.42306
2025-09-07 18:40:47,770 - INFO - [80/100] | train_loss: 0.41689
2025-09-07 18:40:53,263 - INFO - [90/100] | train_loss: 0.43154
2025-09-07 18:40:58,968 - INFO - [0/100] | train_loss: 0.29598
2025-09-07 18:41:04,496 - INFO - [10/100] | train_loss: 1.29981
2025-09-07 18:41:10,111 - INFO - [20/100] | train_loss: 0.91154
2025-09-07 18:41:15,398 - INFO - [30/100] | train_loss: 0.64771
2025-09-07 18:41:21,218 - INFO - [40/100] | train_loss: 0.53565
2025-09-07 18:41:26,507 - INFO - [50/100] | train_loss: 0.49619
2025-09-07 18:41:32,172 - INFO - [60/100] | train_loss: 0.51517
2025-09-07 18:41:37,506 - INFO - [70/100] | train_loss: 0.50123
2025-09-07 18:41:42,819 - INFO - [80/100] | train_loss: 0.48291
2025-09-07 18:41:47,985 - INFO - [90/100] | train_loss: 0.44877
2025-09-07 18:41:53,624 - INFO - [0/100] | train_loss: 0.19121
2025-09-07 18:41:58,832 - INFO - [10/100] | train_loss: 1.25708
2025-09-07 18:42:04,581 - INFO - [20/100] | train_loss: 0.86424
2025-09-07 18:42:09,825 - INFO - [30/100] | train_loss: 0.59333
2025-09-07 18:42:15,513 - INFO - [40/100] | train_loss: 0.47713
2025-09-07 18:42:21,065 - INFO - [50/100] | train_loss: 0.45510
2025-09-07 18:42:26,566 - INFO - [60/100] | train_loss: 0.43190
2025-09-07 18:42:31,979 - INFO - [70/100] | train_loss: 0.42647
2025-09-07 18:42:37,776 - INFO - [80/100] | train_loss: 0.41317
2025-09-07 18:42:43,234 - INFO - [90/100] | train_loss: 0.40919
2025-09-07 18:42:48,620 - INFO - ----------
2025-09-07 18:42:48,620 - INFO - sample 35/241 | d1: emailservice; level: service; fault_type: k8s容器网络资源包重复发送
2025-09-07 18:42:48,620 - INFO - sample 35/241 | predict d1: [('emailservice2-0', 5.130235786944056), ('emailservice-1', 5.088902713248299), ('emailservice-2', 5.057465532697659), ('emailservice', 5.0061047697593075), ('emailservice-0', 4.753322874234144)]
2025-09-07 18:42:48,620 - INFO - sample 35/241 | predict d2: [('emailservice-1/Network/kpi_container_network_transmit_packets', 3.087347328271619), ('emailservice-2/Network/kpi_container_network_transmit_packets', 2.9870178570419483), ('emailservice-0/Network/kpi_container_network_transmit_packets', 2.977607805027212), ('emailservice-1/Network/kpi_container_network_receive_packets', 2.721572708837229), ('emailservice-2/Network/kpi_container_network_receive_packets', 2.713423144060762)]
2025-09-07 18:42:48,620 - INFO - ----------
2025-09-07 18:42:49,308 - INFO - [0/100] | train_loss: 0.22602
2025-09-07 18:42:54,909 - INFO - [10/100] | train_loss: 1.37272
2025-09-07 18:43:00,592 - INFO - [20/100] | train_loss: 0.99807
2025-09-07 18:43:06,238 - INFO - [30/100] | train_loss: 0.76833
2025-09-07 18:43:11,475 - INFO - [40/100] | train_loss: 0.68085
2025-09-07 18:43:16,586 - INFO - [50/100] | train_loss: 0.67134
2025-09-07 18:43:22,224 - INFO - [60/100] | train_loss: 0.66887
2025-09-07 18:43:27,469 - INFO - [70/100] | train_loss: 0.66849
2025-09-07 18:43:33,080 - INFO - [80/100] | train_loss: 0.64977
2025-09-07 18:43:38,521 - INFO - [90/100] | train_loss: 0.63703
2025-09-07 18:43:43,911 - INFO - ----------
2025-09-07 18:43:43,911 - INFO - sample 36/241 | d1: frontend; level: service; fault_type: k8s容器网络资源包重复发送
2025-09-07 18:43:43,911 - INFO - sample 36/241 | predict d1: [('frontend', 0.36370115258065994), ('frontend2-0', 0.36370115258065994), ('currencyservice', 0.36357451789411854), ('adservice', 0.3635600711170639), ('frontend-2', 0.36355626701899624)]
2025-09-07 18:43:43,911 - INFO - sample 36/241 | predict d2: [('frontend-1/Network/kpi_container_network_transmit_packets', 0.301768654929635), ('frontend2-0/Network/kpi_container_network_transmit_MB', 0.2912965886415364), ('frontend-1/Network/kpi_container_network_receive_packets', 0.2881331402686804), ('frontend2-0/Network/kpi_container_network_receive_packets', 0.2734095875933562), ('frontend-0/Network/kpi_container_network_receive_packets', 0.2693814655308202)]
2025-09-07 18:43:43,911 - INFO - ----------
2025-09-07 18:43:44,587 - INFO - [0/100] | train_loss: 0.34131
2025-09-07 18:43:50,300 - INFO - [10/100] | train_loss: 1.33727
2025-09-07 18:43:56,011 - INFO - [20/100] | train_loss: 0.97977
2025-09-07 18:44:01,828 - INFO - [30/100] | train_loss: 0.66916
2025-09-07 18:44:07,501 - INFO - [40/100] | train_loss: 0.61945
2025-09-07 18:44:12,927 - INFO - [50/100] | train_loss: 0.53677
2025-09-07 18:44:18,666 - INFO - [60/100] | train_loss: 0.53176
2025-09-07 18:44:24,130 - INFO - [70/100] | train_loss: 0.50564
2025-09-07 18:44:29,912 - INFO - [80/100] | train_loss: 0.50129
2025-09-07 18:44:35,313 - INFO - [90/100] | train_loss: 0.50365
2025-09-07 18:44:40,675 - INFO - ----------
2025-09-07 18:44:40,675 - INFO - sample 37/241 | d1: recommendationservice-2; level: pod; fault_type: k8s容器网络资源包损坏
2025-09-07 18:44:40,676 - INFO - sample 37/241 | predict d1: [('recommendationservice-2', 1.972658957989097), ('recommendationservice', 0.9822529183952611), ('recommendationservice-0', 0.9822529183952611), ('recommendationservice-1', 0.9822509102518779), ('productcatalogservice', 0.9822306516289245)]
2025-09-07 18:44:40,676 - INFO - sample 37/241 | predict d2: [('recommendationservice-2/Network/kpi_container_network_receive_packets', 0.9079612404948421), ('recommendationservice-2/Network/kpi_container_network_transmit_MB', 0.774319298347109), ('recommendationservice-2/Thread/kpi_container_threads', 0.762037906857131), ('recommendationservice-2/CPU/kpi_container_cpu_cfs_throttled_seconds', 0.7585783483123123), ('recommendationservice-2/Other/kpi_container_sockets', 0.7566742149438141)]
2025-09-07 18:44:40,676 - INFO - ----------
2025-09-07 18:44:41,267 - INFO - [0/100] | train_loss: 0.28924
2025-09-07 18:44:46,892 - INFO - [10/100] | train_loss: 1.32118
2025-09-07 18:44:51,838 - INFO - [20/100] | train_loss: 0.91112
2025-09-07 18:44:57,091 - INFO - [30/100] | train_loss: 0.65227
2025-09-07 18:45:02,586 - INFO - [40/100] | train_loss: 0.55832
2025-09-07 18:45:08,200 - INFO - [50/100] | train_loss: 0.53735
2025-09-07 18:45:12,967 - INFO - [60/100] | train_loss: 0.52841
2025-09-07 18:45:18,608 - INFO - [70/100] | train_loss: 0.52105
2025-09-07 18:45:23,920 - INFO - [80/100] | train_loss: 0.50926
2025-09-07 18:45:29,433 - INFO - [90/100] | train_loss: 0.51099
2025-09-07 18:45:34,669 - INFO - ----------
2025-09-07 18:45:34,669 - INFO - sample 38/241 | d1: currencyservice-2; level: pod; fault_type: k8s容器读io负载
2025-09-07 18:45:34,669 - INFO - sample 38/241 | predict d1: [('currencyservice-2', 1.4451890674500518), ('currencyservice', 0.7194354024796539), ('frontend', 0.7194352294464963), ('checkoutservice', 0.7194233334169127), ('currencyservice2-0', 0.7193177399324995)]
2025-09-07 18:45:34,669 - INFO - sample 38/241 | predict d2: [('currencyservice-2/CPU/kpi_container_cpu_cfs_periods', 0.5496321683356271), ('currencyservice-2/Memory/kpi_container_memory_cache', 0.5095356705707985), ('currencyservice-2/Disk/kpi_container_fs_reads_MB', 0.5012888237639572), ('currencyservice-2/Memory/kpi_container_memory_failures', 0.49698393183652456), ('currencyservice-2/Disk/kpi_container_fs_usage_MB', 0.4833539369807909)]
2025-09-07 18:45:34,669 - INFO - ----------
2025-09-07 18:45:35,268 - INFO - [0/100] | train_loss: 0.19680
2025-09-07 18:45:40,597 - INFO - [10/100] | train_loss: 1.34361
2025-09-07 18:45:46,386 - INFO - [20/100] | train_loss: 1.00478
2025-09-07 18:45:52,013 - INFO - [30/100] | train_loss: 0.82480
2025-09-07 18:45:57,711 - INFO - [40/100] | train_loss: 0.79340
2025-09-07 18:46:03,422 - INFO - [50/100] | train_loss: 0.79285
2025-09-07 18:46:09,118 - INFO - [60/100] | train_loss: 0.78612
2025-09-07 18:46:14,635 - INFO - [70/100] | train_loss: 0.79625
2025-09-07 18:46:20,317 - INFO - [80/100] | train_loss: 0.78767
2025-09-07 18:46:25,919 - INFO - [90/100] | train_loss: 0.78377
2025-09-07 18:46:31,625 - INFO - ----------
2025-09-07 18:46:31,625 - INFO - sample 39/241 | d1: shippingservice-2; level: pod; fault_type: k8s容器网络丢包
2025-09-07 18:46:31,625 - INFO - sample 39/241 | predict d1: [('shippingservice', 0.05927061563645197), ('shippingservice-1', 0.05927061563645197), ('shippingservice2-0', 0.059197804033664925), ('frontend', 0.05918278415385503), ('frontend-1', 0.05918278415385503)]
2025-09-07 18:46:31,625 - INFO - sample 39/241 | predict d2: [('shippingservice2-0/Network/kpi_container_network_transmit_packets', 0.04158508477562384), ('shippingservice-0/Memory/kpi_container_memory_failures', 0.0345636759479262), ('<duration>; hipstershop.ShippingService/GetQuote; type: upstream', 0.03453285885334445), ('shippingservice-0/Memory/kpi_container_memory_rss', 0.034138204787944604), ('<duration>; cmdb_id: shippingservice-0; type: upstream', 0.03407011245570857)]
2025-09-07 18:46:31,625 - INFO - ----------
2025-09-07 18:46:32,276 - INFO - [0/100] | train_loss: 0.25080
2025-09-07 18:46:38,087 - INFO - [10/100] | train_loss: 1.29185
2025-09-07 18:46:43,563 - INFO - [20/100] | train_loss: 0.88311
2025-09-07 18:46:48,770 - INFO - [30/100] | train_loss: 0.65318
2025-09-07 18:46:54,778 - INFO - [40/100] | train_loss: 0.53708
2025-09-07 18:47:00,365 - INFO - [50/100] | train_loss: 0.51921
2025-09-07 18:47:06,067 - INFO - [60/100] | train_loss: 0.50159
2025-09-07 18:47:11,784 - INFO - [70/100] | train_loss: 0.49718
2025-09-07 18:47:17,342 - INFO - [80/100] | train_loss: 0.56758
2025-09-07 18:47:22,407 - INFO - [90/100] | train_loss: 0.49299
2025-09-07 18:47:27,103 - INFO - ----------
2025-09-07 18:47:27,103 - INFO - sample 40/241 | d1: productcatalogservice-2; level: pod; fault_type: k8s容器进程中止
2025-09-07 18:47:27,103 - INFO - sample 40/241 | predict d1: [('productcatalogservice-2', 1.8021000580873583), ('productcatalogservice', 0.896714981087694), ('productcatalogservice2-0', 0.8965488223726794), ('productcatalogservice-1', 0.8965407815644504), ('productcatalogservice-0', 0.8965152560457099)]
2025-09-07 18:47:27,103 - INFO - sample 40/241 | predict d2: [('productcatalogservice-2/Memory/kpi_container_memory_cache', 0.7686261471978924), ('productcatalogservice-2/CPU/kpi_container_cpu_system_seconds', 0.6602095014139167), ('productcatalogservice-2/Network/kpi_container_network_receive_MB', 0.658141880430783), ('productcatalogservice-2/Network/kpi_container_network_transmit_MB', 0.6561799771880565), ('productcatalogservice-2/CPU/kpi_container_cpu_cfs_throttled_seconds', 0.6518536446047491)]
2025-09-07 18:47:27,103 - INFO - ----------
2025-09-07 18:47:27,818 - INFO - [0/100] | train_loss: 0.16963
2025-09-07 18:47:33,423 - INFO - [10/100] | train_loss: 1.47328
2025-09-07 18:47:38,942 - INFO - [20/100] | train_loss: 1.08116
2025-09-07 18:47:44,120 - INFO - [30/100] | train_loss: 0.88692
2025-09-07 18:47:49,470 - INFO - [40/100] | train_loss: 0.88016
2025-09-07 18:47:54,686 - INFO - [50/100] | train_loss: 0.84198
2025-09-07 18:48:00,395 - INFO - [60/100] | train_loss: 0.84620
2025-09-07 18:48:05,578 - INFO - [70/100] | train_loss: 0.83876
2025-09-07 18:48:10,869 - INFO - [80/100] | train_loss: 0.84666
2025-09-07 18:48:16,582 - INFO - [90/100] | train_loss: 0.88867
2025-09-07 18:48:22,168 - INFO - [0/100] | train_loss: 0.20569
2025-09-07 18:48:27,637 - INFO - [10/100] | train_loss: 1.25791
2025-09-07 18:48:32,479 - INFO - [20/100] | train_loss: 0.88827
2025-09-07 18:48:38,125 - INFO - [30/100] | train_loss: 0.63273
2025-09-07 18:48:43,690 - INFO - [40/100] | train_loss: 0.51290
2025-09-07 18:48:48,591 - INFO - [50/100] | train_loss: 0.47352
2025-09-07 18:48:53,507 - INFO - [60/100] | train_loss: 0.45211
2025-09-07 18:48:59,685 - INFO - [70/100] | train_loss: 0.43856
2025-09-07 18:49:05,125 - INFO - [80/100] | train_loss: 0.42901
2025-09-07 18:49:10,677 - INFO - [90/100] | train_loss: 0.42155
2025-09-07 18:49:16,679 - INFO - [0/100] | train_loss: 0.18985
2025-09-07 18:49:21,893 - INFO - [10/100] | train_loss: 1.30952
2025-09-07 18:49:27,579 - INFO - [20/100] | train_loss: 0.99887
2025-09-07 18:49:33,177 - INFO - [30/100] | train_loss: 0.72073
2025-09-07 18:49:38,781 - INFO - [40/100] | train_loss: 0.63433
2025-09-07 18:49:44,268 - INFO - [50/100] | train_loss: 0.59297
2025-09-07 18:49:49,622 - INFO - [60/100] | train_loss: 0.59336
2025-09-07 18:49:55,138 - INFO - [70/100] | train_loss: 0.55666
2025-09-07 18:50:00,927 - INFO - [80/100] | train_loss: 0.54736
2025-09-07 18:50:06,475 - INFO - [90/100] | train_loss: 0.56107
2025-09-07 18:50:12,165 - INFO - [0/100] | train_loss: 0.23781
2025-09-07 18:50:17,574 - INFO - [10/100] | train_loss: 1.39195
2025-09-07 18:50:23,110 - INFO - [20/100] | train_loss: 1.08568
2025-09-07 18:50:28,873 - INFO - [30/100] | train_loss: 0.81327
2025-09-07 18:50:34,002 - INFO - [40/100] | train_loss: 0.78552
2025-09-07 18:50:39,074 - INFO - [50/100] | train_loss: 0.72096
2025-09-07 18:50:44,870 - INFO - [60/100] | train_loss: 0.67915
2025-09-07 18:50:50,090 - INFO - [70/100] | train_loss: 0.67167
2025-09-07 18:50:55,397 - INFO - [80/100] | train_loss: 0.70427
2025-09-07 18:51:01,202 - INFO - [90/100] | train_loss: 0.69390
2025-09-07 18:51:06,267 - INFO - ----------
2025-09-07 18:51:06,268 - INFO - sample 41/241 | d1: frontend-1; level: pod; fault_type: k8s容器网络延迟
2025-09-07 18:51:06,268 - INFO - sample 41/241 | predict d1: [('adservice-2', 1.9430556380007538), ('frontend-1', 1.9358607996946056), ('shippingservice', 1.3713618501369984), ('frontend', 1.308782386497131), ('currencyservice', 1.29711007068164)]
2025-09-07 18:51:06,268 - INFO - sample 41/241 | predict d2: [('frontend/Request/count.grpc', 1.313581769574565), ('frontend/Request/mrt.http', 1.2880090111636395), ('frontend/Request/count.http', 1.1143228349227474), ('<duration>; hipstershop.AdService/GetAds; type: current', 1.1066193917585867), ('<intensity>; hipstershop.Frontend/Recv.; type: current', 1.0057273271993799)]
2025-09-07 18:51:06,268 - INFO - ----------
2025-09-07 18:51:06,965 - INFO - [0/100] | train_loss: 0.19022
2025-09-07 18:51:12,404 - INFO - [10/100] | train_loss: 1.48306
2025-09-07 18:51:17,917 - INFO - [20/100] | train_loss: 1.04913
2025-09-07 18:51:23,520 - INFO - [30/100] | train_loss: 0.86934
2025-09-07 18:51:28,791 - INFO - [40/100] | train_loss: 0.83536
2025-09-07 18:51:33,982 - INFO - [50/100] | train_loss: 0.81276
2025-09-07 18:51:39,879 - INFO - [60/100] | train_loss: 0.80706
2025-09-07 18:51:45,191 - INFO - [70/100] | train_loss: 0.82480
2025-09-07 18:51:50,364 - INFO - [80/100] | train_loss: 0.81194
2025-09-07 18:51:56,165 - INFO - [90/100] | train_loss: 0.81438
2025-09-07 18:52:01,863 - INFO - [0/100] | train_loss: 0.19201
2025-09-07 18:52:07,176 - INFO - [10/100] | train_loss: 1.36296
2025-09-07 18:52:12,997 - INFO - [20/100] | train_loss: 0.94790
2025-09-07 18:52:18,507 - INFO - [30/100] | train_loss: 0.71854
2025-09-07 18:52:23,866 - INFO - [40/100] | train_loss: 0.61864
2025-09-07 18:52:29,194 - INFO - [50/100] | train_loss: 0.60779
2025-09-07 18:52:34,728 - INFO - [60/100] | train_loss: 0.55161
2025-09-07 18:52:40,003 - INFO - [70/100] | train_loss: 0.64389
2025-09-07 18:52:45,169 - INFO - [80/100] | train_loss: 0.57965
2025-09-07 18:52:50,786 - INFO - [90/100] | train_loss: 0.54266
2025-09-07 18:52:56,007 - INFO - [0/100] | train_loss: 0.17835
2025-09-07 18:53:01,715 - INFO - [10/100] | train_loss: 1.56847
2025-09-07 18:53:07,320 - INFO - [20/100] | train_loss: 1.00871
2025-09-07 18:53:13,166 - INFO - [30/100] | train_loss: 0.79718
2025-09-07 18:53:19,001 - INFO - [40/100] | train_loss: 0.67345
2025-09-07 18:53:24,016 - INFO - [50/100] | train_loss: 0.61344
2025-09-07 18:53:29,771 - INFO - [60/100] | train_loss: 0.64153
2025-09-07 18:53:35,465 - INFO - [70/100] | train_loss: 0.60107
2025-09-07 18:53:40,632 - INFO - [80/100] | train_loss: 0.58540
2025-09-07 18:53:46,317 - INFO - [90/100] | train_loss: 0.59395
2025-09-07 18:53:51,978 - INFO - [0/100] | train_loss: 0.17869
2025-09-07 18:53:56,637 - INFO - [10/100] | train_loss: 1.69807
2025-09-07 18:54:02,570 - INFO - [20/100] | train_loss: 1.06534
2025-09-07 18:54:08,280 - INFO - [30/100] | train_loss: 0.86883
2025-09-07 18:54:14,378 - INFO - [40/100] | train_loss: 0.67046
2025-09-07 18:54:19,908 - INFO - [50/100] | train_loss: 0.58763
2025-09-07 18:54:25,784 - INFO - [60/100] | train_loss: 0.57316
2025-09-07 18:54:31,118 - INFO - [70/100] | train_loss: 0.54907
2025-09-07 18:54:35,918 - INFO - [80/100] | train_loss: 0.54659
2025-09-07 18:54:41,872 - INFO - [90/100] | train_loss: 0.52909
2025-09-07 18:54:46,644 - INFO - ----------
2025-09-07 18:54:46,644 - INFO - sample 42/241 | d1: shippingservice; level: service; fault_type: k8s容器网络延迟
2025-09-07 18:54:46,644 - INFO - sample 42/241 | predict d1: [('shippingservice-2', 3.961954056272287), ('shippingservice', 3.946253010221845), ('shippingservice-1', 3.7940743132701584), ('shippingservice-0', 3.6090607587335803), ('shippingservice2-0', 3.0495150015222876)]
2025-09-07 18:54:46,644 - INFO - sample 42/241 | predict d2: [('shippingservice-1/Network/kpi_container_network_transmit_packets', 2.225970345894737), ('shippingservice-0/Network/kpi_container_network_transmit_packets', 2.1772408336314086), ('<intensity>; hipstershop.ShippingService/GetQuote; type: upstream', 2.1691780370327898), ('shippingservice-1/CPU/kpi_container_cpu_cfs_periods', 2.121321579041382), ('shippingservice/Request/count.grpc', 2.019912987840293)]
2025-09-07 18:54:46,644 - INFO - ----------
2025-09-07 18:54:47,265 - INFO - [0/100] | train_loss: 0.19770
2025-09-07 18:54:52,981 - INFO - [10/100] | train_loss: 1.49369
2025-09-07 18:54:59,136 - INFO - [20/100] | train_loss: 1.21594
2025-09-07 18:55:04,577 - INFO - [30/100] | train_loss: 1.07909
2025-09-07 18:55:10,116 - INFO - [40/100] | train_loss: 1.06143
2025-09-07 18:55:15,700 - INFO - [50/100] | train_loss: 1.09752
2025-09-07 18:55:20,970 - INFO - [60/100] | train_loss: 1.06992
2025-09-07 18:55:26,580 - INFO - [70/100] | train_loss: 1.07163
2025-09-07 18:55:31,691 - INFO - [80/100] | train_loss: 1.07037
2025-09-07 18:55:37,485 - INFO - [90/100] | train_loss: 1.06481
2025-09-07 18:55:43,002 - INFO - [0/100] | train_loss: 0.17423
2025-09-07 18:55:48,667 - INFO - [10/100] | train_loss: 1.41611
2025-09-07 18:55:54,366 - INFO - [20/100] | train_loss: 1.03979
2025-09-07 18:55:59,867 - INFO - [30/100] | train_loss: 0.84918
2025-09-07 18:56:04,731 - INFO - [40/100] | train_loss: 0.77442
2025-09-07 18:56:10,413 - INFO - [50/100] | train_loss: 0.76505
2025-09-07 18:56:15,714 - INFO - [60/100] | train_loss: 0.74793
2025-09-07 18:56:21,307 - INFO - [70/100] | train_loss: 0.77678
2025-09-07 18:56:26,965 - INFO - [80/100] | train_loss: 0.74165
2025-09-07 18:56:32,264 - INFO - [90/100] | train_loss: 0.74917
2025-09-07 18:56:38,267 - INFO - [0/100] | train_loss: 0.14800
2025-09-07 18:56:44,021 - INFO - [10/100] | train_loss: 1.65996
2025-09-07 18:56:49,624 - INFO - [20/100] | train_loss: 1.04021
2025-09-07 18:56:55,033 - INFO - [30/100] | train_loss: 0.86313
2025-09-07 18:57:00,537 - INFO - [40/100] | train_loss: 0.81955
2025-09-07 18:57:05,974 - INFO - [50/100] | train_loss: 0.80411
2025-09-07 18:57:11,410 - INFO - [60/100] | train_loss: 0.81327
2025-09-07 18:57:16,410 - INFO - [70/100] | train_loss: 0.81757
2025-09-07 18:57:21,597 - INFO - [80/100] | train_loss: 0.84148
2025-09-07 18:57:26,815 - INFO - [90/100] | train_loss: 0.81775
2025-09-07 18:57:31,782 - INFO - [0/100] | train_loss: 0.19943
2025-09-07 18:57:37,623 - INFO - [10/100] | train_loss: 1.34102
2025-09-07 18:57:43,133 - INFO - [20/100] | train_loss: 1.22922
2025-09-07 18:57:48,664 - INFO - [30/100] | train_loss: 0.86106
2025-09-07 18:57:53,865 - INFO - [40/100] | train_loss: 0.78285
2025-09-07 18:57:59,511 - INFO - [50/100] | train_loss: 0.78261
2025-09-07 18:58:04,739 - INFO - [60/100] | train_loss: 0.77386
2025-09-07 18:58:09,998 - INFO - [70/100] | train_loss: 0.72682
2025-09-07 18:58:15,238 - INFO - [80/100] | train_loss: 0.71265
2025-09-07 18:58:20,664 - INFO - [90/100] | train_loss: 0.73240
2025-09-07 18:58:26,038 - INFO - [0/100] | train_loss: 0.16085
2025-09-07 18:58:31,700 - INFO - [10/100] | train_loss: 1.63669
2025-09-07 18:58:37,877 - INFO - [20/100] | train_loss: 0.94956
2025-09-07 18:58:43,180 - INFO - [30/100] | train_loss: 0.74176
2025-09-07 18:58:48,684 - INFO - [40/100] | train_loss: 0.65264
2025-09-07 18:58:54,295 - INFO - [50/100] | train_loss: 0.63325
2025-09-07 18:58:59,729 - INFO - [60/100] | train_loss: 0.62215
2025-09-07 18:59:05,088 - INFO - [70/100] | train_loss: 0.65710
2025-09-07 18:59:10,789 - INFO - [80/100] | train_loss: 0.59926
2025-09-07 18:59:15,983 - INFO - [90/100] | train_loss: 0.60254
2025-09-07 18:59:21,972 - INFO - [0/100] | train_loss: 0.23681
2025-09-07 18:59:27,375 - INFO - [10/100] | train_loss: 1.32299
2025-09-07 18:59:32,985 - INFO - [20/100] | train_loss: 1.03503
2025-09-07 18:59:38,298 - INFO - [30/100] | train_loss: 0.74027
2025-09-07 18:59:43,691 - INFO - [40/100] | train_loss: 0.63982
2025-09-07 18:59:49,105 - INFO - [50/100] | train_loss: 0.59068
2025-09-07 18:59:54,563 - INFO - [60/100] | train_loss: 0.58727
2025-09-07 18:59:59,572 - INFO - [70/100] | train_loss: 0.59841
2025-09-07 19:00:04,970 - INFO - [80/100] | train_loss: 0.56271
2025-09-07 19:00:10,024 - INFO - [90/100] | train_loss: 0.55549
2025-09-07 19:00:15,668 - INFO - [0/100] | train_loss: 0.22990
2025-09-07 19:00:20,922 - INFO - [10/100] | train_loss: 1.40025
2025-09-07 19:00:26,421 - INFO - [20/100] | train_loss: 0.95077
2025-09-07 19:00:31,625 - INFO - [30/100] | train_loss: 0.71826
2025-09-07 19:00:37,274 - INFO - [40/100] | train_loss: 0.62040
2025-09-07 19:00:42,588 - INFO - [50/100] | train_loss: 0.57157
2025-09-07 19:00:47,793 - INFO - [60/100] | train_loss: 0.55191
2025-09-07 19:00:53,763 - INFO - [70/100] | train_loss: 0.54178
2025-09-07 19:00:59,182 - INFO - [80/100] | train_loss: 0.52571
2025-09-07 19:01:05,225 - INFO - [90/100] | train_loss: 0.50307
2025-09-07 19:01:11,036 - INFO - [0/100] | train_loss: 0.15075
2025-09-07 19:01:16,523 - INFO - [10/100] | train_loss: 1.31344
2025-09-07 19:01:22,371 - INFO - [20/100] | train_loss: 0.98391
2025-09-07 19:01:27,719 - INFO - [30/100] | train_loss: 0.77429
2025-09-07 19:01:33,695 - INFO - [40/100] | train_loss: 0.63743
2025-09-07 19:01:39,484 - INFO - [50/100] | train_loss: 0.70617
2025-09-07 19:01:45,586 - INFO - [60/100] | train_loss: 0.61910
2025-09-07 19:01:51,617 - INFO - [70/100] | train_loss: 0.53646
2025-09-07 19:01:57,263 - INFO - [80/100] | train_loss: 0.58138
2025-09-07 19:02:02,822 - INFO - [90/100] | train_loss: 0.77752
2025-09-07 19:02:08,270 - INFO - ----------
2025-09-07 19:02:08,270 - INFO - sample 43/241 | d1: checkoutservice; level: service; fault_type: k8s容器网络延迟
2025-09-07 19:02:08,271 - INFO - sample 43/241 | predict d1: [('shippingservice', 6.012543822209356), ('checkoutservice', 5.7623647138134295), ('checkoutservice2-0', 4.58502101877356), ('shippingservice-2', 4.377366165090457), ('checkoutservice-1', 4.360636660979658)]
2025-09-07 19:02:08,271 - INFO - sample 43/241 | predict d2: [('<intensity>; hipstershop.ShippingService/ShipOrder; type: upstream', 3.242625115773146), ('<intensity>; hipstershop.ShippingService/ShipOrder; type: current', 3.1959332783613963), ('<intensity>; hipstershop.ShippingService/GetQuote; type: upstream', 3.1866915123419197), ('checkoutservice/Request/mrt.grpc', 3.0457822162839587), ('checkoutservice/Request/mrt.http', 2.983059877596464)]
2025-09-07 19:02:08,271 - INFO - ----------
2025-09-07 19:02:08,905 - INFO - [0/100] | train_loss: 0.25946
2025-09-07 19:02:14,339 - INFO - [10/100] | train_loss: 1.31811
2025-09-07 19:02:20,035 - INFO - [20/100] | train_loss: 0.97010
2025-09-07 19:02:25,526 - INFO - [30/100] | train_loss: 0.71405
2025-09-07 19:02:31,215 - INFO - [40/100] | train_loss: 0.65392
2025-09-07 19:02:36,784 - INFO - [50/100] | train_loss: 0.62407
2025-09-07 19:02:42,199 - INFO - [60/100] | train_loss: 0.61186
2025-09-07 19:02:47,674 - INFO - [70/100] | train_loss: 0.59009
2025-09-07 19:02:53,332 - INFO - [80/100] | train_loss: 0.58729
2025-09-07 19:02:58,591 - INFO - [90/100] | train_loss: 0.67672
2025-09-07 19:03:03,865 - INFO - ----------
2025-09-07 19:03:03,866 - INFO - sample 44/241 | d1: checkoutservice2-0; level: pod; fault_type: k8s容器进程中止
2025-09-07 19:03:03,866 - INFO - sample 44/241 | predict d1: [('checkoutservice2-0', 1.747102210968876), ('checkoutservice', 0.8672475292327064), ('currencyservice', 0.8672475292327064), ('cartservice', 0.8672453787007761), ('checkoutservice-0', 0.8672426511968645)]
2025-09-07 19:03:03,866 - INFO - sample 44/241 | predict d2: [('checkoutservice2-0/Thread/kpi_container_threads', 0.7252350551346431), ('checkoutservice2-0/Memory/kpi_container_memory_cache', 0.6941147075711029), ('checkoutservice2-0/Other/kpi_container_file_descriptors', 0.6901745659107839), ('checkoutservice2-0/CPU/kpi_container_cpu_user_seconds', 0.6878174780111657), ('checkoutservice2-0/Disk/kpi_container_fs_writes', 0.6540936230599925)]
2025-09-07 19:03:03,866 - INFO - ----------
2025-09-07 19:03:04,571 - INFO - [0/100] | train_loss: 0.29686
2025-09-07 19:03:09,984 - INFO - [10/100] | train_loss: 1.44907
2025-09-07 19:03:15,313 - INFO - [20/100] | train_loss: 1.16791
2025-09-07 19:03:20,896 - INFO - [30/100] | train_loss: 1.00057
2025-09-07 19:03:26,495 - INFO - [40/100] | train_loss: 0.95492
2025-09-07 19:03:31,928 - INFO - [50/100] | train_loss: 0.99884
2025-09-07 19:03:37,306 - INFO - [60/100] | train_loss: 0.94783
2025-09-07 19:03:42,488 - INFO - [70/100] | train_loss: 1.03012
2025-09-07 19:03:48,298 - INFO - [80/100] | train_loss: 0.93032
2025-09-07 19:03:54,089 - INFO - [90/100] | train_loss: 0.94019
2025-09-07 19:03:59,768 - INFO - [0/100] | train_loss: 0.29817
2025-09-07 19:04:04,908 - INFO - [10/100] | train_loss: 1.39922
2025-09-07 19:04:10,686 - INFO - [20/100] | train_loss: 1.10116
2025-09-07 19:04:15,874 - INFO - [30/100] | train_loss: 0.84565
2025-09-07 19:04:20,969 - INFO - [40/100] | train_loss: 0.73665
2025-09-07 19:04:26,324 - INFO - [50/100] | train_loss: 0.74499
2025-09-07 19:04:31,896 - INFO - [60/100] | train_loss: 0.74024
2025-09-07 19:04:37,597 - INFO - [70/100] | train_loss: 0.66095
2025-09-07 19:04:42,885 - INFO - [80/100] | train_loss: 0.64949
2025-09-07 19:04:47,978 - INFO - [90/100] | train_loss: 0.69644
2025-09-07 19:04:53,896 - INFO - [0/100] | train_loss: 0.27709
2025-09-07 19:04:59,777 - INFO - [10/100] | train_loss: 1.37851
2025-09-07 19:05:05,190 - INFO - [20/100] | train_loss: 1.05478
2025-09-07 19:05:11,092 - INFO - [30/100] | train_loss: 0.82716
2025-09-07 19:05:16,780 - INFO - [40/100] | train_loss: 0.68787
2025-09-07 19:05:22,480 - INFO - [50/100] | train_loss: 0.64079
2025-09-07 19:05:28,174 - INFO - [60/100] | train_loss: 0.62963
2025-09-07 19:05:33,624 - INFO - [70/100] | train_loss: 0.63613
2025-09-07 19:05:39,315 - INFO - [80/100] | train_loss: 0.60224
2025-09-07 19:05:44,807 - INFO - [90/100] | train_loss: 0.75906
2025-09-07 19:05:50,363 - INFO - [0/100] | train_loss: 0.23722
2025-09-07 19:05:55,994 - INFO - [10/100] | train_loss: 1.36734
2025-09-07 19:06:01,386 - INFO - [20/100] | train_loss: 1.09848
2025-09-07 19:06:07,293 - INFO - [30/100] | train_loss: 0.88502
2025-09-07 19:06:12,705 - INFO - [40/100] | train_loss: 0.72557
2025-09-07 19:06:17,824 - INFO - [50/100] | train_loss: 0.65105
2025-09-07 19:06:23,372 - INFO - [60/100] | train_loss: 0.64940
2025-09-07 19:06:28,695 - INFO - [70/100] | train_loss: 0.68524
2025-09-07 19:06:33,902 - INFO - [80/100] | train_loss: 0.86697
2025-09-07 19:06:39,863 - INFO - [90/100] | train_loss: 0.57645
2025-09-07 19:06:44,966 - INFO - ----------
2025-09-07 19:06:44,966 - INFO - sample 45/241 | d1: productcatalogservice; level: service; fault_type: k8s容器网络资源包损坏
2025-09-07 19:06:44,966 - INFO - sample 45/241 | predict d1: [('productcatalogservice', 3.365291638413307), ('productcatalogservice2-0', 3.195203400578478), ('productcatalogservice-0', 3.0592372672831623), ('productcatalogservice-2', 3.0234758706069442), ('recommendationservice', 2.5208717300172268)]
2025-09-07 19:06:44,966 - INFO - sample 45/241 | predict d2: [('productcatalogservice-1/Network/kpi_container_network_receive_MB', 1.9779019454471118), ('productcatalogservice-1/Network/kpi_container_network_receive_packets', 1.977756873697107), ('productcatalogservice-1/Memory/kpi_container_memory_mapped_file', 1.9739858860511141), ('productcatalogservice/Request/mrt.grpc', 1.971057944041668), ('productcatalogservice-1/CPU/kpi_container_cpu_system_seconds', 1.881579839846129)]
2025-09-07 19:06:44,966 - INFO - ----------
2025-09-07 19:06:45,602 - INFO - [0/100] | train_loss: 0.32053
2025-09-07 19:06:50,919 - INFO - [10/100] | train_loss: 1.36481
2025-09-07 19:06:56,381 - INFO - [20/100] | train_loss: 0.95616
2025-09-07 19:07:01,608 - INFO - [30/100] | train_loss: 0.79147
2025-09-07 19:07:06,285 - INFO - [40/100] | train_loss: 0.66894
2025-09-07 19:07:11,515 - INFO - [50/100] | train_loss: 0.65267
2025-09-07 19:07:17,270 - INFO - [60/100] | train_loss: 0.63506
2025-09-07 19:07:22,386 - INFO - [70/100] | train_loss: 0.61411
2025-09-07 19:07:27,666 - INFO - [80/100] | train_loss: 0.63219
2025-09-07 19:07:32,869 - INFO - [90/100] | train_loss: 0.62433
2025-09-07 19:07:38,002 - INFO - ----------
2025-09-07 19:07:38,002 - INFO - sample 46/241 | d1: frontend-2; level: pod; fault_type: k8s容器写io负载
2025-09-07 19:07:38,002 - INFO - sample 46/241 | predict d1: [('frontend-2', 1.5020891157546927), ('frontend', 0.7458121506133963), ('frontend-1', 0.7453365366462634), ('checkoutservice', 0.7453102113162657), ('currencyservice', 0.7453095802295877)]
2025-09-07 19:07:38,002 - INFO - sample 46/241 | predict d2: [('frontend-2/Memory/kpi_container_memory_cache', 0.6080350200161391), ('frontend-2/Other/kpi_container_sockets', 0.5917263428497108), ('frontend-2/Memory/kpi_container_memory_failcnt', 0.5746411586035904), ('frontend-2/CPU/kpi_container_cpu_cfs_throttled_seconds', 0.5639449606529539), ('frontend-2/CPU/kpi_container_cpu_cfs_throttled_periods', 0.5533163791321059)]
2025-09-07 19:07:38,002 - INFO - ----------
2025-09-07 19:07:38,619 - INFO - [0/100] | train_loss: 0.30327
2025-09-07 19:07:43,799 - INFO - [10/100] | train_loss: 0.88778
2025-09-07 19:07:48,518 - INFO - [20/100] | train_loss: 0.69516
2025-09-07 19:07:53,667 - INFO - [30/100] | train_loss: 0.47854
2025-09-07 19:07:58,318 - INFO - [40/100] | train_loss: 0.51433
2025-09-07 19:08:03,035 - INFO - [50/100] | train_loss: 0.33918
2025-09-07 19:08:07,872 - INFO - [60/100] | train_loss: 0.29746
2025-09-07 19:08:12,899 - INFO - [70/100] | train_loss: 0.27211
2025-09-07 19:08:17,608 - INFO - [80/100] | train_loss: 0.25800
2025-09-07 19:08:22,471 - INFO - [90/100] | train_loss: 0.26086
2025-09-07 19:08:27,525 - INFO - [0/100] | train_loss: 0.12484
2025-09-07 19:08:32,884 - INFO - [10/100] | train_loss: 1.33886
2025-09-07 19:08:38,197 - INFO - [20/100] | train_loss: 0.98855
2025-09-07 19:08:43,492 - INFO - [30/100] | train_loss: 0.64062
2025-09-07 19:08:48,671 - INFO - [40/100] | train_loss: 0.61590
2025-09-07 19:08:53,764 - INFO - [50/100] | train_loss: 0.51450
2025-09-07 19:08:59,033 - INFO - [60/100] | train_loss: 0.49124
2025-09-07 19:09:04,205 - INFO - [70/100] | train_loss: 0.53861
2025-09-07 19:09:09,813 - INFO - [80/100] | train_loss: 0.48449
2025-09-07 19:09:14,979 - INFO - [90/100] | train_loss: 0.48035
2025-09-07 19:09:20,023 - INFO - ----------
2025-09-07 19:09:20,023 - INFO - sample 47/241 | d1: node-2; level: node; fault_type: node 磁盘空间消耗
2025-09-07 19:09:20,023 - INFO - sample 47/241 | predict d1: [('node-2', 1.5190622108463998), ('recommendationservice', 0.28136789579080457), ('recommendationservice-0', 0.2813676758473207), ('productcatalogservice', 0.28136337849002047), ('recommendationservice-2', 0.2813557312242736)]
2025-09-07 19:09:20,023 - INFO - sample 47/241 | predict d2: [('node-2/Disk/system.io.r_await', 0.6207395580585704), ('node-2/CPU/system.cpu.iowait', 0.6038419629471008), ('node-2/CPU/system.load.5', 0.5720029462046341), ('node-2/Disk/system.io.util', 0.565436712697764), ('node-2/Disk/system.io.w_s', 0.5571734018360992)]
2025-09-07 19:09:20,023 - INFO - ----------
2025-09-07 19:09:20,895 - INFO - [0/100] | train_loss: 0.21018
2025-09-07 19:09:26,873 - INFO - [10/100] | train_loss: 1.31519
2025-09-07 19:09:32,422 - INFO - [20/100] | train_loss: 0.90286
2025-09-07 19:09:38,080 - INFO - [30/100] | train_loss: 0.64392
2025-09-07 19:09:43,685 - INFO - [40/100] | train_loss: 0.53705
2025-09-07 19:09:48,885 - INFO - [50/100] | train_loss: 0.50368
2025-09-07 19:09:54,610 - INFO - [60/100] | train_loss: 0.49456
2025-09-07 19:09:59,484 - INFO - [70/100] | train_loss: 0.50223
2025-09-07 19:10:05,198 - INFO - [80/100] | train_loss: 0.47856
2025-09-07 19:10:10,388 - INFO - [90/100] | train_loss: 0.47857
2025-09-07 19:10:16,224 - INFO - [0/100] | train_loss: 0.21474
2025-09-07 19:10:21,715 - INFO - [10/100] | train_loss: 1.31544
2025-09-07 19:10:27,028 - INFO - [20/100] | train_loss: 0.94930
2025-09-07 19:10:32,236 - INFO - [30/100] | train_loss: 0.66206
2025-09-07 19:10:37,905 - INFO - [40/100] | train_loss: 0.53166
2025-09-07 19:10:43,308 - INFO - [50/100] | train_loss: 0.49323
2025-09-07 19:10:48,778 - INFO - [60/100] | train_loss: 0.50601
2025-09-07 19:10:54,028 - INFO - [70/100] | train_loss: 0.47659
2025-09-07 19:10:59,694 - INFO - [80/100] | train_loss: 0.48947
2025-09-07 19:11:04,894 - INFO - [90/100] | train_loss: 0.46338
2025-09-07 19:11:09,664 - INFO - ----------
2025-09-07 19:11:09,664 - INFO - sample 48/241 | d1: emailservice; level: service; fault_type: k8s容器网络丢包
2025-09-07 19:11:09,664 - INFO - sample 48/241 | predict d1: [('emailservice-0', 2.9748385706365035), ('emailservice-2', 2.9706010430119107), ('emailservice', 1.976840331732589), ('emailservice2-0', 1.976840331732589), ('emailservice-1', 1.9767195751704207)]
2025-09-07 19:11:09,664 - INFO - sample 48/241 | predict d2: [('emailservice/Request/mrt.grpc', 1.3467152385990708), ('emailservice-2/Network/kpi_container_network_transmit_packets', 1.1265762787090097), ('emailservice-0/Network/kpi_container_network_transmit_MB', 1.121619624746824), ('emailservice-0/Network/kpi_container_network_receive_packets', 1.1139806061136284), ('<duration>; hipstershop.EmailService/SendOrderConfirmation; type: current', 1.1105097106773485)]
2025-09-07 19:11:09,665 - INFO - ----------
2025-09-07 19:11:10,321 - INFO - [0/100] | train_loss: 0.29864
2025-09-07 19:11:15,936 - INFO - [10/100] | train_loss: 1.31109
2025-09-07 19:11:20,782 - INFO - [20/100] | train_loss: 0.93730
2025-09-07 19:11:26,273 - INFO - [30/100] | train_loss: 0.71183
2025-09-07 19:11:31,673 - INFO - [40/100] | train_loss: 0.59145
2025-09-07 19:11:36,980 - INFO - [50/100] | train_loss: 0.55946
2025-09-07 19:11:42,438 - INFO - [60/100] | train_loss: 0.51698
2025-09-07 19:11:48,093 - INFO - [70/100] | train_loss: 0.50985
2025-09-07 19:11:53,786 - INFO - [80/100] | train_loss: 0.53240
2025-09-07 19:11:59,888 - INFO - [90/100] | train_loss: 0.48499
2025-09-07 19:12:04,923 - INFO - ----------
2025-09-07 19:12:04,923 - INFO - sample 49/241 | d1: node-6; level: node; fault_type: node 磁盘写IO消耗
2025-09-07 19:12:04,923 - INFO - sample 49/241 | predict d1: [('emailservice', 0.39267312641957375), ('checkoutservice', 0.39267312641957375), ('emailservice2-0', 0.392652817326697), ('emailservice-0', 0.39263904205347977), ('emailservice-1', 0.3925606598053619)]
2025-09-07 19:12:04,923 - INFO - sample 49/241 | predict d2: [('emailservice-2/CPU/kpi_container_cpu_user_seconds', 0.3326550629972296), ('emailservice-2/CPU/kpi_container_cpu_cfs_periods', 0.3211119501483175), ('emailservice-2/Network/kpi_container_network_transmit_packets', 0.318863750078318), ('emailservice-2/Other/kpi_container_file_descriptors', 0.3161624991989296), ('emailservice-2/Other/kpi_container_sockets', 0.31583998325595175)]
2025-09-07 19:12:04,923 - INFO - ----------
2025-09-07 19:12:05,528 - INFO - [0/100] | train_loss: 0.21501
2025-09-07 19:12:11,032 - INFO - [10/100] | train_loss: 1.41844
2025-09-07 19:12:16,301 - INFO - [20/100] | train_loss: 1.06476
2025-09-07 19:12:21,506 - INFO - [30/100] | train_loss: 0.88796
2025-09-07 19:12:27,026 - INFO - [40/100] | train_loss: 0.86078
2025-09-07 19:12:32,672 - INFO - [50/100] | train_loss: 0.86107
2025-09-07 19:12:38,642 - INFO - [60/100] | train_loss: 0.84169
2025-09-07 19:12:44,087 - INFO - [70/100] | train_loss: 0.82711
2025-09-07 19:12:49,727 - INFO - [80/100] | train_loss: 0.82856
2025-09-07 19:12:55,430 - INFO - [90/100] | train_loss: 0.84535
2025-09-07 19:13:00,932 - INFO - [0/100] | train_loss: 0.23376
2025-09-07 19:13:06,272 - INFO - [10/100] | train_loss: 1.30845
2025-09-07 19:13:11,884 - INFO - [20/100] | train_loss: 0.94612
2025-09-07 19:13:16,824 - INFO - [30/100] | train_loss: 0.69188
2025-09-07 19:13:22,878 - INFO - [40/100] | train_loss: 0.82023
2025-09-07 19:13:28,609 - INFO - [50/100] | train_loss: 0.66553
2025-09-07 19:13:33,823 - INFO - [60/100] | train_loss: 0.63744
2025-09-07 19:13:39,516 - INFO - [70/100] | train_loss: 0.52575
2025-09-07 19:13:44,965 - INFO - [80/100] | train_loss: 0.51216
2025-09-07 19:13:50,567 - INFO - [90/100] | train_loss: 0.54550
2025-09-07 19:13:56,212 - INFO - [0/100] | train_loss: 0.24086
2025-09-07 19:14:02,275 - INFO - [10/100] | train_loss: 1.33222
2025-09-07 19:14:07,612 - INFO - [20/100] | train_loss: 0.97033
2025-09-07 19:14:13,100 - INFO - [30/100] | train_loss: 0.68035
2025-09-07 19:14:18,785 - INFO - [40/100] | train_loss: 0.57724
2025-09-07 19:14:23,909 - INFO - [50/100] | train_loss: 0.50527
2025-09-07 19:14:29,037 - INFO - [60/100] | train_loss: 0.48539
2025-09-07 19:14:34,763 - INFO - [70/100] | train_loss: 0.48100
2025-09-07 19:14:40,111 - INFO - [80/100] | train_loss: 0.51346
2025-09-07 19:14:45,471 - INFO - [90/100] | train_loss: 0.49231
2025-09-07 19:14:51,176 - INFO - [0/100] | train_loss: 0.17342
2025-09-07 19:14:56,785 - INFO - [10/100] | train_loss: 1.37203
2025-09-07 19:15:02,186 - INFO - [20/100] | train_loss: 0.92445
2025-09-07 19:15:07,663 - INFO - [30/100] | train_loss: 0.67347
2025-09-07 19:15:13,363 - INFO - [40/100] | train_loss: 0.56112
2025-09-07 19:15:19,100 - INFO - [50/100] | train_loss: 0.57570
2025-09-07 19:15:24,292 - INFO - [60/100] | train_loss: 0.52072
2025-09-07 19:15:30,220 - INFO - [70/100] | train_loss: 0.54109
2025-09-07 19:15:36,021 - INFO - [80/100] | train_loss: 0.51532
2025-09-07 19:15:41,598 - INFO - [90/100] | train_loss: 0.49687
2025-09-07 19:15:46,632 - INFO - [0/100] | train_loss: 0.14510
2025-09-07 19:15:52,264 - INFO - [10/100] | train_loss: 1.26048
2025-09-07 19:15:58,264 - INFO - [20/100] | train_loss: 0.87267
2025-09-07 19:16:03,071 - INFO - [30/100] | train_loss: 0.62356
2025-09-07 19:16:08,287 - INFO - [40/100] | train_loss: 0.51213
2025-09-07 19:16:13,303 - INFO - [50/100] | train_loss: 0.48733
2025-09-07 19:16:18,671 - INFO - [60/100] | train_loss: 0.48029
2025-09-07 19:16:23,897 - INFO - [70/100] | train_loss: 0.47483
2025-09-07 19:16:29,100 - INFO - [80/100] | train_loss: 0.49639
2025-09-07 19:16:34,300 - INFO - [90/100] | train_loss: 0.45718
2025-09-07 19:16:38,971 - INFO - ----------
2025-09-07 19:16:38,971 - INFO - sample 50/241 | d1: node-5; level: node; fault_type: node 磁盘空间消耗
2025-09-07 19:16:38,971 - INFO - sample 50/241 | predict d1: [('recommendationservice-1', 2.7561892565194626), ('recommendationservice', 2.551681498499587), ('frontend', 1.9353511068787954), ('recommendationservice-0', 1.9266026929824385), ('shippingservice-1', 1.7337036308429212)]
2025-09-07 19:16:38,971 - INFO - sample 50/241 | predict d2: [('recommendationservice-1/Network/kpi_container_network_transmit_packets', 1.5009999297822887), ('<duration>; cmdb_id: recommendationservice-1; type: upstream', 1.4003833046924896), ('recommendationservice-1/Memory/kpi_container_memory_mapped_file', 1.325791140711015), ('recommendationservice-1/Other/kpi_container_sockets', 1.262957733278995), ('recommendationservice-1/CPU/kpi_container_cpu_user_seconds', 1.2613839054448839)]
2025-09-07 19:16:38,971 - INFO - ----------
2025-09-07 19:16:39,690 - INFO - [0/100] | train_loss: 0.13490
2025-09-07 19:16:45,687 - INFO - [10/100] | train_loss: 1.31431
2025-09-07 19:16:51,321 - INFO - [20/100] | train_loss: 0.91832
2025-09-07 19:16:56,497 - INFO - [30/100] | train_loss: 0.69725
2025-09-07 19:17:01,702 - INFO - [40/100] | train_loss: 0.62453
2025-09-07 19:17:06,887 - INFO - [50/100] | train_loss: 0.52537
2025-09-07 19:17:12,678 - INFO - [60/100] | train_loss: 0.55331
2025-09-07 19:17:17,999 - INFO - [70/100] | train_loss: 0.51415
2025-09-07 19:17:23,305 - INFO - [80/100] | train_loss: 0.52990
2025-09-07 19:17:28,191 - INFO - [90/100] | train_loss: 0.51439
2025-09-07 19:17:33,318 - INFO - ----------
2025-09-07 19:17:33,318 - INFO - sample 51/241 | d1: node-5; level: node; fault_type: node 内存消耗
2025-09-07 19:17:33,318 - INFO - sample 51/241 | predict d1: [('recommendationservice-1', 1.1387349051039308), ('recommendationservice', 0.5669923323627302), ('productcatalogservice', 0.5669923323627302), ('recommendationservice-0', 0.5669406863462001), ('frontend', 0.5669351297120784)]
2025-09-07 19:17:33,318 - INFO - sample 51/241 | predict d2: [('recommendationservice-1/Other/kpi_container_sockets', 0.5142483862918112), ('recommendationservice-1/Memory/kpi_container_memory_mapped_file', 0.48449008792630366), ('recommendationservice-1/CPU/kpi_container_cpu_usage_seconds', 0.4444507551137633), ('recommendationservice-1/Network/kpi_container_network_receive_packets', 0.4402924496732652), ('recommendationservice-1/Other/kpi_container_file_descriptors', 0.423826608730522)]
2025-09-07 19:17:33,318 - INFO - ----------
2025-09-07 19:17:33,924 - INFO - [0/100] | train_loss: 0.37201
2025-09-07 19:17:39,169 - INFO - [10/100] | train_loss: 0.87773
2025-09-07 19:17:44,093 - INFO - [20/100] | train_loss: 0.64979
2025-09-07 19:17:48,768 - INFO - [30/100] | train_loss: 0.46638
2025-09-07 19:17:53,504 - INFO - [40/100] | train_loss: 0.37621
2025-09-07 19:17:58,201 - INFO - [50/100] | train_loss: 0.30437
2025-09-07 19:18:03,002 - INFO - [60/100] | train_loss: 0.27926
2025-09-07 19:18:07,696 - INFO - [70/100] | train_loss: 0.27667
2025-09-07 19:18:12,784 - INFO - [80/100] | train_loss: 0.25488
2025-09-07 19:18:17,764 - INFO - [90/100] | train_loss: 0.25454
2025-09-07 19:18:22,716 - INFO - [0/100] | train_loss: 0.16797
2025-09-07 19:18:28,437 - INFO - [10/100] | train_loss: 1.33054
2025-09-07 19:18:33,863 - INFO - [20/100] | train_loss: 1.03581
2025-09-07 19:18:39,413 - INFO - [30/100] | train_loss: 0.75636
2025-09-07 19:18:44,877 - INFO - [40/100] | train_loss: 0.56372
2025-09-07 19:18:50,207 - INFO - [50/100] | train_loss: 0.54578
2025-09-07 19:18:55,408 - INFO - [60/100] | train_loss: 0.52319
2025-09-07 19:19:01,229 - INFO - [70/100] | train_loss: 0.51363
2025-09-07 19:19:06,881 - INFO - [80/100] | train_loss: 0.49851
2025-09-07 19:19:12,383 - INFO - [90/100] | train_loss: 0.48930
2025-09-07 19:19:17,308 - INFO - ----------
2025-09-07 19:19:17,308 - INFO - sample 52/241 | d1: node-1; level: node; fault_type: node 磁盘空间消耗
2025-09-07 19:19:17,308 - INFO - sample 52/241 | predict d1: [('node-1', 1.96512623637976), ('recommendationservice-1', 1.070331866635435), ('recommendationservice', 0.5328533104924311), ('recommendationservice-0', 0.5328533104924311), ('recommendationservice2-0', 0.5328186096151342)]
2025-09-07 19:19:17,308 - INFO - sample 52/241 | predict d2: [('node-1/CPU/system.load.5', 0.7924967842352331), ('node-1/CPU/system.load.15', 0.7910766065275041), ('node-1/CPU/system.cpu.pct_usage', 0.7392955867160538), ('node-1/CPU/system.load.1', 0.7316529458116321), ('node-1/Disk/system.io.w_s', 0.7218103090053631)]
2025-09-07 19:19:17,308 - INFO - ----------
2025-09-07 19:19:18,009 - INFO - [0/100] | train_loss: 0.30291
2025-09-07 19:19:23,632 - INFO - [10/100] | train_loss: 1.47897
2025-09-07 19:19:28,787 - INFO - [20/100] | train_loss: 1.13520
2025-09-07 19:19:34,408 - INFO - [30/100] | train_loss: 0.99017
2025-09-07 19:19:39,698 - INFO - [40/100] | train_loss: 0.96944
2025-09-07 19:19:45,073 - INFO - [50/100] | train_loss: 0.99217
2025-09-07 19:19:50,870 - INFO - [60/100] | train_loss: 0.99597
2025-09-07 19:19:56,277 - INFO - [70/100] | train_loss: 0.99617
2025-09-07 19:20:01,965 - INFO - [80/100] | train_loss: 0.99142
2025-09-07 19:20:07,412 - INFO - [90/100] | train_loss: 0.99289
2025-09-07 19:20:13,080 - INFO - [0/100] | train_loss: 0.36241
2025-09-07 19:20:18,874 - INFO - [10/100] | train_loss: 1.27173
2025-09-07 19:20:24,004 - INFO - [20/100] | train_loss: 0.89924
2025-09-07 19:20:29,625 - INFO - [30/100] | train_loss: 0.67048
2025-09-07 19:20:35,190 - INFO - [40/100] | train_loss: 0.59422
2025-09-07 19:20:40,864 - INFO - [50/100] | train_loss: 0.56770
2025-09-07 19:20:46,436 - INFO - [60/100] | train_loss: 0.54690
2025-09-07 19:20:52,194 - INFO - [70/100] | train_loss: 0.53687
2025-09-07 19:20:57,995 - INFO - [80/100] | train_loss: 0.53418
2025-09-07 19:21:03,196 - INFO - [90/100] | train_loss: 0.52834
2025-09-07 19:21:08,704 - INFO - [0/100] | train_loss: 0.20822
2025-09-07 19:21:13,737 - INFO - [10/100] | train_loss: 1.27186
2025-09-07 19:21:18,985 - INFO - [20/100] | train_loss: 0.87338
2025-09-07 19:21:24,475 - INFO - [30/100] | train_loss: 0.63202
2025-09-07 19:21:30,269 - INFO - [40/100] | train_loss: 0.55058
2025-09-07 19:21:35,787 - INFO - [50/100] | train_loss: 0.53322
2025-09-07 19:21:41,225 - INFO - [60/100] | train_loss: 0.52005
2025-09-07 19:21:46,784 - INFO - [70/100] | train_loss: 0.51040
2025-09-07 19:21:52,080 - INFO - [80/100] | train_loss: 0.50934
2025-09-07 19:21:58,003 - INFO - [90/100] | train_loss: 0.51349
2025-09-07 19:22:03,375 - INFO - [0/100] | train_loss: 0.23393
2025-09-07 19:22:09,504 - INFO - [10/100] | train_loss: 1.26376
2025-09-07 19:22:15,286 - INFO - [20/100] | train_loss: 0.87645
2025-09-07 19:22:20,918 - INFO - [30/100] | train_loss: 0.64260
2025-09-07 19:22:26,186 - INFO - [40/100] | train_loss: 0.55929
2025-09-07 19:22:31,968 - INFO - [50/100] | train_loss: 0.56499
2025-09-07 19:22:37,366 - INFO - [60/100] | train_loss: 0.52821
2025-09-07 19:22:42,605 - INFO - [70/100] | train_loss: 0.51904
2025-09-07 19:22:48,228 - INFO - [80/100] | train_loss: 0.52418
2025-09-07 19:22:53,963 - INFO - [90/100] | train_loss: 0.52403
2025-09-07 19:22:59,184 - INFO - [0/100] | train_loss: 0.27512
2025-09-07 19:23:04,874 - INFO - [10/100] | train_loss: 1.28121
2025-09-07 19:23:10,593 - INFO - [20/100] | train_loss: 0.89665
2025-09-07 19:23:15,794 - INFO - [30/100] | train_loss: 0.65849
2025-09-07 19:23:21,833 - INFO - [40/100] | train_loss: 0.58458
2025-09-07 19:23:27,476 - INFO - [50/100] | train_loss: 0.56322
2025-09-07 19:23:32,870 - INFO - [60/100] | train_loss: 0.54934
2025-09-07 19:23:38,371 - INFO - [70/100] | train_loss: 0.55837
2025-09-07 19:23:43,764 - INFO - [80/100] | train_loss: 0.54750
2025-09-07 19:23:49,521 - INFO - [90/100] | train_loss: 0.54825
2025-09-07 19:23:54,867 - INFO - ----------
2025-09-07 19:23:54,867 - INFO - sample 53/241 | d1: frontend; level: service; fault_type: k8s容器读io负载
2025-09-07 19:23:54,867 - INFO - sample 53/241 | predict d1: [('frontend', 5.863100081866907), ('frontend-0', 5.846529191085626), ('frontend-1', 5.840253925861962), ('frontend2-0', 5.832650133211811), ('frontend-2', 4.896036885713241)]
2025-09-07 19:23:54,867 - INFO - sample 53/241 | predict d2: [('frontend-1/Disk/kpi_container_fs_reads_MB', 2.5229164873785077), ('frontend-2/CPU/kpi_container_cpu_usage_seconds', 2.5015703330827836), ('frontend-2/CPU/kpi_container_cpu_cfs_periods', 2.4719027827618483), ('frontend-2/CPU/kpi_container_cpu_system_seconds', 2.4540818865376455), ('frontend2-0/Memory/kpi_container_memory_cache', 2.452095450059682)]
2025-09-07 19:23:54,867 - INFO - ----------
2025-09-07 19:23:55,513 - INFO - [0/100] | train_loss: 0.30196
2025-09-07 19:24:00,706 - INFO - [10/100] | train_loss: 1.37054
2025-09-07 19:24:06,379 - INFO - [20/100] | train_loss: 1.01225
2025-09-07 19:24:11,991 - INFO - [30/100] | train_loss: 0.72839
2025-09-07 19:24:17,670 - INFO - [40/100] | train_loss: 0.61834
2025-09-07 19:24:22,900 - INFO - [50/100] | train_loss: 0.58456
2025-09-07 19:24:28,691 - INFO - [60/100] | train_loss: 0.58457
2025-09-07 19:24:34,175 - INFO - [70/100] | train_loss: 0.55479
2025-09-07 19:24:39,712 - INFO - [80/100] | train_loss: 0.54426
2025-09-07 19:24:45,218 - INFO - [90/100] | train_loss: 0.54218
2025-09-07 19:24:50,342 - INFO - ----------
2025-09-07 19:24:50,343 - INFO - sample 54/241 | d1: currencyservice-0; level: pod; fault_type: k8s容器cpu负载
2025-09-07 19:24:50,343 - INFO - sample 54/241 | predict d1: [('currencyservice-0', 1.9844706372676342), ('currencyservice', 0.9879453017813944), ('currencyservice-1', 0.9879453017813944), ('checkoutservice', 0.9878294749793781), ('currencyservice2-0', 0.9877957367108934)]
2025-09-07 19:24:50,343 - INFO - sample 54/241 | predict d2: [('currencyservice-0/CPU/kpi_container_cpu_cfs_periods', 0.782949859915675), ('currencyservice-0/Network/kpi_container_network_receive_MB', 0.7521433756842271), ('currencyservice-0/Network/kpi_container_network_transmit_packets', 0.737536962568015), ('currencyservice-0/CPU/kpi_container_cpu_system_seconds', 0.703242072051637), ('currencyservice-0/Other/kpi_container_file_descriptors', 0.689354319693166)]
2025-09-07 19:24:50,343 - INFO - ----------
2025-09-07 19:24:50,939 - INFO - [0/100] | train_loss: 0.25212
2025-09-07 19:24:56,609 - INFO - [10/100] | train_loss: 1.40545
2025-09-07 19:25:01,877 - INFO - [20/100] | train_loss: 1.01791
2025-09-07 19:25:07,163 - INFO - [30/100] | train_loss: 0.82881
2025-09-07 19:25:12,794 - INFO - [40/100] | train_loss: 0.76737
2025-09-07 19:25:18,326 - INFO - [50/100] | train_loss: 0.76515
2025-09-07 19:25:23,574 - INFO - [60/100] | train_loss: 0.73990
2025-09-07 19:25:29,266 - INFO - [70/100] | train_loss: 0.73403
2025-09-07 19:25:34,781 - INFO - [80/100] | train_loss: 0.76055
2025-09-07 19:25:40,086 - INFO - [90/100] | train_loss: 0.75431
2025-09-07 19:25:45,729 - INFO - [0/100] | train_loss: 0.25976
2025-09-07 19:25:50,832 - INFO - [10/100] | train_loss: 1.30472
2025-09-07 19:25:56,179 - INFO - [20/100] | train_loss: 0.93785
2025-09-07 19:26:01,674 - INFO - [30/100] | train_loss: 0.65621
2025-09-07 19:26:07,784 - INFO - [40/100] | train_loss: 0.53798
2025-09-07 19:26:13,488 - INFO - [50/100] | train_loss: 0.49625
2025-09-07 19:26:19,101 - INFO - [60/100] | train_loss: 0.47972
2025-09-07 19:26:24,243 - INFO - [70/100] | train_loss: 0.47572
2025-09-07 19:26:29,882 - INFO - [80/100] | train_loss: 0.45996
2025-09-07 19:26:35,485 - INFO - [90/100] | train_loss: 0.45564
2025-09-07 19:26:40,963 - INFO - [0/100] | train_loss: 0.18379
2025-09-07 19:26:46,213 - INFO - [10/100] | train_loss: 1.29751
2025-09-07 19:26:51,889 - INFO - [20/100] | train_loss: 0.89736
2025-09-07 19:26:57,436 - INFO - [30/100] | train_loss: 0.62946
2025-09-07 19:27:02,804 - INFO - [40/100] | train_loss: 0.57713
2025-09-07 19:27:08,517 - INFO - [50/100] | train_loss: 0.47100
2025-09-07 19:27:13,985 - INFO - [60/100] | train_loss: 0.44926
2025-09-07 19:27:19,670 - INFO - [70/100] | train_loss: 0.45698
2025-09-07 19:27:25,238 - INFO - [80/100] | train_loss: 0.56203
2025-09-07 19:27:30,622 - INFO - [90/100] | train_loss: 0.45034
2025-09-07 19:27:36,389 - INFO - [0/100] | train_loss: 0.25278
2025-09-07 19:27:42,202 - INFO - [10/100] | train_loss: 1.32887
2025-09-07 19:27:47,838 - INFO - [20/100] | train_loss: 0.93820
2025-09-07 19:27:53,915 - INFO - [30/100] | train_loss: 0.68686
2025-09-07 19:27:59,528 - INFO - [40/100] | train_loss: 0.69361
2025-09-07 19:28:05,025 - INFO - [50/100] | train_loss: 0.58541
2025-09-07 19:28:10,437 - INFO - [60/100] | train_loss: 0.53355
2025-09-07 19:28:16,179 - INFO - [70/100] | train_loss: 0.52493
2025-09-07 19:28:21,378 - INFO - [80/100] | train_loss: 0.50385
2025-09-07 19:28:26,065 - INFO - [90/100] | train_loss: 0.49442
2025-09-07 19:28:31,567 - INFO - ----------
2025-09-07 19:28:31,568 - INFO - sample 55/241 | d1: frontend; level: service; fault_type: k8s容器网络资源包重复发送
2025-09-07 19:28:31,568 - INFO - sample 55/241 | predict d1: [('emailservice-0', 3.811289383273749), ('emailservice-1', 3.7288303104187186), ('emailservice', 3.6213104197671413), ('emailservice-2', 3.459712251932782), ('emailservice2-0', 2.1173133687174093)]
2025-09-07 19:28:31,568 - INFO - sample 55/241 | predict d2: [('emailservice-1/Network/kpi_container_network_transmit_packets', 2.1579923361773865), ('emailservice-1/Other/kpi_container_sockets', 2.0669429652017683), ('emailservice-1/Network/kpi_container_network_receive_packets', 2.0346994330651853), ('emailservice-1/Memory/kpi_container_memory_mapped_file', 2.0214730457455765), ('emailservice-1/CPU/kpi_container_cpu_user_seconds', 1.9120326165751216)]
2025-09-07 19:28:31,568 - INFO - ----------
2025-09-07 19:28:32,197 - INFO - [0/100] | train_loss: 0.19290
2025-09-07 19:28:37,338 - INFO - [10/100] | train_loss: 1.31303
2025-09-07 19:28:42,804 - INFO - [20/100] | train_loss: 0.93614
2025-09-07 19:28:48,567 - INFO - [30/100] | train_loss: 0.63654
2025-09-07 19:28:54,966 - INFO - [40/100] | train_loss: 0.53902
2025-09-07 19:29:00,709 - INFO - [50/100] | train_loss: 0.55045
2025-09-07 19:29:06,184 - INFO - [60/100] | train_loss: 0.52561
2025-09-07 19:29:12,085 - INFO - [70/100] | train_loss: 0.51939
2025-09-07 19:29:17,780 - INFO - [80/100] | train_loss: 0.46928
2025-09-07 19:29:23,290 - INFO - [90/100] | train_loss: 0.47423
2025-09-07 19:29:28,223 - INFO - ----------
2025-09-07 19:29:28,223 - INFO - sample 56/241 | d1: node-6; level: node; fault_type: node 磁盘空间消耗
2025-09-07 19:29:28,223 - INFO - sample 56/241 | predict d1: [('shippingservice', 0.16151125094523167), ('shippingservice-0', 0.16151125094523167), ('shippingservice-2', 0.16149616000981837), ('frontend', 0.16149513064099352), ('shippingservice2-0', 0.16147511621506894)]
2025-09-07 19:29:28,223 - INFO - sample 56/241 | predict d2: [('shippingservice-1/CPU/kpi_container_cpu_cfs_periods', 0.13320831810991152), ('shippingservice-1/Other/kpi_container_file_descriptors', 0.12103684748235466), ('shippingservice-1/Network/kpi_container_network_receive_MB', 0.11785071790481894), ('shippingservice-1/CPU/kpi_container_cpu_system_seconds', 0.11554196987403742), ('shippingservice-1/Network/kpi_container_network_receive_packets', 0.11311625252726287)]
2025-09-07 19:29:28,223 - INFO - ----------
2025-09-07 19:29:28,966 - INFO - [0/100] | train_loss: 0.31246
2025-09-07 19:29:34,767 - INFO - [10/100] | train_loss: 1.39841
2025-09-07 19:29:40,176 - INFO - [20/100] | train_loss: 1.03477
2025-09-07 19:29:45,780 - INFO - [30/100] | train_loss: 0.86592
2025-09-07 19:29:51,202 - INFO - [40/100] | train_loss: 0.81609
2025-09-07 19:29:56,898 - INFO - [50/100] | train_loss: 0.81047
2025-09-07 19:30:02,368 - INFO - [60/100] | train_loss: 0.81077
2025-09-07 19:30:08,332 - INFO - [70/100] | train_loss: 0.80631
2025-09-07 19:30:14,085 - INFO - [80/100] | train_loss: 0.81588
2025-09-07 19:30:19,691 - INFO - [90/100] | train_loss: 0.81175
2025-09-07 19:30:25,433 - INFO - [0/100] | train_loss: 0.24337
2025-09-07 19:30:31,132 - INFO - [10/100] | train_loss: 1.30806
2025-09-07 19:30:36,879 - INFO - [20/100] | train_loss: 0.91995
2025-09-07 19:30:42,291 - INFO - [30/100] | train_loss: 0.65046
2025-09-07 19:30:47,518 - INFO - [40/100] | train_loss: 0.52201
2025-09-07 19:30:52,865 - INFO - [50/100] | train_loss: 0.47675
2025-09-07 19:30:58,674 - INFO - [60/100] | train_loss: 0.47021
2025-09-07 19:31:04,282 - INFO - [70/100] | train_loss: 0.46002
2025-09-07 19:31:09,825 - INFO - [80/100] | train_loss: 0.45275
2025-09-07 19:31:15,483 - INFO - [90/100] | train_loss: 0.45230
2025-09-07 19:31:21,577 - INFO - [0/100] | train_loss: 0.28322
2025-09-07 19:31:27,163 - INFO - [10/100] | train_loss: 1.27937
2025-09-07 19:31:32,912 - INFO - [20/100] | train_loss: 0.91353
2025-09-07 19:31:38,395 - INFO - [30/100] | train_loss: 0.63216
2025-09-07 19:31:43,868 - INFO - [40/100] | train_loss: 0.51703
2025-09-07 19:31:49,886 - INFO - [50/100] | train_loss: 0.47524
2025-09-07 19:31:55,389 - INFO - [60/100] | train_loss: 0.45407
2025-09-07 19:32:01,463 - INFO - [70/100] | train_loss: 0.44872
2025-09-07 19:32:07,591 - INFO - [80/100] | train_loss: 0.43901
2025-09-07 19:32:13,463 - INFO - [90/100] | train_loss: 0.43122
2025-09-07 19:32:19,227 - INFO - [0/100] | train_loss: 0.23916
2025-09-07 19:32:24,865 - INFO - [10/100] | train_loss: 1.31172
2025-09-07 19:32:30,473 - INFO - [20/100] | train_loss: 0.93297
2025-09-07 19:32:36,171 - INFO - [30/100] | train_loss: 0.65833
2025-09-07 19:32:41,869 - INFO - [40/100] | train_loss: 0.54751
2025-09-07 19:32:47,707 - INFO - [50/100] | train_loss: 0.48337
2025-09-07 19:32:53,587 - INFO - [60/100] | train_loss: 0.47864
2025-09-07 19:32:59,296 - INFO - [70/100] | train_loss: 0.46752
2025-09-07 19:33:05,165 - INFO - [80/100] | train_loss: 0.45578
2025-09-07 19:33:11,003 - INFO - [90/100] | train_loss: 0.45739
2025-09-07 19:33:16,666 - INFO - [0/100] | train_loss: 0.26603
2025-09-07 19:33:22,390 - INFO - [10/100] | train_loss: 1.27513
2025-09-07 19:33:27,965 - INFO - [20/100] | train_loss: 0.88238
2025-09-07 19:33:32,893 - INFO - [30/100] | train_loss: 0.62817
2025-09-07 19:33:37,576 - INFO - [40/100] | train_loss: 0.52349
2025-09-07 19:33:42,902 - INFO - [50/100] | train_loss: 0.50837
2025-09-07 19:33:48,471 - INFO - [60/100] | train_loss: 0.47635
2025-09-07 19:33:54,136 - INFO - [70/100] | train_loss: 0.46723
2025-09-07 19:33:59,307 - INFO - [80/100] | train_loss: 0.46399
2025-09-07 19:34:05,066 - INFO - [90/100] | train_loss: 0.47435
2025-09-07 19:34:10,007 - INFO - ----------
2025-09-07 19:34:10,007 - INFO - sample 57/241 | d1: recommendationservice; level: service; fault_type: k8s容器内存负载
2025-09-07 19:34:10,007 - INFO - sample 57/241 | predict d1: [('recommendationservice-1', 5.527029023883728), ('recommendationservice2-0', 5.520942120547051), ('recommendationservice-2', 5.447430896998643), ('recommendationservice-0', 5.413882230049978), ('recommendationservice', 5.359326765342551)]
2025-09-07 19:34:10,007 - INFO - sample 57/241 | predict d2: [('recommendationservice-1/CPU/kpi_container_cpu_cfs_periods', 2.926227622818395), ('recommendationservice-1/Disk/kpi_container_fs_reads_MB', 2.7850611311373186), ('recommendationservice-1/Thread/kpi_container_threads', 2.5970042709909382), ('recommendationservice-1/Memory/kpi_container_memory_rss', 2.580215210017144), ('recommendationservice-1/Memory/kpi_container_memory_usage_MB', 2.578132246687721)]
2025-09-07 19:34:10,007 - INFO - ----------
2025-09-07 19:34:10,665 - INFO - [0/100] | train_loss: 0.39825
2025-09-07 19:34:15,904 - INFO - [10/100] | train_loss: 1.42234
2025-09-07 19:34:21,574 - INFO - [20/100] | train_loss: 1.06227
2025-09-07 19:34:26,915 - INFO - [30/100] | train_loss: 0.89790
2025-09-07 19:34:32,524 - INFO - [40/100] | train_loss: 0.86162
2025-09-07 19:34:37,782 - INFO - [50/100] | train_loss: 0.85412
2025-09-07 19:34:43,274 - INFO - [60/100] | train_loss: 0.84840
2025-09-07 19:34:48,496 - INFO - [70/100] | train_loss: 0.84896
2025-09-07 19:34:53,986 - INFO - [80/100] | train_loss: 0.85466
2025-09-07 19:34:59,387 - INFO - [90/100] | train_loss: 0.85193
2025-09-07 19:35:04,811 - INFO - [0/100] | train_loss: 0.26175
2025-09-07 19:35:10,472 - INFO - [10/100] | train_loss: 1.29844
2025-09-07 19:35:16,118 - INFO - [20/100] | train_loss: 0.90960
2025-09-07 19:35:21,689 - INFO - [30/100] | train_loss: 0.64354
2025-09-07 19:35:27,401 - INFO - [40/100] | train_loss: 0.52253
2025-09-07 19:35:32,835 - INFO - [50/100] | train_loss: 0.48340
2025-09-07 19:35:38,169 - INFO - [60/100] | train_loss: 0.47387
2025-09-07 19:35:43,730 - INFO - [70/100] | train_loss: 0.46872
2025-09-07 19:35:49,515 - INFO - [80/100] | train_loss: 0.46697
2025-09-07 19:35:55,082 - INFO - [90/100] | train_loss: 0.45566
2025-09-07 19:36:00,602 - INFO - [0/100] | train_loss: 0.29481
2025-09-07 19:36:05,945 - INFO - [10/100] | train_loss: 1.28849
2025-09-07 19:36:11,394 - INFO - [20/100] | train_loss: 0.87783
2025-09-07 19:36:17,030 - INFO - [30/100] | train_loss: 0.60356
2025-09-07 19:36:22,666 - INFO - [40/100] | train_loss: 0.49218
2025-09-07 19:36:28,163 - INFO - [50/100] | train_loss: 0.46430
2025-09-07 19:36:33,684 - INFO - [60/100] | train_loss: 0.45204
2025-09-07 19:36:38,963 - INFO - [70/100] | train_loss: 0.44077
2025-09-07 19:36:44,678 - INFO - [80/100] | train_loss: 0.43426
2025-09-07 19:36:50,306 - INFO - [90/100] | train_loss: 0.43536
2025-09-07 19:36:56,005 - INFO - [0/100] | train_loss: 0.22789
2025-09-07 19:37:01,899 - INFO - [10/100] | train_loss: 1.29699
2025-09-07 19:37:07,676 - INFO - [20/100] | train_loss: 0.90621
2025-09-07 19:37:13,481 - INFO - [30/100] | train_loss: 0.61661
2025-09-07 19:37:19,232 - INFO - [40/100] | train_loss: 0.49122
2025-09-07 19:37:24,714 - INFO - [50/100] | train_loss: 0.45488
2025-09-07 19:37:30,210 - INFO - [60/100] | train_loss: 0.44145
2025-09-07 19:37:35,575 - INFO - [70/100] | train_loss: 0.43715
2025-09-07 19:37:41,177 - INFO - [80/100] | train_loss: 0.43221
2025-09-07 19:37:46,400 - INFO - [90/100] | train_loss: 0.43337
2025-09-07 19:37:52,481 - INFO - [0/100] | train_loss: 0.33295
2025-09-07 19:37:57,700 - INFO - [10/100] | train_loss: 1.28350
2025-09-07 19:38:02,933 - INFO - [20/100] | train_loss: 0.89546
2025-09-07 19:38:08,690 - INFO - [30/100] | train_loss: 0.62576
2025-09-07 19:38:14,095 - INFO - [40/100] | train_loss: 0.51383
2025-09-07 19:38:19,563 - INFO - [50/100] | train_loss: 0.48699
2025-09-07 19:38:25,177 - INFO - [60/100] | train_loss: 0.45862
2025-09-07 19:38:30,573 - INFO - [70/100] | train_loss: 0.44575
2025-09-07 19:38:36,230 - INFO - [80/100] | train_loss: 0.44978
2025-09-07 19:38:41,388 - INFO - [90/100] | train_loss: 0.43425
2025-09-07 19:38:46,897 - INFO - ----------
2025-09-07 19:38:46,897 - INFO - sample 58/241 | d1: recommendationservice; level: service; fault_type: k8s容器写io负载
2025-09-07 19:38:46,898 - INFO - sample 58/241 | predict d1: [('recommendationservice2-0', 5.925678325901554), ('recommendationservice', 5.925526044867588), ('recommendationservice-0', 5.923009432972808), ('recommendationservice-2', 4.941818055193625), ('recommendationservice-1', 4.938797164246083)]
2025-09-07 19:38:46,898 - INFO - sample 58/241 | predict d2: [('recommendationservice2-0/CPU/kpi_container_cpu_usage_seconds', 2.7192168167343933), ('recommendationservice2-0/CPU/kpi_container_cpu_cfs_periods', 2.7074594369308986), ('recommendationservice2-0/Disk/kpi_container_fs_inodes', 2.673508150651486), ('recommendationservice2-0/CPU/kpi_container_cpu_cfs_throttled_periods', 2.6624847298775585), ('recommendationservice2-0/Memory/kpi_container_memory_cache', 2.654209375857132)]
2025-09-07 19:38:46,898 - INFO - ----------
2025-09-07 19:38:47,599 - INFO - [0/100] | train_loss: 0.08464
2025-09-07 19:38:52,585 - INFO - [10/100] | train_loss: 0.74911
2025-09-07 19:38:57,495 - INFO - [20/100] | train_loss: 0.47916
2025-09-07 19:39:02,275 - INFO - [30/100] | train_loss: 0.31152
2025-09-07 19:39:07,565 - INFO - [40/100] | train_loss: 0.20720
2025-09-07 19:39:12,583 - INFO - [50/100] | train_loss: 0.16815
2025-09-07 19:39:17,303 - INFO - [60/100] | train_loss: 0.14999
2025-09-07 19:39:22,096 - INFO - [70/100] | train_loss: 0.16155
2025-09-07 19:39:26,877 - INFO - [80/100] | train_loss: 0.23706
2025-09-07 19:39:31,605 - INFO - [90/100] | train_loss: 0.13758
2025-09-07 19:39:36,464 - INFO - [0/100] | train_loss: 0.13811
2025-09-07 19:39:41,904 - INFO - [10/100] | train_loss: 1.27036
2025-09-07 19:39:47,586 - INFO - [20/100] | train_loss: 0.87299
2025-09-07 19:39:53,206 - INFO - [30/100] | train_loss: 0.62701
2025-09-07 19:39:58,694 - INFO - [40/100] | train_loss: 0.51053
2025-09-07 19:40:04,192 - INFO - [50/100] | train_loss: 0.47794
2025-09-07 19:40:09,497 - INFO - [60/100] | train_loss: 0.48291
2025-09-07 19:40:15,565 - INFO - [70/100] | train_loss: 0.45176
2025-09-07 19:40:20,427 - INFO - [80/100] | train_loss: 0.44439
2025-09-07 19:40:25,670 - INFO - [90/100] | train_loss: 0.44295
2025-09-07 19:40:30,766 - INFO - ----------
2025-09-07 19:40:30,766 - INFO - sample 59/241 | d1: node-4; level: node; fault_type: node节点CPU爬升
2025-09-07 19:40:30,766 - INFO - sample 59/241 | predict d1: [('node-4', 1.974612300698574), ('paymentservice', 0.12037400206301418), ('paymentservice-2', 0.12037373452661981), ('paymentservice2-0', 0.12037075547271492), ('paymentservice-1', 0.12036719796174111)]
2025-09-07 19:40:30,766 - INFO - sample 59/241 | predict d2: [('node-4/CPU/system.cpu.user', 0.7912886219976585), ('node-4/CPU/system.load.1', 0.7730734536041055), ('node-4/CPU/system.cpu.pct_usage', 0.7027473831248514), ('node-4/CPU/system.load.5', 0.6575072346826119), ('node-4/Disk/system.io.r_await', 0.5633356663822724)]
2025-09-07 19:40:30,766 - INFO - ----------
2025-09-07 19:40:31,399 - INFO - [0/100] | train_loss: 0.26950
2025-09-07 19:40:36,492 - INFO - [10/100] | train_loss: 0.90689
2025-09-07 19:40:41,209 - INFO - [20/100] | train_loss: 0.70033
2025-09-07 19:40:45,898 - INFO - [30/100] | train_loss: 0.55268
2025-09-07 19:40:50,601 - INFO - [40/100] | train_loss: 0.55510
2025-09-07 19:40:55,470 - INFO - [50/100] | train_loss: 0.33445
2025-09-07 19:41:00,274 - INFO - [60/100] | train_loss: 0.27233
2025-09-07 19:41:04,975 - INFO - [70/100] | train_loss: 0.36304
2025-09-07 19:41:09,668 - INFO - [80/100] | train_loss: 0.25163
2025-09-07 19:41:14,381 - INFO - [90/100] | train_loss: 0.27883
2025-09-07 19:41:19,333 - INFO - [0/100] | train_loss: 0.16104
2025-09-07 19:41:24,889 - INFO - [10/100] | train_loss: 1.27243
2025-09-07 19:41:30,410 - INFO - [20/100] | train_loss: 0.88830
2025-09-07 19:41:35,508 - INFO - [30/100] | train_loss: 0.61063
2025-09-07 19:41:41,194 - INFO - [40/100] | train_loss: 0.49685
2025-09-07 19:41:46,890 - INFO - [50/100] | train_loss: 0.46607
2025-09-07 19:41:52,190 - INFO - [60/100] | train_loss: 0.43815
2025-09-07 19:41:58,023 - INFO - [70/100] | train_loss: 0.43182
2025-09-07 19:42:03,304 - INFO - [80/100] | train_loss: 0.43039
2025-09-07 19:42:08,691 - INFO - [90/100] | train_loss: 0.42521
2025-09-07 19:42:14,190 - INFO - ----------
2025-09-07 19:42:14,190 - INFO - sample 60/241 | d1: node-6; level: node; fault_type: node 磁盘读IO消耗
2025-09-07 19:42:14,190 - INFO - sample 60/241 | predict d1: [('node-6', 0.33511170240268484), ('shippingservice', 0.03088535387570346), ('shippingservice2-0', 0.03088535387570346), ('shippingservice-2', 0.03088452936381003), ('shippingservice-0', 0.03088164171517427)]
2025-09-07 19:42:14,190 - INFO - sample 60/241 | predict d2: [('node-6/Disk/system.io.r_await', 0.2676768201128823), ('node-6/Disk/system.io.rkb_s', 0.2598885893688134), ('node-6/Disk/system.io.await', 0.25324553513675596), ('node-6/Disk/system.io.w_await', 0.24346440215660436), ('node-6/Disk/system.io.r_s', 0.23674027419087906)]
2025-09-07 19:42:14,190 - INFO - ----------
2025-09-07 19:42:14,785 - INFO - [0/100] | train_loss: 0.35386
2025-09-07 19:42:20,315 - INFO - [10/100] | train_loss: 1.44644
2025-09-07 19:42:25,890 - INFO - [20/100] | train_loss: 1.06489
2025-09-07 19:42:31,529 - INFO - [30/100] | train_loss: 0.89526
2025-09-07 19:42:36,800 - INFO - [40/100] | train_loss: 0.86759
2025-09-07 19:42:42,229 - INFO - [50/100] | train_loss: 0.86527
2025-09-07 19:42:47,981 - INFO - [60/100] | train_loss: 0.87334
2025-09-07 19:42:53,338 - INFO - [70/100] | train_loss: 0.86866
2025-09-07 19:42:59,134 - INFO - [80/100] | train_loss: 0.86909
2025-09-07 19:43:04,876 - INFO - [90/100] | train_loss: 0.86677
2025-09-07 19:43:10,389 - INFO - [0/100] | train_loss: 0.31557
2025-09-07 19:43:15,979 - INFO - [10/100] | train_loss: 1.34276
2025-09-07 19:43:21,184 - INFO - [20/100] | train_loss: 0.94486
2025-09-07 19:43:27,293 - INFO - [30/100] | train_loss: 0.69874
2025-09-07 19:43:32,721 - INFO - [40/100] | train_loss: 0.58611
2025-09-07 19:43:37,963 - INFO - [50/100] | train_loss: 0.57345
2025-09-07 19:43:43,865 - INFO - [60/100] | train_loss: 0.55300
2025-09-07 19:43:49,171 - INFO - [70/100] | train_loss: 0.54822
2025-09-07 19:43:54,779 - INFO - [80/100] | train_loss: 0.54588
2025-09-07 19:44:00,434 - INFO - [90/100] | train_loss: 0.54767
2025-09-07 19:44:05,779 - INFO - [0/100] | train_loss: 0.31831
2025-09-07 19:44:11,674 - INFO - [10/100] | train_loss: 1.37016
2025-09-07 19:44:17,077 - INFO - [20/100] | train_loss: 0.96049
2025-09-07 19:44:22,686 - INFO - [30/100] | train_loss: 0.77204
2025-09-07 19:44:28,383 - INFO - [40/100] | train_loss: 0.65257
2025-09-07 19:44:33,763 - INFO - [50/100] | train_loss: 0.64290
2025-09-07 19:44:39,204 - INFO - [60/100] | train_loss: 0.58780
2025-09-07 19:44:44,763 - INFO - [70/100] | train_loss: 0.65862
2025-09-07 19:44:50,400 - INFO - [80/100] | train_loss: 0.58009
2025-09-07 19:44:55,707 - INFO - [90/100] | train_loss: 0.65320
2025-09-07 19:45:01,031 - INFO - [0/100] | train_loss: 0.43755
2025-09-07 19:45:05,902 - INFO - [10/100] | train_loss: 1.45539
2025-09-07 19:45:11,186 - INFO - [20/100] | train_loss: 1.06035
2025-09-07 19:45:16,832 - INFO - [30/100] | train_loss: 0.78450
2025-09-07 19:45:21,907 - INFO - [40/100] | train_loss: 0.66918
2025-09-07 19:45:26,999 - INFO - [50/100] | train_loss: 0.66468
2025-09-07 19:45:32,669 - INFO - [60/100] | train_loss: 0.65650
2025-09-07 19:45:38,063 - INFO - [70/100] | train_loss: 0.62091
2025-09-07 19:45:43,796 - INFO - [80/100] | train_loss: 0.60991
2025-09-07 19:45:49,403 - INFO - [90/100] | train_loss: 0.61128
2025-09-07 19:45:54,780 - INFO - [0/100] | train_loss: 0.43327
2025-09-07 19:46:00,338 - INFO - [10/100] | train_loss: 1.45094
2025-09-07 19:46:05,899 - INFO - [20/100] | train_loss: 1.04516
2025-09-07 19:46:11,765 - INFO - [30/100] | train_loss: 0.78202
2025-09-07 19:46:17,365 - INFO - [40/100] | train_loss: 0.67475
2025-09-07 19:46:22,595 - INFO - [50/100] | train_loss: 0.62563
2025-09-07 19:46:28,025 - INFO - [60/100] | train_loss: 0.62654
2025-09-07 19:46:33,028 - INFO - [70/100] | train_loss: 0.60772
2025-09-07 19:46:38,530 - INFO - [80/100] | train_loss: 0.59708
2025-09-07 19:46:44,830 - INFO - [90/100] | train_loss: 0.60321
2025-09-07 19:46:51,709 - INFO - ----------
2025-09-07 19:46:51,709 - INFO - sample 61/241 | d1: currencyservice; level: service; fault_type: k8s容器内存负载
2025-09-07 19:46:51,709 - INFO - sample 61/241 | predict d1: [('currencyservice', 5.241957419426619), ('currencyservice-1', 5.231335185201001), ('currencyservice-0', 5.212021144433464), ('currencyservice2-0', 5.089731459080465), ('currencyservice-2', 4.9726601130259915)]
2025-09-07 19:46:51,709 - INFO - sample 61/241 | predict d2: [('currencyservice/Request/mrt.grpc', 2.377727017215811), ('currencyservice-1/Memory/kpi_container_memory_rss', 2.3772858558984478), ('currencyservice-1/Memory/kpi_container_memory_failures', 2.356330332872062), ('currencyservice-1/CPU/kpi_container_cpu_user_seconds', 2.351460301160884), ('currencyservice2-0/Other/kpi_container_file_descriptors', 2.332032972083793)]
2025-09-07 19:46:51,709 - INFO - ----------
2025-09-07 19:46:52,290 - INFO - [0/100] | train_loss: 0.42059
2025-09-07 19:46:57,706 - INFO - [10/100] | train_loss: 1.39979
2025-09-07 19:47:03,166 - INFO - [20/100] | train_loss: 0.97033
2025-09-07 19:47:09,020 - INFO - [30/100] | train_loss: 0.72848
2025-09-07 19:47:15,315 - INFO - [40/100] | train_loss: 0.60405
2025-09-07 19:47:20,529 - INFO - [50/100] | train_loss: 0.57638
2025-09-07 19:47:26,307 - INFO - [60/100] | train_loss: 0.56285
2025-09-07 19:47:32,013 - INFO - [70/100] | train_loss: 0.54505
2025-09-07 19:47:37,792 - INFO - [80/100] | train_loss: 0.53205
2025-09-07 19:47:43,206 - INFO - [90/100] | train_loss: 0.53164
2025-09-07 19:47:48,667 - INFO - ----------
2025-09-07 19:47:48,667 - INFO - sample 62/241 | d1: recommendationservice-1; level: pod; fault_type: k8s容器cpu负载
2025-09-07 19:47:48,667 - INFO - sample 62/241 | predict d1: [('recommendationservice-1', 1.8125111537810383), ('recommendationservice', 0.902492486359975), ('recommendationservice-2', 0.9024901529128222), ('frontend', 0.902483423902428), ('recommendationservice2-0', 0.9024310570070213)]
2025-09-07 19:47:48,667 - INFO - sample 62/241 | predict d2: [('recommendationservice-1/CPU/kpi_container_cpu_cfs_periods', 0.7466522414660055), ('recommendationservice-1/CPU/kpi_container_cpu_cfs_throttled_periods', 0.6943257743879201), ('recommendationservice-1/CPU/kpi_container_cpu_usage_seconds', 0.6739218954186725), ('recommendationservice-1/CPU/kpi_container_cpu_cfs_throttled_seconds', 0.6530510014215807), ('recommendationservice-1/CPU/kpi_container_cpu_user_seconds', 0.6476301323544789)]
2025-09-07 19:47:48,667 - INFO - ----------
2025-09-07 19:47:49,283 - INFO - [0/100] | train_loss: 0.13719
2025-09-07 19:47:54,316 - INFO - [10/100] | train_loss: 0.82413
2025-09-07 19:48:00,103 - INFO - [20/100] | train_loss: 0.56092
2025-09-07 19:48:06,029 - INFO - [30/100] | train_loss: 0.34589
2025-09-07 19:48:11,027 - INFO - [40/100] | train_loss: 0.23336
2025-09-07 19:48:16,323 - INFO - [50/100] | train_loss: 0.20322
2025-09-07 19:48:21,272 - INFO - [60/100] | train_loss: 0.17898
2025-09-07 19:48:26,167 - INFO - [70/100] | train_loss: 0.15506
2025-09-07 19:48:30,871 - INFO - [80/100] | train_loss: 0.20478
2025-09-07 19:48:36,031 - INFO - [90/100] | train_loss: 0.15458
2025-09-07 19:48:41,075 - INFO - [0/100] | train_loss: 0.12983
2025-09-07 19:48:46,765 - INFO - [10/100] | train_loss: 1.29185
2025-09-07 19:48:52,020 - INFO - [20/100] | train_loss: 0.93348
2025-09-07 19:48:58,165 - INFO - [30/100] | train_loss: 0.72506
2025-09-07 19:49:03,904 - INFO - [40/100] | train_loss: 0.67786
2025-09-07 19:49:09,427 - INFO - [50/100] | train_loss: 0.65969
2025-09-07 19:49:14,788 - INFO - [60/100] | train_loss: 0.65504
2025-09-07 19:49:20,363 - INFO - [70/100] | train_loss: 0.65111
2025-09-07 19:49:26,027 - INFO - [80/100] | train_loss: 0.65251
2025-09-07 19:49:31,338 - INFO - [90/100] | train_loss: 0.65995
2025-09-07 19:49:36,612 - INFO - ----------
2025-09-07 19:49:36,613 - INFO - sample 63/241 | d1: node-5; level: node; fault_type: node 内存消耗
2025-09-07 19:49:36,613 - INFO - sample 63/241 | predict d1: [('node-5', 0.03720517746139462), ('paymentservice', 0.03387375289480121), ('paymentservice2-0', 0.03387375289480121), ('paymentservice-2', 0.03386526602740303), ('paymentservice-0', 0.03385832430081903)]
2025-09-07 19:49:36,613 - INFO - sample 63/241 | predict d2: [('node-5/Memory/system.mem.used', 0.021744406536532424), ('paymentservice-0/Network/kpi_container_network_transmit_packets', 0.020896758140958482), ('node-5/CPU/system.cpu.user', 0.019997576077938062), ('node-5/CPU/system.cpu.iowait', 0.01972562663687949), ('node-5/Disk/system.io.w_s', 0.019420434506847162)]
2025-09-07 19:49:36,613 - INFO - ----------
2025-09-07 19:49:37,308 - INFO - [0/100] | train_loss: 0.11683
2025-09-07 19:49:42,620 - INFO - [10/100] | train_loss: 1.27170
2025-09-07 19:49:48,090 - INFO - [20/100] | train_loss: 0.87878
2025-09-07 19:49:53,500 - INFO - [30/100] | train_loss: 0.59431
2025-09-07 19:49:59,171 - INFO - [40/100] | train_loss: 0.48472
2025-09-07 19:50:04,433 - INFO - [50/100] | train_loss: 0.45194
2025-09-07 19:50:09,974 - INFO - [60/100] | train_loss: 0.45286
2025-09-07 19:50:15,263 - INFO - [70/100] | train_loss: 0.46265
2025-09-07 19:50:20,582 - INFO - [80/100] | train_loss: 0.43225
2025-09-07 19:50:25,969 - INFO - [90/100] | train_loss: 0.44011
2025-09-07 19:50:31,569 - INFO - ----------
2025-09-07 19:50:31,569 - INFO - sample 64/241 | d1: checkoutservice; level: service; fault_type: k8s容器网络资源包重复发送
2025-09-07 19:50:31,569 - INFO - sample 64/241 | predict d1: [('shippingservice', 0.07011883026286858), ('shippingservice2-0', 0.07011883026286858), ('shippingservice-0', 0.07010849819984344), ('shippingservice-2', 0.07010746119963773), ('checkoutservice', 0.07010607853269679)]
2025-09-07 19:50:31,569 - INFO - sample 64/241 | predict d2: [('shippingservice2-0/Memory/kpi_container_memory_mapped_file', 0.04950905819897544), ('shippingservice-1/Network/kpi_container_network_transmit_packets', 0.043902453355106896), ('shippingservice2-0/CPU/kpi_container_cpu_cfs_periods', 0.04276864117084722), ('<duration>; cmdb_id: shippingservice-1; type: upstream', 0.04190082375479909), ('shippingservice-0/Network/kpi_container_network_receive_MB', 0.041664265459906424)]
2025-09-07 19:50:31,569 - INFO - ----------
2025-09-07 19:50:32,219 - INFO - [0/100] | train_loss: 0.23123
2025-09-07 19:50:37,294 - INFO - [10/100] | train_loss: 0.87039
2025-09-07 19:50:42,114 - INFO - [20/100] | train_loss: 0.63510
2025-09-07 19:50:46,788 - INFO - [30/100] | train_loss: 0.41305
2025-09-07 19:50:51,515 - INFO - [40/100] | train_loss: 0.28422
2025-09-07 19:50:56,210 - INFO - [50/100] | train_loss: 0.23329
2025-09-07 19:51:00,981 - INFO - [60/100] | train_loss: 0.17807
2025-09-07 19:51:06,190 - INFO - [70/100] | train_loss: 0.17480
2025-09-07 19:51:10,972 - INFO - [80/100] | train_loss: 0.16554
2025-09-07 19:51:15,713 - INFO - [90/100] | train_loss: 0.19708
2025-09-07 19:51:20,675 - INFO - [0/100] | train_loss: 0.08717
2025-09-07 19:51:26,228 - INFO - [10/100] | train_loss: 1.25488
2025-09-07 19:51:32,136 - INFO - [20/100] | train_loss: 0.85325
2025-09-07 19:51:37,872 - INFO - [30/100] | train_loss: 0.57114
2025-09-07 19:51:43,565 - INFO - [40/100] | train_loss: 0.46706
2025-09-07 19:51:48,900 - INFO - [50/100] | train_loss: 0.45529
2025-09-07 19:51:54,585 - INFO - [60/100] | train_loss: 0.43207
2025-09-07 19:52:00,528 - INFO - [70/100] | train_loss: 0.42637
2025-09-07 19:52:05,866 - INFO - [80/100] | train_loss: 0.43907
2025-09-07 19:52:11,279 - INFO - [90/100] | train_loss: 0.43509
2025-09-07 19:52:16,468 - INFO - ----------
2025-09-07 19:52:16,468 - INFO - sample 65/241 | d1: node-3; level: node; fault_type: node节点CPU爬升
2025-09-07 19:52:16,468 - INFO - sample 65/241 | predict d1: [('node-3', 0.059005331654164106), ('shippingservice', 0.05032004550781344), ('shippingservice-2', 0.05031962192860173), ('frontend', 0.050315976121815265), ('shippingservice2-0', 0.05031387940471732)]
2025-09-07 19:52:16,468 - INFO - sample 65/241 | predict d2: [('node-3/CPU/system.load.1', 0.047069297596696646), ('node-3/CPU/system.cpu.user', 0.03992169474108831), ('shippingservice2-0/CPU/kpi_container_cpu_cfs_periods', 0.03249835257554423), ('shippingservice-1/Network/kpi_container_network_receive_packets', 0.03201049219289631), ('shippingservice-1/Network/kpi_container_network_transmit_packets', 0.030505442640126557)]
2025-09-07 19:52:16,468 - INFO - ----------
2025-09-07 19:52:17,165 - INFO - [0/100] | train_loss: 0.26180
2025-09-07 19:52:23,289 - INFO - [10/100] | train_loss: 1.35017
2025-09-07 19:52:29,118 - INFO - [20/100] | train_loss: 0.96634
2025-09-07 19:52:33,806 - INFO - [30/100] | train_loss: 0.78495
2025-09-07 19:52:39,116 - INFO - [40/100] | train_loss: 0.74928
2025-09-07 19:52:44,781 - INFO - [50/100] | train_loss: 0.74557
2025-09-07 19:52:50,264 - INFO - [60/100] | train_loss: 0.74123
2025-09-07 19:52:56,085 - INFO - [70/100] | train_loss: 0.74593
2025-09-07 19:53:01,803 - INFO - [80/100] | train_loss: 0.74803
2025-09-07 19:53:06,885 - INFO - [90/100] | train_loss: 0.74741
2025-09-07 19:53:12,188 - INFO - [0/100] | train_loss: 0.19516
2025-09-07 19:53:17,794 - INFO - [10/100] | train_loss: 1.24744
2025-09-07 19:53:22,967 - INFO - [20/100] | train_loss: 0.83282
2025-09-07 19:53:28,186 - INFO - [30/100] | train_loss: 0.55366
2025-09-07 19:53:33,311 - INFO - [40/100] | train_loss: 0.44652
2025-09-07 19:53:38,869 - INFO - [50/100] | train_loss: 0.42874
2025-09-07 19:53:44,104 - INFO - [60/100] | train_loss: 0.40773
2025-09-07 19:53:49,404 - INFO - [70/100] | train_loss: 0.40357
2025-09-07 19:53:55,080 - INFO - [80/100] | train_loss: 0.39532
2025-09-07 19:54:00,238 - INFO - [90/100] | train_loss: 0.39296
2025-09-07 19:54:05,516 - INFO - [0/100] | train_loss: 0.30199
2025-09-07 19:54:11,311 - INFO - [10/100] | train_loss: 1.28564
2025-09-07 19:54:16,533 - INFO - [20/100] | train_loss: 0.88863
2025-09-07 19:54:22,081 - INFO - [30/100] | train_loss: 0.62180
2025-09-07 19:54:27,469 - INFO - [40/100] | train_loss: 0.49911
2025-09-07 19:54:32,737 - INFO - [50/100] | train_loss: 0.45834
2025-09-07 19:54:38,286 - INFO - [60/100] | train_loss: 0.44431
2025-09-07 19:54:44,076 - INFO - [70/100] | train_loss: 0.43637
2025-09-07 19:54:49,687 - INFO - [80/100] | train_loss: 0.42892
2025-09-07 19:54:55,288 - INFO - [90/100] | train_loss: 0.42534
2025-09-07 19:55:00,663 - INFO - [0/100] | train_loss: 0.14297
2025-09-07 19:55:06,025 - INFO - [10/100] | train_loss: 1.22180
2025-09-07 19:55:11,512 - INFO - [20/100] | train_loss: 0.79717
2025-09-07 19:55:17,122 - INFO - [30/100] | train_loss: 0.52950
2025-09-07 19:55:22,703 - INFO - [40/100] | train_loss: 0.43106
2025-09-07 19:55:27,910 - INFO - [50/100] | train_loss: 0.40995
2025-09-07 19:55:33,569 - INFO - [60/100] | train_loss: 0.40508
2025-09-07 19:55:38,837 - INFO - [70/100] | train_loss: 0.39986
2025-09-07 19:55:44,231 - INFO - [80/100] | train_loss: 0.39532
2025-09-07 19:55:49,577 - INFO - [90/100] | train_loss: 0.39168
2025-09-07 19:55:54,566 - INFO - [0/100] | train_loss: 0.27329
2025-09-07 19:55:59,871 - INFO - [10/100] | train_loss: 1.25969
2025-09-07 19:56:05,590 - INFO - [20/100] | train_loss: 0.87378
2025-09-07 19:56:11,092 - INFO - [30/100] | train_loss: 0.60209
2025-09-07 19:56:16,585 - INFO - [40/100] | train_loss: 0.48486
2025-09-07 19:56:21,982 - INFO - [50/100] | train_loss: 0.44904
2025-09-07 19:56:27,204 - INFO - [60/100] | train_loss: 0.43703
2025-09-07 19:56:32,475 - INFO - [70/100] | train_loss: 0.43445
2025-09-07 19:56:37,684 - INFO - [80/100] | train_loss: 0.43020
2025-09-07 19:56:43,365 - INFO - [90/100] | train_loss: 0.42005
2025-09-07 19:56:48,494 - INFO - ----------
2025-09-07 19:56:48,494 - INFO - sample 66/241 | d1: recommendationservice; level: service; fault_type: k8s容器读io负载
2025-09-07 19:56:48,494 - INFO - sample 66/241 | predict d1: [('recommendationservice-0', 5.924424744420961), ('recommendationservice', 5.921272419501747), ('recommendationservice-2', 5.918453267105846), ('recommendationservice2-0', 4.938454004362079), ('recommendationservice-1', 3.9563311195477633)]
2025-09-07 19:56:48,494 - INFO - sample 66/241 | predict d2: [('recommendationservice-2/Disk/kpi_container_fs_reads_MB', 2.8624762641888992), ('recommendationservice-0/Disk/kpi_container_fs_reads_MB', 2.643899554476567), ('recommendationservice2-0/CPU/kpi_container_cpu_system_seconds', 2.5219107357229174), ('recommendationservice-1/Disk/kpi_container_fs_reads_MB', 2.508576091403045), ('recommendationservice2-0/Memory/kpi_container_memory_rss', 2.4938919888718516)]
2025-09-07 19:56:48,494 - INFO - ----------
2025-09-07 19:56:49,113 - INFO - [0/100] | train_loss: 0.39755
2025-09-07 19:56:55,127 - INFO - [10/100] | train_loss: 1.43282
2025-09-07 19:57:00,685 - INFO - [20/100] | train_loss: 1.06807
2025-09-07 19:57:05,965 - INFO - [30/100] | train_loss: 0.88815
2025-09-07 19:57:11,571 - INFO - [40/100] | train_loss: 0.81769
2025-09-07 19:57:16,901 - INFO - [50/100] | train_loss: 0.80673
2025-09-07 19:57:22,734 - INFO - [60/100] | train_loss: 0.79663
2025-09-07 19:57:28,209 - INFO - [70/100] | train_loss: 0.80116
2025-09-07 19:57:33,232 - INFO - [80/100] | train_loss: 0.80018
2025-09-07 19:57:38,697 - INFO - [90/100] | train_loss: 0.80537
2025-09-07 19:57:44,820 - INFO - [0/100] | train_loss: 0.19308
2025-09-07 19:57:50,922 - INFO - [10/100] | train_loss: 1.35704
2025-09-07 19:57:56,099 - INFO - [20/100] | train_loss: 1.01065
2025-09-07 19:58:01,863 - INFO - [30/100] | train_loss: 0.81494
2025-09-07 19:58:07,378 - INFO - [40/100] | train_loss: 0.76761
2025-09-07 19:58:12,828 - INFO - [50/100] | train_loss: 0.77323
2025-09-07 19:58:18,321 - INFO - [60/100] | train_loss: 0.73130
2025-09-07 19:58:23,974 - INFO - [70/100] | train_loss: 0.73379
2025-09-07 19:58:30,082 - INFO - [80/100] | train_loss: 0.78626
2025-09-07 19:58:35,399 - INFO - [90/100] | train_loss: 0.80238
2025-09-07 19:58:40,381 - INFO - [0/100] | train_loss: 0.37953
2025-09-07 19:58:45,591 - INFO - [10/100] | train_loss: 1.41119
2025-09-07 19:58:50,888 - INFO - [20/100] | train_loss: 1.01269
2025-09-07 19:58:56,600 - INFO - [30/100] | train_loss: 0.76411
2025-09-07 19:59:02,105 - INFO - [40/100] | train_loss: 0.69542
2025-09-07 19:59:07,821 - INFO - [50/100] | train_loss: 0.62493
2025-09-07 19:59:13,385 - INFO - [60/100] | train_loss: 0.63740
2025-09-07 19:59:18,989 - INFO - [70/100] | train_loss: 0.59359
2025-09-07 19:59:24,334 - INFO - [80/100] | train_loss: 0.61132
2025-09-07 19:59:29,810 - INFO - [90/100] | train_loss: 0.60144
2025-09-07 19:59:35,566 - INFO - [0/100] | train_loss: 0.36020
2025-09-07 19:59:40,890 - INFO - [10/100] | train_loss: 1.32188
2025-09-07 19:59:46,970 - INFO - [20/100] | train_loss: 0.95213
2025-09-07 19:59:52,700 - INFO - [30/100] | train_loss: 0.66290
2025-09-07 19:59:58,284 - INFO - [40/100] | train_loss: 0.54879
2025-09-07 20:00:03,520 - INFO - [50/100] | train_loss: 0.51804
2025-09-07 20:00:08,774 - INFO - [60/100] | train_loss: 0.51045
2025-09-07 20:00:14,478 - INFO - [70/100] | train_loss: 0.48130
2025-09-07 20:00:20,005 - INFO - [80/100] | train_loss: 0.48030
2025-09-07 20:00:25,795 - INFO - [90/100] | train_loss: 0.47575
2025-09-07 20:00:31,280 - INFO - [0/100] | train_loss: 0.36380
2025-09-07 20:00:37,067 - INFO - [10/100] | train_loss: 1.35081
2025-09-07 20:00:42,583 - INFO - [20/100] | train_loss: 0.94844
2025-09-07 20:00:48,219 - INFO - [30/100] | train_loss: 0.69290
2025-09-07 20:00:54,181 - INFO - [40/100] | train_loss: 0.57994
2025-09-07 20:00:59,714 - INFO - [50/100] | train_loss: 0.55377
2025-09-07 20:01:05,415 - INFO - [60/100] | train_loss: 0.53668
2025-09-07 20:01:11,535 - INFO - [70/100] | train_loss: 0.52208
2025-09-07 20:01:17,120 - INFO - [80/100] | train_loss: 0.52192
2025-09-07 20:01:22,389 - INFO - [90/100] | train_loss: 0.52787
2025-09-07 20:01:28,038 - INFO - [0/100] | train_loss: 0.35737
2025-09-07 20:01:33,705 - INFO - [10/100] | train_loss: 1.35825
2025-09-07 20:01:38,607 - INFO - [20/100] | train_loss: 0.96923
2025-09-07 20:01:44,180 - INFO - [30/100] | train_loss: 0.69396
2025-09-07 20:01:49,389 - INFO - [40/100] | train_loss: 0.60154
2025-09-07 20:01:55,085 - INFO - [50/100] | train_loss: 0.52740
2025-09-07 20:02:00,612 - INFO - [60/100] | train_loss: 0.52281
2025-09-07 20:02:06,519 - INFO - [70/100] | train_loss: 0.50688
2025-09-07 20:02:12,208 - INFO - [80/100] | train_loss: 0.50252
2025-09-07 20:02:17,663 - INFO - [90/100] | train_loss: 0.49233
2025-09-07 20:02:23,492 - INFO - ----------
2025-09-07 20:02:23,492 - INFO - sample 67/241 | d1: adservice; level: service; fault_type: k8s容器内存负载
2025-09-07 20:02:23,492 - INFO - sample 67/241 | predict d1: [('adservice-1', 5.683501397923845), ('adservice2-0', 5.651033473449079), ('adservice', 5.650922703122188), ('adservice-0', 5.595400997087882), ('adservice-2', 5.584567495448518)]
2025-09-07 20:02:23,492 - INFO - sample 67/241 | predict d2: [('adservice-2/Other/kpi_container_file_descriptors', 2.8789298473728167), ('adservice-2/Memory/kpi_container_memory_rss', 2.8089357397446335), ('adservice-2/CPU/kpi_container_cpu_user_seconds', 2.802855953756744), ('adservice-2/Thread/kpi_container_threads', 2.7402332285322366), ('adservice-2/Memory/kpi_container_memory_usage_MB', 2.5492759825861704)]
2025-09-07 20:02:23,492 - INFO - ----------
2025-09-07 20:02:24,127 - INFO - [0/100] | train_loss: 0.32309
2025-09-07 20:02:29,775 - INFO - [10/100] | train_loss: 1.35842
2025-09-07 20:02:35,672 - INFO - [20/100] | train_loss: 0.97092
2025-09-07 20:02:41,090 - INFO - [30/100] | train_loss: 0.78065
2025-09-07 20:02:46,078 - INFO - [40/100] | train_loss: 0.73261
2025-09-07 20:02:51,733 - INFO - [50/100] | train_loss: 0.72296
2025-09-07 20:02:57,215 - INFO - [60/100] | train_loss: 0.70574
2025-09-07 20:03:02,878 - INFO - [70/100] | train_loss: 0.70075
2025-09-07 20:03:08,485 - INFO - [80/100] | train_loss: 0.70663
2025-09-07 20:03:14,100 - INFO - [90/100] | train_loss: 0.70978
2025-09-07 20:03:19,590 - INFO - [0/100] | train_loss: 0.32136
2025-09-07 20:03:25,479 - INFO - [10/100] | train_loss: 1.28076
2025-09-07 20:03:31,691 - INFO - [20/100] | train_loss: 0.88912
2025-09-07 20:03:36,703 - INFO - [30/100] | train_loss: 0.61594
2025-09-07 20:03:42,389 - INFO - [40/100] | train_loss: 0.50461
2025-09-07 20:03:47,582 - INFO - [50/100] | train_loss: 0.46669
2025-09-07 20:03:52,798 - INFO - [60/100] | train_loss: 0.45966
2025-09-07 20:03:58,441 - INFO - [70/100] | train_loss: 0.45401
2025-09-07 20:04:03,994 - INFO - [80/100] | train_loss: 0.44746
2025-09-07 20:04:09,563 - INFO - [90/100] | train_loss: 0.43958
2025-09-07 20:04:15,187 - INFO - [0/100] | train_loss: 0.36693
2025-09-07 20:04:20,713 - INFO - [10/100] | train_loss: 1.30970
2025-09-07 20:04:26,496 - INFO - [20/100] | train_loss: 0.91330
2025-09-07 20:04:32,108 - INFO - [30/100] | train_loss: 0.64049
2025-09-07 20:04:37,911 - INFO - [40/100] | train_loss: 0.52008
2025-09-07 20:04:43,522 - INFO - [50/100] | train_loss: 0.48526
2025-09-07 20:04:49,019 - INFO - [60/100] | train_loss: 0.47015
2025-09-07 20:04:54,780 - INFO - [70/100] | train_loss: 0.47011
2025-09-07 20:05:00,363 - INFO - [80/100] | train_loss: 0.45785
2025-09-07 20:05:05,920 - INFO - [90/100] | train_loss: 0.45482
2025-09-07 20:05:11,274 - INFO - [0/100] | train_loss: 0.37196
2025-09-07 20:05:17,193 - INFO - [10/100] | train_loss: 1.27899
2025-09-07 20:05:22,665 - INFO - [20/100] | train_loss: 0.90238
2025-09-07 20:05:28,097 - INFO - [30/100] | train_loss: 0.63131
2025-09-07 20:05:33,538 - INFO - [40/100] | train_loss: 0.50607
2025-09-07 20:05:38,936 - INFO - [50/100] | train_loss: 0.47727
2025-09-07 20:05:44,185 - INFO - [60/100] | train_loss: 0.46647
2025-09-07 20:05:49,478 - INFO - [70/100] | train_loss: 0.45848
2025-09-07 20:05:54,665 - INFO - [80/100] | train_loss: 0.45764
2025-09-07 20:06:00,317 - INFO - [90/100] | train_loss: 0.43999
2025-09-07 20:06:05,682 - INFO - [0/100] | train_loss: 0.32670
2025-09-07 20:06:10,889 - INFO - [10/100] | train_loss: 1.29694
2025-09-07 20:06:16,240 - INFO - [20/100] | train_loss: 0.91677
2025-09-07 20:06:21,705 - INFO - [30/100] | train_loss: 0.64364
2025-09-07 20:06:27,485 - INFO - [40/100] | train_loss: 0.53045
2025-09-07 20:06:32,915 - INFO - [50/100] | train_loss: 0.48739
2025-09-07 20:06:38,582 - INFO - [60/100] | train_loss: 0.47872
2025-09-07 20:06:43,717 - INFO - [70/100] | train_loss: 0.47276
2025-09-07 20:06:49,283 - INFO - [80/100] | train_loss: 0.47429
2025-09-07 20:06:54,894 - INFO - [90/100] | train_loss: 0.46467
2025-09-07 20:07:00,067 - INFO - ----------
2025-09-07 20:07:00,067 - INFO - sample 68/241 | d1: adservice; level: service; fault_type: k8s容器读io负载
2025-09-07 20:07:00,067 - INFO - sample 68/241 | predict d1: [('adservice-0', 5.8659839687623005), ('adservice-1', 5.865199608430277), ('adservice2-0', 5.861902481035344), ('adservice-2', 5.85232719273424), ('adservice', 5.823892751205037)]
2025-09-07 20:07:00,067 - INFO - sample 68/241 | predict d2: [('adservice-0/Disk/kpi_container_fs_reads_MB', 2.934469016661378), ('adservice-1/Disk/kpi_container_fs_reads_MB', 2.69229508948456), ('adservice-0/CPU/kpi_container_cpu_cfs_periods', 2.657071540893014), ('adservice-0/CPU/kpi_container_cpu_system_seconds', 2.6381674430456954), ('adservice-0/Disk/kpi_container_fs_usage_MB', 2.615337045468694)]
2025-09-07 20:07:00,067 - INFO - ----------
2025-09-07 20:07:00,733 - INFO - [0/100] | train_loss: 0.19229
2025-09-07 20:07:06,222 - INFO - [10/100] | train_loss: 1.27381
2025-09-07 20:07:11,902 - INFO - [20/100] | train_loss: 0.90881
2025-09-07 20:07:17,237 - INFO - [30/100] | train_loss: 0.66704
2025-09-07 20:07:22,896 - INFO - [40/100] | train_loss: 0.60039
2025-09-07 20:07:28,576 - INFO - [50/100] | train_loss: 0.59259
2025-09-07 20:07:34,045 - INFO - [60/100] | train_loss: 0.57930
2025-09-07 20:07:39,110 - INFO - [70/100] | train_loss: 0.55891
2025-09-07 20:07:44,395 - INFO - [80/100] | train_loss: 0.55861
2025-09-07 20:07:49,478 - INFO - [90/100] | train_loss: 0.56458
2025-09-07 20:07:55,066 - INFO - [0/100] | train_loss: 0.26131
2025-09-07 20:08:00,331 - INFO - [10/100] | train_loss: 1.36963
2025-09-07 20:08:05,725 - INFO - [20/100] | train_loss: 0.94546
2025-09-07 20:08:11,139 - INFO - [30/100] | train_loss: 0.71010
2025-09-07 20:08:16,098 - INFO - [40/100] | train_loss: 0.63334
2025-09-07 20:08:21,273 - INFO - [50/100] | train_loss: 0.60819
2025-09-07 20:08:26,820 - INFO - [60/100] | train_loss: 0.59023
2025-09-07 20:08:32,304 - INFO - [70/100] | train_loss: 0.57591
2025-09-07 20:08:38,186 - INFO - [80/100] | train_loss: 0.57350
2025-09-07 20:08:43,769 - INFO - [90/100] | train_loss: 0.58236
2025-09-07 20:08:49,429 - INFO - [0/100] | train_loss: 0.17907
2025-09-07 20:08:55,300 - INFO - [10/100] | train_loss: 1.39094
2025-09-07 20:09:00,387 - INFO - [20/100] | train_loss: 0.95365
2025-09-07 20:09:06,480 - INFO - [30/100] | train_loss: 0.71675
2025-09-07 20:09:11,602 - INFO - [40/100] | train_loss: 0.64250
2025-09-07 20:09:17,677 - INFO - [50/100] | train_loss: 0.62131
2025-09-07 20:09:22,884 - INFO - [60/100] | train_loss: 0.60570
2025-09-07 20:09:27,905 - INFO - [70/100] | train_loss: 0.61315
2025-09-07 20:09:33,576 - INFO - [80/100] | train_loss: 0.60125
2025-09-07 20:09:38,780 - INFO - [90/100] | train_loss: 0.60633
2025-09-07 20:09:44,012 - INFO - ----------
2025-09-07 20:09:44,012 - INFO - sample 69/241 | d1: frontend; level: service; fault_type: k8s容器网络丢包
2025-09-07 20:09:44,012 - INFO - sample 69/241 | predict d1: [('frontend-0', 3.9109550739020165), ('frontend-2', 3.903105224611295), ('frontend-1', 3.893778551877002), ('frontend', 2.9172066474646385), ('frontend2-0', 2.916431141562306)]
2025-09-07 20:09:44,012 - INFO - sample 69/241 | predict d2: [('frontend-0/Network/kpi_container_network_transmit_packets', 1.5510199894361545), ('frontend-2/Thread/kpi_container_threads', 1.5141559295527838), ('frontend-1/Network/kpi_container_network_transmit_packets', 1.5043342566674678), ('frontend-0/Other/kpi_container_file_descriptors', 1.4943239140925328), ('frontend-2/Memory/kpi_container_memory_working_set_MB', 1.4918476705655639)]
2025-09-07 20:09:44,012 - INFO - ----------
2025-09-07 20:09:44,579 - INFO - [0/100] | train_loss: 0.14828
2025-09-07 20:09:50,321 - INFO - [10/100] | train_loss: 1.30307
2025-09-07 20:09:56,535 - INFO - [20/100] | train_loss: 0.89817
2025-09-07 20:10:01,806 - INFO - [30/100] | train_loss: 0.62962
2025-09-07 20:10:07,265 - INFO - [40/100] | train_loss: 0.51310
2025-09-07 20:10:12,702 - INFO - [50/100] | train_loss: 0.49969
2025-09-07 20:10:17,884 - INFO - [60/100] | train_loss: 0.49232
2025-09-07 20:10:23,065 - INFO - [70/100] | train_loss: 0.45806
2025-09-07 20:10:28,166 - INFO - [80/100] | train_loss: 0.47358
2025-09-07 20:10:33,430 - INFO - [90/100] | train_loss: 0.47429
2025-09-07 20:10:38,568 - INFO - ----------
2025-09-07 20:10:38,568 - INFO - sample 70/241 | d1: paymentservice; level: service; fault_type: k8s容器网络丢包
2025-09-07 20:10:38,568 - INFO - sample 70/241 | predict d1: [('paymentservice', 0.1494838892420436), ('checkoutservice', 0.1494838892420436), ('paymentservice-2', 0.14948066578941788), ('paymentservice-0', 0.14947816065492603), ('paymentservice-1', 0.14946599414153372)]
2025-09-07 20:10:38,568 - INFO - sample 70/241 | predict d2: [('paymentservice2-0/Network/kpi_container_network_receive_MB', 0.12541413503246357), ('paymentservice2-0/Memory/kpi_container_memory_failures', 0.11303895022226751), ('paymentservice2-0/Network/kpi_container_network_transmit_packets', 0.11184878686422284), ('paymentservice2-0/Network/kpi_container_network_transmit_MB', 0.11123310741271197), ('paymentservice2-0/CPU/kpi_container_cpu_usage_seconds', 0.10795441612250656)]
2025-09-07 20:10:38,568 - INFO - ----------
2025-09-07 20:10:39,131 - INFO - [0/100] | train_loss: 0.15726
2025-09-07 20:10:44,463 - INFO - [10/100] | train_loss: 1.30038
2025-09-07 20:10:50,194 - INFO - [20/100] | train_loss: 0.91155
2025-09-07 20:10:55,498 - INFO - [30/100] | train_loss: 0.67274
2025-09-07 20:11:01,463 - INFO - [40/100] | train_loss: 0.54717
2025-09-07 20:11:07,063 - INFO - [50/100] | train_loss: 0.52630
2025-09-07 20:11:11,937 - INFO - [60/100] | train_loss: 0.46422
2025-09-07 20:11:16,608 - INFO - [70/100] | train_loss: 0.49095
2025-09-07 20:11:22,363 - INFO - [80/100] | train_loss: 0.46339
2025-09-07 20:11:27,926 - INFO - [90/100] | train_loss: 0.48711
2025-09-07 20:11:33,389 - INFO - ----------
2025-09-07 20:11:33,389 - INFO - sample 71/241 | d1: node-6; level: node; fault_type: node 磁盘读IO消耗
2025-09-07 20:11:33,389 - INFO - sample 71/241 | predict d1: [('emailservice', 0.23792804768301234), ('emailservice-2', 0.23792804768301234), ('emailservice-0', 0.23792091597699283), ('emailservice-1', 0.2378950617561726), ('emailservice2-0', 0.23787818290885987)]
2025-09-07 20:11:33,389 - INFO - sample 71/241 | predict d2: [('emailservice2-0/Other/kpi_container_sockets', 0.1929482920659602), ('emailservice2-0/Network/kpi_container_network_receive_MB', 0.1891768629852919), ('emailservice2-0/Network/kpi_container_network_receive_packets', 0.18772804047163216), ('emailservice2-0/CPU/kpi_container_cpu_cfs_periods', 0.18011143561077514), ('emailservice2-0/Memory/kpi_container_memory_failures', 0.1625847464099639)]
2025-09-07 20:11:33,389 - INFO - ----------
2025-09-07 20:11:34,070 - INFO - [0/100] | train_loss: 0.11423
2025-09-07 20:11:39,334 - INFO - [10/100] | train_loss: 1.27416
2025-09-07 20:11:44,717 - INFO - [20/100] | train_loss: 0.88820
2025-09-07 20:11:49,901 - INFO - [30/100] | train_loss: 0.63063
2025-09-07 20:11:54,997 - INFO - [40/100] | train_loss: 0.49956
2025-09-07 20:12:01,026 - INFO - [50/100] | train_loss: 0.47499
2025-09-07 20:12:06,782 - INFO - [60/100] | train_loss: 0.47654
2025-09-07 20:12:12,421 - INFO - [70/100] | train_loss: 0.44954
2025-09-07 20:12:17,644 - INFO - [80/100] | train_loss: 0.44983
2025-09-07 20:12:23,715 - INFO - [90/100] | train_loss: 0.46016
2025-09-07 20:12:29,232 - INFO - ----------
2025-09-07 20:12:29,232 - INFO - sample 72/241 | d1: productcatalogservice-1; level: pod; fault_type: k8s容器网络资源包重复发送
2025-09-07 20:12:29,232 - INFO - sample 72/241 | predict d1: [('paymentservice', 0.17310876738211078), ('paymentservice2-0', 0.17310876738211078), ('paymentservice-2', 0.1731023619280947), ('paymentservice-0', 0.17309836891779895), ('paymentservice-1', 0.17307603301645713)]
2025-09-07 20:12:29,232 - INFO - sample 72/241 | predict d2: [('paymentservice-1/Network/kpi_container_network_transmit_packets', 0.12832813437098523), ('paymentservice-1/Other/kpi_container_file_descriptors', 0.1251842522724811), ('paymentservice-1/Thread/kpi_container_threads', 0.12130266152183822), ('paymentservice-1/Network/kpi_container_network_receive_packets', 0.10797550093196939), ('paymentservice-1/CPU/kpi_container_cpu_system_seconds', 0.10686001607138174)]
2025-09-07 20:12:29,232 - INFO - ----------
2025-09-07 20:12:29,998 - INFO - [0/100] | train_loss: 0.33706
2025-09-07 20:12:35,339 - INFO - [10/100] | train_loss: 1.39167
2025-09-07 20:12:40,865 - INFO - [20/100] | train_loss: 1.03893
2025-09-07 20:12:45,873 - INFO - [30/100] | train_loss: 0.84899
2025-09-07 20:12:51,665 - INFO - [40/100] | train_loss: 0.78881
2025-09-07 20:12:56,889 - INFO - [50/100] | train_loss: 0.76866
2025-09-07 20:13:02,295 - INFO - [60/100] | train_loss: 0.75537
2025-09-07 20:13:07,265 - INFO - [70/100] | train_loss: 0.76067
2025-09-07 20:13:12,485 - INFO - [80/100] | train_loss: 0.76692
2025-09-07 20:13:17,684 - INFO - [90/100] | train_loss: 0.75874
2025-09-07 20:13:23,189 - INFO - [0/100] | train_loss: 0.36273
2025-09-07 20:13:28,985 - INFO - [10/100] | train_loss: 1.34922
2025-09-07 20:13:35,579 - INFO - [20/100] | train_loss: 0.99432
2025-09-07 20:13:40,674 - INFO - [30/100] | train_loss: 0.71486
2025-09-07 20:13:46,329 - INFO - [40/100] | train_loss: 0.59733
2025-09-07 20:13:52,477 - INFO - [50/100] | train_loss: 0.55891
2025-09-07 20:13:58,398 - INFO - [60/100] | train_loss: 0.53373
2025-09-07 20:14:04,070 - INFO - [70/100] | train_loss: 0.51594
2025-09-07 20:14:09,508 - INFO - [80/100] | train_loss: 0.51206
2025-09-07 20:14:14,474 - INFO - [90/100] | train_loss: 0.53313
2025-09-07 20:14:19,967 - INFO - [0/100] | train_loss: 0.26116
2025-09-07 20:14:25,292 - INFO - [10/100] | train_loss: 1.30840
2025-09-07 20:14:30,976 - INFO - [20/100] | train_loss: 0.89134
2025-09-07 20:14:36,467 - INFO - [30/100] | train_loss: 0.61042
2025-09-07 20:14:41,834 - INFO - [40/100] | train_loss: 0.49258
2025-09-07 20:14:47,445 - INFO - [50/100] | train_loss: 0.45604
2025-09-07 20:14:52,874 - INFO - [60/100] | train_loss: 0.45010
2025-09-07 20:14:58,388 - INFO - [70/100] | train_loss: 0.44201
2025-09-07 20:15:03,905 - INFO - [80/100] | train_loss: 0.43487
2025-09-07 20:15:09,531 - INFO - [90/100] | train_loss: 0.42940
2025-09-07 20:15:14,686 - INFO - [0/100] | train_loss: 0.27646
2025-09-07 20:15:19,965 - INFO - [10/100] | train_loss: 1.31551
2025-09-07 20:15:25,493 - INFO - [20/100] | train_loss: 0.94789
2025-09-07 20:15:30,500 - INFO - [30/100] | train_loss: 0.67423
2025-09-07 20:15:36,186 - INFO - [40/100] | train_loss: 0.55645
2025-09-07 20:15:41,580 - INFO - [50/100] | train_loss: 0.53358
2025-09-07 20:15:47,077 - INFO - [60/100] | train_loss: 0.49164
2025-09-07 20:15:53,293 - INFO - [70/100] | train_loss: 0.48361
2025-09-07 20:15:58,510 - INFO - [80/100] | train_loss: 0.47577
2025-09-07 20:16:03,907 - INFO - [90/100] | train_loss: 0.50355
2025-09-07 20:16:09,508 - INFO - [0/100] | train_loss: 0.22674
2025-09-07 20:16:14,876 - INFO - [10/100] | train_loss: 1.26749
2025-09-07 20:16:20,075 - INFO - [20/100] | train_loss: 0.88277
2025-09-07 20:16:25,800 - INFO - [30/100] | train_loss: 0.61304
2025-09-07 20:16:31,430 - INFO - [40/100] | train_loss: 0.49228
2025-09-07 20:16:36,769 - INFO - [50/100] | train_loss: 0.45274
2025-09-07 20:16:42,133 - INFO - [60/100] | train_loss: 0.44454
2025-09-07 20:16:47,417 - INFO - [70/100] | train_loss: 0.43955
2025-09-07 20:16:52,602 - INFO - [80/100] | train_loss: 0.42998
2025-09-07 20:16:58,682 - INFO - [90/100] | train_loss: 0.42532
2025-09-07 20:17:03,879 - INFO - ----------
2025-09-07 20:17:03,879 - INFO - sample 73/241 | d1: adservice; level: service; fault_type: k8s容器内存负载
2025-09-07 20:17:03,879 - INFO - sample 73/241 | predict d1: [('adservice-1', 5.2324022712887235), ('adservice2-0', 5.2260679127913185), ('adservice-2', 5.05840047735013), ('adservice', 5.010160221039609), ('adservice-0', 4.96324620692965)]
2025-09-07 20:17:03,879 - INFO - sample 73/241 | predict d2: [('adservice-1/CPU/kpi_container_cpu_cfs_throttled_periods', 2.6052457523695978), ('adservice-1/CPU/kpi_container_cpu_cfs_periods', 2.56258554945601), ('adservice-1/Other/kpi_container_file_descriptors', 2.5395900307336845), ('adservice-1/Memory/kpi_container_memory_failures', 2.5204342115032077), ('adservice-1/Thread/kpi_container_threads', 2.3578294755964446)]
2025-09-07 20:17:03,879 - INFO - ----------
2025-09-07 20:17:04,525 - INFO - [0/100] | train_loss: 0.18040
2025-09-07 20:17:09,603 - INFO - [10/100] | train_loss: 0.82184
2025-09-07 20:17:14,379 - INFO - [20/100] | train_loss: 0.57641
2025-09-07 20:17:19,401 - INFO - [30/100] | train_loss: 0.41050
2025-09-07 20:17:24,129 - INFO - [40/100] | train_loss: 0.31748
2025-09-07 20:17:29,076 - INFO - [50/100] | train_loss: 0.29209
2025-09-07 20:17:33,964 - INFO - [60/100] | train_loss: 0.26362
2025-09-07 20:17:39,128 - INFO - [70/100] | train_loss: 0.24650
2025-09-07 20:17:44,100 - INFO - [80/100] | train_loss: 0.27295
2025-09-07 20:17:48,788 - INFO - [90/100] | train_loss: 0.23713
2025-09-07 20:17:53,766 - INFO - [0/100] | train_loss: 0.17362
2025-09-07 20:17:58,801 - INFO - [10/100] | train_loss: 1.31388
2025-09-07 20:18:03,989 - INFO - [20/100] | train_loss: 0.96465
2025-09-07 20:18:09,130 - INFO - [30/100] | train_loss: 0.76457
2025-09-07 20:18:14,505 - INFO - [40/100] | train_loss: 0.71070
2025-09-07 20:18:19,820 - INFO - [50/100] | train_loss: 0.69962
2025-09-07 20:18:25,679 - INFO - [60/100] | train_loss: 0.67666
2025-09-07 20:18:31,426 - INFO - [70/100] | train_loss: 0.68581
2025-09-07 20:18:36,805 - INFO - [80/100] | train_loss: 0.69219
2025-09-07 20:18:41,968 - INFO - [90/100] | train_loss: 0.69058
2025-09-07 20:18:46,998 - INFO - ----------
2025-09-07 20:18:46,998 - INFO - sample 74/241 | d1: node-1; level: node; fault_type: node 磁盘写IO消耗
2025-09-07 20:18:46,998 - INFO - sample 74/241 | predict d1: [('node-1', 1.6068428002431432), ('paymentservice2-0', 0.07337407998591505), ('paymentservice-0', 0.07335409184598962), ('paymentservice', 0.07334975089653639), ('paymentservice-2', 0.07330936568666457)]
2025-09-07 20:18:46,998 - INFO - sample 74/241 | predict d2: [('node-1/Disk/system.io.await', 0.6302547859602896), ('node-1/Disk/system.io.avg_q_sz', 0.6207321007251849), ('node-1/Disk/system.io.w_s', 0.6121139053454598), ('node-1/Disk/system.io.w_await', 0.6103197950123942), ('node-1/Disk/system.io.svctm', 0.5963702562092408)]
2025-09-07 20:18:46,998 - INFO - ----------
2025-09-07 20:18:47,673 - INFO - [0/100] | train_loss: 0.37428
2025-09-07 20:18:52,800 - INFO - [10/100] | train_loss: 1.41145
2025-09-07 20:18:58,077 - INFO - [20/100] | train_loss: 0.97800
2025-09-07 20:19:03,868 - INFO - [30/100] | train_loss: 0.71255
2025-09-07 20:19:08,905 - INFO - [40/100] | train_loss: 0.59566
2025-09-07 20:19:14,587 - INFO - [50/100] | train_loss: 0.57378
2025-09-07 20:19:19,811 - INFO - [60/100] | train_loss: 0.55323
2025-09-07 20:19:24,579 - INFO - [70/100] | train_loss: 0.54245
2025-09-07 20:19:29,829 - INFO - [80/100] | train_loss: 0.54670
2025-09-07 20:19:35,085 - INFO - [90/100] | train_loss: 0.52984
2025-09-07 20:19:40,330 - INFO - [0/100] | train_loss: 0.22392
2025-09-07 20:19:45,996 - INFO - [10/100] | train_loss: 1.33005
2025-09-07 20:19:51,286 - INFO - [20/100] | train_loss: 1.13688
2025-09-07 20:19:57,006 - INFO - [30/100] | train_loss: 0.71874
2025-09-07 20:20:02,268 - INFO - [40/100] | train_loss: 0.59976
2025-09-07 20:20:07,970 - INFO - [50/100] | train_loss: 0.55891
2025-09-07 20:20:13,501 - INFO - [60/100] | train_loss: 0.52220
2025-09-07 20:20:18,929 - INFO - [70/100] | train_loss: 0.56540
2025-09-07 20:20:24,236 - INFO - [80/100] | train_loss: 0.49741
2025-09-07 20:20:30,264 - INFO - [90/100] | train_loss: 0.49588
2025-09-07 20:20:35,667 - INFO - [0/100] | train_loss: 0.12396
2025-09-07 20:20:41,100 - INFO - [10/100] | train_loss: 1.27317
2025-09-07 20:20:46,579 - INFO - [20/100] | train_loss: 0.93608
2025-09-07 20:20:51,996 - INFO - [30/100] | train_loss: 0.66297
2025-09-07 20:20:57,598 - INFO - [40/100] | train_loss: 0.54405
2025-09-07 20:21:03,290 - INFO - [50/100] | train_loss: 0.54960
2025-09-07 20:21:08,520 - INFO - [60/100] | train_loss: 0.51801
2025-09-07 20:21:13,698 - INFO - [70/100] | train_loss: 0.78810
2025-09-07 20:21:19,314 - INFO - [80/100] | train_loss: 0.52864
2025-09-07 20:21:24,590 - INFO - [90/100] | train_loss: 0.48078
2025-09-07 20:21:29,791 - INFO - ----------
2025-09-07 20:21:29,791 - INFO - sample 75/241 | d1: adservice-0; level: pod; fault_type: k8s容器写io负载
2025-09-07 20:21:29,791 - INFO - sample 75/241 | predict d1: [('shippingservice-1', 2.301353541303527), ('shippingservice2-0', 2.20979984160493), ('adservice-0', 1.745255809096733), ('shippingservice', 1.499493211133725), ('shippingservice-0', 1.4994548637977516)]
2025-09-07 20:21:29,791 - INFO - sample 75/241 | predict d2: [('shippingservice-1/Memory/kpi_container_memory_mapped_file', 0.926465070924424), ('frontend/Request/count.http', 0.9125106136078749), ('shippingservice2-0/Memory/kpi_container_memory_cache', 0.9068867161771443), ('shippingservice2-0/CPU/kpi_container_cpu_cfs_periods', 0.9024427326095434), ('frontend/Request/count.grpc', 0.884980403506729)]
2025-09-07 20:21:29,791 - INFO - ----------
2025-09-07 20:21:30,365 - INFO - [0/100] | train_loss: 0.23064
2025-09-07 20:21:35,125 - INFO - [10/100] | train_loss: 0.85252
2025-09-07 20:21:40,164 - INFO - [20/100] | train_loss: 0.61818
2025-09-07 20:21:45,465 - INFO - [30/100] | train_loss: 0.43321
2025-09-07 20:21:50,181 - INFO - [40/100] | train_loss: 0.39356
2025-09-07 20:21:54,788 - INFO - [50/100] | train_loss: 0.32978
2025-09-07 20:21:59,938 - INFO - [60/100] | train_loss: 0.28788
2025-09-07 20:22:05,192 - INFO - [70/100] | train_loss: 0.30646
2025-09-07 20:22:09,876 - INFO - [80/100] | train_loss: 0.26132
2025-09-07 20:22:14,769 - INFO - [90/100] | train_loss: 0.25713
2025-09-07 20:22:19,823 - INFO - [0/100] | train_loss: 0.11007
2025-09-07 20:22:25,467 - INFO - [10/100] | train_loss: 1.23007
2025-09-07 20:22:31,082 - INFO - [20/100] | train_loss: 0.83278
2025-09-07 20:22:35,823 - INFO - [30/100] | train_loss: 0.59647
2025-09-07 20:22:41,022 - INFO - [40/100] | train_loss: 0.51442
2025-09-07 20:22:46,605 - INFO - [50/100] | train_loss: 0.45793
2025-09-07 20:22:51,964 - INFO - [60/100] | train_loss: 0.47492
2025-09-07 20:22:57,289 - INFO - [70/100] | train_loss: 0.45901
2025-09-07 20:23:02,386 - INFO - [80/100] | train_loss: 0.43899
2025-09-07 20:23:08,065 - INFO - [90/100] | train_loss: 0.44341
2025-09-07 20:23:13,526 - INFO - ----------
2025-09-07 20:23:13,526 - INFO - sample 76/241 | d1: node-2; level: node; fault_type: node 磁盘空间消耗
2025-09-07 20:23:13,526 - INFO - sample 76/241 | predict d1: [('node-2', 1.3536331718086636), ('currencyservice', 0.05181670498343394), ('checkoutservice', 0.05181670498343394), ('currencyservice-0', 0.051815595810309034), ('currencyservice-2', 0.05181501006719813)]
2025-09-07 20:23:13,526 - INFO - sample 76/241 | predict d2: [('node-2/CPU/system.load.15', 0.5341681177336959), ('node-2/CPU/system.load.5', 0.5214283684137797), ('node-2/Disk/system.io.util', 0.49108815534562567), ('node-2/CPU/system.cpu.iowait', 0.4838794272519671), ('node-2/CPU/system.load.1', 0.4683810983219274)]
2025-09-07 20:23:13,526 - INFO - ----------
2025-09-07 20:23:14,202 - INFO - [0/100] | train_loss: 0.24345
2025-09-07 20:23:19,328 - INFO - [10/100] | train_loss: 0.94193
2025-09-07 20:23:24,089 - INFO - [20/100] | train_loss: 0.71013
2025-09-07 20:23:28,824 - INFO - [30/100] | train_loss: 0.51676
2025-09-07 20:23:33,979 - INFO - [40/100] | train_loss: 0.37034
2025-09-07 20:23:38,685 - INFO - [50/100] | train_loss: 0.33454
2025-09-07 20:23:43,534 - INFO - [60/100] | train_loss: 0.40832
2025-09-07 20:23:48,281 - INFO - [70/100] | train_loss: 0.33363
2025-09-07 20:23:53,026 - INFO - [80/100] | train_loss: 0.25204
2025-09-07 20:23:57,780 - INFO - [90/100] | train_loss: 0.26276
2025-09-07 20:24:02,902 - INFO - [0/100] | train_loss: 0.21748
2025-09-07 20:24:08,128 - INFO - [10/100] | train_loss: 1.33692
2025-09-07 20:24:13,963 - INFO - [20/100] | train_loss: 0.95358
2025-09-07 20:24:19,708 - INFO - [30/100] | train_loss: 0.68264
2025-09-07 20:24:24,665 - INFO - [40/100] | train_loss: 0.59386
2025-09-07 20:24:30,266 - INFO - [50/100] | train_loss: 0.53926
2025-09-07 20:24:35,406 - INFO - [60/100] | train_loss: 0.56233
2025-09-07 20:24:40,478 - INFO - [70/100] | train_loss: 0.51198
2025-09-07 20:24:45,911 - INFO - [80/100] | train_loss: 0.54970
2025-09-07 20:24:51,288 - INFO - [90/100] | train_loss: 0.50991
2025-09-07 20:24:56,274 - INFO - ----------
2025-09-07 20:24:56,275 - INFO - sample 77/241 | d1: node-4; level: node; fault_type: node 内存消耗
2025-09-07 20:24:56,275 - INFO - sample 77/241 | predict d1: [('node-4', 1.1583594933522043), ('paymentservice-0', 1.0585897831594515), ('paymentservice', 0.527385611739799), ('paymentservice2-0', 0.527385611739799), ('checkoutservice', 0.5273611571447212)]
2025-09-07 20:24:56,275 - INFO - sample 77/241 | predict d2: [('paymentservice-0/Memory/kpi_container_memory_mapped_file', 0.45335543879044593), ('node-4/Memory/system.mem.real.used', 0.45054057350377974), ('node-4/Disk/system.io.w_s', 0.44055017663082907), ('paymentservice-0/Network/kpi_container_network_receive_MB', 0.43948813121142294), ('node-4/Memory/system.mem.used', 0.4253766163853605)]
2025-09-07 20:24:56,275 - INFO - ----------
2025-09-07 20:24:56,878 - INFO - [0/100] | train_loss: 0.12616
2025-09-07 20:25:02,280 - INFO - [10/100] | train_loss: 1.26248
2025-09-07 20:25:07,531 - INFO - [20/100] | train_loss: 0.87339
2025-09-07 20:25:12,893 - INFO - [30/100] | train_loss: 0.62818
2025-09-07 20:25:18,323 - INFO - [40/100] | train_loss: 0.49463
2025-09-07 20:25:23,765 - INFO - [50/100] | train_loss: 0.47789
2025-09-07 20:25:29,372 - INFO - [60/100] | train_loss: 0.44752
2025-09-07 20:25:34,491 - INFO - [70/100] | train_loss: 0.45168
2025-09-07 20:25:40,172 - INFO - [80/100] | train_loss: 0.44913
2025-09-07 20:25:46,199 - INFO - [90/100] | train_loss: 0.46556
2025-09-07 20:25:51,266 - INFO - ----------
2025-09-07 20:25:51,266 - INFO - sample 78/241 | d1: node-5; level: node; fault_type: node 磁盘读IO消耗
2025-09-07 20:25:51,266 - INFO - sample 78/241 | predict d1: [('shippingservice', 0.05542747282424543), ('shippingservice-1', 0.05542747282424543), ('shippingservice-0', 0.05542394703120124), ('frontend', 0.05542301059656474), ('checkoutservice', 0.05542247406284062)]
2025-09-07 20:25:51,266 - INFO - sample 78/241 | predict d2: [('shippingservice-1/Other/kpi_container_file_descriptors', 0.038747255855389184), ('shippingservice-1/Other/kpi_container_sockets', 0.03771302545076516), ('shippingservice-1/Network/kpi_container_network_transmit_MB', 0.035516619677107286), ('shippingservice-1/CPU/kpi_container_cpu_user_seconds', 0.029272706796454884), ('shippingservice-0/Other/kpi_container_sockets', 0.028214045778591768)]
2025-09-07 20:25:51,266 - INFO - ----------
2025-09-07 20:25:51,880 - INFO - [0/100] | train_loss: 0.29801
2025-09-07 20:25:57,107 - INFO - [10/100] | train_loss: 0.92117
2025-09-07 20:26:01,807 - INFO - [20/100] | train_loss: 0.70495
2025-09-07 20:26:06,609 - INFO - [30/100] | train_loss: 0.48515
2025-09-07 20:26:11,420 - INFO - [40/100] | train_loss: 0.43608
2025-09-07 20:26:16,118 - INFO - [50/100] | train_loss: 0.31658
2025-09-07 20:26:20,905 - INFO - [60/100] | train_loss: 0.34252
2025-09-07 20:26:25,682 - INFO - [70/100] | train_loss: 0.27647
2025-09-07 20:26:30,530 - INFO - [80/100] | train_loss: 0.26925
2025-09-07 20:26:35,428 - INFO - [90/100] | train_loss: 0.25879
2025-09-07 20:26:40,390 - INFO - [0/100] | train_loss: 0.16301
2025-09-07 20:26:45,724 - INFO - [10/100] | train_loss: 1.30524
2025-09-07 20:26:50,978 - INFO - [20/100] | train_loss: 0.91889
2025-09-07 20:26:56,275 - INFO - [30/100] | train_loss: 0.66509
2025-09-07 20:27:01,923 - INFO - [40/100] | train_loss: 0.56250
2025-09-07 20:27:07,190 - INFO - [50/100] | train_loss: 0.58198
2025-09-07 20:27:12,870 - INFO - [60/100] | train_loss: 0.51617
2025-09-07 20:27:17,876 - INFO - [70/100] | train_loss: 0.50658
2025-09-07 20:27:23,063 - INFO - [80/100] | train_loss: 0.50034
2025-09-07 20:27:28,279 - INFO - [90/100] | train_loss: 0.51752
2025-09-07 20:27:33,492 - INFO - ----------
2025-09-07 20:27:33,492 - INFO - sample 79/241 | d1: node-1; level: node; fault_type: node节点CPU故障
2025-09-07 20:27:33,492 - INFO - sample 79/241 | predict d1: [('node-1', 1.2067779750515513), ('shippingservice2-0', 0.9982538339262348), ('shippingservice', 0.49709307681149895), ('shippingservice-1', 0.49709307681149895), ('shippingservice-2', 0.49707657700603036)]
2025-09-07 20:27:33,492 - INFO - sample 79/241 | predict d2: [('node-1/CPU/system.load.15', 0.4387735596148019), ('node-1/CPU/system.cpu.pct_usage', 0.435186316709121), ('node-1/CPU/system.load.1', 0.42822378419577944), ('node-1/CPU/system.cpu.user', 0.4251319037497865), ('node-1/CPU/system.load.5', 0.42436451894280935)]
2025-09-07 20:27:33,492 - INFO - ----------
2025-09-07 20:27:34,212 - INFO - [0/100] | train_loss: 0.39225
2025-09-07 20:27:39,625 - INFO - [10/100] | train_loss: 1.34255
2025-09-07 20:27:45,017 - INFO - [20/100] | train_loss: 0.95711
2025-09-07 20:27:50,695 - INFO - [30/100] | train_loss: 0.69813
2025-09-07 20:27:56,299 - INFO - [40/100] | train_loss: 0.57941
2025-09-07 20:28:01,928 - INFO - [50/100] | train_loss: 0.53454
2025-09-07 20:28:07,120 - INFO - [60/100] | train_loss: 0.51697
2025-09-07 20:28:12,801 - INFO - [70/100] | train_loss: 0.50888
2025-09-07 20:28:18,535 - INFO - [80/100] | train_loss: 0.50929
2025-09-07 20:28:23,910 - INFO - [90/100] | train_loss: 0.49980
2025-09-07 20:28:28,970 - INFO - ----------
2025-09-07 20:28:28,970 - INFO - sample 80/241 | d1: adservice2-0; level: pod; fault_type: k8s容器读io负载
2025-09-07 20:28:28,970 - INFO - sample 80/241 | predict d1: [('adservice2-0', 1.9845051166738479), ('adservice', 0.9887508688837165), ('adservice-1', 0.9887508688837165), ('frontend', 0.988737743153429), ('adservice-0', 0.9886748465544493)]
2025-09-07 20:28:28,970 - INFO - sample 80/241 | predict d2: [('adservice2-0/Memory/kpi_container_memory_cache', 0.7817244267328007), ('adservice2-0/Disk/kpi_container_fs_usage_MB', 0.7564648199848492), ('adservice2-0/CPU/kpi_container_cpu_usage_seconds', 0.7192154822398855), ('adservice2-0/Network/kpi_container_network_receive_packets', 0.7146565775740825), ('adservice2-0/CPU/kpi_container_cpu_system_seconds', 0.7002728559144877)]
2025-09-07 20:28:28,970 - INFO - ----------
2025-09-07 20:28:29,695 - INFO - [0/100] | train_loss: 0.25742
2025-09-07 20:28:35,239 - INFO - [10/100] | train_loss: 1.36413
2025-09-07 20:28:40,739 - INFO - [20/100] | train_loss: 0.99226
2025-09-07 20:28:46,208 - INFO - [30/100] | train_loss: 0.77589
2025-09-07 20:28:51,799 - INFO - [40/100] | train_loss: 0.73114
2025-09-07 20:28:57,286 - INFO - [50/100] | train_loss: 0.70229
2025-09-07 20:29:03,163 - INFO - [60/100] | train_loss: 0.69479
2025-09-07 20:29:08,600 - INFO - [70/100] | train_loss: 0.68176
2025-09-07 20:29:13,326 - INFO - [80/100] | train_loss: 0.69013
2025-09-07 20:29:18,663 - INFO - [90/100] | train_loss: 0.69104
2025-09-07 20:29:23,913 - INFO - [0/100] | train_loss: 0.17352
2025-09-07 20:29:29,788 - INFO - [10/100] | train_loss: 1.25738
2025-09-07 20:29:35,303 - INFO - [20/100] | train_loss: 0.87850
2025-09-07 20:29:40,977 - INFO - [30/100] | train_loss: 0.62662
2025-09-07 20:29:46,129 - INFO - [40/100] | train_loss: 0.52211
2025-09-07 20:29:51,273 - INFO - [50/100] | train_loss: 0.50462
2025-09-07 20:29:56,984 - INFO - [60/100] | train_loss: 0.46526
2025-09-07 20:30:02,603 - INFO - [70/100] | train_loss: 0.46011
2025-09-07 20:30:07,863 - INFO - [80/100] | train_loss: 0.45233
2025-09-07 20:30:13,388 - INFO - [90/100] | train_loss: 0.44004
2025-09-07 20:30:19,020 - INFO - [0/100] | train_loss: 0.20166
2025-09-07 20:30:24,187 - INFO - [10/100] | train_loss: 1.30179
2025-09-07 20:30:30,364 - INFO - [20/100] | train_loss: 0.90557
2025-09-07 20:30:35,280 - INFO - [30/100] | train_loss: 0.64173
2025-09-07 20:30:40,336 - INFO - [40/100] | train_loss: 0.53382
2025-09-07 20:30:45,528 - INFO - [50/100] | train_loss: 0.51278
2025-09-07 20:30:51,132 - INFO - [60/100] | train_loss: 0.51889
2025-09-07 20:30:56,693 - INFO - [70/100] | train_loss: 0.46543
2025-09-07 20:31:01,930 - INFO - [80/100] | train_loss: 0.46522
2025-09-07 20:31:06,807 - INFO - [90/100] | train_loss: 0.45633
2025-09-07 20:31:12,377 - INFO - [0/100] | train_loss: 0.20591
2025-09-07 20:31:17,288 - INFO - [10/100] | train_loss: 1.27628
2025-09-07 20:31:22,472 - INFO - [20/100] | train_loss: 0.88993
2025-09-07 20:31:27,977 - INFO - [30/100] | train_loss: 0.59730
2025-09-07 20:31:33,835 - INFO - [40/100] | train_loss: 0.48482
2025-09-07 20:31:39,376 - INFO - [50/100] | train_loss: 0.44913
2025-09-07 20:31:44,839 - INFO - [60/100] | train_loss: 0.43573
2025-09-07 20:31:50,469 - INFO - [70/100] | train_loss: 0.42374
2025-09-07 20:31:56,104 - INFO - [80/100] | train_loss: 0.41907
2025-09-07 20:32:01,603 - INFO - [90/100] | train_loss: 0.42231
2025-09-07 20:32:07,167 - INFO - [0/100] | train_loss: 0.15959
2025-09-07 20:32:12,685 - INFO - [10/100] | train_loss: 1.26455
2025-09-07 20:32:18,303 - INFO - [20/100] | train_loss: 0.84181
2025-09-07 20:32:24,192 - INFO - [30/100] | train_loss: 0.59564
2025-09-07 20:32:29,669 - INFO - [40/100] | train_loss: 0.46157
2025-09-07 20:32:34,973 - INFO - [50/100] | train_loss: 0.43164
2025-09-07 20:32:40,514 - INFO - [60/100] | train_loss: 0.44509
2025-09-07 20:32:46,102 - INFO - [70/100] | train_loss: 0.41528
2025-09-07 20:32:51,394 - INFO - [80/100] | train_loss: 0.40899
2025-09-07 20:32:57,490 - INFO - [90/100] | train_loss: 0.40899
2025-09-07 20:33:02,599 - INFO - ----------
2025-09-07 20:33:02,599 - INFO - sample 81/241 | d1: emailservice; level: service; fault_type: k8s容器网络资源包重复发送
2025-09-07 20:33:02,599 - INFO - sample 81/241 | predict d1: [('emailservice', 5.872749483743313), ('emailservice2-0', 5.865494440686383), ('emailservice-1', 5.864880017081045), ('emailservice-0', 5.860698380026722), ('emailservice-2', 4.886585254573241)]
2025-09-07 20:33:02,599 - INFO - sample 81/241 | predict d2: [('emailservice2-0/Network/kpi_container_network_receive_packets', 2.990087896860196), ('emailservice-0/Network/kpi_container_network_transmit_packets', 2.9900856409849847), ('emailservice2-0/Network/kpi_container_network_transmit_packets', 2.9834886219334678), ('emailservice-0/Network/kpi_container_network_receive_packets', 2.892614593550906), ('emailservice-1/Network/kpi_container_network_transmit_packets', 2.8797012648602696)]
2025-09-07 20:33:02,599 - INFO - ----------
2025-09-07 20:33:03,201 - INFO - [0/100] | train_loss: 0.29624
2025-09-07 20:33:09,034 - INFO - [10/100] | train_loss: 1.59770
2025-09-07 20:33:14,665 - INFO - [20/100] | train_loss: 1.14526
2025-09-07 20:33:20,797 - INFO - [30/100] | train_loss: 1.01358
2025-09-07 20:33:26,503 - INFO - [40/100] | train_loss: 0.97162
2025-09-07 20:33:32,187 - INFO - [50/100] | train_loss: 0.95178
2025-09-07 20:33:37,799 - INFO - [60/100] | train_loss: 0.97119
2025-09-07 20:33:42,680 - INFO - [70/100] | train_loss: 0.94592
2025-09-07 20:33:47,771 - INFO - [80/100] | train_loss: 0.97855
2025-09-07 20:33:53,067 - INFO - [90/100] | train_loss: 0.96809
2025-09-07 20:33:58,084 - INFO - [0/100] | train_loss: 0.30459
2025-09-07 20:34:03,824 - INFO - [10/100] | train_loss: 1.58726
2025-09-07 20:34:09,709 - INFO - [20/100] | train_loss: 1.06797
2025-09-07 20:34:15,499 - INFO - [30/100] | train_loss: 0.80392
2025-09-07 20:34:21,164 - INFO - [40/100] | train_loss: 0.70116
2025-09-07 20:34:26,486 - INFO - [50/100] | train_loss: 0.70398
2025-09-07 20:34:31,632 - INFO - [60/100] | train_loss: 0.65962
2025-09-07 20:34:37,407 - INFO - [70/100] | train_loss: 0.79669
2025-09-07 20:34:42,878 - INFO - [80/100] | train_loss: 0.68640
2025-09-07 20:34:49,035 - INFO - [90/100] | train_loss: 0.68698
2025-09-07 20:34:54,633 - INFO - [0/100] | train_loss: 0.25874
2025-09-07 20:35:00,285 - INFO - [10/100] | train_loss: 1.35918
2025-09-07 20:35:06,175 - INFO - [20/100] | train_loss: 1.05324
2025-09-07 20:35:11,790 - INFO - [30/100] | train_loss: 0.81883
2025-09-07 20:35:17,517 - INFO - [40/100] | train_loss: 0.67575
2025-09-07 20:35:22,978 - INFO - [50/100] | train_loss: 0.64725
2025-09-07 20:35:28,703 - INFO - [60/100] | train_loss: 0.63101
2025-09-07 20:35:34,207 - INFO - [70/100] | train_loss: 0.62507
2025-09-07 20:35:39,405 - INFO - [80/100] | train_loss: 0.62074
2025-09-07 20:35:44,887 - INFO - [90/100] | train_loss: 0.58364
2025-09-07 20:35:50,179 - INFO - [0/100] | train_loss: 0.30331
2025-09-07 20:35:56,079 - INFO - [10/100] | train_loss: 1.43944
2025-09-07 20:36:01,687 - INFO - [20/100] | train_loss: 1.07958
2025-09-07 20:36:07,367 - INFO - [30/100] | train_loss: 0.80653
2025-09-07 20:36:12,763 - INFO - [40/100] | train_loss: 0.77639
2025-09-07 20:36:18,364 - INFO - [50/100] | train_loss: 0.65407
2025-09-07 20:36:24,763 - INFO - [60/100] | train_loss: 0.62243
2025-09-07 20:36:30,476 - INFO - [70/100] | train_loss: 0.73643
2025-09-07 20:36:35,981 - INFO - [80/100] | train_loss: 0.63962
2025-09-07 20:36:41,264 - INFO - [90/100] | train_loss: 0.60918
2025-09-07 20:36:46,634 - INFO - [0/100] | train_loss: 0.28983
2025-09-07 20:36:51,922 - INFO - [10/100] | train_loss: 1.35975
2025-09-07 20:36:57,380 - INFO - [20/100] | train_loss: 1.02973
2025-09-07 20:37:02,663 - INFO - [30/100] | train_loss: 0.79508
2025-09-07 20:37:08,700 - INFO - [40/100] | train_loss: 0.70590
2025-09-07 20:37:13,765 - INFO - [50/100] | train_loss: 0.68930
2025-09-07 20:37:18,888 - INFO - [60/100] | train_loss: 0.65331
2025-09-07 20:37:24,739 - INFO - [70/100] | train_loss: 0.63896
2025-09-07 20:37:31,365 - INFO - [80/100] | train_loss: 0.72451
2025-09-07 20:37:37,610 - INFO - [90/100] | train_loss: 0.60929
2025-09-07 20:37:43,172 - INFO - ----------
2025-09-07 20:37:43,172 - INFO - sample 82/241 | d1: productcatalogservice; level: service; fault_type: k8s容器网络延迟
2025-09-07 20:37:43,173 - INFO - sample 82/241 | predict d1: [('productcatalogservice-1', 5.668212334063014), ('productcatalogservice', 5.6541155104974585), ('productcatalogservice-2', 5.644546131217201), ('productcatalogservice2-0', 5.630889134829747), ('productcatalogservice-0', 5.5448249572191415)]
2025-09-07 20:37:43,173 - INFO - sample 82/241 | predict d2: [('productcatalogservice-1/CPU/kpi_container_cpu_system_seconds', 3.678442426611621), ('productcatalogservice/Request/mrt.grpc', 3.6615561601224336), ('productcatalogservice-1/Other/kpi_container_sockets', 3.548480645907212), ('productcatalogservice-1/Memory/kpi_container_memory_mapped_file', 3.5299196930495), ('productcatalogservice-1/Network/kpi_container_network_transmit_MB', 3.416599428562165)]
2025-09-07 20:37:43,173 - INFO - ----------
2025-09-07 20:37:43,765 - INFO - [0/100] | train_loss: 0.17903
2025-09-07 20:37:48,807 - INFO - [10/100] | train_loss: 1.32264
2025-09-07 20:37:54,514 - INFO - [20/100] | train_loss: 0.98288
2025-09-07 20:38:00,393 - INFO - [30/100] | train_loss: 0.80884
2025-09-07 20:38:05,381 - INFO - [40/100] | train_loss: 0.77302
2025-09-07 20:38:11,191 - INFO - [50/100] | train_loss: 0.76287
2025-09-07 20:38:16,922 - INFO - [60/100] | train_loss: 0.75497
2025-09-07 20:38:22,177 - INFO - [70/100] | train_loss: 0.75913
2025-09-07 20:38:27,577 - INFO - [80/100] | train_loss: 0.75912
2025-09-07 20:38:32,925 - INFO - [90/100] | train_loss: 0.76139
2025-09-07 20:38:38,311 - INFO - ----------
2025-09-07 20:38:38,311 - INFO - sample 83/241 | d1: paymentservice-0; level: pod; fault_type: k8s容器网络丢包
2025-09-07 20:38:38,311 - INFO - sample 83/241 | predict d1: [('recommendationservice2-0', 0.025808785260629463), ('frontend', 0.025806351207752876), ('frontend-2', 0.025806351207752876), ('recommendationservice', 0.025806153031418866), ('recommendationservice-0', 0.025804884063602707)]
2025-09-07 20:38:38,311 - INFO - sample 83/241 | predict d2: [('recommendationservice/Request/mrt.grpc', 0.016286017656988783), ('recommendationservice/Request/count.grpc', 0.014044277332398991), ('recommendationservice-0/Memory/kpi_container_memory_max_usage_MB', 0.013949927817251684), ('recommendationservice-2/Network/kpi_container_network_transmit_packets', 0.013768070665069132), ('recommendationservice-2/Thread/kpi_container_threads', 0.013764057594305434)]
2025-09-07 20:38:38,311 - INFO - ----------
2025-09-07 20:38:39,063 - INFO - [0/100] | train_loss: 0.10745
2025-09-07 20:38:44,095 - INFO - [10/100] | train_loss: 1.26471
2025-09-07 20:38:50,202 - INFO - [20/100] | train_loss: 0.88357
2025-09-07 20:38:55,910 - INFO - [30/100] | train_loss: 0.65559
2025-09-07 20:39:01,072 - INFO - [40/100] | train_loss: 0.57113
2025-09-07 20:39:06,691 - INFO - [50/100] | train_loss: 0.57395
2025-09-07 20:39:12,300 - INFO - [60/100] | train_loss: 0.55566
2025-09-07 20:39:17,874 - INFO - [70/100] | train_loss: 0.52885
2025-09-07 20:39:23,093 - INFO - [80/100] | train_loss: 0.52709
2025-09-07 20:39:28,631 - INFO - [90/100] | train_loss: 0.54806
2025-09-07 20:39:33,766 - INFO - ----------
2025-09-07 20:39:33,766 - INFO - sample 84/241 | d1: shippingservice-1; level: pod; fault_type: k8s容器网络丢包
2025-09-07 20:39:33,766 - INFO - sample 84/241 | predict d1: [('frontend', 0.07647825348901094), ('frontend-1', 0.07647825348901094), ('frontend-0', 0.07647066555699888), ('frontend-2', 0.07646035410764673), ('currencyservice', 0.07645684913966067)]
2025-09-07 20:39:33,766 - INFO - sample 84/241 | predict d2: [('frontend-1/Other/kpi_container_file_descriptors', 0.05437576815394518), ('frontend-1/Network/kpi_container_network_transmit_packets', 0.05266301792067951), ('frontend-1/Network/kpi_container_network_transmit_MB', 0.051940712453482085), ('frontend2-0/Memory/kpi_container_memory_mapped_file', 0.05165809550980338), ('<duration>; cmdb_id: frontend-1; type: upstream', 0.049786419485401634)]
2025-09-07 20:39:33,766 - INFO - ----------
2025-09-07 20:39:34,489 - INFO - [0/100] | train_loss: 0.22608
2025-09-07 20:39:39,691 - INFO - [10/100] | train_loss: 1.59797
2025-09-07 20:39:45,414 - INFO - [20/100] | train_loss: 1.11888
2025-09-07 20:39:51,265 - INFO - [30/100] | train_loss: 0.93283
2025-09-07 20:39:56,705 - INFO - [40/100] | train_loss: 0.93138
2025-09-07 20:40:02,509 - INFO - [50/100] | train_loss: 0.88341
2025-09-07 20:40:08,213 - INFO - [60/100] | train_loss: 0.87537
2025-09-07 20:40:13,927 - INFO - [70/100] | train_loss: 0.86580
2025-09-07 20:40:20,079 - INFO - [80/100] | train_loss: 0.89473
2025-09-07 20:40:25,467 - INFO - [90/100] | train_loss: 0.86327
2025-09-07 20:40:31,031 - INFO - [0/100] | train_loss: 0.20463
2025-09-07 20:40:36,536 - INFO - [10/100] | train_loss: 1.49512
2025-09-07 20:40:42,270 - INFO - [20/100] | train_loss: 1.17953
2025-09-07 20:40:47,718 - INFO - [30/100] | train_loss: 1.04757
2025-09-07 20:40:53,418 - INFO - [40/100] | train_loss: 1.04960
2025-09-07 20:40:59,016 - INFO - [50/100] | train_loss: 1.08166
2025-09-07 20:41:04,769 - INFO - [60/100] | train_loss: 1.07409
2025-09-07 20:41:10,299 - INFO - [70/100] | train_loss: 1.08946
2025-09-07 20:41:15,423 - INFO - [80/100] | train_loss: 1.06459
2025-09-07 20:41:20,792 - INFO - [90/100] | train_loss: 1.06690
2025-09-07 20:41:26,167 - INFO - [0/100] | train_loss: 0.26988
2025-09-07 20:41:31,381 - INFO - [10/100] | train_loss: 1.33380
2025-09-07 20:41:37,102 - INFO - [20/100] | train_loss: 0.96390
2025-09-07 20:41:42,825 - INFO - [30/100] | train_loss: 0.76887
2025-09-07 20:41:48,293 - INFO - [40/100] | train_loss: 0.67759
2025-09-07 20:41:53,998 - INFO - [50/100] | train_loss: 0.68702
2025-09-07 20:42:00,206 - INFO - [60/100] | train_loss: 0.64345
2025-09-07 20:42:05,398 - INFO - [70/100] | train_loss: 0.64961
2025-09-07 20:42:10,674 - INFO - [80/100] | train_loss: 0.61086
2025-09-07 20:42:15,935 - INFO - [90/100] | train_loss: 0.60452
2025-09-07 20:42:21,266 - INFO - [0/100] | train_loss: 0.27553
2025-09-07 20:42:26,885 - INFO - [10/100] | train_loss: 1.38243
2025-09-07 20:42:32,566 - INFO - [20/100] | train_loss: 1.09951
2025-09-07 20:42:38,084 - INFO - [30/100] | train_loss: 0.80428
2025-09-07 20:42:43,377 - INFO - [40/100] | train_loss: 0.70047
2025-09-07 20:42:49,410 - INFO - [50/100] | train_loss: 0.68430
2025-09-07 20:42:54,927 - INFO - [60/100] | train_loss: 0.65036
2025-09-07 20:43:00,102 - INFO - [70/100] | train_loss: 0.61604
2025-09-07 20:43:05,411 - INFO - [80/100] | train_loss: 0.62010
2025-09-07 20:43:10,798 - INFO - [90/100] | train_loss: 0.64607
2025-09-07 20:43:16,192 - INFO - [0/100] | train_loss: 0.25185
2025-09-07 20:43:21,731 - INFO - [10/100] | train_loss: 1.34227
2025-09-07 20:43:27,277 - INFO - [20/100] | train_loss: 1.00832
2025-09-07 20:43:32,577 - INFO - [30/100] | train_loss: 0.78286
2025-09-07 20:43:38,201 - INFO - [40/100] | train_loss: 0.71000
2025-09-07 20:43:43,466 - INFO - [50/100] | train_loss: 0.69758
2025-09-07 20:43:49,172 - INFO - [60/100] | train_loss: 0.77855
2025-09-07 20:43:54,963 - INFO - [70/100] | train_loss: 0.64485
2025-09-07 20:44:00,302 - INFO - [80/100] | train_loss: 0.63564
2025-09-07 20:44:05,988 - INFO - [90/100] | train_loss: 0.67566
2025-09-07 20:44:11,689 - INFO - [0/100] | train_loss: 0.13276
2025-09-07 20:44:16,936 - INFO - [10/100] | train_loss: 1.30047
2025-09-07 20:44:22,737 - INFO - [20/100] | train_loss: 0.92872
2025-09-07 20:44:28,266 - INFO - [30/100] | train_loss: 0.72575
2025-09-07 20:44:34,397 - INFO - [40/100] | train_loss: 0.66528
2025-09-07 20:44:39,979 - INFO - [50/100] | train_loss: 0.66864
2025-09-07 20:44:45,665 - INFO - [60/100] | train_loss: 0.60754
2025-09-07 20:44:51,087 - INFO - [70/100] | train_loss: 0.62951
2025-09-07 20:44:56,405 - INFO - [80/100] | train_loss: 0.58095
2025-09-07 20:45:02,098 - INFO - [90/100] | train_loss: 0.69485
2025-09-07 20:45:07,278 - INFO - [0/100] | train_loss: 0.29527
2025-09-07 20:45:12,499 - INFO - [10/100] | train_loss: 1.35558
2025-09-07 20:45:18,184 - INFO - [20/100] | train_loss: 1.00680
2025-09-07 20:45:23,787 - INFO - [30/100] | train_loss: 0.79434
2025-09-07 20:45:29,387 - INFO - [40/100] | train_loss: 0.67820
2025-09-07 20:45:34,928 - INFO - [50/100] | train_loss: 0.68451
2025-09-07 20:45:40,630 - INFO - [60/100] | train_loss: 0.64278
2025-09-07 20:45:45,999 - INFO - [70/100] | train_loss: 0.61713
2025-09-07 20:45:51,563 - INFO - [80/100] | train_loss: 0.61848
2025-09-07 20:45:56,486 - INFO - [90/100] | train_loss: 0.61637
2025-09-07 20:46:01,928 - INFO - [0/100] | train_loss: 0.18799
2025-09-07 20:46:07,582 - INFO - [10/100] | train_loss: 1.30119
2025-09-07 20:46:13,385 - INFO - [20/100] | train_loss: 0.95697
2025-09-07 20:46:18,780 - INFO - [30/100] | train_loss: 0.74062
2025-09-07 20:46:23,988 - INFO - [40/100] | train_loss: 0.64404
2025-09-07 20:46:29,412 - INFO - [50/100] | train_loss: 0.67624
2025-09-07 20:46:34,863 - INFO - [60/100] | train_loss: 0.62839
2025-09-07 20:46:40,606 - INFO - [70/100] | train_loss: 0.63538
2025-09-07 20:46:46,668 - INFO - [80/100] | train_loss: 0.62858
2025-09-07 20:46:52,388 - INFO - [90/100] | train_loss: 0.67991
2025-09-07 20:46:58,035 - INFO - ----------
2025-09-07 20:46:58,036 - INFO - sample 85/241 | d1: cartservice; level: service; fault_type: k8s容器网络延迟
2025-09-07 20:46:58,036 - INFO - sample 85/241 | predict d1: [('frontend', 6.828154235480891), ('cartservice', 6.353877691216121), ('frontend-2', 5.0674150965009765), ('frontend-1', 5.037014102933405), ('frontend-0', 4.867614381135471)]
2025-09-07 20:46:58,036 - INFO - sample 85/241 | predict d2: [('cartservice/Request/mrt.grpc', 3.6635907280749063), ('<intensity>; hipstershop.CartService/GetCart; type: downstream', 3.5514521946438524), ('cartservice/Request/mrt.http', 3.446737489101622), ('<duration>; hipstershop.Frontend/Recv.; type: current', 3.4111782918131492), ('<duration>; hipstershop.CartService/GetCart; type: upstream', 3.007776917767245)]
2025-09-07 20:46:58,036 - INFO - ----------
2025-09-07 20:46:58,609 - INFO - [0/100] | train_loss: 0.21181
2025-09-07 20:47:04,409 - INFO - [10/100] | train_loss: 1.30315
2025-09-07 20:47:09,790 - INFO - [20/100] | train_loss: 0.93791
2025-09-07 20:47:15,382 - INFO - [30/100] | train_loss: 0.69798
2025-09-07 20:47:20,827 - INFO - [40/100] | train_loss: 0.62863
2025-09-07 20:47:26,164 - INFO - [50/100] | train_loss: 0.60284
2025-09-07 20:47:31,387 - INFO - [60/100] | train_loss: 0.65425
2025-09-07 20:47:36,627 - INFO - [70/100] | train_loss: 0.57052
2025-09-07 20:47:42,284 - INFO - [80/100] | train_loss: 0.59477
2025-09-07 20:47:47,670 - INFO - [90/100] | train_loss: 0.57323
2025-09-07 20:47:52,542 - INFO - ----------
2025-09-07 20:47:52,543 - INFO - sample 86/241 | d1: emailservice-1; level: pod; fault_type: k8s容器网络丢包
2025-09-07 20:47:52,543 - INFO - sample 86/241 | predict d1: [('frontend', 0.1281814416139344), ('frontend-0', 0.1281814416139344), ('frontend-1', 0.12814815016191972), ('recommendationservice', 0.12810047141030267), ('adservice', 0.1280995339502855)]
2025-09-07 20:47:52,543 - INFO - sample 86/241 | predict d2: [('frontend-0/Network/kpi_container_network_receive_MB', 0.08885307248801233), ('frontend-0/Network/kpi_container_network_transmit_packets', 0.0842971795042402), ('frontend-0/Other/kpi_container_file_descriptors', 0.08299779019201203), ('frontend-2/Memory/kpi_container_memory_failcnt', 0.07967241807342162), ('<duration>; hipstershop.Frontend/Recv.; type: current', 0.07634499283991758)]
2025-09-07 20:47:52,543 - INFO - ----------
2025-09-07 20:47:53,094 - INFO - [0/100] | train_loss: 0.18365
2025-09-07 20:47:58,805 - INFO - [10/100] | train_loss: 1.33374
2025-09-07 20:48:04,291 - INFO - [20/100] | train_loss: 0.98977
2025-09-07 20:48:09,707 - INFO - [30/100] | train_loss: 0.81307
2025-09-07 20:48:15,385 - INFO - [40/100] | train_loss: 0.77561
2025-09-07 20:48:21,025 - INFO - [50/100] | train_loss: 0.77213
2025-09-07 20:48:25,875 - INFO - [60/100] | train_loss: 0.76602
2025-09-07 20:48:31,336 - INFO - [70/100] | train_loss: 0.77414
2025-09-07 20:48:36,537 - INFO - [80/100] | train_loss: 0.77519
2025-09-07 20:48:42,421 - INFO - [90/100] | train_loss: 0.77214
2025-09-07 20:48:47,215 - INFO - ----------
2025-09-07 20:48:47,215 - INFO - sample 87/241 | d1: emailservice-2; level: pod; fault_type: k8s容器网络资源包重复发送
2025-09-07 20:48:47,215 - INFO - sample 87/241 | predict d1: [('frontend', 0.06127176293196612), ('frontend-2', 0.06127176293196612), ('productcatalogservice', 0.061262329087796275), ('recommendationservice', 0.061262329087796275), ('recommendationservice-0', 0.0612620482734485)]
2025-09-07 20:48:47,215 - INFO - sample 87/241 | predict d2: [('recommendationservice-1/Network/kpi_container_network_transmit_MB', 0.04169548132833256), ('recommendationservice2-0/Network/kpi_container_network_transmit_MB', 0.03886608703507477), ('recommendationservice-0/Network/kpi_container_network_transmit_MB', 0.03693038060882259), ('recommendationservice2-0/Network/kpi_container_network_receive_packets', 0.03561701949385565), ('recommendationservice-2/CPU/kpi_container_cpu_user_seconds', 0.03429749184760311)]
2025-09-07 20:48:47,215 - INFO - ----------
2025-09-07 20:48:47,915 - INFO - [0/100] | train_loss: 0.14042
2025-09-07 20:48:53,509 - INFO - [10/100] | train_loss: 1.27699
2025-09-07 20:48:59,118 - INFO - [20/100] | train_loss: 0.88355
2025-09-07 20:49:04,780 - INFO - [30/100] | train_loss: 0.65751
2025-09-07 20:49:09,590 - INFO - [40/100] | train_loss: 0.58840
2025-09-07 20:49:15,177 - INFO - [50/100] | train_loss: 0.56674
2025-09-07 20:49:20,884 - INFO - [60/100] | train_loss: 0.54624
2025-09-07 20:49:26,085 - INFO - [70/100] | train_loss: 0.53370
2025-09-07 20:49:32,190 - INFO - [80/100] | train_loss: 0.53153
2025-09-07 20:49:37,775 - INFO - [90/100] | train_loss: 0.55322
2025-09-07 20:49:43,015 - INFO - ----------
2025-09-07 20:49:43,015 - INFO - sample 88/241 | d1: frontend; level: service; fault_type: k8s容器网络延迟
2025-09-07 20:49:43,016 - INFO - sample 88/241 | predict d1: [('frontend', 0.0740664918971845), ('frontend-0', 0.0740664918971845), ('frontend-2', 0.07406463792862183), ('frontend-1', 0.07405675184495308), ('frontend2-0', 0.07405041521327149)]
2025-09-07 20:49:43,016 - INFO - sample 88/241 | predict d2: [('frontend2-0/CPU/kpi_container_cpu_cfs_periods', 0.05876540274562814), ('frontend2-0/Other/kpi_container_sockets', 0.05684803204066213), ('frontend2-0/Network/kpi_container_network_transmit_packets', 0.0552129571575648), ('frontend2-0/Memory/kpi_container_memory_mapped_file', 0.05470472347122168), ('frontend2-0/Network/kpi_container_network_receive_packets', 0.05321211308542928)]
2025-09-07 20:49:43,016 - INFO - ----------
2025-09-07 20:49:43,801 - INFO - [0/100] | train_loss: 0.19334
2025-09-07 20:49:49,701 - INFO - [10/100] | train_loss: 1.27322
2025-09-07 20:49:54,929 - INFO - [20/100] | train_loss: 0.89740
2025-09-07 20:50:00,832 - INFO - [30/100] | train_loss: 0.67853
2025-09-07 20:50:06,102 - INFO - [40/100] | train_loss: 0.61422
2025-09-07 20:50:12,065 - INFO - [50/100] | train_loss: 0.57522
2025-09-07 20:50:17,398 - INFO - [60/100] | train_loss: 0.53537
2025-09-07 20:50:22,677 - INFO - [70/100] | train_loss: 0.51699
2025-09-07 20:50:28,069 - INFO - [80/100] | train_loss: 0.51420
2025-09-07 20:50:33,675 - INFO - [90/100] | train_loss: 0.52742
2025-09-07 20:50:38,533 - INFO - ----------
2025-09-07 20:50:38,533 - INFO - sample 89/241 | d1: cartservice-0; level: pod; fault_type: k8s容器进程中止
2025-09-07 20:50:38,533 - INFO - sample 89/241 | predict d1: [('cartservice', 0.1713220817387473), ('checkoutservice', 0.1713220817387473), ('cartservice-1', 0.17131432474662667), ('cartservice-2', 0.17130438384702984), ('cartservice2-0', 0.17130362153970324)]
2025-09-07 20:50:38,533 - INFO - sample 89/241 | predict d2: [('cartservice-0/Memory/kpi_container_memory_cache', 0.1292063840952249), ('cartservice-0/Other/kpi_container_file_descriptors', 0.12265937973090679), ('cartservice-0/Thread/kpi_container_threads', 0.11633578292053315), ('cartservice-0/Disk/kpi_container_fs_writes_MB', 0.11414717798297502), ('cartservice-0/Disk/kpi_container_fs_writes', 0.11346201821812052)]
2025-09-07 20:50:38,533 - INFO - ----------
2025-09-07 20:50:39,134 - INFO - [0/100] | train_loss: 0.24528
2025-09-07 20:50:44,775 - INFO - [10/100] | train_loss: 1.48234
2025-09-07 20:50:50,185 - INFO - [20/100] | train_loss: 1.05910
2025-09-07 20:50:55,410 - INFO - [30/100] | train_loss: 0.85690
2025-09-07 20:51:01,299 - INFO - [40/100] | train_loss: 0.79348
2025-09-07 20:51:06,792 - INFO - [50/100] | train_loss: 0.77268
2025-09-07 20:51:12,468 - INFO - [60/100] | train_loss: 0.74241
2025-09-07 20:51:17,709 - INFO - [70/100] | train_loss: 0.73602
2025-09-07 20:51:23,479 - INFO - [80/100] | train_loss: 0.73757
2025-09-07 20:51:29,767 - INFO - [90/100] | train_loss: 0.74032
2025-09-07 20:51:35,191 - INFO - [0/100] | train_loss: 0.24939
2025-09-07 20:51:40,620 - INFO - [10/100] | train_loss: 1.32442
2025-09-07 20:51:46,067 - INFO - [20/100] | train_loss: 0.95358
2025-09-07 20:51:51,723 - INFO - [30/100] | train_loss: 0.76410
2025-09-07 20:51:57,317 - INFO - [40/100] | train_loss: 0.56803
2025-09-07 20:52:02,694 - INFO - [50/100] | train_loss: 0.52032
2025-09-07 20:52:07,732 - INFO - [60/100] | train_loss: 0.58258
2025-09-07 20:52:13,287 - INFO - [70/100] | train_loss: 0.48850
2025-09-07 20:52:18,430 - INFO - [80/100] | train_loss: 0.49824
2025-09-07 20:52:24,263 - INFO - [90/100] | train_loss: 0.50955
2025-09-07 20:52:29,866 - INFO - [0/100] | train_loss: 0.20534
2025-09-07 20:52:34,806 - INFO - [10/100] | train_loss: 1.32972
2025-09-07 20:52:40,289 - INFO - [20/100] | train_loss: 0.98860
2025-09-07 20:52:45,587 - INFO - [30/100] | train_loss: 0.76303
2025-09-07 20:52:51,179 - INFO - [40/100] | train_loss: 0.64950
2025-09-07 20:52:56,822 - INFO - [50/100] | train_loss: 0.62541
2025-09-07 20:53:01,615 - INFO - [60/100] | train_loss: 0.61229
2025-09-07 20:53:07,007 - INFO - [70/100] | train_loss: 0.60324
2025-09-07 20:53:12,163 - INFO - [80/100] | train_loss: 0.59929
2025-09-07 20:53:18,084 - INFO - [90/100] | train_loss: 0.60195
2025-09-07 20:53:23,604 - INFO - ----------
2025-09-07 20:53:23,604 - INFO - sample 90/241 | d1: adservice; level: service; fault_type: k8s容器网络延迟
2025-09-07 20:53:23,604 - INFO - sample 90/241 | predict d1: [('adservice', 2.3717740302965318), ('frontend2-0', 2.3360537722576247), ('checkoutservice', 2.068872235174151), ('frontend', 1.5592351853355417), ('frontend-1', 1.557621827530486)]
2025-09-07 20:53:23,604 - INFO - sample 90/241 | predict d2: [('frontend-0/Network/kpi_container_network_transmit_packets', 0.9946207445740818), ('<intensity>; hipstershop.AdService/GetAds; type: downstream', 0.9773313583698879), ('frontend2-0/Other/kpi_container_sockets', 0.9736827031665101), ('frontend2-0/Network/kpi_container_network_transmit_packets', 0.9643460498577099), ('<duration>; cmdb_id: frontend2-0; type: upstream', 0.9609082330778165)]
2025-09-07 20:53:23,604 - INFO - ----------
2025-09-07 20:53:24,233 - INFO - [0/100] | train_loss: 0.33271
2025-09-07 20:53:29,285 - INFO - [10/100] | train_loss: 1.54873
2025-09-07 20:53:34,473 - INFO - [20/100] | train_loss: 1.04785
2025-09-07 20:53:39,502 - INFO - [30/100] | train_loss: 0.77884
2025-09-07 20:53:45,582 - INFO - [40/100] | train_loss: 0.66526
2025-09-07 20:53:50,735 - INFO - [50/100] | train_loss: 0.63967
2025-09-07 20:53:56,378 - INFO - [60/100] | train_loss: 0.60637
2025-09-07 20:54:02,284 - INFO - [70/100] | train_loss: 0.58977
2025-09-07 20:54:07,868 - INFO - [80/100] | train_loss: 0.56714
2025-09-07 20:54:13,710 - INFO - [90/100] | train_loss: 0.58930
2025-09-07 20:54:19,113 - INFO - ----------
2025-09-07 20:54:19,113 - INFO - sample 91/241 | d1: productcatalogservice-2; level: pod; fault_type: k8s容器网络延迟
2025-09-07 20:54:19,114 - INFO - sample 91/241 | predict d1: [('productcatalogservice-2', 1.8976595374696785), ('productcatalogservice', 0.9450861045716437), ('productcatalogservice-1', 0.9450861045716437), ('checkoutservice', 0.9446757839221362), ('recommendationservice', 0.944639789885116)]
2025-09-07 20:54:19,114 - INFO - sample 91/241 | predict d2: [('productcatalogservice-2/Network/kpi_container_network_receive_packets', 0.8276151579031534), ('productcatalogservice/Request/mrt.grpc', 0.7847129383180373), ('productcatalogservice-2/CPU/kpi_container_cpu_system_seconds', 0.761983016684141), ('<duration>; cmdb_id: productcatalogservice-1; type: upstream', 0.7466099805315736), ('productcatalogservice-1/CPU/kpi_container_cpu_system_seconds', 0.7452931560302858)]
2025-09-07 20:54:19,114 - INFO - ----------
2025-09-07 20:54:19,701 - INFO - [0/100] | train_loss: 0.15723
2025-09-07 20:54:25,180 - INFO - [10/100] | train_loss: 1.44041
2025-09-07 20:54:30,866 - INFO - [20/100] | train_loss: 0.95956
2025-09-07 20:54:36,463 - INFO - [30/100] | train_loss: 0.87987
2025-09-07 20:54:42,231 - INFO - [40/100] | train_loss: 0.59242
2025-09-07 20:54:47,896 - INFO - [50/100] | train_loss: 0.59752
2025-09-07 20:54:53,511 - INFO - [60/100] | train_loss: 0.54133
2025-09-07 20:54:59,111 - INFO - [70/100] | train_loss: 0.52004
2025-09-07 20:55:04,322 - INFO - [80/100] | train_loss: 0.56399
2025-09-07 20:55:09,825 - INFO - [90/100] | train_loss: 0.53090
2025-09-07 20:55:15,066 - INFO - ----------
2025-09-07 20:55:15,066 - INFO - sample 92/241 | d1: shippingservice-1; level: pod; fault_type: k8s容器网络延迟
2025-09-07 20:55:15,066 - INFO - sample 92/241 | predict d1: [('shippingservice', 0.24462278486152123), ('shippingservice-1', 0.24462278486152123), ('checkoutservice', 0.24462218180653128), ('shippingservice-2', 0.24461610713065696), ('shippingservice-0', 0.24461159157256152)]
2025-09-07 20:55:15,066 - INFO - sample 92/241 | predict d2: [('shippingservice-1/CPU/kpi_container_cpu_cfs_periods', 0.19585125677008008), ('shippingservice-1/Memory/kpi_container_memory_failures', 0.18556397703514182), ('shippingservice2-0/Memory/kpi_container_memory_mapped_file', 0.1837595335446185), ('shippingservice-1/Network/kpi_container_network_transmit_packets', 0.17893078398817952), ('shippingservice-1/Other/kpi_container_sockets', 0.17628022492944684)]
2025-09-07 20:55:15,066 - INFO - ----------
2025-09-07 20:55:15,717 - INFO - [0/100] | train_loss: 0.23007
2025-09-07 20:55:21,289 - INFO - [10/100] | train_loss: 1.34055
2025-09-07 20:55:27,310 - INFO - [20/100] | train_loss: 1.00872
2025-09-07 20:55:32,299 - INFO - [30/100] | train_loss: 0.77307
2025-09-07 20:55:37,897 - INFO - [40/100] | train_loss: 0.66637
2025-09-07 20:55:42,832 - INFO - [50/100] | train_loss: 0.63859
2025-09-07 20:55:48,522 - INFO - [60/100] | train_loss: 0.62009
2025-09-07 20:55:54,203 - INFO - [70/100] | train_loss: 0.64729
2025-09-07 20:55:59,887 - INFO - [80/100] | train_loss: 0.60342
2025-09-07 20:56:05,481 - INFO - [90/100] | train_loss: 0.62946
2025-09-07 20:56:10,368 - INFO - ----------
2025-09-07 20:56:10,369 - INFO - sample 93/241 | d1: shippingservice-1; level: pod; fault_type: k8s容器网络延迟
2025-09-07 20:56:10,369 - INFO - sample 93/241 | predict d1: [('frontend-0', 1.0067169763329105), ('frontend', 0.4997702934029178), ('frontend-2', 0.49966136336399103), ('shippingservice', 0.4995999032532623), ('recommendationservice', 0.4995978485396293)]
2025-09-07 20:56:10,369 - INFO - sample 93/241 | predict d2: [('frontend-0/Thread/kpi_container_threads', 0.41837468624639484), ('frontend-0/Other/kpi_container_file_descriptors', 0.4103170058690182), ('frontend-0/Network/kpi_container_network_receive_packets', 0.3897279594240288), ('frontend-0/CPU/kpi_container_cpu_cfs_periods', 0.37337736417467227), ('frontend-1/Memory/kpi_container_memory_mapped_file', 0.36688048053258626)]
2025-09-07 20:56:10,369 - INFO - ----------
2025-09-07 20:56:11,021 - INFO - [0/100] | train_loss: 0.26709
2025-09-07 20:56:16,885 - INFO - [10/100] | train_loss: 1.41693
2025-09-07 20:56:22,331 - INFO - [20/100] | train_loss: 1.04620
2025-09-07 20:56:27,405 - INFO - [30/100] | train_loss: 0.87147
2025-09-07 20:56:33,065 - INFO - [40/100] | train_loss: 0.86800
2025-09-07 20:56:38,420 - INFO - [50/100] | train_loss: 0.85966
2025-09-07 20:56:44,084 - INFO - [60/100] | train_loss: 0.87586
2025-09-07 20:56:49,392 - INFO - [70/100] | train_loss: 0.87256
2025-09-07 20:56:54,726 - INFO - [80/100] | train_loss: 0.88221
2025-09-07 20:57:00,308 - INFO - [90/100] | train_loss: 0.87593
2025-09-07 20:57:05,767 - INFO - [0/100] | train_loss: 0.26321
2025-09-07 20:57:11,274 - INFO - [10/100] | train_loss: 1.30372
2025-09-07 20:57:16,613 - INFO - [20/100] | train_loss: 0.87584
2025-09-07 20:57:22,294 - INFO - [30/100] | train_loss: 0.62676
2025-09-07 20:57:27,878 - INFO - [40/100] | train_loss: 0.53683
2025-09-07 20:57:33,574 - INFO - [50/100] | train_loss: 0.49950
2025-09-07 20:57:38,712 - INFO - [60/100] | train_loss: 0.48456
2025-09-07 20:57:44,383 - INFO - [70/100] | train_loss: 0.47723
2025-09-07 20:57:49,267 - INFO - [80/100] | train_loss: 0.46719
2025-09-07 20:57:54,834 - INFO - [90/100] | train_loss: 0.46460
2025-09-07 20:58:00,283 - INFO - [0/100] | train_loss: 0.25527
2025-09-07 20:58:05,969 - INFO - [10/100] | train_loss: 1.29219
2025-09-07 20:58:11,586 - INFO - [20/100] | train_loss: 0.89965
2025-09-07 20:58:17,631 - INFO - [30/100] | train_loss: 0.63468
2025-09-07 20:58:23,130 - INFO - [40/100] | train_loss: 0.54269
2025-09-07 20:58:28,797 - INFO - [50/100] | train_loss: 0.50477
2025-09-07 20:58:34,433 - INFO - [60/100] | train_loss: 0.49360
2025-09-07 20:58:40,192 - INFO - [70/100] | train_loss: 0.50253
2025-09-07 20:58:45,481 - INFO - [80/100] | train_loss: 0.48681
2025-09-07 20:58:51,171 - INFO - [90/100] | train_loss: 0.47909
2025-09-07 20:58:56,966 - INFO - [0/100] | train_loss: 0.33912
2025-09-07 20:59:02,279 - INFO - [10/100] | train_loss: 1.33178
2025-09-07 20:59:07,005 - INFO - [20/100] | train_loss: 0.93205
2025-09-07 20:59:12,589 - INFO - [30/100] | train_loss: 0.67635
2025-09-07 20:59:18,017 - INFO - [40/100] | train_loss: 0.57189
2025-09-07 20:59:23,538 - INFO - [50/100] | train_loss: 0.51520
2025-09-07 20:59:29,907 - INFO - [60/100] | train_loss: 0.52961
2025-09-07 20:59:35,386 - INFO - [70/100] | train_loss: 0.49985
2025-09-07 20:59:41,163 - INFO - [80/100] | train_loss: 0.50544
2025-09-07 20:59:46,688 - INFO - [90/100] | train_loss: 0.48779
2025-09-07 20:59:52,706 - INFO - [0/100] | train_loss: 0.31655
2025-09-07 20:59:57,986 - INFO - [10/100] | train_loss: 1.33883
2025-09-07 21:00:03,708 - INFO - [20/100] | train_loss: 0.96014
2025-09-07 21:00:08,806 - INFO - [30/100] | train_loss: 0.70725
2025-09-07 21:00:14,872 - INFO - [40/100] | train_loss: 0.58849
2025-09-07 21:00:21,190 - INFO - [50/100] | train_loss: 0.55743
2025-09-07 21:00:26,789 - INFO - [60/100] | train_loss: 0.56571
2025-09-07 21:00:32,421 - INFO - [70/100] | train_loss: 0.51729
2025-09-07 21:00:38,066 - INFO - [80/100] | train_loss: 0.53906
2025-09-07 21:00:43,765 - INFO - [90/100] | train_loss: 0.50741
2025-09-07 21:00:48,868 - INFO - ----------
2025-09-07 21:00:48,868 - INFO - sample 94/241 | d1: productcatalogservice; level: service; fault_type: k8s容器进程中止
2025-09-07 21:00:48,868 - INFO - sample 94/241 | predict d1: [('productcatalogservice-0', 5.442145898046267), ('productcatalogservice-1', 5.423971404968885), ('productcatalogservice-2', 5.3523308551944915), ('productcatalogservice', 5.320074916703323), ('productcatalogservice2-0', 5.224836561036252)]
2025-09-07 21:00:48,868 - INFO - sample 94/241 | predict d2: [('productcatalogservice/Request/mrt.grpc', 2.9681718850169894), ('productcatalogservice-1/Other/kpi_container_file_descriptors', 2.7724104120546897), ('productcatalogservice-1/Thread/kpi_container_threads', 2.585691429219299), ('productcatalogservice-0/Thread/kpi_container_threads', 2.521656320742645), ('productcatalogservice-1/Network/kpi_container_network_transmit_packets', 2.51730973922753)]
2025-09-07 21:00:48,868 - INFO - ----------
2025-09-07 21:00:49,501 - INFO - [0/100] | train_loss: 0.25316
2025-09-07 21:00:54,902 - INFO - [10/100] | train_loss: 1.28964
2025-09-07 21:01:00,582 - INFO - [20/100] | train_loss: 0.85561
2025-09-07 21:01:05,886 - INFO - [30/100] | train_loss: 0.58963
2025-09-07 21:01:11,571 - INFO - [40/100] | train_loss: 0.48205
2025-09-07 21:01:17,185 - INFO - [50/100] | train_loss: 0.45512
2025-09-07 21:01:22,706 - INFO - [60/100] | train_loss: 0.44442
2025-09-07 21:01:28,388 - INFO - [70/100] | train_loss: 0.43835
2025-09-07 21:01:34,063 - INFO - [80/100] | train_loss: 0.42883
2025-09-07 21:01:39,937 - INFO - [90/100] | train_loss: 0.43750
2025-09-07 21:01:45,395 - INFO - ----------
2025-09-07 21:01:45,395 - INFO - sample 95/241 | d1: emailservice-0; level: pod; fault_type: k8s容器写io负载
2025-09-07 21:01:45,395 - INFO - sample 95/241 | predict d1: [('emailservice-0', 1.981351224149087), ('emailservice', 0.9869345109251384), ('emailservice2-0', 0.9869345109251384), ('emailservice-1', 0.9868620143641991), ('emailservice-2', 0.9868394888587559)]
2025-09-07 21:01:45,395 - INFO - sample 95/241 | predict d2: [('emailservice-0/CPU/kpi_container_cpu_cfs_throttled_seconds', 0.7035813171890766), ('emailservice-0/Disk/kpi_container_fs_reads', 0.667073756296233), ('emailservice-0/Memory/kpi_container_memory_working_set_MB', 0.6661799086736622), ('emailservice-0/Network/kpi_container_network_transmit_MB', 0.6530767036021032), ('emailservice-0/CPU/kpi_container_cpu_cfs_periods', 0.6276681112951934)]
2025-09-07 21:01:45,395 - INFO - ----------
2025-09-07 21:01:45,986 - INFO - [0/100] | train_loss: 0.07412
2025-09-07 21:01:50,997 - INFO - [10/100] | train_loss: 0.69607
2025-09-07 21:01:56,280 - INFO - [20/100] | train_loss: 0.44490
2025-09-07 21:02:01,680 - INFO - [30/100] | train_loss: 0.28772
2025-09-07 21:02:06,576 - INFO - [40/100] | train_loss: 0.20582
2025-09-07 21:02:11,385 - INFO - [50/100] | train_loss: 0.17057
2025-09-07 21:02:16,173 - INFO - [60/100] | train_loss: 0.15534
2025-09-07 21:02:21,174 - INFO - [70/100] | train_loss: 0.14285
2025-09-07 21:02:26,183 - INFO - [80/100] | train_loss: 0.13840
2025-09-07 21:02:30,908 - INFO - [90/100] | train_loss: 0.13594
2025-09-07 21:02:35,863 - INFO - [0/100] | train_loss: 0.32308
2025-09-07 21:02:41,332 - INFO - [10/100] | train_loss: 1.40611
2025-09-07 21:02:46,770 - INFO - [20/100] | train_loss: 1.05363
2025-09-07 21:02:52,480 - INFO - [30/100] | train_loss: 0.86657
2025-09-07 21:02:58,124 - INFO - [40/100] | train_loss: 0.79783
2025-09-07 21:03:03,987 - INFO - [50/100] | train_loss: 0.79587
2025-09-07 21:03:08,892 - INFO - [60/100] | train_loss: 0.77191
2025-09-07 21:03:14,889 - INFO - [70/100] | train_loss: 0.75780
2025-09-07 21:03:20,465 - INFO - [80/100] | train_loss: 0.76262
2025-09-07 21:03:25,981 - INFO - [90/100] | train_loss: 0.75869
2025-09-07 21:03:31,774 - INFO - [0/100] | train_loss: 0.38414
2025-09-07 21:03:37,495 - INFO - [10/100] | train_loss: 1.36231
2025-09-07 21:03:43,188 - INFO - [20/100] | train_loss: 0.97064
2025-09-07 21:03:48,406 - INFO - [30/100] | train_loss: 0.70161
2025-09-07 21:03:53,885 - INFO - [40/100] | train_loss: 0.58261
2025-09-07 21:03:59,092 - INFO - [50/100] | train_loss: 0.54821
2025-09-07 21:04:04,686 - INFO - [60/100] | train_loss: 0.52787
2025-09-07 21:04:10,880 - INFO - [70/100] | train_loss: 0.51455
2025-09-07 21:04:16,536 - INFO - [80/100] | train_loss: 0.50281
2025-09-07 21:04:22,295 - INFO - [90/100] | train_loss: 0.50515
2025-09-07 21:04:28,271 - INFO - [0/100] | train_loss: 0.24652
2025-09-07 21:04:34,470 - INFO - [10/100] | train_loss: 1.28782
2025-09-07 21:04:40,084 - INFO - [20/100] | train_loss: 0.91419
2025-09-07 21:04:45,794 - INFO - [30/100] | train_loss: 0.66439
2025-09-07 21:04:51,471 - INFO - [40/100] | train_loss: 0.54854
2025-09-07 21:04:57,111 - INFO - [50/100] | train_loss: 0.51260
2025-09-07 21:05:02,769 - INFO - [60/100] | train_loss: 0.49365
2025-09-07 21:05:08,437 - INFO - [70/100] | train_loss: 0.49124
2025-09-07 21:05:14,474 - INFO - [80/100] | train_loss: 0.49593
2025-09-07 21:05:19,686 - INFO - [90/100] | train_loss: 0.49279
2025-09-07 21:05:25,467 - INFO - ----------
2025-09-07 21:05:25,467 - INFO - sample 96/241 | d1: emailservice-1; level: pod; fault_type: k8s容器读io负载
2025-09-07 21:05:25,468 - INFO - sample 96/241 | predict d1: [('emailservice-1', 3.3344225667415657), ('emailservice', 2.9757586285249893), ('emailservice-2', 2.358756706326332), ('checkoutservice', 2.358294859683273), ('emailservice-0', 2.35825644963759)]
2025-09-07 21:05:25,468 - INFO - sample 96/241 | predict d2: [('emailservice-1/CPU/kpi_container_cpu_system_seconds', 1.6540032378936935), ('emailservice-1/Disk/kpi_container_fs_usage_MB', 1.6326694403386313), ('emailservice-1/Memory/kpi_container_memory_failures', 1.5779030270795182), ('emailservice-1/CPU/kpi_container_cpu_usage_seconds', 1.5758441988628178), ('emailservice-1/Memory/kpi_container_memory_rss', 1.5663959058168473)]
2025-09-07 21:05:25,468 - INFO - ----------
2025-09-07 21:05:26,195 - INFO - [0/100] | train_loss: 0.35571
2025-09-07 21:05:32,005 - INFO - [10/100] | train_loss: 1.56512
2025-09-07 21:05:37,238 - INFO - [20/100] | train_loss: 1.20470
2025-09-07 21:05:42,426 - INFO - [30/100] | train_loss: 1.06148
2025-09-07 21:05:47,910 - INFO - [40/100] | train_loss: 1.04409
2025-09-07 21:05:53,665 - INFO - [50/100] | train_loss: 1.05351
2025-09-07 21:05:59,528 - INFO - [60/100] | train_loss: 1.05758
2025-09-07 21:06:05,168 - INFO - [70/100] | train_loss: 1.05733
2025-09-07 21:06:10,863 - INFO - [80/100] | train_loss: 1.06163
2025-09-07 21:06:16,384 - INFO - [90/100] | train_loss: 1.05284
2025-09-07 21:06:22,066 - INFO - [0/100] | train_loss: 0.32084
2025-09-07 21:06:27,496 - INFO - [10/100] | train_loss: 1.39335
2025-09-07 21:06:32,994 - INFO - [20/100] | train_loss: 1.00724
2025-09-07 21:06:38,698 - INFO - [30/100] | train_loss: 0.81668
2025-09-07 21:06:44,303 - INFO - [40/100] | train_loss: 0.70222
2025-09-07 21:06:50,021 - INFO - [50/100] | train_loss: 0.67546
2025-09-07 21:06:55,323 - INFO - [60/100] | train_loss: 0.66604
2025-09-07 21:07:00,839 - INFO - [70/100] | train_loss: 0.65300
2025-09-07 21:07:06,166 - INFO - [80/100] | train_loss: 0.64637
2025-09-07 21:07:11,796 - INFO - [90/100] | train_loss: 0.63605
2025-09-07 21:07:17,975 - INFO - [0/100] | train_loss: 0.25763
2025-09-07 21:07:23,719 - INFO - [10/100] | train_loss: 1.34431
2025-09-07 21:07:29,899 - INFO - [20/100] | train_loss: 0.95906
2025-09-07 21:07:35,007 - INFO - [30/100] | train_loss: 0.73299
2025-09-07 21:07:40,418 - INFO - [40/100] | train_loss: 0.63612
2025-09-07 21:07:46,266 - INFO - [50/100] | train_loss: 0.62084
2025-09-07 21:07:51,806 - INFO - [60/100] | train_loss: 0.61057
2025-09-07 21:07:57,503 - INFO - [70/100] | train_loss: 0.59921
2025-09-07 21:08:03,103 - INFO - [80/100] | train_loss: 0.59539
2025-09-07 21:08:08,796 - INFO - [90/100] | train_loss: 0.59165
2025-09-07 21:08:14,576 - INFO - [0/100] | train_loss: 0.33065
2025-09-07 21:08:19,887 - INFO - [10/100] | train_loss: 1.43810
2025-09-07 21:08:25,509 - INFO - [20/100] | train_loss: 1.01457
2025-09-07 21:08:31,008 - INFO - [30/100] | train_loss: 0.78307
2025-09-07 21:08:36,533 - INFO - [40/100] | train_loss: 0.70311
2025-09-07 21:08:41,679 - INFO - [50/100] | train_loss: 0.67780
2025-09-07 21:08:47,196 - INFO - [60/100] | train_loss: 0.65260
2025-09-07 21:08:52,333 - INFO - [70/100] | train_loss: 0.67868
2025-09-07 21:08:57,864 - INFO - [80/100] | train_loss: 0.63764
2025-09-07 21:09:03,288 - INFO - [90/100] | train_loss: 0.65093
2025-09-07 21:09:08,791 - INFO - [0/100] | train_loss: 0.33013
2025-09-07 21:09:14,523 - INFO - [10/100] | train_loss: 1.33246
2025-09-07 21:09:19,685 - INFO - [20/100] | train_loss: 0.95006
2025-09-07 21:09:25,301 - INFO - [30/100] | train_loss: 0.71360
2025-09-07 21:09:30,486 - INFO - [40/100] | train_loss: 0.63662
2025-09-07 21:09:36,114 - INFO - [50/100] | train_loss: 0.61280
2025-09-07 21:09:41,785 - INFO - [60/100] | train_loss: 0.59962
2025-09-07 21:09:47,321 - INFO - [70/100] | train_loss: 0.58500
2025-09-07 21:09:52,676 - INFO - [80/100] | train_loss: 0.57887
2025-09-07 21:09:58,315 - INFO - [90/100] | train_loss: 0.58338
2025-09-07 21:10:04,037 - INFO - [0/100] | train_loss: 0.19458
2025-09-07 21:10:09,637 - INFO - [10/100] | train_loss: 1.32769
2025-09-07 21:10:15,781 - INFO - [20/100] | train_loss: 0.92945
2025-09-07 21:10:21,171 - INFO - [30/100] | train_loss: 0.67263
2025-09-07 21:10:26,738 - INFO - [40/100] | train_loss: 0.53543
2025-09-07 21:10:31,982 - INFO - [50/100] | train_loss: 0.50661
2025-09-07 21:10:36,701 - INFO - [60/100] | train_loss: 0.47264
2025-09-07 21:10:42,323 - INFO - [70/100] | train_loss: 0.46464
2025-09-07 21:10:47,629 - INFO - [80/100] | train_loss: 0.48190
2025-09-07 21:10:53,214 - INFO - [90/100] | train_loss: 0.45838
2025-09-07 21:10:58,337 - INFO - ----------
2025-09-07 21:10:58,338 - INFO - sample 97/241 | d1: checkoutservice; level: service; fault_type: k8s容器cpu负载
2025-09-07 21:10:58,338 - INFO - sample 97/241 | predict d1: [('checkoutservice2-0', 5.799869304074736), ('checkoutservice-1', 5.797813799936016), ('checkoutservice-0', 5.794924909587635), ('checkoutservice', 5.744067882912407), ('checkoutservice-2', 4.8378189153230515)]
2025-09-07 21:10:58,338 - INFO - sample 97/241 | predict d2: [('checkoutservice2-0/CPU/kpi_container_cpu_cfs_throttled_periods', 2.7805446348991936), ('checkoutservice-2/Network/kpi_container_network_transmit_MB', 2.64112036930028), ('checkoutservice-2/Network/kpi_container_network_transmit_packets', 2.6040510073822194), ('checkoutservice2-0/CPU/kpi_container_cpu_cfs_periods', 2.5978485084384886), ('checkoutservice-2/Memory/kpi_container_memory_cache', 2.5478656916209967)]
2025-09-07 21:10:58,338 - INFO - ----------
2025-09-07 21:10:58,915 - INFO - [0/100] | train_loss: 0.25949
2025-09-07 21:11:04,506 - INFO - [10/100] | train_loss: 1.37029
2025-09-07 21:11:09,795 - INFO - [20/100] | train_loss: 1.04957
2025-09-07 21:11:15,471 - INFO - [30/100] | train_loss: 0.77749
2025-09-07 21:11:20,795 - INFO - [40/100] | train_loss: 0.66974
2025-09-07 21:11:26,392 - INFO - [50/100] | train_loss: 0.64526
2025-09-07 21:11:32,086 - INFO - [60/100] | train_loss: 0.64725
2025-09-07 21:11:38,035 - INFO - [70/100] | train_loss: 0.62880
2025-09-07 21:11:43,796 - INFO - [80/100] | train_loss: 0.63804
2025-09-07 21:11:49,030 - INFO - [90/100] | train_loss: 0.61689
2025-09-07 21:11:54,616 - INFO - ----------
2025-09-07 21:11:54,616 - INFO - sample 98/241 | d1: frontend-2; level: pod; fault_type: k8s容器网络丢包
2025-09-07 21:11:54,616 - INFO - sample 98/241 | predict d1: [('frontend', 0.27727927703755206), ('frontend-0', 0.27727927703755206), ('currencyservice', 0.2771349297163255), ('frontend-2', 0.2771291169600918), ('frontend-1', 0.2770222426523947)]
2025-09-07 21:11:54,616 - INFO - sample 98/241 | predict d2: [('frontend-2/Other/kpi_container_sockets', 0.24954371904427397), ('frontend-0/Memory/kpi_container_memory_mapped_file', 0.23652909184873394), ('frontend-2/Network/kpi_container_network_receive_MB', 0.23225767085013516), ('frontend-2/CPU/kpi_container_cpu_system_seconds', 0.21822411941635345), ('frontend-2/Memory/kpi_container_memory_cache', 0.21651459953404917)]
2025-09-07 21:11:54,616 - INFO - ----------
2025-09-07 21:11:55,325 - INFO - [0/100] | train_loss: 0.31703
2025-09-07 21:12:00,692 - INFO - [10/100] | train_loss: 1.39300
2025-09-07 21:12:06,373 - INFO - [20/100] | train_loss: 1.02118
2025-09-07 21:12:11,783 - INFO - [30/100] | train_loss: 0.84010
2025-09-07 21:12:17,389 - INFO - [40/100] | train_loss: 0.81630
2025-09-07 21:12:23,113 - INFO - [50/100] | train_loss: 0.80984
2025-09-07 21:12:29,047 - INFO - [60/100] | train_loss: 0.81471
2025-09-07 21:12:34,827 - INFO - [70/100] | train_loss: 0.81880
2025-09-07 21:12:40,465 - INFO - [80/100] | train_loss: 0.82656
2025-09-07 21:12:46,327 - INFO - [90/100] | train_loss: 0.83105
2025-09-07 21:12:52,203 - INFO - [0/100] | train_loss: 0.21032
2025-09-07 21:12:58,163 - INFO - [10/100] | train_loss: 1.25550
2025-09-07 21:13:03,980 - INFO - [20/100] | train_loss: 0.82853
2025-09-07 21:13:09,679 - INFO - [30/100] | train_loss: 0.55795
2025-09-07 21:13:15,799 - INFO - [40/100] | train_loss: 0.45436
2025-09-07 21:13:21,480 - INFO - [50/100] | train_loss: 0.42749
2025-09-07 21:13:27,117 - INFO - [60/100] | train_loss: 0.42576
2025-09-07 21:13:32,766 - INFO - [70/100] | train_loss: 0.41429
2025-09-07 21:13:38,127 - INFO - [80/100] | train_loss: 0.41330
2025-09-07 21:13:43,965 - INFO - [90/100] | train_loss: 0.40679
2025-09-07 21:13:49,463 - INFO - [0/100] | train_loss: 0.23292
2025-09-07 21:13:54,920 - INFO - [10/100] | train_loss: 1.31282
2025-09-07 21:14:00,399 - INFO - [20/100] | train_loss: 0.90805
2025-09-07 21:14:05,979 - INFO - [30/100] | train_loss: 0.62192
2025-09-07 21:14:11,397 - INFO - [40/100] | train_loss: 0.52327
2025-09-07 21:14:16,687 - INFO - [50/100] | train_loss: 0.48332
2025-09-07 21:14:22,171 - INFO - [60/100] | train_loss: 0.48159
2025-09-07 21:14:27,928 - INFO - [70/100] | train_loss: 0.48268
2025-09-07 21:14:33,208 - INFO - [80/100] | train_loss: 0.46657
2025-09-07 21:14:38,338 - INFO - [90/100] | train_loss: 0.46357
2025-09-07 21:14:44,070 - INFO - [0/100] | train_loss: 0.45108
2025-09-07 21:14:49,482 - INFO - [10/100] | train_loss: 1.38914
2025-09-07 21:14:54,717 - INFO - [20/100] | train_loss: 1.03180
2025-09-07 21:15:00,435 - INFO - [30/100] | train_loss: 0.78023
2025-09-07 21:15:05,788 - INFO - [40/100] | train_loss: 0.65337
2025-09-07 21:15:11,617 - INFO - [50/100] | train_loss: 0.58844
2025-09-07 21:15:16,908 - INFO - [60/100] | train_loss: 0.56129
2025-09-07 21:15:22,634 - INFO - [70/100] | train_loss: 0.54888
2025-09-07 21:15:28,117 - INFO - [80/100] | train_loss: 0.53559
2025-09-07 21:15:33,430 - INFO - [90/100] | train_loss: 0.54652
2025-09-07 21:15:38,989 - INFO - [0/100] | train_loss: 0.33306
2025-09-07 21:15:44,611 - INFO - [10/100] | train_loss: 1.30490
2025-09-07 21:15:49,783 - INFO - [20/100] | train_loss: 0.91646
2025-09-07 21:15:54,966 - INFO - [30/100] | train_loss: 0.66445
2025-09-07 21:16:00,766 - INFO - [40/100] | train_loss: 0.55261
2025-09-07 21:16:06,424 - INFO - [50/100] | train_loss: 0.54204
2025-09-07 21:16:11,797 - INFO - [60/100] | train_loss: 0.50954
2025-09-07 21:16:17,185 - INFO - [70/100] | train_loss: 0.50047
2025-09-07 21:16:22,889 - INFO - [80/100] | train_loss: 0.49754
2025-09-07 21:16:28,373 - INFO - [90/100] | train_loss: 0.49572
2025-09-07 21:16:33,618 - INFO - ----------
2025-09-07 21:16:33,618 - INFO - sample 99/241 | d1: shippingservice; level: service; fault_type: k8s容器读io负载
2025-09-07 21:16:33,618 - INFO - sample 99/241 | predict d1: [('shippingservice', 5.912683386662771), ('shippingservice-0', 4.93046898412008), ('shippingservice-1', 4.93035126357222), ('shippingservice2-0', 4.926595278502299), ('shippingservice-2', 3.943204498167267)]
2025-09-07 21:16:33,618 - INFO - sample 99/241 | predict d2: [('shippingservice-1/CPU/kpi_container_cpu_usage_seconds', 2.8713536125154047), ('shippingservice-1/Disk/kpi_container_fs_reads_MB', 2.6920196261862035), ('shippingservice-0/CPU/kpi_container_cpu_usage_seconds', 2.6204745676689765), ('shippingservice-1/Disk/kpi_container_fs_usage_MB', 2.614389577162184), ('shippingservice-1/Memory/kpi_container_memory_cache', 2.611462526223198)]
2025-09-07 21:16:33,618 - INFO - ----------
2025-09-07 21:16:34,263 - INFO - [0/100] | train_loss: 0.34901
2025-09-07 21:16:40,321 - INFO - [10/100] | train_loss: 1.29554
2025-09-07 21:16:46,021 - INFO - [20/100] | train_loss: 0.92395
2025-09-07 21:16:51,390 - INFO - [30/100] | train_loss: 0.65989
2025-09-07 21:16:56,604 - INFO - [40/100] | train_loss: 0.55872
2025-09-07 21:17:02,031 - INFO - [50/100] | train_loss: 0.54106
2025-09-07 21:17:06,990 - INFO - [60/100] | train_loss: 0.52027
2025-09-07 21:17:12,296 - INFO - [70/100] | train_loss: 0.52031
2025-09-07 21:17:18,105 - INFO - [80/100] | train_loss: 0.49705
2025-09-07 21:17:24,063 - INFO - [90/100] | train_loss: 0.50253
2025-09-07 21:17:29,483 - INFO - ----------
2025-09-07 21:17:29,484 - INFO - sample 100/241 | d1: shippingservice-1; level: pod; fault_type: k8s容器cpu负载
2025-09-07 21:17:29,484 - INFO - sample 100/241 | predict d1: [('shippingservice-1', 1.9902023393316028), ('shippingservice', 0.9909076955065217), ('shippingservice2-0', 0.9909076955065217), ('checkoutservice', 0.9908724817635814), ('shippingservice-0', 0.00857121067094091)]
2025-09-07 21:17:29,484 - INFO - sample 100/241 | predict d2: [('shippingservice-1/Disk/kpi_container_fs_inodes', 0.7124750134108737), ('shippingservice-1/Network/kpi_container_network_transmit_packets', 0.6979028992490015), ('shippingservice-1/CPU/kpi_container_cpu_cfs_throttled_seconds', 0.6158577381976613), ('shippingservice-1/Network/kpi_container_network_receive_MB', 0.6098837356453473), ('<duration>; cmdb_id: shippingservice-1; type: current', 0.6072560515888199)]
2025-09-07 21:17:29,484 - INFO - ----------
2025-09-07 21:17:30,283 - INFO - [0/100] | train_loss: 0.19007
2025-09-07 21:17:35,578 - INFO - [10/100] | train_loss: 1.34840
2025-09-07 21:17:40,779 - INFO - [20/100] | train_loss: 0.96065
2025-09-07 21:17:46,664 - INFO - [30/100] | train_loss: 0.74199
2025-09-07 21:17:52,183 - INFO - [40/100] | train_loss: 0.66769
2025-09-07 21:17:57,178 - INFO - [50/100] | train_loss: 0.62360
2025-09-07 21:18:02,367 - INFO - [60/100] | train_loss: 0.61586
2025-09-07 21:18:07,087 - INFO - [70/100] | train_loss: 0.59380
2025-09-07 21:18:12,526 - INFO - [80/100] | train_loss: 0.59253
2025-09-07 21:18:17,826 - INFO - [90/100] | train_loss: 0.58796
2025-09-07 21:18:23,094 - INFO - [0/100] | train_loss: 0.14914
2025-09-07 21:18:28,696 - INFO - [10/100] | train_loss: 1.25164
2025-09-07 21:18:34,022 - INFO - [20/100] | train_loss: 0.85608
2025-09-07 21:18:39,681 - INFO - [30/100] | train_loss: 0.63725
2025-09-07 21:18:44,994 - INFO - [40/100] | train_loss: 0.57418
2025-09-07 21:18:50,490 - INFO - [50/100] | train_loss: 0.56749
2025-09-07 21:18:55,845 - INFO - [60/100] | train_loss: 0.53111
2025-09-07 21:19:01,108 - INFO - [70/100] | train_loss: 0.52637
2025-09-07 21:19:06,417 - INFO - [80/100] | train_loss: 0.51860
2025-09-07 21:19:11,826 - INFO - [90/100] | train_loss: 0.52087
2025-09-07 21:19:16,868 - INFO - [0/100] | train_loss: 0.22409
2025-09-07 21:19:21,805 - INFO - [10/100] | train_loss: 1.52742
2025-09-07 21:19:27,506 - INFO - [20/100] | train_loss: 1.02113
2025-09-07 21:19:32,594 - INFO - [30/100] | train_loss: 0.77213
2025-09-07 21:19:37,763 - INFO - [40/100] | train_loss: 0.69329
2025-09-07 21:19:43,070 - INFO - [50/100] | train_loss: 0.65607
2025-09-07 21:19:49,163 - INFO - [60/100] | train_loss: 0.66244
2025-09-07 21:19:54,013 - INFO - [70/100] | train_loss: 0.66268
2025-09-07 21:19:59,636 - INFO - [80/100] | train_loss: 0.64011
2025-09-07 21:20:05,273 - INFO - [90/100] | train_loss: 0.65852
2025-09-07 21:20:11,016 - INFO - ----------
2025-09-07 21:20:11,016 - INFO - sample 101/241 | d1: frontend; level: service; fault_type: k8s容器网络丢包
2025-09-07 21:20:11,016 - INFO - sample 101/241 | predict d1: [('frontend-0', 2.6217580301042034), ('frontend', 2.3147405120650397), ('currencyservice', 2.3136380977353106), ('frontend2-0', 2.269121486944943), ('frontend-2', 1.6222700536195056)]
2025-09-07 21:20:11,016 - INFO - sample 101/241 | predict d2: [('<intensity>; hipstershop.Frontend/Recv.; type: downstream', 1.2417916248499878), ('frontend/Request/mrt.http', 1.186771404089944), ('frontend-0/Network/kpi_container_network_transmit_packets', 1.0944725651209044), ('<intensity>; hipstershop.ShippingService/GetQuote; type: downstream', 1.0738969330143568), ('<duration>; hipstershop.CurrencyService/Convert; type: current', 1.0398507641236794)]
2025-09-07 21:20:11,016 - INFO - ----------
2025-09-07 21:20:11,694 - INFO - [0/100] | train_loss: 0.21697
2025-09-07 21:20:16,782 - INFO - [10/100] | train_loss: 0.80808
2025-09-07 21:20:21,564 - INFO - [20/100] | train_loss: 0.56265
2025-09-07 21:20:26,233 - INFO - [30/100] | train_loss: 0.41010
2025-09-07 21:20:30,976 - INFO - [40/100] | train_loss: 0.26038
2025-09-07 21:20:35,672 - INFO - [50/100] | train_loss: 0.21137
2025-09-07 21:20:40,339 - INFO - [60/100] | train_loss: 0.20567
2025-09-07 21:20:44,991 - INFO - [70/100] | train_loss: 0.17508
2025-09-07 21:20:49,692 - INFO - [80/100] | train_loss: 0.16830
2025-09-07 21:20:54,386 - INFO - [90/100] | train_loss: 0.18135
2025-09-07 21:20:59,175 - INFO - [0/100] | train_loss: 0.19019
2025-09-07 21:21:03,994 - INFO - [10/100] | train_loss: 0.79107
2025-09-07 21:21:08,728 - INFO - [20/100] | train_loss: 0.55293
2025-09-07 21:21:13,528 - INFO - [30/100] | train_loss: 0.35703
2025-09-07 21:21:18,307 - INFO - [40/100] | train_loss: 0.23932
2025-09-07 21:21:23,000 - INFO - [50/100] | train_loss: 0.20330
2025-09-07 21:21:27,906 - INFO - [60/100] | train_loss: 0.16788
2025-09-07 21:21:32,712 - INFO - [70/100] | train_loss: 0.14436
2025-09-07 21:21:37,482 - INFO - [80/100] | train_loss: 0.15398
2025-09-07 21:21:42,282 - INFO - [90/100] | train_loss: 0.13248
2025-09-07 21:21:47,413 - INFO - [0/100] | train_loss: 0.13045
2025-09-07 21:21:52,511 - INFO - [10/100] | train_loss: 1.31590
2025-09-07 21:21:58,587 - INFO - [20/100] | train_loss: 0.96527
2025-09-07 21:22:03,539 - INFO - [30/100] | train_loss: 0.77254
2025-09-07 21:22:09,222 - INFO - [40/100] | train_loss: 0.73126
2025-09-07 21:22:14,566 - INFO - [50/100] | train_loss: 0.72779
2025-09-07 21:22:20,272 - INFO - [60/100] | train_loss: 0.71980
2025-09-07 21:22:25,083 - INFO - [70/100] | train_loss: 0.72524
2025-09-07 21:22:30,720 - INFO - [80/100] | train_loss: 0.73461
2025-09-07 21:22:35,587 - INFO - [90/100] | train_loss: 0.73432
2025-09-07 21:22:41,025 - INFO - ----------
2025-09-07 21:22:41,025 - INFO - sample 102/241 | d1: node-5; level: node; fault_type: node节点CPU故障
2025-09-07 21:22:41,025 - INFO - sample 102/241 | predict d1: [('node-5', 1.977588590561151), ('node-1', 0.02648682989990614), ('recommendationservice', 0.0238119636369718), ('recommendationservice-0', 0.0238119636369718), ('frontend', 0.023796687763394164)]
2025-09-07 21:22:41,025 - INFO - sample 102/241 | predict d2: [('node-5/CPU/system.load.15', 0.8841755191483287), ('node-5/CPU/system.load.1', 0.8196980144651071), ('node-5/Disk/system.io.w_s', 0.7533153775739478), ('node-5/CPU/system.load.5', 0.7401951820612105), ('node-5/CPU/system.cpu.pct_usage', 0.6661223307832671)]
2025-09-07 21:22:41,025 - INFO - ----------
2025-09-07 21:22:41,629 - INFO - [0/100] | train_loss: 0.38222
2025-09-07 21:22:46,798 - INFO - [10/100] | train_loss: 1.39150
2025-09-07 21:22:52,310 - INFO - [20/100] | train_loss: 0.99192
2025-09-07 21:22:57,697 - INFO - [30/100] | train_loss: 0.74704
2025-09-07 21:23:02,911 - INFO - [40/100] | train_loss: 0.64110
2025-09-07 21:23:08,308 - INFO - [50/100] | train_loss: 0.64277
2025-09-07 21:23:13,914 - INFO - [60/100] | train_loss: 0.62912
2025-09-07 21:23:20,024 - INFO - [70/100] | train_loss: 0.60780
2025-09-07 21:23:25,425 - INFO - [80/100] | train_loss: 0.57722
2025-09-07 21:23:31,085 - INFO - [90/100] | train_loss: 0.58090
2025-09-07 21:23:36,176 - INFO - ----------
2025-09-07 21:23:36,176 - INFO - sample 103/241 | d1: shippingservice-1; level: pod; fault_type: k8s容器cpu负载
2025-09-07 21:23:36,177 - INFO - sample 103/241 | predict d1: [('shippingservice-1', 1.9880481564700148), ('shippingservice', 0.9906066715900721), ('frontend', 0.9906066715900721), ('shippingservice-0', 0.9905460347057442), ('shippingservice2-0', 0.9905437712464078)]
2025-09-07 21:23:36,177 - INFO - sample 103/241 | predict d2: [('shippingservice-1/Network/kpi_container_network_transmit_packets', 0.7127231388482258), ('shippingservice-1/Memory/kpi_container_memory_max_usage_MB', 0.6961388318551087), ('shippingservice-1/CPU/kpi_container_cpu_user_seconds', 0.677226795193377), ('shippingservice-1/Network/kpi_container_network_transmit_MB', 0.6661901079043488), ('shippingservice-1/Memory/kpi_container_memory_rss', 0.6632848387166348)]
2025-09-07 21:23:36,177 - INFO - ----------
2025-09-07 21:23:36,823 - INFO - [0/100] | train_loss: 0.38217
2025-09-07 21:23:42,491 - INFO - [10/100] | train_loss: 1.40202
2025-09-07 21:23:47,690 - INFO - [20/100] | train_loss: 1.01099
2025-09-07 21:23:53,309 - INFO - [30/100] | train_loss: 0.81073
2025-09-07 21:23:59,299 - INFO - [40/100] | train_loss: 0.75791
2025-09-07 21:24:04,125 - INFO - [50/100] | train_loss: 0.74062
2025-09-07 21:24:09,637 - INFO - [60/100] | train_loss: 0.73705
2025-09-07 21:24:14,334 - INFO - [70/100] | train_loss: 0.73032
2025-09-07 21:24:19,733 - INFO - [80/100] | train_loss: 0.73731
2025-09-07 21:24:24,707 - INFO - [90/100] | train_loss: 0.73713
2025-09-07 21:24:30,463 - INFO - [0/100] | train_loss: 0.38120
2025-09-07 21:24:35,828 - INFO - [10/100] | train_loss: 1.33871
2025-09-07 21:24:41,500 - INFO - [20/100] | train_loss: 0.92976
2025-09-07 21:24:47,228 - INFO - [30/100] | train_loss: 0.64297
2025-09-07 21:24:52,563 - INFO - [40/100] | train_loss: 0.51650
2025-09-07 21:24:57,920 - INFO - [50/100] | train_loss: 0.47931
2025-09-07 21:25:03,587 - INFO - [60/100] | train_loss: 0.46378
2025-09-07 21:25:08,799 - INFO - [70/100] | train_loss: 0.45576
2025-09-07 21:25:14,395 - INFO - [80/100] | train_loss: 0.44226
2025-09-07 21:25:20,030 - INFO - [90/100] | train_loss: 0.43891
2025-09-07 21:25:25,615 - INFO - [0/100] | train_loss: 0.28827
2025-09-07 21:25:31,378 - INFO - [10/100] | train_loss: 1.32374
2025-09-07 21:25:37,081 - INFO - [20/100] | train_loss: 0.90229
2025-09-07 21:25:42,519 - INFO - [30/100] | train_loss: 0.62885
2025-09-07 21:25:48,177 - INFO - [40/100] | train_loss: 0.50179
2025-09-07 21:25:53,808 - INFO - [50/100] | train_loss: 0.46159
2025-09-07 21:25:59,385 - INFO - [60/100] | train_loss: 0.45642
2025-09-07 21:26:04,708 - INFO - [70/100] | train_loss: 0.43307
2025-09-07 21:26:10,403 - INFO - [80/100] | train_loss: 0.43065
2025-09-07 21:26:16,038 - INFO - [90/100] | train_loss: 0.43381
2025-09-07 21:26:21,468 - INFO - [0/100] | train_loss: 0.32159
2025-09-07 21:26:26,997 - INFO - [10/100] | train_loss: 1.27688
2025-09-07 21:26:32,682 - INFO - [20/100] | train_loss: 0.86693
2025-09-07 21:26:37,818 - INFO - [30/100] | train_loss: 0.59824
2025-09-07 21:26:43,471 - INFO - [40/100] | train_loss: 0.47861
2025-09-07 21:26:49,395 - INFO - [50/100] | train_loss: 0.44959
2025-09-07 21:26:54,765 - INFO - [60/100] | train_loss: 0.43155
2025-09-07 21:26:59,504 - INFO - [70/100] | train_loss: 0.42031
2025-09-07 21:27:04,894 - INFO - [80/100] | train_loss: 0.41689
2025-09-07 21:27:10,580 - INFO - [90/100] | train_loss: 0.41412
2025-09-07 21:27:16,107 - INFO - [0/100] | train_loss: 0.29801
2025-09-07 21:27:21,064 - INFO - [10/100] | train_loss: 1.27624
2025-09-07 21:27:26,735 - INFO - [20/100] | train_loss: 0.87372
2025-09-07 21:27:31,889 - INFO - [30/100] | train_loss: 0.62444
2025-09-07 21:27:37,087 - INFO - [40/100] | train_loss: 0.51143
2025-09-07 21:27:42,782 - INFO - [50/100] | train_loss: 0.48572
2025-09-07 21:27:48,397 - INFO - [60/100] | train_loss: 0.46660
2025-09-07 21:27:54,020 - INFO - [70/100] | train_loss: 0.45447
2025-09-07 21:27:59,185 - INFO - [80/100] | train_loss: 0.44656
2025-09-07 21:28:04,633 - INFO - [90/100] | train_loss: 0.44199
2025-09-07 21:28:10,314 - INFO - ----------
2025-09-07 21:28:10,314 - INFO - sample 104/241 | d1: emailservice; level: service; fault_type: k8s容器写io负载
2025-09-07 21:28:10,314 - INFO - sample 104/241 | predict d1: [('emailservice-1', 5.926617068175698), ('emailservice-2', 5.922947999182046), ('emailservice2-0', 5.922747160387235), ('emailservice', 5.91955315785474), ('emailservice-0', 4.93712047350779)]
2025-09-07 21:28:10,314 - INFO - sample 104/241 | predict d2: [('emailservice-1/CPU/kpi_container_cpu_system_seconds', 2.8568836074906407), ('emailservice-2/Disk/kpi_container_fs_writes', 2.6299611302412735), ('emailservice-2/Thread/kpi_container_threads', 2.591398754841368), ('emailservice-2/Memory/kpi_container_memory_rss', 2.588623842575199), ('emailservice-2/Memory/kpi_container_memory_cache', 2.5286431141721604)]
2025-09-07 21:28:10,314 - INFO - ----------
2025-09-07 21:28:10,966 - INFO - [0/100] | train_loss: 0.13985
2025-09-07 21:28:16,065 - INFO - [10/100] | train_loss: 0.78845
2025-09-07 21:28:20,878 - INFO - [20/100] | train_loss: 0.53091
2025-09-07 21:28:25,785 - INFO - [30/100] | train_loss: 0.34603
2025-09-07 21:28:30,909 - INFO - [40/100] | train_loss: 0.24526
2025-09-07 21:28:36,079 - INFO - [50/100] | train_loss: 0.19341
2025-09-07 21:28:40,997 - INFO - [60/100] | train_loss: 0.16655
2025-09-07 21:28:45,779 - INFO - [70/100] | train_loss: 0.15271
2025-09-07 21:28:50,636 - INFO - [80/100] | train_loss: 0.14533
2025-09-07 21:28:55,410 - INFO - [90/100] | train_loss: 0.13550
2025-09-07 21:29:00,476 - INFO - [0/100] | train_loss: 0.40982
2025-09-07 21:29:06,382 - INFO - [10/100] | train_loss: 1.40146
2025-09-07 21:29:11,811 - INFO - [20/100] | train_loss: 1.04301
2025-09-07 21:29:17,179 - INFO - [30/100] | train_loss: 0.86306
2025-09-07 21:29:22,406 - INFO - [40/100] | train_loss: 0.81959
2025-09-07 21:29:27,609 - INFO - [50/100] | train_loss: 0.81500
2025-09-07 21:29:32,823 - INFO - [60/100] | train_loss: 0.80494
2025-09-07 21:29:38,663 - INFO - [70/100] | train_loss: 0.80303
2025-09-07 21:29:43,685 - INFO - [80/100] | train_loss: 0.80541
2025-09-07 21:29:49,309 - INFO - [90/100] | train_loss: 0.79758
2025-09-07 21:29:54,366 - INFO - [0/100] | train_loss: 0.33966
2025-09-07 21:29:59,687 - INFO - [10/100] | train_loss: 1.31322
2025-09-07 21:30:05,065 - INFO - [20/100] | train_loss: 0.92148
2025-09-07 21:30:10,472 - INFO - [30/100] | train_loss: 0.64317
2025-09-07 21:30:15,234 - INFO - [40/100] | train_loss: 0.52008
2025-09-07 21:30:20,563 - INFO - [50/100] | train_loss: 0.47640
2025-09-07 21:30:26,087 - INFO - [60/100] | train_loss: 0.46360
2025-09-07 21:30:30,876 - INFO - [70/100] | train_loss: 0.45456
2025-09-07 21:30:36,102 - INFO - [80/100] | train_loss: 0.46336
2025-09-07 21:30:41,266 - INFO - [90/100] | train_loss: 0.44401
2025-09-07 21:30:46,204 - INFO - [0/100] | train_loss: 0.36174
2025-09-07 21:30:51,433 - INFO - [10/100] | train_loss: 1.34555
2025-09-07 21:30:56,904 - INFO - [20/100] | train_loss: 0.95097
2025-09-07 21:31:01,837 - INFO - [30/100] | train_loss: 0.67234
2025-09-07 21:31:07,086 - INFO - [40/100] | train_loss: 0.54137
2025-09-07 21:31:13,193 - INFO - [50/100] | train_loss: 0.50438
2025-09-07 21:31:18,785 - INFO - [60/100] | train_loss: 0.49802
2025-09-07 21:31:23,600 - INFO - [70/100] | train_loss: 0.48251
2025-09-07 21:31:28,897 - INFO - [80/100] | train_loss: 0.47107
2025-09-07 21:31:34,584 - INFO - [90/100] | train_loss: 0.56180
2025-09-07 21:31:39,738 - INFO - [0/100] | train_loss: 0.27207
2025-09-07 21:31:44,972 - INFO - [10/100] | train_loss: 1.28133
2025-09-07 21:31:50,581 - INFO - [20/100] | train_loss: 0.89884
2025-09-07 21:31:56,099 - INFO - [30/100] | train_loss: 0.63942
2025-09-07 21:32:01,501 - INFO - [40/100] | train_loss: 0.50905
2025-09-07 21:32:06,301 - INFO - [50/100] | train_loss: 0.46045
2025-09-07 21:32:11,599 - INFO - [60/100] | train_loss: 0.44871
2025-09-07 21:32:17,291 - INFO - [70/100] | train_loss: 0.43969
2025-09-07 21:32:22,765 - INFO - [80/100] | train_loss: 0.43459
2025-09-07 21:32:27,833 - INFO - [90/100] | train_loss: 0.42846
2025-09-07 21:32:33,194 - INFO - [0/100] | train_loss: 0.20321
2025-09-07 21:32:38,685 - INFO - [10/100] | train_loss: 1.23305
2025-09-07 21:32:44,236 - INFO - [20/100] | train_loss: 0.83702
2025-09-07 21:32:49,890 - INFO - [30/100] | train_loss: 0.57367
2025-09-07 21:32:55,094 - INFO - [40/100] | train_loss: 0.46994
2025-09-07 21:32:59,998 - INFO - [50/100] | train_loss: 0.44406
2025-09-07 21:33:06,123 - INFO - [60/100] | train_loss: 0.43050
2025-09-07 21:33:11,380 - INFO - [70/100] | train_loss: 0.42346
2025-09-07 21:33:17,089 - INFO - [80/100] | train_loss: 0.42418
2025-09-07 21:33:22,402 - INFO - [90/100] | train_loss: 0.41504
2025-09-07 21:33:27,539 - INFO - ----------
2025-09-07 21:33:27,539 - INFO - sample 105/241 | d1: recommendationservice; level: service; fault_type: k8s容器内存负载
2025-09-07 21:33:27,539 - INFO - sample 105/241 | predict d1: [('recommendationservice2-0', 5.880838780878985), ('recommendationservice-1', 5.875300920971334), ('recommendationservice-0', 5.868759536353739), ('recommendationservice', 5.864646040519968), ('recommendationservice-2', 5.864344284799493)]
2025-09-07 21:33:27,539 - INFO - sample 105/241 | predict d2: [('recommendationservice-1/Memory/kpi_container_memory_failures', 2.7304213049753905), ('recommendationservice2-0/Other/kpi_container_file_descriptors', 2.7132550150854264), ('recommendationservice2-0/CPU/kpi_container_cpu_cfs_periods', 2.5681038060617496), ('recommendationservice2-0/Memory/kpi_container_memory_working_set_MB', 2.5014324118899935), ('recommendationservice2-0/Memory/kpi_container_memory_failures', 2.497154674437443)]
2025-09-07 21:33:27,539 - INFO - ----------
2025-09-07 21:33:28,234 - INFO - [0/100] | train_loss: 0.26122
2025-09-07 21:33:33,465 - INFO - [10/100] | train_loss: 1.42449
2025-09-07 21:33:39,115 - INFO - [20/100] | train_loss: 1.07681
2025-09-07 21:33:44,372 - INFO - [30/100] | train_loss: 0.91942
2025-09-07 21:33:49,832 - INFO - [40/100] | train_loss: 0.90420
2025-09-07 21:33:55,095 - INFO - [50/100] | train_loss: 0.90235
2025-09-07 21:34:00,398 - INFO - [60/100] | train_loss: 0.90099
2025-09-07 21:34:06,067 - INFO - [70/100] | train_loss: 0.90967
2025-09-07 21:34:11,564 - INFO - [80/100] | train_loss: 0.90766
2025-09-07 21:34:16,971 - INFO - [90/100] | train_loss: 0.90189
2025-09-07 21:34:22,363 - INFO - [0/100] | train_loss: 0.23803
2025-09-07 21:34:27,593 - INFO - [10/100] | train_loss: 1.28086
2025-09-07 21:34:32,987 - INFO - [20/100] | train_loss: 0.91452
2025-09-07 21:34:38,414 - INFO - [30/100] | train_loss: 0.66440
2025-09-07 21:34:44,277 - INFO - [40/100] | train_loss: 0.57074
2025-09-07 21:34:49,618 - INFO - [50/100] | train_loss: 0.52095
2025-09-07 21:34:54,913 - INFO - [60/100] | train_loss: 0.50902
2025-09-07 21:35:00,423 - INFO - [70/100] | train_loss: 0.49804
2025-09-07 21:35:05,718 - INFO - [80/100] | train_loss: 0.50325
2025-09-07 21:35:10,872 - INFO - [90/100] | train_loss: 0.48984
2025-09-07 21:35:16,184 - INFO - [0/100] | train_loss: 0.26029
2025-09-07 21:35:21,585 - INFO - [10/100] | train_loss: 1.30899
2025-09-07 21:35:27,098 - INFO - [20/100] | train_loss: 0.94990
2025-09-07 21:35:32,630 - INFO - [30/100] | train_loss: 0.67913
2025-09-07 21:35:37,607 - INFO - [40/100] | train_loss: 0.55443
2025-09-07 21:35:43,238 - INFO - [50/100] | train_loss: 0.51004
2025-09-07 21:35:48,380 - INFO - [60/100] | train_loss: 0.49078
2025-09-07 21:35:53,835 - INFO - [70/100] | train_loss: 0.48100
2025-09-07 21:35:59,184 - INFO - [80/100] | train_loss: 0.47595
2025-09-07 21:36:04,567 - INFO - [90/100] | train_loss: 0.46790
2025-09-07 21:36:09,790 - INFO - [0/100] | train_loss: 0.13969
2025-09-07 21:36:14,818 - INFO - [10/100] | train_loss: 1.31519
2025-09-07 21:36:20,073 - INFO - [20/100] | train_loss: 0.88557
2025-09-07 21:36:25,285 - INFO - [30/100] | train_loss: 0.62174
2025-09-07 21:36:30,424 - INFO - [40/100] | train_loss: 0.50590
2025-09-07 21:36:35,128 - INFO - [50/100] | train_loss: 0.46758
2025-09-07 21:36:40,319 - INFO - [60/100] | train_loss: 0.47178
2025-09-07 21:36:45,574 - INFO - [70/100] | train_loss: 0.44732
2025-09-07 21:36:50,889 - INFO - [80/100] | train_loss: 0.44135
2025-09-07 21:36:55,572 - INFO - [90/100] | train_loss: 0.43375
2025-09-07 21:37:01,396 - INFO - [0/100] | train_loss: 0.27805
2025-09-07 21:37:06,278 - INFO - [10/100] | train_loss: 1.33424
2025-09-07 21:37:11,584 - INFO - [20/100] | train_loss: 1.01138
2025-09-07 21:37:17,268 - INFO - [30/100] | train_loss: 0.73545
2025-09-07 21:37:22,437 - INFO - [40/100] | train_loss: 0.59841
2025-09-07 21:37:27,664 - INFO - [50/100] | train_loss: 0.54170
2025-09-07 21:37:32,884 - INFO - [60/100] | train_loss: 0.53216
2025-09-07 21:37:38,102 - INFO - [70/100] | train_loss: 0.50204
2025-09-07 21:37:43,204 - INFO - [80/100] | train_loss: 0.57870
2025-09-07 21:37:48,479 - INFO - [90/100] | train_loss: 0.49982
2025-09-07 21:37:53,500 - INFO - ----------
2025-09-07 21:37:53,500 - INFO - sample 106/241 | d1: productcatalogservice; level: service; fault_type: k8s容器网络丢包
2025-09-07 21:37:53,500 - INFO - sample 106/241 | predict d1: [('productcatalogservice-2', 5.614763850692526), ('productcatalogservice-0', 5.614688012995245), ('productcatalogservice-1', 5.5981467754672565), ('productcatalogservice', 5.488939261366916), ('productcatalogservice2-0', 5.470128148762825)]
2025-09-07 21:37:53,500 - INFO - sample 106/241 | predict d2: [('productcatalogservice-1/Network/kpi_container_network_transmit_packets', 3.367616144231434), ('productcatalogservice-1/Network/kpi_container_network_receive_MB', 3.1478595562448852), ('productcatalogservice-2/Network/kpi_container_network_transmit_packets', 2.7984746234735063), ('productcatalogservice-1; "transport:', 2.7400150660860874), ('productcatalogservice-1; timeout"', 2.7066101021799582)]
2025-09-07 21:37:53,500 - INFO - ----------
2025-09-07 21:37:54,129 - INFO - [0/100] | train_loss: 0.26894
2025-09-07 21:37:59,763 - INFO - [10/100] | train_loss: 1.32988
2025-09-07 21:38:05,187 - INFO - [20/100] | train_loss: 0.92155
2025-09-07 21:38:10,382 - INFO - [30/100] | train_loss: 0.65985
2025-09-07 21:38:16,092 - INFO - [40/100] | train_loss: 0.56543
2025-09-07 21:38:21,682 - INFO - [50/100] | train_loss: 0.52949
2025-09-07 21:38:27,265 - INFO - [60/100] | train_loss: 0.52774
2025-09-07 21:38:32,873 - INFO - [70/100] | train_loss: 0.50221
2025-09-07 21:38:38,066 - INFO - [80/100] | train_loss: 0.49724
2025-09-07 21:38:43,284 - INFO - [90/100] | train_loss: 0.50341
2025-09-07 21:38:48,481 - INFO - ----------
2025-09-07 21:38:48,481 - INFO - sample 107/241 | d1: recommendationservice-2; level: pod; fault_type: k8s容器内存负载
2025-09-07 21:38:48,481 - INFO - sample 107/241 | predict d1: [('recommendationservice-2', 1.3056706624794998), ('recommendationservice', 0.6501115569232354), ('recommendationservice2-0', 0.6501115569232354), ('recommendationservice-1', 0.6500588665764724), ('productcatalogservice', 0.6500543323923296)]
2025-09-07 21:38:48,481 - INFO - sample 107/241 | predict d2: [('recommendationservice-2/Disk/kpi_container_fs_reads', 0.4535047983067386), ('recommendationservice-2/Network/kpi_container_network_transmit_packets', 0.43934074971268444), ('recommendationservice-2/Other/kpi_container_file_descriptors', 0.4387247651617656), ('recommendationservice-2/Memory/kpi_container_memory_working_set_MB', 0.4359733362307594), ('recommendationservice-2/Memory/kpi_container_memory_failures', 0.43293824717626705)]
2025-09-07 21:38:48,481 - INFO - ----------
2025-09-07 21:38:49,185 - INFO - [0/100] | train_loss: 0.44103
2025-09-07 21:38:54,116 - INFO - [10/100] | train_loss: 1.39156
2025-09-07 21:38:58,973 - INFO - [20/100] | train_loss: 1.03642
2025-09-07 21:39:04,191 - INFO - [30/100] | train_loss: 0.81651
2025-09-07 21:39:09,338 - INFO - [40/100] | train_loss: 0.75737
2025-09-07 21:39:14,573 - INFO - [50/100] | train_loss: 0.73390
2025-09-07 21:39:19,876 - INFO - [60/100] | train_loss: 0.71655
2025-09-07 21:39:25,263 - INFO - [70/100] | train_loss: 0.71550
2025-09-07 21:39:30,973 - INFO - [80/100] | train_loss: 0.71826
2025-09-07 21:39:36,188 - INFO - [90/100] | train_loss: 0.71678
2025-09-07 21:39:41,584 - INFO - [0/100] | train_loss: 0.45382
2025-09-07 21:39:46,932 - INFO - [10/100] | train_loss: 1.39849
2025-09-07 21:39:52,468 - INFO - [20/100] | train_loss: 0.94785
2025-09-07 21:39:57,735 - INFO - [30/100] | train_loss: 0.69462
2025-09-07 21:40:03,295 - INFO - [40/100] | train_loss: 0.58023
2025-09-07 21:40:08,439 - INFO - [50/100] | train_loss: 0.54628
2025-09-07 21:40:14,069 - INFO - [60/100] | train_loss: 0.54388
2025-09-07 21:40:19,774 - INFO - [70/100] | train_loss: 0.52051
2025-09-07 21:40:24,615 - INFO - [80/100] | train_loss: 0.50806
2025-09-07 21:40:30,417 - INFO - [90/100] | train_loss: 0.50300
2025-09-07 21:40:35,867 - INFO - [0/100] | train_loss: 0.32558
2025-09-07 21:40:41,389 - INFO - [10/100] | train_loss: 1.26032
2025-09-07 21:40:47,084 - INFO - [20/100] | train_loss: 0.86185
2025-09-07 21:40:52,422 - INFO - [30/100] | train_loss: 0.63398
2025-09-07 21:40:57,644 - INFO - [40/100] | train_loss: 0.49459
2025-09-07 21:41:03,016 - INFO - [50/100] | train_loss: 0.46002
2025-09-07 21:41:08,829 - INFO - [60/100] | train_loss: 0.44432
2025-09-07 21:41:13,998 - INFO - [70/100] | train_loss: 0.44184
2025-09-07 21:41:19,608 - INFO - [80/100] | train_loss: 0.42933
2025-09-07 21:41:24,489 - INFO - [90/100] | train_loss: 0.42847
2025-09-07 21:41:30,330 - INFO - [0/100] | train_loss: 0.41832
2025-09-07 21:41:35,584 - INFO - [10/100] | train_loss: 1.33672
2025-09-07 21:41:40,866 - INFO - [20/100] | train_loss: 0.92441
2025-09-07 21:41:46,079 - INFO - [30/100] | train_loss: 0.65826
2025-09-07 21:41:51,708 - INFO - [40/100] | train_loss: 0.53428
2025-09-07 21:41:57,538 - INFO - [50/100] | train_loss: 0.48767
2025-09-07 21:42:02,901 - INFO - [60/100] | train_loss: 0.46734
2025-09-07 21:42:08,189 - INFO - [70/100] | train_loss: 0.47210
2025-09-07 21:42:13,597 - INFO - [80/100] | train_loss: 0.45092
2025-09-07 21:42:18,981 - INFO - [90/100] | train_loss: 0.45298
2025-09-07 21:42:24,863 - INFO - [0/100] | train_loss: 0.38895
2025-09-07 21:42:29,799 - INFO - [10/100] | train_loss: 1.29183
2025-09-07 21:42:35,079 - INFO - [20/100] | train_loss: 0.90226
2025-09-07 21:42:40,296 - INFO - [30/100] | train_loss: 0.63232
2025-09-07 21:42:45,834 - INFO - [40/100] | train_loss: 0.51475
2025-09-07 21:42:51,075 - INFO - [50/100] | train_loss: 0.47071
2025-09-07 21:42:56,690 - INFO - [60/100] | train_loss: 0.45544
2025-09-07 21:43:01,964 - INFO - [70/100] | train_loss: 0.43598
2025-09-07 21:43:07,324 - INFO - [80/100] | train_loss: 0.42584
2025-09-07 21:43:12,707 - INFO - [90/100] | train_loss: 0.42298
2025-09-07 21:43:17,785 - INFO - ----------
2025-09-07 21:43:17,785 - INFO - sample 108/241 | d1: emailservice; level: service; fault_type: k8s容器内存负载
2025-09-07 21:43:17,785 - INFO - sample 108/241 | predict d1: [('emailservice-1', 5.910365415779321), ('emailservice2-0', 5.90845260029306), ('emailservice-2', 5.908121972826859), ('emailservice', 5.907505955087135), ('emailservice-0', 5.8961515823576285)]
2025-09-07 21:43:17,785 - INFO - sample 108/241 | predict d2: [('emailservice-1/Other/kpi_container_file_descriptors', 2.7635808145534533), ('emailservice2-0/CPU/kpi_container_cpu_cfs_periods', 2.7582832614601855), ('emailservice2-0/Other/kpi_container_file_descriptors', 2.7398626260883745), ('emailservice2-0/Other/kpi_container_sockets', 2.731903908044176), ('emailservice2-0/Memory/kpi_container_memory_usage_MB', 2.7262883093607204)]
2025-09-07 21:43:17,785 - INFO - ----------
2025-09-07 21:43:18,463 - INFO - [0/100] | train_loss: 0.21655
2025-09-07 21:43:23,617 - INFO - [10/100] | train_loss: 0.83752
2025-09-07 21:43:28,595 - INFO - [20/100] | train_loss: 0.59192
2025-09-07 21:43:33,586 - INFO - [30/100] | train_loss: 0.46827
2025-09-07 21:43:38,419 - INFO - [40/100] | train_loss: 0.34494
2025-09-07 21:43:43,128 - INFO - [50/100] | train_loss: 0.32471
2025-09-07 21:43:48,211 - INFO - [60/100] | train_loss: 0.28451
2025-09-07 21:43:53,570 - INFO - [70/100] | train_loss: 0.28029
2025-09-07 21:43:58,484 - INFO - [80/100] | train_loss: 0.30218
2025-09-07 21:44:03,264 - INFO - [90/100] | train_loss: 0.26541
2025-09-07 21:44:08,530 - INFO - [0/100] | train_loss: 0.22148
2025-09-07 21:44:13,897 - INFO - [10/100] | train_loss: 1.36713
2025-09-07 21:44:18,597 - INFO - [20/100] | train_loss: 1.01540
2025-09-07 21:44:24,742 - INFO - [30/100] | train_loss: 0.80899
2025-09-07 21:44:29,963 - INFO - [40/100] | train_loss: 0.75670
2025-09-07 21:44:35,590 - INFO - [50/100] | train_loss: 0.72946
2025-09-07 21:44:40,713 - INFO - [60/100] | train_loss: 0.76330
2025-09-07 21:44:45,707 - INFO - [70/100] | train_loss: 0.73713
2025-09-07 21:44:51,121 - INFO - [80/100] | train_loss: 0.71933
2025-09-07 21:44:55,798 - INFO - [90/100] | train_loss: 0.73428
2025-09-07 21:45:01,532 - INFO - [0/100] | train_loss: 0.19256
2025-09-07 21:45:07,034 - INFO - [10/100] | train_loss: 1.31482
2025-09-07 21:45:12,790 - INFO - [20/100] | train_loss: 0.91038
2025-09-07 21:45:18,009 - INFO - [30/100] | train_loss: 0.66391
2025-09-07 21:45:23,531 - INFO - [40/100] | train_loss: 0.56148
2025-09-07 21:45:28,898 - INFO - [50/100] | train_loss: 0.50909
2025-09-07 21:45:34,237 - INFO - [60/100] | train_loss: 0.48378
2025-09-07 21:45:40,034 - INFO - [70/100] | train_loss: 0.47499
2025-09-07 21:45:45,515 - INFO - [80/100] | train_loss: 0.54494
2025-09-07 21:45:50,794 - INFO - [90/100] | train_loss: 0.46730
2025-09-07 21:45:56,123 - INFO - [0/100] | train_loss: 0.18325
2025-09-07 21:46:01,764 - INFO - [10/100] | train_loss: 1.32984
2025-09-07 21:46:06,879 - INFO - [20/100] | train_loss: 0.94796
2025-09-07 21:46:12,089 - INFO - [30/100] | train_loss: 0.69018
2025-09-07 21:46:17,287 - INFO - [40/100] | train_loss: 0.56626
2025-09-07 21:46:22,976 - INFO - [50/100] | train_loss: 0.54602
2025-09-07 21:46:28,405 - INFO - [60/100] | train_loss: 0.56673
2025-09-07 21:46:33,565 - INFO - [70/100] | train_loss: 0.48946
2025-09-07 21:46:39,271 - INFO - [80/100] | train_loss: 0.48198
2025-09-07 21:46:44,715 - INFO - [90/100] | train_loss: 0.49107
2025-09-07 21:46:50,289 - INFO - [0/100] | train_loss: 0.21495
2025-09-07 21:46:55,569 - INFO - [10/100] | train_loss: 1.32688
2025-09-07 21:47:00,764 - INFO - [20/100] | train_loss: 0.92748
2025-09-07 21:47:06,086 - INFO - [30/100] | train_loss: 0.67267
2025-09-07 21:47:11,506 - INFO - [40/100] | train_loss: 0.64094
2025-09-07 21:47:16,817 - INFO - [50/100] | train_loss: 0.51845
2025-09-07 21:47:22,283 - INFO - [60/100] | train_loss: 0.51320
2025-09-07 21:47:27,870 - INFO - [70/100] | train_loss: 0.53248
2025-09-07 21:47:33,494 - INFO - [80/100] | train_loss: 0.48218
2025-09-07 21:47:39,278 - INFO - [90/100] | train_loss: 0.48239
2025-09-07 21:47:44,422 - INFO - ----------
2025-09-07 21:47:44,423 - INFO - sample 109/241 | d1: node-3; level: node; fault_type: node 磁盘空间消耗
2025-09-07 21:47:44,423 - INFO - sample 109/241 | predict d1: [('paymentservice-0', 2.5160817891094958), ('paymentservice', 2.4250364610050674), ('checkoutservice', 1.8597203063102294), ('paymentservice2-0', 1.8125845915569592), ('paymentservice-2', 1.812067331123604)]
2025-09-07 21:47:44,423 - INFO - sample 109/241 | predict d2: [('paymentservice-0/Network/kpi_container_network_transmit_packets', 1.4120518528338621), ('paymentservice2-0/Network/kpi_container_network_transmit_packets', 1.3199022058612186), ('paymentservice-0/Network/kpi_container_network_receive_packets', 1.3171430561902255), ('paymentservice2-0/Network/kpi_container_network_receive_packets', 1.19576768120357), ('paymentservice-1/Network/kpi_container_network_transmit_MB', 1.1859083927505125)]
2025-09-07 21:47:44,423 - INFO - ----------
2025-09-07 21:47:44,997 - INFO - [0/100] | train_loss: 0.20962
2025-09-07 21:47:50,039 - INFO - [10/100] | train_loss: 1.32173
2025-09-07 21:47:56,176 - INFO - [20/100] | train_loss: 0.94994
2025-09-07 21:48:01,788 - INFO - [30/100] | train_loss: 0.66637
2025-09-07 21:48:07,008 - INFO - [40/100] | train_loss: 0.56549
2025-09-07 21:48:12,370 - INFO - [50/100] | train_loss: 0.53956
2025-09-07 21:48:17,994 - INFO - [60/100] | train_loss: 0.53017
2025-09-07 21:48:23,678 - INFO - [70/100] | train_loss: 0.51489
2025-09-07 21:48:28,987 - INFO - [80/100] | train_loss: 0.50849
2025-09-07 21:48:34,276 - INFO - [90/100] | train_loss: 0.50792
2025-09-07 21:48:39,765 - INFO - ----------
2025-09-07 21:48:39,765 - INFO - sample 110/241 | d1: shippingservice-0; level: pod; fault_type: k8s容器网络资源包重复发送
2025-09-07 21:48:39,765 - INFO - sample 110/241 | predict d1: [('shippingservice-0', 1.436089870706354), ('shippingservice', 0.7149262716465614), ('checkoutservice', 0.7149261856713807), ('frontend', 0.7149050357769156), ('shippingservice-2', 0.7149005650675164)]
2025-09-07 21:48:39,765 - INFO - sample 110/241 | predict d2: [('shippingservice-0/Network/kpi_container_network_receive_MB', 0.5449498143164888), ('shippingservice-0/Network/kpi_container_network_transmit_packets', 0.5350747050552584), ('shippingservice-0/Network/kpi_container_network_receive_packets', 0.5321923011453507), ('shippingservice-0/Network/kpi_container_network_transmit_MB', 0.5190576148562513), ('shippingservice-0/Memory/kpi_container_memory_failures', 0.5175763484670668)]
2025-09-07 21:48:39,765 - INFO - ----------
2025-09-07 21:48:40,309 - INFO - [0/100] | train_loss: 0.18494
2025-09-07 21:48:45,710 - INFO - [10/100] | train_loss: 0.81811
2025-09-07 21:48:50,929 - INFO - [20/100] | train_loss: 0.59342
2025-09-07 21:48:55,904 - INFO - [30/100] | train_loss: 0.36618
2025-09-07 21:49:00,715 - INFO - [40/100] | train_loss: 0.51448
2025-09-07 21:49:05,883 - INFO - [50/100] | train_loss: 0.25948
2025-09-07 21:49:10,693 - INFO - [60/100] | train_loss: 0.20817
2025-09-07 21:49:15,436 - INFO - [70/100] | train_loss: 0.20409
2025-09-07 21:49:20,181 - INFO - [80/100] | train_loss: 0.24135
2025-09-07 21:49:24,893 - INFO - [90/100] | train_loss: 0.19696
2025-09-07 21:49:29,901 - INFO - [0/100] | train_loss: 0.18729
2025-09-07 21:49:35,068 - INFO - [10/100] | train_loss: 1.25956
2025-09-07 21:49:40,491 - INFO - [20/100] | train_loss: 0.88487
2025-09-07 21:49:46,182 - INFO - [30/100] | train_loss: 0.63875
2025-09-07 21:49:50,985 - INFO - [40/100] | train_loss: 0.51552
2025-09-07 21:49:55,981 - INFO - [50/100] | train_loss: 0.51235
2025-09-07 21:50:01,804 - INFO - [60/100] | train_loss: 0.45925
2025-09-07 21:50:07,187 - INFO - [70/100] | train_loss: 0.46357
2025-09-07 21:50:12,886 - INFO - [80/100] | train_loss: 0.46271
2025-09-07 21:50:18,603 - INFO - [90/100] | train_loss: 0.43512
2025-09-07 21:50:23,965 - INFO - ----------
2025-09-07 21:50:23,965 - INFO - sample 111/241 | d1: node-3; level: node; fault_type: node节点CPU故障
2025-09-07 21:50:23,965 - INFO - sample 111/241 | predict d1: [('node-3', 1.7884136068018748), ('paymentservice', 0.10015888478038404), ('checkoutservice', 0.10015888478038404), ('paymentservice-0', 0.10015232077722658), ('paymentservice-2', 0.10015153863202908)]
2025-09-07 21:50:23,965 - INFO - sample 111/241 | predict d2: [('node-3/CPU/system.load.1', 0.6895544193248071), ('node-3/CPU/system.load.5', 0.6651031701836843), ('node-3/CPU/system.cpu.pct_usage', 0.6438854211669849), ('node-3/CPU/system.cpu.user', 0.6260399323768056), ('node-3/CPU/system.load.15', 0.5897312347574868)]
2025-09-07 21:50:23,965 - INFO - ----------
2025-09-07 21:50:24,527 - INFO - [0/100] | train_loss: 0.11955
2025-09-07 21:50:30,164 - INFO - [10/100] | train_loss: 1.23725
2025-09-07 21:50:35,589 - INFO - [20/100] | train_loss: 0.83226
2025-09-07 21:50:40,995 - INFO - [30/100] | train_loss: 0.56576
2025-09-07 21:50:46,742 - INFO - [40/100] | train_loss: 0.45813
2025-09-07 21:50:52,270 - INFO - [50/100] | train_loss: 0.42873
2025-09-07 21:50:57,925 - INFO - [60/100] | train_loss: 0.44906
2025-09-07 21:51:03,178 - INFO - [70/100] | train_loss: 0.43297
2025-09-07 21:51:08,888 - INFO - [80/100] | train_loss: 0.40973
2025-09-07 21:51:14,363 - INFO - [90/100] | train_loss: 0.41864
2025-09-07 21:51:19,593 - INFO - ----------
2025-09-07 21:51:19,593 - INFO - sample 112/241 | d1: node-1; level: node; fault_type: node 磁盘空间消耗
2025-09-07 21:51:19,593 - INFO - sample 112/241 | predict d1: [('recommendationservice', 0.028385762298593686), ('recommendationservice-0', 0.028385762298593686), ('recommendationservice-2', 0.028385695734717276), ('productcatalogservice', 0.028385064231274404), ('recommendationservice-1', 0.028384052118999747)]
2025-09-07 21:51:19,593 - INFO - sample 112/241 | predict d2: [('recommendationservice-2/Network/kpi_container_network_receive_MB', 0.015391867240061474), ('recommendationservice2-0/Network/kpi_container_network_transmit_MB', 0.014633801973408023), ('recommendationservice-0/Network/kpi_container_network_receive_MB', 0.013839354427997885), ('recommendationservice-0/Network/kpi_container_network_transmit_MB', 0.013259447376557931), ('recommendationservice2-0/Memory/kpi_container_memory_working_set_MB', 0.0131323957109164)]
2025-09-07 21:51:19,593 - INFO - ----------
2025-09-07 21:51:20,171 - INFO - [0/100] | train_loss: 0.30726
2025-09-07 21:51:25,638 - INFO - [10/100] | train_loss: 1.33894
2025-09-07 21:51:31,114 - INFO - [20/100] | train_loss: 0.91159
2025-09-07 21:51:36,386 - INFO - [30/100] | train_loss: 0.65627
2025-09-07 21:51:41,666 - INFO - [40/100] | train_loss: 0.54898
2025-09-07 21:51:47,221 - INFO - [50/100] | train_loss: 0.51055
2025-09-07 21:51:52,923 - INFO - [60/100] | train_loss: 0.49179
2025-09-07 21:51:58,611 - INFO - [70/100] | train_loss: 0.48401
2025-09-07 21:52:04,191 - INFO - [80/100] | train_loss: 0.47345
2025-09-07 21:52:09,480 - INFO - [90/100] | train_loss: 0.47527
2025-09-07 21:52:14,993 - INFO - ----------
2025-09-07 21:52:14,993 - INFO - sample 113/241 | d1: recommendationservice2-0; level: pod; fault_type: k8s容器写io负载
2025-09-07 21:52:14,994 - INFO - sample 113/241 | predict d1: [('recommendationservice2-0', 1.988142282803345), ('recommendationservice', 0.99002957048911), ('recommendationservice-1', 0.99002957048911), ('productcatalogservice', 0.9899759971737261), ('recommendationservice-0', 0.9899203404516328)]
2025-09-07 21:52:14,994 - INFO - sample 113/241 | predict d2: [('recommendationservice2-0/CPU/kpi_container_cpu_cfs_throttled_seconds', 0.7181439234494356), ('recommendationservice2-0/Disk/kpi_container_fs_reads_MB', 0.6882409655275019), ('recommendationservice2-0/Memory/kpi_container_memory_mapped_file', 0.6798357290251076), ('recommendationservice2-0/Memory/kpi_container_memory_cache', 0.6618564053304539), ('recommendationservice2-0/Memory/kpi_container_memory_rss', 0.6596632923763543)]
2025-09-07 21:52:14,994 - INFO - ----------
2025-09-07 21:52:15,625 - INFO - [0/100] | train_loss: 0.44404
2025-09-07 21:52:21,207 - INFO - [10/100] | train_loss: 1.56832
2025-09-07 21:52:26,663 - INFO - [20/100] | train_loss: 1.16884
2025-09-07 21:52:32,291 - INFO - [30/100] | train_loss: 0.97752
2025-09-07 21:52:37,619 - INFO - [40/100] | train_loss: 0.93141
2025-09-07 21:52:43,095 - INFO - [50/100] | train_loss: 0.93292
2025-09-07 21:52:48,486 - INFO - [60/100] | train_loss: 0.92599
2025-09-07 21:52:54,295 - INFO - [70/100] | train_loss: 0.94427
2025-09-07 21:52:59,787 - INFO - [80/100] | train_loss: 0.95073
2025-09-07 21:53:05,588 - INFO - [90/100] | train_loss: 0.94283
2025-09-07 21:53:11,303 - INFO - [0/100] | train_loss: 0.14369
2025-09-07 21:53:16,864 - INFO - [10/100] | train_loss: 1.34184
2025-09-07 21:53:22,265 - INFO - [20/100] | train_loss: 0.99051
2025-09-07 21:53:27,992 - INFO - [30/100] | train_loss: 0.77624
2025-09-07 21:53:33,713 - INFO - [40/100] | train_loss: 0.72294
2025-09-07 21:53:39,130 - INFO - [50/100] | train_loss: 0.71436
2025-09-07 21:53:44,583 - INFO - [60/100] | train_loss: 0.70497
2025-09-07 21:53:49,786 - INFO - [70/100] | train_loss: 0.70878
2025-09-07 21:53:55,484 - INFO - [80/100] | train_loss: 0.71499
2025-09-07 21:54:00,272 - INFO - [90/100] | train_loss: 0.70932
2025-09-07 21:54:06,038 - INFO - [0/100] | train_loss: 0.43444
2025-09-07 21:54:11,668 - INFO - [10/100] | train_loss: 1.51544
2025-09-07 21:54:17,417 - INFO - [20/100] | train_loss: 1.06226
2025-09-07 21:54:22,784 - INFO - [30/100] | train_loss: 0.82188
2025-09-07 21:54:28,084 - INFO - [40/100] | train_loss: 0.71926
2025-09-07 21:54:32,823 - INFO - [50/100] | train_loss: 0.67285
2025-09-07 21:54:38,097 - INFO - [60/100] | train_loss: 0.65114
2025-09-07 21:54:43,502 - INFO - [70/100] | train_loss: 0.64750
2025-09-07 21:54:49,066 - INFO - [80/100] | train_loss: 0.68527
2025-09-07 21:54:54,464 - INFO - [90/100] | train_loss: 0.64864
2025-09-07 21:55:00,093 - INFO - [0/100] | train_loss: 0.37154
2025-09-07 21:55:05,520 - INFO - [10/100] | train_loss: 1.54385
2025-09-07 21:55:11,068 - INFO - [20/100] | train_loss: 1.03761
2025-09-07 21:55:16,682 - INFO - [30/100] | train_loss: 0.75935
2025-09-07 21:55:21,807 - INFO - [40/100] | train_loss: 0.67888
2025-09-07 21:55:27,218 - INFO - [50/100] | train_loss: 0.63276
2025-09-07 21:55:32,918 - INFO - [60/100] | train_loss: 0.61852
2025-09-07 21:55:38,165 - INFO - [70/100] | train_loss: 0.62703
2025-09-07 21:55:43,965 - INFO - [80/100] | train_loss: 0.60451
2025-09-07 21:55:49,509 - INFO - [90/100] | train_loss: 0.59722
2025-09-07 21:55:55,170 - INFO - [0/100] | train_loss: 0.44386
2025-09-07 21:56:00,582 - INFO - [10/100] | train_loss: 1.45358
2025-09-07 21:56:05,977 - INFO - [20/100] | train_loss: 1.06442
2025-09-07 21:56:11,271 - INFO - [30/100] | train_loss: 0.80877
2025-09-07 21:56:16,214 - INFO - [40/100] | train_loss: 0.70418
2025-09-07 21:56:21,301 - INFO - [50/100] | train_loss: 0.68213
2025-09-07 21:56:26,868 - INFO - [60/100] | train_loss: 0.64953
2025-09-07 21:56:32,521 - INFO - [70/100] | train_loss: 0.63250
2025-09-07 21:56:38,070 - INFO - [80/100] | train_loss: 0.63190
2025-09-07 21:56:43,295 - INFO - [90/100] | train_loss: 0.63323
2025-09-07 21:56:48,914 - INFO - [0/100] | train_loss: 0.46446
2025-09-07 21:56:54,664 - INFO - [10/100] | train_loss: 1.49808
2025-09-07 21:57:00,036 - INFO - [20/100] | train_loss: 1.11640
2025-09-07 21:57:06,018 - INFO - [30/100] | train_loss: 0.83864
2025-09-07 21:57:11,369 - INFO - [40/100] | train_loss: 0.72944
2025-09-07 21:57:17,130 - INFO - [50/100] | train_loss: 0.72575
2025-09-07 21:57:22,788 - INFO - [60/100] | train_loss: 0.68273
2025-09-07 21:57:28,309 - INFO - [70/100] | train_loss: 0.66482
2025-09-07 21:57:33,713 - INFO - [80/100] | train_loss: 0.68063
2025-09-07 21:57:39,286 - INFO - [90/100] | train_loss: 0.65577
2025-09-07 21:57:45,563 - INFO - [0/100] | train_loss: 0.14077
2025-09-07 21:57:50,920 - INFO - [10/100] | train_loss: 1.29380
2025-09-07 21:57:56,696 - INFO - [20/100] | train_loss: 0.94442
2025-09-07 21:58:02,547 - INFO - [30/100] | train_loss: 0.73002
2025-09-07 21:58:08,205 - INFO - [40/100] | train_loss: 0.58568
2025-09-07 21:58:13,937 - INFO - [50/100] | train_loss: 0.65472
2025-09-07 21:58:19,533 - INFO - [60/100] | train_loss: 0.51737
2025-09-07 21:58:25,137 - INFO - [70/100] | train_loss: 0.51033
2025-09-07 21:58:30,185 - INFO - [80/100] | train_loss: 0.49507
2025-09-07 21:58:35,981 - INFO - [90/100] | train_loss: 0.48771
2025-09-07 21:58:41,103 - INFO - [0/100] | train_loss: 0.14141
2025-09-07 21:58:46,580 - INFO - [10/100] | train_loss: 1.29069
2025-09-07 21:58:52,183 - INFO - [20/100] | train_loss: 0.93196
2025-09-07 21:58:57,230 - INFO - [30/100] | train_loss: 0.67556
2025-09-07 21:59:02,685 - INFO - [40/100] | train_loss: 0.53217
2025-09-07 21:59:08,379 - INFO - [50/100] | train_loss: 0.58157
2025-09-07 21:59:13,501 - INFO - [60/100] | train_loss: 0.47068
2025-09-07 21:59:18,615 - INFO - [70/100] | train_loss: 0.45692
2025-09-07 21:59:24,483 - INFO - [80/100] | train_loss: 0.47858
2025-09-07 21:59:30,085 - INFO - [90/100] | train_loss: 0.49939
2025-09-07 21:59:35,614 - INFO - ----------
2025-09-07 21:59:35,615 - INFO - sample 114/241 | d1: currencyservice; level: service; fault_type: k8s容器cpu负载
2025-09-07 21:59:35,615 - INFO - sample 114/241 | predict d1: [('currencyservice', 6.725682093832496), ('currencyservice-1', 5.8940646893213255), ('currencyservice-0', 5.885693203895478), ('currencyservice2-0', 5.880722784122888), ('frontend', 4.910560885801064)]
2025-09-07 21:59:35,615 - INFO - sample 114/241 | predict d2: [('currencyservice-1/CPU/kpi_container_cpu_cfs_periods', 3.3440079321047094), ('currencyservice-1/CPU/kpi_container_cpu_cfs_throttled_seconds', 3.0175370883506005), ('currencyservice/Request/mrt.grpc', 2.9722351895380363), ('currencyservice/Request/mrt.http', 2.9645666204287746), ('checkoutservice/Request/mrt.grpc', 2.89690291222421)]
2025-09-07 21:59:35,615 - INFO - ----------
2025-09-07 21:59:36,277 - INFO - [0/100] | train_loss: 0.37800
2025-09-07 21:59:41,388 - INFO - [10/100] | train_loss: 1.42339
2025-09-07 21:59:46,181 - INFO - [20/100] | train_loss: 1.06148
2025-09-07 21:59:51,479 - INFO - [30/100] | train_loss: 0.89238
2025-09-07 21:59:57,022 - INFO - [40/100] | train_loss: 0.85419
2025-09-07 22:00:01,797 - INFO - [50/100] | train_loss: 0.83685
2025-09-07 22:00:07,306 - INFO - [60/100] | train_loss: 0.83151
2025-09-07 22:00:12,713 - INFO - [70/100] | train_loss: 0.83271
2025-09-07 22:00:18,385 - INFO - [80/100] | train_loss: 0.83756
2025-09-07 22:00:24,176 - INFO - [90/100] | train_loss: 0.84059
2025-09-07 22:00:29,838 - INFO - [0/100] | train_loss: 0.32918
2025-09-07 22:00:34,817 - INFO - [10/100] | train_loss: 1.30717
2025-09-07 22:00:40,326 - INFO - [20/100] | train_loss: 0.90991
2025-09-07 22:00:46,009 - INFO - [30/100] | train_loss: 0.64630
2025-09-07 22:00:51,501 - INFO - [40/100] | train_loss: 0.52879
2025-09-07 22:00:56,927 - INFO - [50/100] | train_loss: 0.49161
2025-09-07 22:01:02,490 - INFO - [60/100] | train_loss: 0.48169
2025-09-07 22:01:08,209 - INFO - [70/100] | train_loss: 0.47025
2025-09-07 22:01:13,634 - INFO - [80/100] | train_loss: 0.46331
2025-09-07 22:01:19,278 - INFO - [90/100] | train_loss: 0.46222
2025-09-07 22:01:24,766 - INFO - [0/100] | train_loss: 0.23210
2025-09-07 22:01:30,573 - INFO - [10/100] | train_loss: 1.27628
2025-09-07 22:01:35,731 - INFO - [20/100] | train_loss: 0.86694
2025-09-07 22:01:41,486 - INFO - [30/100] | train_loss: 0.59968
2025-09-07 22:01:47,439 - INFO - [40/100] | train_loss: 0.49958
2025-09-07 22:01:52,794 - INFO - [50/100] | train_loss: 0.47000
2025-09-07 22:01:58,123 - INFO - [60/100] | train_loss: 0.46440
2025-09-07 22:02:03,592 - INFO - [70/100] | train_loss: 0.45213
2025-09-07 22:02:09,026 - INFO - [80/100] | train_loss: 0.44735
2025-09-07 22:02:14,710 - INFO - [90/100] | train_loss: 0.44995
2025-09-07 22:02:20,011 - INFO - [0/100] | train_loss: 0.33742
2025-09-07 22:02:26,066 - INFO - [10/100] | train_loss: 1.33856
2025-09-07 22:02:31,201 - INFO - [20/100] | train_loss: 0.90858
2025-09-07 22:02:35,929 - INFO - [30/100] | train_loss: 0.64955
2025-09-07 22:02:41,598 - INFO - [40/100] | train_loss: 0.53535
2025-09-07 22:02:47,084 - INFO - [50/100] | train_loss: 0.50422
2025-09-07 22:02:52,745 - INFO - [60/100] | train_loss: 0.48633
2025-09-07 22:02:58,699 - INFO - [70/100] | train_loss: 0.47871
2025-09-07 22:03:04,312 - INFO - [80/100] | train_loss: 0.46838
2025-09-07 22:03:09,614 - INFO - [90/100] | train_loss: 0.46351
2025-09-07 22:03:15,567 - INFO - [0/100] | train_loss: 0.30780
2025-09-07 22:03:21,125 - INFO - [10/100] | train_loss: 1.30524
2025-09-07 22:03:26,992 - INFO - [20/100] | train_loss: 0.89804
2025-09-07 22:03:32,199 - INFO - [30/100] | train_loss: 0.63757
2025-09-07 22:03:37,597 - INFO - [40/100] | train_loss: 0.52124
2025-09-07 22:03:43,234 - INFO - [50/100] | train_loss: 0.49215
2025-09-07 22:03:48,869 - INFO - [60/100] | train_loss: 0.48310
2025-09-07 22:03:54,308 - INFO - [70/100] | train_loss: 0.47583
2025-09-07 22:04:00,196 - INFO - [80/100] | train_loss: 0.46653
2025-09-07 22:04:05,784 - INFO - [90/100] | train_loss: 0.46791
2025-09-07 22:04:11,392 - INFO - ----------
2025-09-07 22:04:11,393 - INFO - sample 115/241 | d1: recommendationservice; level: service; fault_type: k8s容器写io负载
2025-09-07 22:04:11,393 - INFO - sample 115/241 | predict d1: [('recommendationservice-1', 5.9263755932771005), ('recommendationservice', 5.924775017590832), ('recommendationservice-0', 5.923382194785745), ('recommendationservice2-0', 5.922889302096134), ('recommendationservice-2', 5.922594974826929)]
2025-09-07 22:04:11,393 - INFO - sample 115/241 | predict d2: [('recommendationservice2-0/CPU/kpi_container_cpu_cfs_periods', 2.9573324509079146), ('recommendationservice2-0/CPU/kpi_container_cpu_cfs_throttled_periods', 2.916552565984345), ('recommendationservice2-0/Memory/kpi_container_memory_cache', 2.909044852505403), ('recommendationservice2-0/Disk/kpi_container_fs_inodes', 2.7867201335159812), ('recommendationservice2-0/Thread/kpi_container_threads', 2.7233173994418145)]
2025-09-07 22:04:11,393 - INFO - ----------
2025-09-07 22:04:12,063 - INFO - [0/100] | train_loss: 0.13829
2025-09-07 22:04:17,024 - INFO - [10/100] | train_loss: 0.78052
2025-09-07 22:04:21,997 - INFO - [20/100] | train_loss: 0.53575
2025-09-07 22:04:27,267 - INFO - [30/100] | train_loss: 0.33625
2025-09-07 22:04:32,076 - INFO - [40/100] | train_loss: 0.24736
2025-09-07 22:04:37,101 - INFO - [50/100] | train_loss: 0.22014
2025-09-07 22:04:42,091 - INFO - [60/100] | train_loss: 0.18782
2025-09-07 22:04:46,875 - INFO - [70/100] | train_loss: 0.17514
2025-09-07 22:04:51,805 - INFO - [80/100] | train_loss: 0.22907
2025-09-07 22:04:57,081 - INFO - [90/100] | train_loss: 0.17601
2025-09-07 22:05:02,096 - INFO - [0/100] | train_loss: 0.07885
2025-09-07 22:05:07,532 - INFO - [10/100] | train_loss: 1.23869
2025-09-07 22:05:12,832 - INFO - [20/100] | train_loss: 0.84016
2025-09-07 22:05:18,474 - INFO - [30/100] | train_loss: 0.56304
2025-09-07 22:05:23,406 - INFO - [40/100] | train_loss: 0.46276
2025-09-07 22:05:28,576 - INFO - [50/100] | train_loss: 0.43120
2025-09-07 22:05:34,078 - INFO - [60/100] | train_loss: 0.42516
2025-09-07 22:05:38,983 - INFO - [70/100] | train_loss: 0.41883
2025-09-07 22:05:44,578 - INFO - [80/100] | train_loss: 0.44226
2025-09-07 22:05:49,690 - INFO - [90/100] | train_loss: 0.42560
2025-09-07 22:05:55,138 - INFO - ----------
2025-09-07 22:05:55,138 - INFO - sample 116/241 | d1: node-4; level: node; fault_type: node 内存消耗
2025-09-07 22:05:55,138 - INFO - sample 116/241 | predict d1: [('node-4', 0.06721687178406821), ('shippingservice', 0.032812783798924494), ('frontend', 0.032812783798924494), ('checkoutservice', 0.032812422745087666), ('shippingservice-0', 0.03281231423163944)]
2025-09-07 22:05:55,138 - INFO - sample 116/241 | predict d2: [('node-4/Disk/system.io.w_s', 0.058474647018520454), ('node-4/Memory/system.mem.used', 0.05126060797892018), ('node-4/Memory/system.mem.real.used', 0.047768558139937856), ('node-4/Memory/system.mem.real.pct_useage', 0.04510628405910655), ('node-4/CPU/system.cpu.pct_usage', 0.031248939281993682)]
2025-09-07 22:05:55,138 - INFO - ----------
2025-09-07 22:05:55,696 - INFO - [0/100] | train_loss: 0.39106
2025-09-07 22:06:00,703 - INFO - [10/100] | train_loss: 1.47851
2025-09-07 22:06:06,500 - INFO - [20/100] | train_loss: 1.11857
2025-09-07 22:06:12,110 - INFO - [30/100] | train_loss: 0.91538
2025-09-07 22:06:17,785 - INFO - [40/100] | train_loss: 0.87586
2025-09-07 22:06:23,443 - INFO - [50/100] | train_loss: 0.85133
2025-09-07 22:06:28,569 - INFO - [60/100] | train_loss: 0.85854
2025-09-07 22:06:34,099 - INFO - [70/100] | train_loss: 0.83978
2025-09-07 22:06:39,720 - INFO - [80/100] | train_loss: 0.83624
2025-09-07 22:06:45,031 - INFO - [90/100] | train_loss: 0.84755
2025-09-07 22:06:50,966 - INFO - [0/100] | train_loss: 0.40987
2025-09-07 22:06:56,501 - INFO - [10/100] | train_loss: 1.47723
2025-09-07 22:07:01,997 - INFO - [20/100] | train_loss: 1.10200
2025-09-07 22:07:07,585 - INFO - [30/100] | train_loss: 0.85927
2025-09-07 22:07:13,272 - INFO - [40/100] | train_loss: 0.76883
2025-09-07 22:07:18,977 - INFO - [50/100] | train_loss: 0.72317
2025-09-07 22:07:24,418 - INFO - [60/100] | train_loss: 0.81236
2025-09-07 22:07:30,676 - INFO - [70/100] | train_loss: 0.69332
2025-09-07 22:07:36,379 - INFO - [80/100] | train_loss: 0.63627
2025-09-07 22:07:41,999 - INFO - [90/100] | train_loss: 0.65742
2025-09-07 22:07:47,712 - INFO - [0/100] | train_loss: 0.29229
2025-09-07 22:07:52,863 - INFO - [10/100] | train_loss: 1.39625
2025-09-07 22:07:58,501 - INFO - [20/100] | train_loss: 1.01003
2025-09-07 22:08:04,237 - INFO - [30/100] | train_loss: 0.74288
2025-09-07 22:08:09,672 - INFO - [40/100] | train_loss: 0.62104
2025-09-07 22:08:15,265 - INFO - [50/100] | train_loss: 0.59454
2025-09-07 22:08:20,501 - INFO - [60/100] | train_loss: 0.59156
2025-09-07 22:08:25,909 - INFO - [70/100] | train_loss: 0.58917
2025-09-07 22:08:31,499 - INFO - [80/100] | train_loss: 0.57401
2025-09-07 22:08:37,096 - INFO - [90/100] | train_loss: 0.58060
2025-09-07 22:08:42,591 - INFO - [0/100] | train_loss: 0.33486
2025-09-07 22:08:48,094 - INFO - [10/100] | train_loss: 1.44301
2025-09-07 22:08:53,820 - INFO - [20/100] | train_loss: 1.10378
2025-09-07 22:08:59,397 - INFO - [30/100] | train_loss: 0.85298
2025-09-07 22:09:04,899 - INFO - [40/100] | train_loss: 0.74956
2025-09-07 22:09:10,406 - INFO - [50/100] | train_loss: 0.66973
2025-09-07 22:09:15,707 - INFO - [60/100] | train_loss: 0.71092
2025-09-07 22:09:21,403 - INFO - [70/100] | train_loss: 0.65629
2025-09-07 22:09:26,917 - INFO - [80/100] | train_loss: 0.62761
2025-09-07 22:09:31,993 - INFO - [90/100] | train_loss: 0.62086
2025-09-07 22:09:37,217 - INFO - ----------
2025-09-07 22:09:37,217 - INFO - sample 117/241 | d1: paymentservice; level: service; fault_type: k8s容器内存负载
2025-09-07 22:09:37,217 - INFO - sample 117/241 | predict d1: [('paymentservice', 4.181109682375951), ('paymentservice-2', 4.125378247672213), ('paymentservice2-0', 4.02693676201438), ('paymentservice-1', 3.993273487994969), ('checkoutservice', 3.2562418384250407)]
2025-09-07 22:09:37,218 - INFO - sample 117/241 | predict d2: [('paymentservice-2/Other/kpi_container_file_descriptors', 2.177783148164197), ('paymentservice-2/CPU/kpi_container_cpu_cfs_periods', 1.930235120304415), ('paymentservice-1/Other/kpi_container_file_descriptors', 1.8893686517335642), ('paymentservice-2/Network/kpi_container_network_transmit_MB', 1.8535833534031294), ('paymentservice-2/Thread/kpi_container_threads', 1.8480012177672513)]
2025-09-07 22:09:37,218 - INFO - ----------
2025-09-07 22:09:37,903 - INFO - [0/100] | train_loss: 0.21743
2025-09-07 22:09:43,078 - INFO - [10/100] | train_loss: 0.89485
2025-09-07 22:09:48,088 - INFO - [20/100] | train_loss: 0.69089
2025-09-07 22:09:52,890 - INFO - [30/100] | train_loss: 0.48501
2025-09-07 22:09:57,665 - INFO - [40/100] | train_loss: 0.39062
2025-09-07 22:10:02,889 - INFO - [50/100] | train_loss: 0.31914
2025-09-07 22:10:07,880 - INFO - [60/100] | train_loss: 0.44822
2025-09-07 22:10:12,600 - INFO - [70/100] | train_loss: 0.32111
2025-09-07 22:10:17,215 - INFO - [80/100] | train_loss: 0.25698
2025-09-07 22:10:22,224 - INFO - [90/100] | train_loss: 0.26355
2025-09-07 22:10:27,293 - INFO - [0/100] | train_loss: 0.35868
2025-09-07 22:10:32,987 - INFO - [10/100] | train_loss: 1.30489
2025-09-07 22:10:38,776 - INFO - [20/100] | train_loss: 0.88484
2025-09-07 22:10:43,896 - INFO - [30/100] | train_loss: 0.62653
2025-09-07 22:10:49,375 - INFO - [40/100] | train_loss: 0.51377
2025-09-07 22:10:54,971 - INFO - [50/100] | train_loss: 0.47868
2025-09-07 22:11:00,311 - INFO - [60/100] | train_loss: 0.46448
2025-09-07 22:11:05,799 - INFO - [70/100] | train_loss: 0.45707
2025-09-07 22:11:11,203 - INFO - [80/100] | train_loss: 0.45220
2025-09-07 22:11:16,763 - INFO - [90/100] | train_loss: 0.44675
2025-09-07 22:11:22,066 - INFO - ----------
2025-09-07 22:11:22,067 - INFO - sample 118/241 | d1: adservice-1; level: pod; fault_type: k8s容器读io负载
2025-09-07 22:11:22,067 - INFO - sample 118/241 | predict d1: [('adservice-1', 1.9282214358631933), ('node-6', 1.342356826921801), ('adservice', 0.9604540032325026), ('adservice2-0', 0.9604540032325026), ('adservice-2', 0.9604049647285784)]
2025-09-07 22:11:22,067 - INFO - sample 118/241 | predict d2: [('adservice-1/Memory/kpi_container_memory_mapped_file', 0.7578518281160207), ('adservice-1/Disk/kpi_container_fs_usage_MB', 0.6367509542133298), ('adservice-1/Memory/kpi_container_memory_failures', 0.6206115748788577), ('adservice-1/Memory/kpi_container_memory_cache', 0.5871763729026647), ('adservice-1/Disk/kpi_container_fs_inodes', 0.5860472757728985)]
2025-09-07 22:11:22,067 - INFO - ----------
2025-09-07 22:11:22,674 - INFO - [0/100] | train_loss: 0.27879
2025-09-07 22:11:28,165 - INFO - [10/100] | train_loss: 1.56064
2025-09-07 22:11:33,867 - INFO - [20/100] | train_loss: 1.18443
2025-09-07 22:11:39,788 - INFO - [30/100] | train_loss: 1.01799
2025-09-07 22:11:45,500 - INFO - [40/100] | train_loss: 0.98457
2025-09-07 22:11:51,235 - INFO - [50/100] | train_loss: 0.96467
2025-09-07 22:11:56,498 - INFO - [60/100] | train_loss: 0.96120
2025-09-07 22:12:02,189 - INFO - [70/100] | train_loss: 0.96120
2025-09-07 22:12:07,516 - INFO - [80/100] | train_loss: 0.96841
2025-09-07 22:12:12,821 - INFO - [90/100] | train_loss: 0.96063
2025-09-07 22:12:18,468 - INFO - [0/100] | train_loss: 0.14036
2025-09-07 22:12:23,979 - INFO - [10/100] | train_loss: 1.31963
2025-09-07 22:12:29,419 - INFO - [20/100] | train_loss: 0.96359
2025-09-07 22:12:35,034 - INFO - [30/100] | train_loss: 0.70160
2025-09-07 22:12:40,738 - INFO - [40/100] | train_loss: 0.61428
2025-09-07 22:12:46,014 - INFO - [50/100] | train_loss: 0.59512
2025-09-07 22:12:51,188 - INFO - [60/100] | train_loss: 0.58189
2025-09-07 22:12:56,484 - INFO - [70/100] | train_loss: 0.57425
2025-09-07 22:13:01,489 - INFO - [80/100] | train_loss: 0.56655
2025-09-07 22:13:07,009 - INFO - [90/100] | train_loss: 0.57233
2025-09-07 22:13:12,476 - INFO - [0/100] | train_loss: 0.23008
2025-09-07 22:13:18,280 - INFO - [10/100] | train_loss: 1.36222
2025-09-07 22:13:23,691 - INFO - [20/100] | train_loss: 0.91969
2025-09-07 22:13:29,323 - INFO - [30/100] | train_loss: 0.65074
2025-09-07 22:13:34,781 - INFO - [40/100] | train_loss: 0.54348
2025-09-07 22:13:40,885 - INFO - [50/100] | train_loss: 0.52865
2025-09-07 22:13:46,110 - INFO - [60/100] | train_loss: 0.50255
2025-09-07 22:13:51,364 - INFO - [70/100] | train_loss: 0.50125
2025-09-07 22:13:57,418 - INFO - [80/100] | train_loss: 0.48398
2025-09-07 22:14:03,064 - INFO - [90/100] | train_loss: 0.47713
2025-09-07 22:14:08,737 - INFO - [0/100] | train_loss: 0.19878
2025-09-07 22:14:14,311 - INFO - [10/100] | train_loss: 1.34070
2025-09-07 22:14:19,735 - INFO - [20/100] | train_loss: 0.99000
2025-09-07 22:14:25,367 - INFO - [30/100] | train_loss: 0.69456
2025-09-07 22:14:30,713 - INFO - [40/100] | train_loss: 0.57882
2025-09-07 22:14:36,102 - INFO - [50/100] | train_loss: 0.56670
2025-09-07 22:14:41,815 - INFO - [60/100] | train_loss: 0.53388
2025-09-07 22:14:47,374 - INFO - [70/100] | train_loss: 0.52261
2025-09-07 22:14:52,589 - INFO - [80/100] | train_loss: 0.54044
2025-09-07 22:14:57,865 - INFO - [90/100] | train_loss: 0.51713
2025-09-07 22:15:03,464 - INFO - [0/100] | train_loss: 0.24172
2025-09-07 22:15:08,963 - INFO - [10/100] | train_loss: 1.34787
2025-09-07 22:15:14,176 - INFO - [20/100] | train_loss: 1.02072
2025-09-07 22:15:19,872 - INFO - [30/100] | train_loss: 0.76432
2025-09-07 22:15:25,114 - INFO - [40/100] | train_loss: 0.65858
2025-09-07 22:15:30,811 - INFO - [50/100] | train_loss: 0.60563
2025-09-07 22:15:36,330 - INFO - [60/100] | train_loss: 0.58596
2025-09-07 22:15:41,991 - INFO - [70/100] | train_loss: 0.57203
2025-09-07 22:15:47,483 - INFO - [80/100] | train_loss: 0.60370
2025-09-07 22:15:53,004 - INFO - [90/100] | train_loss: 0.57840
2025-09-07 22:15:58,796 - INFO - [0/100] | train_loss: 0.29821
2025-09-07 22:16:04,279 - INFO - [10/100] | train_loss: 1.39711
2025-09-07 22:16:09,911 - INFO - [20/100] | train_loss: 1.05670
2025-09-07 22:16:15,718 - INFO - [30/100] | train_loss: 0.81994
2025-09-07 22:16:21,463 - INFO - [40/100] | train_loss: 0.68886
2025-09-07 22:16:27,131 - INFO - [50/100] | train_loss: 0.64554
2025-09-07 22:16:32,578 - INFO - [60/100] | train_loss: 0.62886
2025-09-07 22:16:38,302 - INFO - [70/100] | train_loss: 0.59127
2025-09-07 22:16:43,513 - INFO - [80/100] | train_loss: 0.60018
2025-09-07 22:16:49,584 - INFO - [90/100] | train_loss: 0.57200
2025-09-07 22:16:54,806 - INFO - [0/100] | train_loss: 0.12484
2025-09-07 22:16:59,904 - INFO - [10/100] | train_loss: 1.26767
2025-09-07 22:17:05,306 - INFO - [20/100] | train_loss: 0.90759
2025-09-07 22:17:10,583 - INFO - [30/100] | train_loss: 0.67805
2025-09-07 22:17:15,772 - INFO - [40/100] | train_loss: 0.54838
2025-09-07 22:17:21,372 - INFO - [50/100] | train_loss: 0.51219
2025-09-07 22:17:27,204 - INFO - [60/100] | train_loss: 0.49837
2025-09-07 22:17:32,918 - INFO - [70/100] | train_loss: 0.48157
2025-09-07 22:17:38,765 - INFO - [80/100] | train_loss: 0.48903
2025-09-07 22:17:44,677 - INFO - [90/100] | train_loss: 0.48656
2025-09-07 22:17:50,364 - INFO - ----------
2025-09-07 22:17:50,364 - INFO - sample 119/241 | d1: productcatalogservice; level: service; fault_type: k8s容器网络资源包损坏
2025-09-07 22:17:50,364 - INFO - sample 119/241 | predict d1: [('productcatalogservice', 7.264692105635255), ('productcatalogservice-1', 5.865209191968752), ('productcatalogservice-0', 5.857305899066841), ('productcatalogservice-2', 5.846805614641131), ('productcatalogservice2-0', 4.842586038196622)]
2025-09-07 22:17:50,364 - INFO - sample 119/241 | predict d2: [('productcatalogservice/Request/mrt.grpc', 3.5800068559993345), ('productcatalogservice/Request/mrt.http', 3.5688047743314772), ('productcatalogservice-1/Network/kpi_container_network_transmit_MB', 3.2933416733957266), ('productcatalogservice-1/Other/kpi_container_file_descriptors', 3.1144564046413787), ('productcatalogservice-2/Network/kpi_container_network_transmit_MB', 3.0126294981817825)]
2025-09-07 22:17:50,364 - INFO - ----------
2025-09-07 22:17:51,122 - INFO - [0/100] | train_loss: 0.19376
2025-09-07 22:17:56,623 - INFO - [10/100] | train_loss: 1.28532
2025-09-07 22:18:02,402 - INFO - [20/100] | train_loss: 0.90354
2025-09-07 22:18:08,015 - INFO - [30/100] | train_loss: 0.65018
2025-09-07 22:18:13,610 - INFO - [40/100] | train_loss: 0.53824
2025-09-07 22:18:18,895 - INFO - [50/100] | train_loss: 0.51129
2025-09-07 22:18:24,586 - INFO - [60/100] | train_loss: 0.52924
2025-09-07 22:18:30,066 - INFO - [70/100] | train_loss: 0.46231
2025-09-07 22:18:35,374 - INFO - [80/100] | train_loss: 0.45031
2025-09-07 22:18:41,014 - INFO - [90/100] | train_loss: 0.46590
2025-09-07 22:18:46,093 - INFO - ----------
2025-09-07 22:18:46,094 - INFO - sample 120/241 | d1: checkoutservice; level: service; fault_type: k8s容器网络资源包重复发送
2025-09-07 22:18:46,094 - INFO - sample 120/241 | predict d1: [('shippingservice', 0.10716265087831633), ('shippingservice-0', 0.10716265087831633), ('shippingservice-1', 0.10714790125049989), ('shippingservice-2', 0.10714354530973802), ('shippingservice2-0', 0.10712918230388269)]
2025-09-07 22:18:46,094 - INFO - sample 120/241 | predict d2: [('shippingservice2-0/CPU/kpi_container_cpu_cfs_periods', 0.08167504915092216), ('shippingservice2-0/Memory/kpi_container_memory_working_set_MB', 0.07550855130146372), ('shippingservice2-0/Memory/kpi_container_memory_failures', 0.0743806461669112), ('shippingservice-0/Network/kpi_container_network_transmit_MB', 0.06822296974186548), ('shippingservice2-0/Other/kpi_container_file_descriptors', 0.0670737295187589)]
2025-09-07 22:18:46,094 - INFO - ----------
2025-09-07 22:18:46,803 - INFO - [0/100] | train_loss: 0.17007
2025-09-07 22:18:52,366 - INFO - [10/100] | train_loss: 1.37807
2025-09-07 22:18:58,310 - INFO - [20/100] | train_loss: 1.01171
2025-09-07 22:19:03,611 - INFO - [30/100] | train_loss: 0.78916
2025-09-07 22:19:08,987 - INFO - [40/100] | train_loss: 0.73231
2025-09-07 22:19:14,597 - INFO - [50/100] | train_loss: 0.66997
2025-09-07 22:19:20,066 - INFO - [60/100] | train_loss: 0.67984
2025-09-07 22:19:25,890 - INFO - [70/100] | train_loss: 0.64007
2025-09-07 22:19:31,567 - INFO - [80/100] | train_loss: 0.64647
2025-09-07 22:19:36,717 - INFO - [90/100] | train_loss: 0.65754
2025-09-07 22:19:42,177 - INFO - [0/100] | train_loss: 0.22275
2025-09-07 22:19:47,763 - INFO - [10/100] | train_loss: 1.38217
2025-09-07 22:19:53,282 - INFO - [20/100] | train_loss: 0.99120
2025-09-07 22:19:58,614 - INFO - [30/100] | train_loss: 0.77349
2025-09-07 22:20:04,137 - INFO - [40/100] | train_loss: 0.67936
2025-09-07 22:20:09,722 - INFO - [50/100] | train_loss: 0.65992
2025-09-07 22:20:15,331 - INFO - [60/100] | train_loss: 0.67521
2025-09-07 22:20:21,038 - INFO - [70/100] | train_loss: 0.64323
2025-09-07 22:20:26,188 - INFO - [80/100] | train_loss: 0.64040
2025-09-07 22:20:31,788 - INFO - [90/100] | train_loss: 0.66386
2025-09-07 22:20:37,321 - INFO - [0/100] | train_loss: 0.23866
2025-09-07 22:20:42,724 - INFO - [10/100] | train_loss: 1.39691
2025-09-07 22:20:48,292 - INFO - [20/100] | train_loss: 1.05945
2025-09-07 22:20:53,895 - INFO - [30/100] | train_loss: 0.82031
2025-09-07 22:20:59,334 - INFO - [40/100] | train_loss: 0.72956
2025-09-07 22:21:05,086 - INFO - [50/100] | train_loss: 0.69785
2025-09-07 22:21:10,921 - INFO - [60/100] | train_loss: 0.69166
2025-09-07 22:21:16,065 - INFO - [70/100] | train_loss: 0.68196
2025-09-07 22:21:21,714 - INFO - [80/100] | train_loss: 0.68781
2025-09-07 22:21:26,893 - INFO - [90/100] | train_loss: 0.67666
2025-09-07 22:21:32,490 - INFO - ----------
2025-09-07 22:21:32,490 - INFO - sample 121/241 | d1: frontend; level: service; fault_type: k8s容器网络资源包损坏
2025-09-07 22:21:32,490 - INFO - sample 121/241 | predict d1: [('frontend-0', 3.211054405173467), ('frontend-2', 3.0411219924087547), ('frontend-1', 2.6338714117732884), ('frontend', 2.3753970080536853), ('frontend2-0', 2.374613770222272)]
2025-09-07 22:21:32,490 - INFO - sample 121/241 | predict d2: [('frontend-0; http2.remote_reset', 1.4916589240589424), ('frontend-0/Network/kpi_container_network_transmit_MB', 1.4501449860319156), ('frontend-1/Network/kpi_container_network_transmit_MB', 1.3790067151854508), ('frontend-0; timeout"', 1.3569865406571786), ('frontend/Request/mrt.http', 1.2807285940690853)]
2025-09-07 22:21:32,490 - INFO - ----------
2025-09-07 22:21:33,091 - INFO - [0/100] | train_loss: 0.12780
2025-09-07 22:21:38,695 - INFO - [10/100] | train_loss: 1.28288
2025-09-07 22:21:44,378 - INFO - [20/100] | train_loss: 0.92418
2025-09-07 22:21:50,000 - INFO - [30/100] | train_loss: 0.71760
2025-09-07 22:21:55,465 - INFO - [40/100] | train_loss: 0.66489
2025-09-07 22:22:00,927 - INFO - [50/100] | train_loss: 0.65019
2025-09-07 22:22:06,324 - INFO - [60/100] | train_loss: 0.63949
2025-09-07 22:22:11,872 - INFO - [70/100] | train_loss: 0.64013
2025-09-07 22:22:17,479 - INFO - [80/100] | train_loss: 0.64718
2025-09-07 22:22:22,772 - INFO - [90/100] | train_loss: 0.64829
2025-09-07 22:22:28,310 - INFO - ----------
2025-09-07 22:22:28,311 - INFO - sample 122/241 | d1: productcatalogservice-2; level: pod; fault_type: k8s容器网络资源包重复发送
2025-09-07 22:22:28,311 - INFO - sample 122/241 | predict d1: [('paymentservice', 0.01398130746629933), ('paymentservice2-0', 0.01398130746629933), ('paymentservice-2', 0.013980183272201074), ('paymentservice-0', 0.013974808888077117), ('paymentservice-1', 0.013972445768723585)]
2025-09-07 22:22:28,311 - INFO - sample 122/241 | predict d2: [('paymentservice-2/Network/kpi_container_network_transmit_MB', 0.007286422522020164), ('<duration>; hipstershop.PaymentService/Charge; type: current', 0.007121827406134651), ('<duration>; hipstershop.PaymentService/Charge; type: downstream', 0.007110856881396677), ('<duration>; grpc.hipstershop.PaymentService/Charge; type: upstream', 0.007045276466424166), ('paymentservice-0/Memory/kpi_container_memory_failures', 0.006919743884693075)]
2025-09-07 22:22:28,311 - INFO - ----------
2025-09-07 22:22:28,865 - INFO - [0/100] | train_loss: 0.31233
2025-09-07 22:22:34,097 - INFO - [10/100] | train_loss: 0.85906
2025-09-07 22:22:39,100 - INFO - [20/100] | train_loss: 0.63272
2025-09-07 22:22:43,788 - INFO - [30/100] | train_loss: 0.42431
2025-09-07 22:22:49,130 - INFO - [40/100] | train_loss: 0.29205
2025-09-07 22:22:54,398 - INFO - [50/100] | train_loss: 0.26690
2025-09-07 22:22:59,882 - INFO - [60/100] | train_loss: 0.19658
2025-09-07 22:23:04,692 - INFO - [70/100] | train_loss: 0.17234
2025-09-07 22:23:09,483 - INFO - [80/100] | train_loss: 0.15838
2025-09-07 22:23:14,220 - INFO - [90/100] | train_loss: 0.15244
2025-09-07 22:23:19,363 - INFO - [0/100] | train_loss: 0.14379
2025-09-07 22:23:24,778 - INFO - [10/100] | train_loss: 1.32108
2025-09-07 22:23:30,684 - INFO - [20/100] | train_loss: 1.17209
2025-09-07 22:23:36,010 - INFO - [30/100] | train_loss: 0.71375
2025-09-07 22:23:41,510 - INFO - [40/100] | train_loss: 0.62550
2025-09-07 22:23:47,173 - INFO - [50/100] | train_loss: 0.53455
2025-09-07 22:23:52,623 - INFO - [60/100] | train_loss: 0.52288
2025-09-07 22:23:58,088 - INFO - [70/100] | train_loss: 0.54225
2025-09-07 22:24:03,591 - INFO - [80/100] | train_loss: 0.69825
2025-09-07 22:24:09,030 - INFO - [90/100] | train_loss: 0.55641
2025-09-07 22:24:14,589 - INFO - ----------
2025-09-07 22:24:14,589 - INFO - sample 123/241 | d1: node-5; level: node; fault_type: node节点CPU故障
2025-09-07 22:24:14,589 - INFO - sample 123/241 | predict d1: [('node-5', 1.9912070991643347), ('paymentservice', 0.3789067237728734), ('paymentservice-2', 0.37888874289565955), ('paymentservice2-0', 0.37887722603000107), ('paymentservice-1', 0.37885958656184826)]
2025-09-07 22:24:14,589 - INFO - sample 123/241 | predict d2: [('node-5/CPU/system.load.5', 0.7220801385401536), ('node-5/CPU/system.load.15', 0.7174235424642852), ('node-5/CPU/system.load.1', 0.6741528459470914), ('node-5/CPU/system.cpu.pct_usage', 0.6158718046705829), ('node-5/CPU/system.cpu.user', 0.5554900183110192)]
2025-09-07 22:24:14,589 - INFO - ----------
2025-09-07 22:24:15,221 - INFO - [0/100] | train_loss: 0.35820
2025-09-07 22:24:20,101 - INFO - [10/100] | train_loss: 0.99520
2025-09-07 22:24:24,981 - INFO - [20/100] | train_loss: 0.85461
2025-09-07 22:24:30,419 - INFO - [30/100] | train_loss: 0.59306
2025-09-07 22:24:35,564 - INFO - [40/100] | train_loss: 0.49181
2025-09-07 22:24:40,997 - INFO - [50/100] | train_loss: 0.34154
2025-09-07 22:24:46,012 - INFO - [60/100] | train_loss: 0.29611
2025-09-07 22:24:50,889 - INFO - [70/100] | train_loss: 0.30187
2025-09-07 22:24:56,127 - INFO - [80/100] | train_loss: 0.26165
2025-09-07 22:25:01,226 - INFO - [90/100] | train_loss: 0.33690
2025-09-07 22:25:06,514 - INFO - [0/100] | train_loss: 0.12950
2025-09-07 22:25:12,270 - INFO - [10/100] | train_loss: 1.27759
2025-09-07 22:25:17,021 - INFO - [20/100] | train_loss: 0.92075
2025-09-07 22:25:22,605 - INFO - [30/100] | train_loss: 0.66435
2025-09-07 22:25:28,183 - INFO - [40/100] | train_loss: 0.54644
2025-09-07 22:25:33,914 - INFO - [50/100] | train_loss: 0.47055
2025-09-07 22:25:39,496 - INFO - [60/100] | train_loss: 0.53983
2025-09-07 22:25:44,965 - INFO - [70/100] | train_loss: 0.48967
2025-09-07 22:25:50,164 - INFO - [80/100] | train_loss: 0.44870
2025-09-07 22:25:55,233 - INFO - [90/100] | train_loss: 0.46526
2025-09-07 22:26:00,470 - INFO - ----------
2025-09-07 22:26:00,470 - INFO - sample 124/241 | d1: node-3; level: node; fault_type: node 磁盘写IO消耗
2025-09-07 22:26:00,470 - INFO - sample 124/241 | predict d1: [('node-3', 0.48871278645674465), ('paymentservice', 0.1395693809511549), ('paymentservice-2', 0.1395693809511549), ('checkoutservice', 0.13956100608209265), ('paymentservice-0', 0.13955606834647938)]
2025-09-07 22:26:00,471 - INFO - sample 124/241 | predict d2: [('node-3/Disk/system.io.avg_q_sz', 0.349346142398133), ('node-3/CPU/system.load.5', 0.3353620242181279), ('node-3/Disk/system.io.await', 0.3309419187278593), ('node-3/Disk/system.io.w_await', 0.3307473348488017), ('node-3/Disk/system.io.r_await', 0.3187222793224507)]
2025-09-07 22:26:00,471 - INFO - ----------
2025-09-07 22:26:01,005 - INFO - [0/100] | train_loss: 0.37735
2025-09-07 22:26:06,606 - INFO - [10/100] | train_loss: 1.37239
2025-09-07 22:26:12,411 - INFO - [20/100] | train_loss: 0.97892
2025-09-07 22:26:18,085 - INFO - [30/100] | train_loss: 0.73595
2025-09-07 22:26:23,770 - INFO - [40/100] | train_loss: 0.66232
2025-09-07 22:26:29,372 - INFO - [50/100] | train_loss: 0.63430
2025-09-07 22:26:34,598 - INFO - [60/100] | train_loss: 0.62092
2025-09-07 22:26:40,183 - INFO - [70/100] | train_loss: 0.60492
2025-09-07 22:26:45,842 - INFO - [80/100] | train_loss: 0.61288
2025-09-07 22:26:51,112 - INFO - [90/100] | train_loss: 0.60833
2025-09-07 22:26:56,404 - INFO - ----------
2025-09-07 22:26:56,404 - INFO - sample 125/241 | d1: frontend-1; level: pod; fault_type: k8s容器cpu负载
2025-09-07 22:26:56,405 - INFO - sample 125/241 | predict d1: [('frontend-1', 1.9834668205271555), ('frontend', 0.9848900602351023), ('frontend2-0', 0.9843960457865535), ('currencyservice', 0.984327121843009), ('adservice', 0.9841092198073298)]
2025-09-07 22:26:56,405 - INFO - sample 125/241 | predict d2: [('frontend-1/CPU/kpi_container_cpu_cfs_periods', 0.70587819919119), ('frontend-1/CPU/kpi_container_cpu_user_seconds', 0.6997687879777814), ('frontend-1/Disk/kpi_container_fs_inodes', 0.6890067129760524), ('frontend-1/Network/kpi_container_network_transmit_packets', 0.6834888691848278), ('frontend-1/Memory/kpi_container_memory_rss', 0.6764138680438521)]
2025-09-07 22:26:56,405 - INFO - ----------
2025-09-07 22:26:57,015 - INFO - [0/100] | train_loss: 0.06635
2025-09-07 22:27:01,866 - INFO - [10/100] | train_loss: 0.68916
2025-09-07 22:27:06,882 - INFO - [20/100] | train_loss: 0.44027
2025-09-07 22:27:11,665 - INFO - [30/100] | train_loss: 0.27609
2025-09-07 22:27:16,564 - INFO - [40/100] | train_loss: 0.20071
2025-09-07 22:27:21,379 - INFO - [50/100] | train_loss: 0.16755
2025-09-07 22:27:26,109 - INFO - [60/100] | train_loss: 0.15748
2025-09-07 22:27:30,797 - INFO - [70/100] | train_loss: 0.15115
2025-09-07 22:27:35,481 - INFO - [80/100] | train_loss: 0.13782
2025-09-07 22:27:40,295 - INFO - [90/100] | train_loss: 0.13259
2025-09-07 22:27:45,334 - INFO - [0/100] | train_loss: 0.27741
2025-09-07 22:27:50,733 - INFO - [10/100] | train_loss: 1.36611
2025-09-07 22:27:56,107 - INFO - [20/100] | train_loss: 1.06275
2025-09-07 22:28:01,982 - INFO - [30/100] | train_loss: 0.82674
2025-09-07 22:28:07,334 - INFO - [40/100] | train_loss: 0.76318
2025-09-07 22:28:12,516 - INFO - [50/100] | train_loss: 0.74254
2025-09-07 22:28:18,108 - INFO - [60/100] | train_loss: 0.73376
2025-09-07 22:28:23,607 - INFO - [70/100] | train_loss: 0.72708
2025-09-07 22:28:28,972 - INFO - [80/100] | train_loss: 0.72667
2025-09-07 22:28:34,304 - INFO - [90/100] | train_loss: 0.72676
2025-09-07 22:28:39,920 - INFO - [0/100] | train_loss: 0.32429
2025-09-07 22:28:44,886 - INFO - [10/100] | train_loss: 1.28660
2025-09-07 22:28:50,498 - INFO - [20/100] | train_loss: 0.87519
2025-09-07 22:28:55,901 - INFO - [30/100] | train_loss: 0.59760
2025-09-07 22:29:01,006 - INFO - [40/100] | train_loss: 0.49405
2025-09-07 22:29:06,596 - INFO - [50/100] | train_loss: 0.46048
2025-09-07 22:29:12,081 - INFO - [60/100] | train_loss: 0.44812
2025-09-07 22:29:17,390 - INFO - [70/100] | train_loss: 0.44667
2025-09-07 22:29:22,787 - INFO - [80/100] | train_loss: 0.43822
2025-09-07 22:29:27,901 - INFO - [90/100] | train_loss: 0.43331
2025-09-07 22:29:33,183 - INFO - ----------
2025-09-07 22:29:33,183 - INFO - sample 126/241 | d1: adservice-1; level: pod; fault_type: k8s容器读io负载
2025-09-07 22:29:33,184 - INFO - sample 126/241 | predict d1: [('adservice-1', 2.526673874681162), ('adservice', 2.0782625583137992), ('node-6', 1.9925375404146806), ('adservice-2', 1.5277913409234394), ('adservice2-0', 0.543097952401657)]
2025-09-07 22:29:33,184 - INFO - sample 126/241 | predict d2: [('adservice-1/CPU/kpi_container_cpu_usage_seconds', 1.1167537274432426), ('adservice-1/Disk/kpi_container_fs_usage_MB', 1.0227044474444043), ('adservice-1/Memory/kpi_container_memory_cache', 1.0134093744624728), ('adservice-1/Memory/kpi_container_memory_working_set_MB', 0.9864631642285602), ('adservice-1/Memory/kpi_container_memory_rss', 0.9726606794355028)]
2025-09-07 22:29:33,184 - INFO - ----------
2025-09-07 22:29:33,800 - INFO - [0/100] | train_loss: 0.24921
2025-09-07 22:29:39,472 - INFO - [10/100] | train_loss: 1.34752
2025-09-07 22:29:45,034 - INFO - [20/100] | train_loss: 0.92681
2025-09-07 22:29:50,335 - INFO - [30/100] | train_loss: 0.70289
2025-09-07 22:29:55,529 - INFO - [40/100] | train_loss: 0.61482
2025-09-07 22:30:00,865 - INFO - [50/100] | train_loss: 0.57820
2025-09-07 22:30:06,615 - INFO - [60/100] | train_loss: 0.57417
2025-09-07 22:30:12,195 - INFO - [70/100] | train_loss: 0.54962
2025-09-07 22:30:17,497 - INFO - [80/100] | train_loss: 0.54233
2025-09-07 22:30:23,131 - INFO - [90/100] | train_loss: 0.55044
2025-09-07 22:30:29,001 - INFO - [0/100] | train_loss: 0.16092
2025-09-07 22:30:34,314 - INFO - [10/100] | train_loss: 1.32102
2025-09-07 22:30:39,735 - INFO - [20/100] | train_loss: 1.04177
2025-09-07 22:30:45,493 - INFO - [30/100] | train_loss: 0.73880
2025-09-07 22:30:50,774 - INFO - [40/100] | train_loss: 0.58338
2025-09-07 22:30:56,115 - INFO - [50/100] | train_loss: 0.57252
2025-09-07 22:31:01,295 - INFO - [60/100] | train_loss: 0.57896
2025-09-07 22:31:06,890 - INFO - [70/100] | train_loss: 0.54094
2025-09-07 22:31:12,578 - INFO - [80/100] | train_loss: 0.55578
2025-09-07 22:31:18,066 - INFO - [90/100] | train_loss: 0.50768
2025-09-07 22:31:23,294 - INFO - ----------
2025-09-07 22:31:23,295 - INFO - sample 127/241 | d1: frontend-2; level: pod; fault_type: k8s容器网络资源包损坏
2025-09-07 22:31:23,295 - INFO - sample 127/241 | predict d1: [('frontend-2', 1.9798478300078237), ('paymentservice-1', 1.2308980170363881), ('frontend', 0.9829310508066946), ('currencyservice', 0.9829310508066946), ('cartservice', 0.982649521183987)]
2025-09-07 22:31:23,295 - INFO - sample 127/241 | predict d2: [('frontend-2/Network/kpi_container_network_transmit_packets', 0.799554766826791), ('frontend-2/Network/kpi_container_network_receive_packets', 0.772125984090053), ('frontend-2/Network/kpi_container_network_transmit_MB', 0.7428683582986473), ('frontend-2/Other/kpi_container_sockets', 0.6949368851137727), ('frontend-2/Network/kpi_container_network_receive_MB', 0.6804458654269041)]
2025-09-07 22:31:23,295 - INFO - ----------
2025-09-07 22:31:23,912 - INFO - [0/100] | train_loss: 0.22448
2025-09-07 22:31:29,168 - INFO - [10/100] | train_loss: 1.30339
2025-09-07 22:31:34,821 - INFO - [20/100] | train_loss: 0.91979
2025-09-07 22:31:40,065 - INFO - [30/100] | train_loss: 0.66747
2025-09-07 22:31:45,211 - INFO - [40/100] | train_loss: 0.56042
2025-09-07 22:31:50,286 - INFO - [50/100] | train_loss: 0.52757
2025-09-07 22:31:55,479 - INFO - [60/100] | train_loss: 0.52359
2025-09-07 22:32:00,690 - INFO - [70/100] | train_loss: 0.49904
2025-09-07 22:32:06,327 - INFO - [80/100] | train_loss: 0.51197
2025-09-07 22:32:11,023 - INFO - [90/100] | train_loss: 0.48918
2025-09-07 22:32:16,572 - INFO - ----------
2025-09-07 22:32:16,572 - INFO - sample 128/241 | d1: productcatalogservice-0; level: pod; fault_type: k8s容器网络丢包
2025-09-07 22:32:16,572 - INFO - sample 128/241 | predict d1: [('productcatalogservice', 0.1436514766327024), ('productcatalogservice-0', 0.1436514766327024), ('productcatalogservice-1', 0.1436488480963094), ('checkoutservice', 0.1436437293675441), ('recommendationservice', 0.14364225081582305)]
2025-09-07 22:32:16,572 - INFO - sample 128/241 | predict d2: [('productcatalogservice-0/Network/kpi_container_network_receive_packets', 0.10221846272508994), ('productcatalogservice-0/Network/kpi_container_network_transmit_MB', 0.10016607729923965), ('productcatalogservice-0/Network/kpi_container_network_transmit_packets', 0.09316184922954385), ('productcatalogservice-2/Network/kpi_container_network_transmit_MB', 0.092414705052839), ('productcatalogservice-0/Memory/kpi_container_memory_usage_MB', 0.0908716504321383)]
2025-09-07 22:32:16,572 - INFO - ----------
2025-09-07 22:32:17,181 - INFO - [0/100] | train_loss: 0.14135
2025-09-07 22:32:22,810 - INFO - [10/100] | train_loss: 1.25038
2025-09-07 22:32:28,065 - INFO - [20/100] | train_loss: 0.85530
2025-09-07 22:32:33,393 - INFO - [30/100] | train_loss: 0.61471
2025-09-07 22:32:38,732 - INFO - [40/100] | train_loss: 0.54883
2025-09-07 22:32:44,394 - INFO - [50/100] | train_loss: 0.54452
2025-09-07 22:32:49,765 - INFO - [60/100] | train_loss: 0.52382
2025-09-07 22:32:55,584 - INFO - [70/100] | train_loss: 0.53716
2025-09-07 22:33:01,025 - INFO - [80/100] | train_loss: 0.54774
2025-09-07 22:33:06,663 - INFO - [90/100] | train_loss: 0.52203
2025-09-07 22:33:12,177 - INFO - ----------
2025-09-07 22:33:12,177 - INFO - sample 129/241 | d1: frontend-1; level: pod; fault_type: k8s容器内存负载
2025-09-07 22:33:12,178 - INFO - sample 129/241 | predict d1: [('frontend-1', 1.960627223381593), ('frontend', 0.9735392583699962), ('currencyservice', 0.9727913475002055), ('recommendationservice', 0.9727734028168129), ('productcatalogservice', 0.9727649305728505)]
2025-09-07 22:33:12,178 - INFO - sample 129/241 | predict d2: [('frontend-1/Disk/kpi_container_fs_inodes', 0.7303169608322548), ('frontend-1/CPU/kpi_container_cpu_cfs_periods', 0.7138272088351556), ('frontend-1/CPU/kpi_container_cpu_usage_seconds', 0.7047430217515682), ('frontend-1/CPU/kpi_container_cpu_system_seconds', 0.702731864005969), ('frontend-1/Disk/kpi_container_fs_reads_MB', 0.6965385359994087)]
2025-09-07 22:33:12,178 - INFO - ----------
2025-09-07 22:33:12,839 - INFO - [0/100] | train_loss: 0.11768
2025-09-07 22:33:18,382 - INFO - [10/100] | train_loss: 1.23071
2025-09-07 22:33:23,726 - INFO - [20/100] | train_loss: 0.82647
2025-09-07 22:33:28,702 - INFO - [30/100] | train_loss: 0.54795
2025-09-07 22:33:34,372 - INFO - [40/100] | train_loss: 0.44620
2025-09-07 22:33:40,080 - INFO - [50/100] | train_loss: 0.42378
2025-09-07 22:33:45,712 - INFO - [60/100] | train_loss: 0.39872
2025-09-07 22:33:50,911 - INFO - [70/100] | train_loss: 0.38750
2025-09-07 22:33:57,008 - INFO - [80/100] | train_loss: 0.38873
2025-09-07 22:34:02,822 - INFO - [90/100] | train_loss: 0.38652
2025-09-07 22:34:08,334 - INFO - ----------
2025-09-07 22:34:08,334 - INFO - sample 130/241 | d1: emailservice-2; level: pod; fault_type: k8s容器网络丢包
2025-09-07 22:34:08,334 - INFO - sample 130/241 | predict d1: [('emailservice', 0.02102269948205482), ('emailservice-2', 0.021022244881857333), ('emailservice-0', 0.02102198601230043), ('emailservice-1', 0.021021043979668974), ('checkoutservice', 0.00016114719692776613)]
2025-09-07 22:34:08,334 - INFO - sample 130/241 | predict d2: [('emailservice-2/CPU/kpi_container_cpu_cfs_throttled_periods', 0.013603980362573154), ('emailservice-2/Thread/kpi_container_threads', 0.0119667124957612), ('emailservice/Request/count.http', 0.011136280424452139), ('emailservice-2/Network/kpi_container_network_receive_packets', 0.01108101619377777), ('emailservice-2/Disk/kpi_container_fs_reads_MB', 0.01075269761726183)]
2025-09-07 22:34:08,334 - INFO - ----------
2025-09-07 22:34:09,039 - INFO - [0/100] | train_loss: 0.09106
2025-09-07 22:34:14,506 - INFO - [10/100] | train_loss: 1.26866
2025-09-07 22:34:20,066 - INFO - [20/100] | train_loss: 0.89499
2025-09-07 22:34:26,172 - INFO - [30/100] | train_loss: 0.69383
2025-09-07 22:34:31,963 - INFO - [40/100] | train_loss: 0.64863
2025-09-07 22:34:37,286 - INFO - [50/100] | train_loss: 0.64305
2025-09-07 22:34:42,570 - INFO - [60/100] | train_loss: 0.63567
2025-09-07 22:34:47,872 - INFO - [70/100] | train_loss: 0.64631
2025-09-07 22:34:53,483 - INFO - [80/100] | train_loss: 0.64662
2025-09-07 22:34:59,179 - INFO - [90/100] | train_loss: 0.64979
2025-09-07 22:35:04,810 - INFO - ----------
2025-09-07 22:35:04,811 - INFO - sample 131/241 | d1: emailservice; level: service; fault_type: k8s容器网络资源包重复发送
2025-09-07 22:35:04,811 - INFO - sample 131/241 | predict d1: [('paymentservice', 0.014651444757363796), ('paymentservice-2', 0.014651444757363796), ('paymentservice-0', 0.014650339968597825), ('paymentservice2-0', 0.014638833472441437), ('checkoutservice', 0.014636714539641715)]
2025-09-07 22:35:04,811 - INFO - sample 131/241 | predict d2: [('paymentservice-2/Network/kpi_container_network_transmit_packets', 0.008640824872855668), ('paymentservice-2/Other/kpi_container_file_descriptors', 0.0077333221228804705), ('paymentservice-1/Network/kpi_container_network_transmit_MB', 0.0072468058183493556), ('paymentservice-2/Thread/kpi_container_threads', 0.007114657017179754), ('paymentservice-2/Network/kpi_container_network_transmit_MB', 0.007094748831313669)]
2025-09-07 22:35:04,811 - INFO - ----------
2025-09-07 22:35:05,463 - INFO - [0/100] | train_loss: 0.13696
2025-09-07 22:35:10,281 - INFO - [10/100] | train_loss: 0.70473
2025-09-07 22:35:15,095 - INFO - [20/100] | train_loss: 0.46542
2025-09-07 22:35:19,896 - INFO - [30/100] | train_loss: 0.31106
2025-09-07 22:35:24,682 - INFO - [40/100] | train_loss: 0.23344
2025-09-07 22:35:29,876 - INFO - [50/100] | train_loss: 0.19197
2025-09-07 22:35:34,777 - INFO - [60/100] | train_loss: 0.17519
2025-09-07 22:35:39,681 - INFO - [70/100] | train_loss: 0.17270
2025-09-07 22:35:44,518 - INFO - [80/100] | train_loss: 0.15220
2025-09-07 22:35:49,411 - INFO - [90/100] | train_loss: 0.15127
2025-09-07 22:35:54,176 - INFO - [0/100] | train_loss: 0.34831
2025-09-07 22:35:59,738 - INFO - [10/100] | train_loss: 1.38036
2025-09-07 22:36:05,118 - INFO - [20/100] | train_loss: 1.00742
2025-09-07 22:36:10,031 - INFO - [30/100] | train_loss: 0.81844
2025-09-07 22:36:15,576 - INFO - [40/100] | train_loss: 0.76687
2025-09-07 22:36:20,863 - INFO - [50/100] | train_loss: 0.75106
2025-09-07 22:36:26,265 - INFO - [60/100] | train_loss: 0.73427
2025-09-07 22:36:32,086 - INFO - [70/100] | train_loss: 0.74074
2025-09-07 22:36:37,408 - INFO - [80/100] | train_loss: 0.73723
2025-09-07 22:36:43,394 - INFO - [90/100] | train_loss: 0.74108
2025-09-07 22:36:49,274 - INFO - [0/100] | train_loss: 0.19197
2025-09-07 22:36:54,615 - INFO - [10/100] | train_loss: 1.29220
2025-09-07 22:37:00,122 - INFO - [20/100] | train_loss: 0.83463
2025-09-07 22:37:05,881 - INFO - [30/100] | train_loss: 0.57237
2025-09-07 22:37:10,995 - INFO - [40/100] | train_loss: 0.46319
2025-09-07 22:37:16,603 - INFO - [50/100] | train_loss: 0.43438
2025-09-07 22:37:22,289 - INFO - [60/100] | train_loss: 0.41622
2025-09-07 22:37:27,605 - INFO - [70/100] | train_loss: 0.41154
2025-09-07 22:37:33,315 - INFO - [80/100] | train_loss: 0.40437
2025-09-07 22:37:38,719 - INFO - [90/100] | train_loss: 0.40066
2025-09-07 22:37:44,202 - INFO - [0/100] | train_loss: 0.26401
2025-09-07 22:37:49,517 - INFO - [10/100] | train_loss: 1.24330
2025-09-07 22:37:55,332 - INFO - [20/100] | train_loss: 0.83727
2025-09-07 22:38:00,770 - INFO - [30/100] | train_loss: 0.58930
2025-09-07 22:38:06,224 - INFO - [40/100] | train_loss: 0.46637
2025-09-07 22:38:11,714 - INFO - [50/100] | train_loss: 0.43426
2025-09-07 22:38:16,891 - INFO - [60/100] | train_loss: 0.42124
2025-09-07 22:38:22,700 - INFO - [70/100] | train_loss: 0.41042
2025-09-07 22:38:28,380 - INFO - [80/100] | train_loss: 0.41038
2025-09-07 22:38:33,922 - INFO - [90/100] | train_loss: 0.40062
2025-09-07 22:38:39,465 - INFO - [0/100] | train_loss: 0.34457
2025-09-07 22:38:44,934 - INFO - [10/100] | train_loss: 1.33031
2025-09-07 22:38:50,437 - INFO - [20/100] | train_loss: 0.90877
2025-09-07 22:38:55,832 - INFO - [30/100] | train_loss: 0.63530
2025-09-07 22:39:01,785 - INFO - [40/100] | train_loss: 0.50418
2025-09-07 22:39:07,106 - INFO - [50/100] | train_loss: 0.45335
2025-09-07 22:39:12,709 - INFO - [60/100] | train_loss: 0.43550
2025-09-07 22:39:17,913 - INFO - [70/100] | train_loss: 0.42412
2025-09-07 22:39:23,794 - INFO - [80/100] | train_loss: 0.41291
2025-09-07 22:39:29,274 - INFO - [90/100] | train_loss: 0.41125
2025-09-07 22:39:34,668 - INFO - [0/100] | train_loss: 0.27139
2025-09-07 22:39:40,478 - INFO - [10/100] | train_loss: 1.27335
2025-09-07 22:39:45,889 - INFO - [20/100] | train_loss: 0.87633
2025-09-07 22:39:51,238 - INFO - [30/100] | train_loss: 0.60705
2025-09-07 22:39:56,972 - INFO - [40/100] | train_loss: 0.48689
2025-09-07 22:40:02,091 - INFO - [50/100] | train_loss: 0.44695
2025-09-07 22:40:07,890 - INFO - [60/100] | train_loss: 0.43318
2025-09-07 22:40:13,389 - INFO - [70/100] | train_loss: 0.42330
2025-09-07 22:40:18,089 - INFO - [80/100] | train_loss: 0.41838
2025-09-07 22:40:23,290 - INFO - [90/100] | train_loss: 0.41322
2025-09-07 22:40:28,967 - INFO - ----------
2025-09-07 22:40:28,967 - INFO - sample 132/241 | d1: emailservice; level: service; fault_type: k8s容器写io负载
2025-09-07 22:40:28,967 - INFO - sample 132/241 | predict d1: [('emailservice', 5.942404873480875), ('emailservice2-0', 5.941524852722232), ('emailservice-0', 5.941461216834277), ('emailservice-2', 5.938755726929486), ('emailservice-1', 5.937034457583202)]
2025-09-07 22:40:28,967 - INFO - sample 132/241 | predict d2: [('emailservice-1/CPU/kpi_container_cpu_cfs_throttled_periods', 2.765727115039347), ('emailservice-1/CPU/kpi_container_cpu_usage_seconds', 2.764252174813656), ('emailservice-1/Disk/kpi_container_fs_writes_MB', 2.616599633218769), ('emailservice-1/CPU/kpi_container_cpu_cfs_periods', 2.5749332347268634), ('emailservice-1/Disk/kpi_container_fs_reads', 2.539978729402108)]
2025-09-07 22:40:28,967 - INFO - ----------
2025-09-07 22:40:29,701 - INFO - [0/100] | train_loss: 0.23990
2025-09-07 22:40:34,492 - INFO - [10/100] | train_loss: 0.92783
2025-09-07 22:40:39,140 - INFO - [20/100] | train_loss: 0.66412
2025-09-07 22:40:44,184 - INFO - [30/100] | train_loss: 0.55121
2025-09-07 22:40:49,101 - INFO - [40/100] | train_loss: 0.48204
2025-09-07 22:40:54,309 - INFO - [50/100] | train_loss: 0.38052
2025-09-07 22:40:59,082 - INFO - [60/100] | train_loss: 0.40018
2025-09-07 22:41:03,697 - INFO - [70/100] | train_loss: 0.36421
2025-09-07 22:41:08,403 - INFO - [80/100] | train_loss: 0.37619
2025-09-07 22:41:13,192 - INFO - [90/100] | train_loss: 0.38711
2025-09-07 22:41:18,127 - INFO - [0/100] | train_loss: 0.15363
2025-09-07 22:41:23,812 - INFO - [10/100] | train_loss: 1.31262
2025-09-07 22:41:28,873 - INFO - [20/100] | train_loss: 0.95873
2025-09-07 22:41:33,592 - INFO - [30/100] | train_loss: 0.76534
2025-09-07 22:41:39,196 - INFO - [40/100] | train_loss: 0.71931
2025-09-07 22:41:44,380 - INFO - [50/100] | train_loss: 0.71744
2025-09-07 22:41:50,037 - INFO - [60/100] | train_loss: 0.69405
2025-09-07 22:41:55,114 - INFO - [70/100] | train_loss: 0.69271
2025-09-07 22:42:00,380 - INFO - [80/100] | train_loss: 0.71297
2025-09-07 22:42:06,076 - INFO - [90/100] | train_loss: 0.70345
2025-09-07 22:42:11,724 - INFO - ----------
2025-09-07 22:42:11,724 - INFO - sample 133/241 | d1: node-4; level: node; fault_type: node节点CPU故障
2025-09-07 22:42:11,725 - INFO - sample 133/241 | predict d1: [('node-4', 1.6275210936966786), ('paymentservice', 0.12529126472053953), ('paymentservice-1', 0.12529126472053953), ('paymentservice-2', 0.12527098004910808), ('checkoutservice', 0.12526757750861428)]
2025-09-07 22:42:11,725 - INFO - sample 133/241 | predict d2: [('node-4/CPU/system.load.15', 0.626920593354555), ('node-4/CPU/system.load.1', 0.6242557087789109), ('node-4/CPU/system.cpu.pct_usage', 0.6201365310020819), ('node-4/CPU/system.cpu.user', 0.5902813813834342), ('node-4/CPU/system.load.5', 0.5334694191792764)]
2025-09-07 22:42:11,725 - INFO - ----------
2025-09-07 22:42:12,386 - INFO - [0/100] | train_loss: 0.21722
2025-09-07 22:42:18,004 - INFO - [10/100] | train_loss: 1.32047
2025-09-07 22:42:23,520 - INFO - [20/100] | train_loss: 0.92102
2025-09-07 22:42:28,863 - INFO - [30/100] | train_loss: 0.68881
2025-09-07 22:42:34,508 - INFO - [40/100] | train_loss: 0.59054
2025-09-07 22:42:40,173 - INFO - [50/100] | train_loss: 0.60460
2025-09-07 22:42:45,784 - INFO - [60/100] | train_loss: 0.63285
2025-09-07 22:42:51,438 - INFO - [70/100] | train_loss: 0.56586
2025-09-07 22:42:56,781 - INFO - [80/100] | train_loss: 0.54940
2025-09-07 22:43:02,411 - INFO - [90/100] | train_loss: 0.56584
2025-09-07 22:43:07,371 - INFO - ----------
2025-09-07 22:43:07,371 - INFO - sample 134/241 | d1: cartservice-2; level: pod; fault_type: k8s容器网络资源包损坏
2025-09-07 22:43:07,371 - INFO - sample 134/241 | predict d1: [('cartservice-2', 1.9058995539537769), ('cartservice', 0.9487865859857898), ('frontend', 0.9487767166163152), ('cartservice2-0', 0.9486997013053866), ('cartservice-0', 0.9484805784837)]
2025-09-07 22:43:07,371 - INFO - sample 134/241 | predict d2: [('cartservice-2/Network/kpi_container_network_receive_packets', 0.8494352945816388), ('cartservice-2/Network/kpi_container_network_transmit_packets', 0.8475576042528203), ('cartservice-2/Other/kpi_container_sockets', 0.8261375925419436), ('cartservice-2/CPU/kpi_container_cpu_cfs_periods', 0.7828750688292736), ('cartservice-2/CPU/kpi_container_cpu_system_seconds', 0.7343283820128441)]
2025-09-07 22:43:07,371 - INFO - ----------
2025-09-07 22:43:07,936 - INFO - [0/100] | train_loss: 0.45194
2025-09-07 22:43:13,110 - INFO - [10/100] | train_loss: 0.99723
2025-09-07 22:43:17,873 - INFO - [20/100] | train_loss: 0.76704
2025-09-07 22:43:23,078 - INFO - [30/100] | train_loss: 0.56523
2025-09-07 22:43:27,896 - INFO - [40/100] | train_loss: 0.42591
2025-09-07 22:43:32,684 - INFO - [50/100] | train_loss: 0.34797
2025-09-07 22:43:37,287 - INFO - [60/100] | train_loss: 0.39122
2025-09-07 22:43:41,975 - INFO - [70/100] | train_loss: 0.31935
2025-09-07 22:43:46,681 - INFO - [80/100] | train_loss: 0.31522
2025-09-07 22:43:51,519 - INFO - [90/100] | train_loss: 0.30145
2025-09-07 22:43:56,483 - INFO - [0/100] | train_loss: 0.19619
2025-09-07 22:44:02,068 - INFO - [10/100] | train_loss: 1.24129
2025-09-07 22:44:07,691 - INFO - [20/100] | train_loss: 0.85022
2025-09-07 22:44:13,111 - INFO - [30/100] | train_loss: 0.59114
2025-09-07 22:44:18,706 - INFO - [40/100] | train_loss: 0.49013
2025-09-07 22:44:23,874 - INFO - [50/100] | train_loss: 0.45606
2025-09-07 22:44:28,538 - INFO - [60/100] | train_loss: 0.44402
2025-09-07 22:44:33,897 - INFO - [70/100] | train_loss: 0.44027
2025-09-07 22:44:39,268 - INFO - [80/100] | train_loss: 0.42630
2025-09-07 22:44:44,625 - INFO - [90/100] | train_loss: 0.42902
2025-09-07 22:44:49,970 - INFO - ----------
2025-09-07 22:44:49,970 - INFO - sample 135/241 | d1: node-2; level: node; fault_type: node节点CPU故障
2025-09-07 22:44:49,970 - INFO - sample 135/241 | predict d1: [('node-2', 1.9318487078884417), ('shippingservice', 0.025434598796372887), ('shippingservice-0', 0.025434598796372887), ('shippingservice-2', 0.02543405128880183), ('checkoutservice', 0.02543356801396257)]
2025-09-07 22:44:49,970 - INFO - sample 135/241 | predict d2: [('node-2/CPU/system.load.15', 0.8495703683757583), ('node-2/CPU/system.load.1', 0.8494696564774351), ('node-2/CPU/system.load.5', 0.808484704167963), ('node-2/CPU/system.cpu.user', 0.7206290692389921), ('node-2/CPU/system.cpu.pct_usage', 0.6912782746234356)]
2025-09-07 22:44:49,970 - INFO - ----------
2025-09-07 22:44:50,634 - INFO - [0/100] | train_loss: 0.24228
2025-09-07 22:44:55,989 - INFO - [10/100] | train_loss: 1.28686
2025-09-07 22:45:01,677 - INFO - [20/100] | train_loss: 0.88576
2025-09-07 22:45:06,386 - INFO - [30/100] | train_loss: 0.62488
2025-09-07 22:45:12,097 - INFO - [40/100] | train_loss: 0.60411
2025-09-07 22:45:17,782 - INFO - [50/100] | train_loss: 0.51338
2025-09-07 22:45:23,189 - INFO - [60/100] | train_loss: 0.50794
2025-09-07 22:45:28,500 - INFO - [70/100] | train_loss: 0.50260
2025-09-07 22:45:34,121 - INFO - [80/100] | train_loss: 0.48762
2025-09-07 22:45:39,691 - INFO - [90/100] | train_loss: 0.47570
2025-09-07 22:45:44,883 - INFO - ----------
2025-09-07 22:45:44,884 - INFO - sample 136/241 | d1: currencyservice-2; level: pod; fault_type: k8s容器cpu负载
2025-09-07 22:45:44,884 - INFO - sample 136/241 | predict d1: [('currencyservice-2', 1.9271308958098388), ('currencyservice', 0.9594112320966417), ('currencyservice2-0', 0.9594112320966417), ('currencyservice-1', 0.9593437429620408), ('checkoutservice', 0.9593197468252939)]
2025-09-07 22:45:44,884 - INFO - sample 136/241 | predict d2: [('currencyservice-2/CPU/kpi_container_cpu_cfs_periods', 0.6846154343272062), ('currencyservice-2/Other/kpi_container_file_descriptors', 0.6628175398285272), ('currencyservice-2/Network/kpi_container_network_transmit_packets', 0.631331551216384), ('currencyservice-2/Memory/kpi_container_memory_working_set_MB', 0.6242112744669299), ('currencyservice-2/Thread/kpi_container_threads', 0.6228513972462331)]
2025-09-07 22:45:44,884 - INFO - ----------
2025-09-07 22:45:45,476 - INFO - [0/100] | train_loss: 0.10560
2025-09-07 22:45:50,932 - INFO - [10/100] | train_loss: 1.23882
2025-09-07 22:45:56,201 - INFO - [20/100] | train_loss: 0.87349
2025-09-07 22:46:01,981 - INFO - [30/100] | train_loss: 0.55427
2025-09-07 22:46:07,589 - INFO - [40/100] | train_loss: 0.44468
2025-09-07 22:46:13,089 - INFO - [50/100] | train_loss: 0.41383
2025-09-07 22:46:18,796 - INFO - [60/100] | train_loss: 0.40164
2025-09-07 22:46:24,465 - INFO - [70/100] | train_loss: 0.39319
2025-09-07 22:46:29,614 - INFO - [80/100] | train_loss: 0.38953
2025-09-07 22:46:34,925 - INFO - [90/100] | train_loss: 0.38812
2025-09-07 22:46:39,803 - INFO - ----------
2025-09-07 22:46:39,804 - INFO - sample 137/241 | d1: node-6; level: node; fault_type: node 磁盘读IO消耗
2025-09-07 22:46:39,804 - INFO - sample 137/241 | predict d1: [('recommendationservice', 0.005221231355734018), ('recommendationservice2-0', 0.005221231355734018), ('productcatalogservice', 0.005221010987419922), ('recommendationservice-1', 0.005220728463940311), ('recommendationservice-0', 0.005220726580450447)]
2025-09-07 22:46:39,804 - INFO - sample 137/241 | predict d2: [('recommendationservice-2/Other/kpi_container_file_descriptors', 0.0029317646689081267), ('recommendationservice-2/Network/kpi_container_network_transmit_packets', 0.002311284248623882), ('recommendationservice-2/Thread/kpi_container_threads', 0.0023020791627856863), ('recommendationservice-2/Memory/kpi_container_memory_max_usage_MB', 0.002096272108828179), ('recommendationservice-2/Memory/kpi_container_memory_cache', 0.0020846636899234244)]
2025-09-07 22:46:39,804 - INFO - ----------
2025-09-07 22:46:40,344 - INFO - [0/100] | train_loss: 0.29489
2025-09-07 22:46:45,775 - INFO - [10/100] | train_loss: 1.52753
2025-09-07 22:46:50,499 - INFO - [20/100] | train_loss: 1.16007
2025-09-07 22:46:56,086 - INFO - [30/100] | train_loss: 0.98606
2025-09-07 22:47:01,234 - INFO - [40/100] | train_loss: 0.95130
2025-09-07 22:47:06,414 - INFO - [50/100] | train_loss: 0.92299
2025-09-07 22:47:12,067 - INFO - [60/100] | train_loss: 0.92968
2025-09-07 22:47:17,724 - INFO - [70/100] | train_loss: 0.91702
2025-09-07 22:47:22,901 - INFO - [80/100] | train_loss: 0.93893
2025-09-07 22:47:28,132 - INFO - [90/100] | train_loss: 0.92351
2025-09-07 22:47:33,528 - INFO - [0/100] | train_loss: 0.22780
2025-09-07 22:47:39,006 - INFO - [10/100] | train_loss: 1.30886
2025-09-07 22:47:44,263 - INFO - [20/100] | train_loss: 0.94548
2025-09-07 22:47:49,671 - INFO - [30/100] | train_loss: 0.66697
2025-09-07 22:47:55,266 - INFO - [40/100] | train_loss: 0.57127
2025-09-07 22:48:00,775 - INFO - [50/100] | train_loss: 0.52924
2025-09-07 22:48:06,622 - INFO - [60/100] | train_loss: 0.53160
2025-09-07 22:48:12,063 - INFO - [70/100] | train_loss: 0.51784
2025-09-07 22:48:17,614 - INFO - [80/100] | train_loss: 0.51225
2025-09-07 22:48:22,943 - INFO - [90/100] | train_loss: 0.50901
2025-09-07 22:48:28,375 - INFO - [0/100] | train_loss: 0.31797
2025-09-07 22:48:33,636 - INFO - [10/100] | train_loss: 1.51025
2025-09-07 22:48:38,763 - INFO - [20/100] | train_loss: 1.08700
2025-09-07 22:48:44,287 - INFO - [30/100] | train_loss: 0.83886
2025-09-07 22:48:49,130 - INFO - [40/100] | train_loss: 0.83117
2025-09-07 22:48:54,368 - INFO - [50/100] | train_loss: 0.67203
2025-09-07 22:48:59,918 - INFO - [60/100] | train_loss: 0.69898
2025-09-07 22:49:05,291 - INFO - [70/100] | train_loss: 0.63629
2025-09-07 22:49:11,479 - INFO - [80/100] | train_loss: 0.63697
2025-09-07 22:49:17,019 - INFO - [90/100] | train_loss: 0.60385
2025-09-07 22:49:22,672 - INFO - [0/100] | train_loss: 0.23591
2025-09-07 22:49:28,165 - INFO - [10/100] | train_loss: 1.46951
2025-09-07 22:49:33,725 - INFO - [20/100] | train_loss: 0.95353
2025-09-07 22:49:39,121 - INFO - [30/100] | train_loss: 0.70812
2025-09-07 22:49:44,308 - INFO - [40/100] | train_loss: 0.59966
2025-09-07 22:49:49,525 - INFO - [50/100] | train_loss: 0.56883
2025-09-07 22:49:55,038 - INFO - [60/100] | train_loss: 0.56381
2025-09-07 22:50:00,235 - INFO - [70/100] | train_loss: 0.53981
2025-09-07 22:50:05,873 - INFO - [80/100] | train_loss: 0.56274
2025-09-07 22:50:11,112 - INFO - [90/100] | train_loss: 0.55285
2025-09-07 22:50:16,625 - INFO - ----------
2025-09-07 22:50:16,625 - INFO - sample 138/241 | d1: productcatalogservice; level: service; fault_type: k8s容器网络资源包损坏
2025-09-07 22:50:16,625 - INFO - sample 138/241 | predict d1: [('productcatalogservice-0', 4.709153818489867), ('productcatalogservice-2', 4.694594631415665), ('productcatalogservice', 4.663957132213742), ('productcatalogservice-1', 4.584740755121953), ('productcatalogservice2-0', 3.7126241653251952)]
2025-09-07 22:50:16,626 - INFO - sample 138/241 | predict d2: [('productcatalogservice-0/Other/kpi_container_file_descriptors', 2.5498689051713512), ('productcatalogservice-2/Other/kpi_container_file_descriptors', 2.5042282389683734), ('productcatalogservice-2/CPU/kpi_container_cpu_usage_seconds', 2.491386816023006), ('productcatalogservice/Request/mrt.grpc', 2.449578043890291), ('productcatalogservice-2/Network/kpi_container_network_receive_MB', 2.437890736022453)]
2025-09-07 22:50:16,626 - INFO - ----------
2025-09-07 22:50:17,224 - INFO - [0/100] | train_loss: 0.32435
2025-09-07 22:50:22,327 - INFO - [10/100] | train_loss: 1.30421
2025-09-07 22:50:27,773 - INFO - [20/100] | train_loss: 0.88755
2025-09-07 22:50:33,336 - INFO - [30/100] | train_loss: 0.62855
2025-09-07 22:50:39,021 - INFO - [40/100] | train_loss: 0.53094
2025-09-07 22:50:44,906 - INFO - [50/100] | train_loss: 0.51733
2025-09-07 22:50:50,471 - INFO - [60/100] | train_loss: 0.48409
2025-09-07 22:50:55,585 - INFO - [70/100] | train_loss: 0.63720
2025-09-07 22:51:01,229 - INFO - [80/100] | train_loss: 0.49350
2025-09-07 22:51:06,876 - INFO - [90/100] | train_loss: 0.46892
2025-09-07 22:51:12,394 - INFO - ----------
2025-09-07 22:51:12,394 - INFO - sample 139/241 | d1: recommendationservice-0; level: pod; fault_type: k8s容器内存负载
2025-09-07 22:51:12,394 - INFO - sample 139/241 | predict d1: [('recommendationservice-0', 1.9568388591071368), ('recommendationservice', 0.9746111412789418), ('frontend', 0.9745967248238827), ('recommendationservice-1', 0.9745863520086573), ('recommendationservice-2', 0.9745678333102887)]
2025-09-07 22:51:12,394 - INFO - sample 139/241 | predict d2: [('recommendationservice-0/Network/kpi_container_network_transmit_packets', 0.69470552790591), ('recommendationservice-0/Memory/kpi_container_memory_failures', 0.6940476452860196), ('recommendationservice-0/Memory/kpi_container_memory_rss', 0.6815737782444273), ('recommendationservice-0/Network/kpi_container_network_receive_packets', 0.6814510039625219), ('recommendationservice-0/Disk/kpi_container_fs_usage_MB', 0.6776292954919256)]
2025-09-07 22:51:12,394 - INFO - ----------
2025-09-07 22:51:13,028 - INFO - [0/100] | train_loss: 0.24003
2025-09-07 22:51:18,763 - INFO - [10/100] | train_loss: 1.36414
2025-09-07 22:51:24,177 - INFO - [20/100] | train_loss: 1.03751
2025-09-07 22:51:29,565 - INFO - [30/100] | train_loss: 0.75776
2025-09-07 22:51:34,779 - INFO - [40/100] | train_loss: 0.64060
2025-09-07 22:51:40,277 - INFO - [50/100] | train_loss: 0.60458
2025-09-07 22:51:45,982 - INFO - [60/100] | train_loss: 0.59669
2025-09-07 22:51:51,663 - INFO - [70/100] | train_loss: 0.58936
2025-09-07 22:51:57,285 - INFO - [80/100] | train_loss: 0.60673
2025-09-07 22:52:02,884 - INFO - [90/100] | train_loss: 0.58092
2025-09-07 22:52:08,701 - INFO - [0/100] | train_loss: 0.26928
2025-09-07 22:52:14,733 - INFO - [10/100] | train_loss: 1.37507
2025-09-07 22:52:20,441 - INFO - [20/100] | train_loss: 0.98362
2025-09-07 22:52:25,704 - INFO - [30/100] | train_loss: 0.77225
2025-09-07 22:52:31,333 - INFO - [40/100] | train_loss: 0.67395
2025-09-07 22:52:36,582 - INFO - [50/100] | train_loss: 0.63988
2025-09-07 22:52:41,995 - INFO - [60/100] | train_loss: 0.61706
2025-09-07 22:52:47,465 - INFO - [70/100] | train_loss: 0.60412
2025-09-07 22:52:52,696 - INFO - [80/100] | train_loss: 0.58601
2025-09-07 22:52:58,385 - INFO - [90/100] | train_loss: 0.61287
2025-09-07 22:53:04,139 - INFO - [0/100] | train_loss: 0.27401
2025-09-07 22:53:09,719 - INFO - [10/100] | train_loss: 1.37719
2025-09-07 22:53:15,190 - INFO - [20/100] | train_loss: 1.03797
2025-09-07 22:53:20,875 - INFO - [30/100] | train_loss: 0.77812
2025-09-07 22:53:26,471 - INFO - [40/100] | train_loss: 0.81657
2025-09-07 22:53:31,912 - INFO - [50/100] | train_loss: 0.64475
2025-09-07 22:53:37,516 - INFO - [60/100] | train_loss: 0.60800
2025-09-07 22:53:43,036 - INFO - [70/100] | train_loss: 0.59754
2025-09-07 22:53:49,180 - INFO - [80/100] | train_loss: 0.60998
2025-09-07 22:53:54,716 - INFO - [90/100] | train_loss: 0.57863
2025-09-07 22:53:59,472 - INFO - ----------
2025-09-07 22:53:59,472 - INFO - sample 140/241 | d1: cartservice; level: service; fault_type: k8s容器网络资源包损坏
2025-09-07 22:53:59,472 - INFO - sample 140/241 | predict d1: [('cartservice-1', 2.9444289082372848), ('cartservice-2', 2.7861441833455878), ('cartservice-0', 2.7673033184894855), ('cartservice', 2.1203409356983727), ('cartservice2-0', 2.1202823041657837)]
2025-09-07 22:53:59,472 - INFO - sample 140/241 | predict d2: [('<intensity>; hipstershop.CartService/GetCart; type: upstream', 1.6183940701905009), ('cartservice-0/Other/kpi_container_file_descriptors', 1.5762900375148234), ('cartservice/Request/count.grpc', 1.5068602100965478), ('cartservice/Request/mrt.grpc', 1.4991174494434176), ('<intensity>; /hipstershop.CartService/EmptyCart; type: upstream', 1.3583943620631835)]
2025-09-07 22:53:59,472 - INFO - ----------
2025-09-07 22:54:00,066 - INFO - [0/100] | train_loss: 0.19264
2025-09-07 22:54:05,284 - INFO - [10/100] | train_loss: 1.49034
2025-09-07 22:54:10,990 - INFO - [20/100] | train_loss: 1.01075
2025-09-07 22:54:16,220 - INFO - [30/100] | train_loss: 0.77599
2025-09-07 22:54:21,775 - INFO - [40/100] | train_loss: 0.69088
2025-09-07 22:54:26,983 - INFO - [50/100] | train_loss: 0.68502
2025-09-07 22:54:32,099 - INFO - [60/100] | train_loss: 0.63175
2025-09-07 22:54:37,323 - INFO - [70/100] | train_loss: 0.62271
2025-09-07 22:54:42,990 - INFO - [80/100] | train_loss: 0.65140
2025-09-07 22:54:48,679 - INFO - [90/100] | train_loss: 0.62893
2025-09-07 22:54:53,992 - INFO - ----------
2025-09-07 22:54:53,992 - INFO - sample 141/241 | d1: checkoutservice2-0; level: pod; fault_type: k8s容器网络丢包
2025-09-07 22:54:53,992 - INFO - sample 141/241 | predict d1: [('checkoutservice2-0', 1.7768133699752724), ('checkoutservice', 0.8824672520019448), ('currencyservice', 0.882127738555532), ('shippingservice', 0.8813788792534112), ('checkoutservice-1', 0.012624656778801313)]
2025-09-07 22:54:53,992 - INFO - sample 141/241 | predict d2: [('checkoutservice/Request/mrt.grpc', 0.7032159331833512), ('checkoutservice2-0/Network/kpi_container_network_transmit_packets', 0.7022622143782371), ('checkoutservice2-0/Network/kpi_container_network_receive_packets', 0.6994539386881016), ('checkoutservice2-0/CPU/kpi_container_cpu_cfs_periods', 0.6992069665108005), ('checkoutservice2-0/Other/kpi_container_sockets', 0.6598295370529215)]
2025-09-07 22:54:53,992 - INFO - ----------
2025-09-07 22:54:54,594 - INFO - [0/100] | train_loss: 0.21071
2025-09-07 22:55:00,338 - INFO - [10/100] | train_loss: 1.44631
2025-09-07 22:55:05,091 - INFO - [20/100] | train_loss: 0.98874
2025-09-07 22:55:10,278 - INFO - [30/100] | train_loss: 0.82025
2025-09-07 22:55:15,597 - INFO - [40/100] | train_loss: 0.67254
2025-09-07 22:55:21,724 - INFO - [50/100] | train_loss: 0.66958
2025-09-07 22:55:27,169 - INFO - [60/100] | train_loss: 0.61503
2025-09-07 22:55:32,585 - INFO - [70/100] | train_loss: 0.61653
2025-09-07 22:55:38,201 - INFO - [80/100] | train_loss: 0.58865
2025-09-07 22:55:43,516 - INFO - [90/100] | train_loss: 0.62614
2025-09-07 22:55:49,073 - INFO - ----------
2025-09-07 22:55:49,073 - INFO - sample 142/241 | d1: shippingservice; level: service; fault_type: k8s容器网络延迟
2025-09-07 22:55:49,073 - INFO - sample 142/241 | predict d1: [('shippingservice', 0.30226865516654655), ('shippingservice-0', 0.30226865516654655), ('checkoutservice', 0.30223247201444536), ('shippingservice-1', 0.3022122268956906), ('shippingservice-2', 0.30220372176501087)]
2025-09-07 22:55:49,073 - INFO - sample 142/241 | predict d2: [('shippingservice-0/CPU/kpi_container_cpu_cfs_periods', 0.26816978710922257), ('shippingservice-0/Thread/kpi_container_threads', 0.26212442018483273), ('shippingservice-0/Network/kpi_container_network_transmit_packets', 0.2586952896122696), ('shippingservice-0/CPU/kpi_container_cpu_usage_seconds', 0.23885723586198893), ('shippingservice2-0/Memory/kpi_container_memory_mapped_file', 0.2331359543978806)]
2025-09-07 22:55:49,073 - INFO - ----------
2025-09-07 22:55:49,765 - INFO - [0/100] | train_loss: 0.37296
2025-09-07 22:55:54,885 - INFO - [10/100] | train_loss: 1.34534
2025-09-07 22:56:00,108 - INFO - [20/100] | train_loss: 0.96721
2025-09-07 22:56:05,589 - INFO - [30/100] | train_loss: 0.70479
2025-09-07 22:56:10,964 - INFO - [40/100] | train_loss: 0.58870
2025-09-07 22:56:16,623 - INFO - [50/100] | train_loss: 0.55490
2025-09-07 22:56:21,889 - INFO - [60/100] | train_loss: 0.57686
2025-09-07 22:56:27,377 - INFO - [70/100] | train_loss: 0.54040
2025-09-07 22:56:32,713 - INFO - [80/100] | train_loss: 0.52424
2025-09-07 22:56:38,500 - INFO - [90/100] | train_loss: 0.51689
2025-09-07 22:56:43,611 - INFO - ----------
2025-09-07 22:56:43,611 - INFO - sample 143/241 | d1: paymentservice-2; level: pod; fault_type: k8s容器进程中止
2025-09-07 22:56:43,612 - INFO - sample 143/241 | predict d1: [('paymentservice-2', 1.9310944678226782), ('paymentservice', 0.9625719396672139), ('paymentservice2-0', 0.9625719396672139), ('checkoutservice', 0.9625288064723847), ('paymentservice-0', 0.962523082362079)]
2025-09-07 22:56:43,612 - INFO - sample 143/241 | predict d2: [('paymentservice-2/CPU/kpi_container_cpu_system_seconds', 0.7812338019406617), ('paymentservice-2/Other/kpi_container_file_descriptors', 0.7642370682254196), ('paymentservice-2/Thread/kpi_container_threads', 0.7577507261402694), ('paymentservice-2/Network/kpi_container_network_receive_packets', 0.7156434768996256), ('paymentservice-2/Network/kpi_container_network_transmit_MB', 0.7087574300211053)]
2025-09-07 22:56:43,612 - INFO - ----------
2025-09-07 22:56:44,310 - INFO - [0/100] | train_loss: 0.24330
2025-09-07 22:56:49,819 - INFO - [10/100] | train_loss: 1.29477
2025-09-07 22:56:55,498 - INFO - [20/100] | train_loss: 0.90910
2025-09-07 22:57:00,764 - INFO - [30/100] | train_loss: 0.65500
2025-09-07 22:57:06,185 - INFO - [40/100] | train_loss: 0.54656
2025-09-07 22:57:11,407 - INFO - [50/100] | train_loss: 0.52068
2025-09-07 22:57:16,846 - INFO - [60/100] | train_loss: 0.53646
2025-09-07 22:57:22,145 - INFO - [70/100] | train_loss: 0.50979
2025-09-07 22:57:27,798 - INFO - [80/100] | train_loss: 0.48135
2025-09-07 22:57:33,475 - INFO - [90/100] | train_loss: 0.47674
2025-09-07 22:57:38,646 - INFO - ----------
2025-09-07 22:57:38,646 - INFO - sample 144/241 | d1: adservice; level: service; fault_type: k8s容器进程中止
2025-09-07 22:57:38,646 - INFO - sample 144/241 | predict d1: [('adservice-0', 1.221081368790351), ('adservice', 0.6082287964241928), ('adservice2-0', 0.6082287964241928), ('adservice-1', 0.6081640556693557), ('adservice-2', 0.607933042242248)]
2025-09-07 22:57:38,646 - INFO - sample 144/241 | predict d2: [('adservice-2/Other/kpi_container_file_descriptors', 0.48506345617141733), ('adservice-0/Other/kpi_container_file_descriptors', 0.47894636822467973), ('adservice-2/Thread/kpi_container_threads', 0.46545804115101674), ('adservice-0/Thread/kpi_container_threads', 0.4462765100118915), ('adservice-0/Memory/kpi_container_memory_failures', 0.41790080522970285)]
2025-09-07 22:57:38,646 - INFO - ----------
2025-09-07 22:57:39,296 - INFO - [0/100] | train_loss: 0.42505
2025-09-07 22:57:44,880 - INFO - [10/100] | train_loss: 1.38176
2025-09-07 22:57:50,409 - INFO - [20/100] | train_loss: 0.96911
2025-09-07 22:57:56,088 - INFO - [30/100] | train_loss: 0.70977
2025-09-07 22:58:01,737 - INFO - [40/100] | train_loss: 0.61182
2025-09-07 22:58:06,883 - INFO - [50/100] | train_loss: 0.56874
2025-09-07 22:58:12,613 - INFO - [60/100] | train_loss: 0.54702
2025-09-07 22:58:17,821 - INFO - [70/100] | train_loss: 0.54781
2025-09-07 22:58:23,482 - INFO - [80/100] | train_loss: 0.53736
2025-09-07 22:58:28,918 - INFO - [90/100] | train_loss: 0.54576
2025-09-07 22:58:34,466 - INFO - ----------
2025-09-07 22:58:34,466 - INFO - sample 145/241 | d1: shippingservice2-0; level: pod; fault_type: k8s容器内存负载
2025-09-07 22:58:34,466 - INFO - sample 145/241 | predict d1: [('shippingservice2-0', 1.976717393032697), ('shippingservice', 0.984706964741882), ('shippingservice-1', 0.984706964741882), ('checkoutservice', 0.984671321049845), ('shippingservice-2', 0.984671321049845)]
2025-09-07 22:58:34,466 - INFO - sample 145/241 | predict d2: [('shippingservice2-0/Network/kpi_container_network_receive_MB', 0.7725975111438572), ('shippingservice2-0/Disk/kpi_container_fs_reads_MB', 0.7302496077291849), ('shippingservice2-0/CPU/kpi_container_cpu_system_seconds', 0.72456355071742), ('shippingservice2-0/CPU/kpi_container_cpu_cfs_throttled_periods', 0.7009483021495022), ('shippingservice2-0/CPU/kpi_container_cpu_usage_seconds', 0.6949882268541039)]
2025-09-07 22:58:34,466 - INFO - ----------
2025-09-07 22:58:35,036 - INFO - [0/100] | train_loss: 0.15657
2025-09-07 22:58:40,172 - INFO - [10/100] | train_loss: 0.82560
2025-09-07 22:58:45,067 - INFO - [20/100] | train_loss: 0.57152
2025-09-07 22:58:49,966 - INFO - [30/100] | train_loss: 0.40198
2025-09-07 22:58:54,978 - INFO - [40/100] | train_loss: 0.32856
2025-09-07 22:59:00,270 - INFO - [50/100] | train_loss: 0.28101
2025-09-07 22:59:05,210 - INFO - [60/100] | train_loss: 0.28227
2025-09-07 22:59:10,001 - INFO - [70/100] | train_loss: 0.27885
2025-09-07 22:59:14,999 - INFO - [80/100] | train_loss: 0.36264
2025-09-07 22:59:19,811 - INFO - [90/100] | train_loss: 0.32382
2025-09-07 22:59:24,613 - INFO - [0/100] | train_loss: 0.15137
2025-09-07 22:59:30,311 - INFO - [10/100] | train_loss: 1.27282
2025-09-07 22:59:35,801 - INFO - [20/100] | train_loss: 0.90008
2025-09-07 22:59:41,465 - INFO - [30/100] | train_loss: 0.65352
2025-09-07 22:59:46,963 - INFO - [40/100] | train_loss: 0.56107
2025-09-07 22:59:52,371 - INFO - [50/100] | train_loss: 0.53457
2025-09-07 22:59:57,634 - INFO - [60/100] | train_loss: 0.51041
2025-09-07 23:00:03,129 - INFO - [70/100] | train_loss: 0.50680
2025-09-07 23:00:08,389 - INFO - [80/100] | train_loss: 0.49917
2025-09-07 23:00:13,872 - INFO - [90/100] | train_loss: 0.50393
2025-09-07 23:00:19,270 - INFO - ----------
2025-09-07 23:00:19,270 - INFO - sample 146/241 | d1: node-2; level: node; fault_type: node 内存消耗
2025-09-07 23:00:19,270 - INFO - sample 146/241 | predict d1: [('node-2', 1.3748964166821622), ('frontend', 0.01878167357506677), ('frontend2-0', 0.01878167357506677), ('frontend-2', 0.01878042852648809), ('frontend-1', 0.018771629199568762)]
2025-09-07 23:00:19,270 - INFO - sample 146/241 | predict d2: [('node-2/Memory/system.mem.real.pct_useage', 0.5427259210873387), ('node-2/Memory/system.mem.usable', 0.5087158999042458), ('node-2/Memory/system.mem.used', 0.47134536105915004), ('node-2/CPU/system.cpu.system', 0.4454300150596566), ('node-2/Disk/system.io.w_s', 0.44481312469250156)]
2025-09-07 23:00:19,270 - INFO - ----------
2025-09-07 23:00:19,874 - INFO - [0/100] | train_loss: 0.32596
2025-09-07 23:00:25,086 - INFO - [10/100] | train_loss: 0.85798
2025-09-07 23:00:29,881 - INFO - [20/100] | train_loss: 0.61420
2025-09-07 23:00:34,884 - INFO - [30/100] | train_loss: 0.45866
2025-09-07 23:00:40,069 - INFO - [40/100] | train_loss: 0.37933
2025-09-07 23:00:45,218 - INFO - [50/100] | train_loss: 0.30568
2025-09-07 23:00:50,165 - INFO - [60/100] | train_loss: 0.29990
2025-09-07 23:00:54,975 - INFO - [70/100] | train_loss: 0.26040
2025-09-07 23:00:59,677 - INFO - [80/100] | train_loss: 0.27872
2025-09-07 23:01:04,716 - INFO - [90/100] | train_loss: 0.26746
2025-09-07 23:01:09,863 - INFO - [0/100] | train_loss: 0.12297
2025-09-07 23:01:15,004 - INFO - [10/100] | train_loss: 1.21919
2025-09-07 23:01:20,187 - INFO - [20/100] | train_loss: 0.84019
2025-09-07 23:01:25,764 - INFO - [30/100] | train_loss: 0.59279
2025-09-07 23:01:30,991 - INFO - [40/100] | train_loss: 0.50188
2025-09-07 23:01:36,504 - INFO - [50/100] | train_loss: 0.48349
2025-09-07 23:01:41,835 - INFO - [60/100] | train_loss: 0.46555
2025-09-07 23:01:47,041 - INFO - [70/100] | train_loss: 0.44838
2025-09-07 23:01:51,785 - INFO - [80/100] | train_loss: 0.44216
2025-09-07 23:01:57,000 - INFO - [90/100] | train_loss: 0.45878
2025-09-07 23:02:02,003 - INFO - ----------
2025-09-07 23:02:02,004 - INFO - sample 147/241 | d1: node-2; level: node; fault_type: node 磁盘空间消耗
2025-09-07 23:02:02,004 - INFO - sample 147/241 | predict d1: [('node-2', 1.7532198686983982), ('cartservice', 0.001459843531771976), ('cartservice-0', 0.001459843531771976), ('cartservice-1', 0.001459372233221179), ('cartservice-2', 0.00145931686375822)]
2025-09-07 23:02:02,004 - INFO - sample 147/241 | predict d2: [('node-2/CPU/system.cpu.iowait', 0.7058560772822595), ('node-2/Disk/system.io.avg_q_sz', 0.6704796504202655), ('node-2/CPU/system.cpu.pct_usage', 0.665872150751813), ('node-2/CPU/system.load.5', 0.6374852103958695), ('node-2/Memory/system.mem.used', 0.6342343424605836)]
2025-09-07 23:02:02,004 - INFO - ----------
2025-09-07 23:02:02,626 - INFO - [0/100] | train_loss: 0.17915
2025-09-07 23:02:08,109 - INFO - [10/100] | train_loss: 1.30138
2025-09-07 23:02:13,666 - INFO - [20/100] | train_loss: 0.90526
2025-09-07 23:02:18,976 - INFO - [30/100] | train_loss: 0.64654
2025-09-07 23:02:24,571 - INFO - [40/100] | train_loss: 0.59315
2025-09-07 23:02:29,834 - INFO - [50/100] | train_loss: 0.53376
2025-09-07 23:02:35,524 - INFO - [60/100] | train_loss: 0.49298
2025-09-07 23:02:41,094 - INFO - [70/100] | train_loss: 0.56282
2025-09-07 23:02:46,095 - INFO - [80/100] | train_loss: 0.54460
2025-09-07 23:02:51,933 - INFO - [90/100] | train_loss: 0.47489
2025-09-07 23:02:57,118 - INFO - ----------
2025-09-07 23:02:57,118 - INFO - sample 148/241 | d1: adservice2-0; level: pod; fault_type: k8s容器网络资源包损坏
2025-09-07 23:02:57,119 - INFO - sample 148/241 | predict d1: [('shippingservice', 0.14744053744212593), ('frontend', 0.14744053744212593), ('checkoutservice', 0.1474328688066171), ('shippingservice-0', 0.1474270175933965), ('shippingservice2-0', 0.14742543067344727)]
2025-09-07 23:02:57,119 - INFO - sample 148/241 | predict d2: [('shippingservice-1/Memory/kpi_container_memory_mapped_file', 0.11750537598650723), ('shippingservice-1/CPU/kpi_container_cpu_system_seconds', 0.11621108762210852), ('shippingservice-1/Network/kpi_container_network_receive_packets', 0.11090841677545704), ('shippingservice-1/Other/kpi_container_file_descriptors', 0.1001061374299077), ('shippingservice-1/Memory/kpi_container_memory_working_set_MB', 0.0965163737916912)]
2025-09-07 23:02:57,119 - INFO - ----------
2025-09-07 23:02:57,734 - INFO - [0/100] | train_loss: 0.12404
2025-09-07 23:03:02,975 - INFO - [10/100] | train_loss: 1.25196
2025-09-07 23:03:08,590 - INFO - [20/100] | train_loss: 0.84827
2025-09-07 23:03:14,182 - INFO - [30/100] | train_loss: 0.55861
2025-09-07 23:03:19,522 - INFO - [40/100] | train_loss: 0.45890
2025-09-07 23:03:25,191 - INFO - [50/100] | train_loss: 0.41847
2025-09-07 23:03:30,694 - INFO - [60/100] | train_loss: 0.40153
2025-09-07 23:03:35,612 - INFO - [70/100] | train_loss: 0.39795
2025-09-07 23:03:41,065 - INFO - [80/100] | train_loss: 0.39660
2025-09-07 23:03:46,482 - INFO - [90/100] | train_loss: 0.39384
2025-09-07 23:03:52,097 - INFO - ----------
2025-09-07 23:03:52,097 - INFO - sample 149/241 | d1: paymentservice-1; level: pod; fault_type: k8s容器网络丢包
2025-09-07 23:03:52,097 - INFO - sample 149/241 | predict d1: [('emailservice', 0.025437898778975176), ('emailservice2-0', 0.025437898778975176), ('checkoutservice', 0.025436425854878708), ('emailservice-2', 0.02543617221857164), ('emailservice-1', 0.025436063735572834)]
2025-09-07 23:03:52,097 - INFO - sample 149/241 | predict d2: [('emailservice-2/Network/kpi_container_network_receive_packets', 0.017904351932337192), ('emailservice-2/Network/kpi_container_network_transmit_MB', 0.017633857978426315), ('emailservice-2/Other/kpi_container_sockets', 0.016109219578048117), ('emailservice-2/Network/kpi_container_network_transmit_packets', 0.014432034218264), ('<duration>; cmdb_id: emailservice-2; type: upstream', 0.01320205703365751)]
2025-09-07 23:03:52,097 - INFO - ----------
2025-09-07 23:03:52,696 - INFO - [0/100] | train_loss: 0.11682
2025-09-07 23:03:58,507 - INFO - [10/100] | train_loss: 1.26031
2025-09-07 23:04:03,943 - INFO - [20/100] | train_loss: 0.90626
2025-09-07 23:04:09,185 - INFO - [30/100] | train_loss: 0.71185
2025-09-07 23:04:14,885 - INFO - [40/100] | train_loss: 0.50526
2025-09-07 23:04:20,478 - INFO - [50/100] | train_loss: 0.46920
2025-09-07 23:04:25,696 - INFO - [60/100] | train_loss: 0.45893
2025-09-07 23:04:31,335 - INFO - [70/100] | train_loss: 0.48025
2025-09-07 23:04:36,578 - INFO - [80/100] | train_loss: 0.53321
2025-09-07 23:04:41,811 - INFO - [90/100] | train_loss: 0.47327
2025-09-07 23:04:47,268 - INFO - ----------
2025-09-07 23:04:47,268 - INFO - sample 150/241 | d1: productcatalogservice; level: service; fault_type: k8s容器网络资源包重复发送
2025-09-07 23:04:47,268 - INFO - sample 150/241 | predict d1: [('recommendationservice', 0.1698950989057595), ('frontend', 0.1698950989057595), ('recommendationservice-0', 0.16988317712444534), ('recommendationservice-2', 0.16988148130979397), ('recommendationservice-1', 0.16986909981968878)]
2025-09-07 23:04:47,268 - INFO - sample 150/241 | predict d2: [('recommendationservice2-0/Other/kpi_container_file_descriptors', 0.1406321110659654), ('recommendationservice2-0/Other/kpi_container_sockets', 0.12552941052738298), ('recommendationservice2-0/Network/kpi_container_network_receive_packets', 0.12147761896921594), ('recommendationservice2-0/CPU/kpi_container_cpu_cfs_periods', 0.1208820304753031), ('recommendationservice2-0/Network/kpi_container_network_receive_MB', 0.11898066469983526)]
2025-09-07 23:04:47,268 - INFO - ----------
2025-09-07 23:04:47,878 - INFO - [0/100] | train_loss: 0.42801
2025-09-07 23:04:53,324 - INFO - [10/100] | train_loss: 1.39904
2025-09-07 23:04:58,790 - INFO - [20/100] | train_loss: 0.98922
2025-09-07 23:05:04,536 - INFO - [30/100] | train_loss: 0.73180
2025-09-07 23:05:10,470 - INFO - [40/100] | train_loss: 0.64361
2025-09-07 23:05:15,495 - INFO - [50/100] | train_loss: 0.64526
2025-09-07 23:05:20,965 - INFO - [60/100] | train_loss: 0.67617
2025-09-07 23:05:26,606 - INFO - [70/100] | train_loss: 0.63335
2025-09-07 23:05:32,039 - INFO - [80/100] | train_loss: 0.62380
2025-09-07 23:05:37,525 - INFO - [90/100] | train_loss: 0.59932
2025-09-07 23:05:42,811 - INFO - ----------
2025-09-07 23:05:42,812 - INFO - sample 151/241 | d1: productcatalogservice-2; level: pod; fault_type: k8s容器写io负载
2025-09-07 23:05:42,812 - INFO - sample 151/241 | predict d1: [('productcatalogservice-2', 1.4076274952622612), ('productcatalogservice', 0.7005160724795374), ('checkoutservice', 0.7005160724795374), ('frontend', 0.7004825935439882), ('productcatalogservice-1', 0.7004459522404716)]
2025-09-07 23:05:42,812 - INFO - sample 151/241 | predict d2: [('productcatalogservice-2/CPU/kpi_container_cpu_cfs_periods', 0.5680983229066072), ('productcatalogservice-2/Memory/kpi_container_memory_cache', 0.5611266508152895), ('productcatalogservice-2/Disk/kpi_container_fs_reads', 0.5092250244347056), ('productcatalogservice-2/CPU/kpi_container_cpu_cfs_throttled_periods', 0.5045017538033676), ('productcatalogservice-2/Network/kpi_container_network_transmit_packets', 0.501627625134887)]
2025-09-07 23:05:42,812 - INFO - ----------
2025-09-07 23:05:43,476 - INFO - [0/100] | train_loss: 0.41302
2025-09-07 23:05:48,495 - INFO - [10/100] | train_loss: 0.95430
2025-09-07 23:05:53,318 - INFO - [20/100] | train_loss: 0.74210
2025-09-07 23:05:58,267 - INFO - [30/100] | train_loss: 0.54287
2025-09-07 23:06:02,983 - INFO - [40/100] | train_loss: 0.42111
2025-09-07 23:06:07,779 - INFO - [50/100] | train_loss: 0.36301
2025-09-07 23:06:12,701 - INFO - [60/100] | train_loss: 0.32116
2025-09-07 23:06:17,728 - INFO - [70/100] | train_loss: 0.30500
2025-09-07 23:06:22,539 - INFO - [80/100] | train_loss: 0.30895
2025-09-07 23:06:27,397 - INFO - [90/100] | train_loss: 0.33371
2025-09-07 23:06:32,227 - INFO - [0/100] | train_loss: 0.13160
2025-09-07 23:06:38,279 - INFO - [10/100] | train_loss: 1.23787
2025-09-07 23:06:43,667 - INFO - [20/100] | train_loss: 0.84144
2025-09-07 23:06:49,106 - INFO - [30/100] | train_loss: 0.56370
2025-09-07 23:06:54,773 - INFO - [40/100] | train_loss: 0.46215
2025-09-07 23:07:00,391 - INFO - [50/100] | train_loss: 0.43421
2025-09-07 23:07:05,986 - INFO - [60/100] | train_loss: 0.41316
2025-09-07 23:07:11,905 - INFO - [70/100] | train_loss: 0.40897
2025-09-07 23:07:17,500 - INFO - [80/100] | train_loss: 0.40469
2025-09-07 23:07:23,175 - INFO - [90/100] | train_loss: 0.41029
2025-09-07 23:07:28,629 - INFO - ----------
2025-09-07 23:07:28,629 - INFO - sample 152/241 | d1: node-1; level: node; fault_type: node 磁盘空间消耗
2025-09-07 23:07:28,629 - INFO - sample 152/241 | predict d1: [('node-1', 0.38841125845472746), ('paymentservice', 0.027200276287397518), ('paymentservice-2', 0.027200276287397518), ('paymentservice2-0', 0.027199366272184777), ('checkoutservice', 0.02719900193934377)]
2025-09-07 23:07:28,629 - INFO - sample 152/241 | predict d2: [('node-1/CPU/system.load.5', 0.32935399669708865), ('node-1/CPU/system.load.15', 0.29850595776694), ('node-1/Disk/system.io.w_s', 0.29792500867314153), ('node-1/CPU/system.load.1', 0.28565430111736845), ('node-1/CPU/system.cpu.pct_usage', 0.28087305799931883)]
2025-09-07 23:07:28,629 - INFO - ----------
2025-09-07 23:07:29,332 - INFO - [0/100] | train_loss: 0.32087
2025-09-07 23:07:34,588 - INFO - [10/100] | train_loss: 1.38502
2025-09-07 23:07:39,900 - INFO - [20/100] | train_loss: 1.00615
2025-09-07 23:07:45,569 - INFO - [30/100] | train_loss: 0.82407
2025-09-07 23:07:50,920 - INFO - [40/100] | train_loss: 0.78762
2025-09-07 23:07:56,263 - INFO - [50/100] | train_loss: 0.78123
2025-09-07 23:08:01,699 - INFO - [60/100] | train_loss: 0.76989
2025-09-07 23:08:07,500 - INFO - [70/100] | train_loss: 0.77500
2025-09-07 23:08:13,072 - INFO - [80/100] | train_loss: 0.77714
2025-09-07 23:08:18,720 - INFO - [90/100] | train_loss: 0.77452
2025-09-07 23:08:24,387 - INFO - [0/100] | train_loss: 0.31910
2025-09-07 23:08:29,193 - INFO - [10/100] | train_loss: 1.28949
2025-09-07 23:08:34,720 - INFO - [20/100] | train_loss: 0.89837
2025-09-07 23:08:40,400 - INFO - [30/100] | train_loss: 0.63222
2025-09-07 23:08:45,898 - INFO - [40/100] | train_loss: 0.50879
2025-09-07 23:08:51,265 - INFO - [50/100] | train_loss: 0.46781
2025-09-07 23:08:56,486 - INFO - [60/100] | train_loss: 0.45454
2025-09-07 23:09:02,023 - INFO - [70/100] | train_loss: 0.44568
2025-09-07 23:09:07,179 - INFO - [80/100] | train_loss: 0.43940
2025-09-07 23:09:13,304 - INFO - [90/100] | train_loss: 0.43176
2025-09-07 23:09:19,032 - INFO - [0/100] | train_loss: 0.34871
2025-09-07 23:09:24,316 - INFO - [10/100] | train_loss: 1.31075
2025-09-07 23:09:29,906 - INFO - [20/100] | train_loss: 0.91694
2025-09-07 23:09:34,979 - INFO - [30/100] | train_loss: 0.65558
2025-09-07 23:09:40,092 - INFO - [40/100] | train_loss: 0.54342
2025-09-07 23:09:45,463 - INFO - [50/100] | train_loss: 0.50412
2025-09-07 23:09:50,908 - INFO - [60/100] | train_loss: 0.48577
2025-09-07 23:09:56,325 - INFO - [70/100] | train_loss: 0.48475
2025-09-07 23:10:02,023 - INFO - [80/100] | train_loss: 0.46885
2025-09-07 23:10:07,545 - INFO - [90/100] | train_loss: 0.46327
2025-09-07 23:10:12,670 - INFO - [0/100] | train_loss: 0.27801
2025-09-07 23:10:18,418 - INFO - [10/100] | train_loss: 1.26858
2025-09-07 23:10:23,165 - INFO - [20/100] | train_loss: 0.86807
2025-09-07 23:10:28,031 - INFO - [30/100] | train_loss: 0.59367
2025-09-07 23:10:33,608 - INFO - [40/100] | train_loss: 0.49484
2025-09-07 23:10:39,381 - INFO - [50/100] | train_loss: 0.47031
2025-09-07 23:10:45,018 - INFO - [60/100] | train_loss: 0.49230
2025-09-07 23:10:50,165 - INFO - [70/100] | train_loss: 0.45160
2025-09-07 23:10:55,084 - INFO - [80/100] | train_loss: 0.44375
2025-09-07 23:11:00,733 - INFO - [90/100] | train_loss: 0.44085
2025-09-07 23:11:06,395 - INFO - [0/100] | train_loss: 0.33269
2025-09-07 23:11:11,230 - INFO - [10/100] | train_loss: 1.32345
2025-09-07 23:11:16,772 - INFO - [20/100] | train_loss: 0.94136
2025-09-07 23:11:22,273 - INFO - [30/100] | train_loss: 0.66805
2025-09-07 23:11:27,507 - INFO - [40/100] | train_loss: 0.53815
2025-09-07 23:11:33,110 - INFO - [50/100] | train_loss: 0.49143
2025-09-07 23:11:38,412 - INFO - [60/100] | train_loss: 0.50576
2025-09-07 23:11:44,071 - INFO - [70/100] | train_loss: 0.46222
2025-09-07 23:11:49,336 - INFO - [80/100] | train_loss: 0.45990
2025-09-07 23:11:54,534 - INFO - [90/100] | train_loss: 0.45445
2025-09-07 23:11:59,169 - INFO - ----------
2025-09-07 23:11:59,169 - INFO - sample 153/241 | d1: recommendationservice; level: service; fault_type: k8s容器读io负载
2025-09-07 23:11:59,169 - INFO - sample 153/241 | predict d1: [('recommendationservice2-0', 5.915439343388968), ('recommendationservice-2', 5.9143542167790315), ('recommendationservice-1', 5.912955527183133), ('recommendationservice', 5.910183320365661), ('recommendationservice-0', 4.932947241811176)]
2025-09-07 23:11:59,169 - INFO - sample 153/241 | predict d2: [('recommendationservice-2/Memory/kpi_container_memory_failures', 2.77488911605184), ('recommendationservice-1/CPU/kpi_container_cpu_system_seconds', 2.7610451151494946), ('recommendationservice-2/CPU/kpi_container_cpu_system_seconds', 2.711152914818719), ('recommendationservice-2/Disk/kpi_container_fs_reads_MB', 2.7076081237301235), ('recommendationservice-1/CPU/kpi_container_cpu_cfs_periods', 2.7063879012202126)]
2025-09-07 23:11:59,169 - INFO - ----------
2025-09-07 23:11:59,938 - INFO - [0/100] | train_loss: 0.15923
2025-09-07 23:12:05,365 - INFO - [10/100] | train_loss: 1.31342
2025-09-07 23:12:10,679 - INFO - [20/100] | train_loss: 0.92615
2025-09-07 23:12:15,419 - INFO - [30/100] | train_loss: 0.65738
2025-09-07 23:12:20,190 - INFO - [40/100] | train_loss: 0.53973
2025-09-07 23:12:24,938 - INFO - [50/100] | train_loss: 0.52222
2025-09-07 23:12:30,024 - INFO - [60/100] | train_loss: 0.49987
2025-09-07 23:12:34,878 - INFO - [70/100] | train_loss: 0.50375
2025-09-07 23:12:40,526 - INFO - [80/100] | train_loss: 0.47812
2025-09-07 23:12:46,082 - INFO - [90/100] | train_loss: 0.47476
2025-09-07 23:12:51,165 - INFO - ----------
2025-09-07 23:12:51,165 - INFO - sample 154/241 | d1: currencyservice-0; level: pod; fault_type: k8s容器网络丢包
2025-09-07 23:12:51,165 - INFO - sample 154/241 | predict d1: [('currencyservice-0', 1.8598703893053994), ('currencyservice', 0.9259299549594289), ('currencyservice-1', 0.9259299549594289), ('frontend', 0.9259197666264356), ('currencyservice-2', 0.9258556859090845)]
2025-09-07 23:12:51,165 - INFO - sample 154/241 | predict d2: [('currencyservice-0/Network/kpi_container_network_transmit_packets', 0.8148834164892662), ('currencyservice-0/CPU/kpi_container_cpu_usage_seconds', 0.7257220297020979), ('<intensity>; cmdb_id: currencyservice-0; type: upstream', 0.6746646185920895), ('currencyservice-0/Memory/kpi_container_memory_cache', 0.6642162325747165), ('currencyservice-0/Network/kpi_container_network_receive_MB', 0.637834128865137)]
2025-09-07 23:12:51,165 - INFO - ----------
2025-09-07 23:12:51,910 - INFO - [0/100] | train_loss: 0.24127
2025-09-07 23:12:57,345 - INFO - [10/100] | train_loss: 1.27686
2025-09-07 23:13:02,988 - INFO - [20/100] | train_loss: 0.87982
2025-09-07 23:13:08,685 - INFO - [30/100] | train_loss: 0.59942
2025-09-07 23:13:13,930 - INFO - [40/100] | train_loss: 0.47209
2025-09-07 23:13:20,095 - INFO - [50/100] | train_loss: 0.43152
2025-09-07 23:13:25,273 - INFO - [60/100] | train_loss: 0.41013
2025-09-07 23:13:30,609 - INFO - [70/100] | train_loss: 0.39750
2025-09-07 23:13:36,365 - INFO - [80/100] | train_loss: 0.38704
2025-09-07 23:13:41,891 - INFO - [90/100] | train_loss: 0.38411
2025-09-07 23:13:47,028 - INFO - ----------
2025-09-07 23:13:47,028 - INFO - sample 155/241 | d1: frontend; level: service; fault_type: k8s容器网络资源包重复发送
2025-09-07 23:13:47,028 - INFO - sample 155/241 | predict d1: [('emailservice', 0.005302604144227646), ('emailservice-0', 0.005302604144227646), ('emailservice-1', 0.005301745228989796), ('checkoutservice', 0.005301578031919024), ('emailservice-2', 0.005300809880805307)]
2025-09-07 23:13:47,028 - INFO - sample 155/241 | predict d2: [('emailservice-2/CPU/kpi_container_cpu_cfs_periods', 0.002366943485204817), ('emailservice-2/Thread/kpi_container_threads', 0.0023268239907495714), ('emailservice-2/Memory/kpi_container_memory_max_usage_MB', 0.002259514590174816), ('emailservice2-0/Network/kpi_container_network_transmit_packets', 0.0021691095416554868), ('emailservice-2/CPU/kpi_container_cpu_user_seconds', 0.00216419458471602)]
2025-09-07 23:13:47,028 - INFO - ----------
2025-09-07 23:13:47,610 - INFO - [0/100] | train_loss: 0.20130
2025-09-07 23:13:52,893 - INFO - [10/100] | train_loss: 1.26077
2025-09-07 23:13:58,399 - INFO - [20/100] | train_loss: 0.88878
2025-09-07 23:14:04,090 - INFO - [30/100] | train_loss: 0.61668
2025-09-07 23:14:09,777 - INFO - [40/100] | train_loss: 0.50507
2025-09-07 23:14:15,426 - INFO - [50/100] | train_loss: 0.45296
2025-09-07 23:14:20,944 - INFO - [60/100] | train_loss: 0.43557
2025-09-07 23:14:26,432 - INFO - [70/100] | train_loss: 0.42696
2025-09-07 23:14:31,541 - INFO - [80/100] | train_loss: 0.41503
2025-09-07 23:14:36,895 - INFO - [90/100] | train_loss: 0.40969
2025-09-07 23:14:42,115 - INFO - ----------
2025-09-07 23:14:42,115 - INFO - sample 156/241 | d1: cartservice2-0; level: pod; fault_type: k8s容器网络资源包重复发送
2025-09-07 23:14:42,115 - INFO - sample 156/241 | predict d1: [('paymentservice', 0.03651567317668136), ('paymentservice-1', 0.03651567317668136), ('checkoutservice', 0.03651169457320225), ('paymentservice-2', 0.03651140506071093), ('paymentservice-0', 0.036509613153851816)]
2025-09-07 23:14:42,116 - INFO - sample 156/241 | predict d2: [('paymentservice-1/Network/kpi_container_network_receive_MB', 0.02478794984246635), ('paymentservice2-0/Network/kpi_container_network_transmit_packets', 0.022585619547936364), ('paymentservice2-0/Network/kpi_container_network_receive_packets', 0.022491517021877128), ('paymentservice2-0/Network/kpi_container_network_transmit_MB', 0.021818483824077584), ('paymentservice2-0/Other/kpi_container_file_descriptors', 0.021696175762879744)]
2025-09-07 23:14:42,116 - INFO - ----------
2025-09-07 23:14:42,765 - INFO - [0/100] | train_loss: 0.09608
2025-09-07 23:14:48,366 - INFO - [10/100] | train_loss: 1.19939
2025-09-07 23:14:53,898 - INFO - [20/100] | train_loss: 0.79644
2025-09-07 23:14:59,390 - INFO - [30/100] | train_loss: 0.53827
2025-09-07 23:15:04,665 - INFO - [40/100] | train_loss: 0.44006
2025-09-07 23:15:10,135 - INFO - [50/100] | train_loss: 0.40821
2025-09-07 23:15:14,911 - INFO - [60/100] | train_loss: 0.39536
2025-09-07 23:15:20,573 - INFO - [70/100] | train_loss: 0.39131
2025-09-07 23:15:26,103 - INFO - [80/100] | train_loss: 0.38570
2025-09-07 23:15:32,179 - INFO - [90/100] | train_loss: 0.38463
2025-09-07 23:15:37,909 - INFO - ----------
2025-09-07 23:15:37,909 - INFO - sample 157/241 | d1: recommendationservice-1; level: pod; fault_type: k8s容器网络丢包
2025-09-07 23:15:37,909 - INFO - sample 157/241 | predict d1: [('paymentservice', 0.004700436113910023), ('paymentservice-0', 0.004700436113910023), ('paymentservice-1', 0.004700224638849948), ('paymentservice-2', 0.004699923378650883), ('paymentservice2-0', 0.004698354679807393)]
2025-09-07 23:15:37,909 - INFO - sample 157/241 | predict d2: [('paymentservice2-0/Other/kpi_container_file_descriptors', 0.0025006623746589574), ('paymentservice2-0/Network/kpi_container_network_transmit_packets', 0.0023782403376457206), ('paymentservice2-0/Disk/kpi_container_fs_reads_MB', 0.0023228064846153584), ('paymentservice2-0/Network/kpi_container_network_receive_packets', 0.0020443313821433273), ('paymentservice-0/Network/kpi_container_network_receive_packets', 0.0019490038460512338)]
2025-09-07 23:15:37,909 - INFO - ----------
2025-09-07 23:15:38,692 - INFO - [0/100] | train_loss: 0.22144
2025-09-07 23:15:44,287 - INFO - [10/100] | train_loss: 1.30636
2025-09-07 23:15:49,593 - INFO - [20/100] | train_loss: 0.92173
2025-09-07 23:15:55,323 - INFO - [30/100] | train_loss: 0.65862
2025-09-07 23:16:01,110 - INFO - [40/100] | train_loss: 0.55755
2025-09-07 23:16:06,790 - INFO - [50/100] | train_loss: 0.50728
2025-09-07 23:16:12,609 - INFO - [60/100] | train_loss: 0.52833
2025-09-07 23:16:18,078 - INFO - [70/100] | train_loss: 0.48487
2025-09-07 23:16:23,709 - INFO - [80/100] | train_loss: 0.52030
2025-09-07 23:16:28,983 - INFO - [90/100] | train_loss: 0.48037
2025-09-07 23:16:34,367 - INFO - [0/100] | train_loss: 0.22376
2025-09-07 23:16:40,263 - INFO - [10/100] | train_loss: 1.31341
2025-09-07 23:16:45,688 - INFO - [20/100] | train_loss: 1.01455
2025-09-07 23:16:50,877 - INFO - [30/100] | train_loss: 0.73663
2025-09-07 23:16:56,586 - INFO - [40/100] | train_loss: 0.65665
2025-09-07 23:17:01,779 - INFO - [50/100] | train_loss: 0.56873
2025-09-07 23:17:07,333 - INFO - [60/100] | train_loss: 0.52813
2025-09-07 23:17:12,388 - INFO - [70/100] | train_loss: 0.52825
2025-09-07 23:17:18,010 - INFO - [80/100] | train_loss: 0.53293
2025-09-07 23:17:23,765 - INFO - [90/100] | train_loss: 0.50991
2025-09-07 23:17:29,818 - INFO - [0/100] | train_loss: 0.25057
2025-09-07 23:17:34,918 - INFO - [10/100] | train_loss: 1.37371
2025-09-07 23:17:40,587 - INFO - [20/100] | train_loss: 1.03136
2025-09-07 23:17:45,826 - INFO - [30/100] | train_loss: 0.73225
2025-09-07 23:17:51,617 - INFO - [40/100] | train_loss: 0.60004
2025-09-07 23:17:57,091 - INFO - [50/100] | train_loss: 0.55865
2025-09-07 23:18:02,980 - INFO - [60/100] | train_loss: 0.55709
2025-09-07 23:18:08,181 - INFO - [70/100] | train_loss: 0.52842
2025-09-07 23:18:13,668 - INFO - [80/100] | train_loss: 0.53784
2025-09-07 23:18:19,210 - INFO - [90/100] | train_loss: 0.53017
2025-09-07 23:18:24,928 - INFO - [0/100] | train_loss: 0.28882
2025-09-07 23:18:30,533 - INFO - [10/100] | train_loss: 1.38753
2025-09-07 23:18:36,388 - INFO - [20/100] | train_loss: 1.09831
2025-09-07 23:18:41,965 - INFO - [30/100] | train_loss: 0.73876
2025-09-07 23:18:47,399 - INFO - [40/100] | train_loss: 0.66420
2025-09-07 23:18:53,372 - INFO - [50/100] | train_loss: 0.56442
2025-09-07 23:18:58,915 - INFO - [60/100] | train_loss: 0.54066
2025-09-07 23:19:04,509 - INFO - [70/100] | train_loss: 0.52920
2025-09-07 23:19:09,902 - INFO - [80/100] | train_loss: 0.52466
2025-09-07 23:19:15,583 - INFO - [90/100] | train_loss: 0.50359
2025-09-07 23:19:20,575 - INFO - ----------
2025-09-07 23:19:20,576 - INFO - sample 158/241 | d1: recommendationservice; level: service; fault_type: k8s容器网络丢包
2025-09-07 23:19:20,576 - INFO - sample 158/241 | predict d1: [('recommendationservice-2', 4.436709345087522), ('recommendationservice-0', 4.341980894867447), ('recommendationservice-1', 4.328714858693843), ('recommendationservice2-0', 4.149129662502126), ('recommendationservice', 3.4454074794297043)]
2025-09-07 23:19:20,576 - INFO - sample 158/241 | predict d2: [('recommendationservice/Request/mrt.grpc', 2.3742404560331565), ('recommendationservice-2/Network/kpi_container_network_transmit_packets', 2.2751139484037353), ('recommendationservice-1/Network/kpi_container_network_transmit_packets', 2.2100108536836345), ('recommendationservice/Request/mrt.http', 2.0535411050054933), ('recommendationservice-2/Network/kpi_container_network_receive_MB', 1.948845524677072)]
2025-09-07 23:19:20,576 - INFO - ----------
2025-09-07 23:19:21,266 - INFO - [0/100] | train_loss: 0.22723
2025-09-07 23:19:26,501 - INFO - [10/100] | train_loss: 1.41581
2025-09-07 23:19:32,663 - INFO - [20/100] | train_loss: 1.00255
2025-09-07 23:19:37,863 - INFO - [30/100] | train_loss: 0.75388
2025-09-07 23:19:43,614 - INFO - [40/100] | train_loss: 0.67813
2025-09-07 23:19:49,327 - INFO - [50/100] | train_loss: 0.62821
2025-09-07 23:19:54,721 - INFO - [60/100] | train_loss: 0.57262
2025-09-07 23:19:59,904 - INFO - [70/100] | train_loss: 0.55811
2025-09-07 23:20:05,590 - INFO - [80/100] | train_loss: 0.56413
2025-09-07 23:20:10,806 - INFO - [90/100] | train_loss: 0.57223
2025-09-07 23:20:16,215 - INFO - [0/100] | train_loss: 0.27522
2025-09-07 23:20:21,595 - INFO - [10/100] | train_loss: 1.44354
2025-09-07 23:20:27,130 - INFO - [20/100] | train_loss: 1.05508
2025-09-07 23:20:32,826 - INFO - [30/100] | train_loss: 0.82844
2025-09-07 23:20:38,268 - INFO - [40/100] | train_loss: 0.70035
2025-09-07 23:20:43,012 - INFO - [50/100] | train_loss: 0.68907
2025-09-07 23:20:48,608 - INFO - [60/100] | train_loss: 0.65851
2025-09-07 23:20:54,084 - INFO - [70/100] | train_loss: 0.65555
2025-09-07 23:20:59,464 - INFO - [80/100] | train_loss: 0.61382
2025-09-07 23:21:04,835 - INFO - [90/100] | train_loss: 0.65378
2025-09-07 23:21:10,305 - INFO - [0/100] | train_loss: 0.33643
2025-09-07 23:21:16,063 - INFO - [10/100] | train_loss: 1.45042
2025-09-07 23:21:21,615 - INFO - [20/100] | train_loss: 1.06188
2025-09-07 23:21:27,205 - INFO - [30/100] | train_loss: 0.80285
2025-09-07 23:21:32,480 - INFO - [40/100] | train_loss: 0.70879
2025-09-07 23:21:37,114 - INFO - [50/100] | train_loss: 0.69823
2025-09-07 23:21:42,304 - INFO - [60/100] | train_loss: 0.64272
2025-09-07 23:21:47,432 - INFO - [70/100] | train_loss: 0.64707
2025-09-07 23:21:52,388 - INFO - [80/100] | train_loss: 0.63111
2025-09-07 23:21:57,579 - INFO - [90/100] | train_loss: 0.64675
2025-09-07 23:22:03,498 - INFO - [0/100] | train_loss: 0.21817
2025-09-07 23:22:08,972 - INFO - [10/100] | train_loss: 1.34890
2025-09-07 23:22:14,498 - INFO - [20/100] | train_loss: 1.15831
2025-09-07 23:22:20,023 - INFO - [30/100] | train_loss: 0.89254
2025-09-07 23:22:25,469 - INFO - [40/100] | train_loss: 0.72470
2025-09-07 23:22:31,069 - INFO - [50/100] | train_loss: 0.66367
2025-09-07 23:22:36,586 - INFO - [60/100] | train_loss: 0.71930
2025-09-07 23:22:42,026 - INFO - [70/100] | train_loss: 0.64954
2025-09-07 23:22:47,579 - INFO - [80/100] | train_loss: 0.61227
2025-09-07 23:22:53,136 - INFO - [90/100] | train_loss: 0.60460
2025-09-07 23:22:58,390 - INFO - ----------
2025-09-07 23:22:58,390 - INFO - sample 159/241 | d1: cartservice; level: service; fault_type: k8s容器网络丢包
2025-09-07 23:22:58,390 - INFO - sample 159/241 | predict d1: [('cartservice-0', 3.3737381495604915), ('cartservice', 3.278305012434547), ('cartservice2-0', 3.1230969781038525), ('cartservice-1', 2.371298353407958), ('checkoutservice-1', 1.786786944795118)]
2025-09-07 23:22:58,390 - INFO - sample 159/241 | predict d2: [('cartservice/Request/mrt.grpc', 2.0322313814610897), ('cartservice-0/Network/kpi_container_network_transmit_packets', 1.9795205540945986), ('<intensity>; hipstershop.CartService/GetCart; type: downstream', 1.8243219541548967), ('cartservice/Request/mrt.http', 1.8000406375395634), ('cartservice-0/Other/kpi_container_file_descriptors', 1.7690889453991865)]
2025-09-07 23:22:58,390 - INFO - ----------
2025-09-07 23:22:58,963 - INFO - [0/100] | train_loss: 0.33132
2025-09-07 23:23:04,517 - INFO - [10/100] | train_loss: 1.37898
2025-09-07 23:23:09,864 - INFO - [20/100] | train_loss: 1.00496
2025-09-07 23:23:15,088 - INFO - [30/100] | train_loss: 0.78136
2025-09-07 23:23:20,310 - INFO - [40/100] | train_loss: 0.65629
2025-09-07 23:23:25,710 - INFO - [50/100] | train_loss: 0.62992
2025-09-07 23:23:31,165 - INFO - [60/100] | train_loss: 0.63428
2025-09-07 23:23:36,799 - INFO - [70/100] | train_loss: 0.58919
2025-09-07 23:23:42,582 - INFO - [80/100] | train_loss: 0.63770
2025-09-07 23:23:48,121 - INFO - [90/100] | train_loss: 0.60778
2025-09-07 23:23:53,666 - INFO - ----------
2025-09-07 23:23:53,666 - INFO - sample 160/241 | d1: emailservice-2; level: pod; fault_type: k8s容器网络资源包损坏
2025-09-07 23:23:53,666 - INFO - sample 160/241 | predict d1: [('emailservice', 0.4390496414406986), ('emailservice-1', 0.4390421248542786), ('emailservice-0', 0.4390323664789264), ('emailservice2-0', 0.4390167794523503), ('emailservice-2', 0.43876675405143395)]
2025-09-07 23:23:53,667 - INFO - sample 160/241 | predict d2: [('emailservice-2/Other/kpi_container_sockets', 0.34221213989306776), ('emailservice-2/Network/kpi_container_network_transmit_MB', 0.3314482562697574), ('emailservice-2; http2.remote_reset', 0.32554720845034524), ('emailservice-2/Network/kpi_container_network_transmit_packets', 0.30568422003881324), ('emailservice-2; downstream_remote_disconnect', 0.3053218678253966)]
2025-09-07 23:23:53,667 - INFO - ----------
2025-09-07 23:23:54,305 - INFO - [0/100] | train_loss: 0.26941
2025-09-07 23:23:59,078 - INFO - [10/100] | train_loss: 0.83843
2025-09-07 23:24:04,186 - INFO - [20/100] | train_loss: 0.59859
2025-09-07 23:24:08,984 - INFO - [30/100] | train_loss: 0.43181
2025-09-07 23:24:13,690 - INFO - [40/100] | train_loss: 0.29931
2025-09-07 23:24:18,507 - INFO - [50/100] | train_loss: 0.24345
2025-09-07 23:24:23,728 - INFO - [60/100] | train_loss: 0.21186
2025-09-07 23:24:28,705 - INFO - [70/100] | train_loss: 0.19629
2025-09-07 23:24:34,096 - INFO - [80/100] | train_loss: 0.18397
2025-09-07 23:24:38,864 - INFO - [90/100] | train_loss: 0.18927
2025-09-07 23:24:43,704 - INFO - [0/100] | train_loss: 0.39517
2025-09-07 23:24:49,113 - INFO - [10/100] | train_loss: 1.40890
2025-09-07 23:24:54,598 - INFO - [20/100] | train_loss: 1.03570
2025-09-07 23:24:59,965 - INFO - [30/100] | train_loss: 0.83839
2025-09-07 23:25:05,487 - INFO - [40/100] | train_loss: 0.77145
2025-09-07 23:25:10,788 - INFO - [50/100] | train_loss: 0.75739
2025-09-07 23:25:16,427 - INFO - [60/100] | train_loss: 0.74437
2025-09-07 23:25:21,863 - INFO - [70/100] | train_loss: 0.74265
2025-09-07 23:25:27,379 - INFO - [80/100] | train_loss: 0.74364
2025-09-07 23:25:32,998 - INFO - [90/100] | train_loss: 0.74394
2025-09-07 23:25:38,426 - INFO - [0/100] | train_loss: 0.33380
2025-09-07 23:25:44,125 - INFO - [10/100] | train_loss: 1.26547
2025-09-07 23:25:49,195 - INFO - [20/100] | train_loss: 0.87518
2025-09-07 23:25:54,593 - INFO - [30/100] | train_loss: 0.60303
2025-09-07 23:26:00,433 - INFO - [40/100] | train_loss: 0.49085
2025-09-07 23:26:06,211 - INFO - [50/100] | train_loss: 0.45420
2025-09-07 23:26:11,416 - INFO - [60/100] | train_loss: 0.43521
2025-09-07 23:26:17,527 - INFO - [70/100] | train_loss: 0.42064
2025-09-07 23:26:22,908 - INFO - [80/100] | train_loss: 0.43016
2025-09-07 23:26:28,532 - INFO - [90/100] | train_loss: 0.41170
2025-09-07 23:26:34,363 - INFO - [0/100] | train_loss: 0.24645
2025-09-07 23:26:40,204 - INFO - [10/100] | train_loss: 1.23584
2025-09-07 23:26:45,580 - INFO - [20/100] | train_loss: 0.83484
2025-09-07 23:26:51,164 - INFO - [30/100] | train_loss: 0.57537
2025-09-07 23:26:56,433 - INFO - [40/100] | train_loss: 0.47190
2025-09-07 23:27:02,177 - INFO - [50/100] | train_loss: 0.43648
2025-09-07 23:27:07,185 - INFO - [60/100] | train_loss: 0.42231
2025-09-07 23:27:12,917 - INFO - [70/100] | train_loss: 0.41316
2025-09-07 23:27:18,472 - INFO - [80/100] | train_loss: 0.45420
2025-09-07 23:27:23,271 - INFO - [90/100] | train_loss: 0.41612
2025-09-07 23:27:28,727 - INFO - [0/100] | train_loss: 0.29628
2025-09-07 23:27:34,507 - INFO - [10/100] | train_loss: 1.26169
2025-09-07 23:27:39,623 - INFO - [20/100] | train_loss: 0.87678
2025-09-07 23:27:44,806 - INFO - [30/100] | train_loss: 0.60425
2025-09-07 23:27:50,330 - INFO - [40/100] | train_loss: 0.49054
2025-09-07 23:27:55,834 - INFO - [50/100] | train_loss: 0.44584
2025-09-07 23:28:01,239 - INFO - [60/100] | train_loss: 0.43740
2025-09-07 23:28:06,879 - INFO - [70/100] | train_loss: 0.41894
2025-09-07 23:28:12,672 - INFO - [80/100] | train_loss: 0.41401
2025-09-07 23:28:18,363 - INFO - [90/100] | train_loss: 0.40875
2025-09-07 23:28:23,834 - INFO - [0/100] | train_loss: 0.33549
2025-09-07 23:28:29,613 - INFO - [10/100] | train_loss: 1.29390
2025-09-07 23:28:34,806 - INFO - [20/100] | train_loss: 0.89576
2025-09-07 23:28:40,565 - INFO - [30/100] | train_loss: 0.62795
2025-09-07 23:28:46,136 - INFO - [40/100] | train_loss: 0.50646
2025-09-07 23:28:51,785 - INFO - [50/100] | train_loss: 0.45949
2025-09-07 23:28:57,488 - INFO - [60/100] | train_loss: 0.44298
2025-09-07 23:29:03,123 - INFO - [70/100] | train_loss: 0.43005
2025-09-07 23:29:08,375 - INFO - [80/100] | train_loss: 0.42232
2025-09-07 23:29:13,539 - INFO - [90/100] | train_loss: 0.41461
2025-09-07 23:29:18,711 - INFO - ----------
2025-09-07 23:29:18,711 - INFO - sample 161/241 | d1: emailservice; level: service; fault_type: k8s容器写io负载
2025-09-07 23:29:18,711 - INFO - sample 161/241 | predict d1: [('emailservice-0', 5.941701517074691), ('emailservice', 5.941319954282477), ('emailservice-1', 5.941174185952313), ('emailservice-2', 5.939667085901242), ('emailservice2-0', 5.936203180633356)]
2025-09-07 23:29:18,711 - INFO - sample 161/241 | predict d2: [('emailservice2-0/CPU/kpi_container_cpu_cfs_throttled_seconds', 3.1870569175529297), ('emailservice2-0/CPU/kpi_container_cpu_usage_seconds', 2.946980839509365), ('emailservice2-0/Disk/kpi_container_fs_inodes', 2.9466655317566364), ('emailservice2-0/CPU/kpi_container_cpu_system_seconds', 2.9042203166235367), ('emailservice2-0/Memory/kpi_container_memory_cache', 2.883682457662374)]
2025-09-07 23:29:18,711 - INFO - ----------
2025-09-07 23:29:19,322 - INFO - [0/100] | train_loss: 0.29892
2025-09-07 23:29:24,367 - INFO - [10/100] | train_loss: 0.99780
2025-09-07 23:29:29,186 - INFO - [20/100] | train_loss: 0.79267
2025-09-07 23:29:33,896 - INFO - [30/100] | train_loss: 0.67321
2025-09-07 23:29:38,577 - INFO - [40/100] | train_loss: 0.45421
2025-09-07 23:29:43,294 - INFO - [50/100] | train_loss: 0.43407
2025-09-07 23:29:47,886 - INFO - [60/100] | train_loss: 0.38234
2025-09-07 23:29:52,865 - INFO - [70/100] | train_loss: 0.38637
2025-09-07 23:29:58,014 - INFO - [80/100] | train_loss: 0.42452
2025-09-07 23:30:03,121 - INFO - [90/100] | train_loss: 0.36502
2025-09-07 23:30:08,100 - INFO - [0/100] | train_loss: 0.18812
2025-09-07 23:30:13,371 - INFO - [10/100] | train_loss: 1.31328
2025-09-07 23:30:18,841 - INFO - [20/100] | train_loss: 0.93243
2025-09-07 23:30:24,567 - INFO - [30/100] | train_loss: 0.73311
2025-09-07 23:30:29,930 - INFO - [40/100] | train_loss: 0.63704
2025-09-07 23:30:35,394 - INFO - [50/100] | train_loss: 0.62283
2025-09-07 23:30:40,976 - INFO - [60/100] | train_loss: 0.58412
2025-09-07 23:30:46,909 - INFO - [70/100] | train_loss: 0.58106
2025-09-07 23:30:51,831 - INFO - [80/100] | train_loss: 0.56695
2025-09-07 23:30:57,165 - INFO - [90/100] | train_loss: 0.57148
2025-09-07 23:31:02,614 - INFO - ----------
2025-09-07 23:31:02,614 - INFO - sample 162/241 | d1: node-3; level: node; fault_type: node节点CPU爬升
2025-09-07 23:31:02,614 - INFO - sample 162/241 | predict d1: [('node-3', 0.3688573883939963), ('checkoutservice', 0.16042961229285346), ('checkoutservice-0', 0.16042961229285346), ('currencyservice', 0.16041933765560046), ('paymentservice', 0.16041625235376245)]
2025-09-07 23:31:02,614 - INFO - sample 162/241 | predict d2: [('node-3/CPU/system.load.1', 0.29949339932238317), ('node-3/CPU/system.load.5', 0.26766934756413896), ('node-3/Disk/system.io.r_await', 0.2625454769663751), ('node-3/CPU/system.cpu.pct_usage', 0.26194364692552163), ('node-3/CPU/system.cpu.user', 0.2569811848243848)]
2025-09-07 23:31:02,614 - INFO - ----------
2025-09-07 23:31:03,308 - INFO - [0/100] | train_loss: 0.17095
2025-09-07 23:31:08,765 - INFO - [10/100] | train_loss: 1.32196
2025-09-07 23:31:14,465 - INFO - [20/100] | train_loss: 0.95443
2025-09-07 23:31:19,879 - INFO - [30/100] | train_loss: 0.70091
2025-09-07 23:31:25,976 - INFO - [40/100] | train_loss: 0.63107
2025-09-07 23:31:31,411 - INFO - [50/100] | train_loss: 0.61787
2025-09-07 23:31:36,466 - INFO - [60/100] | train_loss: 0.65240
2025-09-07 23:31:42,466 - INFO - [70/100] | train_loss: 0.56984
2025-09-07 23:31:47,808 - INFO - [80/100] | train_loss: 0.61881
2025-09-07 23:31:53,391 - INFO - [90/100] | train_loss: 0.55864
2025-09-07 23:31:58,680 - INFO - [0/100] | train_loss: 0.33077
2025-09-07 23:32:04,320 - INFO - [10/100] | train_loss: 1.40072
2025-09-07 23:32:09,393 - INFO - [20/100] | train_loss: 1.02204
2025-09-07 23:32:14,575 - INFO - [30/100] | train_loss: 0.78096
2025-09-07 23:32:19,784 - INFO - [40/100] | train_loss: 0.70275
2025-09-07 23:32:24,489 - INFO - [50/100] | train_loss: 0.71313
2025-09-07 23:32:29,673 - INFO - [60/100] | train_loss: 0.66677
2025-09-07 23:32:34,317 - INFO - [70/100] | train_loss: 0.69139
2025-09-07 23:32:39,538 - INFO - [80/100] | train_loss: 0.66644
2025-09-07 23:32:44,709 - INFO - [90/100] | train_loss: 0.69983
2025-09-07 23:32:50,015 - INFO - [0/100] | train_loss: 0.31814
2025-09-07 23:32:55,912 - INFO - [10/100] | train_loss: 1.31765
2025-09-07 23:33:01,307 - INFO - [20/100] | train_loss: 0.95938
2025-09-07 23:33:06,837 - INFO - [30/100] | train_loss: 0.70222
2025-09-07 23:33:12,093 - INFO - [40/100] | train_loss: 0.61320
2025-09-07 23:33:17,876 - INFO - [50/100] | train_loss: 0.58232
2025-09-07 23:33:22,799 - INFO - [60/100] | train_loss: 0.55806
2025-09-07 23:33:28,324 - INFO - [70/100] | train_loss: 0.55302
2025-09-07 23:33:33,781 - INFO - [80/100] | train_loss: 0.55638
2025-09-07 23:33:39,107 - INFO - [90/100] | train_loss: 0.55135
2025-09-07 23:33:44,704 - INFO - [0/100] | train_loss: 0.30208
2025-09-07 23:33:50,217 - INFO - [10/100] | train_loss: 1.31243
2025-09-07 23:33:55,683 - INFO - [20/100] | train_loss: 0.92641
2025-09-07 23:34:01,085 - INFO - [30/100] | train_loss: 0.68656
2025-09-07 23:34:06,830 - INFO - [40/100] | train_loss: 0.59216
2025-09-07 23:34:11,521 - INFO - [50/100] | train_loss: 0.61778
2025-09-07 23:34:17,216 - INFO - [60/100] | train_loss: 0.56028
2025-09-07 23:34:22,409 - INFO - [70/100] | train_loss: 0.53411
2025-09-07 23:34:28,136 - INFO - [80/100] | train_loss: 0.53294
2025-09-07 23:34:33,496 - INFO - [90/100] | train_loss: 0.53718
2025-09-07 23:34:39,167 - INFO - [0/100] | train_loss: 0.16252
2025-09-07 23:34:44,863 - INFO - [10/100] | train_loss: 1.34855
2025-09-07 23:34:50,302 - INFO - [20/100] | train_loss: 0.94533
2025-09-07 23:34:55,372 - INFO - [30/100] | train_loss: 0.69611
2025-09-07 23:35:01,002 - INFO - [40/100] | train_loss: 0.62561
2025-09-07 23:35:06,874 - INFO - [50/100] | train_loss: 0.54920
2025-09-07 23:35:11,874 - INFO - [60/100] | train_loss: 0.54239
2025-09-07 23:35:17,494 - INFO - [70/100] | train_loss: 0.55439
2025-09-07 23:35:23,130 - INFO - [80/100] | train_loss: 0.68877
2025-09-07 23:35:28,404 - INFO - [90/100] | train_loss: 0.54188
2025-09-07 23:35:33,910 - INFO - [0/100] | train_loss: 0.20195
2025-09-07 23:35:39,773 - INFO - [10/100] | train_loss: 1.31586
2025-09-07 23:35:45,408 - INFO - [20/100] | train_loss: 0.98736
2025-09-07 23:35:51,578 - INFO - [30/100] | train_loss: 0.72800
2025-09-07 23:35:57,206 - INFO - [40/100] | train_loss: 0.64007
2025-09-07 23:36:02,271 - INFO - [50/100] | train_loss: 0.57664
2025-09-07 23:36:07,698 - INFO - [60/100] | train_loss: 0.56798
2025-09-07 23:36:13,821 - INFO - [70/100] | train_loss: 0.53633
2025-09-07 23:36:19,233 - INFO - [80/100] | train_loss: 0.63422
2025-09-07 23:36:24,897 - INFO - [90/100] | train_loss: 0.56016
2025-09-07 23:36:30,170 - INFO - ----------
2025-09-07 23:36:30,171 - INFO - sample 163/241 | d1: frontend; level: service; fault_type: k8s容器写io负载
2025-09-07 23:36:30,171 - INFO - sample 163/241 | predict d1: [('frontend2-0', 3.4488001917986324), ('frontend', 3.002689781642779), ('frontend-0', 2.9526884492685532), ('frontend-1', 2.940056395965474), ('checkoutservice', 2.7441684317812434)]
2025-09-07 23:36:30,171 - INFO - sample 163/241 | predict d2: [('frontend2-0/Memory/kpi_container_memory_cache', 1.768613623898542), ('frontend2-0/CPU/kpi_container_cpu_cfs_periods', 1.7469258723754706), ('frontend2-0/Memory/kpi_container_memory_failcnt', 1.7250787752149535), ('frontend2-0/CPU/kpi_container_cpu_usage_seconds', 1.6931982536757069), ('frontend/Request/mrt.http', 1.6892682530023038)]
2025-09-07 23:36:30,171 - INFO - ----------
2025-09-07 23:36:30,780 - INFO - [0/100] | train_loss: 0.24741
2025-09-07 23:36:36,688 - INFO - [10/100] | train_loss: 1.31658
2025-09-07 23:36:42,078 - INFO - [20/100] | train_loss: 0.93577
2025-09-07 23:36:47,687 - INFO - [30/100] | train_loss: 0.74600
2025-09-07 23:36:53,133 - INFO - [40/100] | train_loss: 0.70130
2025-09-07 23:36:58,617 - INFO - [50/100] | train_loss: 0.69059
2025-09-07 23:37:03,926 - INFO - [60/100] | train_loss: 0.67642
2025-09-07 23:37:09,109 - INFO - [70/100] | train_loss: 0.68612
2025-09-07 23:37:14,801 - INFO - [80/100] | train_loss: 0.67912
2025-09-07 23:37:20,365 - INFO - [90/100] | train_loss: 0.67755
2025-09-07 23:37:25,663 - INFO - [0/100] | train_loss: 0.24017
2025-09-07 23:37:31,315 - INFO - [10/100] | train_loss: 1.29950
2025-09-07 23:37:36,316 - INFO - [20/100] | train_loss: 0.90287
2025-09-07 23:37:41,737 - INFO - [30/100] | train_loss: 0.64632
2025-09-07 23:37:47,166 - INFO - [40/100] | train_loss: 0.51120
2025-09-07 23:37:52,568 - INFO - [50/100] | train_loss: 0.48731
2025-09-07 23:37:58,101 - INFO - [60/100] | train_loss: 0.47417
2025-09-07 23:38:03,612 - INFO - [70/100] | train_loss: 0.47689
2025-09-07 23:38:09,231 - INFO - [80/100] | train_loss: 0.45873
2025-09-07 23:38:14,466 - INFO - [90/100] | train_loss: 0.45421
2025-09-07 23:38:20,071 - INFO - [0/100] | train_loss: 0.22793
2025-09-07 23:38:25,793 - INFO - [10/100] | train_loss: 1.28434
2025-09-07 23:38:30,634 - INFO - [20/100] | train_loss: 0.87655
2025-09-07 23:38:35,839 - INFO - [30/100] | train_loss: 0.59977
2025-09-07 23:38:40,734 - INFO - [40/100] | train_loss: 0.50038
2025-09-07 23:38:46,424 - INFO - [50/100] | train_loss: 0.46510
2025-09-07 23:38:51,630 - INFO - [60/100] | train_loss: 0.44732
2025-09-07 23:38:57,305 - INFO - [70/100] | train_loss: 0.44016
2025-09-07 23:39:02,909 - INFO - [80/100] | train_loss: 0.43345
2025-09-07 23:39:08,233 - INFO - [90/100] | train_loss: 0.44136
2025-09-07 23:39:13,530 - INFO - [0/100] | train_loss: 0.20349
2025-09-07 23:39:18,780 - INFO - [10/100] | train_loss: 1.23985
2025-09-07 23:39:24,020 - INFO - [20/100] | train_loss: 0.82607
2025-09-07 23:39:29,206 - INFO - [30/100] | train_loss: 0.56665
2025-09-07 23:39:34,576 - INFO - [40/100] | train_loss: 0.46716
2025-09-07 23:39:40,074 - INFO - [50/100] | train_loss: 0.44211
2025-09-07 23:39:45,578 - INFO - [60/100] | train_loss: 0.43635
2025-09-07 23:39:50,864 - INFO - [70/100] | train_loss: 0.42613
2025-09-07 23:39:56,612 - INFO - [80/100] | train_loss: 0.41866
2025-09-07 23:40:02,238 - INFO - [90/100] | train_loss: 0.41411
2025-09-07 23:40:07,631 - INFO - [0/100] | train_loss: 0.29703
2025-09-07 23:40:12,983 - INFO - [10/100] | train_loss: 1.29558
2025-09-07 23:40:18,164 - INFO - [20/100] | train_loss: 0.92602
2025-09-07 23:40:23,883 - INFO - [30/100] | train_loss: 0.64867
2025-09-07 23:40:29,988 - INFO - [40/100] | train_loss: 0.52123
2025-09-07 23:40:35,700 - INFO - [50/100] | train_loss: 0.48219
2025-09-07 23:40:41,580 - INFO - [60/100] | train_loss: 0.47320
2025-09-07 23:40:47,363 - INFO - [70/100] | train_loss: 0.46154
2025-09-07 23:40:53,193 - INFO - [80/100] | train_loss: 0.44742
2025-09-07 23:40:58,617 - INFO - [90/100] | train_loss: 0.44966
2025-09-07 23:41:04,293 - INFO - [0/100] | train_loss: 0.19199
2025-09-07 23:41:09,923 - INFO - [10/100] | train_loss: 1.30331
2025-09-07 23:41:15,779 - INFO - [20/100] | train_loss: 0.94971
2025-09-07 23:41:21,337 - INFO - [30/100] | train_loss: 0.70564
2025-09-07 23:41:26,868 - INFO - [40/100] | train_loss: 0.56817
2025-09-07 23:41:32,116 - INFO - [50/100] | train_loss: 0.53148
2025-09-07 23:41:37,633 - INFO - [60/100] | train_loss: 0.52059
2025-09-07 23:41:43,093 - INFO - [70/100] | train_loss: 0.49975
2025-09-07 23:41:48,614 - INFO - [80/100] | train_loss: 0.49399
2025-09-07 23:41:54,030 - INFO - [90/100] | train_loss: 0.81911
2025-09-07 23:41:59,012 - INFO - ----------
2025-09-07 23:41:59,013 - INFO - sample 164/241 | d1: adservice; level: service; fault_type: k8s容器读io负载
2025-09-07 23:41:59,013 - INFO - sample 164/241 | predict d1: [('adservice-1', 5.942482802230273), ('adservice', 5.941088292035424), ('adservice-0', 5.940125291629805), ('adservice-2', 5.93946547696676), ('frontend', 3.9556781697903176)]
2025-09-07 23:41:59,013 - INFO - sample 164/241 | predict d2: [('adservice-0/Memory/kpi_container_memory_rss', 2.6220550905209024), ('adservice-0/Memory/kpi_container_memory_failures', 2.5965263507682437), ('adservice-0/Disk/kpi_container_fs_reads_MB', 2.560075574408394), ('adservice-1/Memory/kpi_container_memory_working_set_MB', 2.5264149146691857), ('adservice-0/CPU/kpi_container_cpu_cfs_periods', 2.5134882060765555)]
2025-09-07 23:41:59,013 - INFO - ----------
2025-09-07 23:41:59,569 - INFO - [0/100] | train_loss: 0.28546
2025-09-07 23:42:04,701 - INFO - [10/100] | train_loss: 0.82824
2025-09-07 23:42:09,595 - INFO - [20/100] | train_loss: 0.61123
2025-09-07 23:42:14,287 - INFO - [30/100] | train_loss: 0.41300
2025-09-07 23:42:18,996 - INFO - [40/100] | train_loss: 0.28457
2025-09-07 23:42:23,705 - INFO - [50/100] | train_loss: 0.28552
2025-09-07 23:42:28,532 - INFO - [60/100] | train_loss: 0.19806
2025-09-07 23:42:33,908 - INFO - [70/100] | train_loss: 0.16704
2025-09-07 23:42:38,998 - INFO - [80/100] | train_loss: 0.15198
2025-09-07 23:42:43,699 - INFO - [90/100] | train_loss: 0.15382
2025-09-07 23:42:49,020 - INFO - [0/100] | train_loss: 0.19121
2025-09-07 23:42:54,230 - INFO - [10/100] | train_loss: 1.31156
2025-09-07 23:42:59,603 - INFO - [20/100] | train_loss: 0.96518
2025-09-07 23:43:04,919 - INFO - [30/100] | train_loss: 0.76479
2025-09-07 23:43:10,580 - INFO - [40/100] | train_loss: 0.70325
2025-09-07 23:43:15,776 - INFO - [50/100] | train_loss: 0.68869
2025-09-07 23:43:21,490 - INFO - [60/100] | train_loss: 0.67080
2025-09-07 23:43:26,977 - INFO - [70/100] | train_loss: 0.66662
2025-09-07 23:43:32,175 - INFO - [80/100] | train_loss: 0.67317
2025-09-07 23:43:37,882 - INFO - [90/100] | train_loss: 0.67671
2025-09-07 23:43:42,808 - INFO - ----------
2025-09-07 23:43:42,808 - INFO - sample 165/241 | d1: node-2; level: node; fault_type: node 内存消耗
2025-09-07 23:43:42,808 - INFO - sample 165/241 | predict d1: [('node-2', 1.994982207307089), ('paymentservice', 0.058316554558767386), ('paymentservice2-0', 0.058316554558767386), ('paymentservice-2', 0.058310925995171736), ('paymentservice-1', 0.05829932601131471)]
2025-09-07 23:43:42,808 - INFO - sample 165/241 | predict d2: [('node-2/Memory/system.mem.used', 0.7092036247745028), ('node-2/Memory/system.mem.real.used', 0.5883388270500092), ('node-2/Memory/system.mem.usable', 0.5578927534967022), ('node-2/Net/system.net.tcp.retrans_segs', 0.5331130144760579), ('node-2/CPU/system.cpu.iowait', 0.5330239136690409)]
2025-09-07 23:43:42,808 - INFO - ----------
2025-09-07 23:43:43,505 - INFO - [0/100] | train_loss: 0.15639
2025-09-07 23:43:48,907 - INFO - [10/100] | train_loss: 1.32460
2025-09-07 23:43:54,564 - INFO - [20/100] | train_loss: 0.96857
2025-09-07 23:43:59,965 - INFO - [30/100] | train_loss: 0.77724
2025-09-07 23:44:05,695 - INFO - [40/100] | train_loss: 0.75368
2025-09-07 23:44:11,290 - INFO - [50/100] | train_loss: 0.71668
2025-09-07 23:44:16,912 - INFO - [60/100] | train_loss: 0.71332
2025-09-07 23:44:22,310 - INFO - [70/100] | train_loss: 0.72089
2025-09-07 23:44:27,831 - INFO - [80/100] | train_loss: 0.70960
2025-09-07 23:44:33,384 - INFO - [90/100] | train_loss: 0.71073
2025-09-07 23:44:38,627 - INFO - ----------
2025-09-07 23:44:38,628 - INFO - sample 166/241 | d1: currencyservice; level: service; fault_type: k8s容器网络资源包损坏
2025-09-07 23:44:38,628 - INFO - sample 166/241 | predict d1: [('paymentservice-2', 0.17809041591984265), ('paymentservice', 0.17809041591984265), ('checkoutservice', 0.17803823207516611), ('currencyservice', 0.17803823207516611), ('paymentservice2-0', 0.17803536087199667)]
2025-09-07 23:44:38,628 - INFO - sample 166/241 | predict d2: [('<intensity>; hipstershop.PaymentService/Charge; type: upstream', 0.13409725143306073), ('paymentservice/Request/mrt.http', 0.13101785874102934), ('<intensity>; grpc.hipstershop.PaymentService/Charge; type: current', 0.12664591151800053), ('<intensity>; grpc.hipstershop.PaymentService/Charge; type: upstream', 0.12664250537583754), ('paymentservice-0/Network/kpi_container_network_receive_MB', 0.12262551746783235)]
2025-09-07 23:44:38,628 - INFO - ----------
2025-09-07 23:44:39,387 - INFO - [0/100] | train_loss: 0.33696
2025-09-07 23:44:44,697 - INFO - [10/100] | train_loss: 1.54271
2025-09-07 23:44:50,003 - INFO - [20/100] | train_loss: 1.17710
2025-09-07 23:44:55,280 - INFO - [30/100] | train_loss: 1.04390
2025-09-07 23:45:00,494 - INFO - [40/100] | train_loss: 1.03406
2025-09-07 23:45:05,720 - INFO - [50/100] | train_loss: 1.04206
2025-09-07 23:45:11,304 - INFO - [60/100] | train_loss: 1.04553
2025-09-07 23:45:16,887 - INFO - [70/100] | train_loss: 1.05184
2025-09-07 23:45:22,116 - INFO - [80/100] | train_loss: 1.04218
2025-09-07 23:45:27,585 - INFO - [90/100] | train_loss: 1.04664
2025-09-07 23:45:33,281 - INFO - [0/100] | train_loss: 0.30314
2025-09-07 23:45:38,637 - INFO - [10/100] | train_loss: 1.34044
2025-09-07 23:45:44,331 - INFO - [20/100] | train_loss: 0.94548
2025-09-07 23:45:49,846 - INFO - [30/100] | train_loss: 0.69857
2025-09-07 23:45:55,199 - INFO - [40/100] | train_loss: 0.67427
2025-09-07 23:46:00,873 - INFO - [50/100] | train_loss: 0.62716
2025-09-07 23:46:06,277 - INFO - [60/100] | train_loss: 0.61708
2025-09-07 23:46:11,598 - INFO - [70/100] | train_loss: 0.57998
2025-09-07 23:46:17,020 - INFO - [80/100] | train_loss: 0.61837
2025-09-07 23:46:22,385 - INFO - [90/100] | train_loss: 0.58898
2025-09-07 23:46:28,163 - INFO - [0/100] | train_loss: 0.23768
2025-09-07 23:46:33,728 - INFO - [10/100] | train_loss: 1.27688
2025-09-07 23:46:39,765 - INFO - [20/100] | train_loss: 0.87742
2025-09-07 23:46:45,610 - INFO - [30/100] | train_loss: 0.65262
2025-09-07 23:46:51,270 - INFO - [40/100] | train_loss: 0.60194
2025-09-07 23:46:57,381 - INFO - [50/100] | train_loss: 0.57139
2025-09-07 23:47:03,105 - INFO - [60/100] | train_loss: 0.55075
2025-09-07 23:47:08,477 - INFO - [70/100] | train_loss: 0.55390
2025-09-07 23:47:14,089 - INFO - [80/100] | train_loss: 0.54366
2025-09-07 23:47:19,694 - INFO - [90/100] | train_loss: 0.56426
2025-09-07 23:47:25,422 - INFO - [0/100] | train_loss: 0.19481
2025-09-07 23:47:31,012 - INFO - [10/100] | train_loss: 1.28467
2025-09-07 23:47:36,712 - INFO - [20/100] | train_loss: 0.90329
2025-09-07 23:47:42,324 - INFO - [30/100] | train_loss: 0.65099
2025-09-07 23:47:48,019 - INFO - [40/100] | train_loss: 0.57268
2025-09-07 23:47:53,371 - INFO - [50/100] | train_loss: 0.55761
2025-09-07 23:47:58,767 - INFO - [60/100] | train_loss: 0.54032
2025-09-07 23:48:04,012 - INFO - [70/100] | train_loss: 0.52478
2025-09-07 23:48:09,193 - INFO - [80/100] | train_loss: 0.52792
2025-09-07 23:48:14,380 - INFO - [90/100] | train_loss: 0.52910
2025-09-07 23:48:20,307 - INFO - [0/100] | train_loss: 0.18714
2025-09-07 23:48:25,831 - INFO - [10/100] | train_loss: 1.28315
2025-09-07 23:48:30,997 - INFO - [20/100] | train_loss: 0.89177
2025-09-07 23:48:36,692 - INFO - [30/100] | train_loss: 0.65129
2025-09-07 23:48:42,289 - INFO - [40/100] | train_loss: 0.59675
2025-09-07 23:48:47,737 - INFO - [50/100] | train_loss: 0.57908
2025-09-07 23:48:53,119 - INFO - [60/100] | train_loss: 0.57101
2025-09-07 23:48:58,404 - INFO - [70/100] | train_loss: 0.55144
2025-09-07 23:49:04,074 - INFO - [80/100] | train_loss: 0.55605
2025-09-07 23:49:09,303 - INFO - [90/100] | train_loss: 0.55427
2025-09-07 23:49:14,327 - INFO - ----------
2025-09-07 23:49:14,327 - INFO - sample 167/241 | d1: checkoutservice; level: service; fault_type: k8s容器cpu负载
2025-09-07 23:49:14,327 - INFO - sample 167/241 | predict d1: [('checkoutservice-1', 5.8654856132605175), ('checkoutservice', 5.845229155072733), ('checkoutservice-0', 5.837484541258888), ('checkoutservice2-0', 5.835305200442267), ('checkoutservice-2', 4.866395321845333)]
2025-09-07 23:49:14,327 - INFO - sample 167/241 | predict d2: [('checkoutservice-1/Disk/kpi_container_fs_writes', 2.610356394394854), ('checkoutservice-1/Disk/kpi_container_fs_inodes', 2.6099073734544387), ('checkoutservice-1/Disk/kpi_container_fs_reads', 2.5352471756804054), ('checkoutservice-1/Network/kpi_container_network_transmit_packets', 2.511920907646024), ('checkoutservice-0/Memory/kpi_container_memory_failures', 2.5101236168217795)]
2025-09-07 23:49:14,327 - INFO - ----------
2025-09-07 23:49:14,993 - INFO - [0/100] | train_loss: 0.11971
2025-09-07 23:49:20,089 - INFO - [10/100] | train_loss: 1.32771
2025-09-07 23:49:25,786 - INFO - [20/100] | train_loss: 0.89484
2025-09-07 23:49:31,275 - INFO - [30/100] | train_loss: 0.63391
2025-09-07 23:49:36,232 - INFO - [40/100] | train_loss: 0.52252
2025-09-07 23:49:41,423 - INFO - [50/100] | train_loss: 0.49274
2025-09-07 23:49:47,032 - INFO - [60/100] | train_loss: 0.48506
2025-09-07 23:49:52,364 - INFO - [70/100] | train_loss: 0.47002
2025-09-07 23:49:58,337 - INFO - [80/100] | train_loss: 0.47030
2025-09-07 23:50:03,592 - INFO - [90/100] | train_loss: 0.45284
2025-09-07 23:50:09,218 - INFO - [0/100] | train_loss: 0.18826
2025-09-07 23:50:14,399 - INFO - [10/100] | train_loss: 1.32812
2025-09-07 23:50:19,910 - INFO - [20/100] | train_loss: 0.94521
2025-09-07 23:50:25,222 - INFO - [30/100] | train_loss: 0.68676
2025-09-07 23:50:30,474 - INFO - [40/100] | train_loss: 0.58452
2025-09-07 23:50:36,183 - INFO - [50/100] | train_loss: 0.58303
2025-09-07 23:50:41,390 - INFO - [60/100] | train_loss: 0.53145
2025-09-07 23:50:46,971 - INFO - [70/100] | train_loss: 0.51434
2025-09-07 23:50:52,192 - INFO - [80/100] | train_loss: 0.58174
2025-09-07 23:50:57,945 - INFO - [90/100] | train_loss: 0.51096
2025-09-07 23:51:03,702 - INFO - [0/100] | train_loss: 0.17443
2025-09-07 23:51:09,093 - INFO - [10/100] | train_loss: 1.34854
2025-09-07 23:51:14,499 - INFO - [20/100] | train_loss: 0.97249
2025-09-07 23:51:19,893 - INFO - [30/100] | train_loss: 0.76630
2025-09-07 23:51:25,338 - INFO - [40/100] | train_loss: 0.63380
2025-09-07 23:51:30,985 - INFO - [50/100] | train_loss: 0.59403
2025-09-07 23:51:36,186 - INFO - [60/100] | train_loss: 0.67850
2025-09-07 23:51:40,928 - INFO - [70/100] | train_loss: 0.58495
2025-09-07 23:51:46,621 - INFO - [80/100] | train_loss: 0.55189
2025-09-07 23:51:51,963 - INFO - [90/100] | train_loss: 0.54131
2025-09-07 23:51:57,322 - INFO - ----------
2025-09-07 23:51:57,323 - INFO - sample 168/241 | d1: currencyservice; level: service; fault_type: k8s容器网络丢包
2025-09-07 23:51:57,323 - INFO - sample 168/241 | predict d1: [('currencyservice-2', 3.5046208476932037), ('currencyservice-1', 3.4805674671001974), ('currencyservice2-0', 3.0861085678201725), ('currencyservice', 2.5125127243595173), ('frontend', 0.9969832132584997)]
2025-09-07 23:51:57,323 - INFO - sample 168/241 | predict d2: [('currencyservice-2/Network/kpi_container_network_transmit_packets', 1.6764189850041156), ('currencyservice-1/Network/kpi_container_network_transmit_MB', 1.5738239815753623), ('currencyservice-2/Network/kpi_container_network_receive_MB', 1.496327645951423), ('currencyservice-1/Network/kpi_container_network_transmit_packets', 1.4906437331337692), ('currencyservice-2/CPU/kpi_container_cpu_system_seconds', 1.4786457267136672)]
2025-09-07 23:51:57,323 - INFO - ----------
2025-09-07 23:51:57,970 - INFO - [0/100] | train_loss: 0.29170
2025-09-07 23:52:03,440 - INFO - [10/100] | train_loss: 1.67089
2025-09-07 23:52:08,790 - INFO - [20/100] | train_loss: 1.26266
2025-09-07 23:52:14,273 - INFO - [30/100] | train_loss: 1.12588
2025-09-07 23:52:19,878 - INFO - [40/100] | train_loss: 1.09337
2025-09-07 23:52:25,685 - INFO - [50/100] | train_loss: 1.09655
2025-09-07 23:52:30,934 - INFO - [60/100] | train_loss: 1.11269
2025-09-07 23:52:36,237 - INFO - [70/100] | train_loss: 1.10981
2025-09-07 23:52:41,836 - INFO - [80/100] | train_loss: 1.12609
2025-09-07 23:52:47,490 - INFO - [90/100] | train_loss: 1.11214
2025-09-07 23:52:53,286 - INFO - [0/100] | train_loss: 0.23235
2025-09-07 23:52:58,766 - INFO - [10/100] | train_loss: 1.52570
2025-09-07 23:53:03,496 - INFO - [20/100] | train_loss: 1.07570
2025-09-07 23:53:09,088 - INFO - [30/100] | train_loss: 0.86794
2025-09-07 23:53:14,314 - INFO - [40/100] | train_loss: 0.80455
2025-09-07 23:53:19,843 - INFO - [50/100] | train_loss: 0.77210
2025-09-07 23:53:25,163 - INFO - [60/100] | train_loss: 0.74744
2025-09-07 23:53:30,769 - INFO - [70/100] | train_loss: 0.75176
2025-09-07 23:53:36,304 - INFO - [80/100] | train_loss: 0.74421
2025-09-07 23:53:41,595 - INFO - [90/100] | train_loss: 0.74181
2025-09-07 23:53:47,226 - INFO - [0/100] | train_loss: 0.22704
2025-09-07 23:53:52,417 - INFO - [10/100] | train_loss: 1.37009
2025-09-07 23:53:57,723 - INFO - [20/100] | train_loss: 1.01518
2025-09-07 23:54:03,319 - INFO - [30/100] | train_loss: 0.77425
2025-09-07 23:54:09,019 - INFO - [40/100] | train_loss: 0.70288
2025-09-07 23:54:14,165 - INFO - [50/100] | train_loss: 0.82130
2025-09-07 23:54:19,804 - INFO - [60/100] | train_loss: 0.72021
2025-09-07 23:54:24,975 - INFO - [70/100] | train_loss: 0.65654
2025-09-07 23:54:30,390 - INFO - [80/100] | train_loss: 0.75081
2025-09-07 23:54:36,068 - INFO - [90/100] | train_loss: 0.71139
2025-09-07 23:54:41,507 - INFO - [0/100] | train_loss: 0.24768
2025-09-07 23:54:47,012 - INFO - [10/100] | train_loss: 1.36444
2025-09-07 23:54:52,689 - INFO - [20/100] | train_loss: 0.98090
2025-09-07 23:54:58,335 - INFO - [30/100] | train_loss: 0.74053
2025-09-07 23:55:03,677 - INFO - [40/100] | train_loss: 0.70865
2025-09-07 23:55:09,201 - INFO - [50/100] | train_loss: 0.65936
2025-09-07 23:55:14,810 - INFO - [60/100] | train_loss: 0.62603
2025-09-07 23:55:20,119 - INFO - [70/100] | train_loss: 0.61627
2025-09-07 23:55:25,285 - INFO - [80/100] | train_loss: 0.64012
2025-09-07 23:55:30,377 - INFO - [90/100] | train_loss: 0.60817
2025-09-07 23:55:36,076 - INFO - [0/100] | train_loss: 0.22467
2025-09-07 23:55:41,428 - INFO - [10/100] | train_loss: 1.49437
2025-09-07 23:55:47,245 - INFO - [20/100] | train_loss: 1.02382
2025-09-07 23:55:52,902 - INFO - [30/100] | train_loss: 0.80013
2025-09-07 23:55:58,493 - INFO - [40/100] | train_loss: 0.78870
2025-09-07 23:56:04,387 - INFO - [50/100] | train_loss: 0.68010
2025-09-07 23:56:09,685 - INFO - [60/100] | train_loss: 0.67271
2025-09-07 23:56:15,023 - INFO - [70/100] | train_loss: 0.66893
2025-09-07 23:56:20,212 - INFO - [80/100] | train_loss: 0.71176
2025-09-07 23:56:25,016 - INFO - [90/100] | train_loss: 0.64240
2025-09-07 23:56:30,295 - INFO - [0/100] | train_loss: 0.27449
2025-09-07 23:56:35,626 - INFO - [10/100] | train_loss: 1.44643
2025-09-07 23:56:40,895 - INFO - [20/100] | train_loss: 1.05107
2025-09-07 23:56:46,177 - INFO - [30/100] | train_loss: 0.83262
2025-09-07 23:56:51,636 - INFO - [40/100] | train_loss: 0.77945
2025-09-07 23:56:57,003 - INFO - [50/100] | train_loss: 0.73754
2025-09-07 23:57:02,046 - INFO - [60/100] | train_loss: 0.70901
2025-09-07 23:57:07,593 - INFO - [70/100] | train_loss: 0.70082
2025-09-07 23:57:13,134 - INFO - [80/100] | train_loss: 0.68574
2025-09-07 23:57:18,437 - INFO - [90/100] | train_loss: 0.68767
2025-09-07 23:57:23,867 - INFO - ----------
2025-09-07 23:57:23,867 - INFO - sample 169/241 | d1: checkoutservice; level: service; fault_type: k8s容器网络资源包损坏
2025-09-07 23:57:23,867 - INFO - sample 169/241 | predict d1: [('checkoutservice-0', 6.227890628484946), ('checkoutservice-1', 6.186672174906409), ('checkoutservice2-0', 6.147056291299862), ('checkoutservice', 6.108040877576013), ('checkoutservice-2', 6.029514469665642)]
2025-09-07 23:57:23,868 - INFO - sample 169/241 | predict d2: [('checkoutservice-0/Network/kpi_container_network_transmit_packets', 3.906990361132401), ('checkoutservice/Request/count.http', 3.6719129036032854), ('checkoutservice-0/Other/kpi_container_file_descriptors', 3.6317130177322845), ('checkoutservice/Request/mrt.grpc', 3.587969444475835), ('checkoutservice-0/Network/kpi_container_network_transmit_MB', 3.564737317547376)]
2025-09-07 23:57:23,868 - INFO - ----------
2025-09-07 23:57:24,500 - INFO - [0/100] | train_loss: 0.14619
2025-09-07 23:57:29,806 - INFO - [10/100] | train_loss: 1.31676
2025-09-07 23:57:35,381 - INFO - [20/100] | train_loss: 0.95901
2025-09-07 23:57:40,986 - INFO - [30/100] | train_loss: 0.77210
2025-09-07 23:57:46,220 - INFO - [40/100] | train_loss: 0.70532
2025-09-07 23:57:51,810 - INFO - [50/100] | train_loss: 0.68791
2025-09-07 23:57:57,213 - INFO - [60/100] | train_loss: 0.69914
2025-09-07 23:58:02,434 - INFO - [70/100] | train_loss: 0.67516
2025-09-07 23:58:08,481 - INFO - [80/100] | train_loss: 0.68299
2025-09-07 23:58:13,765 - INFO - [90/100] | train_loss: 0.69073
2025-09-07 23:58:18,765 - INFO - ----------
2025-09-07 23:58:18,765 - INFO - sample 170/241 | d1: productcatalogservice2-0; level: pod; fault_type: k8s容器网络资源包重复发送
2025-09-07 23:58:18,765 - INFO - sample 170/241 | predict d1: [('paymentservice', 0.14014453785438175), ('paymentservice-2', 0.14014453785438175), ('paymentservice2-0', 0.14004834504315067), ('paymentservice-0', 0.14003440206515716), ('checkoutservice', 0.14000391467916273)]
2025-09-07 23:58:18,765 - INFO - sample 170/241 | predict d2: [('<intensity>; hipstershop.PaymentService/Charge; type: upstream', 0.10176516874830188), ('paymentservice/Request/mrt.http', 0.09914295305756582), ('<intensity>; grpc.hipstershop.PaymentService/Charge; type: upstream', 0.09748643454769912), ('<intensity>; grpc.hipstershop.PaymentService/Charge; type: current', 0.09453193983337638), ('paymentservice-2/Memory/kpi_container_memory_failures', 0.08903319505834162)]
2025-09-07 23:58:18,765 - INFO - ----------
2025-09-07 23:58:19,468 - INFO - [0/100] | train_loss: 0.20957
2025-09-07 23:58:24,468 - INFO - [10/100] | train_loss: 1.40687
2025-09-07 23:58:30,009 - INFO - [20/100] | train_loss: 1.07333
2025-09-07 23:58:35,494 - INFO - [30/100] | train_loss: 0.90238
2025-09-07 23:58:41,263 - INFO - [40/100] | train_loss: 0.88263
2025-09-07 23:58:46,701 - INFO - [50/100] | train_loss: 0.87082
2025-09-07 23:58:52,226 - INFO - [60/100] | train_loss: 0.88010
2025-09-07 23:58:58,183 - INFO - [70/100] | train_loss: 0.87846
2025-09-07 23:59:03,912 - INFO - [80/100] | train_loss: 0.88275
2025-09-07 23:59:09,895 - INFO - [90/100] | train_loss: 0.88155
2025-09-07 23:59:15,824 - INFO - [0/100] | train_loss: 0.10606
2025-09-07 23:59:21,190 - INFO - [10/100] | train_loss: 1.25227
2025-09-07 23:59:26,702 - INFO - [20/100] | train_loss: 0.85161
2025-09-07 23:59:31,481 - INFO - [30/100] | train_loss: 0.59548
2025-09-07 23:59:36,733 - INFO - [40/100] | train_loss: 0.49927
2025-09-07 23:59:42,010 - INFO - [50/100] | train_loss: 0.46817
2025-09-07 23:59:47,328 - INFO - [60/100] | train_loss: 0.46926
2025-09-07 23:59:53,275 - INFO - [70/100] | train_loss: 0.45267
2025-09-07 23:59:58,206 - INFO - [80/100] | train_loss: 0.44729
2025-09-08 00:00:03,522 - INFO - [90/100] | train_loss: 0.44863
2025-09-08 00:00:09,379 - INFO - [0/100] | train_loss: 0.12419
2025-09-08 00:00:15,001 - INFO - [10/100] | train_loss: 1.26794
2025-09-08 00:00:20,280 - INFO - [20/100] | train_loss: 0.87571
2025-09-08 00:00:25,816 - INFO - [30/100] | train_loss: 0.61564
2025-09-08 00:00:31,002 - INFO - [40/100] | train_loss: 0.49606
2025-09-08 00:00:36,275 - INFO - [50/100] | train_loss: 0.47407
2025-09-08 00:00:42,379 - INFO - [60/100] | train_loss: 0.47468
2025-09-08 00:00:48,074 - INFO - [70/100] | train_loss: 0.47190
2025-09-08 00:00:54,001 - INFO - [80/100] | train_loss: 0.45282
2025-09-08 00:00:58,987 - INFO - [90/100] | train_loss: 0.47954
2025-09-08 00:01:04,386 - INFO - [0/100] | train_loss: 0.15448
2025-09-08 00:01:09,716 - INFO - [10/100] | train_loss: 1.28842
2025-09-08 00:01:15,085 - INFO - [20/100] | train_loss: 0.89675
2025-09-08 00:01:20,445 - INFO - [30/100] | train_loss: 0.71244
2025-09-08 00:01:25,791 - INFO - [40/100] | train_loss: 0.54695
2025-09-08 00:01:31,482 - INFO - [50/100] | train_loss: 0.51331
2025-09-08 00:01:37,074 - INFO - [60/100] | train_loss: 0.50929
2025-09-08 00:01:42,133 - INFO - [70/100] | train_loss: 0.51225
2025-09-08 00:01:47,919 - INFO - [80/100] | train_loss: 0.51413
2025-09-08 00:01:53,330 - INFO - [90/100] | train_loss: 0.49024
2025-09-08 00:01:59,129 - INFO - [0/100] | train_loss: 0.16783
2025-09-08 00:02:04,767 - INFO - [10/100] | train_loss: 1.31236
2025-09-08 00:02:10,479 - INFO - [20/100] | train_loss: 0.96505
2025-09-08 00:02:16,285 - INFO - [30/100] | train_loss: 0.70417
2025-09-08 00:02:21,771 - INFO - [40/100] | train_loss: 0.62145
2025-09-08 00:02:27,405 - INFO - [50/100] | train_loss: 0.56518
2025-09-08 00:02:32,823 - INFO - [60/100] | train_loss: 0.53250
2025-09-08 00:02:38,463 - INFO - [70/100] | train_loss: 0.52006
2025-09-08 00:02:44,267 - INFO - [80/100] | train_loss: 0.55024
2025-09-08 00:02:49,542 - INFO - [90/100] | train_loss: 0.51278
2025-09-08 00:02:54,823 - INFO - [0/100] | train_loss: 0.15559
2025-09-08 00:03:00,604 - INFO - [10/100] | train_loss: 1.43527
2025-09-08 00:03:06,322 - INFO - [20/100] | train_loss: 0.94730
2025-09-08 00:03:11,810 - INFO - [30/100] | train_loss: 0.71923
2025-09-08 00:03:16,610 - INFO - [40/100] | train_loss: 0.65832
2025-09-08 00:03:22,363 - INFO - [50/100] | train_loss: 0.55184
2025-09-08 00:03:27,625 - INFO - [60/100] | train_loss: 0.54172
2025-09-08 00:03:33,198 - INFO - [70/100] | train_loss: 0.51708
2025-09-08 00:03:38,205 - INFO - [80/100] | train_loss: 0.50534
2025-09-08 00:03:43,914 - INFO - [90/100] | train_loss: 0.50937
2025-09-08 00:03:49,284 - INFO - ----------
2025-09-08 00:03:49,284 - INFO - sample 171/241 | d1: productcatalogservice; level: service; fault_type: k8s容器网络丢包
2025-09-08 00:03:49,284 - INFO - sample 171/241 | predict d1: [('recommendationservice', 4.859999962094207), ('productcatalogservice-0', 4.595535458873371), ('productcatalogservice-2', 4.592407499919258), ('productcatalogservice-1', 4.561509966061703), ('productcatalogservice', 4.321198848775213)]
2025-09-08 00:03:49,284 - INFO - sample 171/241 | predict d2: [('productcatalogservice/Request/mrt.grpc', 2.418185821727553), ('recommendationservice/Request/mrt.grpc', 2.270940602451029), ('recommendationservice/Request/mrt.http', 2.2520450182842016), ('productcatalogservice-0/Network/kpi_container_network_transmit_packets', 2.22358960290825), ('productcatalogservice-0/Network/kpi_container_network_receive_MB', 2.206312439143053)]
2025-09-08 00:03:49,284 - INFO - ----------
2025-09-08 00:03:49,929 - INFO - [0/100] | train_loss: 0.17027
2025-09-08 00:03:55,609 - INFO - [10/100] | train_loss: 1.36094
2025-09-08 00:04:01,366 - INFO - [20/100] | train_loss: 1.01886
2025-09-08 00:04:07,000 - INFO - [30/100] | train_loss: 0.82793
2025-09-08 00:04:12,577 - INFO - [40/100] | train_loss: 0.75477
2025-09-08 00:04:18,590 - INFO - [50/100] | train_loss: 0.74486
2025-09-08 00:04:23,984 - INFO - [60/100] | train_loss: 0.78964
2025-09-08 00:04:29,229 - INFO - [70/100] | train_loss: 0.77121
2025-09-08 00:04:34,811 - INFO - [80/100] | train_loss: 0.74970
2025-09-08 00:04:40,565 - INFO - [90/100] | train_loss: 0.74827
2025-09-08 00:04:46,173 - INFO - [0/100] | train_loss: 0.35042
2025-09-08 00:04:51,705 - INFO - [10/100] | train_loss: 1.36015
2025-09-08 00:04:57,336 - INFO - [20/100] | train_loss: 0.98148
2025-09-08 00:05:02,676 - INFO - [30/100] | train_loss: 0.78623
2025-09-08 00:05:08,286 - INFO - [40/100] | train_loss: 0.65369
2025-09-08 00:05:13,201 - INFO - [50/100] | train_loss: 0.65948
2025-09-08 00:05:18,724 - INFO - [60/100] | train_loss: 0.63135
2025-09-08 00:05:24,230 - INFO - [70/100] | train_loss: 0.59216
2025-09-08 00:05:29,712 - INFO - [80/100] | train_loss: 0.57089
2025-09-08 00:05:34,884 - INFO - [90/100] | train_loss: 0.56098
2025-09-08 00:05:40,293 - INFO - ----------
2025-09-08 00:05:40,293 - INFO - sample 172/241 | d1: shippingservice-1; level: pod; fault_type: k8s容器内存负载
2025-09-08 00:05:40,293 - INFO - sample 172/241 | predict d1: [('shippingservice-1', 1.9886934298987846), ('checkoutservice', 1.528788461558296), ('paymentservice', 1.091978032685983), ('shippingservice', 1.0052122260058354), ('shippingservice-2', 0.9905071627056365)]
2025-09-08 00:05:40,293 - INFO - sample 172/241 | predict d2: [('shippingservice-1/CPU/kpi_container_cpu_cfs_throttled_seconds', 0.7773423761224905), ('shippingservice-1/Other/kpi_container_sockets', 0.7750787326116182), ('shippingservice-1/Network/kpi_container_network_transmit_MB', 0.7444754730143046), ('shippingservice-1/Memory/kpi_container_memory_rss', 0.7372855699527641), ('<intensity>; cmdb_id: shippingservice-1; type: downstream', 0.7343838920035637)]
2025-09-08 00:05:40,293 - INFO - ----------
2025-09-08 00:05:40,938 - INFO - [0/100] | train_loss: 0.14956
2025-09-08 00:05:46,465 - INFO - [10/100] | train_loss: 1.30237
2025-09-08 00:05:52,068 - INFO - [20/100] | train_loss: 0.96036
2025-09-08 00:05:57,211 - INFO - [30/100] | train_loss: 0.75174
2025-09-08 00:06:02,403 - INFO - [40/100] | train_loss: 0.69586
2025-09-08 00:06:07,319 - INFO - [50/100] | train_loss: 0.68172
2025-09-08 00:06:12,517 - INFO - [60/100] | train_loss: 0.66343
2025-09-08 00:06:17,787 - INFO - [70/100] | train_loss: 0.65060
2025-09-08 00:06:23,110 - INFO - [80/100] | train_loss: 0.66018
2025-09-08 00:06:28,563 - INFO - [90/100] | train_loss: 0.66463
2025-09-08 00:06:33,334 - INFO - ----------
2025-09-08 00:06:33,334 - INFO - sample 173/241 | d1: node-4; level: node; fault_type: node节点CPU爬升
2025-09-08 00:06:33,334 - INFO - sample 173/241 | predict d1: [('paymentservice', 0.042155672329835525), ('paymentservice2-0', 0.042155672329835525), ('paymentservice-2', 0.042152806909800944), ('paymentservice-1', 0.04212430759702457), ('checkoutservice', 0.04209952558591468)]
2025-09-08 00:06:33,334 - INFO - sample 173/241 | predict d2: [('paymentservice-2/Network/kpi_container_network_transmit_MB', 0.027180600010190403), ('paymentservice-0/Network/kpi_container_network_transmit_MB', 0.022118427648503136), ('paymentservice-1/Network/kpi_container_network_transmit_MB', 0.022086951912934083), ('paymentservice2-0/Network/kpi_container_network_transmit_MB', 0.022016134734728077), ('<duration>; hipstershop.PaymentService/Charge; type: current', 0.021538274314771844)]
2025-09-08 00:06:33,334 - INFO - ----------
2025-09-08 00:06:34,036 - INFO - [0/100] | train_loss: 0.06464
2025-09-08 00:06:38,896 - INFO - [10/100] | train_loss: 0.70298
2025-09-08 00:06:43,687 - INFO - [20/100] | train_loss: 0.45336
2025-09-08 00:06:48,326 - INFO - [30/100] | train_loss: 0.27581
2025-09-08 00:06:53,174 - INFO - [40/100] | train_loss: 0.22600
2025-09-08 00:06:57,929 - INFO - [50/100] | train_loss: 0.16878
2025-09-08 00:07:03,072 - INFO - [60/100] | train_loss: 0.15370
2025-09-08 00:07:08,274 - INFO - [70/100] | train_loss: 0.15239
2025-09-08 00:07:13,377 - INFO - [80/100] | train_loss: 0.14555
2025-09-08 00:07:18,397 - INFO - [90/100] | train_loss: 0.13436
2025-09-08 00:07:23,566 - INFO - [0/100] | train_loss: 0.16942
2025-09-08 00:07:29,363 - INFO - [10/100] | train_loss: 1.32126
2025-09-08 00:07:34,688 - INFO - [20/100] | train_loss: 0.97713
2025-09-08 00:07:40,080 - INFO - [30/100] | train_loss: 0.79036
2025-09-08 00:07:45,672 - INFO - [40/100] | train_loss: 0.70215
2025-09-08 00:07:50,904 - INFO - [50/100] | train_loss: 0.67926
2025-09-08 00:07:56,287 - INFO - [60/100] | train_loss: 0.67235
2025-09-08 00:08:01,903 - INFO - [70/100] | train_loss: 0.66289
2025-09-08 00:08:07,536 - INFO - [80/100] | train_loss: 0.67138
2025-09-08 00:08:13,606 - INFO - [90/100] | train_loss: 0.67029
2025-09-08 00:08:19,115 - INFO - ----------
2025-09-08 00:08:19,116 - INFO - sample 174/241 | d1: node-2; level: node; fault_type: node 内存消耗
2025-09-08 00:08:19,116 - INFO - sample 174/241 | predict d1: [('node-2', 1.9966367371772265), ('paymentservice', 0.09987843391085427), ('paymentservice2-0', 0.09987843391085427), ('paymentservice-0', 0.09987733300940427), ('paymentservice-1', 0.09987510062590843)]
2025-09-08 00:08:19,116 - INFO - sample 174/241 | predict d2: [('node-2/Memory/system.mem.real.used', 0.6922601585567634), ('node-2/Memory/system.mem.used', 0.6741341124387361), ('node-2/Memory/system.mem.real.pct_useage', 0.6571825295958718), ('node-2/Memory/system.mem.usable', 0.652163138416995), ('node-2/Memory/system.mem.pct_usage', 0.6416035180118627)]
2025-09-08 00:08:19,116 - INFO - ----------
2025-09-08 00:08:19,721 - INFO - [0/100] | train_loss: 0.19359
2025-09-08 00:08:25,786 - INFO - [10/100] | train_loss: 1.25039
2025-09-08 00:08:31,393 - INFO - [20/100] | train_loss: 0.85903
2025-09-08 00:08:37,278 - INFO - [30/100] | train_loss: 0.58333
2025-09-08 00:08:42,596 - INFO - [40/100] | train_loss: 0.49201
2025-09-08 00:08:48,316 - INFO - [50/100] | train_loss: 0.44175
2025-09-08 00:08:53,765 - INFO - [60/100] | train_loss: 0.45019
2025-09-08 00:08:59,389 - INFO - [70/100] | train_loss: 0.42538
2025-09-08 00:09:05,138 - INFO - [80/100] | train_loss: 0.41471
2025-09-08 00:09:10,721 - INFO - [90/100] | train_loss: 0.41251
2025-09-08 00:09:16,291 - INFO - [0/100] | train_loss: 0.22776
2025-09-08 00:09:21,371 - INFO - [10/100] | train_loss: 1.33219
2025-09-08 00:09:27,411 - INFO - [20/100] | train_loss: 0.98620
2025-09-08 00:09:32,594 - INFO - [30/100] | train_loss: 0.71691
2025-09-08 00:09:37,680 - INFO - [40/100] | train_loss: 0.61145
2025-09-08 00:09:43,137 - INFO - [50/100] | train_loss: 0.54160
2025-09-08 00:09:48,797 - INFO - [60/100] | train_loss: 0.51942
2025-09-08 00:09:54,107 - INFO - [70/100] | train_loss: 0.52783
2025-09-08 00:09:59,696 - INFO - [80/100] | train_loss: 0.50314
2025-09-08 00:10:05,268 - INFO - [90/100] | train_loss: 0.50152
2025-09-08 00:10:10,866 - INFO - ----------
2025-09-08 00:10:10,866 - INFO - sample 175/241 | d1: paymentservice-1; level: pod; fault_type: k8s容器读io负载
2025-09-08 00:10:10,867 - INFO - sample 175/241 | predict d1: [('paymentservice-1', 2.685585843496625), ('paymentservice2-0', 2.4264973887539867), ('paymentservice', 1.7004898623527431), ('paymentservice-0', 1.7003968019207178), ('checkoutservice', 0.7279572291846994)]
2025-09-08 00:10:10,867 - INFO - sample 175/241 | predict d2: [('paymentservice-1/Disk/kpi_container_fs_reads_MB', 1.2552189547042865), ('paymentservice-1/Disk/kpi_container_fs_usage_MB', 1.2484040542472137), ('paymentservice-1/CPU/kpi_container_cpu_usage_seconds', 1.2348694227126025), ('paymentservice-1/Memory/kpi_container_memory_cache', 1.224146597669936), ('paymentservice-1/CPU/kpi_container_cpu_cfs_periods', 1.2049369437891357)]
2025-09-08 00:10:10,867 - INFO - ----------
2025-09-08 00:10:11,568 - INFO - [0/100] | train_loss: 0.22137
2025-09-08 00:10:16,730 - INFO - [10/100] | train_loss: 0.83823
2025-09-08 00:10:21,865 - INFO - [20/100] | train_loss: 0.58736
2025-09-08 00:10:27,194 - INFO - [30/100] | train_loss: 0.47594
2025-09-08 00:10:31,910 - INFO - [40/100] | train_loss: 0.34923
2025-09-08 00:10:36,883 - INFO - [50/100] | train_loss: 0.35801
2025-09-08 00:10:41,829 - INFO - [60/100] | train_loss: 0.29644
2025-09-08 00:10:47,137 - INFO - [70/100] | train_loss: 0.29479
2025-09-08 00:10:52,196 - INFO - [80/100] | train_loss: 0.26838
2025-09-08 00:10:56,944 - INFO - [90/100] | train_loss: 0.26334
2025-09-08 00:11:01,918 - INFO - [0/100] | train_loss: 0.14498
2025-09-08 00:11:07,203 - INFO - [10/100] | train_loss: 1.31674
2025-09-08 00:11:12,488 - INFO - [20/100] | train_loss: 0.96475
2025-09-08 00:11:18,007 - INFO - [30/100] | train_loss: 0.75818
2025-09-08 00:11:23,571 - INFO - [40/100] | train_loss: 0.70208
2025-09-08 00:11:29,191 - INFO - [50/100] | train_loss: 0.68565
2025-09-08 00:11:34,213 - INFO - [60/100] | train_loss: 0.67044
2025-09-08 00:11:39,892 - INFO - [70/100] | train_loss: 0.66906
2025-09-08 00:11:45,702 - INFO - [80/100] | train_loss: 0.70173
2025-09-08 00:11:50,680 - INFO - [90/100] | train_loss: 0.69366
2025-09-08 00:11:56,283 - INFO - ----------
2025-09-08 00:11:56,283 - INFO - sample 176/241 | d1: node-3; level: node; fault_type: node 磁盘空间消耗
2025-09-08 00:11:56,283 - INFO - sample 176/241 | predict d1: [('node-3', 0.3363158225016605), ('paymentservice', 0.07751850430249618), ('paymentservice-2', 0.07751850430249618), ('paymentservice2-0', 0.07749025053940706), ('paymentservice-0', 0.07748788062382772)]
2025-09-08 00:11:56,283 - INFO - sample 176/241 | predict d2: [('node-3/CPU/system.load.5', 0.28427023065745516), ('node-3/CPU/system.cpu.pct_usage', 0.25217740558787227), ('node-3/CPU/system.load.15', 0.2446385830629083), ('node-3/CPU/system.cpu.system', 0.22477324338808558), ('node-3/Disk/system.io.avg_q_sz', 0.21510966278043497)]
2025-09-08 00:11:56,283 - INFO - ----------
2025-09-08 00:11:57,021 - INFO - [0/100] | train_loss: 0.31667
2025-09-08 00:12:02,187 - INFO - [10/100] | train_loss: 1.36467
2025-09-08 00:12:07,689 - INFO - [20/100] | train_loss: 1.00541
2025-09-08 00:12:12,765 - INFO - [30/100] | train_loss: 0.79412
2025-09-08 00:12:18,425 - INFO - [40/100] | train_loss: 0.74504
2025-09-08 00:12:23,676 - INFO - [50/100] | train_loss: 0.72949
2025-09-08 00:12:29,095 - INFO - [60/100] | train_loss: 0.72105
2025-09-08 00:12:34,614 - INFO - [70/100] | train_loss: 0.71701
2025-09-08 00:12:40,104 - INFO - [80/100] | train_loss: 0.71759
2025-09-08 00:12:45,529 - INFO - [90/100] | train_loss: 0.72084
2025-09-08 00:12:50,805 - INFO - [0/100] | train_loss: 0.20793
2025-09-08 00:12:56,305 - INFO - [10/100] | train_loss: 1.37151
2025-09-08 00:13:01,164 - INFO - [20/100] | train_loss: 1.03034
2025-09-08 00:13:06,720 - INFO - [30/100] | train_loss: 0.82987
2025-09-08 00:13:11,598 - INFO - [40/100] | train_loss: 0.78086
2025-09-08 00:13:17,197 - INFO - [50/100] | train_loss: 0.76878
2025-09-08 00:13:23,297 - INFO - [60/100] | train_loss: 0.75031
2025-09-08 00:13:28,463 - INFO - [70/100] | train_loss: 0.82789
2025-09-08 00:13:33,866 - INFO - [80/100] | train_loss: 0.81458
2025-09-08 00:13:39,279 - INFO - [90/100] | train_loss: 0.75888
2025-09-08 00:13:45,763 - INFO - [0/100] | train_loss: 0.29092
2025-09-08 00:13:51,089 - INFO - [10/100] | train_loss: 1.25810
2025-09-08 00:13:56,531 - INFO - [20/100] | train_loss: 0.87062
2025-09-08 00:14:01,715 - INFO - [30/100] | train_loss: 0.60520
2025-09-08 00:14:07,034 - INFO - [40/100] | train_loss: 0.48635
2025-09-08 00:14:12,785 - INFO - [50/100] | train_loss: 0.44502
2025-09-08 00:14:18,365 - INFO - [60/100] | train_loss: 0.43114
2025-09-08 00:14:23,615 - INFO - [70/100] | train_loss: 0.42280
2025-09-08 00:14:28,916 - INFO - [80/100] | train_loss: 0.41471
2025-09-08 00:14:34,519 - INFO - [90/100] | train_loss: 0.41020
2025-09-08 00:14:40,235 - INFO - [0/100] | train_loss: 0.31401
2025-09-08 00:14:45,902 - INFO - [10/100] | train_loss: 1.28446
2025-09-08 00:14:50,643 - INFO - [20/100] | train_loss: 0.89490
2025-09-08 00:14:55,683 - INFO - [30/100] | train_loss: 0.62662
2025-09-08 00:15:01,013 - INFO - [40/100] | train_loss: 0.50750
2025-09-08 00:15:06,221 - INFO - [50/100] | train_loss: 0.46848
2025-09-08 00:15:11,579 - INFO - [60/100] | train_loss: 0.45204
2025-09-08 00:15:16,975 - INFO - [70/100] | train_loss: 0.44330
2025-09-08 00:15:22,393 - INFO - [80/100] | train_loss: 0.44067
2025-09-08 00:15:27,763 - INFO - [90/100] | train_loss: 0.43415
2025-09-08 00:15:33,112 - INFO - [0/100] | train_loss: 0.34424
2025-09-08 00:15:38,611 - INFO - [10/100] | train_loss: 1.30163
2025-09-08 00:15:44,003 - INFO - [20/100] | train_loss: 0.91105
2025-09-08 00:15:49,425 - INFO - [30/100] | train_loss: 0.62759
2025-09-08 00:15:55,088 - INFO - [40/100] | train_loss: 0.50682
2025-09-08 00:16:00,219 - INFO - [50/100] | train_loss: 0.47398
2025-09-08 00:16:05,563 - INFO - [60/100] | train_loss: 0.45422
2025-09-08 00:16:11,128 - INFO - [70/100] | train_loss: 0.44242
2025-09-08 00:16:16,600 - INFO - [80/100] | train_loss: 0.43963
2025-09-08 00:16:22,117 - INFO - [90/100] | train_loss: 0.43463
2025-09-08 00:16:27,693 - INFO - [0/100] | train_loss: 0.35480
2025-09-08 00:16:32,992 - INFO - [10/100] | train_loss: 1.36136
2025-09-08 00:16:38,180 - INFO - [20/100] | train_loss: 0.96249
2025-09-08 00:16:43,237 - INFO - [30/100] | train_loss: 0.69088
2025-09-08 00:16:48,501 - INFO - [40/100] | train_loss: 0.54987
2025-09-08 00:16:54,294 - INFO - [50/100] | train_loss: 0.50705
2025-09-08 00:16:59,970 - INFO - [60/100] | train_loss: 0.49060
2025-09-08 00:17:05,225 - INFO - [70/100] | train_loss: 0.47334
2025-09-08 00:17:10,766 - INFO - [80/100] | train_loss: 0.47441
2025-09-08 00:17:15,894 - INFO - [90/100] | train_loss: 0.46384
2025-09-08 00:17:21,115 - INFO - [0/100] | train_loss: 0.21659
2025-09-08 00:17:26,436 - INFO - [10/100] | train_loss: 1.28714
2025-09-08 00:17:31,385 - INFO - [20/100] | train_loss: 0.92285
2025-09-08 00:17:37,038 - INFO - [30/100] | train_loss: 0.66103
2025-09-08 00:17:42,695 - INFO - [40/100] | train_loss: 0.56900
2025-09-08 00:17:47,923 - INFO - [50/100] | train_loss: 0.50258
2025-09-08 00:17:53,086 - INFO - [60/100] | train_loss: 0.49151
2025-09-08 00:17:58,785 - INFO - [70/100] | train_loss: 0.47991
2025-09-08 00:18:04,229 - INFO - [80/100] | train_loss: 0.50055
2025-09-08 00:18:09,699 - INFO - [90/100] | train_loss: 0.50067
2025-09-08 00:18:15,165 - INFO - ----------
2025-09-08 00:18:15,166 - INFO - sample 177/241 | d1: emailservice; level: service; fault_type: k8s容器读io负载
2025-09-08 00:18:15,166 - INFO - sample 177/241 | predict d1: [('emailservice-0', 5.865792618920018), ('emailservice-1', 5.865039623878253), ('emailservice', 5.861494185552148), ('checkoutservice', 5.373649683261979), ('emailservice-2', 4.893375867387553)]
2025-09-08 00:18:15,166 - INFO - sample 177/241 | predict d2: [('emailservice-1/Disk/kpi_container_fs_reads_MB', 2.611985295872783), ('emailservice2-0/Disk/kpi_container_fs_reads_MB', 2.596032728082527), ('emailservice-1/CPU/kpi_container_cpu_usage_seconds', 2.553596996578694), ('emailservice-1/Disk/kpi_container_fs_usage_MB', 2.5374394844007018), ('emailservice-2/Disk/kpi_container_fs_reads_MB', 2.522258866846009)]
2025-09-08 00:18:15,166 - INFO - ----------
2025-09-08 00:18:15,732 - INFO - [0/100] | train_loss: 0.25319
2025-09-08 00:18:21,326 - INFO - [10/100] | train_loss: 1.26796
2025-09-08 00:18:26,998 - INFO - [20/100] | train_loss: 0.85472
2025-09-08 00:18:31,720 - INFO - [30/100] | train_loss: 0.58991
2025-09-08 00:18:36,447 - INFO - [40/100] | train_loss: 0.49747
2025-09-08 00:18:41,722 - INFO - [50/100] | train_loss: 0.47533
2025-09-08 00:18:47,080 - INFO - [60/100] | train_loss: 0.46372
2025-09-08 00:18:52,637 - INFO - [70/100] | train_loss: 0.45534
2025-09-08 00:18:58,268 - INFO - [80/100] | train_loss: 0.44931
2025-09-08 00:19:03,511 - INFO - [90/100] | train_loss: 0.44100
2025-09-08 00:19:08,434 - INFO - ----------
2025-09-08 00:19:08,434 - INFO - sample 178/241 | d1: shippingservice-2; level: pod; fault_type: k8s容器内存负载
2025-09-08 00:19:08,434 - INFO - sample 178/241 | predict d1: [('shippingservice-2', 1.980156526249388), ('shippingservice', 0.9857773038563522), ('frontend', 0.9857152485638743), ('shippingservice-1', 0.9856968157119539), ('shippingservice-0', 0.9856389685625189)]
2025-09-08 00:19:08,434 - INFO - sample 178/241 | predict d2: [('shippingservice-2/CPU/kpi_container_cpu_cfs_periods', 0.6724549164086646), ('shippingservice-2/Thread/kpi_container_threads', 0.6511203424165224), ('shippingservice-2/Memory/kpi_container_memory_working_set_MB', 0.6501770664090856), ('shippingservice-2/Memory/kpi_container_memory_cache', 0.6498843930239318), ('shippingservice-2/CPU/kpi_container_cpu_system_seconds', 0.6477861299252652)]
2025-09-08 00:19:08,434 - INFO - ----------
2025-09-08 00:19:08,917 - INFO - [0/100] | train_loss: 0.04266
2025-09-08 00:19:14,096 - INFO - [10/100] | train_loss: 0.64600
2025-09-08 00:19:19,127 - INFO - [20/100] | train_loss: 0.39675
2025-09-08 00:19:24,724 - INFO - [30/100] | train_loss: 0.25762
2025-09-08 00:19:29,500 - INFO - [40/100] | train_loss: 0.20322
2025-09-08 00:19:34,617 - INFO - [50/100] | train_loss: 0.16882
2025-09-08 00:19:39,403 - INFO - [60/100] | train_loss: 0.16049
2025-09-08 00:19:44,065 - INFO - [70/100] | train_loss: 0.16394
2025-09-08 00:19:48,990 - INFO - [80/100] | train_loss: 0.14499
2025-09-08 00:19:54,178 - INFO - [90/100] | train_loss: 0.15806
2025-09-08 00:19:59,114 - INFO - [0/100] | train_loss: 0.12121
2025-09-08 00:20:04,218 - INFO - [10/100] | train_loss: 1.25853
2025-09-08 00:20:09,620 - INFO - [20/100] | train_loss: 0.88151
2025-09-08 00:20:15,092 - INFO - [30/100] | train_loss: 0.60010
2025-09-08 00:20:20,511 - INFO - [40/100] | train_loss: 0.48259
2025-09-08 00:20:26,114 - INFO - [50/100] | train_loss: 0.44944
2025-09-08 00:20:31,688 - INFO - [60/100] | train_loss: 0.43391
2025-09-08 00:20:37,088 - INFO - [70/100] | train_loss: 0.41886
2025-09-08 00:20:42,401 - INFO - [80/100] | train_loss: 0.42348
2025-09-08 00:20:48,028 - INFO - [90/100] | train_loss: 0.44711
2025-09-08 00:20:53,387 - INFO - ----------
2025-09-08 00:20:53,387 - INFO - sample 179/241 | d1: node-6; level: node; fault_type: node节点CPU爬升
2025-09-08 00:20:53,387 - INFO - sample 179/241 | predict d1: [('node-6', 1.9589952826027712), ('paymentservice', 0.05483392578903601), ('paymentservice-0', 0.05483392578903601), ('paymentservice-2', 0.05483319785925822), ('paymentservice2-0', 0.0548320120912944)]
2025-09-08 00:20:53,387 - INFO - sample 179/241 | predict d2: [('node-6/CPU/system.cpu.user', 0.773845955789767), ('node-6/CPU/system.cpu.pct_usage', 0.772096238703071), ('node-6/Disk/system.io.r_await', 0.7357519130906525), ('node-6/CPU/system.load.5', 0.6261957224929517), ('node-6/CPU/system.load.1', 0.5431835241317771)]
2025-09-08 00:20:53,387 - INFO - ----------
2025-09-08 00:20:54,069 - INFO - [0/100] | train_loss: 0.31954
2025-09-08 00:20:59,106 - INFO - [10/100] | train_loss: 1.39750
2025-09-08 00:21:04,716 - INFO - [20/100] | train_loss: 1.04643
2025-09-08 00:21:10,066 - INFO - [30/100] | train_loss: 0.88570
2025-09-08 00:21:15,265 - INFO - [40/100] | train_loss: 0.86257
2025-09-08 00:21:20,668 - INFO - [50/100] | train_loss: 0.86622
2025-09-08 00:21:26,317 - INFO - [60/100] | train_loss: 0.86797
2025-09-08 00:21:31,523 - INFO - [70/100] | train_loss: 0.87359
2025-09-08 00:21:36,193 - INFO - [80/100] | train_loss: 0.87147
2025-09-08 00:21:40,964 - INFO - [90/100] | train_loss: 0.87129
2025-09-08 00:21:46,695 - INFO - [0/100] | train_loss: 0.34556
2025-09-08 00:21:51,987 - INFO - [10/100] | train_loss: 1.32003
2025-09-08 00:21:57,580 - INFO - [20/100] | train_loss: 0.92901
2025-09-08 00:22:03,189 - INFO - [30/100] | train_loss: 0.65603
2025-09-08 00:22:08,919 - INFO - [40/100] | train_loss: 0.53501
2025-09-08 00:22:14,528 - INFO - [50/100] | train_loss: 0.49372
2025-09-08 00:22:19,928 - INFO - [60/100] | train_loss: 0.48651
2025-09-08 00:22:25,280 - INFO - [70/100] | train_loss: 0.48005
2025-09-08 00:22:30,732 - INFO - [80/100] | train_loss: 0.46805
2025-09-08 00:22:36,269 - INFO - [90/100] | train_loss: 0.46095
2025-09-08 00:22:41,271 - INFO - [0/100] | train_loss: 0.34016
2025-09-08 00:22:46,896 - INFO - [10/100] | train_loss: 1.34616
2025-09-08 00:22:52,265 - INFO - [20/100] | train_loss: 0.96935
2025-09-08 00:22:57,337 - INFO - [30/100] | train_loss: 0.68536
2025-09-08 00:23:02,885 - INFO - [40/100] | train_loss: 0.58572
2025-09-08 00:23:07,908 - INFO - [50/100] | train_loss: 0.51022
2025-09-08 00:23:13,085 - INFO - [60/100] | train_loss: 0.48746
2025-09-08 00:23:18,136 - INFO - [70/100] | train_loss: 0.47771
2025-09-08 00:23:23,566 - INFO - [80/100] | train_loss: 0.47335
2025-09-08 00:23:29,280 - INFO - [90/100] | train_loss: 0.46428
2025-09-08 00:23:34,770 - INFO - [0/100] | train_loss: 0.36510
2025-09-08 00:23:39,914 - INFO - [10/100] | train_loss: 1.32877
2025-09-08 00:23:45,370 - INFO - [20/100] | train_loss: 0.96760
2025-09-08 00:23:50,779 - INFO - [30/100] | train_loss: 0.70435
2025-09-08 00:23:55,998 - INFO - [40/100] | train_loss: 0.56776
2025-09-08 00:24:01,264 - INFO - [50/100] | train_loss: 0.52027
2025-09-08 00:24:06,489 - INFO - [60/100] | train_loss: 0.49797
2025-09-08 00:24:11,794 - INFO - [70/100] | train_loss: 0.49075
2025-09-08 00:24:17,036 - INFO - [80/100] | train_loss: 0.47840
2025-09-08 00:24:22,842 - INFO - [90/100] | train_loss: 0.47906
2025-09-08 00:24:28,435 - INFO - [0/100] | train_loss: 0.38507
2025-09-08 00:24:33,663 - INFO - [10/100] | train_loss: 1.38902
2025-09-08 00:24:39,178 - INFO - [20/100] | train_loss: 0.99813
2025-09-08 00:24:44,972 - INFO - [30/100] | train_loss: 0.72258
2025-09-08 00:24:50,281 - INFO - [40/100] | train_loss: 0.60244
2025-09-08 00:24:55,591 - INFO - [50/100] | train_loss: 0.58900
2025-09-08 00:25:00,897 - INFO - [60/100] | train_loss: 0.56406
2025-09-08 00:25:06,486 - INFO - [70/100] | train_loss: 0.55811
2025-09-08 00:25:12,068 - INFO - [80/100] | train_loss: 0.56632
2025-09-08 00:25:17,316 - INFO - [90/100] | train_loss: 0.54032
2025-09-08 00:25:22,400 - INFO - ----------
2025-09-08 00:25:22,400 - INFO - sample 180/241 | d1: productcatalogservice; level: service; fault_type: k8s容器内存负载
2025-09-08 00:25:22,400 - INFO - sample 180/241 | predict d1: [('productcatalogservice-1', 5.911552401287885), ('productcatalogservice', 5.9102345552230915), ('productcatalogservice2-0', 5.897622193867804), ('productcatalogservice-0', 5.895639104053846), ('productcatalogservice-2', 5.89552654669194)]
2025-09-08 00:25:22,400 - INFO - sample 180/241 | predict d2: [('productcatalogservice-1/Other/kpi_container_file_descriptors', 3.005698458494436), ('productcatalogservice-1/Thread/kpi_container_threads', 2.8969122191293053), ('productcatalogservice-1/Memory/kpi_container_memory_usage_MB', 2.797226275505615), ('productcatalogservice-1/Network/kpi_container_network_receive_packets', 2.78977837719626), ('productcatalogservice-1/Network/kpi_container_network_transmit_packets', 2.7852460874616334)]
2025-09-08 00:25:22,400 - INFO - ----------
2025-09-08 00:25:23,012 - INFO - [0/100] | train_loss: 0.24663
2025-09-08 00:25:28,509 - INFO - [10/100] | train_loss: 0.88416
2025-09-08 00:25:33,334 - INFO - [20/100] | train_loss: 0.65586
2025-09-08 00:25:38,033 - INFO - [30/100] | train_loss: 0.47026
2025-09-08 00:25:42,800 - INFO - [40/100] | train_loss: 0.36484
2025-09-08 00:25:48,076 - INFO - [50/100] | train_loss: 0.33626
2025-09-08 00:25:53,064 - INFO - [60/100] | train_loss: 0.34594
2025-09-08 00:25:57,706 - INFO - [70/100] | train_loss: 0.35240
2025-09-08 00:26:02,707 - INFO - [80/100] | train_loss: 0.37425
2025-09-08 00:26:08,076 - INFO - [90/100] | train_loss: 0.30879
2025-09-08 00:26:13,214 - INFO - [0/100] | train_loss: 0.21037
2025-09-08 00:26:18,746 - INFO - [10/100] | train_loss: 1.29757
2025-09-08 00:26:24,487 - INFO - [20/100] | train_loss: 0.93002
2025-09-08 00:26:30,278 - INFO - [30/100] | train_loss: 0.70054
2025-09-08 00:26:35,679 - INFO - [40/100] | train_loss: 0.58790
2025-09-08 00:26:40,865 - INFO - [50/100] | train_loss: 0.52484
2025-09-08 00:26:46,206 - INFO - [60/100] | train_loss: 0.49906
2025-09-08 00:26:51,729 - INFO - [70/100] | train_loss: 0.50023
2025-09-08 00:26:56,687 - INFO - [80/100] | train_loss: 0.46651
2025-09-08 00:27:01,883 - INFO - [90/100] | train_loss: 0.46281
2025-09-08 00:27:07,477 - INFO - ----------
2025-09-08 00:27:07,478 - INFO - sample 181/241 | d1: node-6; level: node; fault_type: node节点CPU故障
2025-09-08 00:27:07,478 - INFO - sample 181/241 | predict d1: [('node-6', 1.994359442536478), ('paymentservice', 0.19028882564413152), ('paymentservice-0', 0.19027217171476707), ('paymentservice2-0', 0.1902596898404596), ('paymentservice-1', 0.19024947116314195)]
2025-09-08 00:27:07,478 - INFO - sample 181/241 | predict d2: [('node-6/CPU/system.load.5', 0.7957016448410243), ('node-6/CPU/system.load.1', 0.7631209919266908), ('node-6/CPU/system.load.15', 0.7497659372098049), ('node-6/Disk/system.io.r_await', 0.6788990276048175), ('node-6/CPU/system.cpu.pct_usage', 0.667885818963061)]
2025-09-08 00:27:07,478 - INFO - ----------
2025-09-08 00:27:08,084 - INFO - [0/100] | train_loss: 0.13262
2025-09-08 00:27:13,766 - INFO - [10/100] | train_loss: 1.29303
2025-09-08 00:27:19,138 - INFO - [20/100] | train_loss: 0.90094
2025-09-08 00:27:24,706 - INFO - [30/100] | train_loss: 0.63103
2025-09-08 00:27:30,366 - INFO - [40/100] | train_loss: 0.51195
2025-09-08 00:27:35,917 - INFO - [50/100] | train_loss: 0.48372
2025-09-08 00:27:41,135 - INFO - [60/100] | train_loss: 0.47879
2025-09-08 00:27:46,790 - INFO - [70/100] | train_loss: 0.46426
2025-09-08 00:27:51,932 - INFO - [80/100] | train_loss: 0.47202
2025-09-08 00:27:57,670 - INFO - [90/100] | train_loss: 0.45469
2025-09-08 00:28:02,973 - INFO - ----------
2025-09-08 00:28:02,973 - INFO - sample 182/241 | d1: recommendationservice-0; level: pod; fault_type: k8s容器网络资源包重复发送
2025-09-08 00:28:02,973 - INFO - sample 182/241 | predict d1: [('recommendationservice', 0.1041772813967512), ('recommendationservice-1', 0.1041772813967512), ('recommendationservice-0', 0.10415339675754254), ('productcatalogservice', 0.10415082292777988), ('frontend', 0.10414778568341276)]
2025-09-08 00:28:02,974 - INFO - sample 182/241 | predict d2: [('<duration>; cmdb_id: recommendationservice-0; type: upstream', 0.08479575462217781), ('recommendationservice-0/Network/kpi_container_network_transmit_MB', 0.08132755345998), ('recommendationservice-0/Thread/kpi_container_threads', 0.07574261215648193), ('recommendationservice-0/Network/kpi_container_network_transmit_packets', 0.0754716523847776), ('recommendationservice-0/Other/kpi_container_file_descriptors', 0.06554828617784558)]
2025-09-08 00:28:02,974 - INFO - ----------
2025-09-08 00:28:03,622 - INFO - [0/100] | train_loss: 0.20727
2025-09-08 00:28:08,696 - INFO - [10/100] | train_loss: 1.29585
2025-09-08 00:28:14,089 - INFO - [20/100] | train_loss: 0.92046
2025-09-08 00:28:19,289 - INFO - [30/100] | train_loss: 0.63837
2025-09-08 00:28:24,622 - INFO - [40/100] | train_loss: 0.50297
2025-09-08 00:28:30,300 - INFO - [50/100] | train_loss: 0.45352
2025-09-08 00:28:35,485 - INFO - [60/100] | train_loss: 0.44283
2025-09-08 00:28:41,208 - INFO - [70/100] | train_loss: 0.43081
2025-09-08 00:28:46,779 - INFO - [80/100] | train_loss: 0.41650
2025-09-08 00:28:51,718 - INFO - [90/100] | train_loss: 0.40642
2025-09-08 00:28:56,905 - INFO - ----------
2025-09-08 00:28:56,905 - INFO - sample 183/241 | d1: node-5; level: node; fault_type: node 磁盘写IO消耗
2025-09-08 00:28:56,905 - INFO - sample 183/241 | predict d1: [('shippingservice', 0.020996619068909927), ('shippingservice-2', 0.020996619068909927), ('shippingservice2-0', 0.02099498280373857), ('shippingservice-1', 0.020994394455305043), ('shippingservice-0', 0.020986018696704134)]
2025-09-08 00:28:56,905 - INFO - sample 183/241 | predict d2: [('shippingservice-1/Network/kpi_container_network_transmit_packets', 0.014945964237841558), ('shippingservice-2/Network/kpi_container_network_receive_MB', 0.012298809140909972), ('shippingservice-1/Network/kpi_container_network_receive_packets', 0.011654005771319476), ('shippingservice-2/Memory/kpi_container_memory_failcnt', 0.01163869861164546), ('shippingservice-1/Network/kpi_container_network_transmit_MB', 0.01161099194560733)]
2025-09-08 00:28:56,905 - INFO - ----------
2025-09-08 00:28:57,573 - INFO - [0/100] | train_loss: 0.13924
2025-09-08 00:29:02,997 - INFO - [10/100] | train_loss: 1.30729
2025-09-08 00:29:08,564 - INFO - [20/100] | train_loss: 0.95855
2025-09-08 00:29:14,405 - INFO - [30/100] | train_loss: 0.72004
2025-09-08 00:29:19,569 - INFO - [40/100] | train_loss: 0.62017
2025-09-08 00:29:25,185 - INFO - [50/100] | train_loss: 0.62305
2025-09-08 00:29:30,490 - INFO - [60/100] | train_loss: 0.65294
2025-09-08 00:29:35,910 - INFO - [70/100] | train_loss: 0.59521
2025-09-08 00:29:41,471 - INFO - [80/100] | train_loss: 0.59651
2025-09-08 00:29:47,578 - INFO - [90/100] | train_loss: 0.59739
2025-09-08 00:29:53,308 - INFO - ----------
2025-09-08 00:29:53,308 - INFO - sample 184/241 | d1: checkoutservice; level: service; fault_type: k8s容器网络资源包重复发送
2025-09-08 00:29:53,308 - INFO - sample 184/241 | predict d1: [('checkoutservice', 0.19308124706932972), ('checkoutservice2-0', 0.19308124706932972), ('checkoutservice-0', 0.19307840952319566), ('productcatalogservice', 0.19307111130783028), ('checkoutservice-1', 0.19306924296469674)]
2025-09-08 00:29:53,308 - INFO - sample 184/241 | predict d2: [('checkoutservice-1/Network/kpi_container_network_transmit_MB', 0.1613168448273825), ('checkoutservice-1/Memory/kpi_container_memory_mapped_file', 0.15818407712393423), ('checkoutservice-1/Network/kpi_container_network_receive_packets', 0.14625868812260023), ('checkoutservice-1/CPU/kpi_container_cpu_cfs_periods', 0.14615297493267576), ('checkoutservice-1/Network/kpi_container_network_transmit_packets', 0.1441254372870162)]
2025-09-08 00:29:53,308 - INFO - ----------
2025-09-08 00:29:53,923 - INFO - [0/100] | train_loss: 0.32267
2025-09-08 00:29:59,114 - INFO - [10/100] | train_loss: 1.37283
2025-09-08 00:30:04,813 - INFO - [20/100] | train_loss: 1.00424
2025-09-08 00:30:10,200 - INFO - [30/100] | train_loss: 0.82378
2025-09-08 00:30:15,980 - INFO - [40/100] | train_loss: 0.79032
2025-09-08 00:30:21,864 - INFO - [50/100] | train_loss: 0.78769
2025-09-08 00:30:26,581 - INFO - [60/100] | train_loss: 0.77169
2025-09-08 00:30:32,303 - INFO - [70/100] | train_loss: 0.80175
2025-09-08 00:30:37,889 - INFO - [80/100] | train_loss: 0.79205
2025-09-08 00:30:43,223 - INFO - [90/100] | train_loss: 0.78705
2025-09-08 00:30:48,737 - INFO - [0/100] | train_loss: 0.22614
2025-09-08 00:30:54,323 - INFO - [10/100] | train_loss: 1.24491
2025-09-08 00:31:00,005 - INFO - [20/100] | train_loss: 0.84267
2025-09-08 00:31:05,402 - INFO - [30/100] | train_loss: 0.57495
2025-09-08 00:31:10,806 - INFO - [40/100] | train_loss: 0.46987
2025-09-08 00:31:16,630 - INFO - [50/100] | train_loss: 0.43930
2025-09-08 00:31:22,339 - INFO - [60/100] | train_loss: 0.43345
2025-09-08 00:31:28,176 - INFO - [70/100] | train_loss: 0.41970
2025-09-08 00:31:33,777 - INFO - [80/100] | train_loss: 0.41883
2025-09-08 00:31:39,471 - INFO - [90/100] | train_loss: 0.41796
2025-09-08 00:31:45,191 - INFO - [0/100] | train_loss: 0.29027
2025-09-08 00:31:50,795 - INFO - [10/100] | train_loss: 1.26423
2025-09-08 00:31:56,296 - INFO - [20/100] | train_loss: 0.87262
2025-09-08 00:32:01,613 - INFO - [30/100] | train_loss: 0.60639
2025-09-08 00:32:06,898 - INFO - [40/100] | train_loss: 0.49113
2025-09-08 00:32:12,404 - INFO - [50/100] | train_loss: 0.44980
2025-09-08 00:32:17,631 - INFO - [60/100] | train_loss: 0.43574
2025-09-08 00:32:22,744 - INFO - [70/100] | train_loss: 0.42593
2025-09-08 00:32:27,972 - INFO - [80/100] | train_loss: 0.42619
2025-09-08 00:32:33,305 - INFO - [90/100] | train_loss: 0.42072
2025-09-08 00:32:38,664 - INFO - [0/100] | train_loss: 0.23528
2025-09-08 00:32:44,113 - INFO - [10/100] | train_loss: 1.27492
2025-09-08 00:32:49,796 - INFO - [20/100] | train_loss: 0.85353
2025-09-08 00:32:55,017 - INFO - [30/100] | train_loss: 0.58499
2025-09-08 00:33:00,602 - INFO - [40/100] | train_loss: 0.47846
2025-09-08 00:33:06,278 - INFO - [50/100] | train_loss: 0.44984
2025-09-08 00:33:11,607 - INFO - [60/100] | train_loss: 0.43783
2025-09-08 00:33:17,389 - INFO - [70/100] | train_loss: 0.43144
2025-09-08 00:33:22,579 - INFO - [80/100] | train_loss: 0.42843
2025-09-08 00:33:27,866 - INFO - [90/100] | train_loss: 0.42102
2025-09-08 00:33:33,921 - INFO - [0/100] | train_loss: 0.17351
2025-09-08 00:33:39,904 - INFO - [10/100] | train_loss: 1.22921
2025-09-08 00:33:45,610 - INFO - [20/100] | train_loss: 0.82577
2025-09-08 00:33:50,731 - INFO - [30/100] | train_loss: 0.56748
2025-09-08 00:33:56,013 - INFO - [40/100] | train_loss: 0.47117
2025-09-08 00:34:01,612 - INFO - [50/100] | train_loss: 0.44349
2025-09-08 00:34:07,274 - INFO - [60/100] | train_loss: 0.42875
2025-09-08 00:34:12,595 - INFO - [70/100] | train_loss: 0.42729
2025-09-08 00:34:17,694 - INFO - [80/100] | train_loss: 0.42092
2025-09-08 00:34:23,199 - INFO - [90/100] | train_loss: 0.41894
2025-09-08 00:34:28,374 - INFO - ----------
2025-09-08 00:34:28,374 - INFO - sample 185/241 | d1: recommendationservice; level: service; fault_type: k8s容器内存负载
2025-09-08 00:34:28,374 - INFO - sample 185/241 | predict d1: [('recommendationservice2-0', 5.915463621796377), ('recommendationservice-1', 5.907116801798832), ('recommendationservice', 5.905787844196187), ('recommendationservice-0', 5.90339715010218), ('recommendationservice-2', 4.922587831709585)]
2025-09-08 00:34:28,374 - INFO - sample 185/241 | predict d2: [('recommendationservice-1/Memory/kpi_container_memory_rss', 2.7044244519092633), ('recommendationservice2-0/CPU/kpi_container_cpu_cfs_periods', 2.564362764201384), ('recommendationservice2-0/Disk/kpi_container_fs_inodes', 2.4842631873865386), ('recommendationservice-1/Memory/kpi_container_memory_failures', 2.430603490556111), ('recommendationservice2-0/CPU/kpi_container_cpu_system_seconds', 2.4120109827382095)]
2025-09-08 00:34:28,374 - INFO - ----------
2025-09-08 00:34:29,070 - INFO - [0/100] | train_loss: 0.25585
2025-09-08 00:34:34,637 - INFO - [10/100] | train_loss: 1.56041
2025-09-08 00:34:40,110 - INFO - [20/100] | train_loss: 1.21083
2025-09-08 00:34:45,608 - INFO - [30/100] | train_loss: 1.08451
2025-09-08 00:34:51,197 - INFO - [40/100] | train_loss: 1.06647
2025-09-08 00:34:56,889 - INFO - [50/100] | train_loss: 1.06469
2025-09-08 00:35:02,500 - INFO - [60/100] | train_loss: 1.06577
2025-09-08 00:35:07,706 - INFO - [70/100] | train_loss: 1.06652
2025-09-08 00:35:13,037 - INFO - [80/100] | train_loss: 1.05224
2025-09-08 00:35:18,363 - INFO - [90/100] | train_loss: 1.05245
2025-09-08 00:35:23,591 - INFO - [0/100] | train_loss: 0.20487
2025-09-08 00:35:29,101 - INFO - [10/100] | train_loss: 1.37664
2025-09-08 00:35:34,865 - INFO - [20/100] | train_loss: 1.05319
2025-09-08 00:35:40,263 - INFO - [30/100] | train_loss: 0.79966
2025-09-08 00:35:45,479 - INFO - [40/100] | train_loss: 0.74277
2025-09-08 00:35:50,763 - INFO - [50/100] | train_loss: 0.68987
2025-09-08 00:35:56,383 - INFO - [60/100] | train_loss: 0.70101
2025-09-08 00:36:02,063 - INFO - [70/100] | train_loss: 0.66944
2025-09-08 00:36:07,065 - INFO - [80/100] | train_loss: 0.65806
2025-09-08 00:36:12,718 - INFO - [90/100] | train_loss: 0.67797
2025-09-08 00:36:18,667 - INFO - [0/100] | train_loss: 0.26684
2025-09-08 00:36:23,589 - INFO - [10/100] | train_loss: 1.38043
2025-09-08 00:36:28,914 - INFO - [20/100] | train_loss: 1.07402
2025-09-08 00:36:34,489 - INFO - [30/100] | train_loss: 0.81515
2025-09-08 00:36:39,867 - INFO - [40/100] | train_loss: 0.73013
2025-09-08 00:36:45,304 - INFO - [50/100] | train_loss: 0.70648
2025-09-08 00:36:51,267 - INFO - [60/100] | train_loss: 0.67674
2025-09-08 00:36:56,871 - INFO - [70/100] | train_loss: 0.68710
2025-09-08 00:37:02,465 - INFO - [80/100] | train_loss: 0.67802
2025-09-08 00:37:08,199 - INFO - [90/100] | train_loss: 0.68309
2025-09-08 00:37:13,468 - INFO - [0/100] | train_loss: 0.17589
2025-09-08 00:37:18,994 - INFO - [10/100] | train_loss: 1.36216
2025-09-08 00:37:24,376 - INFO - [20/100] | train_loss: 0.93982
2025-09-08 00:37:29,923 - INFO - [30/100] | train_loss: 0.71060
2025-09-08 00:37:35,108 - INFO - [40/100] | train_loss: 0.63562
2025-09-08 00:37:40,372 - INFO - [50/100] | train_loss: 0.62671
2025-09-08 00:37:46,090 - INFO - [60/100] | train_loss: 0.64774
2025-09-08 00:37:51,321 - INFO - [70/100] | train_loss: 0.60940
2025-09-08 00:37:57,028 - INFO - [80/100] | train_loss: 0.61056
2025-09-08 00:38:02,390 - INFO - [90/100] | train_loss: 0.61388
2025-09-08 00:38:08,063 - INFO - [0/100] | train_loss: 0.20927
2025-09-08 00:38:13,677 - INFO - [10/100] | train_loss: 1.37039
2025-09-08 00:38:18,908 - INFO - [20/100] | train_loss: 0.98931
2025-09-08 00:38:24,974 - INFO - [30/100] | train_loss: 0.79661
2025-09-08 00:38:30,302 - INFO - [40/100] | train_loss: 0.70494
2025-09-08 00:38:35,979 - INFO - [50/100] | train_loss: 0.76082
2025-09-08 00:38:41,797 - INFO - [60/100] | train_loss: 0.64285
2025-09-08 00:38:47,882 - INFO - [70/100] | train_loss: 0.62268
2025-09-08 00:38:53,100 - INFO - [80/100] | train_loss: 0.64438
2025-09-08 00:38:58,766 - INFO - [90/100] | train_loss: 0.77759
2025-09-08 00:39:03,935 - INFO - ----------
2025-09-08 00:39:03,935 - INFO - sample 186/241 | d1: frontend; level: service; fault_type: k8s容器网络资源包损坏
2025-09-08 00:39:03,935 - INFO - sample 186/241 | predict d1: [('frontend-2', 4.672219703052772), ('frontend-0', 4.489545472643414), ('frontend2-0', 4.360542363305363), ('frontend', 4.235679146372142), ('currencyservice', 3.694808962230244)]
2025-09-08 00:39:03,935 - INFO - sample 186/241 | predict d2: [('frontend-2/Network/kpi_container_network_transmit_MB', 2.5418059061461094), ('frontend-0/Network/kpi_container_network_transmit_MB', 2.327872206218057), ('frontend-1/Network/kpi_container_network_transmit_MB', 2.3091224297305626), ('frontend-2; http2.remote_reset', 2.19927956701709), ('frontend-2/CPU/kpi_container_cpu_system_seconds', 2.0625667771438643)]
2025-09-08 00:39:03,935 - INFO - ----------
2025-09-08 00:39:04,531 - INFO - [0/100] | train_loss: 0.23816
2025-09-08 00:39:09,836 - INFO - [10/100] | train_loss: 1.27315
2025-09-08 00:39:15,128 - INFO - [20/100] | train_loss: 0.86072
2025-09-08 00:39:20,687 - INFO - [30/100] | train_loss: 0.62914
2025-09-08 00:39:26,274 - INFO - [40/100] | train_loss: 0.55840
2025-09-08 00:39:31,883 - INFO - [50/100] | train_loss: 0.53714
2025-09-08 00:39:37,595 - INFO - [60/100] | train_loss: 0.52256
2025-09-08 00:39:43,233 - INFO - [70/100] | train_loss: 0.51758
2025-09-08 00:39:48,500 - INFO - [80/100] | train_loss: 0.51738
2025-09-08 00:39:53,890 - INFO - [90/100] | train_loss: 0.51727
2025-09-08 00:39:58,892 - INFO - ----------
2025-09-08 00:39:58,892 - INFO - sample 187/241 | d1: checkoutservice-2; level: pod; fault_type: k8s容器读io负载
2025-09-08 00:39:58,892 - INFO - sample 187/241 | predict d1: [('checkoutservice-2', 1.9757305800941793), ('checkoutservice', 0.9809540927437155), ('checkoutservice2-0', 0.9807609744683532), ('currencyservice', 0.9804419172255763), ('frontend', 0.9803578393273682)]
2025-09-08 00:39:58,892 - INFO - sample 187/241 | predict d2: [('checkoutservice-2/Memory/kpi_container_memory_cache', 0.7229846608252899), ('checkoutservice-2/Disk/kpi_container_fs_usage_MB', 0.7184746346113258), ('checkoutservice-2/CPU/kpi_container_cpu_cfs_periods', 0.6999728128349147), ('checkoutservice-2/CPU/kpi_container_cpu_system_seconds', 0.6966446799530956), ('checkoutservice-2/CPU/kpi_container_cpu_usage_seconds', 0.6856088925269432)]
2025-09-08 00:39:58,892 - INFO - ----------
2025-09-08 00:39:59,576 - INFO - [0/100] | train_loss: 0.32353
2025-09-08 00:40:04,767 - INFO - [10/100] | train_loss: 1.35389
2025-09-08 00:40:09,908 - INFO - [20/100] | train_loss: 0.96475
2025-09-08 00:40:14,612 - INFO - [30/100] | train_loss: 0.75292
2025-09-08 00:40:20,327 - INFO - [40/100] | train_loss: 0.61123
2025-09-08 00:40:25,928 - INFO - [50/100] | train_loss: 0.60659
2025-09-08 00:40:31,190 - INFO - [60/100] | train_loss: 0.55874
2025-09-08 00:40:36,565 - INFO - [70/100] | train_loss: 0.51698
2025-09-08 00:40:42,063 - INFO - [80/100] | train_loss: 0.50907
2025-09-08 00:40:47,579 - INFO - [90/100] | train_loss: 0.51302
2025-09-08 00:40:52,470 - INFO - ----------
2025-09-08 00:40:52,471 - INFO - sample 188/241 | d1: adservice; level: service; fault_type: k8s容器网络延迟
2025-09-08 00:40:52,471 - INFO - sample 188/241 | predict d1: [('adservice', 0.3923702766128372), ('frontend', 0.3923702766128372), ('adservice-1', 0.39236966378883764), ('adservice2-0', 0.3922875925132061), ('adservice-0', 0.39224302135231603)]
2025-09-08 00:40:52,471 - INFO - sample 188/241 | predict d2: [('adservice2-0/Memory/kpi_container_memory_cache', 0.31466860108914396), ('adservice2-0/CPU/kpi_container_cpu_cfs_periods', 0.29160162290437874), ('adservice2-0/Network/kpi_container_network_receive_MB', 0.2774266973828752), ('adservice2-0/Network/kpi_container_network_receive_packets', 0.27680793370456414), ('adservice2-0/Network/kpi_container_network_transmit_packets', 0.2723618248773949)]
2025-09-08 00:40:52,471 - INFO - ----------
2025-09-08 00:40:53,180 - INFO - [0/100] | train_loss: 0.27789
2025-09-08 00:40:58,586 - INFO - [10/100] | train_loss: 1.43446
2025-09-08 00:41:04,542 - INFO - [20/100] | train_loss: 1.08378
2025-09-08 00:41:09,986 - INFO - [30/100] | train_loss: 0.89154
2025-09-08 00:41:15,095 - INFO - [40/100] | train_loss: 0.85287
2025-09-08 00:41:20,699 - INFO - [50/100] | train_loss: 0.83708
2025-09-08 00:41:26,189 - INFO - [60/100] | train_loss: 0.83173
2025-09-08 00:41:31,488 - INFO - [70/100] | train_loss: 0.83160
2025-09-08 00:41:37,167 - INFO - [80/100] | train_loss: 0.83865
2025-09-08 00:41:41,907 - INFO - [90/100] | train_loss: 0.86515
2025-09-08 00:41:47,833 - INFO - [0/100] | train_loss: 0.26412
2025-09-08 00:41:53,719 - INFO - [10/100] | train_loss: 1.36408
2025-09-08 00:41:59,221 - INFO - [20/100] | train_loss: 0.98386
2025-09-08 00:42:04,764 - INFO - [30/100] | train_loss: 0.71452
2025-09-08 00:42:10,381 - INFO - [40/100] | train_loss: 0.65448
2025-09-08 00:42:16,170 - INFO - [50/100] | train_loss: 0.59476
2025-09-08 00:42:22,128 - INFO - [60/100] | train_loss: 0.56420
2025-09-08 00:42:27,563 - INFO - [70/100] | train_loss: 0.61908
2025-09-08 00:42:33,163 - INFO - [80/100] | train_loss: 0.58689
2025-09-08 00:42:38,865 - INFO - [90/100] | train_loss: 0.53964
2025-09-08 00:42:44,387 - INFO - [0/100] | train_loss: 0.22609
2025-09-08 00:42:49,720 - INFO - [10/100] | train_loss: 1.37244
2025-09-08 00:42:55,378 - INFO - [20/100] | train_loss: 0.99310
2025-09-08 00:43:00,780 - INFO - [30/100] | train_loss: 0.79566
2025-09-08 00:43:06,212 - INFO - [40/100] | train_loss: 0.60442
2025-09-08 00:43:11,880 - INFO - [50/100] | train_loss: 0.56792
2025-09-08 00:43:17,078 - INFO - [60/100] | train_loss: 0.56539
2025-09-08 00:43:22,515 - INFO - [70/100] | train_loss: 0.58972
2025-09-08 00:43:27,913 - INFO - [80/100] | train_loss: 0.58061
2025-09-08 00:43:33,485 - INFO - [90/100] | train_loss: 0.60728
2025-09-08 00:43:38,722 - INFO - [0/100] | train_loss: 0.21148
2025-09-08 00:43:44,313 - INFO - [10/100] | train_loss: 1.31271
2025-09-08 00:43:49,936 - INFO - [20/100] | train_loss: 0.89900
2025-09-08 00:43:56,121 - INFO - [30/100] | train_loss: 0.64422
2025-09-08 00:44:01,389 - INFO - [40/100] | train_loss: 0.56035
2025-09-08 00:44:07,196 - INFO - [50/100] | train_loss: 0.52266
2025-09-08 00:44:12,931 - INFO - [60/100] | train_loss: 0.51874
2025-09-08 00:44:18,109 - INFO - [70/100] | train_loss: 0.51748
2025-09-08 00:44:23,690 - INFO - [80/100] | train_loss: 0.52692
2025-09-08 00:44:29,035 - INFO - [90/100] | train_loss: 0.54430
2025-09-08 00:44:35,265 - INFO - [0/100] | train_loss: 0.32560
2025-09-08 00:44:40,906 - INFO - [10/100] | train_loss: 1.42110
2025-09-08 00:44:46,565 - INFO - [20/100] | train_loss: 1.04906
2025-09-08 00:44:52,174 - INFO - [30/100] | train_loss: 0.78810
2025-09-08 00:44:57,699 - INFO - [40/100] | train_loss: 0.71885
2025-09-08 00:45:02,995 - INFO - [50/100] | train_loss: 0.64930
2025-09-08 00:45:08,211 - INFO - [60/100] | train_loss: 0.63153
2025-09-08 00:45:13,893 - INFO - [70/100] | train_loss: 0.63510
2025-09-08 00:45:19,388 - INFO - [80/100] | train_loss: 0.63152
2025-09-08 00:45:25,172 - INFO - [90/100] | train_loss: 0.58262
2025-09-08 00:45:30,521 - INFO - ----------
2025-09-08 00:45:30,521 - INFO - sample 189/241 | d1: recommendationservice; level: service; fault_type: k8s容器进程中止
2025-09-08 00:45:30,521 - INFO - sample 189/241 | predict d1: [('recommendationservice-2', 4.698992241286319), ('recommendationservice-1', 4.638983233210844), ('recommendationservice', 4.587021525700351), ('recommendationservice2-0', 4.545639105299088), ('recommendationservice-0', 4.455787238371396)]
2025-09-08 00:45:30,521 - INFO - sample 189/241 | predict d2: [('recommendationservice-1/Other/kpi_container_file_descriptors', 2.759629448783837), ('recommendationservice-1/Thread/kpi_container_threads', 2.7202319125419656), ('recommendationservice-2/Other/kpi_container_file_descriptors', 2.6108320314673286), ('recommendationservice-2/Thread/kpi_container_threads', 2.506374858034871), ('recommendationservice/Request/mrt.grpc', 2.146848058532619)]
2025-09-08 00:45:30,521 - INFO - ----------
2025-09-08 00:45:31,099 - INFO - [0/100] | train_loss: 0.16212
2025-09-08 00:45:36,291 - INFO - [10/100] | train_loss: 1.35472
2025-09-08 00:45:41,764 - INFO - [20/100] | train_loss: 1.01116
2025-09-08 00:45:47,324 - INFO - [30/100] | train_loss: 0.81348
2025-09-08 00:45:52,701 - INFO - [40/100] | train_loss: 0.76703
2025-09-08 00:45:57,814 - INFO - [50/100] | train_loss: 0.81093
2025-09-08 00:46:03,202 - INFO - [60/100] | train_loss: 0.74331
2025-09-08 00:46:08,608 - INFO - [70/100] | train_loss: 0.77707
2025-09-08 00:46:14,791 - INFO - [80/100] | train_loss: 0.74500
2025-09-08 00:46:19,798 - INFO - [90/100] | train_loss: 0.74914
2025-09-08 00:46:25,166 - INFO - ----------
2025-09-08 00:46:25,166 - INFO - sample 190/241 | d1: currencyservice-1; level: pod; fault_type: k8s容器网络延迟
2025-09-08 00:46:25,166 - INFO - sample 190/241 | predict d1: [('checkoutservice', 0.312201799841084), ('checkoutservice-2', 0.312201799841084), ('paymentservice2-0', 0.3121749096712687), ('paymentservice', 0.3121749096712687), ('productcatalogservice', 0.3121127082108419)]
2025-09-08 00:46:25,166 - INFO - sample 190/241 | predict d2: [('paymentservice-2/CPU/kpi_container_cpu_user_seconds', 0.2514711838559105), ('paymentservice/Request/mrt.http', 0.24247918762532628), ('<intensity>; grpc.hipstershop.PaymentService/Charge; type: upstream', 0.23594858930892926), ('<intensity>; grpc.hipstershop.PaymentService/Charge; type: downstream', 0.23354711532477168), ('<intensity>; hipstershop.PaymentService/Charge; type: upstream', 0.23176767508379292)]
2025-09-08 00:46:25,166 - INFO - ----------
2025-09-08 00:46:25,863 - INFO - [0/100] | train_loss: 0.18607
2025-09-08 00:46:31,479 - INFO - [10/100] | train_loss: 1.33051
2025-09-08 00:46:37,118 - INFO - [20/100] | train_loss: 0.94177
2025-09-08 00:46:42,400 - INFO - [30/100] | train_loss: 0.70046
2025-09-08 00:46:48,517 - INFO - [40/100] | train_loss: 0.74341
2025-09-08 00:46:53,718 - INFO - [50/100] | train_loss: 0.61407
2025-09-08 00:46:59,321 - INFO - [60/100] | train_loss: 0.59885
2025-09-08 00:47:04,591 - INFO - [70/100] | train_loss: 0.58896
2025-09-08 00:47:10,275 - INFO - [80/100] | train_loss: 0.58419
2025-09-08 00:47:15,128 - INFO - [90/100] | train_loss: 0.60385
2025-09-08 00:47:20,422 - INFO - [0/100] | train_loss: 0.16492
2025-09-08 00:47:25,888 - INFO - [10/100] | train_loss: 1.29673
2025-09-08 00:47:31,364 - INFO - [20/100] | train_loss: 0.90686
2025-09-08 00:47:36,875 - INFO - [30/100] | train_loss: 0.66552
2025-09-08 00:47:42,371 - INFO - [40/100] | train_loss: 0.60042
2025-09-08 00:47:48,163 - INFO - [50/100] | train_loss: 0.58965
2025-09-08 00:47:53,732 - INFO - [60/100] | train_loss: 0.57055
2025-09-08 00:47:58,973 - INFO - [70/100] | train_loss: 0.55603
2025-09-08 00:48:04,223 - INFO - [80/100] | train_loss: 0.56190
2025-09-08 00:48:10,063 - INFO - [90/100] | train_loss: 0.61535
2025-09-08 00:48:15,265 - INFO - [0/100] | train_loss: 0.22684
2025-09-08 00:48:20,763 - INFO - [10/100] | train_loss: 1.32720
2025-09-08 00:48:26,398 - INFO - [20/100] | train_loss: 0.93879
2025-09-08 00:48:31,595 - INFO - [30/100] | train_loss: 0.68832
2025-09-08 00:48:36,967 - INFO - [40/100] | train_loss: 0.63609
2025-09-08 00:48:42,319 - INFO - [50/100] | train_loss: 0.60649
2025-09-08 00:48:47,866 - INFO - [60/100] | train_loss: 0.58303
2025-09-08 00:48:52,678 - INFO - [70/100] | train_loss: 0.57466
2025-09-08 00:48:58,136 - INFO - [80/100] | train_loss: 0.57636
2025-09-08 00:49:03,164 - INFO - [90/100] | train_loss: 0.58198
2025-09-08 00:49:08,165 - INFO - ----------
2025-09-08 00:49:08,165 - INFO - sample 191/241 | d1: checkoutservice; level: service; fault_type: k8s容器进程中止
2025-09-08 00:49:08,165 - INFO - sample 191/241 | predict d1: [('checkoutservice-1', 2.429128771747254), ('checkoutservice', 2.304367394461689), ('currencyservice', 2.3033098282803977), ('checkoutservice-2', 2.3032814159601145), ('checkoutservice2-0', 2.2273088713322333)]
2025-09-08 00:49:08,165 - INFO - sample 191/241 | predict d2: [('checkoutservice-1/Other/kpi_container_file_descriptors', 1.3964434310850056), ('checkoutservice-1/Disk/kpi_container_fs_inodes', 1.3341883775832653), ('checkoutservice-0/Other/kpi_container_file_descriptors', 1.3017330855208886), ('<intensity>; hipstershop.CheckoutService/PlaceOrder; type: downstream', 1.2993078737976234), ('checkoutservice-1/Disk/kpi_container_fs_writes', 1.279881814307684)]
2025-09-08 00:49:08,165 - INFO - ----------
2025-09-08 00:49:08,902 - INFO - [0/100] | train_loss: 0.14614
2025-09-08 00:49:13,976 - INFO - [10/100] | train_loss: 1.25095
2025-09-08 00:49:19,481 - INFO - [20/100] | train_loss: 1.03155
2025-09-08 00:49:24,919 - INFO - [30/100] | train_loss: 0.77439
2025-09-08 00:49:30,695 - INFO - [40/100] | train_loss: 0.60016
2025-09-08 00:49:36,269 - INFO - [50/100] | train_loss: 0.55224
2025-09-08 00:49:42,577 - INFO - [60/100] | train_loss: 0.53052
2025-09-08 00:49:48,691 - INFO - [70/100] | train_loss: 0.62672
2025-09-08 00:49:54,319 - INFO - [80/100] | train_loss: 0.50369
2025-09-08 00:49:59,883 - INFO - [90/100] | train_loss: 0.49736
2025-09-08 00:50:04,820 - INFO - ----------
2025-09-08 00:50:04,820 - INFO - sample 192/241 | d1: adservice-2; level: pod; fault_type: k8s容器网络延迟
2025-09-08 00:50:04,820 - INFO - sample 192/241 | predict d1: [('adservice-2', 1.8398586903187315), ('adservice', 0.9170878330663044), ('adservice-0', 0.9168829699433587), ('adservice2-0', 0.9168167198527932), ('adservice-1', 0.007090608432189366)]
2025-09-08 00:50:04,820 - INFO - sample 192/241 | predict d2: [('adservice-2/CPU/kpi_container_cpu_cfs_periods', 0.8480490707750832), ('adservice-2/Network/kpi_container_network_transmit_packets', 0.8303818292502996), ('adservice-2/Memory/kpi_container_memory_mapped_file', 0.8112699722843573), ('adservice-2/Other/kpi_container_file_descriptors', 0.7523791488448346), ('adservice-2/Network/kpi_container_network_receive_MB', 0.7481215754851434)]
2025-09-08 00:50:04,820 - INFO - ----------
2025-09-08 00:50:05,437 - INFO - [0/100] | train_loss: 0.11592
2025-09-08 00:50:10,810 - INFO - [10/100] | train_loss: 1.28339
2025-09-08 00:50:16,565 - INFO - [20/100] | train_loss: 0.88523
2025-09-08 00:50:21,601 - INFO - [30/100] | train_loss: 0.64321
2025-09-08 00:50:27,207 - INFO - [40/100] | train_loss: 0.52077
2025-09-08 00:50:32,565 - INFO - [50/100] | train_loss: 0.50741
2025-09-08 00:50:37,984 - INFO - [60/100] | train_loss: 0.54103
2025-09-08 00:50:43,738 - INFO - [70/100] | train_loss: 0.47049
2025-09-08 00:50:49,437 - INFO - [80/100] | train_loss: 0.48658
2025-09-08 00:50:55,010 - INFO - [90/100] | train_loss: 0.49095
2025-09-08 00:51:00,109 - INFO - ----------
2025-09-08 00:51:00,109 - INFO - sample 193/241 | d1: checkoutservice-0; level: pod; fault_type: k8s容器进程中止
2025-09-08 00:51:00,109 - INFO - sample 193/241 | predict d1: [('recommendationservice', 0.19835206265549132), ('productcatalogservice', 0.19835203880175456), ('frontend', 0.19835172870317663), ('recommendationservice-1', 0.19834990389231422), ('recommendationservice-2', 0.19834104222910653)]
2025-09-08 00:51:00,109 - INFO - sample 193/241 | predict d2: [('recommendationservice2-0/Network/kpi_container_network_receive_MB', 0.16568428666964508), ('recommendationservice2-0/CPU/kpi_container_cpu_usage_seconds', 0.15754000074139185), ('recommendationservice2-0/Network/kpi_container_network_transmit_packets', 0.15307695466605153), ('recommendationservice2-0/Network/kpi_container_network_transmit_MB', 0.1506697906011567), ('recommendationservice2-0/Other/kpi_container_file_descriptors', 0.14650558413999093)]
2025-09-08 00:51:00,109 - INFO - ----------
2025-09-08 00:51:00,798 - INFO - [0/100] | train_loss: 0.23169
2025-09-08 00:51:06,103 - INFO - [10/100] | train_loss: 1.34584
2025-09-08 00:51:11,416 - INFO - [20/100] | train_loss: 0.97084
2025-09-08 00:51:17,081 - INFO - [30/100] | train_loss: 0.68741
2025-09-08 00:51:22,107 - INFO - [40/100] | train_loss: 0.58098
2025-09-08 00:51:27,429 - INFO - [50/100] | train_loss: 0.53986
2025-09-08 00:51:32,870 - INFO - [60/100] | train_loss: 0.51469
2025-09-08 00:51:38,019 - INFO - [70/100] | train_loss: 0.51163
2025-09-08 00:51:43,430 - INFO - [80/100] | train_loss: 0.51530
2025-09-08 00:51:48,833 - INFO - [90/100] | train_loss: 0.50776
2025-09-08 00:51:54,365 - INFO - ----------
2025-09-08 00:51:54,366 - INFO - sample 194/241 | d1: productcatalogservice2-0; level: pod; fault_type: k8s容器网络延迟
2025-09-08 00:51:54,366 - INFO - sample 194/241 | predict d1: [('productcatalogservice', 0.090640849373953), ('frontend', 0.09063993278719984), ('productcatalogservice-2', 0.09063850880420832), ('recommendationservice', 0.09063818690767), ('checkoutservice', 0.09063452056065735)]
2025-09-08 00:51:54,366 - INFO - sample 194/241 | predict d2: [('productcatalogservice2-0/CPU/kpi_container_cpu_user_seconds', 0.06366892564960702), ('productcatalogservice/Request/mrt.http', 0.06222667093763068), ('productcatalogservice-2/Network/kpi_container_network_transmit_MB', 0.06100149452169523), ('productcatalogservice2-0/CPU/kpi_container_cpu_usage_seconds', 0.059492869108217494), ('productcatalogservice2-0/CPU/kpi_container_cpu_system_seconds', 0.05814246948300461)]
2025-09-08 00:51:54,366 - INFO - ----------
2025-09-08 00:51:54,966 - INFO - [0/100] | train_loss: 0.13670
2025-09-08 00:52:00,784 - INFO - [10/100] | train_loss: 1.28399
2025-09-08 00:52:06,482 - INFO - [20/100] | train_loss: 0.92217
2025-09-08 00:52:11,716 - INFO - [30/100] | train_loss: 0.71328
2025-09-08 00:52:17,095 - INFO - [40/100] | train_loss: 0.66114
2025-09-08 00:52:22,285 - INFO - [50/100] | train_loss: 0.65215
2025-09-08 00:52:28,064 - INFO - [60/100] | train_loss: 0.64064
2025-09-08 00:52:33,602 - INFO - [70/100] | train_loss: 0.64116
2025-09-08 00:52:39,200 - INFO - [80/100] | train_loss: 0.64737
2025-09-08 00:52:44,875 - INFO - [90/100] | train_loss: 0.64956
2025-09-08 00:52:49,942 - INFO - ----------
2025-09-08 00:52:49,942 - INFO - sample 195/241 | d1: node-5; level: node; fault_type: node 磁盘写IO消耗
2025-09-08 00:52:49,942 - INFO - sample 195/241 | predict d1: [('paymentservice', 0.015133695672168823), ('paymentservice-2', 0.015133695672168823), ('paymentservice-1', 0.015124718182238261), ('checkoutservice', 0.015115826889557704), ('checkoutservice-1', 0.015115826889557704)]
2025-09-08 00:52:49,942 - INFO - sample 195/241 | predict d2: [('paymentservice-0/Network/kpi_container_network_transmit_MB', 0.00804514247357635), ('paymentservice/Request/mrt.http', 0.007893080329195001), ('paymentservice-2/Network/kpi_container_network_transmit_MB', 0.007796245597058382), ('paymentservice2-0/Network/kpi_container_network_transmit_MB', 0.007572160089185487), ('paymentservice-1/Network/kpi_container_network_transmit_MB', 0.0075255065227597395)]
2025-09-08 00:52:49,942 - INFO - ----------
2025-09-08 00:52:50,503 - INFO - [0/100] | train_loss: 0.25050
2025-09-08 00:52:55,780 - INFO - [10/100] | train_loss: 1.36442
2025-09-08 00:53:00,585 - INFO - [20/100] | train_loss: 1.00678
2025-09-08 00:53:05,776 - INFO - [30/100] | train_loss: 0.75883
2025-09-08 00:53:10,963 - INFO - [40/100] | train_loss: 0.66128
2025-09-08 00:53:16,270 - INFO - [50/100] | train_loss: 0.59642
2025-09-08 00:53:21,727 - INFO - [60/100] | train_loss: 0.58944
2025-09-08 00:53:27,166 - INFO - [70/100] | train_loss: 0.57614
2025-09-08 00:53:32,683 - INFO - [80/100] | train_loss: 0.55950
2025-09-08 00:53:37,983 - INFO - [90/100] | train_loss: 0.58357
2025-09-08 00:53:42,601 - INFO - ----------
2025-09-08 00:53:42,601 - INFO - sample 196/241 | d1: shippingservice; level: service; fault_type: k8s容器网络资源包损坏
2025-09-08 00:53:42,602 - INFO - sample 196/241 | predict d1: [('shippingservice', 0.19083542841583334), ('frontend', 0.19083336291814046), ('shippingservice-0', 0.19082792377421587), ('shippingservice-1', 0.19082437800317642), ('shippingservice-2', 0.19082016668288038)]
2025-09-08 00:53:42,602 - INFO - sample 196/241 | predict d2: [('shippingservice-2/Network/kpi_container_network_transmit_MB', 0.15573477372252764), ('shippingservice-2/Network/kpi_container_network_transmit_packets', 0.13359447445277706), ('<duration>; hipstershop.ShippingService/GetQuote; type: upstream', 0.12420955291053737), ('shippingservice-2; error:', 0.12342615553557579), ('shippingservice-2; "transport:', 0.12075295399648578)]
2025-09-08 00:53:42,602 - INFO - ----------
2025-09-08 00:53:43,263 - INFO - [0/100] | train_loss: 0.18584
2025-09-08 00:53:48,780 - INFO - [10/100] | train_loss: 1.24458
2025-09-08 00:53:54,087 - INFO - [20/100] | train_loss: 0.83368
2025-09-08 00:53:59,571 - INFO - [30/100] | train_loss: 0.55796
2025-09-08 00:54:04,768 - INFO - [40/100] | train_loss: 0.45231
2025-09-08 00:54:09,933 - INFO - [50/100] | train_loss: 0.42355
2025-09-08 00:54:15,488 - INFO - [60/100] | train_loss: 0.41299
2025-09-08 00:54:21,037 - INFO - [70/100] | train_loss: 0.40304
2025-09-08 00:54:26,382 - INFO - [80/100] | train_loss: 0.39891
2025-09-08 00:54:31,968 - INFO - [90/100] | train_loss: 0.40050
2025-09-08 00:54:37,066 - INFO - ----------
2025-09-08 00:54:37,066 - INFO - sample 197/241 | d1: emailservice-2; level: pod; fault_type: k8s容器读io负载
2025-09-08 00:54:37,066 - INFO - sample 197/241 | predict d1: [('emailservice-2', 1.9921828028302855), ('emailservice', 0.9922542091947264), ('checkoutservice', 0.9922298922361676), ('emailservice-0', 0.9922043236694478), ('emailservice2-0', 0.9922003304434099)]
2025-09-08 00:54:37,066 - INFO - sample 197/241 | predict d2: [('emailservice-2/CPU/kpi_container_cpu_usage_seconds', 0.6898919016409479), ('emailservice-2/CPU/kpi_container_cpu_system_seconds', 0.6784139991992717), ('emailservice-2/Disk/kpi_container_fs_usage_MB', 0.6683203157833972), ('emailservice-2/Memory/kpi_container_memory_rss', 0.651138596549977), ('emailservice-2/Network/kpi_container_network_transmit_MB', 0.6325428580964427)]
2025-09-08 00:54:37,066 - INFO - ----------
2025-09-08 00:54:37,791 - INFO - [0/100] | train_loss: 0.28212
2025-09-08 00:54:42,911 - INFO - [10/100] | train_loss: 1.30456
2025-09-08 00:54:48,108 - INFO - [20/100] | train_loss: 0.91603
2025-09-08 00:54:53,474 - INFO - [30/100] | train_loss: 0.64684
2025-09-08 00:54:59,263 - INFO - [40/100] | train_loss: 0.51903
2025-09-08 00:55:04,680 - INFO - [50/100] | train_loss: 0.49887
2025-09-08 00:55:09,333 - INFO - [60/100] | train_loss: 0.47629
2025-09-08 00:55:14,529 - INFO - [70/100] | train_loss: 0.46895
2025-09-08 00:55:19,985 - INFO - [80/100] | train_loss: 0.46639
2025-09-08 00:55:25,468 - INFO - [90/100] | train_loss: 0.47195
2025-09-08 00:55:30,601 - INFO - ----------
2025-09-08 00:55:30,601 - INFO - sample 198/241 | d1: shippingservice2-0; level: pod; fault_type: k8s容器内存负载
2025-09-08 00:55:30,601 - INFO - sample 198/241 | predict d1: [('shippingservice2-0', 1.9899316473077668), ('shippingservice', 0.9910433471007423), ('shippingservice-0', 0.9910433471007423), ('frontend', 0.9909067877548097), ('shippingservice-2', 0.9908680601916089)]
2025-09-08 00:55:30,601 - INFO - sample 198/241 | predict d2: [('shippingservice2-0/Disk/kpi_container_fs_reads_MB', 0.7343451420326801), ('shippingservice2-0/Thread/kpi_container_threads', 0.6619253733984856), ('shippingservice2-0/CPU/kpi_container_cpu_cfs_throttled_periods', 0.6574256476206202), ('shippingservice2-0/Memory/kpi_container_memory_usage_MB', 0.6492398323773045), ('shippingservice2-0/CPU/kpi_container_cpu_cfs_periods', 0.6414157325742842)]
2025-09-08 00:55:30,601 - INFO - ----------
2025-09-08 00:55:31,391 - INFO - [0/100] | train_loss: 0.29466
2025-09-08 00:55:36,392 - INFO - [10/100] | train_loss: 0.92423
2025-09-08 00:55:41,127 - INFO - [20/100] | train_loss: 0.69599
2025-09-08 00:55:45,833 - INFO - [30/100] | train_loss: 0.51100
2025-09-08 00:55:50,786 - INFO - [40/100] | train_loss: 0.42460
2025-09-08 00:55:55,483 - INFO - [50/100] | train_loss: 0.33972
2025-09-08 00:56:00,197 - INFO - [60/100] | train_loss: 0.31286
2025-09-08 00:56:04,897 - INFO - [70/100] | train_loss: 0.30345
2025-09-08 00:56:09,700 - INFO - [80/100] | train_loss: 0.28771
2025-09-08 00:56:14,612 - INFO - [90/100] | train_loss: 0.30714
2025-09-08 00:56:19,938 - INFO - [0/100] | train_loss: 0.17843
2025-09-08 00:56:25,573 - INFO - [10/100] | train_loss: 1.24718
2025-09-08 00:56:31,197 - INFO - [20/100] | train_loss: 0.85500
2025-09-08 00:56:36,926 - INFO - [30/100] | train_loss: 0.58281
2025-09-08 00:56:42,565 - INFO - [40/100] | train_loss: 0.46390
2025-09-08 00:56:48,189 - INFO - [50/100] | train_loss: 0.42760
2025-09-08 00:56:53,964 - INFO - [60/100] | train_loss: 0.41268
2025-09-08 00:56:59,386 - INFO - [70/100] | train_loss: 0.40359
2025-09-08 00:57:04,986 - INFO - [80/100] | train_loss: 0.39712
2025-09-08 00:57:09,907 - INFO - [90/100] | train_loss: 0.38977
2025-09-08 00:57:14,969 - INFO - ----------
2025-09-08 00:57:14,969 - INFO - sample 199/241 | d1: node-3; level: node; fault_type: node 磁盘空间消耗
2025-09-08 00:57:14,969 - INFO - sample 199/241 | predict d1: [('node-3', 0.12954538293684692), ('paymentservice', 0.004247787401664815), ('checkoutservice', 0.004247782553691709), ('paymentservice-2', 0.004247442430104831), ('paymentservice2-0', 0.004247424824307761)]
2025-09-08 00:57:14,969 - INFO - sample 199/241 | predict d2: [('node-3/Memory/system.mem.used', 0.09868708107067548), ('node-3/CPU/system.cpu.pct_usage', 0.09343640384862795), ('node-3/Disk/system.io.avg_q_sz', 0.09145882957538376), ('node-3/Disk/system.io.r_await', 0.08949605408311356), ('node-3/CPU/system.load.5', 0.08698110585529761)]
2025-09-08 00:57:14,969 - INFO - ----------
2025-09-08 00:57:15,532 - INFO - [0/100] | train_loss: 0.25427
2025-09-08 00:57:20,975 - INFO - [10/100] | train_loss: 1.33705
2025-09-08 00:57:26,365 - INFO - [20/100] | train_loss: 0.89501
2025-09-08 00:57:31,418 - INFO - [30/100] | train_loss: 0.61534
2025-09-08 00:57:36,871 - INFO - [40/100] | train_loss: 0.51944
2025-09-08 00:57:42,417 - INFO - [50/100] | train_loss: 0.50137
2025-09-08 00:57:47,975 - INFO - [60/100] | train_loss: 0.48214
2025-09-08 00:57:53,836 - INFO - [70/100] | train_loss: 0.47571
2025-09-08 00:57:59,475 - INFO - [80/100] | train_loss: 0.47232
2025-09-08 00:58:05,144 - INFO - [90/100] | train_loss: 0.47170
2025-09-08 00:58:10,336 - INFO - ----------
2025-09-08 00:58:10,336 - INFO - sample 200/241 | d1: productcatalogservice-0; level: pod; fault_type: k8s容器写io负载
2025-09-08 00:58:10,336 - INFO - sample 200/241 | predict d1: [('productcatalogservice-0', 1.7964613982827444), ('productcatalogservice', 0.8938607522637625), ('productcatalogservice-2', 0.8937652049007596), ('productcatalogservice-1', 0.8937586413994723), ('checkoutservice', 0.008596434009676135)]
2025-09-08 00:58:10,337 - INFO - sample 200/241 | predict d2: [('productcatalogservice-0/CPU/kpi_container_cpu_cfs_periods', 0.6028078827916374), ('productcatalogservice-0/CPU/kpi_container_cpu_cfs_throttled_periods', 0.5985784056014154), ('productcatalogservice-0/Thread/kpi_container_threads', 0.5972926049393834), ('productcatalogservice-0/CPU/kpi_container_cpu_usage_seconds', 0.5780032278445049), ('productcatalogservice-0/Disk/kpi_container_fs_reads_MB', 0.5609878349497421)]
2025-09-08 00:58:10,337 - INFO - ----------
2025-09-08 00:58:10,932 - INFO - [0/100] | train_loss: 0.24242
2025-09-08 00:58:15,697 - INFO - [10/100] | train_loss: 0.87734
2025-09-08 00:58:20,431 - INFO - [20/100] | train_loss: 0.63715
2025-09-08 00:58:25,292 - INFO - [30/100] | train_loss: 0.46422
2025-09-08 00:58:29,930 - INFO - [40/100] | train_loss: 0.35615
2025-09-08 00:58:34,971 - INFO - [50/100] | train_loss: 0.35210
2025-09-08 00:58:39,800 - INFO - [60/100] | train_loss: 0.26095
2025-09-08 00:58:44,564 - INFO - [70/100] | train_loss: 0.25243
2025-09-08 00:58:49,366 - INFO - [80/100] | train_loss: 0.25156
2025-09-08 00:58:54,071 - INFO - [90/100] | train_loss: 0.24042
2025-09-08 00:58:58,865 - INFO - [0/100] | train_loss: 0.15732
2025-09-08 00:59:04,310 - INFO - [10/100] | train_loss: 1.25240
2025-09-08 00:59:09,906 - INFO - [20/100] | train_loss: 0.87479
2025-09-08 00:59:15,243 - INFO - [30/100] | train_loss: 0.63042
2025-09-08 00:59:20,625 - INFO - [40/100] | train_loss: 0.54733
2025-09-08 00:59:26,074 - INFO - [50/100] | train_loss: 0.53228
2025-09-08 00:59:31,007 - INFO - [60/100] | train_loss: 0.50908
2025-09-08 00:59:36,210 - INFO - [70/100] | train_loss: 0.50179
2025-09-08 00:59:41,590 - INFO - [80/100] | train_loss: 0.51069
2025-09-08 00:59:47,117 - INFO - [90/100] | train_loss: 0.49676
2025-09-08 00:59:52,170 - INFO - ----------
2025-09-08 00:59:52,170 - INFO - sample 201/241 | d1: node-3; level: node; fault_type: node 磁盘写IO消耗
2025-09-08 00:59:52,170 - INFO - sample 201/241 | predict d1: [('node-3', 1.4991625586811352), ('checkoutservice', 0.032401953868779865), ('checkoutservice2-0', 0.032401953868779865), ('checkoutservice-0', 0.03239377883107841), ('checkoutservice-1', 0.03238903519396463)]
2025-09-08 00:59:52,170 - INFO - sample 201/241 | predict d2: [('node-3/Disk/system.io.svctm', 0.6064011157289784), ('node-3/Disk/system.io.w_s', 0.5608126375753741), ('node-3/Disk/system.io.util', 0.5560414723947282), ('node-3/CPU/system.cpu.system', 0.5272216974654498), ('node-3/Memory/system.mem.used', 0.5268199264423856)]
2025-09-08 00:59:52,170 - INFO - ----------
2025-09-08 00:59:52,824 - INFO - [0/100] | train_loss: 0.33280
2025-09-08 00:59:58,191 - INFO - [10/100] | train_loss: 1.29756
2025-09-08 01:00:03,696 - INFO - [20/100] | train_loss: 0.90238
2025-09-08 01:00:09,633 - INFO - [30/100] | train_loss: 0.63067
2025-09-08 01:00:14,980 - INFO - [40/100] | train_loss: 0.51147
2025-09-08 01:00:20,500 - INFO - [50/100] | train_loss: 0.47034
2025-09-08 01:00:25,906 - INFO - [60/100] | train_loss: 0.45176
2025-09-08 01:00:30,846 - INFO - [70/100] | train_loss: 0.44268
2025-09-08 01:00:36,209 - INFO - [80/100] | train_loss: 0.43531
2025-09-08 01:00:41,465 - INFO - [90/100] | train_loss: 0.43250
2025-09-08 01:00:46,566 - INFO - ----------
2025-09-08 01:00:46,566 - INFO - sample 202/241 | d1: recommendationservice-1; level: pod; fault_type: k8s容器cpu负载
2025-09-08 01:00:46,566 - INFO - sample 202/241 | predict d1: [('recommendationservice-1', 1.9856405057012694), ('recommendationservice', 0.9892370478081922), ('recommendationservice-0', 0.9892370478081922), ('recommendationservice-2', 0.9891659748912716), ('recommendationservice2-0', 0.9891191083987749)]
2025-09-08 01:00:46,566 - INFO - sample 202/241 | predict d2: [('recommendationservice-1/Network/kpi_container_network_transmit_packets', 0.6839455040219313), ('recommendationservice-1/Disk/kpi_container_fs_inodes', 0.6659058297768503), ('recommendationservice-1/Other/kpi_container_file_descriptors', 0.6538839202237767), ('recommendationservice-1/Memory/kpi_container_memory_usage_MB', 0.6299670807641782), ('<duration>; cmdb_id: recommendationservice-1; type: upstream', 0.6219724779026237)]
2025-09-08 01:00:46,566 - INFO - ----------
2025-09-08 01:00:47,197 - INFO - [0/100] | train_loss: 0.20187
2025-09-08 01:00:52,533 - INFO - [10/100] | train_loss: 1.27789
2025-09-08 01:00:58,104 - INFO - [20/100] | train_loss: 0.91408
2025-09-08 01:01:03,430 - INFO - [30/100] | train_loss: 0.67644
2025-09-08 01:01:08,798 - INFO - [40/100] | train_loss: 0.58730
2025-09-08 01:01:14,368 - INFO - [50/100] | train_loss: 0.57404
2025-09-08 01:01:19,890 - INFO - [60/100] | train_loss: 0.54842
2025-09-08 01:01:25,305 - INFO - [70/100] | train_loss: 0.54815
2025-09-08 01:01:30,876 - INFO - [80/100] | train_loss: 0.55623
2025-09-08 01:01:36,369 - INFO - [90/100] | train_loss: 0.52728
2025-09-08 01:01:41,578 - INFO - ----------
2025-09-08 01:01:41,578 - INFO - sample 203/241 | d1: node-4; level: node; fault_type: node节点CPU故障
2025-09-08 01:01:41,578 - INFO - sample 203/241 | predict d1: [('checkoutservice', 0.04395818618573921), ('checkoutservice2-0', 0.04395818618573921), ('checkoutservice-2', 0.04395467727817226), ('currencyservice', 0.04392070914042345), ('checkoutservice-1', 0.043918990546028436)]
2025-09-08 01:01:41,578 - INFO - sample 203/241 | predict d2: [('checkoutservice-2/Other/kpi_container_sockets', 0.034348677579130626), ('checkoutservice-2/Memory/kpi_container_memory_cache', 0.03401040667092192), ('checkoutservice-2/Network/kpi_container_network_transmit_packets', 0.033921531168815466), ('checkoutservice-2/Network/kpi_container_network_transmit_MB', 0.027536288928577735), ('<duration>; cmdb_id: checkoutservice-2; type: upstream', 0.02606421321983321)]
2025-09-08 01:01:41,578 - INFO - ----------
2025-09-08 01:01:42,176 - INFO - [0/100] | train_loss: 0.12606
2025-09-08 01:01:48,077 - INFO - [10/100] | train_loss: 1.22242
2025-09-08 01:01:53,413 - INFO - [20/100] | train_loss: 0.82501
2025-09-08 01:01:59,026 - INFO - [30/100] | train_loss: 0.56403
2025-09-08 01:02:04,915 - INFO - [40/100] | train_loss: 0.45617
2025-09-08 01:02:10,365 - INFO - [50/100] | train_loss: 0.42432
2025-09-08 01:02:15,808 - INFO - [60/100] | train_loss: 0.47073
2025-09-08 01:02:21,311 - INFO - [70/100] | train_loss: 0.41018
2025-09-08 01:02:26,736 - INFO - [80/100] | train_loss: 0.40940
2025-09-08 01:02:32,414 - INFO - [90/100] | train_loss: 0.40406
2025-09-08 01:02:37,503 - INFO - ----------
2025-09-08 01:02:37,503 - INFO - sample 204/241 | d1: recommendationservice2-0; level: pod; fault_type: k8s容器网络丢包
2025-09-08 01:02:37,503 - INFO - sample 204/241 | predict d1: [('paymentservice', 0.035726136674152364), ('checkoutservice', 0.035726136674152364), ('paymentservice-2', 0.035725570152123076), ('paymentservice-0', 0.035723973590040536), ('paymentservice-1', 0.03572185986201459)]
2025-09-08 01:02:37,503 - INFO - sample 204/241 | predict d2: [('paymentservice2-0/Network/kpi_container_network_transmit_packets', 0.025713947786287772), ('paymentservice2-0/Network/kpi_container_network_receive_packets', 0.021353618713448874), ('paymentservice2-0/Other/kpi_container_file_descriptors', 0.019699438765430344), ('paymentservice2-0/CPU/kpi_container_cpu_system_seconds', 0.019319802482387072), ('paymentservice2-0/Disk/kpi_container_fs_reads_MB', 0.018720031618546518)]
2025-09-08 01:02:37,503 - INFO - ----------
2025-09-08 01:02:38,175 - INFO - [0/100] | train_loss: 0.18966
2025-09-08 01:02:43,583 - INFO - [10/100] | train_loss: 1.25381
2025-09-08 01:02:49,096 - INFO - [20/100] | train_loss: 0.87172
2025-09-08 01:02:54,293 - INFO - [30/100] | train_loss: 0.60715
2025-09-08 01:02:59,524 - INFO - [40/100] | train_loss: 0.49094
2025-09-08 01:03:05,181 - INFO - [50/100] | train_loss: 0.46222
2025-09-08 01:03:10,834 - INFO - [60/100] | train_loss: 0.44875
2025-09-08 01:03:16,498 - INFO - [70/100] | train_loss: 0.43690
2025-09-08 01:03:22,091 - INFO - [80/100] | train_loss: 0.42379
2025-09-08 01:03:27,280 - INFO - [90/100] | train_loss: 0.41825
2025-09-08 01:03:32,796 - INFO - ----------
2025-09-08 01:03:32,796 - INFO - sample 205/241 | d1: shippingservice2-0; level: pod; fault_type: k8s容器网络资源包损坏
2025-09-08 01:03:32,796 - INFO - sample 205/241 | predict d1: [('shippingservice', 0.021936265878090166), ('shippingservice-2', 0.021936265878090166), ('checkoutservice', 0.021933951250695416), ('shippingservice2-0', 0.02193339468501987), ('shippingservice-1', 0.021933026718613524)]
2025-09-08 01:03:32,796 - INFO - sample 205/241 | predict d2: [('shippingservice2-0/CPU/kpi_container_cpu_cfs_periods', 0.013284395740046029), ('<duration>; cmdb_id: shippingservice2-0; type: upstream', 0.012859108344623782), ('shippingservice-1/Thread/kpi_container_threads', 0.010770770398205343), ('shippingservice-1/Other/kpi_container_file_descriptors', 0.010638692879219647), ('shippingservice-1/Memory/kpi_container_memory_max_usage_MB', 0.009655166814033889)]
2025-09-08 01:03:32,796 - INFO - ----------
2025-09-08 01:03:33,414 - INFO - [0/100] | train_loss: 0.22374
2025-09-08 01:03:38,504 - INFO - [10/100] | train_loss: 0.81183
2025-09-08 01:03:43,490 - INFO - [20/100] | train_loss: 0.59687
2025-09-08 01:03:48,500 - INFO - [30/100] | train_loss: 0.39476
2025-09-08 01:03:53,636 - INFO - [40/100] | train_loss: 0.26178
2025-09-08 01:03:58,423 - INFO - [50/100] | train_loss: 0.20902
2025-09-08 01:04:03,183 - INFO - [60/100] | train_loss: 0.17760
2025-09-08 01:04:07,881 - INFO - [70/100] | train_loss: 0.16922
2025-09-08 01:04:12,584 - INFO - [80/100] | train_loss: 0.15632
2025-09-08 01:04:17,302 - INFO - [90/100] | train_loss: 0.14857
2025-09-08 01:04:22,325 - INFO - [0/100] | train_loss: 0.08821
2025-09-08 01:04:28,013 - INFO - [10/100] | train_loss: 1.31751
2025-09-08 01:04:33,305 - INFO - [20/100] | train_loss: 0.96737
2025-09-08 01:04:38,676 - INFO - [30/100] | train_loss: 0.80675
2025-09-08 01:04:44,091 - INFO - [40/100] | train_loss: 0.78084
2025-09-08 01:04:49,863 - INFO - [50/100] | train_loss: 0.78777
2025-09-08 01:04:55,785 - INFO - [60/100] | train_loss: 0.78653
2025-09-08 01:05:01,025 - INFO - [70/100] | train_loss: 0.79605
2025-09-08 01:05:06,716 - INFO - [80/100] | train_loss: 0.79992
2025-09-08 01:05:12,000 - INFO - [90/100] | train_loss: 0.79696
2025-09-08 01:05:17,064 - INFO - ----------
2025-09-08 01:05:17,064 - INFO - sample 206/241 | d1: node-1; level: node; fault_type: node 磁盘读IO消耗
2025-09-08 01:05:17,064 - INFO - sample 206/241 | predict d1: [('node-1', 1.9920665155171484), ('productcatalogservice', 0.0018657068017680078), ('productcatalogservice-0', 0.0018657068017680078), ('productcatalogservice-2', 0.001862759838799355), ('checkoutservice', 0.0018592450318288822)]
2025-09-08 01:05:17,064 - INFO - sample 206/241 | predict d2: [('node-1/Disk/system.io.avg_q_sz', 0.838481252468096), ('node-1/Disk/system.io.util', 0.7643318247250441), ('node-1/Disk/system.io.await', 0.7602702760112123), ('node-1/Disk/system.io.rkb_s', 0.7165179988444663), ('node-1/Disk/system.io.r_await', 0.6878898069784753)]
2025-09-08 01:05:17,064 - INFO - ----------
2025-09-08 01:05:17,711 - INFO - [0/100] | train_loss: 0.51644
2025-09-08 01:05:22,917 - INFO - [10/100] | train_loss: 0.91141
2025-09-08 01:05:27,989 - INFO - [20/100] | train_loss: 0.65960
2025-09-08 01:05:32,998 - INFO - [30/100] | train_loss: 0.47081
2025-09-08 01:05:37,914 - INFO - [40/100] | train_loss: 0.34476
2025-09-08 01:05:43,191 - INFO - [50/100] | train_loss: 0.29087
2025-09-08 01:05:48,094 - INFO - [60/100] | train_loss: 0.24747
2025-09-08 01:05:52,892 - INFO - [70/100] | train_loss: 0.22404
2025-09-08 01:05:57,637 - INFO - [80/100] | train_loss: 0.21152
2025-09-08 01:06:02,867 - INFO - [90/100] | train_loss: 0.20183
2025-09-08 01:06:07,997 - INFO - [0/100] | train_loss: 0.12894
2025-09-08 01:06:13,376 - INFO - [10/100] | train_loss: 1.24841
2025-09-08 01:06:19,018 - INFO - [20/100] | train_loss: 0.84797
2025-09-08 01:06:24,205 - INFO - [30/100] | train_loss: 0.56659
2025-09-08 01:06:29,817 - INFO - [40/100] | train_loss: 0.44766
2025-09-08 01:06:35,433 - INFO - [50/100] | train_loss: 0.41386
2025-09-08 01:06:40,799 - INFO - [60/100] | train_loss: 0.40381
2025-09-08 01:06:46,379 - INFO - [70/100] | train_loss: 0.39364
2025-09-08 01:06:51,884 - INFO - [80/100] | train_loss: 0.39147
2025-09-08 01:06:57,187 - INFO - [90/100] | train_loss: 0.38935
2025-09-08 01:07:02,487 - INFO - ----------
2025-09-08 01:07:02,487 - INFO - sample 207/241 | d1: node-1; level: node; fault_type: node 磁盘空间消耗
2025-09-08 01:07:02,487 - INFO - sample 207/241 | predict d1: [('node-1', 1.9364422794054406), ('paymentservice', 0.0013614601653932287), ('paymentservice2-0', 0.0013614601653932287), ('paymentservice-2', 0.0013614265551281785), ('checkoutservice', 0.0013614245924849638)]
2025-09-08 01:07:02,487 - INFO - sample 207/241 | predict d2: [('node-1/CPU/system.load.15', 0.7509882073478025), ('node-1/CPU/system.load.5', 0.7267153516409763), ('node-1/Disk/system.io.util', 0.717494657443126), ('node-1/CPU/system.load.1', 0.6815327756671365), ('node-1/Disk/system.io.w_s', 0.6669491031539394)]
2025-09-08 01:07:02,487 - INFO - ----------
2025-09-08 01:07:03,090 - INFO - [0/100] | train_loss: 0.09305
2025-09-08 01:07:08,410 - INFO - [10/100] | train_loss: 1.27530
2025-09-08 01:07:14,072 - INFO - [20/100] | train_loss: 0.85866
2025-09-08 01:07:19,188 - INFO - [30/100] | train_loss: 0.59822
2025-09-08 01:07:24,395 - INFO - [40/100] | train_loss: 0.51220
2025-09-08 01:07:29,436 - INFO - [50/100] | train_loss: 0.48362
2025-09-08 01:07:34,217 - INFO - [60/100] | train_loss: 0.45206
2025-09-08 01:07:40,716 - INFO - [70/100] | train_loss: 0.45545
2025-09-08 01:07:46,392 - INFO - [80/100] | train_loss: 0.45888
2025-09-08 01:07:52,025 - INFO - [90/100] | train_loss: 0.44214
2025-09-08 01:07:57,065 - INFO - ----------
2025-09-08 01:07:57,065 - INFO - sample 208/241 | d1: node-4; level: node; fault_type: node 磁盘读IO消耗
2025-09-08 01:07:57,065 - INFO - sample 208/241 | predict d1: [('paymentservice', 0.10816857445005423), ('paymentservice-2', 0.10816857445005423), ('paymentservice2-0', 0.10815779604079978), ('paymentservice-0', 0.10814943449004), ('checkoutservice', 0.0008280552804952913)]
2025-09-08 01:07:57,065 - INFO - sample 208/241 | predict d2: [('paymentservice-0/Network/kpi_container_network_transmit_MB', 0.09008363813805564), ('paymentservice-0/Other/kpi_container_file_descriptors', 0.08899184180388309), ('paymentservice-0/Network/kpi_container_network_receive_MB', 0.08276309070246812), ('paymentservice-0/CPU/kpi_container_cpu_usage_seconds', 0.07962782751718978), ('paymentservice-0/Memory/kpi_container_memory_failures', 0.07670661223504416)]
2025-09-08 01:07:57,066 - INFO - ----------
2025-09-08 01:07:57,666 - INFO - [0/100] | train_loss: 0.25404
2025-09-08 01:08:03,299 - INFO - [10/100] | train_loss: 1.28145
2025-09-08 01:08:08,366 - INFO - [20/100] | train_loss: 0.86992
2025-09-08 01:08:13,673 - INFO - [30/100] | train_loss: 0.58840
2025-09-08 01:08:18,696 - INFO - [40/100] | train_loss: 0.48321
2025-09-08 01:08:23,921 - INFO - [50/100] | train_loss: 0.45474
2025-09-08 01:08:29,770 - INFO - [60/100] | train_loss: 0.44015
2025-09-08 01:08:35,311 - INFO - [70/100] | train_loss: 0.43467
2025-09-08 01:08:40,926 - INFO - [80/100] | train_loss: 0.43426
2025-09-08 01:08:46,588 - INFO - [90/100] | train_loss: 0.42453
2025-09-08 01:08:51,404 - INFO - ----------
2025-09-08 01:08:51,404 - INFO - sample 209/241 | d1: recommendationservice-2; level: pod; fault_type: k8s容器读io负载
2025-09-08 01:08:51,404 - INFO - sample 209/241 | predict d1: [('recommendationservice-2', 1.9899408760374016), ('recommendationservice', 0.9906424763219945), ('frontend', 0.9906424763219945), ('recommendationservice2-0', 0.9905885119351154), ('recommendationservice-1', 0.9905253152303928)]
2025-09-08 01:08:51,404 - INFO - sample 209/241 | predict d2: [('recommendationservice-2/CPU/kpi_container_cpu_usage_seconds', 0.8034857628842218), ('recommendationservice-2/Memory/kpi_container_memory_failures', 0.7453506317467884), ('recommendationservice-2/CPU/kpi_container_cpu_system_seconds', 0.7367353305518876), ('recommendationservice-2/Memory/kpi_container_memory_rss', 0.7090134199813747), ('recommendationservice-2/CPU/kpi_container_cpu_cfs_periods', 0.687406639370387)]
2025-09-08 01:08:51,404 - INFO - ----------
2025-09-08 01:08:51,986 - INFO - [0/100] | train_loss: 0.19118
2025-09-08 01:08:56,625 - INFO - [10/100] | train_loss: 0.79603
2025-09-08 01:09:01,303 - INFO - [20/100] | train_loss: 0.56392
2025-09-08 01:09:06,008 - INFO - [30/100] | train_loss: 0.35496
2025-09-08 01:09:10,800 - INFO - [40/100] | train_loss: 0.24349
2025-09-08 01:09:15,583 - INFO - [50/100] | train_loss: 0.18697
2025-09-08 01:09:20,375 - INFO - [60/100] | train_loss: 0.16422
2025-09-08 01:09:25,536 - INFO - [70/100] | train_loss: 0.14688
2025-09-08 01:09:30,592 - INFO - [80/100] | train_loss: 0.13929
2025-09-08 01:09:35,469 - INFO - [90/100] | train_loss: 0.13775
2025-09-08 01:09:40,225 - INFO - [0/100] | train_loss: 0.14838
2025-09-08 01:09:45,737 - INFO - [10/100] | train_loss: 1.30234
2025-09-08 01:09:51,098 - INFO - [20/100] | train_loss: 0.91916
2025-09-08 01:09:56,384 - INFO - [30/100] | train_loss: 0.63327
2025-09-08 01:10:01,370 - INFO - [40/100] | train_loss: 0.51581
2025-09-08 01:10:06,765 - INFO - [50/100] | train_loss: 0.50989
2025-09-08 01:10:11,809 - INFO - [60/100] | train_loss: 0.47063
2025-09-08 01:10:16,632 - INFO - [70/100] | train_loss: 0.45894
2025-09-08 01:10:22,232 - INFO - [80/100] | train_loss: 0.50816
2025-09-08 01:10:27,826 - INFO - [90/100] | train_loss: 0.45558
2025-09-08 01:10:32,834 - INFO - ----------
2025-09-08 01:10:32,834 - INFO - sample 210/241 | d1: node-1; level: node; fault_type: node 磁盘读IO消耗
2025-09-08 01:10:32,834 - INFO - sample 210/241 | predict d1: [('node-1', 1.9921974386294714), ('shippingservice', 0.1185220896008321), ('frontend', 0.1185220896008321), ('shippingservice-2', 0.11852154086003708), ('shippingservice-1', 0.1185169300120581)]
2025-09-08 01:10:32,834 - INFO - sample 210/241 | predict d2: [('node-1/Disk/system.io.await', 0.7974069964774522), ('node-1/Disk/system.io.avg_q_sz', 0.7659158734325793), ('node-1/Disk/system.io.util', 0.7331083566212442), ('node-1/Disk/system.io.rkb_s', 0.732570781076717), ('node-1/Disk/system.io.r_await', 0.7246131638030491)]
2025-09-08 01:10:32,834 - INFO - ----------
2025-09-08 01:10:33,463 - INFO - [0/100] | train_loss: 0.17618
2025-09-08 01:10:38,332 - INFO - [10/100] | train_loss: 0.84557
2025-09-08 01:10:43,063 - INFO - [20/100] | train_loss: 0.61112
2025-09-08 01:10:47,780 - INFO - [30/100] | train_loss: 0.44491
2025-09-08 01:10:52,506 - INFO - [40/100] | train_loss: 0.31547
2025-09-08 01:10:57,213 - INFO - [50/100] | train_loss: 0.32432
2025-09-08 01:11:01,939 - INFO - [60/100] | train_loss: 0.22790
2025-09-08 01:11:06,596 - INFO - [70/100] | train_loss: 0.23951
2025-09-08 01:11:11,382 - INFO - [80/100] | train_loss: 0.25295
2025-09-08 01:11:16,042 - INFO - [90/100] | train_loss: 0.21822
2025-09-08 01:11:21,063 - INFO - [0/100] | train_loss: 0.17255
2025-09-08 01:11:26,776 - INFO - [10/100] | train_loss: 1.36700
2025-09-08 01:11:31,910 - INFO - [20/100] | train_loss: 1.01368
2025-09-08 01:11:37,566 - INFO - [30/100] | train_loss: 0.85146
2025-09-08 01:11:42,871 - INFO - [40/100] | train_loss: 0.76120
2025-09-08 01:11:48,219 - INFO - [50/100] | train_loss: 0.75066
2025-09-08 01:11:53,263 - INFO - [60/100] | train_loss: 0.74740
2025-09-08 01:11:58,665 - INFO - [70/100] | train_loss: 0.75428
2025-09-08 01:12:03,981 - INFO - [80/100] | train_loss: 0.74333
2025-09-08 01:12:09,665 - INFO - [90/100] | train_loss: 0.77299
2025-09-08 01:12:15,263 - INFO - [0/100] | train_loss: 0.12234
2025-09-08 01:12:20,691 - INFO - [10/100] | train_loss: 1.30509
2025-09-08 01:12:26,008 - INFO - [20/100] | train_loss: 0.91041
2025-09-08 01:12:31,773 - INFO - [30/100] | train_loss: 0.66987
2025-09-08 01:12:37,377 - INFO - [40/100] | train_loss: 0.56512
2025-09-08 01:12:42,937 - INFO - [50/100] | train_loss: 0.52312
2025-09-08 01:12:48,525 - INFO - [60/100] | train_loss: 0.51400
2025-09-08 01:12:53,889 - INFO - [70/100] | train_loss: 0.52627
2025-09-08 01:12:59,199 - INFO - [80/100] | train_loss: 0.49667
2025-09-08 01:13:04,876 - INFO - [90/100] | train_loss: 0.50396
2025-09-08 01:13:10,532 - INFO - [0/100] | train_loss: 0.16167
2025-09-08 01:13:15,807 - INFO - [10/100] | train_loss: 1.31815
2025-09-08 01:13:21,070 - INFO - [20/100] | train_loss: 0.95246
2025-09-08 01:13:26,578 - INFO - [30/100] | train_loss: 0.69920
2025-09-08 01:13:32,188 - INFO - [40/100] | train_loss: 0.62102
2025-09-08 01:13:38,136 - INFO - [50/100] | train_loss: 0.53740
2025-09-08 01:13:43,843 - INFO - [60/100] | train_loss: 0.62210
2025-09-08 01:13:49,323 - INFO - [70/100] | train_loss: 0.51961
2025-09-08 01:13:54,991 - INFO - [80/100] | train_loss: 0.57904
2025-09-08 01:14:00,431 - INFO - [90/100] | train_loss: 0.49892
2025-09-08 01:14:05,923 - INFO - ----------
2025-09-08 01:14:05,923 - INFO - sample 211/241 | d1: node-3; level: node; fault_type: node节点CPU爬升
2025-09-08 01:14:05,923 - INFO - sample 211/241 | predict d1: [('paymentservice-2', 2.440688267705209), ('paymentservice2-0', 2.4041438729399296), ('paymentservice', 2.3585577009077916), ('paymentservice-1', 1.7944811340579392), ('node-3', 1.661048911007697)]
2025-09-08 01:14:05,923 - INFO - sample 211/241 | predict d2: [('paymentservice-2/Network/kpi_container_network_transmit_packets', 1.3665680379137797), ('paymentservice-2/CPU/kpi_container_cpu_usage_seconds', 1.1818655276543097), ('paymentservice-2/Network/kpi_container_network_receive_packets', 1.176082740317689), ('paymentservice/Request/mrt.http', 1.1626934318195588), ('paymentservice/Request/mrt.grpc', 1.1497983179559874)]
2025-09-08 01:14:05,923 - INFO - ----------
2025-09-08 01:14:06,579 - INFO - [0/100] | train_loss: 0.12081
2025-09-08 01:14:12,123 - INFO - [10/100] | train_loss: 1.29586
2025-09-08 01:14:17,595 - INFO - [20/100] | train_loss: 0.94051
2025-09-08 01:14:23,163 - INFO - [30/100] | train_loss: 0.73007
2025-09-08 01:14:28,665 - INFO - [40/100] | train_loss: 0.67510
2025-09-08 01:14:34,196 - INFO - [50/100] | train_loss: 0.66347
2025-09-08 01:14:39,477 - INFO - [60/100] | train_loss: 0.65166
2025-09-08 01:14:44,738 - INFO - [70/100] | train_loss: 0.65422
2025-09-08 01:14:50,365 - INFO - [80/100] | train_loss: 0.65880
2025-09-08 01:14:55,927 - INFO - [90/100] | train_loss: 0.66028
2025-09-08 01:15:01,000 - INFO - ----------
2025-09-08 01:15:01,001 - INFO - sample 212/241 | d1: frontend; level: service; fault_type: k8s容器网络资源包重复发送
2025-09-08 01:15:01,001 - INFO - sample 212/241 | predict d1: [('paymentservice', 0.0162489627796929), ('paymentservice-2', 0.0162489627796929), ('paymentservice-0', 0.016245012989833718), ('paymentservice2-0', 0.016242311130557407), ('paymentservice-1', 0.016230268699948702)]
2025-09-08 01:15:01,001 - INFO - sample 212/241 | predict d2: [('<duration>; grpc.hipstershop.PaymentService/Charge; type: upstream', 0.0081417369658765), ('paymentservice2-0/Network/kpi_container_network_transmit_MB', 0.008004384988964386), ('paymentservice-2/Network/kpi_container_network_transmit_packets', 0.007995736551380306), ('paymentservice-2/CPU/kpi_container_cpu_user_seconds', 0.007979345271770688), ('paymentservice2-0/Other/kpi_container_file_descriptors', 0.007876536292037217)]
2025-09-08 01:15:01,001 - INFO - ----------
2025-09-08 01:15:01,663 - INFO - [0/100] | train_loss: 0.30371
2025-09-08 01:15:06,714 - INFO - [10/100] | train_loss: 0.95340
2025-09-08 01:15:11,592 - INFO - [20/100] | train_loss: 0.76471
2025-09-08 01:15:16,688 - INFO - [30/100] | train_loss: 0.54895
2025-09-08 01:15:21,378 - INFO - [40/100] | train_loss: 0.40215
2025-09-08 01:15:26,237 - INFO - [50/100] | train_loss: 0.34408
2025-09-08 01:15:31,103 - INFO - [60/100] | train_loss: 0.35865
2025-09-08 01:15:36,041 - INFO - [70/100] | train_loss: 0.27897
2025-09-08 01:15:40,729 - INFO - [80/100] | train_loss: 0.25664
2025-09-08 01:15:45,881 - INFO - [90/100] | train_loss: 0.25162
2025-09-08 01:15:51,081 - INFO - [0/100] | train_loss: 0.14531
2025-09-08 01:15:56,226 - INFO - [10/100] | train_loss: 1.29095
2025-09-08 01:16:01,308 - INFO - [20/100] | train_loss: 0.90903
2025-09-08 01:16:07,029 - INFO - [30/100] | train_loss: 0.63087
2025-09-08 01:16:12,600 - INFO - [40/100] | train_loss: 0.51812
2025-09-08 01:16:18,163 - INFO - [50/100] | train_loss: 0.49013
2025-09-08 01:16:23,809 - INFO - [60/100] | train_loss: 0.48309
2025-09-08 01:16:29,008 - INFO - [70/100] | train_loss: 0.46672
2025-09-08 01:16:34,670 - INFO - [80/100] | train_loss: 0.45756
2025-09-08 01:16:40,308 - INFO - [90/100] | train_loss: 0.45799
2025-09-08 01:16:45,812 - INFO - ----------
2025-09-08 01:16:45,812 - INFO - sample 213/241 | d1: node-1; level: node; fault_type: node 磁盘读IO消耗
2025-09-08 01:16:45,812 - INFO - sample 213/241 | predict d1: [('node-1', 1.3949878655182602), ('shippingservice', 0.09456176064082733), ('shippingservice2-0', 0.09456176064082733), ('checkoutservice', 0.094559247463323), ('frontend', 0.09455817282407342)]
2025-09-08 01:16:45,812 - INFO - sample 213/241 | predict d2: [('node-1/Disk/system.io.r_await', 0.5637259751724741), ('node-1/Disk/system.io.util', 0.5458556684490077), ('node-1/Disk/system.io.rkb_s', 0.521458570406935), ('node-1/CPU/system.cpu.iowait', 0.5108540290004839), ('node-1/Disk/system.io.avg_q_sz', 0.505840011895657)]
2025-09-08 01:16:45,812 - INFO - ----------
2025-09-08 01:16:46,437 - INFO - [0/100] | train_loss: 0.29664
2025-09-08 01:16:52,225 - INFO - [10/100] | train_loss: 1.67586
2025-09-08 01:16:57,776 - INFO - [20/100] | train_loss: 1.16936
2025-09-08 01:17:03,283 - INFO - [30/100] | train_loss: 0.97072
2025-09-08 01:17:08,863 - INFO - [40/100] | train_loss: 0.83775
2025-09-08 01:17:14,619 - INFO - [50/100] | train_loss: 0.84800
2025-09-08 01:17:20,075 - INFO - [60/100] | train_loss: 0.75663
2025-09-08 01:17:25,517 - INFO - [70/100] | train_loss: 0.73240
2025-09-08 01:17:30,715 - INFO - [80/100] | train_loss: 0.74913
2025-09-08 01:17:35,979 - INFO - [90/100] | train_loss: 0.71178
2025-09-08 01:17:41,067 - INFO - [0/100] | train_loss: 0.25033
2025-09-08 01:17:46,435 - INFO - [10/100] | train_loss: 1.56528
2025-09-08 01:17:52,100 - INFO - [20/100] | train_loss: 1.09399
2025-09-08 01:17:57,986 - INFO - [30/100] | train_loss: 0.81992
2025-09-08 01:18:03,782 - INFO - [40/100] | train_loss: 0.77782
2025-09-08 01:18:09,117 - INFO - [50/100] | train_loss: 0.67607
2025-09-08 01:18:14,819 - INFO - [60/100] | train_loss: 0.65669
2025-09-08 01:18:20,263 - INFO - [70/100] | train_loss: 0.63618
2025-09-08 01:18:25,738 - INFO - [80/100] | train_loss: 0.66136
2025-09-08 01:18:31,122 - INFO - [90/100] | train_loss: 0.62498
2025-09-08 01:18:36,281 - INFO - [0/100] | train_loss: 0.25751
2025-09-08 01:18:41,501 - INFO - [10/100] | train_loss: 1.62715
2025-09-08 01:18:47,267 - INFO - [20/100] | train_loss: 1.24170
2025-09-08 01:18:53,085 - INFO - [30/100] | train_loss: 0.95016
2025-09-08 01:18:58,763 - INFO - [40/100] | train_loss: 0.81221
2025-09-08 01:19:04,321 - INFO - [50/100] | train_loss: 0.78373
2025-09-08 01:19:09,486 - INFO - [60/100] | train_loss: 0.76803
2025-09-08 01:19:15,189 - INFO - [70/100] | train_loss: 0.70894
2025-09-08 01:19:20,393 - INFO - [80/100] | train_loss: 0.72892
2025-09-08 01:19:25,629 - INFO - [90/100] | train_loss: 0.70190
2025-09-08 01:19:30,608 - INFO - [0/100] | train_loss: 0.27218
2025-09-08 01:19:36,098 - INFO - [10/100] | train_loss: 1.38077
2025-09-08 01:19:41,837 - INFO - [20/100] | train_loss: 1.17934
2025-09-08 01:19:47,015 - INFO - [30/100] | train_loss: 0.88587
2025-09-08 01:19:52,289 - INFO - [40/100] | train_loss: 0.79327
2025-09-08 01:19:57,913 - INFO - [50/100] | train_loss: 0.71839
2025-09-08 01:20:03,463 - INFO - [60/100] | train_loss: 0.74231
2025-09-08 01:20:08,777 - INFO - [70/100] | train_loss: 0.67333
2025-09-08 01:20:14,077 - INFO - [80/100] | train_loss: 0.73522
2025-09-08 01:20:19,632 - INFO - [90/100] | train_loss: 0.68914
2025-09-08 01:20:24,983 - INFO - ----------
2025-09-08 01:20:24,983 - INFO - sample 214/241 | d1: cartservice; level: service; fault_type: k8s容器网络资源包损坏
2025-09-08 01:20:24,984 - INFO - sample 214/241 | predict d1: [('cartservice-1', 3.579104889899334), ('cartservice-0', 3.2915818073484147), ('cartservice2-0', 3.261238760857875), ('cartservice-2', 2.7832203338768906), ('cartservice', 2.6910296931851683)]
2025-09-08 01:20:24,984 - INFO - sample 214/241 | predict d2: [('cartservice/Request/mrt.grpc', 2.263827271126072), ('<intensity>; hipstershop.CartService/GetCart; type: upstream', 2.1384879793589846), ('cartservice/Request/count.http', 2.0335959544028412), ('cartservice/Request/mrt.http', 1.9977643508182972), ('cartservice/Request/count.grpc', 1.847727434710805)]
2025-09-08 01:20:24,984 - INFO - ----------
2025-09-08 01:20:25,609 - INFO - [0/100] | train_loss: 0.17127
2025-09-08 01:20:31,017 - INFO - [10/100] | train_loss: 1.22512
2025-09-08 01:20:36,471 - INFO - [20/100] | train_loss: 0.83022
2025-09-08 01:20:41,688 - INFO - [30/100] | train_loss: 0.58482
2025-09-08 01:20:47,365 - INFO - [40/100] | train_loss: 0.50263
2025-09-08 01:20:52,573 - INFO - [50/100] | train_loss: 0.48398
2025-09-08 01:20:57,509 - INFO - [60/100] | train_loss: 0.46968
2025-09-08 01:21:03,315 - INFO - [70/100] | train_loss: 0.45425
2025-09-08 01:21:09,014 - INFO - [80/100] | train_loss: 0.44888
2025-09-08 01:21:14,306 - INFO - [90/100] | train_loss: 0.45157
2025-09-08 01:21:19,768 - INFO - ----------
2025-09-08 01:21:19,769 - INFO - sample 215/241 | d1: cartservice-0; level: pod; fault_type: k8s容器内存负载
2025-09-08 01:21:19,769 - INFO - sample 215/241 | predict d1: [('cartservice', 0.012913249649728953), ('checkoutservice', 0.012913249649728953), ('cartservice-0', 0.012913172006020823), ('cartservice-1', 0.012912707696646208), ('cartservice-2', 0.012912242610834512)]
2025-09-08 01:21:19,769 - INFO - sample 215/241 | predict d2: [('cartservice-0/CPU/kpi_container_cpu_system_seconds', 0.0072233416903394465), ('cartservice-0/Network/kpi_container_network_transmit_packets', 0.00704381235552809), ('cartservice-0/Disk/kpi_container_fs_reads', 0.007038591592593457), ('cartservice-0/Disk/kpi_container_fs_writes', 0.0069768578566967165), ('cartservice-0/Disk/kpi_container_fs_writes_MB', 0.006837546409822315)]
2025-09-08 01:21:19,769 - INFO - ----------
2025-09-08 01:21:20,363 - INFO - [0/100] | train_loss: 0.19978
2025-09-08 01:21:25,436 - INFO - [10/100] | train_loss: 0.83973
2025-09-08 01:21:30,438 - INFO - [20/100] | train_loss: 0.63591
2025-09-08 01:21:35,364 - INFO - [30/100] | train_loss: 0.40738
2025-09-08 01:21:40,374 - INFO - [40/100] | train_loss: 0.36045
2025-09-08 01:21:45,025 - INFO - [50/100] | train_loss: 0.24254
2025-09-08 01:21:49,765 - INFO - [60/100] | train_loss: 0.21765
2025-09-08 01:21:54,778 - INFO - [70/100] | train_loss: 0.21495
2025-09-08 01:21:59,865 - INFO - [80/100] | train_loss: 0.22679
2025-09-08 01:22:04,782 - INFO - [90/100] | train_loss: 0.19860
2025-09-08 01:22:09,598 - INFO - [0/100] | train_loss: 0.13929
2025-09-08 01:22:15,197 - INFO - [10/100] | train_loss: 1.30352
2025-09-08 01:22:21,000 - INFO - [20/100] | train_loss: 0.94662
2025-09-08 01:22:26,684 - INFO - [30/100] | train_loss: 0.74491
2025-09-08 01:22:32,779 - INFO - [40/100] | train_loss: 0.70469
2025-09-08 01:22:37,601 - INFO - [50/100] | train_loss: 0.68575
2025-09-08 01:22:42,404 - INFO - [60/100] | train_loss: 0.67735
2025-09-08 01:22:47,670 - INFO - [70/100] | train_loss: 0.67320
2025-09-08 01:22:53,300 - INFO - [80/100] | train_loss: 0.69351
2025-09-08 01:22:58,573 - INFO - [90/100] | train_loss: 0.69075
2025-09-08 01:23:03,604 - INFO - ----------
2025-09-08 01:23:03,604 - INFO - sample 216/241 | d1: node-3; level: node; fault_type: node 磁盘写IO消耗
2025-09-08 01:23:03,604 - INFO - sample 216/241 | predict d1: [('node-3', 0.13747575023320024), ('paymentservice-0', 0.058487982612069), ('paymentservice', 0.05848374753637353), ('paymentservice-2', 0.05848374753637353), ('paymentservice2-0', 0.058445097991934425)]
2025-09-08 01:23:03,604 - INFO - sample 216/241 | predict d2: [('node-3/Disk/system.io.w_s', 0.09194714413211358), ('node-3/Disk/system.io.svctm', 0.08961560189644047), ('node-3/Disk/system.io.avg_q_sz', 0.08792385727221586), ('node-3/Disk/system.io.w_await', 0.08520968122170558), ('node-3/Disk/system.io.await', 0.07839748385971035)]
2025-09-08 01:23:03,604 - INFO - ----------
2025-09-08 01:23:04,238 - INFO - [0/100] | train_loss: 0.18776
2025-09-08 01:23:10,299 - INFO - [10/100] | train_loss: 1.29602
2025-09-08 01:23:15,965 - INFO - [20/100] | train_loss: 0.96645
2025-09-08 01:23:21,392 - INFO - [30/100] | train_loss: 0.70480
2025-09-08 01:23:26,392 - INFO - [40/100] | train_loss: 0.58101
2025-09-08 01:23:31,930 - INFO - [50/100] | train_loss: 0.64572
2025-09-08 01:23:37,619 - INFO - [60/100] | train_loss: 0.52020
2025-09-08 01:23:43,676 - INFO - [70/100] | train_loss: 0.51125
2025-09-08 01:23:49,365 - INFO - [80/100] | train_loss: 0.57738
2025-09-08 01:23:54,874 - INFO - [90/100] | train_loss: 0.49004
2025-09-08 01:24:00,425 - INFO - [0/100] | train_loss: 0.19467
2025-09-08 01:24:05,911 - INFO - [10/100] | train_loss: 1.59024
2025-09-08 01:24:10,808 - INFO - [20/100] | train_loss: 0.94154
2025-09-08 01:24:16,263 - INFO - [30/100] | train_loss: 0.68981
2025-09-08 01:24:22,065 - INFO - [40/100] | train_loss: 0.56675
2025-09-08 01:24:27,580 - INFO - [50/100] | train_loss: 0.52167
2025-09-08 01:24:32,989 - INFO - [60/100] | train_loss: 0.50337
2025-09-08 01:24:38,591 - INFO - [70/100] | train_loss: 0.50386
2025-09-08 01:24:44,084 - INFO - [80/100] | train_loss: 0.58357
2025-09-08 01:24:49,420 - INFO - [90/100] | train_loss: 0.47130
2025-09-08 01:24:54,495 - INFO - ----------
2025-09-08 01:24:54,495 - INFO - sample 217/241 | d1: adservice; level: service; fault_type: k8s容器网络资源包重复发送
2025-09-08 01:24:54,495 - INFO - sample 217/241 | predict d1: [('paymentservice2-0', 2.709005207070163), ('paymentservice-1', 2.4613636276553024), ('paymentservice', 1.719914474189828), ('paymentservice-2', 1.7198835802323984), ('paymentservice-0', 0.989759973053422)]
2025-09-08 01:24:54,495 - INFO - sample 217/241 | predict d2: [('paymentservice2-0/CPU/kpi_container_cpu_cfs_periods', 1.3816250963703425), ('paymentservice2-0/Memory/kpi_container_memory_mapped_file', 1.3741188926764778), ('paymentservice2-0/Memory/kpi_container_memory_failures', 1.2798566777741769), ('paymentservice2-0/Memory/kpi_container_memory_working_set_MB', 1.2771607968478875), ('paymentservice2-0/Network/kpi_container_network_transmit_packets', 1.252250013906142)]
2025-09-08 01:24:54,495 - INFO - ----------
2025-09-08 01:24:55,082 - INFO - [0/100] | train_loss: 0.17316
2025-09-08 01:25:00,675 - INFO - [10/100] | train_loss: 1.29144
2025-09-08 01:25:05,707 - INFO - [20/100] | train_loss: 1.02309
2025-09-08 01:25:11,097 - INFO - [30/100] | train_loss: 0.70630
2025-09-08 01:25:16,391 - INFO - [40/100] | train_loss: 0.81539
2025-09-08 01:25:21,481 - INFO - [50/100] | train_loss: 0.72169
2025-09-08 01:25:27,066 - INFO - [60/100] | train_loss: 0.53289
2025-09-08 01:25:32,444 - INFO - [70/100] | train_loss: 0.52030
2025-09-08 01:25:37,777 - INFO - [80/100] | train_loss: 0.51525
2025-09-08 01:25:43,120 - INFO - [90/100] | train_loss: 0.50734
2025-09-08 01:25:48,188 - INFO - ----------
2025-09-08 01:25:48,188 - INFO - sample 218/241 | d1: checkoutservice-0; level: pod; fault_type: k8s容器网络资源包重复发送
2025-09-08 01:25:48,188 - INFO - sample 218/241 | predict d1: [('paymentservice2-0', 1.0644052962698254), ('paymentservice', 0.5302811768025322), ('paymentservice-0', 0.5302811768025322), ('checkoutservice', 0.5302357243886888), ('paymentservice-1', 0.5302325073643033)]
2025-09-08 01:25:48,188 - INFO - sample 218/241 | predict d2: [('paymentservice2-0/Memory/kpi_container_memory_mapped_file', 0.4675600627230949), ('paymentservice2-0/Network/kpi_container_network_transmit_packets', 0.46103294320690225), ('paymentservice2-0/Network/kpi_container_network_receive_packets', 0.4425529536603392), ('paymentservice2-0/CPU/kpi_container_cpu_cfs_periods', 0.437824182627395), ('paymentservice2-0/Other/kpi_container_file_descriptors', 0.4298539569346076)]
2025-09-08 01:25:48,188 - INFO - ----------
2025-09-08 01:25:48,863 - INFO - [0/100] | train_loss: 0.25447
2025-09-08 01:25:54,081 - INFO - [10/100] | train_loss: 1.30079
2025-09-08 01:25:59,390 - INFO - [20/100] | train_loss: 0.89092
2025-09-08 01:26:04,624 - INFO - [30/100] | train_loss: 0.62204
2025-09-08 01:26:10,363 - INFO - [40/100] | train_loss: 0.50874
2025-09-08 01:26:15,685 - INFO - [50/100] | train_loss: 0.49960
2025-09-08 01:26:20,986 - INFO - [60/100] | train_loss: 0.46885
2025-09-08 01:26:26,516 - INFO - [70/100] | train_loss: 0.46083
2025-09-08 01:26:31,677 - INFO - [80/100] | train_loss: 0.44590
2025-09-08 01:26:36,717 - INFO - [90/100] | train_loss: 0.44714
2025-09-08 01:26:41,579 - INFO - ----------
2025-09-08 01:26:41,579 - INFO - sample 219/241 | d1: paymentservice-0; level: pod; fault_type: k8s容器内存负载
2025-09-08 01:26:41,579 - INFO - sample 219/241 | predict d1: [('paymentservice-0', 1.9207199207198755), ('paymentservice', 0.9566743329334031), ('paymentservice2-0', 0.9566743329334031), ('paymentservice-1', 0.9566655410751537), ('checkoutservice', 0.9566450267392383)]
2025-09-08 01:26:41,579 - INFO - sample 219/241 | predict d2: [('paymentservice-0/Disk/kpi_container_fs_usage_MB', 0.6913277188125448), ('paymentservice-0/Memory/kpi_container_memory_working_set_MB', 0.686081967520181), ('paymentservice-0/Memory/kpi_container_memory_failures', 0.6753086083033395), ('paymentservice-0/Disk/kpi_container_fs_writes_MB', 0.6600537573674501), ('paymentservice-0/CPU/kpi_container_cpu_cfs_throttled_periods', 0.6524320207489609)]
2025-09-08 01:26:41,579 - INFO - ----------
2025-09-08 01:26:42,186 - INFO - [0/100] | train_loss: 0.10218
2025-09-08 01:26:47,727 - INFO - [10/100] | train_loss: 1.22269
2025-09-08 01:26:52,605 - INFO - [20/100] | train_loss: 0.86203
2025-09-08 01:26:57,879 - INFO - [30/100] | train_loss: 0.56022
2025-09-08 01:27:03,491 - INFO - [40/100] | train_loss: 0.46353
2025-09-08 01:27:09,204 - INFO - [50/100] | train_loss: 0.43321
2025-09-08 01:27:14,624 - INFO - [60/100] | train_loss: 0.43342
2025-09-08 01:27:20,105 - INFO - [70/100] | train_loss: 0.41882
2025-09-08 01:27:25,874 - INFO - [80/100] | train_loss: 0.41493
2025-09-08 01:27:31,381 - INFO - [90/100] | train_loss: 0.42430
2025-09-08 01:27:37,096 - INFO - [0/100] | train_loss: 0.11880
2025-09-08 01:27:42,032 - INFO - [10/100] | train_loss: 1.48712
2025-09-08 01:27:47,339 - INFO - [20/100] | train_loss: 0.93926
2025-09-08 01:27:52,972 - INFO - [30/100] | train_loss: 0.72403
2025-09-08 01:27:58,542 - INFO - [40/100] | train_loss: 0.58668
2025-09-08 01:28:04,205 - INFO - [50/100] | train_loss: 0.54194
2025-09-08 01:28:09,538 - INFO - [60/100] | train_loss: 0.53916
2025-09-08 01:28:14,720 - INFO - [70/100] | train_loss: 0.50490
2025-09-08 01:28:20,174 - INFO - [80/100] | train_loss: 0.48814
2025-09-08 01:28:25,665 - INFO - [90/100] | train_loss: 0.48960
2025-09-08 01:28:31,167 - INFO - [0/100] | train_loss: 0.18994
2025-09-08 01:28:36,434 - INFO - [10/100] | train_loss: 1.36327
2025-09-08 01:28:42,086 - INFO - [20/100] | train_loss: 1.02639
2025-09-08 01:28:47,539 - INFO - [30/100] | train_loss: 0.72557
2025-09-08 01:28:52,886 - INFO - [40/100] | train_loss: 0.60716
2025-09-08 01:28:58,498 - INFO - [50/100] | train_loss: 0.55442
2025-09-08 01:29:04,315 - INFO - [60/100] | train_loss: 0.52350
2025-09-08 01:29:09,070 - INFO - [70/100] | train_loss: 0.51905
2025-09-08 01:29:14,671 - INFO - [80/100] | train_loss: 0.50012
2025-09-08 01:29:19,800 - INFO - [90/100] | train_loss: 0.49814
2025-09-08 01:29:25,368 - INFO - ----------
2025-09-08 01:29:25,368 - INFO - sample 220/241 | d1: recommendationservice; level: service; fault_type: k8s容器网络丢包
2025-09-08 01:29:25,368 - INFO - sample 220/241 | predict d1: [('recommendationservice-0', 3.4207755415876413), ('recommendationservice-1', 3.2787431022404228), ('recommendationservice2-0', 3.007351647423885), ('recommendationservice', 2.4223519302969336), ('productcatalogservice', 1.8452478417636295)]
2025-09-08 01:29:25,368 - INFO - sample 220/241 | predict d2: [('recommendationservice-0/Network/kpi_container_network_transmit_packets', 2.0571302001051244), ('recommendationservice-0/Network/kpi_container_network_transmit_MB', 1.796355025145239), ('recommendationservice-0/Network/kpi_container_network_receive_MB', 1.6986133068608211), ('recommendationservice-0/Memory/kpi_container_memory_cache', 1.6329878795798791), ('recommendationservice-0; http2.remote_reset', 1.6238626915062966)]
2025-09-08 01:29:25,368 - INFO - ----------
2025-09-08 01:29:26,018 - INFO - [0/100] | train_loss: 0.26402
2025-09-08 01:29:31,547 - INFO - [10/100] | train_loss: 1.35404
2025-09-08 01:29:36,926 - INFO - [20/100] | train_loss: 0.98334
2025-09-08 01:29:42,530 - INFO - [30/100] | train_loss: 0.80795
2025-09-08 01:29:47,679 - INFO - [40/100] | train_loss: 0.77470
2025-09-08 01:29:52,801 - INFO - [50/100] | train_loss: 0.76886
2025-09-08 01:29:58,089 - INFO - [60/100] | train_loss: 0.76633
2025-09-08 01:30:03,628 - INFO - [70/100] | train_loss: 0.76850
2025-09-08 01:30:08,795 - INFO - [80/100] | train_loss: 0.77570
2025-09-08 01:30:14,576 - INFO - [90/100] | train_loss: 0.77982
2025-09-08 01:30:19,999 - INFO - [0/100] | train_loss: 0.18277
2025-09-08 01:30:25,505 - INFO - [10/100] | train_loss: 1.28810
2025-09-08 01:30:31,120 - INFO - [20/100] | train_loss: 0.85953
2025-09-08 01:30:37,034 - INFO - [30/100] | train_loss: 0.59852
2025-09-08 01:30:42,707 - INFO - [40/100] | train_loss: 0.50132
2025-09-08 01:30:48,195 - INFO - [50/100] | train_loss: 0.47157
2025-09-08 01:30:53,765 - INFO - [60/100] | train_loss: 0.46151
2025-09-08 01:30:59,578 - INFO - [70/100] | train_loss: 0.44038
2025-09-08 01:31:04,963 - INFO - [80/100] | train_loss: 0.44542
2025-09-08 01:31:10,002 - INFO - [90/100] | train_loss: 0.43874
2025-09-08 01:31:15,882 - INFO - [0/100] | train_loss: 0.26167
2025-09-08 01:31:21,568 - INFO - [10/100] | train_loss: 1.30810
2025-09-08 01:31:26,930 - INFO - [20/100] | train_loss: 0.91425
2025-09-08 01:31:32,276 - INFO - [30/100] | train_loss: 0.64081
2025-09-08 01:31:37,430 - INFO - [40/100] | train_loss: 0.52140
2025-09-08 01:31:42,795 - INFO - [50/100] | train_loss: 0.47747
2025-09-08 01:31:48,063 - INFO - [60/100] | train_loss: 0.46150
2025-09-08 01:31:53,186 - INFO - [70/100] | train_loss: 0.45014
2025-09-08 01:31:58,885 - INFO - [80/100] | train_loss: 0.44506
2025-09-08 01:32:04,363 - INFO - [90/100] | train_loss: 0.43663
2025-09-08 01:32:09,891 - INFO - [0/100] | train_loss: 0.20484
2025-09-08 01:32:15,042 - INFO - [10/100] | train_loss: 1.27382
2025-09-08 01:32:20,382 - INFO - [20/100] | train_loss: 0.86470
2025-09-08 01:32:25,925 - INFO - [30/100] | train_loss: 0.60422
2025-09-08 01:32:31,599 - INFO - [40/100] | train_loss: 0.52113
2025-09-08 01:32:36,836 - INFO - [50/100] | train_loss: 0.46990
2025-09-08 01:32:42,211 - INFO - [60/100] | train_loss: 0.46711
2025-09-08 01:32:47,697 - INFO - [70/100] | train_loss: 0.45249
2025-09-08 01:32:53,207 - INFO - [80/100] | train_loss: 0.44773
2025-09-08 01:32:58,570 - INFO - [90/100] | train_loss: 0.44092
2025-09-08 01:33:03,897 - INFO - [0/100] | train_loss: 0.26421
2025-09-08 01:33:09,193 - INFO - [10/100] | train_loss: 1.39339
2025-09-08 01:33:14,395 - INFO - [20/100] | train_loss: 0.93521
2025-09-08 01:33:19,584 - INFO - [30/100] | train_loss: 0.66870
2025-09-08 01:33:24,996 - INFO - [40/100] | train_loss: 0.56169
2025-09-08 01:33:30,730 - INFO - [50/100] | train_loss: 0.52027
2025-09-08 01:33:36,120 - INFO - [60/100] | train_loss: 0.49600
2025-09-08 01:33:41,521 - INFO - [70/100] | train_loss: 0.48186
2025-09-08 01:33:46,763 - INFO - [80/100] | train_loss: 0.47150
2025-09-08 01:33:52,168 - INFO - [90/100] | train_loss: 0.46362
2025-09-08 01:33:57,766 - INFO - ----------
2025-09-08 01:33:57,766 - INFO - sample 221/241 | d1: recommendationservice; level: service; fault_type: k8s容器cpu负载
2025-09-08 01:33:57,766 - INFO - sample 221/241 | predict d1: [('recommendationservice-0', 5.9280961791337425), ('recommendationservice-2', 5.924801109307769), ('recommendationservice2-0', 5.92306991495818), ('recommendationservice-1', 5.922963542264963), ('recommendationservice', 5.92267277892698)]
2025-09-08 01:33:57,766 - INFO - sample 221/241 | predict d2: [('recommendationservice-1/CPU/kpi_container_cpu_cfs_throttled_periods', 2.96172338072844), ('recommendationservice-1/CPU/kpi_container_cpu_usage_seconds', 2.9074144829928557), ('recommendationservice-0/Memory/kpi_container_memory_rss', 2.8531727696803184), ('recommendationservice-0/CPU/kpi_container_cpu_cfs_periods', 2.8230626746066196), ('recommendationservice-1/CPU/kpi_container_cpu_cfs_throttled_seconds', 2.82189686082474)]
2025-09-08 01:33:57,766 - INFO - ----------
2025-09-08 01:33:58,339 - INFO - [0/100] | train_loss: 0.31477
2025-09-08 01:34:03,575 - INFO - [10/100] | train_loss: 0.92278
2025-09-08 01:34:08,720 - INFO - [20/100] | train_loss: 0.70577
2025-09-08 01:34:13,882 - INFO - [30/100] | train_loss: 0.50196
2025-09-08 01:34:19,122 - INFO - [40/100] | train_loss: 0.42545
2025-09-08 01:34:24,183 - INFO - [50/100] | train_loss: 0.31161
2025-09-08 01:34:29,031 - INFO - [60/100] | train_loss: 0.26666
2025-09-08 01:34:34,204 - INFO - [70/100] | train_loss: 0.25188
2025-09-08 01:34:39,023 - INFO - [80/100] | train_loss: 0.24368
2025-09-08 01:34:43,908 - INFO - [90/100] | train_loss: 0.24054
2025-09-08 01:34:48,863 - INFO - [0/100] | train_loss: 0.14097
2025-09-08 01:34:54,901 - INFO - [10/100] | train_loss: 1.29646
2025-09-08 01:35:00,602 - INFO - [20/100] | train_loss: 0.94229
2025-09-08 01:35:05,965 - INFO - [30/100] | train_loss: 0.73163
2025-09-08 01:35:11,307 - INFO - [40/100] | train_loss: 0.67419
2025-09-08 01:35:16,876 - INFO - [50/100] | train_loss: 0.65918
2025-09-08 01:35:21,964 - INFO - [60/100] | train_loss: 0.65093
2025-09-08 01:35:27,283 - INFO - [70/100] | train_loss: 0.64586
2025-09-08 01:35:32,563 - INFO - [80/100] | train_loss: 0.65108
2025-09-08 01:35:38,079 - INFO - [90/100] | train_loss: 0.65490
2025-09-08 01:35:43,390 - INFO - ----------
2025-09-08 01:35:43,391 - INFO - sample 222/241 | d1: node-3; level: node; fault_type: node 磁盘写IO消耗
2025-09-08 01:35:43,391 - INFO - sample 222/241 | predict d1: [('node-3', 1.5173961388870794), ('paymentservice', 0.022037226600442494), ('paymentservice-0', 0.022037226600442494), ('paymentservice2-0', 0.022014632199060635), ('paymentservice-2', 0.022014405567056805)]
2025-09-08 01:35:43,391 - INFO - sample 222/241 | predict d2: [('node-3/Disk/system.io.r_await', 0.5793207565606622), ('node-3/Disk/system.io.w_s', 0.5649489536905747), ('node-3/CPU/system.load.1', 0.5057034574312951), ('node-3/Disk/system.io.w_await', 0.49896079783704295), ('node-3/Disk/system.io.avg_q_sz', 0.4849065738259952)]
2025-09-08 01:35:43,391 - INFO - ----------
2025-09-08 01:35:44,032 - INFO - [0/100] | train_loss: 0.18951
2025-09-08 01:35:49,030 - INFO - [10/100] | train_loss: 1.35025
2025-09-08 01:35:54,772 - INFO - [20/100] | train_loss: 1.06851
2025-09-08 01:36:00,209 - INFO - [30/100] | train_loss: 0.83441
2025-09-08 01:36:05,902 - INFO - [40/100] | train_loss: 0.74868
2025-09-08 01:36:11,320 - INFO - [50/100] | train_loss: 0.73594
2025-09-08 01:36:16,292 - INFO - [60/100] | train_loss: 0.71032
2025-09-08 01:36:21,719 - INFO - [70/100] | train_loss: 0.71861
2025-09-08 01:36:26,704 - INFO - [80/100] | train_loss: 0.72681
2025-09-08 01:36:31,496 - INFO - [90/100] | train_loss: 0.73570
2025-09-08 01:36:36,811 - INFO - [0/100] | train_loss: 0.29802
2025-09-08 01:36:42,215 - INFO - [10/100] | train_loss: 1.37119
2025-09-08 01:36:47,502 - INFO - [20/100] | train_loss: 1.00870
2025-09-08 01:36:52,499 - INFO - [30/100] | train_loss: 0.81621
2025-09-08 01:36:58,124 - INFO - [40/100] | train_loss: 0.77492
2025-09-08 01:37:03,570 - INFO - [50/100] | train_loss: 0.76690
2025-09-08 01:37:08,705 - INFO - [60/100] | train_loss: 0.75765
2025-09-08 01:37:14,032 - INFO - [70/100] | train_loss: 0.76052
2025-09-08 01:37:19,301 - INFO - [80/100] | train_loss: 0.76606
2025-09-08 01:37:24,580 - INFO - [90/100] | train_loss: 0.76599
2025-09-08 01:37:30,421 - INFO - [0/100] | train_loss: 0.23824
2025-09-08 01:37:35,465 - INFO - [10/100] | train_loss: 1.35380
2025-09-08 01:37:40,714 - INFO - [20/100] | train_loss: 0.99435
2025-09-08 01:37:46,009 - INFO - [30/100] | train_loss: 0.74796
2025-09-08 01:37:51,564 - INFO - [40/100] | train_loss: 0.63693
2025-09-08 01:37:56,913 - INFO - [50/100] | train_loss: 0.61281
2025-09-08 01:38:02,382 - INFO - [60/100] | train_loss: 0.60920
2025-09-08 01:38:07,995 - INFO - [70/100] | train_loss: 0.66534
2025-09-08 01:38:13,185 - INFO - [80/100] | train_loss: 0.78436
2025-09-08 01:38:18,712 - INFO - [90/100] | train_loss: 0.65627
2025-09-08 01:38:24,433 - INFO - [0/100] | train_loss: 0.21852
2025-09-08 01:38:29,620 - INFO - [10/100] | train_loss: 1.34338
2025-09-08 01:38:34,775 - INFO - [20/100] | train_loss: 1.02225
2025-09-08 01:38:40,116 - INFO - [30/100] | train_loss: 0.73970
2025-09-08 01:38:45,763 - INFO - [40/100] | train_loss: 0.61495
2025-09-08 01:38:51,486 - INFO - [50/100] | train_loss: 0.60915
2025-09-08 01:38:57,198 - INFO - [60/100] | train_loss: 0.57421
2025-09-08 01:39:02,102 - INFO - [70/100] | train_loss: 0.53609
2025-09-08 01:39:07,488 - INFO - [80/100] | train_loss: 0.59211
2025-09-08 01:39:13,065 - INFO - [90/100] | train_loss: 0.55689
2025-09-08 01:39:17,927 - INFO - [0/100] | train_loss: 0.17788
2025-09-08 01:39:23,465 - INFO - [10/100] | train_loss: 1.38013
2025-09-08 01:39:28,787 - INFO - [20/100] | train_loss: 0.95507
2025-09-08 01:39:33,098 - INFO - [30/100] | train_loss: 0.69291
2025-09-08 01:39:38,302 - INFO - [40/100] | train_loss: 0.55554
2025-09-08 01:39:43,588 - INFO - [50/100] | train_loss: 0.51584
2025-09-08 01:39:48,764 - INFO - [60/100] | train_loss: 0.59310
2025-09-08 01:39:53,935 - INFO - [70/100] | train_loss: 0.47300
2025-09-08 01:39:58,842 - INFO - [80/100] | train_loss: 0.49228
2025-09-08 01:40:03,595 - INFO - [90/100] | train_loss: 0.53128
2025-09-08 01:40:08,800 - INFO - [0/100] | train_loss: 0.31739
2025-09-08 01:40:14,170 - INFO - [10/100] | train_loss: 1.33567
2025-09-08 01:40:19,472 - INFO - [20/100] | train_loss: 0.95161
2025-09-08 01:40:24,596 - INFO - [30/100] | train_loss: 0.66127
2025-09-08 01:40:30,080 - INFO - [40/100] | train_loss: 0.52567
2025-09-08 01:40:35,328 - INFO - [50/100] | train_loss: 0.47710
2025-09-08 01:40:40,763 - INFO - [60/100] | train_loss: 0.46296
2025-09-08 01:40:46,324 - INFO - [70/100] | train_loss: 0.45094
2025-09-08 01:40:51,511 - INFO - [80/100] | train_loss: 0.44651
2025-09-08 01:40:56,687 - INFO - [90/100] | train_loss: 0.44184
2025-09-08 01:41:02,134 - INFO - [0/100] | train_loss: 0.21849
2025-09-08 01:41:07,686 - INFO - [10/100] | train_loss: 1.29280
2025-09-08 01:41:13,315 - INFO - [20/100] | train_loss: 0.88256
2025-09-08 01:41:18,719 - INFO - [30/100] | train_loss: 0.61234
2025-09-08 01:41:24,085 - INFO - [40/100] | train_loss: 0.51049
2025-09-08 01:41:29,799 - INFO - [50/100] | train_loss: 0.48324
2025-09-08 01:41:35,102 - INFO - [60/100] | train_loss: 0.48512
2025-09-08 01:41:40,533 - INFO - [70/100] | train_loss: 0.47287
2025-09-08 01:41:46,213 - INFO - [80/100] | train_loss: 0.47290
2025-09-08 01:41:51,532 - INFO - [90/100] | train_loss: 0.46013
2025-09-08 01:41:56,865 - INFO - [0/100] | train_loss: 0.30031
2025-09-08 01:42:02,742 - INFO - [10/100] | train_loss: 1.31306
2025-09-08 01:42:08,131 - INFO - [20/100] | train_loss: 0.91429
2025-09-08 01:42:13,586 - INFO - [30/100] | train_loss: 0.64781
2025-09-08 01:42:19,033 - INFO - [40/100] | train_loss: 0.53741
2025-09-08 01:42:24,335 - INFO - [50/100] | train_loss: 0.50386
2025-09-08 01:42:29,186 - INFO - [60/100] | train_loss: 0.48622
2025-09-08 01:42:34,903 - INFO - [70/100] | train_loss: 0.47681
2025-09-08 01:42:40,170 - INFO - [80/100] | train_loss: 0.46791
2025-09-08 01:42:45,837 - INFO - [90/100] | train_loss: 0.46326
2025-09-08 01:42:51,671 - INFO - [0/100] | train_loss: 0.25021
2025-09-08 01:42:56,893 - INFO - [10/100] | train_loss: 1.29310
2025-09-08 01:43:02,871 - INFO - [20/100] | train_loss: 0.88389
2025-09-08 01:43:08,415 - INFO - [30/100] | train_loss: 0.63808
2025-09-08 01:43:13,893 - INFO - [40/100] | train_loss: 0.50762
2025-09-08 01:43:19,023 - INFO - [50/100] | train_loss: 0.47373
2025-09-08 01:43:24,776 - INFO - [60/100] | train_loss: 0.47136
2025-09-08 01:43:29,575 - INFO - [70/100] | train_loss: 0.46290
2025-09-08 01:43:35,569 - INFO - [80/100] | train_loss: 0.45582
2025-09-08 01:43:40,889 - INFO - [90/100] | train_loss: 0.45210
2025-09-08 01:43:46,114 - INFO - ----------
2025-09-08 01:43:46,114 - INFO - sample 223/241 | d1: recommendationservice; level: service; fault_type: k8s容器读io负载
2025-09-08 01:43:46,114 - INFO - sample 223/241 | predict d1: [('recommendationservice-1', 5.903844508814334), ('recommendationservice', 5.902452998875297), ('recommendationservice-2', 4.930195221576307), ('recommendationservice2-0', 4.929267216111276), ('recommendationservice-0', 4.928612319957772)]
2025-09-08 01:43:46,114 - INFO - sample 223/241 | predict d2: [('recommendationservice-1/Disk/kpi_container_fs_reads_MB', 2.687048100131566), ('recommendationservice-1/CPU/kpi_container_cpu_system_seconds', 2.602832876992151), ('recommendationservice-1/Disk/kpi_container_fs_usage_MB', 2.5668010048166536), ('recommendationservice-2/CPU/kpi_container_cpu_system_seconds', 2.5551082788296977), ('recommendationservice-2/Memory/kpi_container_memory_failures', 2.5217761893684276)]
2025-09-08 01:43:46,114 - INFO - ----------
2025-09-08 01:43:46,778 - INFO - [0/100] | train_loss: 0.16522
2025-09-08 01:43:52,137 - INFO - [10/100] | train_loss: 1.35589
2025-09-08 01:43:57,036 - INFO - [20/100] | train_loss: 1.00899
2025-09-08 01:44:02,608 - INFO - [30/100] | train_loss: 0.79341
2025-09-08 01:44:07,994 - INFO - [40/100] | train_loss: 0.74654
2025-09-08 01:44:14,066 - INFO - [50/100] | train_loss: 0.73131
2025-09-08 01:44:19,895 - INFO - [60/100] | train_loss: 0.74103
2025-09-08 01:44:24,789 - INFO - [70/100] | train_loss: 0.71898
2025-09-08 01:44:30,463 - INFO - [80/100] | train_loss: 0.72674
2025-09-08 01:44:35,711 - INFO - [90/100] | train_loss: 0.77232
2025-09-08 01:44:41,113 - INFO - ----------
2025-09-08 01:44:41,113 - INFO - sample 224/241 | d1: node-6; level: node; fault_type: node节点CPU故障
2025-09-08 01:44:41,113 - INFO - sample 224/241 | predict d1: [('paymentservice', 0.4331249923303435), ('paymentservice-1', 0.4331249923303435), ('paymentservice2-0', 0.43291802502775667), ('paymentservice-2', 0.43267433900362384), ('paymentservice-0', 0.4326376733438142)]
2025-09-08 01:44:41,113 - INFO - sample 224/241 | predict d2: [('<intensity>; grpc.hipstershop.PaymentService/Charge; type: downstream', 0.3053132512593315), ('paymentservice-2/Network/kpi_container_network_transmit_MB', 0.2955005708891907), ('paymentservice-0; http2.remote_reset', 0.29124440942490537), ('<duration>; grpc.hipstershop.PaymentService/Charge; type: upstream', 0.28877258149933027), ('<intensity>; hipstershop.PaymentService/Charge; type: upstream', 0.28727836300404874)]
2025-09-08 01:44:41,113 - INFO - ----------
2025-09-08 01:44:41,765 - INFO - [0/100] | train_loss: 0.22973
2025-09-08 01:44:46,580 - INFO - [10/100] | train_loss: 0.84748
2025-09-08 01:44:51,621 - INFO - [20/100] | train_loss: 0.59795
2025-09-08 01:44:56,774 - INFO - [30/100] | train_loss: 0.46723
2025-09-08 01:45:01,794 - INFO - [40/100] | train_loss: 0.33842
2025-09-08 01:45:07,135 - INFO - [50/100] | train_loss: 0.34232
2025-09-08 01:45:11,917 - INFO - [60/100] | train_loss: 0.29188
2025-09-08 01:45:16,620 - INFO - [70/100] | train_loss: 0.41438
2025-09-08 01:45:21,682 - INFO - [80/100] | train_loss: 0.30457
2025-09-08 01:45:26,464 - INFO - [90/100] | train_loss: 0.27410
2025-09-08 01:45:31,163 - INFO - [0/100] | train_loss: 0.14477
2025-09-08 01:45:36,598 - INFO - [10/100] | train_loss: 1.31296
2025-09-08 01:45:42,138 - INFO - [20/100] | train_loss: 0.93348
2025-09-08 01:45:47,590 - INFO - [30/100] | train_loss: 0.69127
2025-09-08 01:45:52,775 - INFO - [40/100] | train_loss: 0.57082
2025-09-08 01:45:58,076 - INFO - [50/100] | train_loss: 0.67434
2025-09-08 01:46:02,910 - INFO - [60/100] | train_loss: 0.52264
2025-09-08 01:46:07,963 - INFO - [70/100] | train_loss: 0.53226
2025-09-08 01:46:13,609 - INFO - [80/100] | train_loss: 0.52829
2025-09-08 01:46:19,108 - INFO - [90/100] | train_loss: 0.50561
2025-09-08 01:46:24,304 - INFO - ----------
2025-09-08 01:46:24,305 - INFO - sample 225/241 | d1: node-4; level: node; fault_type: node节点CPU故障
2025-09-08 01:46:24,305 - INFO - sample 225/241 | predict d1: [('node-4', 1.906100919169269), ('shippingservice', 0.29388549518219165), ('shippingservice-0', 0.29388549518219165), ('frontend', 0.2938711289980347), ('checkoutservice', 0.2938704751864556)]
2025-09-08 01:46:24,305 - INFO - sample 225/241 | predict d2: [('node-4/CPU/system.load.15', 0.7733592286663438), ('node-4/CPU/system.cpu.pct_usage', 0.7560144780219602), ('node-4/CPU/system.load.5', 0.7420255902420436), ('node-4/CPU/system.load.1', 0.7265268998618168), ('node-4/Net/system.net.tcp.out_segs', 0.6935174351717066)]
2025-09-08 01:46:24,305 - INFO - ----------
2025-09-08 01:46:24,890 - INFO - [0/100] | train_loss: 0.28548
2025-09-08 01:46:30,612 - INFO - [10/100] | train_loss: 1.32929
2025-09-08 01:46:36,284 - INFO - [20/100] | train_loss: 0.92516
2025-09-08 01:46:41,664 - INFO - [30/100] | train_loss: 0.69607
2025-09-08 01:46:47,310 - INFO - [40/100] | train_loss: 0.60050
2025-09-08 01:46:53,181 - INFO - [50/100] | train_loss: 0.56211
2025-09-08 01:46:58,622 - INFO - [60/100] | train_loss: 0.59053
2025-09-08 01:47:04,167 - INFO - [70/100] | train_loss: 0.55005
2025-09-08 01:47:09,569 - INFO - [80/100] | train_loss: 0.54156
2025-09-08 01:47:15,263 - INFO - [90/100] | train_loss: 0.61882
2025-09-08 01:47:20,581 - INFO - ----------
2025-09-08 01:47:20,581 - INFO - sample 226/241 | d1: currencyservice-2; level: pod; fault_type: k8s容器cpu负载
2025-09-08 01:47:20,581 - INFO - sample 226/241 | predict d1: [('currencyservice-2', 1.9900565370735102), ('currencyservice', 0.9907574101674754), ('frontend', 0.9907316754660656), ('currencyservice2-0', 0.9906600114711672), ('currencyservice-1', 0.9906283196629495)]
2025-09-08 01:47:20,581 - INFO - sample 226/241 | predict d2: [('currencyservice-2/CPU/kpi_container_cpu_cfs_periods', 0.8625640459268169), ('currencyservice-2/Network/kpi_container_network_transmit_packets', 0.8540297160006993), ('currencyservice-2/Other/kpi_container_file_descriptors', 0.8073928373656081), ('currencyservice-2; Go; <log pattern 44>', 0.8045021512871031), ('currencyservice-2/Disk/kpi_container_fs_usage_MB', 0.7778619100713691)]
2025-09-08 01:47:20,581 - INFO - ----------
2025-09-08 01:47:21,381 - INFO - [0/100] | train_loss: 0.25964
2025-09-08 01:47:26,967 - INFO - [10/100] | train_loss: 1.42726
2025-09-08 01:47:32,187 - INFO - [20/100] | train_loss: 1.06703
2025-09-08 01:47:37,528 - INFO - [30/100] | train_loss: 0.87632
2025-09-08 01:47:42,645 - INFO - [40/100] | train_loss: 0.83004
2025-09-08 01:47:47,901 - INFO - [50/100] | train_loss: 0.82385
2025-09-08 01:47:53,302 - INFO - [60/100] | train_loss: 0.79729
2025-09-08 01:47:58,733 - INFO - [70/100] | train_loss: 0.80256
2025-09-08 01:48:03,832 - INFO - [80/100] | train_loss: 0.87422
2025-09-08 01:48:09,395 - INFO - [90/100] | train_loss: 0.81259
2025-09-08 01:48:15,025 - INFO - [0/100] | train_loss: 0.34315
2025-09-08 01:48:20,439 - INFO - [10/100] | train_loss: 1.31201
2025-09-08 01:48:26,193 - INFO - [20/100] | train_loss: 0.97425
2025-09-08 01:48:31,572 - INFO - [30/100] | train_loss: 0.72170
2025-09-08 01:48:37,233 - INFO - [40/100] | train_loss: 0.60566
2025-09-08 01:48:42,481 - INFO - [50/100] | train_loss: 0.56486
2025-09-08 01:48:47,605 - INFO - [60/100] | train_loss: 0.55624
2025-09-08 01:48:53,202 - INFO - [70/100] | train_loss: 0.53032
2025-09-08 01:48:58,805 - INFO - [80/100] | train_loss: 0.50810
2025-09-08 01:49:04,312 - INFO - [90/100] | train_loss: 0.50304
2025-09-08 01:49:10,000 - INFO - [0/100] | train_loss: 0.13955
2025-09-08 01:49:15,427 - INFO - [10/100] | train_loss: 1.22721
2025-09-08 01:49:20,992 - INFO - [20/100] | train_loss: 0.84539
2025-09-08 01:49:26,275 - INFO - [30/100] | train_loss: 0.59892
2025-09-08 01:49:31,216 - INFO - [40/100] | train_loss: 0.52249
2025-09-08 01:49:36,897 - INFO - [50/100] | train_loss: 0.49813
2025-09-08 01:49:42,116 - INFO - [60/100] | train_loss: 0.48832
2025-09-08 01:49:47,268 - INFO - [70/100] | train_loss: 0.46998
2025-09-08 01:49:52,763 - INFO - [80/100] | train_loss: 0.46762
2025-09-08 01:49:58,163 - INFO - [90/100] | train_loss: 0.46662
2025-09-08 01:50:04,023 - INFO - [0/100] | train_loss: 0.23001
2025-09-08 01:50:09,307 - INFO - [10/100] | train_loss: 1.33357
2025-09-08 01:50:14,711 - INFO - [20/100] | train_loss: 0.94951
2025-09-08 01:50:20,480 - INFO - [30/100] | train_loss: 0.70379
2025-09-08 01:50:26,173 - INFO - [40/100] | train_loss: 0.59381
2025-09-08 01:50:31,929 - INFO - [50/100] | train_loss: 0.55991
2025-09-08 01:50:37,274 - INFO - [60/100] | train_loss: 0.53688
2025-09-08 01:50:42,893 - INFO - [70/100] | train_loss: 0.53190
2025-09-08 01:50:48,963 - INFO - [80/100] | train_loss: 0.54455
2025-09-08 01:50:54,567 - INFO - [90/100] | train_loss: 0.50955
2025-09-08 01:51:00,126 - INFO - [0/100] | train_loss: 0.23359
2025-09-08 01:51:05,601 - INFO - [10/100] | train_loss: 1.37988
2025-09-08 01:51:10,863 - INFO - [20/100] | train_loss: 1.00703
2025-09-08 01:51:16,382 - INFO - [30/100] | train_loss: 0.75303
2025-09-08 01:51:21,737 - INFO - [40/100] | train_loss: 0.67140
2025-09-08 01:51:27,163 - INFO - [50/100] | train_loss: 0.62423
2025-09-08 01:51:32,721 - INFO - [60/100] | train_loss: 0.60608
2025-09-08 01:51:38,687 - INFO - [70/100] | train_loss: 0.58849
2025-09-08 01:51:44,127 - INFO - [80/100] | train_loss: 0.57701
2025-09-08 01:51:49,286 - INFO - [90/100] | train_loss: 0.57233
2025-09-08 01:51:54,287 - INFO - ----------
2025-09-08 01:51:54,287 - INFO - sample 227/241 | d1: cartservice; level: service; fault_type: k8s容器网络资源包损坏
2025-09-08 01:51:54,287 - INFO - sample 227/241 | predict d1: [('cartservice-1', 5.800321676019539), ('cartservice-0', 5.79234155166926), ('cartservice', 5.7786244001591776), ('cartservice2-0', 5.692248509990005), ('cartservice-2', 3.9195893848718573)]
2025-09-08 01:51:54,287 - INFO - sample 227/241 | predict d2: [('cartservice/Request/mrt.grpc', 3.4261446214872535), ('cartservice-0/Network/kpi_container_network_transmit_MB', 3.408458249489822), ('cartservice/Request/mrt.http', 3.1565221959167467), ('cartservice-0/Other/kpi_container_file_descriptors', 3.1107703808438423), ('cartservice-0/Network/kpi_container_network_receive_packets', 3.0866755866634126)]
2025-09-08 01:51:54,287 - INFO - ----------
2025-09-08 01:51:54,887 - INFO - [0/100] | train_loss: 0.14876
2025-09-08 01:52:00,573 - INFO - [10/100] | train_loss: 1.30973
2025-09-08 01:52:05,799 - INFO - [20/100] | train_loss: 0.95604
2025-09-08 01:52:10,983 - INFO - [30/100] | train_loss: 0.76089
2025-09-08 01:52:16,672 - INFO - [40/100] | train_loss: 0.61248
2025-09-08 01:52:22,122 - INFO - [50/100] | train_loss: 0.55866
2025-09-08 01:52:27,634 - INFO - [60/100] | train_loss: 0.51180
2025-09-08 01:52:32,578 - INFO - [70/100] | train_loss: 0.54117
2025-09-08 01:52:38,008 - INFO - [80/100] | train_loss: 0.50024
2025-09-08 01:52:43,304 - INFO - [90/100] | train_loss: 0.49328
2025-09-08 01:52:48,793 - INFO - ----------
2025-09-08 01:52:48,793 - INFO - sample 228/241 | d1: adservice2-0; level: pod; fault_type: k8s容器网络丢包
2025-09-08 01:52:48,793 - INFO - sample 228/241 | predict d1: [('paymentservice', 0.4445671482271223), ('checkoutservice', 0.4445671482271223), ('paymentservice-0', 0.44456482498276273), ('paymentservice-2', 0.4445401772293849), ('paymentservice-1', 0.4445371863860714)]
2025-09-08 01:52:48,793 - INFO - sample 228/241 | predict d2: [('paymentservice2-0/Thread/kpi_container_threads', 0.3709033183117185), ('paymentservice2-0/Memory/kpi_container_memory_mapped_file', 0.3444572402797803), ('paymentservice2-0/Memory/kpi_container_memory_failures', 0.3303681251409216), ('<intensity>; cmdb_id: paymentservice2-0; type: upstream', 0.32459574413803693), ('paymentservice2-0/CPU/kpi_container_cpu_cfs_periods', 0.3175983457587108)]
2025-09-08 01:52:48,793 - INFO - ----------
2025-09-08 01:52:49,430 - INFO - [0/100] | train_loss: 0.42527
2025-09-08 01:52:55,164 - INFO - [10/100] | train_loss: 1.57103
2025-09-08 01:53:00,114 - INFO - [20/100] | train_loss: 1.22485
2025-09-08 01:53:05,475 - INFO - [30/100] | train_loss: 1.09902
2025-09-08 01:53:10,968 - INFO - [40/100] | train_loss: 1.08981
2025-09-08 01:53:16,202 - INFO - [50/100] | train_loss: 1.09545
2025-09-08 01:53:21,690 - INFO - [60/100] | train_loss: 1.09570
2025-09-08 01:53:26,667 - INFO - [70/100] | train_loss: 1.09808
2025-09-08 01:53:31,965 - INFO - [80/100] | train_loss: 1.09504
2025-09-08 01:53:37,300 - INFO - [90/100] | train_loss: 1.09897
2025-09-08 01:53:43,066 - INFO - [0/100] | train_loss: 0.21305
2025-09-08 01:53:48,529 - INFO - [10/100] | train_loss: 1.31816
2025-09-08 01:53:53,608 - INFO - [20/100] | train_loss: 0.98167
2025-09-08 01:53:59,010 - INFO - [30/100] | train_loss: 0.78888
2025-09-08 01:54:04,432 - INFO - [40/100] | train_loss: 0.73408
2025-09-08 01:54:10,009 - INFO - [50/100] | train_loss: 0.72229
2025-09-08 01:54:15,188 - INFO - [60/100] | train_loss: 0.69991
2025-09-08 01:54:20,431 - INFO - [70/100] | train_loss: 0.69537
2025-09-08 01:54:25,581 - INFO - [80/100] | train_loss: 0.70496
2025-09-08 01:54:30,699 - INFO - [90/100] | train_loss: 0.70068
2025-09-08 01:54:36,231 - INFO - [0/100] | train_loss: 0.34851
2025-09-08 01:54:41,489 - INFO - [10/100] | train_loss: 1.53822
2025-09-08 01:54:46,205 - INFO - [20/100] | train_loss: 0.99626
2025-09-08 01:54:51,466 - INFO - [30/100] | train_loss: 0.75283
2025-09-08 01:54:56,285 - INFO - [40/100] | train_loss: 0.68151
2025-09-08 01:55:01,069 - INFO - [50/100] | train_loss: 0.64508
2025-09-08 01:55:06,622 - INFO - [60/100] | train_loss: 0.64837
2025-09-08 01:55:12,073 - INFO - [70/100] | train_loss: 0.62333
2025-09-08 01:55:17,195 - INFO - [80/100] | train_loss: 0.63241
2025-09-08 01:55:23,091 - INFO - [90/100] | train_loss: 0.61307
2025-09-08 01:55:28,704 - INFO - [0/100] | train_loss: 0.47548
2025-09-08 01:55:33,612 - INFO - [10/100] | train_loss: 1.45608
2025-09-08 01:55:39,218 - INFO - [20/100] | train_loss: 1.06718
2025-09-08 01:55:44,474 - INFO - [30/100] | train_loss: 0.79293
2025-09-08 01:55:49,195 - INFO - [40/100] | train_loss: 0.73725
2025-09-08 01:55:54,465 - INFO - [50/100] | train_loss: 0.69007
2025-09-08 01:56:00,087 - INFO - [60/100] | train_loss: 0.68214
2025-09-08 01:56:05,587 - INFO - [70/100] | train_loss: 0.66938
2025-09-08 01:56:10,700 - INFO - [80/100] | train_loss: 0.69535
2025-09-08 01:56:16,407 - INFO - [90/100] | train_loss: 0.66644
2025-09-08 01:56:21,829 - INFO - [0/100] | train_loss: 0.29876
2025-09-08 01:56:27,388 - INFO - [10/100] | train_loss: 1.29255
2025-09-08 01:56:32,863 - INFO - [20/100] | train_loss: 0.91828
2025-09-08 01:56:37,891 - INFO - [30/100] | train_loss: 0.68370
2025-09-08 01:56:43,679 - INFO - [40/100] | train_loss: 0.60395
2025-09-08 01:56:49,012 - INFO - [50/100] | train_loss: 0.58445
2025-09-08 01:56:54,539 - INFO - [60/100] | train_loss: 0.56423
2025-09-08 01:56:59,776 - INFO - [70/100] | train_loss: 0.55572
2025-09-08 01:57:05,383 - INFO - [80/100] | train_loss: 0.55606
2025-09-08 01:57:10,791 - INFO - [90/100] | train_loss: 0.55390
2025-09-08 01:57:16,572 - INFO - [0/100] | train_loss: 0.40576
2025-09-08 01:57:21,823 - INFO - [10/100] | train_loss: 1.40975
2025-09-08 01:57:27,202 - INFO - [20/100] | train_loss: 0.99898
2025-09-08 01:57:32,787 - INFO - [30/100] | train_loss: 0.76632
2025-09-08 01:57:38,335 - INFO - [40/100] | train_loss: 0.67757
2025-09-08 01:57:43,805 - INFO - [50/100] | train_loss: 0.66806
2025-09-08 01:57:49,433 - INFO - [60/100] | train_loss: 0.66298
2025-09-08 01:57:54,539 - INFO - [70/100] | train_loss: 0.64407
2025-09-08 01:57:59,912 - INFO - [80/100] | train_loss: 0.63333
2025-09-08 01:58:05,283 - INFO - [90/100] | train_loss: 0.62542
2025-09-08 01:58:10,782 - INFO - [0/100] | train_loss: 0.12000
2025-09-08 01:58:16,524 - INFO - [10/100] | train_loss: 1.26485
2025-09-08 01:58:21,716 - INFO - [20/100] | train_loss: 0.88406
2025-09-08 01:58:27,422 - INFO - [30/100] | train_loss: 0.66805
2025-09-08 01:58:32,731 - INFO - [40/100] | train_loss: 0.55638
2025-09-08 01:58:38,086 - INFO - [50/100] | train_loss: 0.54713
2025-09-08 01:58:43,527 - INFO - [60/100] | train_loss: 0.51336
2025-09-08 01:58:49,036 - INFO - [70/100] | train_loss: 0.49087
2025-09-08 01:58:54,706 - INFO - [80/100] | train_loss: 0.48667
2025-09-08 01:59:00,468 - INFO - [90/100] | train_loss: 0.51752
2025-09-08 01:59:06,005 - INFO - [0/100] | train_loss: 0.15341
2025-09-08 01:59:11,463 - INFO - [10/100] | train_loss: 1.36771
2025-09-08 01:59:17,274 - INFO - [20/100] | train_loss: 0.93763
2025-09-08 01:59:22,522 - INFO - [30/100] | train_loss: 0.72118
2025-09-08 01:59:28,069 - INFO - [40/100] | train_loss: 0.65293
2025-09-08 01:59:33,577 - INFO - [50/100] | train_loss: 0.53380
2025-09-08 01:59:38,915 - INFO - [60/100] | train_loss: 0.68770
2025-09-08 01:59:44,428 - INFO - [70/100] | train_loss: 0.65997
2025-09-08 01:59:50,027 - INFO - [80/100] | train_loss: 0.51382
2025-09-08 01:59:55,667 - INFO - [90/100] | train_loss: 0.63313
2025-09-08 02:00:01,677 - INFO - [0/100] | train_loss: 0.13942
2025-09-08 02:00:06,839 - INFO - [10/100] | train_loss: 1.26399
2025-09-08 02:00:12,418 - INFO - [20/100] | train_loss: 0.88437
2025-09-08 02:00:17,886 - INFO - [30/100] | train_loss: 0.60701
2025-09-08 02:00:23,532 - INFO - [40/100] | train_loss: 0.57178
2025-09-08 02:00:29,179 - INFO - [50/100] | train_loss: 0.59433
2025-09-08 02:00:34,668 - INFO - [60/100] | train_loss: 0.47364
2025-09-08 02:00:40,516 - INFO - [70/100] | train_loss: 0.46323
2025-09-08 02:00:46,226 - INFO - [80/100] | train_loss: 0.48190
2025-09-08 02:00:51,989 - INFO - [90/100] | train_loss: 0.47338
2025-09-08 02:00:56,898 - INFO - [0/100] | train_loss: 0.08914
2025-09-08 02:01:02,563 - INFO - [10/100] | train_loss: 1.19131
2025-09-08 02:01:08,200 - INFO - [20/100] | train_loss: 0.79811
2025-09-08 02:01:13,716 - INFO - [30/100] | train_loss: 0.55183
2025-09-08 02:01:19,285 - INFO - [40/100] | train_loss: 0.46152
2025-09-08 02:01:24,627 - INFO - [50/100] | train_loss: 0.52347
2025-09-08 02:01:30,326 - INFO - [60/100] | train_loss: 0.43525
2025-09-08 02:01:35,932 - INFO - [70/100] | train_loss: 0.49360
2025-09-08 02:01:41,237 - INFO - [80/100] | train_loss: 0.42510
2025-09-08 02:01:46,911 - INFO - [90/100] | train_loss: 0.42347
2025-09-08 02:01:52,017 - INFO - ----------
2025-09-08 02:01:52,017 - INFO - sample 229/241 | d1: checkoutservice; level: service; fault_type: k8s容器cpu负载
2025-09-08 02:01:52,017 - INFO - sample 229/241 | predict d1: [('paymentservice', 8.974894551175248), ('checkoutservice', 7.467113487584244), ('checkoutservice-2', 6.5902110262130975), ('checkoutservice-0', 6.566795839943964), ('paymentservice2-0', 6.121266273807326)]
2025-09-08 02:01:52,017 - INFO - sample 229/241 | predict d2: [('paymentservice/Request/mrt.http', 4.875203963466024), ('paymentservice/Request/mrt.grpc', 4.699230842900873), ('<duration>; hipstershop.PaymentService/Charge; type: current', 4.129430380659969), ('<duration>; hipstershop.PaymentService/Charge; type: upstream', 4.078366932921092), ('checkoutservice/Request/mrt.grpc', 3.9155980420891154)]
2025-09-08 02:01:52,017 - INFO - ----------
2025-09-08 02:01:52,689 - INFO - [0/100] | train_loss: 0.34223
2025-09-08 02:01:58,228 - INFO - [10/100] | train_loss: 1.52401
2025-09-08 02:02:03,935 - INFO - [20/100] | train_loss: 1.14092
2025-09-08 02:02:09,609 - INFO - [30/100] | train_loss: 0.88587
2025-09-08 02:02:14,888 - INFO - [40/100] | train_loss: 0.78664
2025-09-08 02:02:20,463 - INFO - [50/100] | train_loss: 0.73424
2025-09-08 02:02:26,003 - INFO - [60/100] | train_loss: 0.70836
2025-09-08 02:02:31,525 - INFO - [70/100] | train_loss: 0.68238
2025-09-08 02:02:37,163 - INFO - [80/100] | train_loss: 0.68636
2025-09-08 02:02:42,829 - INFO - [90/100] | train_loss: 0.66857
2025-09-08 02:02:48,323 - INFO - [0/100] | train_loss: 0.20831
2025-09-08 02:02:53,787 - INFO - [10/100] | train_loss: 1.32757
2025-09-08 02:02:59,290 - INFO - [20/100] | train_loss: 0.96021
2025-09-08 02:03:04,679 - INFO - [30/100] | train_loss: 0.67159
2025-09-08 02:03:10,402 - INFO - [40/100] | train_loss: 0.59901
2025-09-08 02:03:15,865 - INFO - [50/100] | train_loss: 0.60632
2025-09-08 02:03:21,087 - INFO - [60/100] | train_loss: 0.64566
2025-09-08 02:03:26,513 - INFO - [70/100] | train_loss: 0.58348
2025-09-08 02:03:31,975 - INFO - [80/100] | train_loss: 0.58873
2025-09-08 02:03:37,296 - INFO - [90/100] | train_loss: 0.68815
2025-09-08 02:03:42,606 - INFO - ----------
2025-09-08 02:03:42,606 - INFO - sample 230/241 | d1: cartservice; level: service; fault_type: k8s容器网络资源包损坏
2025-09-08 02:03:42,606 - INFO - sample 230/241 | predict d1: [('cartservice-1', 2.4873303495246866), ('cartservice-0', 1.9944110576584997), ('cartservice', 1.489764857973487), ('checkoutservice', 1.4896705672297834), ('frontend', 1.4896704941593804)]
2025-09-08 02:03:42,606 - INFO - sample 230/241 | predict d2: [('cartservice-0/Network/kpi_container_network_transmit_MB', 1.0358726730727987), ('cartservice/Request/mrt.grpc', 1.0270645986583453), ('cartservice-1/Network/kpi_container_network_receive_MB', 1.0141540947335095), ('cartservice-1/Network/kpi_container_network_receive_packets', 1.0020578262821669), ('cartservice/Request/mrt.http', 0.9943193828214376)]
2025-09-08 02:03:42,606 - INFO - ----------
2025-09-08 02:03:43,128 - INFO - [0/100] | train_loss: 0.16968
2025-09-08 02:03:48,685 - INFO - [10/100] | train_loss: 1.30318
2025-09-08 02:03:54,208 - INFO - [20/100] | train_loss: 0.93304
2025-09-08 02:03:59,671 - INFO - [30/100] | train_loss: 0.65692
2025-09-08 02:04:05,424 - INFO - [40/100] | train_loss: 0.53400
2025-09-08 02:04:10,628 - INFO - [50/100] | train_loss: 0.50456
2025-09-08 02:04:16,123 - INFO - [60/100] | train_loss: 0.49529
2025-09-08 02:04:21,881 - INFO - [70/100] | train_loss: 0.47675
2025-09-08 02:04:27,502 - INFO - [80/100] | train_loss: 0.47812
2025-09-08 02:04:33,089 - INFO - [90/100] | train_loss: 0.48073
2025-09-08 02:04:38,206 - INFO - ----------
2025-09-08 02:04:38,206 - INFO - sample 231/241 | d1: node-4; level: node; fault_type: node 内存消耗
2025-09-08 02:04:38,206 - INFO - sample 231/241 | predict d1: [('emailservice', 0.38449713530196483), ('checkoutservice', 0.38449713530196483), ('emailservice2-0', 0.3844655168563804), ('emailservice-2', 0.38445022729394296), ('emailservice-1', 0.38428525245332246)]
2025-09-08 02:04:38,206 - INFO - sample 231/241 | predict d2: [('emailservice-1/CPU/kpi_container_cpu_user_seconds', 0.32629815495628023), ('emailservice-1/Network/kpi_container_network_receive_MB', 0.30526170329969204), ('emailservice-1/Memory/kpi_container_memory_mapped_file', 0.30379529106664194), ('emailservice-1/Other/kpi_container_file_descriptors', 0.30240724361508775), ('emailservice-1/CPU/kpi_container_cpu_cfs_periods', 0.29414669952000594)]
2025-09-08 02:04:38,206 - INFO - ----------
2025-09-08 02:04:38,888 - INFO - [0/100] | train_loss: 0.23874
2025-09-08 02:04:44,385 - INFO - [10/100] | train_loss: 1.34480
2025-09-08 02:04:50,182 - INFO - [20/100] | train_loss: 0.99255
2025-09-08 02:04:55,608 - INFO - [30/100] | train_loss: 0.75358
2025-09-08 02:05:00,786 - INFO - [40/100] | train_loss: 0.67161
2025-09-08 02:05:06,474 - INFO - [50/100] | train_loss: 0.63695
2025-09-08 02:05:11,701 - INFO - [60/100] | train_loss: 0.70404
2025-09-08 02:05:17,575 - INFO - [70/100] | train_loss: 0.64397
2025-09-08 02:05:23,066 - INFO - [80/100] | train_loss: 0.64571
2025-09-08 02:05:28,625 - INFO - [90/100] | train_loss: 0.60736
2025-09-08 02:05:34,076 - INFO - [0/100] | train_loss: 0.18519
2025-09-08 02:05:39,222 - INFO - [10/100] | train_loss: 1.33923
2025-09-08 02:05:44,904 - INFO - [20/100] | train_loss: 0.95758
2025-09-08 02:05:50,124 - INFO - [30/100] | train_loss: 0.70214
2025-09-08 02:05:55,877 - INFO - [40/100] | train_loss: 0.62670
2025-09-08 02:06:01,720 - INFO - [50/100] | train_loss: 0.65432
2025-09-08 02:06:06,679 - INFO - [60/100] | train_loss: 0.59060
2025-09-08 02:06:11,979 - INFO - [70/100] | train_loss: 0.58092
2025-09-08 02:06:17,286 - INFO - [80/100] | train_loss: 0.59416
2025-09-08 02:06:22,978 - INFO - [90/100] | train_loss: 0.58651
2025-09-08 02:06:28,076 - INFO - ----------
2025-09-08 02:06:28,076 - INFO - sample 232/241 | d1: frontend-1; level: pod; fault_type: k8s容器网络资源包损坏
2025-09-08 02:06:28,076 - INFO - sample 232/241 | predict d1: [('frontend-1', 1.9769205781554504), ('currencyservice', 1.7172223898350154), ('shippingservice', 1.7170100545580524), ('checkoutservice2-0', 1.4796640520449245), ('frontend', 0.9917774771542294)]
2025-09-08 02:06:28,076 - INFO - sample 232/241 | predict d2: [('currencyservice/Request/mrt.grpc', 1.040105656975502), ('currencyservice/Request/mrt.http', 0.9881592896361191), ('<duration>; hipstershop.CurrencyService/Convert; type: upstream', 0.9535730765163883), ('<duration>; hipstershop.CurrencyService/GetSupportedCurrencies; type: upstream', 0.8398916078314969), ('<duration>; hipstershop.Frontend/Recv.; type: current', 0.816667896902814)]
2025-09-08 02:06:28,076 - INFO - ----------
2025-09-08 02:06:28,708 - INFO - [0/100] | train_loss: 0.18793
2025-09-08 02:06:34,276 - INFO - [10/100] | train_loss: 1.34524
2025-09-08 02:06:39,871 - INFO - [20/100] | train_loss: 0.98075
2025-09-08 02:06:45,477 - INFO - [30/100] | train_loss: 0.80286
2025-09-08 02:06:50,979 - INFO - [40/100] | train_loss: 0.77152
2025-09-08 02:06:56,007 - INFO - [50/100] | train_loss: 0.76923
2025-09-08 02:07:01,387 - INFO - [60/100] | train_loss: 0.76301
2025-09-08 02:07:06,995 - INFO - [70/100] | train_loss: 0.76727
2025-09-08 02:07:12,169 - INFO - [80/100] | train_loss: 0.78126
2025-09-08 02:07:17,885 - INFO - [90/100] | train_loss: 0.77005
2025-09-08 02:07:23,743 - INFO - [0/100] | train_loss: 0.14275
2025-09-08 02:07:29,134 - INFO - [10/100] | train_loss: 1.26199
2025-09-08 02:07:34,076 - INFO - [20/100] | train_loss: 0.85553
2025-09-08 02:07:39,779 - INFO - [30/100] | train_loss: 0.58533
2025-09-08 02:07:44,985 - INFO - [40/100] | train_loss: 0.47995
2025-09-08 02:07:50,187 - INFO - [50/100] | train_loss: 0.47034
2025-09-08 02:07:55,406 - INFO - [60/100] | train_loss: 0.43957
2025-09-08 02:08:01,198 - INFO - [70/100] | train_loss: 0.44671
2025-09-08 02:08:06,583 - INFO - [80/100] | train_loss: 0.42594
2025-09-08 02:08:11,899 - INFO - [90/100] | train_loss: 0.42380
2025-09-08 02:08:17,800 - INFO - [0/100] | train_loss: 0.15302
2025-09-08 02:08:23,317 - INFO - [10/100] | train_loss: 1.25313
2025-09-08 02:08:28,773 - INFO - [20/100] | train_loss: 0.85787
2025-09-08 02:08:33,889 - INFO - [30/100] | train_loss: 0.58052
2025-09-08 02:08:39,705 - INFO - [40/100] | train_loss: 0.47361
2025-09-08 02:08:44,778 - INFO - [50/100] | train_loss: 0.44610
2025-09-08 02:08:50,066 - INFO - [60/100] | train_loss: 0.43545
2025-09-08 02:08:55,415 - INFO - [70/100] | train_loss: 0.44914
2025-09-08 02:09:01,031 - INFO - [80/100] | train_loss: 0.42204
2025-09-08 02:09:06,581 - INFO - [90/100] | train_loss: 0.41735
2025-09-08 02:09:12,119 - INFO - [0/100] | train_loss: 0.20544
2025-09-08 02:09:18,086 - INFO - [10/100] | train_loss: 1.29392
2025-09-08 02:09:23,507 - INFO - [20/100] | train_loss: 0.90323
2025-09-08 02:09:28,996 - INFO - [30/100] | train_loss: 0.64914
2025-09-08 02:09:34,304 - INFO - [40/100] | train_loss: 0.53444
2025-09-08 02:09:40,025 - INFO - [50/100] | train_loss: 0.50689
2025-09-08 02:09:45,494 - INFO - [60/100] | train_loss: 0.51012
2025-09-08 02:09:51,065 - INFO - [70/100] | train_loss: 0.48828
2025-09-08 02:09:56,315 - INFO - [80/100] | train_loss: 0.48269
2025-09-08 02:10:01,923 - INFO - [90/100] | train_loss: 0.48736
2025-09-08 02:10:07,527 - INFO - [0/100] | train_loss: 0.18785
2025-09-08 02:10:12,792 - INFO - [10/100] | train_loss: 1.25376
2025-09-08 02:10:17,997 - INFO - [20/100] | train_loss: 0.85909
2025-09-08 02:10:23,269 - INFO - [30/100] | train_loss: 0.59818
2025-09-08 02:10:28,823 - INFO - [40/100] | train_loss: 0.49822
2025-09-08 02:10:33,685 - INFO - [50/100] | train_loss: 0.45682
2025-09-08 02:10:38,907 - INFO - [60/100] | train_loss: 0.44412
2025-09-08 02:10:43,879 - INFO - [70/100] | train_loss: 0.43662
2025-09-08 02:10:49,032 - INFO - [80/100] | train_loss: 0.43076
2025-09-08 02:10:53,871 - INFO - [90/100] | train_loss: 0.41895
2025-09-08 02:10:58,914 - INFO - ----------
2025-09-08 02:10:58,914 - INFO - sample 233/241 | d1: recommendationservice; level: service; fault_type: k8s容器网络资源包重复发送
2025-09-08 02:10:58,914 - INFO - sample 233/241 | predict d1: [('recommendationservice-1', 5.681870962360488), ('recommendationservice2-0', 5.678554561998414), ('recommendationservice-0', 5.6736882842388034), ('recommendationservice', 5.60771326942821), ('recommendationservice-2', 5.522374807886809)]
2025-09-08 02:10:58,914 - INFO - sample 233/241 | predict d2: [('recommendationservice-1/Network/kpi_container_network_transmit_packets', 3.565155603519994), ('recommendationservice-2/Network/kpi_container_network_transmit_packets', 3.421886407856629), ('<duration>; cmdb_id: recommendationservice-0; type: upstream', 3.381782804233353), ('recommendationservice2-0/Network/kpi_container_network_transmit_packets', 3.1233105824560123), ('recommendationservice-0/Network/kpi_container_network_transmit_packets', 3.0130024075780444)]
2025-09-08 02:10:58,914 - INFO - ----------
2025-09-08 02:10:59,665 - INFO - [0/100] | train_loss: 0.25288
2025-09-08 02:11:05,122 - INFO - [10/100] | train_loss: 1.27857
2025-09-08 02:11:10,715 - INFO - [20/100] | train_loss: 0.87806
2025-09-08 02:11:16,071 - INFO - [30/100] | train_loss: 0.63508
2025-09-08 02:11:20,997 - INFO - [40/100] | train_loss: 0.56814
2025-09-08 02:11:26,500 - INFO - [50/100] | train_loss: 0.54455
2025-09-08 02:11:31,875 - INFO - [60/100] | train_loss: 0.54615
2025-09-08 02:11:37,167 - INFO - [70/100] | train_loss: 0.52733
2025-09-08 02:11:42,827 - INFO - [80/100] | train_loss: 0.51632
2025-09-08 02:11:48,464 - INFO - [90/100] | train_loss: 0.52868
2025-09-08 02:11:53,605 - INFO - ----------
2025-09-08 02:11:53,605 - INFO - sample 234/241 | d1: checkoutservice-2; level: pod; fault_type: k8s容器进程中止
2025-09-08 02:11:53,605 - INFO - sample 234/241 | predict d1: [('checkoutservice-2', 1.9382946616104846), ('checkoutservice', 0.9625427847794299), ('checkoutservice2-0', 0.9620736133513219), ('checkoutservice-1', 0.9616923206920092), ('currencyservice', 0.9616785369274794)]
2025-09-08 02:11:53,605 - INFO - sample 234/241 | predict d2: [('checkoutservice-2/CPU/kpi_container_cpu_user_seconds', 0.7218125360310523), ('checkoutservice-2/Thread/kpi_container_threads', 0.70183323106221), ('checkoutservice-2/Other/kpi_container_file_descriptors', 0.6802964188608485), ('checkoutservice-2/Other/kpi_container_sockets', 0.66166164160677), ('checkoutservice-2/Memory/kpi_container_memory_cache', 0.6614559901663597)]
2025-09-08 02:11:53,606 - INFO - ----------
2025-09-08 02:11:54,214 - INFO - [0/100] | train_loss: 0.12371
2025-09-08 02:11:59,563 - INFO - [10/100] | train_loss: 1.31851
2025-09-08 02:12:05,136 - INFO - [20/100] | train_loss: 0.95136
2025-09-08 02:12:10,692 - INFO - [30/100] | train_loss: 0.77205
2025-09-08 02:12:15,903 - INFO - [40/100] | train_loss: 0.74111
2025-09-08 02:12:21,314 - INFO - [50/100] | train_loss: 0.73914
2025-09-08 02:12:26,672 - INFO - [60/100] | train_loss: 0.73736
2025-09-08 02:12:32,192 - INFO - [70/100] | train_loss: 0.74247
2025-09-08 02:12:37,981 - INFO - [80/100] | train_loss: 0.74935
2025-09-08 02:12:43,490 - INFO - [90/100] | train_loss: 0.74737
2025-09-08 02:12:48,666 - INFO - ----------
2025-09-08 02:12:48,667 - INFO - sample 235/241 | d1: frontend-2; level: pod; fault_type: k8s容器网络延迟
2025-09-08 02:12:48,667 - INFO - sample 235/241 | predict d1: [('shippingservice', 0.009353772102880686), ('shippingservice-0', 0.009353772102880686), ('checkoutservice', 0.009343903767316974), ('checkoutservice-1', 0.009343903767316974), ('checkoutservice-2', 0.009343798481803445)]
2025-09-08 02:12:48,667 - INFO - sample 235/241 | predict d2: [('shippingservice-2/Network/kpi_container_network_transmit_packets', 0.004912858808280629), ('shippingservice-0/Network/kpi_container_network_receive_MB', 0.004884467202590725), ('shippingservice-2/Thread/kpi_container_threads', 0.004853710162973923), ('shippingservice2-0/Memory/kpi_container_memory_cache', 0.004842049065240606), ('shippingservice-2/Disk/kpi_container_fs_writes_MB', 0.004770087870962836)]
2025-09-08 02:12:48,667 - INFO - ----------
2025-09-08 02:12:49,300 - INFO - [0/100] | train_loss: 0.15873
2025-09-08 02:12:54,781 - INFO - [10/100] | train_loss: 1.31088
2025-09-08 02:13:00,283 - INFO - [20/100] | train_loss: 0.95640
2025-09-08 02:13:05,702 - INFO - [30/100] | train_loss: 0.78116
2025-09-08 02:13:11,385 - INFO - [40/100] | train_loss: 0.71712
2025-09-08 02:13:17,163 - INFO - [50/100] | train_loss: 0.68896
2025-09-08 02:13:22,338 - INFO - [60/100] | train_loss: 0.68682
2025-09-08 02:13:27,578 - INFO - [70/100] | train_loss: 0.67259
2025-09-08 02:13:33,242 - INFO - [80/100] | train_loss: 0.68279
2025-09-08 02:13:38,883 - INFO - [90/100] | train_loss: 0.67773
2025-09-08 02:13:44,266 - INFO - ----------
2025-09-08 02:13:44,266 - INFO - sample 236/241 | d1: cartservice-0; level: pod; fault_type: k8s容器进程中止
2025-09-08 02:13:44,266 - INFO - sample 236/241 | predict d1: [('paymentservice', 0.07423781926475037), ('paymentservice-1', 0.07423781926475037), ('paymentservice2-0', 0.07423237546107453), ('paymentservice-2', 0.07420365564468945), ('paymentservice-0', 0.07417744625405964)]
2025-09-08 02:13:44,266 - INFO - sample 236/241 | predict d2: [('paymentservice-2/Network/kpi_container_network_transmit_packets', 0.04901074186064225), ('<intensity>; grpc.hipstershop.PaymentService/Charge; type: upstream', 0.04851242234822006), ('<intensity>; hipstershop.PaymentService/Charge; type: upstream', 0.045259988415223606), ('paymentservice/Request/mrt.http', 0.045054329061819054), ('paymentservice-0/Network/kpi_container_network_receive_MB', 0.04445151762520627)]
2025-09-08 02:13:44,266 - INFO - ----------
2025-09-08 02:13:44,983 - INFO - [0/100] | train_loss: 0.21865
2025-09-08 02:13:50,578 - INFO - [10/100] | train_loss: 1.44694
2025-09-08 02:13:56,238 - INFO - [20/100] | train_loss: 1.03602
2025-09-08 02:14:02,017 - INFO - [30/100] | train_loss: 0.86329
2025-09-08 02:14:07,394 - INFO - [40/100] | train_loss: 0.83066
2025-09-08 02:14:13,228 - INFO - [50/100] | train_loss: 0.81826
2025-09-08 02:14:18,791 - INFO - [60/100] | train_loss: 0.81807
2025-09-08 02:14:24,308 - INFO - [70/100] | train_loss: 0.83162
2025-09-08 02:14:29,618 - INFO - [80/100] | train_loss: 0.83093
2025-09-08 02:14:35,266 - INFO - [90/100] | train_loss: 0.82694
2025-09-08 02:14:40,965 - INFO - [0/100] | train_loss: 0.25415
2025-09-08 02:14:46,478 - INFO - [10/100] | train_loss: 1.25104
2025-09-08 02:14:51,636 - INFO - [20/100] | train_loss: 0.87972
2025-09-08 02:14:57,282 - INFO - [30/100] | train_loss: 0.64176
2025-09-08 02:15:02,572 - INFO - [40/100] | train_loss: 0.57803
2025-09-08 02:15:07,908 - INFO - [50/100] | train_loss: 0.53277
2025-09-08 02:15:13,512 - INFO - [60/100] | train_loss: 0.52186
2025-09-08 02:15:19,033 - INFO - [70/100] | train_loss: 0.49855
2025-09-08 02:15:25,173 - INFO - [80/100] | train_loss: 0.50564
2025-09-08 02:15:30,892 - INFO - [90/100] | train_loss: 0.49300
2025-09-08 02:15:36,473 - INFO - [0/100] | train_loss: 0.21935
2025-09-08 02:15:41,820 - INFO - [10/100] | train_loss: 1.60651
2025-09-08 02:15:47,414 - INFO - [20/100] | train_loss: 1.04616
2025-09-08 02:15:53,070 - INFO - [30/100] | train_loss: 0.81234
2025-09-08 02:15:58,465 - INFO - [40/100] | train_loss: 0.70209
2025-09-08 02:16:04,006 - INFO - [50/100] | train_loss: 0.66713
2025-09-08 02:16:09,575 - INFO - [60/100] | train_loss: 0.72995
2025-09-08 02:16:14,967 - INFO - [70/100] | train_loss: 0.70794
2025-09-08 02:16:20,673 - INFO - [80/100] | train_loss: 0.66138
2025-09-08 02:16:25,672 - INFO - [90/100] | train_loss: 0.67564
2025-09-08 02:16:30,706 - INFO - ----------
2025-09-08 02:16:30,707 - INFO - sample 237/241 | d1: cartservice; level: service; fault_type: k8s容器网络延迟
2025-09-08 02:16:30,707 - INFO - sample 237/241 | predict d1: [('cartservice-1', 3.405944773548743), ('cartservice', 3.3163974360142454), ('cartservice2-0', 2.964977117302844), ('frontend', 2.40829560760454), ('cartservice-0', 2.405788395248411)]
2025-09-08 02:16:30,707 - INFO - sample 237/241 | predict d2: [('cartservice-1/Network/kpi_container_network_receive_packets', 1.951439489223656), ('cartservice-0/Other/kpi_container_sockets', 1.946603888603029), ('cartservice/Request/mrt.grpc', 1.85351540866289), ('cartservice-1/CPU/kpi_container_cpu_system_seconds', 1.829161831276089), ('cartservice-1/Network/kpi_container_network_transmit_packets', 1.7843419104557299)]
2025-09-08 02:16:30,707 - INFO - ----------
2025-09-08 02:16:31,337 - INFO - [0/100] | train_loss: 0.32067
2025-09-08 02:16:36,567 - INFO - [10/100] | train_loss: 1.46710
2025-09-08 02:16:41,880 - INFO - [20/100] | train_loss: 1.10024
2025-09-08 02:16:47,495 - INFO - [30/100] | train_loss: 0.92688
2025-09-08 02:16:52,816 - INFO - [40/100] | train_loss: 0.89581
2025-09-08 02:16:58,232 - INFO - [50/100] | train_loss: 0.91463
2025-09-08 02:17:03,846 - INFO - [60/100] | train_loss: 0.91323
2025-09-08 02:17:08,799 - INFO - [70/100] | train_loss: 0.90557
2025-09-08 02:17:13,825 - INFO - [80/100] | train_loss: 0.90232
2025-09-08 02:17:18,900 - INFO - [90/100] | train_loss: 0.90053
2025-09-08 02:17:24,808 - INFO - [0/100] | train_loss: 0.29759
2025-09-08 02:17:30,178 - INFO - [10/100] | train_loss: 1.33437
2025-09-08 02:17:35,793 - INFO - [20/100] | train_loss: 0.90599
2025-09-08 02:17:41,032 - INFO - [30/100] | train_loss: 0.65375
2025-09-08 02:17:46,625 - INFO - [40/100] | train_loss: 0.54237
2025-09-08 02:17:51,996 - INFO - [50/100] | train_loss: 0.51718
2025-09-08 02:17:57,715 - INFO - [60/100] | train_loss: 0.60274
2025-09-08 02:18:03,198 - INFO - [70/100] | train_loss: 0.51459
2025-09-08 02:18:07,900 - INFO - [80/100] | train_loss: 0.50712
2025-09-08 02:18:13,623 - INFO - [90/100] | train_loss: 0.49350
2025-09-08 02:18:19,025 - INFO - [0/100] | train_loss: 0.28478
2025-09-08 02:18:24,389 - INFO - [10/100] | train_loss: 1.34003
2025-09-08 02:18:29,926 - INFO - [20/100] | train_loss: 0.95197
2025-09-08 02:18:35,226 - INFO - [30/100] | train_loss: 0.67698
2025-09-08 02:18:40,609 - INFO - [40/100] | train_loss: 0.56175
2025-09-08 02:18:45,794 - INFO - [50/100] | train_loss: 0.74422
2025-09-08 02:18:50,901 - INFO - [60/100] | train_loss: 0.52617
2025-09-08 02:18:56,663 - INFO - [70/100] | train_loss: 0.50973
2025-09-08 02:19:01,791 - INFO - [80/100] | train_loss: 0.51164
2025-09-08 02:19:06,563 - INFO - [90/100] | train_loss: 0.50244
2025-09-08 02:19:12,469 - INFO - [0/100] | train_loss: 0.34219
2025-09-08 02:19:17,728 - INFO - [10/100] | train_loss: 1.35351
2025-09-08 02:19:22,979 - INFO - [20/100] | train_loss: 0.96319
2025-09-08 02:19:28,173 - INFO - [30/100] | train_loss: 0.69689
2025-09-08 02:19:33,130 - INFO - [40/100] | train_loss: 0.59156
2025-09-08 02:19:38,378 - INFO - [50/100] | train_loss: 0.57129
2025-09-08 02:19:43,683 - INFO - [60/100] | train_loss: 0.53357
2025-09-08 02:19:49,196 - INFO - [70/100] | train_loss: 0.52006
2025-09-08 02:19:54,346 - INFO - [80/100] | train_loss: 0.51771
2025-09-08 02:19:59,503 - INFO - [90/100] | train_loss: 0.52183
2025-09-08 02:20:05,285 - INFO - [0/100] | train_loss: 0.35859
2025-09-08 02:20:10,464 - INFO - [10/100] | train_loss: 1.34320
2025-09-08 02:20:16,089 - INFO - [20/100] | train_loss: 0.96023
2025-09-08 02:20:21,506 - INFO - [30/100] | train_loss: 0.69435
2025-09-08 02:20:27,199 - INFO - [40/100] | train_loss: 0.56641
2025-09-08 02:20:32,687 - INFO - [50/100] | train_loss: 0.53429
2025-09-08 02:20:38,428 - INFO - [60/100] | train_loss: 0.51134
2025-09-08 02:20:43,605 - INFO - [70/100] | train_loss: 0.51078
2025-09-08 02:20:49,297 - INFO - [80/100] | train_loss: 0.50190
2025-09-08 02:20:54,975 - INFO - [90/100] | train_loss: 0.50032
2025-09-08 02:21:00,200 - INFO - ----------
2025-09-08 02:21:00,200 - INFO - sample 238/241 | d1: productcatalogservice; level: service; fault_type: k8s容器进程中止
2025-09-08 02:21:00,200 - INFO - sample 238/241 | predict d1: [('productcatalogservice-0', 5.088045252309389), ('productcatalogservice-1', 5.070522478443802), ('productcatalogservice-2', 5.021868357160333), ('productcatalogservice', 4.970769562520342), ('productcatalogservice2-0', 4.318633874123755)]
2025-09-08 02:21:00,200 - INFO - sample 238/241 | predict d2: [('productcatalogservice-1/Other/kpi_container_file_descriptors', 3.0705113263408528), ('productcatalogservice-1/Thread/kpi_container_threads', 3.0015277655471735), ('productcatalogservice2-0/Network/kpi_container_network_transmit_packets', 2.3567668060626517), ('productcatalogservice-1/CPU/kpi_container_cpu_cfs_periods', 2.342849007045567), ('productcatalogservice2-0/Thread/kpi_container_threads', 2.3114392920882825)]
2025-09-08 02:21:00,200 - INFO - ----------
2025-09-08 02:21:00,818 - INFO - [0/100] | train_loss: 0.18767
2025-09-08 02:21:06,227 - INFO - [10/100] | train_loss: 1.36041
2025-09-08 02:21:11,690 - INFO - [20/100] | train_loss: 1.02828
2025-09-08 02:21:17,402 - INFO - [30/100] | train_loss: 0.81855
2025-09-08 02:21:23,024 - INFO - [40/100] | train_loss: 0.77422
2025-09-08 02:21:28,275 - INFO - [50/100] | train_loss: 0.74538
2025-09-08 02:21:33,536 - INFO - [60/100] | train_loss: 0.73106
2025-09-08 02:21:38,398 - INFO - [70/100] | train_loss: 0.73054
2025-09-08 02:21:43,316 - INFO - [80/100] | train_loss: 0.74667
2025-09-08 02:21:48,390 - INFO - [90/100] | train_loss: 0.75119
2025-09-08 02:21:53,470 - INFO - ----------
2025-09-08 02:21:53,471 - INFO - sample 239/241 | d1: paymentservice-0; level: pod; fault_type: k8s容器网络延迟
2025-09-08 02:21:53,471 - INFO - sample 239/241 | predict d1: [('paymentservice-0', 0.4443588315942506), ('paymentservice', 0.44429968817327037), ('paymentservice2-0', 0.44390423795828937), ('paymentservice-2', 0.4438524670612676), ('checkoutservice', 0.4437469121057003)]
2025-09-08 02:21:53,471 - INFO - sample 239/241 | predict d2: [('paymentservice-2/Network/kpi_container_network_transmit_packets', 0.3610845139856842), ('paymentservice/Request/mrt.http', 0.3271765079832747), ('<intensity>; grpc.hipstershop.PaymentService/Charge; type: current', 0.32684507086377046), ('<intensity>; grpc.hipstershop.PaymentService/Charge; type: downstream', 0.32170963184122314), ('paymentservice-2; http2.remote_reset', 0.3205153101648417)]
2025-09-08 02:21:53,471 - INFO - ----------
2025-09-08 02:21:54,080 - INFO - [0/100] | train_loss: 0.24417
2025-09-08 02:22:00,012 - INFO - [10/100] | train_loss: 1.49709
2025-09-08 02:22:04,999 - INFO - [20/100] | train_loss: 1.21026
2025-09-08 02:22:10,585 - INFO - [30/100] | train_loss: 1.05287
2025-09-08 02:22:16,200 - INFO - [40/100] | train_loss: 1.03583
2025-09-08 02:22:21,413 - INFO - [50/100] | train_loss: 1.04044
2025-09-08 02:22:27,079 - INFO - [60/100] | train_loss: 1.04088
2025-09-08 02:22:32,627 - INFO - [70/100] | train_loss: 1.04233
2025-09-08 02:22:37,975 - INFO - [80/100] | train_loss: 1.04525
2025-09-08 02:22:43,674 - INFO - [90/100] | train_loss: 1.04596
2025-09-08 02:22:49,771 - INFO - [0/100] | train_loss: 0.21391
2025-09-08 02:22:55,276 - INFO - [10/100] | train_loss: 1.58289
2025-09-08 02:23:00,989 - INFO - [20/100] | train_loss: 0.99203
2025-09-08 02:23:06,697 - INFO - [30/100] | train_loss: 0.75258
2025-09-08 02:23:12,097 - INFO - [40/100] | train_loss: 0.64079
2025-09-08 02:23:17,739 - INFO - [50/100] | train_loss: 0.59967
2025-09-08 02:23:22,995 - INFO - [60/100] | train_loss: 0.57649
2025-09-08 02:23:28,509 - INFO - [70/100] | train_loss: 0.62772
2025-09-08 02:23:34,295 - INFO - [80/100] | train_loss: 0.57636
2025-09-08 02:23:39,684 - INFO - [90/100] | train_loss: 0.56000
2025-09-08 02:23:45,385 - INFO - [0/100] | train_loss: 0.24673
2025-09-08 02:23:50,710 - INFO - [10/100] | train_loss: 1.29875
2025-09-08 02:23:56,195 - INFO - [20/100] | train_loss: 0.94460
2025-09-08 02:24:01,476 - INFO - [30/100] | train_loss: 0.71769
2025-09-08 02:24:06,894 - INFO - [40/100] | train_loss: 0.60705
2025-09-08 02:24:12,280 - INFO - [50/100] | train_loss: 0.57457
2025-09-08 02:24:17,564 - INFO - [60/100] | train_loss: 0.57513
2025-09-08 02:24:23,202 - INFO - [70/100] | train_loss: 0.56121
2025-09-08 02:24:28,696 - INFO - [80/100] | train_loss: 0.54722
2025-09-08 02:24:34,045 - INFO - [90/100] | train_loss: 0.58440
2025-09-08 02:24:39,484 - INFO - [0/100] | train_loss: 0.21860
2025-09-08 02:24:45,045 - INFO - [10/100] | train_loss: 1.57344
2025-09-08 02:24:50,164 - INFO - [20/100] | train_loss: 1.00946
2025-09-08 02:24:55,519 - INFO - [30/100] | train_loss: 0.83223
2025-09-08 02:25:00,865 - INFO - [40/100] | train_loss: 0.75354
2025-09-08 02:25:05,995 - INFO - [50/100] | train_loss: 0.65943
2025-09-08 02:25:11,564 - INFO - [60/100] | train_loss: 0.64923
2025-09-08 02:25:16,769 - INFO - [70/100] | train_loss: 0.61792
2025-09-08 02:25:22,504 - INFO - [80/100] | train_loss: 0.79994
2025-09-08 02:25:28,145 - INFO - [90/100] | train_loss: 0.60509
2025-09-08 02:25:33,188 - INFO - ----------
2025-09-08 02:25:33,188 - INFO - sample 240/241 | d1: checkoutservice; level: service; fault_type: k8s容器网络延迟
2025-09-08 02:25:33,188 - INFO - sample 240/241 | predict d1: [('checkoutservice-0', 4.458725451819607), ('checkoutservice-1', 4.447006901425183), ('checkoutservice', 4.351848265565756), ('checkoutservice-2', 4.315100507477073), ('checkoutservice2-0', 3.4912630526963717)]
2025-09-08 02:25:33,188 - INFO - sample 240/241 | predict d2: [('checkoutservice-0/Network/kpi_container_network_transmit_packets', 2.637488339485696), ('checkoutservice-2/Memory/kpi_container_memory_mapped_file', 2.5439591355953244), ('checkoutservice-2/CPU/kpi_container_cpu_cfs_periods', 2.5284799774270663), ('<intensity>; hipstershop.CheckoutService/PlaceOrder; type: downstream', 2.5148839986563694), ('checkoutservice-2/Memory/kpi_container_memory_cache', 2.4869972210546347)]
2025-09-08 02:25:33,188 - INFO - ----------
2025-09-08 02:25:33,189 - INFO - ----------
2025-09-08 02:25:33,190 - INFO - evaluation
2025-09-08 02:25:33,190 - INFO - node     d1 | AC@1: 0.701493; AC@3: 0.716418; AC@5: 0.731343
2025-09-08 02:25:33,190 - INFO - node     d2 | AC@1: 0.522388; AC@3: 0.567164; AC@5: 0.567164
2025-09-08 02:25:33,190 - INFO - service  d1 | AC@1: 0.852273; AC@3: 0.897727; AC@5: 0.920455
2025-09-08 02:25:33,190 - INFO - service  d2 | AC@1: 0.420455; AC@3: 0.704545; AC@5: 0.795455
2025-09-08 02:25:33,190 - INFO - pod      d1 | AC@1: 0.581395; AC@3: 0.674419; AC@5: 0.732558
2025-09-08 02:25:33,190 - INFO - pod      d2 | AC@1: 0.151163; AC@3: 0.453488; AC@5: 0.581395
2025-09-08 02:25:33,190 - INFO - ----------
----GATNet----
GAT_name1:  GATConv
GAT_name2:  GATConv
activ_fun1:  relu6
activ_fun2:  tanhshrink
#############################end49
