nohup: ignoring input
IncluRCA a_rca_trainer
2025-10-31 19:24:37,211 - INFO - [0/300] | train_loss: 3.77550
2025-10-31 19:24:37,579 - INFO - ----------
2025-10-31 19:24:37,579 - INFO - evaluation dataset type: valid
2025-10-31 19:24:37,595 - INFO - node    precision | micro: 0.019912; macro: 0.042291; score: [0.02439024 0.00694444 0.         0.         0.06451613 0.15789474]
2025-10-31 19:24:37,595 - INFO - node    recall    | micro: 0.562500; macro: 0.488889; score: [0.6        0.33333333 0.         0.         1.         1.        ]
2025-10-31 19:24:37,595 - INFO - node    f1        | micro: 0.038462; macro: 0.075737; score: [0.046875   0.01360544 0.         0.         0.12121212 0.27272727]
2025-10-31 19:24:37,613 - INFO - service precision | micro: 0.010561; macro: 0.019749; score: [0.02739726 0.01176471 0.         0.10526316 0.0123839  0.00442478
 0.00423729 0.         0.01226994]
2025-10-31 19:24:37,613 - INFO - service recall    | micro: 0.666667; macro: 0.688889; score: [1.  1.  0.  0.4 0.8 1.  1.  0.  1. ]
2025-10-31 19:24:37,613 - INFO - service f1        | micro: 0.020793; macro: 0.034349; score: [0.05333333 0.02325581 0.         0.16666667 0.02439024 0.00881057
 0.00843882 0.         0.02424242]
2025-10-31 19:24:37,719 - INFO - pod     precision | micro: 0.014351; macro: 0.046574; score: [0.01506024 0.31034483 0.01449275 0.02020202 0.04086538 0.
 0.00666667 0.00162866 0.00990099]
2025-10-31 19:24:37,719 - INFO - pod     recall    | micro: 0.672414; macro: 0.635733; score: [1.         0.81818182 0.45       0.57142857 0.73913043 0.
 0.14285714 1.         1.        ]
2025-10-31 19:24:37,719 - INFO - pod     f1        | micro: 0.028103; macro: 0.073314; score: [0.02967359 0.45       0.02808112 0.03902439 0.07744875 0.
 0.01273885 0.00325203 0.01960784]
2025-10-31 19:24:37,719 - INFO - ----------
2025-10-31 19:24:40,613 - INFO - [1/300] | train_loss: 2.65241
2025-10-31 19:24:43,622 - INFO - [2/300] | train_loss: 1.93962
2025-10-31 19:24:46,605 - INFO - [3/300] | train_loss: 1.45854
2025-10-31 19:24:49,610 - INFO - [4/300] | train_loss: 1.15221
2025-10-31 19:24:52,608 - INFO - [5/300] | train_loss: 0.96571
2025-10-31 19:24:55,606 - INFO - [6/300] | train_loss: 0.81951
2025-10-31 19:24:58,600 - INFO - [7/300] | train_loss: 0.69270
2025-10-31 19:25:01,613 - INFO - [8/300] | train_loss: 0.58376
2025-10-31 19:25:04,679 - INFO - [9/300] | train_loss: 0.51825
2025-10-31 19:25:07,615 - INFO - [10/300] | train_loss: 0.46053
2025-10-31 19:25:07,989 - INFO - ----------
2025-10-31 19:25:07,989 - INFO - evaluation dataset type: valid
2025-10-31 19:25:08,005 - INFO - node    precision | micro: 0.333333; macro: 0.352564; score: [0.38461538 0.23076923 0.5        0.         0.4        0.6       ]
2025-10-31 19:25:08,005 - INFO - node    recall    | micro: 0.937500; macro: 0.777778; score: [1.         1.         0.66666667 0.         1.         1.        ]
2025-10-31 19:25:08,005 - INFO - node    f1        | micro: 0.491803; macro: 0.470569; score: [0.55555556 0.375      0.57142857 0.         0.57142857 0.75      ]
2025-10-31 19:25:08,022 - INFO - service precision | micro: 0.153153; macro: 0.157364; score: [0.18181818 0.16666667 0.0625     0.21428571 0.14814815 0.
 0.14285714 0.         0.5       ]
2025-10-31 19:25:08,022 - INFO - service recall    | micro: 0.708333; macro: 0.627778; score: [1.   1.   0.25 0.6  0.8  0.   1.   0.   1.  ]
2025-10-31 19:25:08,022 - INFO - service f1        | micro: 0.251852; macro: 0.241763; score: [0.30769231 0.28571429 0.1        0.31578947 0.25       0.
 0.25       0.         0.66666667]
2025-10-31 19:25:08,049 - INFO - pod     precision | micro: 0.180608; macro: 0.191203; score: [0.22222222 0.22916667 0.16       0.19480519 0.24096386 0.
 0.22580645 0.02564103 0.42222222]
2025-10-31 19:25:08,050 - INFO - pod     recall    | micro: 0.818966; macro: 0.798206; score: [1.         1.         0.6        0.71428571 0.86956522 0.
 1.         1.         1.        ]
2025-10-31 19:25:08,050 - INFO - pod     f1        | micro: 0.295950; macro: 0.298311; score: [0.36363636 0.37288136 0.25263158 0.30612245 0.37735849 0.
 0.36842105 0.05       0.59375   ]
2025-10-31 19:25:08,050 - INFO - ----------
2025-10-31 19:25:10,916 - INFO - [11/300] | train_loss: 0.40724
2025-10-31 19:25:13,911 - INFO - [12/300] | train_loss: 0.35977
2025-10-31 19:25:16,907 - INFO - [13/300] | train_loss: 0.33966
2025-10-31 19:25:19,913 - INFO - [14/300] | train_loss: 0.37031
2025-10-31 19:25:23,009 - INFO - [15/300] | train_loss: 0.37833
2025-10-31 19:25:26,018 - INFO - [16/300] | train_loss: 0.37302
2025-10-31 19:25:29,116 - INFO - [17/300] | train_loss: 0.31193
2025-10-31 19:25:32,111 - INFO - [18/300] | train_loss: 0.27048
2025-10-31 19:25:35,116 - INFO - [19/300] | train_loss: 0.24580
2025-10-31 19:25:38,109 - INFO - [20/300] | train_loss: 0.21652
2025-10-31 19:25:38,490 - INFO - ----------
2025-10-31 19:25:38,491 - INFO - evaluation dataset type: valid
2025-10-31 19:25:38,507 - INFO - node    precision | micro: 0.394737; macro: 0.465657; score: [0.45454545 0.27272727 0.66666667 0.         0.4        1.        ]
2025-10-31 19:25:38,507 - INFO - node    recall    | micro: 0.937500; macro: 0.777778; score: [1.         1.         0.66666667 0.         1.         1.        ]
2025-10-31 19:25:38,507 - INFO - node    f1        | micro: 0.555556; macro: 0.548611; score: [0.625      0.42857143 0.66666667 0.         0.57142857 1.        ]
2025-10-31 19:25:38,523 - INFO - service precision | micro: 0.262295; macro: 0.235690; score: [0.33333333 0.18181818 0.33333333 0.25       0.27272727 0.
 0.25       0.         0.5       ]
2025-10-31 19:25:38,523 - INFO - service recall    | micro: 0.666667; macro: 0.616667; score: [1.   1.   0.75 0.2  0.6  0.   1.   0.   1.  ]
2025-10-31 19:25:38,524 - INFO - service f1        | micro: 0.376471; macro: 0.325902; score: [0.5        0.30769231 0.46153846 0.22222222 0.375      0.
 0.4        0.         0.66666667]
2025-10-31 19:25:38,551 - INFO - pod     precision | micro: 0.274238; macro: 0.250693; score: [0.37037037 0.22916667 0.31914894 0.24615385 0.33898305 0.
 0.24137931 0.04761905 0.46341463]
2025-10-31 19:25:38,551 - INFO - pod     recall    | micro: 0.853448; macro: 0.820163; score: [1.         1.         0.75       0.76190476 0.86956522 0.
 1.         1.         1.        ]
2025-10-31 19:25:38,551 - INFO - pod     f1        | micro: 0.415094; macro: 0.370468; score: [0.54054054 0.37288136 0.44776119 0.37209302 0.48780488 0.
 0.38888889 0.09090909 0.63333333]
2025-10-31 19:25:38,551 - INFO - ----------
2025-10-31 19:25:41,414 - INFO - [21/300] | train_loss: 0.20240
2025-10-31 19:25:44,408 - INFO - [22/300] | train_loss: 0.18112
2025-10-31 19:25:47,515 - INFO - [23/300] | train_loss: 0.16565
2025-10-31 19:25:50,512 - INFO - [24/300] | train_loss: 0.16101
2025-10-31 19:25:53,517 - INFO - [25/300] | train_loss: 0.15939
2025-10-31 19:25:56,510 - INFO - [26/300] | train_loss: 0.13852
2025-10-31 19:25:59,511 - INFO - [27/300] | train_loss: 0.13053
2025-10-31 19:26:02,508 - INFO - [28/300] | train_loss: 0.15080
2025-10-31 19:26:05,502 - INFO - [29/300] | train_loss: 0.16175
2025-10-31 19:26:08,517 - INFO - [30/300] | train_loss: 0.14706
2025-10-31 19:26:08,891 - INFO - ----------
2025-10-31 19:26:08,891 - INFO - evaluation dataset type: valid
2025-10-31 19:26:08,907 - INFO - node    precision | micro: 0.625000; macro: 0.604167; score: [0.625 0.5   1.    0.    0.5   1.   ]
2025-10-31 19:26:08,907 - INFO - node    recall    | micro: 0.937500; macro: 0.777778; score: [1.         1.         0.66666667 0.         1.         1.        ]
2025-10-31 19:26:08,907 - INFO - node    f1        | micro: 0.750000; macro: 0.650427; score: [0.76923077 0.66666667 0.8        0.         0.66666667 1.        ]
2025-10-31 19:26:08,923 - INFO - service precision | micro: 0.314815; macro: 0.284392; score: [0.33333333 0.25       0.28571429 0.28571429 0.66666667 0.
 0.16666667 0.         0.57142857]
2025-10-31 19:26:08,923 - INFO - service recall    | micro: 0.708333; macro: 0.633333; score: [1.  1.  0.5 0.4 0.8 0.  1.  0.  1. ]
2025-10-31 19:26:08,923 - INFO - service f1        | micro: 0.435897; macro: 0.370803; score: [0.5        0.4        0.36363636 0.33333333 0.72727273 0.
 0.28571429 0.         0.72727273]
2025-10-31 19:26:08,951 - INFO - pod     precision | micro: 0.295732; macro: 0.287847; score: [0.34482759 0.23404255 0.3        0.25       0.34615385 0.
 0.36842105 0.04347826 0.7037037 ]
2025-10-31 19:26:08,951 - INFO - pod     recall    | micro: 0.836207; macro: 0.811295; score: [1.         1.         0.9        0.61904762 0.7826087  0.
 1.         1.         1.        ]
2025-10-31 19:26:08,951 - INFO - pod     f1        | micro: 0.436937; macro: 0.402909; score: [0.51282051 0.37931034 0.45       0.35616438 0.48       0.
 0.53846154 0.08333333 0.82608696]
2025-10-31 19:26:08,951 - INFO - ----------
2025-10-31 19:26:11,804 - INFO - [31/300] | train_loss: 0.13070
2025-10-31 19:26:14,812 - INFO - [32/300] | train_loss: 0.11562
2025-10-31 19:26:17,809 - INFO - [33/300] | train_loss: 0.10804
2025-10-31 19:26:20,813 - INFO - [34/300] | train_loss: 0.10443
2025-10-31 19:26:23,810 - INFO - [35/300] | train_loss: 0.09820
2025-10-31 19:26:26,817 - INFO - [36/300] | train_loss: 0.09046
2025-10-31 19:26:29,804 - INFO - [37/300] | train_loss: 0.08324
2025-10-31 19:26:32,810 - INFO - [38/300] | train_loss: 0.08668
2025-10-31 19:26:35,810 - INFO - [39/300] | train_loss: 0.08065
2025-10-31 19:26:38,912 - INFO - [40/300] | train_loss: 0.07681
2025-10-31 19:26:39,294 - INFO - ----------
2025-10-31 19:26:39,294 - INFO - evaluation dataset type: valid
2025-10-31 19:26:39,310 - INFO - node    precision | micro: 0.681818; macro: 0.635714; score: [0.71428571 0.6        1.         0.         0.5        1.        ]
2025-10-31 19:26:39,310 - INFO - node    recall    | micro: 0.937500; macro: 0.777778; score: [1.         1.         0.66666667 0.         1.         1.        ]
2025-10-31 19:26:39,310 - INFO - node    f1        | micro: 0.789474; macro: 0.675000; score: [0.83333333 0.75       0.8        0.         0.66666667 1.        ]
2025-10-31 19:26:39,326 - INFO - service precision | micro: 0.419355; macro: 0.409524; score: [0.5        0.28571429 0.4        0.33333333 1.         0.
 0.5        0.         0.66666667]
2025-10-31 19:26:39,326 - INFO - service recall    | micro: 0.541667; macro: 0.544444; score: [1.  1.  0.5 0.2 0.2 0.  1.  0.  1. ]
2025-10-31 19:26:39,326 - INFO - service f1        | micro: 0.472727; macro: 0.400617; score: [0.66666667 0.44444444 0.44444444 0.25       0.33333333 0.
 0.66666667 0.         0.8       ]
2025-10-31 19:26:39,354 - INFO - pod     precision | micro: 0.368644; macro: 0.354146; score: [0.55555556 0.25       0.42857143 0.18604651 0.45714286 0.
 0.46666667 0.08333333 0.76      ]
2025-10-31 19:26:39,354 - INFO - pod     recall    | micro: 0.750000; macro: 0.758512; score: [1.         1.         0.75       0.38095238 0.69565217 0.
 1.         1.         1.        ]
2025-10-31 19:26:39,354 - INFO - pod     f1        | micro: 0.494318; macro: 0.457257; score: [0.71428571 0.4        0.54545455 0.25       0.55172414 0.
 0.63636364 0.15384615 0.86363636]
2025-10-31 19:26:39,354 - INFO - ----------
2025-10-31 19:26:42,215 - INFO - [41/300] | train_loss: 0.07635
2025-10-31 19:26:45,200 - INFO - [42/300] | train_loss: 0.07897
2025-10-31 19:26:48,214 - INFO - [43/300] | train_loss: 0.07053
2025-10-31 19:26:51,216 - INFO - [44/300] | train_loss: 0.06702
2025-10-31 19:26:54,214 - INFO - [45/300] | train_loss: 0.06659
2025-10-31 19:26:57,214 - INFO - [46/300] | train_loss: 0.06306
2025-10-31 19:27:00,212 - INFO - [47/300] | train_loss: 0.05836
2025-10-31 19:27:03,209 - INFO - [48/300] | train_loss: 0.06257
2025-10-31 19:27:06,214 - INFO - [49/300] | train_loss: 0.06072
2025-10-31 19:27:09,207 - INFO - [50/300] | train_loss: 0.05457
2025-10-31 19:27:09,591 - INFO - ----------
2025-10-31 19:27:09,591 - INFO - evaluation dataset type: valid
2025-10-31 19:27:09,607 - INFO - node    precision | micro: 0.652174; macro: 0.619048; score: [0.71428571 0.5        1.         0.         0.5        1.        ]
2025-10-31 19:27:09,607 - INFO - node    recall    | micro: 0.937500; macro: 0.777778; score: [1.         1.         0.66666667 0.         1.         1.        ]
2025-10-31 19:27:09,607 - INFO - node    f1        | micro: 0.769231; macro: 0.661111; score: [0.83333333 0.66666667 0.8        0.         0.66666667 1.        ]
2025-10-31 19:27:09,624 - INFO - service precision | micro: 0.379310; macro: 0.316931; score: [0.4        0.28571429 0.5        0.         0.5        0.
 0.5        0.         0.66666667]
2025-10-31 19:27:09,625 - INFO - service recall    | micro: 0.458333; macro: 0.494444; score: [1.   1.   0.25 0.   0.2  0.   1.   0.   1.  ]
2025-10-31 19:27:09,625 - INFO - service f1        | micro: 0.415094; macro: 0.344621; score: [0.57142857 0.44444444 0.33333333 0.         0.28571429 0.
 0.66666667 0.         0.8       ]
2025-10-31 19:27:09,654 - INFO - pod     precision | micro: 0.411765; macro: 0.437065; score: [0.55555556 0.2972973  0.47826087 0.13636364 0.48       0.
 0.875      0.11111111 1.        ]
2025-10-31 19:27:09,654 - INFO - pod     recall    | micro: 0.663793; macro: 0.706384; score: [1.         1.         0.55       0.28571429 0.52173913 0.
 1.         1.         1.        ]
2025-10-31 19:27:09,654 - INFO - pod     f1        | micro: 0.508251; macro: 0.500244; score: [0.71428571 0.45833333 0.51162791 0.18461538 0.5        0.
 0.93333333 0.2        1.        ]
2025-10-31 19:27:09,654 - INFO - ----------
2025-10-31 19:27:12,510 - INFO - [51/300] | train_loss: 0.05539
2025-10-31 19:27:15,503 - INFO - [52/300] | train_loss: 0.05556
2025-10-31 19:27:18,510 - INFO - [53/300] | train_loss: 0.05098
2025-10-31 19:27:21,514 - INFO - [54/300] | train_loss: 0.04831
2025-10-31 19:27:24,514 - INFO - [55/300] | train_loss: 0.04777
2025-10-31 19:27:27,515 - INFO - [56/300] | train_loss: 0.04998
2025-10-31 19:27:30,510 - INFO - [57/300] | train_loss: 0.05269
2025-10-31 19:27:33,515 - INFO - [58/300] | train_loss: 0.06168
2025-10-31 19:27:36,514 - INFO - [59/300] | train_loss: 0.07449
2025-10-31 19:27:39,564 - INFO - [60/300] | train_loss: 0.06218
2025-10-31 19:27:39,889 - INFO - ----------
2025-10-31 19:27:39,889 - INFO - evaluation dataset type: valid
2025-10-31 19:27:39,905 - INFO - node    precision | micro: 0.652174; macro: 0.675926; score: [0.55555556 0.5        1.         0.         1.         1.        ]
2025-10-31 19:27:39,905 - INFO - node    recall    | micro: 0.937500; macro: 0.777778; score: [1.         1.         0.66666667 0.         1.         1.        ]
2025-10-31 19:27:39,905 - INFO - node    f1        | micro: 0.769231; macro: 0.696825; score: [0.71428571 0.66666667 0.8        0.         1.         1.        ]
2025-10-31 19:27:39,921 - INFO - service precision | micro: 0.482759; macro: 0.444444; score: [1.         0.33333333 0.2        0.5        0.66666667 0.
 0.5        0.         0.8       ]
2025-10-31 19:27:39,921 - INFO - service recall    | micro: 0.583333; macro: 0.561111; score: [1.   1.   0.25 0.4  0.4  0.   1.   0.   1.  ]
2025-10-31 19:27:39,922 - INFO - service f1        | micro: 0.528302; macro: 0.469136; score: [1.         0.5        0.22222222 0.44444444 0.5        0.
 0.66666667 0.         0.88888889]
2025-10-31 19:27:39,949 - INFO - pod     precision | micro: 0.395238; macro: 0.444296; score: [0.55555556 0.31428571 0.31111111 0.24390244 0.35714286 0.16666667
 1.         0.1        0.95      ]
2025-10-31 19:27:39,949 - INFO - pod     recall    | micro: 0.715517; macro: 0.762330; score: [1.         1.         0.7        0.47619048 0.43478261 0.25
 1.         1.         1.        ]
2025-10-31 19:27:39,949 - INFO - pod     f1        | micro: 0.509202; macro: 0.521581; score: [0.71428571 0.47826087 0.43076923 0.32258065 0.39215686 0.2
 1.         0.18181818 0.97435897]
2025-10-31 19:27:39,949 - INFO - ----------
2025-10-31 19:27:42,912 - INFO - [61/300] | train_loss: 0.05757
2025-10-31 19:27:46,014 - INFO - [62/300] | train_loss: 0.05394
2025-10-31 19:27:49,017 - INFO - [63/300] | train_loss: 0.05549
2025-10-31 19:27:52,186 - INFO - [64/300] | train_loss: 0.04864
2025-10-31 19:27:55,212 - INFO - [65/300] | train_loss: 0.05683
2025-10-31 19:27:58,211 - INFO - [66/300] | train_loss: 0.04923
2025-10-31 19:28:01,210 - INFO - [67/300] | train_loss: 0.04700
2025-10-31 19:28:04,210 - INFO - [68/300] | train_loss: 0.05690
2025-10-31 19:28:07,211 - INFO - [69/300] | train_loss: 0.05038
2025-10-31 19:28:10,215 - INFO - [70/300] | train_loss: 0.04615
2025-10-31 19:28:10,592 - INFO - ----------
2025-10-31 19:28:10,592 - INFO - evaluation dataset type: valid
2025-10-31 19:28:10,608 - INFO - node    precision | micro: 0.714286; macro: 0.663492; score: [0.71428571 0.6        1.         0.         0.66666667 1.        ]
2025-10-31 19:28:10,608 - INFO - node    recall    | micro: 0.937500; macro: 0.777778; score: [1.         1.         0.66666667 0.         1.         1.        ]
2025-10-31 19:28:10,608 - INFO - node    f1        | micro: 0.810811; macro: 0.697222; score: [0.83333333 0.75       0.8        0.         0.8        1.        ]
2025-10-31 19:28:10,625 - INFO - service precision | micro: 0.590909; macro: 0.500000; score: [1.         0.5        0.5        0.33333333 1.         0.
 0.5        0.         0.66666667]
2025-10-31 19:28:10,625 - INFO - service recall    | micro: 0.541667; macro: 0.538889; score: [1.   1.   0.25 0.2  0.4  0.   1.   0.   1.  ]
2025-10-31 19:28:10,625 - INFO - service f1        | micro: 0.565217; macro: 0.476455; score: [1.         0.66666667 0.33333333 0.25       0.57142857 0.
 0.66666667 0.         0.8       ]
2025-10-31 19:28:10,652 - INFO - pod     precision | micro: 0.482143; macro: 0.540957; score: [0.90909091 0.33333333 0.46428571 0.22857143 0.6        0.
 1.         0.33333333 1.        ]
2025-10-31 19:28:10,652 - INFO - pod     recall    | micro: 0.698276; macro: 0.728077; score: [1.         1.         0.65       0.38095238 0.52173913 0.
 1.         1.         1.        ]
2025-10-31 19:28:10,652 - INFO - pod     f1        | micro: 0.570423; macro: 0.593100; score: [0.95238095 0.5        0.54166667 0.28571429 0.55813953 0.
 1.         0.5        1.        ]
2025-10-31 19:28:10,652 - INFO - ----------
2025-10-31 19:28:13,514 - INFO - [71/300] | train_loss: 0.04221
2025-10-31 19:28:16,494 - INFO - [72/300] | train_loss: 0.03908
2025-10-31 19:28:19,515 - INFO - [73/300] | train_loss: 0.04103
2025-10-31 19:28:22,516 - INFO - [74/300] | train_loss: 0.03498
2025-10-31 19:28:25,517 - INFO - [75/300] | train_loss: 0.03552
2025-10-31 19:28:28,577 - INFO - [76/300] | train_loss: 0.03831
2025-10-31 19:28:31,507 - INFO - [77/300] | train_loss: 0.03273
2025-10-31 19:28:34,496 - INFO - [78/300] | train_loss: 0.03256
2025-10-31 19:28:37,514 - INFO - [79/300] | train_loss: 0.02870
2025-10-31 19:28:40,509 - INFO - [80/300] | train_loss: 0.03221
2025-10-31 19:28:40,890 - INFO - ----------
2025-10-31 19:28:40,890 - INFO - evaluation dataset type: valid
2025-10-31 19:28:40,906 - INFO - node    precision | micro: 0.714286; macro: 0.702381; score: [0.71428571 0.5        1.         0.         1.         1.        ]
2025-10-31 19:28:40,906 - INFO - node    recall    | micro: 0.937500; macro: 0.777778; score: [1.         1.         0.66666667 0.         1.         1.        ]
2025-10-31 19:28:40,906 - INFO - node    f1        | micro: 0.810811; macro: 0.716667; score: [0.83333333 0.66666667 0.8        0.         1.         1.        ]
2025-10-31 19:28:40,922 - INFO - service precision | micro: 0.666667; macro: 0.527778; score: [1.   0.5  0.75 0.   1.   0.   0.5  0.   1.  ]
2025-10-31 19:28:40,922 - INFO - service recall    | micro: 0.583333; macro: 0.572222; score: [1.   1.   0.75 0.   0.4  0.   1.   0.   1.  ]
2025-10-31 19:28:40,922 - INFO - service f1        | micro: 0.622222; macro: 0.517196; score: [1.         0.66666667 0.75       0.         0.57142857 0.
 0.66666667 0.         1.        ]
2025-10-31 19:28:40,949 - INFO - pod     precision | micro: 0.479769; macro: 0.546869; score: [0.83333333 0.34375    0.39473684 0.2        0.65       0.
 1.         0.5        1.        ]
2025-10-31 19:28:40,950 - INFO - pod     recall    | micro: 0.715517; macro: 0.738728; score: [1.         1.         0.75       0.33333333 0.56521739 0.
 1.         1.         1.        ]
2025-10-31 19:28:40,950 - INFO - pod     f1        | micro: 0.574394; macro: 0.606586; score: [0.90909091 0.51162791 0.51724138 0.25       0.60465116 0.
 1.         0.66666667 1.        ]
2025-10-31 19:28:40,950 - INFO - ----------
2025-10-31 19:28:43,814 - INFO - [81/300] | train_loss: 0.02750
2025-10-31 19:28:46,808 - INFO - [82/300] | train_loss: 0.03029
2025-10-31 19:28:49,817 - INFO - [83/300] | train_loss: 0.02977
2025-10-31 19:28:52,815 - INFO - [84/300] | train_loss: 0.03509
2025-10-31 19:28:55,817 - INFO - [85/300] | train_loss: 0.03198
2025-10-31 19:28:58,813 - INFO - [86/300] | train_loss: 0.03063
2025-10-31 19:29:01,817 - INFO - [87/300] | train_loss: 0.02843
2025-10-31 19:29:04,813 - INFO - [88/300] | train_loss: 0.02736
2025-10-31 19:29:07,814 - INFO - [89/300] | train_loss: 0.03051
2025-10-31 19:29:10,811 - INFO - [90/300] | train_loss: 0.03568
2025-10-31 19:29:11,186 - INFO - ----------
2025-10-31 19:29:11,187 - INFO - evaluation dataset type: valid
2025-10-31 19:29:11,202 - INFO - node    precision | micro: 0.833333; macro: 0.763889; score: [0.83333333 0.75       1.         0.         1.         1.        ]
2025-10-31 19:29:11,202 - INFO - node    recall    | micro: 0.937500; macro: 0.777778; score: [1.         1.         0.66666667 0.         1.         1.        ]
2025-10-31 19:29:11,202 - INFO - node    f1        | micro: 0.882353; macro: 0.761039; score: [0.90909091 0.85714286 0.8        0.         1.         1.        ]
2025-10-31 19:29:11,218 - INFO - service precision | micro: 0.611111; macro: 0.544444; score: [1.  0.4 0.5 0.  1.  0.  1.  0.  1. ]
2025-10-31 19:29:11,218 - INFO - service recall    | micro: 0.458333; macro: 0.494444; score: [1.   1.   0.25 0.   0.2  0.   1.   0.   1.  ]
2025-10-31 19:29:11,218 - INFO - service f1        | micro: 0.523810; macro: 0.470899; score: [1.         0.57142857 0.33333333 0.         0.33333333 0.
 1.         0.         1.        ]
2025-10-31 19:29:11,245 - INFO - pod     precision | micro: 0.517007; macro: 0.627302; score: [0.90909091 0.35483871 0.48       0.1875     0.71428571 0.
 1.         1.         1.        ]
2025-10-31 19:29:11,245 - INFO - pod     recall    | micro: 0.655172; macro: 0.702277; score: [1.         1.         0.6        0.28571429 0.43478261 0.
 1.         1.         1.        ]
2025-10-31 19:29:11,245 - INFO - pod     f1        | micro: 0.577947; macro: 0.641831; score: [0.95238095 0.52380952 0.53333333 0.22641509 0.54054054 0.
 1.         1.         1.        ]
2025-10-31 19:29:11,245 - INFO - ----------
2025-10-31 19:29:14,117 - INFO - [91/300] | train_loss: 0.03096
2025-10-31 19:29:17,115 - INFO - [92/300] | train_loss: 0.02636
2025-10-31 19:29:20,112 - INFO - [93/300] | train_loss: 0.02298
2025-10-31 19:29:23,114 - INFO - [94/300] | train_loss: 0.02477
2025-10-31 19:29:26,118 - INFO - [95/300] | train_loss: 0.03060
2025-10-31 19:29:29,116 - INFO - [96/300] | train_loss: 0.02233
2025-10-31 19:29:32,115 - INFO - [97/300] | train_loss: 0.02277
2025-10-31 19:29:35,115 - INFO - [98/300] | train_loss: 0.02262
2025-10-31 19:29:38,112 - INFO - [99/300] | train_loss: 0.02200
2025-10-31 19:29:41,115 - INFO - [100/300] | train_loss: 0.02181
2025-10-31 19:29:41,490 - INFO - ----------
2025-10-31 19:29:41,490 - INFO - evaluation dataset type: valid
2025-10-31 19:29:41,506 - INFO - node    precision | micro: 0.789474; macro: 0.744048; score: [0.71428571 0.75       1.         0.         1.         1.        ]
2025-10-31 19:29:41,506 - INFO - node    recall    | micro: 0.937500; macro: 0.777778; score: [1.         1.         0.66666667 0.         1.         1.        ]
2025-10-31 19:29:41,506 - INFO - node    f1        | micro: 0.857143; macro: 0.748413; score: [0.83333333 0.85714286 0.8        0.         1.         1.        ]
2025-10-31 19:29:41,522 - INFO - service precision | micro: 0.722222; macro: 0.601852; score: [1.         0.66666667 0.75       0.         1.         0.
 1.         0.         1.        ]
2025-10-31 19:29:41,523 - INFO - service recall    | micro: 0.541667; macro: 0.550000; score: [1.   1.   0.75 0.   0.2  0.   1.   0.   1.  ]
2025-10-31 19:29:41,523 - INFO - service f1        | micro: 0.619048; macro: 0.542593; score: [1.         0.8        0.75       0.         0.33333333 0.
 1.         0.         1.        ]
2025-10-31 19:29:41,550 - INFO - pod     precision | micro: 0.552448; macro: 0.626833; score: [0.90909091 0.40740741 0.5        0.2        0.625      0.
 1.         1.         1.        ]
2025-10-31 19:29:41,550 - INFO - pod     recall    | micro: 0.681034; macro: 0.718944; score: [1.         1.         0.75       0.28571429 0.43478261 0.
 1.         1.         1.        ]
2025-10-31 19:29:41,550 - INFO - pod     f1        | micro: 0.610039; macro: 0.653271; score: [0.95238095 0.57894737 0.6        0.23529412 0.51282051 0.
 1.         1.         1.        ]
2025-10-31 19:29:41,550 - INFO - ----------
2025-10-31 19:29:44,411 - INFO - [101/300] | train_loss: 0.02668
2025-10-31 19:29:47,414 - INFO - [102/300] | train_loss: 0.03466
2025-10-31 19:29:50,417 - INFO - [103/300] | train_loss: 0.03496
2025-10-31 19:29:53,408 - INFO - [104/300] | train_loss: 0.03841
2025-10-31 19:29:56,411 - INFO - [105/300] | train_loss: 0.04696
2025-10-31 19:29:59,411 - INFO - [106/300] | train_loss: 0.04412
2025-10-31 19:30:02,410 - INFO - [107/300] | train_loss: 0.03513
2025-10-31 19:30:05,411 - INFO - [108/300] | train_loss: 0.03144
2025-10-31 19:30:08,411 - INFO - [109/300] | train_loss: 0.02715
2025-10-31 19:30:11,413 - INFO - [110/300] | train_loss: 0.02317
2025-10-31 19:30:11,790 - INFO - ----------
2025-10-31 19:30:11,790 - INFO - evaluation dataset type: valid
2025-10-31 19:30:11,806 - INFO - node    precision | micro: 0.714286; macro: 0.702381; score: [0.71428571 0.5        1.         0.         1.         1.        ]
2025-10-31 19:30:11,806 - INFO - node    recall    | micro: 0.937500; macro: 0.777778; score: [1.         1.         0.66666667 0.         1.         1.        ]
2025-10-31 19:30:11,806 - INFO - node    f1        | micro: 0.810811; macro: 0.716667; score: [0.83333333 0.66666667 0.8        0.         1.         1.        ]
2025-10-31 19:30:11,822 - INFO - service precision | micro: 0.687500; macro: 0.555556; score: [1.         0.66666667 0.33333333 0.         1.         0.
 1.         0.         1.        ]
2025-10-31 19:30:11,822 - INFO - service recall    | micro: 0.458333; macro: 0.494444; score: [1.   1.   0.25 0.   0.2  0.   1.   0.   1.  ]
2025-10-31 19:30:11,822 - INFO - service f1        | micro: 0.550000; macro: 0.491005; score: [1.         0.8        0.28571429 0.         0.33333333 0.
 1.         0.         1.        ]
2025-10-31 19:30:11,849 - INFO - pod     precision | micro: 0.537931; macro: 0.631800; score: [0.90909091 0.36666667 0.36666667 0.25806452 0.78571429 0.
 1.         1.         1.        ]
2025-10-31 19:30:11,849 - INFO - pod     recall    | micro: 0.672414; macro: 0.712135; score: [1.         1.         0.55       0.38095238 0.47826087 0.
 1.         1.         1.        ]
2025-10-31 19:30:11,849 - INFO - pod     f1        | micro: 0.597701; macro: 0.647917; score: [0.95238095 0.53658537 0.44       0.30769231 0.59459459 0.
 1.         1.         1.        ]
2025-10-31 19:30:11,849 - INFO - ----------
2025-10-31 19:30:14,708 - INFO - [111/300] | train_loss: 0.02548
2025-10-31 19:30:17,715 - INFO - [112/300] | train_loss: 0.02713
2025-10-31 19:30:20,709 - INFO - [113/300] | train_loss: 0.02303
2025-10-31 19:30:23,700 - INFO - [114/300] | train_loss: 0.02228
2025-10-31 19:30:26,698 - INFO - [115/300] | train_loss: 0.02050
2025-10-31 19:30:29,709 - INFO - [116/300] | train_loss: 0.02182
2025-10-31 19:30:32,699 - INFO - [117/300] | train_loss: 0.02580
2025-10-31 19:30:35,710 - INFO - [118/300] | train_loss: 0.01979
2025-10-31 19:30:38,699 - INFO - [119/300] | train_loss: 0.02538
2025-10-31 19:30:41,708 - INFO - [120/300] | train_loss: 0.01946
2025-10-31 19:30:42,086 - INFO - ----------
2025-10-31 19:30:42,086 - INFO - evaluation dataset type: valid
2025-10-31 19:30:42,102 - INFO - node    precision | micro: 0.833333; macro: 0.763889; score: [0.83333333 0.75       1.         0.         1.         1.        ]
2025-10-31 19:30:42,102 - INFO - node    recall    | micro: 0.937500; macro: 0.777778; score: [1.         1.         0.66666667 0.         1.         1.        ]
2025-10-31 19:30:42,103 - INFO - node    f1        | micro: 0.882353; macro: 0.761039; score: [0.90909091 0.85714286 0.8        0.         1.         1.        ]
2025-10-31 19:30:42,119 - INFO - service precision | micro: 0.705882; macro: 0.592593; score: [1.         0.66666667 0.66666667 0.         1.         0.
 1.         0.         1.        ]
2025-10-31 19:30:42,119 - INFO - service recall    | micro: 0.500000; macro: 0.522222; score: [1.  1.  0.5 0.  0.2 0.  1.  0.  1. ]
2025-10-31 19:30:42,119 - INFO - service f1        | micro: 0.585366; macro: 0.522751; score: [1.         0.8        0.57142857 0.         0.33333333 0.
 1.         0.         1.        ]
2025-10-31 19:30:42,146 - INFO - pod     precision | micro: 0.551020; macro: 0.644209; score: [0.83333333 0.40740741 0.4        0.22857143 0.92857143 0.
 1.         1.         1.        ]
2025-10-31 19:30:42,146 - INFO - pod     recall    | micro: 0.698276; macro: 0.727352; score: [1.         1.         0.6        0.38095238 0.56521739 0.
 1.         1.         1.        ]
2025-10-31 19:30:42,146 - INFO - pod     f1        | micro: 0.615970; macro: 0.661828; score: [0.90909091 0.57894737 0.48       0.28571429 0.7027027  0.
 1.         1.         1.        ]
2025-10-31 19:30:42,146 - INFO - ----------
2025-10-31 19:30:44,999 - INFO - [121/300] | train_loss: 0.01877
2025-10-31 19:30:48,011 - INFO - [122/300] | train_loss: 0.02072
2025-10-31 19:30:51,016 - INFO - [123/300] | train_loss: 0.01971
2025-10-31 19:30:54,008 - INFO - [124/300] | train_loss: 0.02105
2025-10-31 19:30:57,010 - INFO - [125/300] | train_loss: 0.01829
2025-10-31 19:31:00,009 - INFO - [126/300] | train_loss: 0.01609
2025-10-31 19:31:03,014 - INFO - [127/300] | train_loss: 0.01748
2025-10-31 19:31:06,015 - INFO - [128/300] | train_loss: 0.01543
2025-10-31 19:31:09,011 - INFO - [129/300] | train_loss: 0.01577
2025-10-31 19:31:12,014 - INFO - [130/300] | train_loss: 0.01526
2025-10-31 19:31:12,391 - INFO - ----------
2025-10-31 19:31:12,391 - INFO - evaluation dataset type: valid
2025-10-31 19:31:12,408 - INFO - node    precision | micro: 0.789474; macro: 0.744048; score: [0.71428571 0.75       1.         0.         1.         1.        ]
2025-10-31 19:31:12,408 - INFO - node    recall    | micro: 0.937500; macro: 0.777778; score: [1.         1.         0.66666667 0.         1.         1.        ]
2025-10-31 19:31:12,408 - INFO - node    f1        | micro: 0.857143; macro: 0.748413; score: [0.83333333 0.85714286 0.8        0.         1.         1.        ]
2025-10-31 19:31:12,425 - INFO - service precision | micro: 0.750000; macro: 0.592593; score: [1.         0.66666667 0.66666667 0.         1.         0.
 1.         0.         1.        ]
2025-10-31 19:31:12,425 - INFO - service recall    | micro: 0.500000; macro: 0.522222; score: [1.  1.  0.5 0.  0.2 0.  1.  0.  1. ]
2025-10-31 19:31:12,425 - INFO - service f1        | micro: 0.600000; macro: 0.522751; score: [1.         0.8        0.57142857 0.         0.33333333 0.
 1.         0.         1.        ]
2025-10-31 19:31:12,452 - INFO - pod     precision | micro: 0.563910; macro: 0.658966; score: [0.90909091 0.42307692 0.5        0.24137931 0.85714286 0.
 1.         1.         1.        ]
2025-10-31 19:31:12,453 - INFO - pod     recall    | micro: 0.646552; macro: 0.699356; score: [1.         1.         0.7        0.33333333 0.26086957 0.
 1.         1.         1.        ]
2025-10-31 19:31:12,453 - INFO - pod     f1        | micro: 0.602410; macro: 0.645590; score: [0.95238095 0.59459459 0.58333333 0.28       0.4        0.
 1.         1.         1.        ]
2025-10-31 19:31:12,453 - INFO - ----------
2025-10-31 19:31:15,313 - INFO - [131/300] | train_loss: 0.01840
2025-10-31 19:31:18,315 - INFO - [132/300] | train_loss: 0.01609
2025-10-31 19:31:21,306 - INFO - [133/300] | train_loss: 0.01847
2025-10-31 19:31:24,313 - INFO - [134/300] | train_loss: 0.01501
2025-10-31 19:31:27,318 - INFO - [135/300] | train_loss: 0.01732
2025-10-31 19:31:30,313 - INFO - [136/300] | train_loss: 0.01483
2025-10-31 19:31:33,315 - INFO - [137/300] | train_loss: 0.01715
2025-10-31 19:31:36,312 - INFO - [138/300] | train_loss: 0.01643
2025-10-31 19:31:39,314 - INFO - [139/300] | train_loss: 0.01753
2025-10-31 19:31:42,316 - INFO - [140/300] | train_loss: 0.01678
2025-10-31 19:31:42,692 - INFO - ----------
2025-10-31 19:31:42,692 - INFO - evaluation dataset type: valid
2025-10-31 19:31:42,707 - INFO - node    precision | micro: 0.789474; macro: 0.738889; score: [0.83333333 0.6        1.         0.         1.         1.        ]
2025-10-31 19:31:42,707 - INFO - node    recall    | micro: 0.937500; macro: 0.777778; score: [1.         1.         0.66666667 0.         1.         1.        ]
2025-10-31 19:31:42,707 - INFO - node    f1        | micro: 0.857143; macro: 0.743182; score: [0.90909091 0.75       0.8        0.         1.         1.        ]
2025-10-31 19:31:42,723 - INFO - service precision | micro: 0.722222; macro: 0.620370; score: [1.         0.66666667 0.66666667 0.25       1.         0.
 1.         0.         1.        ]
2025-10-31 19:31:42,724 - INFO - service recall    | micro: 0.541667; macro: 0.544444; score: [1.  1.  0.5 0.2 0.2 0.  1.  0.  1. ]
2025-10-31 19:31:42,724 - INFO - service f1        | micro: 0.619048; macro: 0.547443; score: [1.         0.8        0.57142857 0.22222222 0.33333333 0.
 1.         0.         1.        ]
2025-10-31 19:31:42,750 - INFO - pod     precision | micro: 0.540541; macro: 0.638846; score: [0.90909091 0.40740741 0.45454545 0.22857143 0.75       0.
 1.         1.         1.        ]
2025-10-31 19:31:42,751 - INFO - pod     recall    | micro: 0.689655; macro: 0.724695; score: [1.         1.         0.75       0.38095238 0.39130435 0.
 1.         1.         1.        ]
2025-10-31 19:31:42,751 - INFO - pod     f1        | micro: 0.606061; macro: 0.655263; score: [0.95238095 0.57894737 0.56603774 0.28571429 0.51428571 0.
 1.         1.         1.        ]
2025-10-31 19:31:42,751 - INFO - ----------
2025-10-31 19:31:45,610 - INFO - [141/300] | train_loss: 0.01620
2025-10-31 19:31:48,616 - INFO - [142/300] | train_loss: 0.01604
2025-10-31 19:31:51,610 - INFO - [143/300] | train_loss: 0.01740
2025-10-31 19:31:54,612 - INFO - [144/300] | train_loss: 0.01652
2025-10-31 19:31:57,600 - INFO - [145/300] | train_loss: 0.01406
2025-10-31 19:32:00,612 - INFO - [146/300] | train_loss: 0.01979
2025-10-31 19:32:03,602 - INFO - [147/300] | train_loss: 0.02158
2025-10-31 19:32:06,613 - INFO - [148/300] | train_loss: 0.01808
2025-10-31 19:32:09,613 - INFO - [149/300] | train_loss: 0.01584
2025-10-31 19:32:12,610 - INFO - [150/300] | train_loss: 0.01587
2025-10-31 19:32:12,978 - INFO - ----------
2025-10-31 19:32:12,978 - INFO - evaluation dataset type: valid
2025-10-31 19:32:12,996 - INFO - node    precision | micro: 0.789474; macro: 0.744048; score: [0.71428571 0.75       1.         0.         1.         1.        ]
2025-10-31 19:32:12,996 - INFO - node    recall    | micro: 0.937500; macro: 0.777778; score: [1.         1.         0.66666667 0.         1.         1.        ]
2025-10-31 19:32:12,996 - INFO - node    f1        | micro: 0.857143; macro: 0.748413; score: [0.83333333 0.85714286 0.8        0.         1.         1.        ]
2025-10-31 19:32:13,012 - INFO - service precision | micro: 0.750000; macro: 0.592593; score: [1.         0.66666667 0.66666667 0.         1.         0.
 1.         0.         1.        ]
2025-10-31 19:32:13,012 - INFO - service recall    | micro: 0.500000; macro: 0.522222; score: [1.  1.  0.5 0.  0.2 0.  1.  0.  1. ]
2025-10-31 19:32:13,012 - INFO - service f1        | micro: 0.600000; macro: 0.522751; score: [1.         0.8        0.57142857 0.         0.33333333 0.
 1.         0.         1.        ]
2025-10-31 19:32:13,040 - INFO - pod     precision | micro: 0.578947; macro: 0.644277; score: [0.90909091 0.42307692 0.51851852 0.17857143 0.76923077 0.
 1.         1.         1.        ]
2025-10-31 19:32:13,040 - INFO - pod     recall    | micro: 0.663793; macro: 0.708098; score: [1.         1.         0.7        0.23809524 0.43478261 0.
 1.         1.         1.        ]
2025-10-31 19:32:13,040 - INFO - pod     f1        | micro: 0.618474; macro: 0.655817; score: [0.95238095 0.59459459 0.59574468 0.20408163 0.55555556 0.
 1.         1.         1.        ]
2025-10-31 19:32:13,040 - INFO - ----------
2025-10-31 19:32:15,917 - INFO - [151/300] | train_loss: 0.01574
2025-10-31 19:32:18,910 - INFO - [152/300] | train_loss: 0.01416
2025-10-31 19:32:21,910 - INFO - [153/300] | train_loss: 0.01516
2025-10-31 19:32:24,910 - INFO - [154/300] | train_loss: 0.02248
2025-10-31 19:32:27,901 - INFO - [155/300] | train_loss: 0.01536
2025-10-31 19:32:30,909 - INFO - [156/300] | train_loss: 0.01402
2025-10-31 19:32:33,915 - INFO - [157/300] | train_loss: 0.01397
2025-10-31 19:32:36,910 - INFO - [158/300] | train_loss: 0.01222
2025-10-31 19:32:39,909 - INFO - [159/300] | train_loss: 0.01349
2025-10-31 19:32:42,916 - INFO - [160/300] | train_loss: 0.01244
2025-10-31 19:32:43,279 - INFO - ----------
2025-10-31 19:32:43,279 - INFO - evaluation dataset type: valid
2025-10-31 19:32:43,295 - INFO - node    precision | micro: 0.882353; macro: 0.805556; score: [0.83333333 1.         1.         0.         1.         1.        ]
2025-10-31 19:32:43,295 - INFO - node    recall    | micro: 0.937500; macro: 0.777778; score: [1.         1.         0.66666667 0.         1.         1.        ]
2025-10-31 19:32:43,295 - INFO - node    f1        | micro: 0.909091; macro: 0.784848; score: [0.90909091 1.         0.8        0.         1.         1.        ]
2025-10-31 19:32:43,311 - INFO - service precision | micro: 0.722222; macro: 0.611111; score: [1.         0.5        0.66666667 0.33333333 1.         0.
 1.         0.         1.        ]
2025-10-31 19:32:43,311 - INFO - service recall    | micro: 0.541667; macro: 0.544444; score: [1.  1.  0.5 0.2 0.2 0.  1.  0.  1. ]
2025-10-31 19:32:43,312 - INFO - service f1        | micro: 0.619048; macro: 0.535714; score: [1.         0.66666667 0.57142857 0.25       0.33333333 0.
 1.         0.         1.        ]
2025-10-31 19:32:43,339 - INFO - pod     precision | micro: 0.580153; macro: 0.658024; score: [0.90909091 0.45833333 0.4516129  0.21428571 0.88888889 0.
 1.         1.         1.        ]
2025-10-31 19:32:43,339 - INFO - pod     recall    | micro: 0.655172; macro: 0.703727; score: [1.         1.         0.7        0.28571429 0.34782609 0.
 1.         1.         1.        ]
2025-10-31 19:32:43,339 - INFO - pod     f1        | micro: 0.615385; macro: 0.652763; score: [0.95238095 0.62857143 0.54901961 0.24489796 0.5        0.
 1.         1.         1.        ]
2025-10-31 19:32:43,339 - INFO - ----------
2025-10-31 19:32:46,218 - INFO - [161/300] | train_loss: 0.01930
2025-10-31 19:32:49,211 - INFO - [162/300] | train_loss: 0.01285
2025-10-31 19:32:52,210 - INFO - [163/300] | train_loss: 0.01585
2025-10-31 19:32:55,209 - INFO - [164/300] | train_loss: 0.01473
2025-10-31 19:32:58,212 - INFO - [165/300] | train_loss: 0.01236
2025-10-31 19:33:01,211 - INFO - [166/300] | train_loss: 0.01854
2025-10-31 19:33:04,211 - INFO - [167/300] | train_loss: 0.01914
2025-10-31 19:33:07,196 - INFO - [168/300] | train_loss: 0.02265
2025-10-31 19:33:10,216 - INFO - [169/300] | train_loss: 0.02107
2025-10-31 19:33:13,219 - INFO - [170/300] | train_loss: 0.02573
2025-10-31 19:33:13,590 - INFO - ----------
2025-10-31 19:33:13,590 - INFO - evaluation dataset type: valid
2025-10-31 19:33:13,606 - INFO - node    precision | micro: 0.714286; macro: 0.704167; score: [0.625 0.6   1.    0.    1.    1.   ]
2025-10-31 19:33:13,606 - INFO - node    recall    | micro: 0.937500; macro: 0.777778; score: [1.         1.         0.66666667 0.         1.         1.        ]
2025-10-31 19:33:13,606 - INFO - node    f1        | micro: 0.810811; macro: 0.719872; score: [0.76923077 0.75       0.8        0.         1.         1.        ]
2025-10-31 19:33:13,622 - INFO - service precision | micro: 0.459459; macro: 0.486123; score: [0.4        0.66666667 0.27272727 0.28571429 0.75       0.
 1.         0.         1.        ]
2025-10-31 19:33:13,623 - INFO - service recall    | micro: 0.708333; macro: 0.638889; score: [1.   1.   0.75 0.4  0.6  0.   1.   0.   1.  ]
2025-10-31 19:33:13,623 - INFO - service f1        | micro: 0.557377; macro: 0.530159; score: [0.57142857 0.8        0.4        0.33333333 0.66666667 0.
 1.         0.         1.        ]
2025-10-31 19:33:13,650 - INFO - pod     precision | micro: 0.418103; macro: 0.622441; score: [0.66666667 0.45833333 0.17924528 0.4        0.77272727 0.125
 1.         1.         1.        ]
2025-10-31 19:33:13,650 - INFO - pod     recall    | micro: 0.836207; macro: 0.834507; score: [1.         1.         0.95       0.57142857 0.73913043 0.25
 1.         1.         1.        ]
2025-10-31 19:33:13,650 - INFO - pod     f1        | micro: 0.557471; macro: 0.680330; score: [0.8        0.62857143 0.3015873  0.47058824 0.75555556 0.16666667
 1.         1.         1.        ]
2025-10-31 19:33:13,650 - INFO - ----------
2025-10-31 19:33:16,514 - INFO - [171/300] | train_loss: 0.02326
2025-10-31 19:33:19,513 - INFO - [172/300] | train_loss: 0.02240
2025-10-31 19:33:22,510 - INFO - [173/300] | train_loss: 0.02575
2025-10-31 19:33:25,512 - INFO - [174/300] | train_loss: 0.01863
2025-10-31 19:33:28,503 - INFO - [175/300] | train_loss: 0.02110
2025-10-31 19:33:31,512 - INFO - [176/300] | train_loss: 0.02154
2025-10-31 19:33:34,514 - INFO - [177/300] | train_loss: 0.01818
2025-10-31 19:33:37,509 - INFO - [178/300] | train_loss: 0.01475
2025-10-31 19:33:40,511 - INFO - [179/300] | train_loss: 0.01541
2025-10-31 19:33:43,509 - INFO - [180/300] | train_loss: 0.01274
2025-10-31 19:33:43,887 - INFO - ----------
2025-10-31 19:33:43,887 - INFO - evaluation dataset type: valid
2025-10-31 19:33:43,904 - INFO - node    precision | micro: 0.714286; macro: 0.702381; score: [0.71428571 0.5        1.         0.         1.         1.        ]
2025-10-31 19:33:43,904 - INFO - node    recall    | micro: 0.937500; macro: 0.777778; score: [1.         1.         0.66666667 0.         1.         1.        ]
2025-10-31 19:33:43,904 - INFO - node    f1        | micro: 0.810811; macro: 0.716667; score: [0.83333333 0.66666667 0.8        0.         1.         1.        ]
2025-10-31 19:33:43,920 - INFO - service precision | micro: 0.666667; macro: 0.581481; score: [1.         0.4        0.5        0.33333333 1.         0.
 1.         0.         1.        ]
2025-10-31 19:33:43,920 - INFO - service recall    | micro: 0.500000; macro: 0.516667; score: [1.   1.   0.25 0.2  0.2  0.   1.   0.   1.  ]
2025-10-31 19:33:43,920 - INFO - service f1        | micro: 0.571429; macro: 0.498677; score: [1.         0.57142857 0.33333333 0.25       0.33333333 0.
 1.         0.         1.        ]
2025-10-31 19:33:43,947 - INFO - pod     precision | micro: 0.559701; macro: 0.652368; score: [0.90909091 0.44       0.36666667 0.26666667 0.88888889 0.
 1.         1.         1.        ]
2025-10-31 19:33:43,948 - INFO - pod     recall    | micro: 0.646552; macro: 0.697642; score: [1.         1.         0.55       0.38095238 0.34782609 0.
 1.         1.         1.        ]
2025-10-31 19:33:43,948 - INFO - pod     f1        | micro: 0.600000; macro: 0.646358; score: [0.95238095 0.61111111 0.44       0.31372549 0.5        0.
 1.         1.         1.        ]
2025-10-31 19:33:43,948 - INFO - ----------
2025-10-31 19:33:46,810 - INFO - [181/300] | train_loss: 0.01167
2025-10-31 19:33:49,810 - INFO - [182/300] | train_loss: 0.01411
2025-10-31 19:33:52,809 - INFO - [183/300] | train_loss: 0.01125
2025-10-31 19:33:55,810 - INFO - [184/300] | train_loss: 0.01430
2025-10-31 19:33:58,915 - INFO - [185/300] | train_loss: 0.01200
2025-10-31 19:34:02,109 - INFO - [186/300] | train_loss: 0.01627
2025-10-31 19:34:05,113 - INFO - [187/300] | train_loss: 0.01489
2025-10-31 19:34:08,213 - INFO - [188/300] | train_loss: 0.02052
2025-10-31 19:34:11,210 - INFO - [189/300] | train_loss: 0.02354
2025-10-31 19:34:14,212 - INFO - [190/300] | train_loss: 0.02659
2025-10-31 19:34:14,584 - INFO - ----------
2025-10-31 19:34:14,584 - INFO - evaluation dataset type: valid
2025-10-31 19:34:14,600 - INFO - node    precision | micro: 0.750000; macro: 0.719048; score: [0.71428571 0.6        1.         0.         1.         1.        ]
2025-10-31 19:34:14,600 - INFO - node    recall    | micro: 0.937500; macro: 0.777778; score: [1.         1.         0.66666667 0.         1.         1.        ]
2025-10-31 19:34:14,600 - INFO - node    f1        | micro: 0.833333; macro: 0.730556; score: [0.83333333 0.75       0.8        0.         1.         1.        ]
2025-10-31 19:34:14,616 - INFO - service precision | micro: 0.583333; macro: 0.538360; score: [0.66666667 0.5        0.42857143 0.25       1.         0.
 1.         0.         1.        ]
2025-10-31 19:34:14,616 - INFO - service recall    | micro: 0.583333; macro: 0.572222; score: [1.   1.   0.75 0.2  0.2  0.   1.   0.   1.  ]
2025-10-31 19:34:14,616 - INFO - service f1        | micro: 0.583333; macro: 0.507520; score: [0.8        0.66666667 0.54545455 0.22222222 0.33333333 0.
 1.         0.         1.        ]
2025-10-31 19:34:14,644 - INFO - pod     precision | micro: 0.477273; macro: 0.557359; score: [0.66666667 0.39285714 0.24242424 0.38095238 1.         0.
 1.         0.33333333 1.        ]
2025-10-31 19:34:14,644 - INFO - pod     recall    | micro: 0.724138; macro: 0.744744; score: [1.         1.         0.8        0.38095238 0.52173913 0.
 1.         1.         1.        ]
2025-10-31 19:34:14,644 - INFO - pod     f1        | micro: 0.575342; macro: 0.589207; score: [0.8        0.56410256 0.37209302 0.38095238 0.68571429 0.
 1.         0.5        1.        ]
2025-10-31 19:34:14,644 - INFO - ----------
2025-10-31 19:34:17,510 - INFO - [191/300] | train_loss: 0.02629
2025-10-31 19:34:20,572 - INFO - [192/300] | train_loss: 0.02629
2025-10-31 19:34:23,513 - INFO - [193/300] | train_loss: 0.01799
2025-10-31 19:34:26,519 - INFO - [194/300] | train_loss: 0.01646
2025-10-31 19:34:29,513 - INFO - [195/300] | train_loss: 0.01302
2025-10-31 19:34:32,517 - INFO - [196/300] | train_loss: 0.01575
2025-10-31 19:34:35,512 - INFO - [197/300] | train_loss: 0.01243
2025-10-31 19:34:38,711 - INFO - [198/300] | train_loss: 0.01298
2025-10-31 19:34:41,728 - INFO - [199/300] | train_loss: 0.02203
2025-10-31 19:34:44,710 - INFO - [200/300] | train_loss: 0.08477
2025-10-31 19:34:45,089 - INFO - ----------
2025-10-31 19:34:45,090 - INFO - evaluation dataset type: valid
2025-10-31 19:34:45,106 - INFO - node    precision | micro: 0.882353; macro: 0.785714; score: [0.71428571 1.         1.         0.         1.         1.        ]
2025-10-31 19:34:45,106 - INFO - node    recall    | micro: 0.937500; macro: 0.777778; score: [1.         1.         0.66666667 0.         1.         1.        ]
2025-10-31 19:34:45,106 - INFO - node    f1        | micro: 0.909091; macro: 0.772222; score: [0.83333333 1.         0.8        0.         1.         1.        ]
2025-10-31 19:34:45,123 - INFO - service precision | micro: 0.358974; macro: 0.507407; score: [1.         0.5        0.33333333 0.33333333 1.         0.06666667
 0.33333333 0.         1.        ]
2025-10-31 19:34:45,123 - INFO - service recall    | micro: 0.583333; macro: 0.650000; score: [1.   1.   0.25 0.4  0.2  1.   1.   0.   1.  ]
2025-10-31 19:34:45,123 - INFO - service f1        | micro: 0.444444; macro: 0.474928; score: [1.         0.66666667 0.28571429 0.36363636 0.33333333 0.125
 0.5        0.         1.        ]
2025-10-31 19:34:45,150 - INFO - pod     precision | micro: 0.350211; macro: 0.512155; score: [0.76923077 0.52380952 0.375      0.28205128 0.66666667 0.04819277
 0.875      0.125      0.94444444]
2025-10-31 19:34:45,150 - INFO - pod     recall    | micro: 0.715517; macro: 0.828148; score: [1.         1.         0.6        0.52380952 0.43478261 1.
 1.         1.         0.89473684]
2025-10-31 19:34:45,150 - INFO - pod     f1        | micro: 0.470255; macro: 0.564224; score: [0.86956522 0.6875     0.46153846 0.36666667 0.52631579 0.09195402
 0.93333333 0.22222222 0.91891892]
2025-10-31 19:34:45,150 - INFO - ----------
2025-10-31 19:34:48,097 - INFO - [201/300] | train_loss: 0.09235
2025-10-31 19:34:51,110 - INFO - [202/300] | train_loss: 0.10911
2025-10-31 19:34:54,115 - INFO - [203/300] | train_loss: 0.15283
2025-10-31 19:34:57,156 - INFO - [204/300] | train_loss: 0.10064
2025-10-31 19:35:00,111 - INFO - [205/300] | train_loss: 0.06337
2025-10-31 19:35:03,111 - INFO - [206/300] | train_loss: 0.06519
2025-10-31 19:35:06,098 - INFO - [207/300] | train_loss: 0.05301
2025-10-31 19:35:09,098 - INFO - [208/300] | train_loss: 0.04734
2025-10-31 19:35:12,101 - INFO - [209/300] | train_loss: 0.04485
2025-10-31 19:35:15,109 - INFO - [210/300] | train_loss: 0.06554
2025-10-31 19:35:15,489 - INFO - ----------
2025-10-31 19:35:15,489 - INFO - evaluation dataset type: valid
2025-10-31 19:35:15,505 - INFO - node    precision | micro: 0.652174; macro: 0.626984; score: [0.83333333 0.42857143 1.         0.         0.5        1.        ]
2025-10-31 19:35:15,506 - INFO - node    recall    | micro: 0.937500; macro: 0.777778; score: [1.         1.         0.66666667 0.         1.         1.        ]
2025-10-31 19:35:15,506 - INFO - node    f1        | micro: 0.769231; macro: 0.662626; score: [0.90909091 0.6        0.8        0.         0.66666667 1.        ]
2025-10-31 19:35:15,522 - INFO - service precision | micro: 0.583333; macro: 0.541667; score: [1.    0.5   0.375 0.    1.    0.    1.    0.    1.   ]
2025-10-31 19:35:15,522 - INFO - service recall    | micro: 0.583333; macro: 0.572222; score: [1.   1.   0.75 0.   0.4  0.   1.   0.   1.  ]
2025-10-31 19:35:15,522 - INFO - service f1        | micro: 0.583333; macro: 0.526455; score: [1.         0.66666667 0.5        0.         0.57142857 0.
 1.         0.         1.        ]
2025-10-31 19:35:15,549 - INFO - pod     precision | micro: 0.447761; macro: 0.495040; score: [0.66666667 0.39285714 0.33333333 0.28125    0.53125    0.
 1.         0.25       1.        ]
2025-10-31 19:35:15,549 - INFO - pod     recall    | micro: 0.775862; macro: 0.774189; score: [1.         1.         0.8        0.42857143 0.73913043 0.
 1.         1.         1.        ]
2025-10-31 19:35:15,550 - INFO - pod     f1        | micro: 0.567823; macro: 0.576944; score: [0.8        0.56410256 0.47058824 0.33962264 0.61818182 0.
 1.         0.4        1.        ]
2025-10-31 19:35:15,550 - INFO - ----------
2025-10-31 19:35:18,413 - INFO - [211/300] | train_loss: 0.03361
2025-10-31 19:35:21,411 - INFO - [212/300] | train_loss: 0.03439
2025-10-31 19:35:24,410 - INFO - [213/300] | train_loss: 0.02782
2025-10-31 19:35:27,413 - INFO - [214/300] | train_loss: 0.02288
2025-10-31 19:35:30,419 - INFO - [215/300] | train_loss: 0.01842
2025-10-31 19:35:33,415 - INFO - [216/300] | train_loss: 0.02182
2025-10-31 19:35:36,415 - INFO - [217/300] | train_loss: 0.01771
2025-10-31 19:35:39,411 - INFO - [218/300] | train_loss: 0.01620
2025-10-31 19:35:42,417 - INFO - [219/300] | train_loss: 0.01441
2025-10-31 19:35:45,410 - INFO - [220/300] | train_loss: 0.01729
2025-10-31 19:35:45,789 - INFO - ----------
2025-10-31 19:35:45,790 - INFO - evaluation dataset type: valid
2025-10-31 19:35:45,806 - INFO - node    precision | micro: 0.833333; macro: 0.785714; score: [0.71428571 1.         1.         0.         1.         1.        ]
2025-10-31 19:35:45,806 - INFO - node    recall    | micro: 0.937500; macro: 0.777778; score: [1.         1.         0.66666667 0.         1.         1.        ]
2025-10-31 19:35:45,806 - INFO - node    f1        | micro: 0.882353; macro: 0.772222; score: [0.83333333 1.         0.8        0.         1.         1.        ]
2025-10-31 19:35:45,822 - INFO - service precision | micro: 0.750000; macro: 0.574074; score: [1.         0.66666667 0.5        0.         1.         0.
 1.         0.         1.        ]
2025-10-31 19:35:45,822 - INFO - service recall    | micro: 0.500000; macro: 0.522222; score: [1.  1.  0.5 0.  0.2 0.  1.  0.  1. ]
2025-10-31 19:35:45,822 - INFO - service f1        | micro: 0.600000; macro: 0.514815; score: [1.         0.8        0.5        0.         0.33333333 0.
 1.         0.         1.        ]
2025-10-31 19:35:45,851 - INFO - pod     precision | micro: 0.546099; macro: 0.543262; score: [0.83333333 0.5        0.39393939 0.26923077 0.75       0.
 1.         0.14285714 1.        ]
2025-10-31 19:35:45,851 - INFO - pod     recall    | micro: 0.663793; macro: 0.708293; score: [1.         1.         0.65       0.33333333 0.39130435 0.
 1.         1.         1.        ]
2025-10-31 19:35:45,852 - INFO - pod     f1        | micro: 0.599222; macro: 0.569831; score: [0.90909091 0.66666667 0.49056604 0.29787234 0.51428571 0.
 1.         0.25       1.        ]
2025-10-31 19:35:45,852 - INFO - ----------
2025-10-31 19:35:48,713 - INFO - [221/300] | train_loss: 0.01433
2025-10-31 19:35:51,698 - INFO - [222/300] | train_loss: 0.01417
2025-10-31 19:35:54,716 - INFO - [223/300] | train_loss: 0.01405
2025-10-31 19:35:57,708 - INFO - [224/300] | train_loss: 0.01211
2025-10-31 19:36:00,707 - INFO - [225/300] | train_loss: 0.01094
2025-10-31 19:36:03,709 - INFO - [226/300] | train_loss: 0.01274
2025-10-31 19:36:06,708 - INFO - [227/300] | train_loss: 0.01101
2025-10-31 19:36:09,712 - INFO - [228/300] | train_loss: 0.01166
2025-10-31 19:36:12,709 - INFO - [229/300] | train_loss: 0.01164
2025-10-31 19:36:15,713 - INFO - [230/300] | train_loss: 0.00976
2025-10-31 19:36:16,090 - INFO - ----------
2025-10-31 19:36:16,090 - INFO - evaluation dataset type: valid
2025-10-31 19:36:16,107 - INFO - node    precision | micro: 0.882353; macro: 0.805556; score: [0.83333333 1.         1.         0.         1.         1.        ]
2025-10-31 19:36:16,107 - INFO - node    recall    | micro: 0.937500; macro: 0.777778; score: [1.         1.         0.66666667 0.         1.         1.        ]
2025-10-31 19:36:16,107 - INFO - node    f1        | micro: 0.909091; macro: 0.784848; score: [0.90909091 1.         0.8        0.         1.         1.        ]
2025-10-31 19:36:16,123 - INFO - service precision | micro: 0.750000; macro: 0.574074; score: [1.         0.66666667 0.5        0.         1.         0.
 1.         0.         1.        ]
2025-10-31 19:36:16,123 - INFO - service recall    | micro: 0.500000; macro: 0.522222; score: [1.  1.  0.5 0.  0.2 0.  1.  0.  1. ]
2025-10-31 19:36:16,123 - INFO - service f1        | micro: 0.600000; macro: 0.514815; score: [1.         0.8        0.5        0.         0.33333333 0.
 1.         0.         1.        ]
2025-10-31 19:36:16,150 - INFO - pod     precision | micro: 0.566929; macro: 0.575641; score: [0.83333333 0.55       0.36666667 0.23076923 1.         0.
 1.         0.2        1.        ]
2025-10-31 19:36:16,150 - INFO - pod     recall    | micro: 0.620690; macro: 0.682229; score: [1.         1.         0.55       0.28571429 0.30434783 0.
 1.         1.         1.        ]
2025-10-31 19:36:16,150 - INFO - pod     f1        | micro: 0.592593; macro: 0.568232; score: [0.90909091 0.70967742 0.44       0.25531915 0.46666667 0.
 1.         0.33333333 1.        ]
2025-10-31 19:36:16,150 - INFO - ----------
2025-10-31 19:36:19,010 - INFO - [231/300] | train_loss: 0.01005
2025-10-31 19:36:22,012 - INFO - [232/300] | train_loss: 0.01272
2025-10-31 19:36:25,013 - INFO - [233/300] | train_loss: 0.01067
2025-10-31 19:36:28,013 - INFO - [234/300] | train_loss: 0.01265
2025-10-31 19:36:31,011 - INFO - [235/300] | train_loss: 0.01073
2025-10-31 19:36:34,011 - INFO - [236/300] | train_loss: 0.01154
2025-10-31 19:36:37,011 - INFO - [237/300] | train_loss: 0.01083
2025-10-31 19:36:40,012 - INFO - [238/300] | train_loss: 0.00821
2025-10-31 19:36:43,010 - INFO - [239/300] | train_loss: 0.00958
2025-10-31 19:36:46,076 - INFO - [240/300] | train_loss: 0.00977
2025-10-31 19:36:46,391 - INFO - ----------
2025-10-31 19:36:46,391 - INFO - evaluation dataset type: valid
2025-10-31 19:36:46,411 - INFO - node    precision | micro: 0.833333; macro: 0.785714; score: [0.71428571 1.         1.         0.         1.         1.        ]
2025-10-31 19:36:46,411 - INFO - node    recall    | micro: 0.937500; macro: 0.777778; score: [1.         1.         0.66666667 0.         1.         1.        ]
2025-10-31 19:36:46,411 - INFO - node    f1        | micro: 0.882353; macro: 0.772222; score: [0.83333333 1.         0.8        0.         1.         1.        ]
2025-10-31 19:36:46,430 - INFO - service precision | micro: 0.722222; macro: 0.574074; score: [1.         0.66666667 0.5        0.         1.         0.
 1.         0.         1.        ]
2025-10-31 19:36:46,430 - INFO - service recall    | micro: 0.541667; macro: 0.550000; score: [1.   1.   0.75 0.   0.2  0.   1.   0.   1.  ]
2025-10-31 19:36:46,430 - INFO - service f1        | micro: 0.619048; macro: 0.525926; score: [1.         0.8        0.6        0.         0.33333333 0.
 1.         0.         1.        ]
2025-10-31 19:36:46,459 - INFO - pod     precision | micro: 0.595041; macro: 0.564921; score: [0.76923077 0.64705882 0.35483871 0.26315789 0.8        0.
 1.         0.25       1.        ]
2025-10-31 19:36:46,460 - INFO - pod     recall    | micro: 0.620690; macro: 0.681769; score: [1.         1.         0.55       0.23809524 0.34782609 0.
 1.         1.         1.        ]
2025-10-31 19:36:46,460 - INFO - pod     f1        | micro: 0.607595; macro: 0.580167; score: [0.86956522 0.78571429 0.43137255 0.25       0.48484848 0.
 1.         0.4        1.        ]
2025-10-31 19:36:46,460 - INFO - ----------
2025-10-31 19:36:49,311 - INFO - [241/300] | train_loss: 0.00965
2025-10-31 19:36:52,318 - INFO - [242/300] | train_loss: 0.00901
2025-10-31 19:36:55,299 - INFO - [243/300] | train_loss: 0.00979
2025-10-31 19:36:58,312 - INFO - [244/300] | train_loss: 0.00843
2025-10-31 19:37:01,313 - INFO - [245/300] | train_loss: 0.00866
2025-10-31 19:37:04,311 - INFO - [246/300] | train_loss: 0.00878
2025-10-31 19:37:07,308 - INFO - [247/300] | train_loss: 0.00866
2025-10-31 19:37:10,312 - INFO - [248/300] | train_loss: 0.01351
2025-10-31 19:37:13,315 - INFO - [249/300] | train_loss: 0.04080
2025-10-31 19:37:16,316 - INFO - [250/300] | train_loss: 0.02013
2025-10-31 19:37:16,695 - INFO - ----------
2025-10-31 19:37:16,695 - INFO - evaluation dataset type: valid
2025-10-31 19:37:16,711 - INFO - node    precision | micro: 0.714286; macro: 0.702381; score: [0.71428571 0.5        1.         0.         1.         1.        ]
2025-10-31 19:37:16,711 - INFO - node    recall    | micro: 0.937500; macro: 0.777778; score: [1.         1.         0.66666667 0.         1.         1.        ]
2025-10-31 19:37:16,711 - INFO - node    f1        | micro: 0.810811; macro: 0.716667; score: [0.83333333 0.66666667 0.8        0.         1.         1.        ]
2025-10-31 19:37:16,727 - INFO - service precision | micro: 0.551724; macro: 0.510582; score: [0.66666667 0.5        0.42857143 0.33333333 0.66666667 0.
 1.         0.         1.        ]
2025-10-31 19:37:16,727 - INFO - service recall    | micro: 0.666667; macro: 0.616667; score: [1.   1.   0.75 0.4  0.4  0.   1.   0.   1.  ]
2025-10-31 19:37:16,727 - INFO - service f1        | micro: 0.603774; macro: 0.541751; score: [0.8        0.66666667 0.54545455 0.36363636 0.5        0.
 1.         0.         1.        ]
2025-10-31 19:37:16,754 - INFO - pod     precision | micro: 0.361345; macro: 0.480866; score: [0.66666667 0.37931034 0.17204301 0.33333333 0.52380952 0.05263158
 1.         0.2        1.        ]
2025-10-31 19:37:16,754 - INFO - pod     recall    | micro: 0.741379; macro: 0.778272; score: [1.         1.         0.8        0.47619048 0.47826087 0.25
 1.         1.         1.        ]
2025-10-31 19:37:16,754 - INFO - pod     f1        | micro: 0.485876; macro: 0.549515; score: [0.8        0.55       0.28318584 0.39215686 0.5        0.08695652
 1.         0.33333333 1.        ]
2025-10-31 19:37:16,754 - INFO - ----------
2025-10-31 19:37:19,600 - INFO - [251/300] | train_loss: 0.02055
2025-10-31 19:37:22,607 - INFO - [252/300] | train_loss: 0.01689
2025-10-31 19:37:25,609 - INFO - [253/300] | train_loss: 0.01358
2025-10-31 19:37:28,614 - INFO - [254/300] | train_loss: 0.01556
2025-10-31 19:37:31,599 - INFO - [255/300] | train_loss: 0.01325
2025-10-31 19:37:34,614 - INFO - [256/300] | train_loss: 0.01331
2025-10-31 19:37:37,616 - INFO - [257/300] | train_loss: 0.01184
2025-10-31 19:37:40,607 - INFO - [258/300] | train_loss: 0.01163
2025-10-31 19:37:43,611 - INFO - [259/300] | train_loss: 0.01468
2025-10-31 19:37:46,608 - INFO - [260/300] | train_loss: 0.01427
2025-10-31 19:37:46,990 - INFO - ----------
2025-10-31 19:37:46,990 - INFO - evaluation dataset type: valid
2025-10-31 19:37:47,007 - INFO - node    precision | micro: 0.750000; macro: 0.719048; score: [0.71428571 0.6        1.         0.         1.         1.        ]
2025-10-31 19:37:47,007 - INFO - node    recall    | micro: 0.937500; macro: 0.777778; score: [1.         1.         0.66666667 0.         1.         1.        ]
2025-10-31 19:37:47,007 - INFO - node    f1        | micro: 0.833333; macro: 0.730556; score: [0.83333333 0.75       0.8        0.         1.         1.        ]
2025-10-31 19:37:47,024 - INFO - service precision | micro: 0.652174; macro: 0.561111; score: [1.   0.4  0.75 0.4  0.5  0.   1.   0.   1.  ]
2025-10-31 19:37:47,024 - INFO - service recall    | micro: 0.625000; macro: 0.594444; score: [1.   1.   0.75 0.4  0.2  0.   1.   0.   1.  ]
2025-10-31 19:37:47,024 - INFO - service f1        | micro: 0.638298; macro: 0.556349; score: [1.         0.57142857 0.75       0.4        0.28571429 0.
 1.         0.         1.        ]
2025-10-31 19:37:47,052 - INFO - pod     precision | micro: 0.479290; macro: 0.596470; score: [0.71428571 0.57894737 0.34285714 0.23214286 0.5        0.
 1.         1.         1.        ]
2025-10-31 19:37:47,052 - INFO - pod     recall    | micro: 0.698276; macro: 0.729653; score: [1.         1.         0.6        0.61904762 0.34782609 0.
 1.         1.         1.        ]
2025-10-31 19:37:47,052 - INFO - pod     f1        | micro: 0.568421; macro: 0.638994; score: [0.83333333 0.73333333 0.43636364 0.33766234 0.41025641 0.
 1.         1.         1.        ]
2025-10-31 19:37:47,052 - INFO - ----------
2025-10-31 19:37:49,907 - INFO - [261/300] | train_loss: 0.01348
2025-10-31 19:37:52,909 - INFO - [262/300] | train_loss: 0.01091
2025-10-31 19:37:55,907 - INFO - [263/300] | train_loss: 0.01009
2025-10-31 19:37:58,895 - INFO - [264/300] | train_loss: 0.01552
2025-10-31 19:38:01,906 - INFO - [265/300] | train_loss: 0.00990
2025-10-31 19:38:04,896 - INFO - [266/300] | train_loss: 0.01087
2025-10-31 19:38:07,908 - INFO - [267/300] | train_loss: 0.00836
2025-10-31 19:38:10,907 - INFO - [268/300] | train_loss: 0.01032
2025-10-31 19:38:13,908 - INFO - [269/300] | train_loss: 0.00971
2025-10-31 19:38:16,910 - INFO - [270/300] | train_loss: 0.00820
2025-10-31 19:38:17,291 - INFO - ----------
2025-10-31 19:38:17,291 - INFO - evaluation dataset type: valid
2025-10-31 19:38:17,307 - INFO - node    precision | micro: 0.833333; macro: 0.785714; score: [0.71428571 1.         1.         0.         1.         1.        ]
2025-10-31 19:38:17,307 - INFO - node    recall    | micro: 0.937500; macro: 0.777778; score: [1.         1.         0.66666667 0.         1.         1.        ]
2025-10-31 19:38:17,307 - INFO - node    f1        | micro: 0.882353; macro: 0.772222; score: [0.83333333 1.         0.8        0.         1.         1.        ]
2025-10-31 19:38:17,324 - INFO - service precision | micro: 0.650000; macro: 0.555556; score: [1.  0.5 0.5 0.  1.  0.  1.  0.  1. ]
2025-10-31 19:38:17,325 - INFO - service recall    | micro: 0.541667; macro: 0.550000; score: [1.   1.   0.75 0.   0.2  0.   1.   0.   1.  ]
2025-10-31 19:38:17,325 - INFO - service f1        | micro: 0.590909; macro: 0.511111; score: [1.         0.66666667 0.6        0.         0.33333333 0.
 1.         0.         1.        ]
2025-10-31 19:38:17,353 - INFO - pod     precision | micro: 0.630252; macro: 0.681538; score: [0.90909091 0.61111111 0.375      0.36363636 0.875      0.
 1.         1.         1.        ]
2025-10-31 19:38:17,353 - INFO - pod     recall    | micro: 0.646552; macro: 0.698367; score: [1.         1.         0.6        0.38095238 0.30434783 0.
 1.         1.         1.        ]
2025-10-31 19:38:17,353 - INFO - pod     f1        | micro: 0.638298; macro: 0.666250; score: [0.95238095 0.75862069 0.46153846 0.37209302 0.4516129  0.
 1.         1.         1.        ]
2025-10-31 19:38:17,353 - INFO - ----------
2025-10-31 19:38:20,205 - INFO - [271/300] | train_loss: 0.01003
2025-10-31 19:38:23,205 - INFO - [272/300] | train_loss: 0.00754
2025-10-31 19:38:26,204 - INFO - [273/300] | train_loss: 0.00721
2025-10-31 19:38:29,209 - INFO - [274/300] | train_loss: 0.01659
2025-10-31 19:38:32,239 - INFO - [275/300] | train_loss: 0.00876
2025-10-31 19:38:35,208 - INFO - [276/300] | train_loss: 0.00809
2025-10-31 19:38:38,208 - INFO - [277/300] | train_loss: 0.01382
2025-10-31 19:38:41,208 - INFO - [278/300] | train_loss: 0.01068
2025-10-31 19:38:44,252 - INFO - [279/300] | train_loss: 0.00953
2025-10-31 19:38:47,208 - INFO - [280/300] | train_loss: 0.00966
2025-10-31 19:38:47,593 - INFO - ----------
2025-10-31 19:38:47,593 - INFO - evaluation dataset type: valid
2025-10-31 19:38:47,609 - INFO - node    precision | micro: 0.833333; macro: 0.763889; score: [0.83333333 0.75       1.         0.         1.         1.        ]
2025-10-31 19:38:47,609 - INFO - node    recall    | micro: 0.937500; macro: 0.777778; score: [1.         1.         0.66666667 0.         1.         1.        ]
2025-10-31 19:38:47,609 - INFO - node    f1        | micro: 0.882353; macro: 0.761039; score: [0.90909091 0.85714286 0.8        0.         1.         1.        ]
2025-10-31 19:38:47,625 - INFO - service precision | micro: 0.722222; macro: 0.611111; score: [1.         0.66666667 0.5        0.33333333 1.         0.
 1.         0.         1.        ]
2025-10-31 19:38:47,625 - INFO - service recall    | micro: 0.541667; macro: 0.544444; score: [1.  1.  0.5 0.2 0.2 0.  1.  0.  1. ]
2025-10-31 19:38:47,625 - INFO - service f1        | micro: 0.619048; macro: 0.542593; score: [1.         0.8        0.5        0.25       0.33333333 0.
 1.         0.         1.        ]
2025-10-31 19:38:47,652 - INFO - pod     precision | micro: 0.595238; macro: 0.604546; score: [0.76923077 0.61111111 0.41176471 0.29166667 0.85714286 0.
 1.         0.5        1.        ]
2025-10-31 19:38:47,653 - INFO - pod     recall    | micro: 0.646552; macro: 0.699356; score: [1.         1.         0.7        0.33333333 0.26086957 0.
 1.         1.         1.        ]
2025-10-31 19:38:47,653 - INFO - pod     f1        | micro: 0.619835; macro: 0.613831; score: [0.86956522 0.75862069 0.51851852 0.31111111 0.4        0.
 1.         0.66666667 1.        ]
2025-10-31 19:38:47,653 - INFO - ----------
2025-10-31 19:38:50,513 - INFO - [281/300] | train_loss: 0.01038
2025-10-31 19:38:53,563 - INFO - [282/300] | train_loss: 0.00959
2025-10-31 19:38:56,507 - INFO - [283/300] | train_loss: 0.00763
2025-10-31 19:38:59,526 - INFO - [284/300] | train_loss: 0.00821
2025-10-31 19:39:02,505 - INFO - [285/300] | train_loss: 0.01100
2025-10-31 19:39:05,503 - INFO - [286/300] | train_loss: 0.00805
2025-10-31 19:39:08,510 - INFO - [287/300] | train_loss: 0.00785
2025-10-31 19:39:11,510 - INFO - [288/300] | train_loss: 0.01028
2025-10-31 19:39:14,507 - INFO - [289/300] | train_loss: 0.00849
2025-10-31 19:39:17,514 - INFO - [290/300] | train_loss: 0.00972
2025-10-31 19:39:17,895 - INFO - ----------
2025-10-31 19:39:17,895 - INFO - evaluation dataset type: valid
2025-10-31 19:39:17,911 - INFO - node    precision | micro: 0.789474; macro: 0.744048; score: [0.71428571 0.75       1.         0.         1.         1.        ]
2025-10-31 19:39:17,911 - INFO - node    recall    | micro: 0.937500; macro: 0.777778; score: [1.         1.         0.66666667 0.         1.         1.        ]
2025-10-31 19:39:17,911 - INFO - node    f1        | micro: 0.857143; macro: 0.748413; score: [0.83333333 0.85714286 0.8        0.         1.         1.        ]
2025-10-31 19:39:17,927 - INFO - service precision | micro: 0.722222; macro: 0.585185; score: [1.         0.66666667 0.6        0.         1.         0.
 1.         0.         1.        ]
2025-10-31 19:39:17,927 - INFO - service recall    | micro: 0.541667; macro: 0.550000; score: [1.   1.   0.75 0.   0.2  0.   1.   0.   1.  ]
2025-10-31 19:39:17,928 - INFO - service f1        | micro: 0.619048; macro: 0.533333; score: [1.         0.8        0.66666667 0.         0.33333333 0.
 1.         0.         1.        ]
2025-10-31 19:39:17,955 - INFO - pod     precision | micro: 0.606838; macro: 0.656972; score: [0.76923077 0.61111111 0.40740741 0.29166667 0.83333333 0.
 1.         1.         1.        ]
2025-10-31 19:39:17,955 - INFO - pod     recall    | micro: 0.612069; macro: 0.677858; score: [1.         1.         0.55       0.33333333 0.2173913  0.
 1.         1.         1.        ]
2025-10-31 19:39:17,955 - INFO - pod     f1        | micro: 0.609442; macro: 0.639134; score: [0.86956522 0.75862069 0.46808511 0.31111111 0.34482759 0.
 1.         1.         1.        ]
2025-10-31 19:39:17,955 - INFO - ----------
2025-10-31 19:39:20,808 - INFO - [291/300] | train_loss: 0.00775
2025-10-31 19:39:23,808 - INFO - [292/300] | train_loss: 0.00979
2025-10-31 19:39:26,808 - INFO - [293/300] | train_loss: 0.00766
2025-10-31 19:39:29,810 - INFO - [294/300] | train_loss: 0.00705
2025-10-31 19:39:32,812 - INFO - [295/300] | train_loss: 0.00827
2025-10-31 19:39:35,807 - INFO - [296/300] | train_loss: 0.00900
2025-10-31 19:39:38,806 - INFO - [297/300] | train_loss: 0.00955
2025-10-31 19:39:41,809 - INFO - [298/300] | train_loss: 0.00741
2025-10-31 19:39:44,808 - INFO - [299/300] | train_loss: 0.00902
2025-10-31 19:39:46,394 - INFO - ----------
2025-10-31 19:39:46,394 - INFO - evaluation dataset type: test
2025-10-31 19:39:46,414 - INFO - node    precision | micro: 0.677419; macro: 0.699901; score: [0.82352941 0.58333333 0.875      0.5        0.73333333 0.68421053]
2025-10-31 19:39:46,414 - INFO - node    recall    | micro: 0.940299; macro: 0.937169; score: [1.         1.         0.77777778 0.91666667 1.         0.92857143]
2025-10-31 19:39:46,414 - INFO - node    f1        | micro: 0.787500; macro: 0.790781; score: [0.90322581 0.73684211 0.82352941 0.64705882 0.84615385 0.78787879]
2025-10-31 19:39:46,441 - INFO - service precision | micro: 0.739130; macro: 0.792625; score: [0.9        0.81818182 0.77777778 0.40909091 0.71428571 0.8
 1.         1.         0.71428571]
2025-10-31 19:39:46,441 - INFO - service recall    | micro: 0.772727; macro: 0.822222; score: [1.         1.         0.7        0.75       0.41666667 0.53333333
 1.         1.         1.        ]
2025-10-31 19:39:46,441 - INFO - service f1        | micro: 0.755556; macro: 0.790363; score: [0.94736842 0.9        0.73684211 0.52941176 0.52631579 0.64
 1.         1.         0.83333333]
2025-10-31 19:39:46,520 - INFO - pod     precision | micro: 0.676471; macro: 0.739989; score: [0.87037037 0.81818182 0.55932203 0.40540541 0.6031746  0.59090909
 0.98076923 0.96969697 0.86206897]
2025-10-31 19:39:46,521 - INFO - pod     recall    | micro: 0.840183; macro: 0.860749; score: [1.         0.97826087 0.67346939 0.72580645 0.67857143 0.76470588
 1.         1.         0.92592593]
2025-10-31 19:39:46,521 - INFO - pod     f1        | micro: 0.749491; macro: 0.791801; score: [0.93069307 0.89108911 0.61111111 0.52023121 0.63865546 0.66666667
 0.99029126 0.98461538 0.89285714]
2025-10-31 19:39:46,521 - INFO - ----------
----GATNet----
GAT_name1:  GATv2Conv
GAT_name2:  GATConv
activ_fun1:  relu6
activ_fun2:  relu6





nohup: ignoring input
IncluRCA a_rca_trainer
Traceback (most recent call last):
  File "/root/shared-nvme/work/code/RCA/IncluRCA/code/./IncluRCA/trainer/a_rca_trainer.py", line 92, in <module>
    rca_data_trainer = ARCATrainer(params)
  File "/root/shared-nvme/work/code/RCA/IncluRCA/code/./IncluRCA/trainer/a_rca_trainer.py", line 18, in __init__
    super().__init__(param_dict)
  File "/root/shared-nvme/work/code/RCA/IncluRCA/code/IncluRCA/base/base_rca_trainer.py", line 29, in __init__
    re_feature_fusion = FeatureFusion(param_dict, self.rca_data_loader.meta_data)
  File "/root/shared-nvme/work/code/RCA/IncluRCA/code/IncluRCA/model/re/feature_fusion_new.py", line 78, in __init__
    self.gat1 = gnn.GATv2Conv(in_dim, hidden_dim, heads=heads, dropout=dropout, add_self_loops=False)
NameError: name 'gnn' is not defined. Did you mean: 'nn'?
nohup: ignoring input
IncluRCA a_rca_trainer
Traceback (most recent call last):
  File "/root/shared-nvme/work/code/RCA/IncluRCA/code/./IncluRCA/trainer/a_rca_trainer.py", line 93, in <module>
    rca_data_trainer.train()
  File "/root/shared-nvme/work/code/RCA/IncluRCA/code/IncluRCA/base/base_rca_trainer.py", line 50, in train
    out = self.model(batch_data)
  File "/root/shared-nvme/virtualenv/LasRCA_torch201_py3.10/lib/python3.10/site-packages/torch/nn/modules/module.py", line 1501, in _call_impl
    return forward_call(*args, **kwargs)
  File "/root/shared-nvme/virtualenv/LasRCA_torch201_py3.10/lib/python3.10/site-packages/torch/nn/modules/container.py", line 217, in forward
    input = module(input)
  File "/root/shared-nvme/virtualenv/LasRCA_torch201_py3.10/lib/python3.10/site-packages/torch/nn/modules/module.py", line 1501, in _call_impl
    return forward_call(*args, **kwargs)
  File "/root/shared-nvme/work/code/RCA/IncluRCA/code/IncluRCA/model/re/feature_fusion_new.py", line 130, in forward
    x_fused = self.msaa(x1, x2, x3)  # [B, N, out_dim]
  File "/root/shared-nvme/virtualenv/LasRCA_torch201_py3.10/lib/python3.10/site-packages/torch/nn/modules/module.py", line 1501, in _call_impl
    return forward_call(*args, **kwargs)
  File "/root/shared-nvme/work/code/RCA/IncluRCA/code/IncluRCA/model/re/feature_fusion_new.py", line 56, in forward
    x_fused = self.down(x_fused)               # [B, N, D]
  File "/root/shared-nvme/virtualenv/LasRCA_torch201_py3.10/lib/python3.10/site-packages/torch/nn/modules/module.py", line 1501, in _call_impl
    return forward_call(*args, **kwargs)
  File "/root/shared-nvme/virtualenv/LasRCA_torch201_py3.10/lib/python3.10/site-packages/torch/nn/modules/linear.py", line 114, in forward
    return F.linear(input, self.weight, self.bias)
RuntimeError: mat1 and mat2 shapes cannot be multiplied (3584x768 and 192x64)



nohup: ignoring input
IncluRCA a_rca_trainer
GAT in_dim: 512, hidden_dim: 64, heads: 4, gat_out_dim: 256
Traceback (most recent call last):
  File "/root/shared-nvme/work/code/RCA/IncluRCA/code/./IncluRCA/trainer/a_rca_trainer.py", line 93, in <module>
    rca_data_trainer.train()
  File "/root/shared-nvme/work/code/RCA/IncluRCA/code/IncluRCA/base/base_rca_trainer.py", line 50, in train
    out = self.model(batch_data)
  File "/root/shared-nvme/virtualenv/LasRCA_torch201_py3.10/lib/python3.10/site-packages/torch/nn/modules/module.py", line 1501, in _call_impl
    return forward_call(*args, **kwargs)
  File "/root/shared-nvme/virtualenv/LasRCA_torch201_py3.10/lib/python3.10/site-packages/torch/nn/modules/container.py", line 217, in forward
    input = module(input)
  File "/root/shared-nvme/virtualenv/LasRCA_torch201_py3.10/lib/python3.10/site-packages/torch/nn/modules/module.py", line 1501, in _call_impl
    return forward_call(*args, **kwargs)
  File "/root/shared-nvme/work/code/RCA/IncluRCA/code/IncluRCA/model/re/fault_classifier.py", line 19, in forward
    temp = x[:, self.meta_data['ent_type_index'][ent_type][0]:self.meta_data['ent_type_index'][ent_type][1], :]
TypeError: unhashable type: 'slice'
nohup: ignoring input
IncluRCA a_rca_trainer
GAT in_dim: 512, hidden_dim: 64, heads: 4, gat_out_dim: 256
Traceback (most recent call last):
  File "/root/shared-nvme/work/code/RCA/IncluRCA/code/./IncluRCA/trainer/a_rca_trainer.py", line 93, in <module>
    rca_data_trainer.train()
  File "/root/shared-nvme/work/code/RCA/IncluRCA/code/IncluRCA/base/base_rca_trainer.py", line 55, in train
    loss.backward()
  File "/root/shared-nvme/virtualenv/LasRCA_torch201_py3.10/lib/python3.10/site-packages/torch/_tensor.py", line 487, in backward
    torch.autograd.backward(
  File "/root/shared-nvme/virtualenv/LasRCA_torch201_py3.10/lib/python3.10/site-packages/torch/autograd/__init__.py", line 200, in backward
    Variable._execution_engine.run_backward(  # Calls into the C++ engine to run the backward pass
RuntimeError: adaptive_max_pool2d_backward_cuda does not have a deterministic implementation, but you set 'torch.use_deterministic_algorithms(True)'. You can turn off determinism just for this operation, or you can use the 'warn_only=True' option, if that's acceptable for your application. You can also file an issue at https://github.com/pytorch/pytorch/issues to help us prioritize adding deterministic support for this operation.


nohup: ignoring input
IncluRCA a_rca_trainer
2025-10-31 20:05:54,435 - INFO - [0/300] | train_loss: 3.83783
2025-10-31 20:05:54,796 - INFO - ----------
2025-10-31 20:05:54,796 - INFO - evaluation dataset type: valid
2025-10-31 20:05:54,813 - INFO - node    precision | micro: 0.018519; macro: 0.033049; score: [0.03809524 0.00555556 0.01111111 0.         0.02352941 0.12      ]
2025-10-31 20:05:54,813 - INFO - node    recall    | micro: 0.750000; macro: 0.633333; score: [0.8        0.33333333 0.66666667 0.         1.         1.        ]
2025-10-31 20:05:54,813 - INFO - node    f1        | micro: 0.036145; macro: 0.060963; score: [0.07272727 0.01092896 0.02185792 0.         0.04597701 0.21428571]
2025-10-31 20:05:54,833 - INFO - service precision | micro: 0.007147; macro: 0.008730; score: [0.00904977 0.00462963 0.00589971 0.02941176 0.02083333 0.
 0.         0.         0.00874636]
2025-10-31 20:05:54,833 - INFO - service recall    | micro: 0.583333; macro: 0.438889; score: [1.   0.5  0.5  0.4  0.8  0.   0.   0.   0.75]
2025-10-31 20:05:54,833 - INFO - service f1        | micro: 0.014120; macro: 0.016830; score: [0.01793722 0.00917431 0.01166181 0.05479452 0.04060914 0.
 0.         0.         0.01729107]
2025-10-31 20:05:54,864 - INFO - pod     precision | micro: 0.016678; macro: 0.018420; score: [0.00821018 0.0137931  0.00699301 0.03703704 0.05862069 0.
 0.01440329 0.         0.02672293]
2025-10-31 20:05:54,864 - INFO - pod     recall    | micro: 0.620690; macro: 0.545377; score: [1.         0.54545455 0.1        0.52380952 0.73913043 0.
 1.         0.         1.        ]
2025-10-31 20:05:54,864 - INFO - pod     f1        | micro: 0.032484; macro: 0.034947; score: [0.01628664 0.02690583 0.0130719  0.06918239 0.1086262  0.
 0.02839757 0.         0.05205479]
2025-10-31 20:05:54,864 - INFO - ----------
2025-10-31 20:05:57,726 - INFO - [1/300] | train_loss: 2.76597
2025-10-31 20:06:00,735 - INFO - [2/300] | train_loss: 1.85901
2025-10-31 20:06:03,738 - INFO - [3/300] | train_loss: 1.16286
2025-10-31 20:06:06,743 - INFO - [4/300] | train_loss: 0.83778
2025-10-31 20:06:09,741 - INFO - [5/300] | train_loss: 0.67245
2025-10-31 20:06:12,835 - INFO - [6/300] | train_loss: 0.58113
2025-10-31 20:06:15,825 - INFO - [7/300] | train_loss: 0.42219
2025-10-31 20:06:18,834 - INFO - [8/300] | train_loss: 0.37354
2025-10-31 20:06:21,840 - INFO - [9/300] | train_loss: 0.29044
2025-10-31 20:06:24,833 - INFO - [10/300] | train_loss: 0.25819
2025-10-31 20:06:25,198 - INFO - ----------
2025-10-31 20:06:25,198 - INFO - evaluation dataset type: valid
2025-10-31 20:06:25,216 - INFO - node    precision | micro: 0.416667; macro: 0.388047; score: [0.55555556 0.27272727 0.5        0.         0.4        0.6       ]
2025-10-31 20:06:25,216 - INFO - node    recall    | micro: 0.937500; macro: 0.777778; score: [1.         1.         0.66666667 0.         1.         1.        ]
2025-10-31 20:06:25,216 - INFO - node    f1        | micro: 0.576923; macro: 0.505952; score: [0.71428571 0.42857143 0.57142857 0.         0.57142857 0.75      ]
2025-10-31 20:06:25,232 - INFO - service precision | micro: 0.225352; macro: 0.247884; score: [0.33333333 0.25       0.16666667 0.6        0.21428571 0.
 0.16666667 0.         0.5       ]
2025-10-31 20:06:25,233 - INFO - service recall    | micro: 0.666667; macro: 0.605556; score: [1.   1.   0.5  0.6  0.6  0.   1.   0.   0.75]
2025-10-31 20:06:25,233 - INFO - service f1        | micro: 0.336842; macro: 0.327945; score: [0.5        0.4        0.25       0.6        0.31578947 0.
 0.28571429 0.         0.6       ]
2025-10-31 20:06:25,260 - INFO - pod     precision | micro: 0.167742; macro: 0.195021; score: [0.41666667 0.22916667 0.13138686 0.16981132 0.18181818 0.
 0.21212121 0.04166667 0.37254902]
2025-10-31 20:06:25,260 - INFO - pod     recall    | micro: 0.896552; macro: 0.847412; score: [1.         1.         0.9        0.85714286 0.86956522 0.
 1.         1.         1.        ]
2025-10-31 20:06:25,260 - INFO - pod     f1        | micro: 0.282609; macro: 0.305277; score: [0.58823529 0.37288136 0.22929936 0.28346457 0.30075188 0.
 0.35       0.08       0.54285714]
2025-10-31 20:06:25,260 - INFO - ----------
2025-10-31 20:06:28,233 - INFO - [11/300] | train_loss: 0.22132
2025-10-31 20:06:31,240 - INFO - [12/300] | train_loss: 0.19969
2025-10-31 20:06:34,236 - INFO - [13/300] | train_loss: 0.17651
2025-10-31 20:06:37,231 - INFO - [14/300] | train_loss: 0.16324
2025-10-31 20:06:40,236 - INFO - [15/300] | train_loss: 0.15584
2025-10-31 20:06:43,226 - INFO - [16/300] | train_loss: 0.14362
2025-10-31 20:06:46,225 - INFO - [17/300] | train_loss: 0.12990
2025-10-31 20:06:49,233 - INFO - [18/300] | train_loss: 0.12379
2025-10-31 20:06:52,236 - INFO - [19/300] | train_loss: 0.10500
2025-10-31 20:06:55,237 - INFO - [20/300] | train_loss: 0.08956
2025-10-31 20:06:55,599 - INFO - ----------
2025-10-31 20:06:55,599 - INFO - evaluation dataset type: valid
2025-10-31 20:06:55,615 - INFO - node    precision | micro: 0.590909; macro: 0.560714; score: [0.71428571 0.25       1.         0.         0.4        1.        ]
2025-10-31 20:06:55,615 - INFO - node    recall    | micro: 0.812500; macro: 0.666667; score: [1.         0.33333333 0.66666667 0.         1.         1.        ]
2025-10-31 20:06:55,615 - INFO - node    f1        | micro: 0.684211; macro: 0.581746; score: [0.83333333 0.28571429 0.8        0.         0.57142857 1.        ]
2025-10-31 20:06:55,632 - INFO - service precision | micro: 0.421053; macro: 0.352116; score: [0.5        0.28571429 0.16666667 0.66666667 0.5        0.
 0.25       0.         0.8       ]
2025-10-31 20:06:55,632 - INFO - service recall    | micro: 0.666667; macro: 0.605556; score: [1.   1.   0.25 0.4  0.8  0.   1.   0.   1.  ]
2025-10-31 20:06:55,632 - INFO - service f1        | micro: 0.516129; macro: 0.412821; score: [0.66666667 0.44444444 0.2        0.5        0.61538462 0.
 0.4        0.         0.88888889]
2025-10-31 20:06:55,660 - INFO - pod     precision | micro: 0.264368; macro: 0.281427; score: [0.58823529 0.23404255 0.20967742 0.20967742 0.28571429 0.
 0.25       0.07692308 0.67857143]
2025-10-31 20:06:55,660 - INFO - pod     recall    | micro: 0.793103; macro: 0.783517; score: [1.         1.         0.65       0.61904762 0.7826087  0.
 1.         1.         1.        ]
2025-10-31 20:06:55,660 - INFO - pod     f1        | micro: 0.396552; macro: 0.391150; score: [0.74074074 0.37931034 0.31707317 0.31325301 0.41860465 0.
 0.4        0.14285714 0.80851064]
2025-10-31 20:06:55,661 - INFO - ----------
2025-10-31 20:06:58,541 - INFO - [21/300] | train_loss: 0.09236
2025-10-31 20:07:01,537 - INFO - [22/300] | train_loss: 0.08438
2025-10-31 20:07:04,537 - INFO - [23/300] | train_loss: 0.07833
2025-10-31 20:07:07,537 - INFO - [24/300] | train_loss: 0.07675
2025-10-31 20:07:10,624 - INFO - [25/300] | train_loss: 0.07625
2025-10-31 20:07:13,624 - INFO - [26/300] | train_loss: 0.07234
2025-10-31 20:07:16,639 - INFO - [27/300] | train_loss: 0.07353
2025-10-31 20:07:19,643 - INFO - [28/300] | train_loss: 0.06353
2025-10-31 20:07:22,635 - INFO - [29/300] | train_loss: 0.05625
2025-10-31 20:07:25,633 - INFO - [30/300] | train_loss: 0.05510
2025-10-31 20:07:26,002 - INFO - ----------
2025-10-31 20:07:26,002 - INFO - evaluation dataset type: valid
2025-10-31 20:07:26,018 - INFO - node    precision | micro: 0.666667; macro: 0.630159; score: [0.71428571 0.4        1.         0.         0.66666667 1.        ]
2025-10-31 20:07:26,018 - INFO - node    recall    | micro: 0.875000; macro: 0.722222; score: [1.         0.66666667 0.66666667 0.         1.         1.        ]
2025-10-31 20:07:26,018 - INFO - node    f1        | micro: 0.756757; macro: 0.655556; score: [0.83333333 0.5        0.8        0.         0.8        1.        ]
2025-10-31 20:07:26,034 - INFO - service precision | micro: 0.435897; macro: 0.402971; score: [1.         0.4        0.28571429 0.5        0.30769231 0.
 0.33333333 0.         0.8       ]
2025-10-31 20:07:26,034 - INFO - service recall    | micro: 0.708333; macro: 0.633333; score: [1.  1.  0.5 0.4 0.8 0.  1.  0.  1. ]
2025-10-31 20:07:26,035 - INFO - service f1        | micro: 0.539683; macro: 0.468094; score: [1.         0.57142857 0.36363636 0.44444444 0.44444444 0.
 0.5        0.         0.88888889]
2025-10-31 20:07:26,062 - INFO - pod     precision | micro: 0.331967; macro: 0.366661; score: [0.90909091 0.2972973  0.23255814 0.25       0.234375   0.
 0.4375     0.2        0.73913043]
2025-10-31 20:07:26,062 - INFO - pod     recall    | micro: 0.698276; macro: 0.724789; score: [1.         1.         0.5        0.47619048 0.65217391 0.
 1.         1.         0.89473684]
2025-10-31 20:07:26,062 - INFO - pod     f1        | micro: 0.450000; macro: 0.461380; score: [0.95238095 0.45833333 0.31746032 0.32786885 0.34482759 0.
 0.60869565 0.33333333 0.80952381]
2025-10-31 20:07:26,062 - INFO - ----------
2025-10-31 20:07:28,934 - INFO - [31/300] | train_loss: 0.04793
2025-10-31 20:07:31,934 - INFO - [32/300] | train_loss: 0.04697
2025-10-31 20:07:34,944 - INFO - [33/300] | train_loss: 0.03693
2025-10-31 20:07:37,940 - INFO - [34/300] | train_loss: 0.04074
2025-10-31 20:07:41,040 - INFO - [35/300] | train_loss: 0.04744
2025-10-31 20:07:44,040 - INFO - [36/300] | train_loss: 0.10142
2025-10-31 20:07:47,139 - INFO - [37/300] | train_loss: 0.09912
2025-10-31 20:07:50,135 - INFO - [38/300] | train_loss: 0.11329
2025-10-31 20:07:53,134 - INFO - [39/300] | train_loss: 0.13155
2025-10-31 20:07:56,136 - INFO - [40/300] | train_loss: 0.07269
2025-10-31 20:07:56,501 - INFO - ----------
2025-10-31 20:07:56,501 - INFO - evaluation dataset type: valid
2025-10-31 20:07:56,517 - INFO - node    precision | micro: 0.555556; macro: 0.585714; score: [0.71428571 0.3        1.         0.         0.5        1.        ]
2025-10-31 20:07:56,517 - INFO - node    recall    | micro: 0.937500; macro: 0.777778; score: [1.         1.         0.66666667 0.         1.         1.        ]
2025-10-31 20:07:56,517 - INFO - node    f1        | micro: 0.697674; macro: 0.626923; score: [0.83333333 0.46153846 0.8        0.         0.66666667 1.        ]
2025-10-31 20:07:56,533 - INFO - service precision | micro: 0.518519; macro: 0.450000; score: [1.         0.4        0.4        0.66666667 0.33333333 0.
 0.5        0.         0.75      ]
2025-10-31 20:07:56,533 - INFO - service recall    | micro: 0.583333; macro: 0.561111; score: [1.   1.   0.5  0.4  0.4  0.   1.   0.   0.75]
2025-10-31 20:07:56,533 - INFO - service f1        | micro: 0.549020; macro: 0.477353; score: [1.         0.57142857 0.44444444 0.5        0.36363636 0.
 0.66666667 0.         0.75      ]
2025-10-31 20:07:56,561 - INFO - pod     precision | micro: 0.307407; macro: 0.364244; score: [0.83333333 0.275      0.37037037 0.21428571 0.25531915 0.02631579
 0.5        0.125      0.67857143]
2025-10-31 20:07:56,561 - INFO - pod     recall    | micro: 0.715517; macro: 0.760352; score: [1.         1.         0.5        0.57142857 0.52173913 0.25
 1.         1.         1.        ]
2025-10-31 20:07:56,561 - INFO - pod     f1        | micro: 0.430052; macro: 0.462840; score: [0.90909091 0.43137255 0.42553191 0.31168831 0.34285714 0.04761905
 0.66666667 0.22222222 0.80851064]
2025-10-31 20:07:56,561 - INFO - ----------
2025-10-31 20:07:59,438 - INFO - [41/300] | train_loss: 0.06665
2025-10-31 20:08:02,434 - INFO - [42/300] | train_loss: 0.05720
2025-10-31 20:08:05,440 - INFO - [43/300] | train_loss: 0.04848
2025-10-31 20:08:08,436 - INFO - [44/300] | train_loss: 0.04415
2025-10-31 20:08:11,536 - INFO - [45/300] | train_loss: 0.04094
2025-10-31 20:08:14,541 - INFO - [46/300] | train_loss: 0.03415
2025-10-31 20:08:17,636 - INFO - [47/300] | train_loss: 0.03042
2025-10-31 20:08:20,626 - INFO - [48/300] | train_loss: 0.02719
2025-10-31 20:08:23,638 - INFO - [49/300] | train_loss: 0.02561
2025-10-31 20:08:26,636 - INFO - [50/300] | train_loss: 0.02146
2025-10-31 20:08:26,997 - INFO - ----------
2025-10-31 20:08:26,997 - INFO - evaluation dataset type: valid
2025-10-31 20:08:27,013 - INFO - node    precision | micro: 0.722222; macro: 0.638889; score: [0.83333333 0.33333333 1.         0.         0.66666667 1.        ]
2025-10-31 20:08:27,013 - INFO - node    recall    | micro: 0.812500; macro: 0.666667; score: [1.         0.33333333 0.66666667 0.         1.         1.        ]
2025-10-31 20:08:27,014 - INFO - node    f1        | micro: 0.764706; macro: 0.640404; score: [0.90909091 0.33333333 0.8        0.         0.8        1.        ]
2025-10-31 20:08:27,030 - INFO - service precision | micro: 0.523810; macro: 0.518519; score: [1.         0.33333333 0.5        1.         0.5        0.
 0.33333333 0.         1.        ]
2025-10-31 20:08:27,030 - INFO - service recall    | micro: 0.458333; macro: 0.488889; score: [1.  1.  0.5 0.2 0.2 0.  1.  0.  0.5]
2025-10-31 20:08:27,030 - INFO - service f1        | micro: 0.488889; macro: 0.420635; score: [1.         0.5        0.5        0.33333333 0.28571429 0.
 0.5        0.         0.66666667]
2025-10-31 20:08:27,057 - INFO - pod     precision | micro: 0.466667; macro: 0.472376; score: [0.83333333 0.4        0.34375    0.26923077 0.52173913 0.08333333
 0.7        0.2        0.9       ]
2025-10-31 20:08:27,057 - INFO - pod     recall    | micro: 0.663793; macro: 0.723504; score: [1.         0.90909091 0.55       0.33333333 0.52173913 0.25
 1.         1.         0.94736842]
2025-10-31 20:08:27,057 - INFO - pod     f1        | micro: 0.548043; macro: 0.545808; score: [0.90909091 0.55555556 0.42307692 0.29787234 0.52173913 0.125
 0.82352941 0.33333333 0.92307692]
2025-10-31 20:08:27,057 - INFO - ----------
2025-10-31 20:08:29,936 - INFO - [51/300] | train_loss: 0.02224
2025-10-31 20:08:32,936 - INFO - [52/300] | train_loss: 0.03710
2025-10-31 20:08:35,939 - INFO - [53/300] | train_loss: 0.02066
2025-10-31 20:08:38,937 - INFO - [54/300] | train_loss: 0.02446
2025-10-31 20:08:41,942 - INFO - [55/300] | train_loss: 0.02146
2025-10-31 20:08:45,041 - INFO - [56/300] | train_loss: 0.01955
2025-10-31 20:08:48,039 - INFO - [57/300] | train_loss: 0.01661
2025-10-31 20:08:51,042 - INFO - [58/300] | train_loss: 0.01262
2025-10-31 20:08:54,039 - INFO - [59/300] | train_loss: 0.01561
2025-10-31 20:08:57,045 - INFO - [60/300] | train_loss: 0.01554
2025-10-31 20:08:57,400 - INFO - ----------
2025-10-31 20:08:57,400 - INFO - evaluation dataset type: valid
2025-10-31 20:08:57,416 - INFO - node    precision | micro: 0.812500; macro: 0.750000; score: [0.83333333 1.         1.         0.         0.66666667 1.        ]
2025-10-31 20:08:57,416 - INFO - node    recall    | micro: 0.812500; macro: 0.666667; score: [1.         0.33333333 0.66666667 0.         1.         1.        ]
2025-10-31 20:08:57,416 - INFO - node    f1        | micro: 0.812500; macro: 0.668182; score: [0.90909091 0.5        0.8        0.         0.8        1.        ]
2025-10-31 20:08:57,432 - INFO - service precision | micro: 0.687500; macro: 0.500000; score: [1.  1.  0.5 0.  0.5 0.  0.5 0.  1. ]
2025-10-31 20:08:57,432 - INFO - service recall    | micro: 0.458333; macro: 0.494444; score: [1.   1.   0.75 0.   0.2  0.   1.   0.   0.5 ]
2025-10-31 20:08:57,432 - INFO - service f1        | micro: 0.550000; macro: 0.468783; score: [1.         1.         0.6        0.         0.28571429 0.
 0.66666667 0.         0.66666667]
2025-10-31 20:08:57,459 - INFO - pod     precision | micro: 0.540541; macro: 0.640664; score: [0.83333333 0.45833333 0.34146341 0.33333333 0.52173913 0.5
 0.77777778 1.         1.        ]
2025-10-31 20:08:57,459 - INFO - pod     recall    | micro: 0.689655; macro: 0.744980; score: [1.         1.         0.7        0.28571429 0.52173913 0.25
 1.         1.         0.94736842]
2025-10-31 20:08:57,459 - INFO - pod     f1        | micro: 0.606061; macro: 0.667491; score: [0.90909091 0.62857143 0.45901639 0.30769231 0.52173913 0.33333333
 0.875      1.         0.97297297]
2025-10-31 20:08:57,459 - INFO - ----------
2025-10-31 20:09:00,345 - INFO - [61/300] | train_loss: 0.01383
2025-10-31 20:09:03,444 - INFO - [62/300] | train_loss: 0.01277
2025-10-31 20:09:06,442 - INFO - [63/300] | train_loss: 0.01359
2025-10-31 20:09:09,424 - INFO - [64/300] | train_loss: 0.01158
2025-10-31 20:09:12,437 - INFO - [65/300] | train_loss: 0.01577
2025-10-31 20:09:15,442 - INFO - [66/300] | train_loss: 0.01568
2025-10-31 20:09:18,434 - INFO - [67/300] | train_loss: 0.01175
2025-10-31 20:09:21,502 - INFO - [68/300] | train_loss: 0.01049
2025-10-31 20:09:24,525 - INFO - [69/300] | train_loss: 0.01330
2025-10-31 20:09:27,536 - INFO - [70/300] | train_loss: 0.01284
2025-10-31 20:09:27,895 - INFO - ----------
2025-10-31 20:09:27,895 - INFO - evaluation dataset type: valid
2025-10-31 20:09:27,911 - INFO - node    precision | micro: 0.764706; macro: 0.666667; score: [0.83333333 0.5        1.         0.         0.66666667 1.        ]
2025-10-31 20:09:27,911 - INFO - node    recall    | micro: 0.812500; macro: 0.666667; score: [1.         0.33333333 0.66666667 0.         1.         1.        ]
2025-10-31 20:09:27,911 - INFO - node    f1        | micro: 0.787879; macro: 0.651515; score: [0.90909091 0.4        0.8        0.         0.8        1.        ]
2025-10-31 20:09:27,928 - INFO - service precision | micro: 0.687500; macro: 0.551852; score: [1.         0.66666667 0.         1.         1.         0.
 0.5        0.         0.8       ]
2025-10-31 20:09:27,928 - INFO - service recall    | micro: 0.458333; macro: 0.488889; score: [1.  1.  0.  0.2 0.2 0.  1.  0.  1. ]
2025-10-31 20:09:27,928 - INFO - service f1        | micro: 0.550000; macro: 0.446914; score: [1.         0.8        0.         0.33333333 0.33333333 0.
 0.66666667 0.         0.88888889]
2025-10-31 20:09:27,955 - INFO - pod     precision | micro: 0.527397; macro: 0.511855; score: [0.90909091 0.42307692 0.38095238 0.42857143 0.44       0.125
 0.7        0.25       0.95      ]
2025-10-31 20:09:27,955 - INFO - pod     recall    | micro: 0.663793; macro: 0.728537; score: [1.         1.         0.4        0.42857143 0.47826087 0.25
 1.         1.         1.        ]
2025-10-31 20:09:27,956 - INFO - pod     f1        | micro: 0.587786; macro: 0.576520; score: [0.95238095 0.59459459 0.3902439  0.42857143 0.45833333 0.16666667
 0.82352941 0.4        0.97435897]
2025-10-31 20:09:27,956 - INFO - ----------
2025-10-31 20:09:30,837 - INFO - [71/300] | train_loss: 0.01341
2025-10-31 20:09:33,840 - INFO - [72/300] | train_loss: 0.01216
2025-10-31 20:09:36,838 - INFO - [73/300] | train_loss: 0.01262
2025-10-31 20:09:39,841 - INFO - [74/300] | train_loss: 0.01771
2025-10-31 20:09:42,839 - INFO - [75/300] | train_loss: 0.01590
2025-10-31 20:09:45,845 - INFO - [76/300] | train_loss: 0.01383
2025-10-31 20:09:48,843 - INFO - [77/300] | train_loss: 0.01557
2025-10-31 20:09:51,842 - INFO - [78/300] | train_loss: 0.01181
2025-10-31 20:09:54,835 - INFO - [79/300] | train_loss: 0.01300
2025-10-31 20:09:57,838 - INFO - [80/300] | train_loss: 0.01462
2025-10-31 20:09:58,202 - INFO - ----------
2025-10-31 20:09:58,202 - INFO - evaluation dataset type: valid
2025-10-31 20:09:58,218 - INFO - node    precision | micro: 0.866667; macro: 0.805556; score: [0.83333333 1.         1.         0.         1.         1.        ]
2025-10-31 20:09:58,218 - INFO - node    recall    | micro: 0.812500; macro: 0.666667; score: [1.         0.33333333 0.66666667 0.         1.         1.        ]
2025-10-31 20:09:58,218 - INFO - node    f1        | micro: 0.838710; macro: 0.701515; score: [0.90909091 0.5        0.8        0.         1.         1.        ]
2025-10-31 20:09:58,234 - INFO - service precision | micro: 0.666667; macro: 0.555556; score: [1.  0.5 0.5 1.  0.5 0.  0.5 0.  1. ]
2025-10-31 20:09:58,235 - INFO - service recall    | micro: 0.500000; macro: 0.516667; score: [1.   1.   0.5  0.2  0.2  0.   1.   0.   0.75]
2025-10-31 20:09:58,235 - INFO - service f1        | micro: 0.571429; macro: 0.478836; score: [1.         0.66666667 0.5        0.33333333 0.28571429 0.
 0.66666667 0.         0.85714286]
2025-10-31 20:09:58,262 - INFO - pod     precision | micro: 0.497175; macro: 0.530282; score: [0.90909091 0.55       0.37142857 0.31818182 0.4516129  0.2
 0.77777778 0.25       0.94444444]
2025-10-31 20:09:58,262 - INFO - pod     recall    | micro: 0.758621; macro: 0.785567; score: [1.         1.         0.65       0.66666667 0.60869565 0.25
 1.         1.         0.89473684]
2025-10-31 20:09:58,262 - INFO - pod     f1        | micro: 0.600683; macro: 0.611135; score: [0.95238095 0.70967742 0.47272727 0.43076923 0.51851852 0.22222222
 0.875      0.4        0.91891892]
2025-10-31 20:09:58,262 - INFO - ----------
2025-10-31 20:10:01,138 - INFO - [81/300] | train_loss: 0.02259
2025-10-31 20:10:04,140 - INFO - [82/300] | train_loss: 0.02225
2025-10-31 20:10:07,138 - INFO - [83/300] | train_loss: 0.02244
2025-10-31 20:10:10,137 - INFO - [84/300] | train_loss: 0.01742
2025-10-31 20:10:13,137 - INFO - [85/300] | train_loss: 0.02795
2025-10-31 20:10:16,137 - INFO - [86/300] | train_loss: 0.03413
2025-10-31 20:10:19,139 - INFO - [87/300] | train_loss: 0.01522
2025-10-31 20:10:22,240 - INFO - [88/300] | train_loss: 0.02029
2025-10-31 20:10:25,238 - INFO - [89/300] | train_loss: 0.01298
2025-10-31 20:10:28,237 - INFO - [90/300] | train_loss: 0.01743
2025-10-31 20:10:28,601 - INFO - ----------
2025-10-31 20:10:28,601 - INFO - evaluation dataset type: valid
2025-10-31 20:10:28,619 - INFO - node    precision | micro: 0.789474; macro: 0.708333; score: [1.   0.75 1.   0.   0.5  1.  ]
2025-10-31 20:10:28,619 - INFO - node    recall    | micro: 0.937500; macro: 0.777778; score: [1.         1.         0.66666667 0.         1.         1.        ]
2025-10-31 20:10:28,619 - INFO - node    f1        | micro: 0.857143; macro: 0.720635; score: [1.         0.85714286 0.8        0.         0.66666667 1.        ]
2025-10-31 20:10:28,635 - INFO - service precision | micro: 0.812500; macro: 0.629630; score: [1.         1.         0.         0.66666667 1.         0.
 1.         0.         1.        ]
2025-10-31 20:10:28,636 - INFO - service recall    | micro: 0.541667; macro: 0.527778; score: [1.   1.   0.   0.4  0.6  0.   1.   0.   0.75]
2025-10-31 20:10:28,636 - INFO - service f1        | micro: 0.650000; macro: 0.567460; score: [1.         1.         0.         0.5        0.75       0.
 1.         0.         0.85714286]
2025-10-31 20:10:28,663 - INFO - pod     precision | micro: 0.611940; macro: 0.629050; score: [0.90909091 0.52380952 0.43478261 0.40740741 0.63636364 0.5
 1.         0.25       1.        ]
2025-10-31 20:10:28,663 - INFO - pod     recall    | micro: 0.706897; macro: 0.753027; score: [1.         1.         0.5        0.52380952 0.60869565 0.25
 1.         1.         0.89473684]
2025-10-31 20:10:28,663 - INFO - pod     f1        | micro: 0.656000; macro: 0.651481; score: [0.95238095 0.6875     0.46511628 0.45833333 0.62222222 0.33333333
 1.         0.4        0.94444444]
2025-10-31 20:10:28,663 - INFO - ----------
2025-10-31 20:10:31,544 - INFO - [91/300] | train_loss: 0.01439
2025-10-31 20:10:34,523 - INFO - [92/300] | train_loss: 0.01073
2025-10-31 20:10:37,537 - INFO - [93/300] | train_loss: 0.01410
2025-10-31 20:10:40,537 - INFO - [94/300] | train_loss: 0.01230
2025-10-31 20:10:43,539 - INFO - [95/300] | train_loss: 0.01738
2025-10-31 20:10:46,536 - INFO - [96/300] | train_loss: 0.01690
2025-10-31 20:10:49,542 - INFO - [97/300] | train_loss: 0.01542
2025-10-31 20:10:52,541 - INFO - [98/300] | train_loss: 0.01444
2025-10-31 20:10:55,538 - INFO - [99/300] | train_loss: 0.01010
2025-10-31 20:10:58,541 - INFO - [100/300] | train_loss: 0.00982
2025-10-31 20:10:58,900 - INFO - ----------
2025-10-31 20:10:58,900 - INFO - evaluation dataset type: valid
2025-10-31 20:10:58,916 - INFO - node    precision | micro: 0.812500; macro: 0.694444; score: [1.         0.5        1.         0.         0.66666667 1.        ]
2025-10-31 20:10:58,916 - INFO - node    recall    | micro: 0.812500; macro: 0.666667; score: [1.         0.33333333 0.66666667 0.         1.         1.        ]
2025-10-31 20:10:58,916 - INFO - node    f1        | micro: 0.812500; macro: 0.666667; score: [1.  0.4 0.8 0.  0.8 1. ]
2025-10-31 20:10:58,932 - INFO - service precision | micro: 0.833333; macro: 0.666667; score: [1. 1. 0. 1. 1. 0. 1. 0. 1.]
2025-10-31 20:10:58,933 - INFO - service recall    | micro: 0.416667; macro: 0.461111; score: [1.   1.   0.   0.2  0.2  0.   1.   0.   0.75]
2025-10-31 20:10:58,933 - INFO - service f1        | micro: 0.555556; macro: 0.502646; score: [1.         1.         0.         0.33333333 0.33333333 0.
 1.         0.         0.85714286]
2025-10-31 20:10:58,960 - INFO - pod     precision | micro: 0.638655; macro: 0.615403; score: [0.90909091 0.61111111 0.42105263 0.33333333 0.86666667 0.2
 1.         0.25       0.94736842]
2025-10-31 20:10:58,960 - INFO - pod     recall    | micro: 0.655172; macro: 0.721769; score: [1.         1.         0.4        0.33333333 0.56521739 0.25
 1.         1.         0.94736842]
2025-10-31 20:10:58,960 - INFO - pod     f1        | micro: 0.646809; macro: 0.634266; score: [0.95238095 0.75862069 0.41025641 0.33333333 0.68421053 0.22222222
 1.         0.4        0.94736842]
2025-10-31 20:10:58,960 - INFO - ----------
2025-10-31 20:11:01,843 - INFO - [101/300] | train_loss: 0.00918
2025-10-31 20:11:04,840 - INFO - [102/300] | train_loss: 0.00768
2025-10-31 20:11:07,837 - INFO - [103/300] | train_loss: 0.00602
2025-10-31 20:11:10,838 - INFO - [104/300] | train_loss: 0.01204
2025-10-31 20:11:13,838 - INFO - [105/300] | train_loss: 0.00979
2025-10-31 20:11:16,842 - INFO - [106/300] | train_loss: 0.00959
2025-10-31 20:11:19,831 - INFO - [107/300] | train_loss: 0.00925
2025-10-31 20:11:22,841 - INFO - [108/300] | train_loss: 0.01598
2025-10-31 20:11:25,836 - INFO - [109/300] | train_loss: 0.02381
2025-10-31 20:11:28,838 - INFO - [110/300] | train_loss: 0.05057
2025-10-31 20:11:29,182 - INFO - ----------
2025-10-31 20:11:29,182 - INFO - evaluation dataset type: valid
2025-10-31 20:11:29,197 - INFO - node    precision | micro: 0.684211; macro: 0.659722; score: [0.625      0.33333333 1.         0.         1.         1.        ]
2025-10-31 20:11:29,197 - INFO - node    recall    | micro: 0.812500; macro: 0.666667; score: [1.         0.33333333 0.66666667 0.         1.         1.        ]
2025-10-31 20:11:29,198 - INFO - node    f1        | micro: 0.742857; macro: 0.650427; score: [0.76923077 0.33333333 0.8        0.         1.         1.        ]
2025-10-31 20:11:29,214 - INFO - service precision | micro: 0.714286; macro: 0.685185; score: [1.         0.66666667 0.5        1.         1.         0.
 1.         0.         1.        ]
2025-10-31 20:11:29,214 - INFO - service recall    | micro: 0.625000; macro: 0.594444; score: [1.   1.   1.   0.4  0.2  0.   1.   0.   0.75]
2025-10-31 20:11:29,214 - INFO - service f1        | micro: 0.666667; macro: 0.580952; score: [1.         0.8        0.66666667 0.57142857 0.33333333 0.
 1.         0.         0.85714286]
2025-10-31 20:11:29,241 - INFO - pod     precision | micro: 0.514620; macro: 0.579231; score: [0.90909091 0.5        0.36170213 0.37837838 0.52631579 0.5
 1.         0.14285714 0.89473684]
2025-10-31 20:11:29,241 - INFO - pod     recall    | micro: 0.758621; macro: 0.788465; score: [1.         1.         0.85       0.66666667 0.43478261 0.25
 1.         1.         0.89473684]
2025-10-31 20:11:29,241 - INFO - pod     f1        | micro: 0.613240; macro: 0.618170; score: [0.95238095 0.66666667 0.50746269 0.48275862 0.47619048 0.33333333
 1.         0.25       0.89473684]
2025-10-31 20:11:29,242 - INFO - ----------
2025-10-31 20:11:32,137 - INFO - [111/300] | train_loss: 0.03742
2025-10-31 20:11:35,138 - INFO - [112/300] | train_loss: 0.05033
2025-10-31 20:11:38,145 - INFO - [113/300] | train_loss: 0.04546
2025-10-31 20:11:41,140 - INFO - [114/300] | train_loss: 0.02384
2025-10-31 20:11:44,139 - INFO - [115/300] | train_loss: 0.02484
2025-10-31 20:11:47,137 - INFO - [116/300] | train_loss: 0.01432
2025-10-31 20:11:50,125 - INFO - [117/300] | train_loss: 0.01935
2025-10-31 20:11:53,135 - INFO - [118/300] | train_loss: 0.01475
2025-10-31 20:11:56,136 - INFO - [119/300] | train_loss: 0.01277
2025-10-31 20:11:59,139 - INFO - [120/300] | train_loss: 0.01408
2025-10-31 20:11:59,498 - INFO - ----------
2025-10-31 20:11:59,499 - INFO - evaluation dataset type: valid
2025-10-31 20:11:59,514 - INFO - node    precision | micro: 0.700000; macro: 0.646825; score: [0.71428571 0.5        1.         0.         0.66666667 1.        ]
2025-10-31 20:11:59,514 - INFO - node    recall    | micro: 0.875000; macro: 0.722222; score: [1.         0.66666667 0.66666667 0.         1.         1.        ]
2025-10-31 20:11:59,514 - INFO - node    f1        | micro: 0.777778; macro: 0.667460; score: [0.83333333 0.57142857 0.8        0.         0.8        1.        ]
2025-10-31 20:11:59,531 - INFO - service precision | micro: 0.700000; macro: 0.651852; score: [1.         0.66666667 0.4        1.         1.         0.
 1.         0.         0.8       ]
2025-10-31 20:11:59,531 - INFO - service recall    | micro: 0.583333; macro: 0.566667; score: [1.  1.  0.5 0.2 0.4 0.  1.  0.  1. ]
2025-10-31 20:11:59,531 - INFO - service f1        | micro: 0.636364; macro: 0.559788; score: [1.         0.8        0.44444444 0.33333333 0.57142857 0.
 1.         0.         0.88888889]
2025-10-31 20:11:59,558 - INFO - pod     precision | micro: 0.584507; macro: 0.685947; score: [0.90909091 0.61111111 0.36111111 0.42857143 0.5        0.5
 1.         1.         0.86363636]
2025-10-31 20:11:59,558 - INFO - pod     recall    | micro: 0.715517; macro: 0.761146; score: [1.         1.         0.65       0.42857143 0.52173913 0.25
 1.         1.         1.        ]
2025-10-31 20:11:59,558 - INFO - pod     f1        | micro: 0.643411; macro: 0.708296; score: [0.95238095 0.75862069 0.46428571 0.42857143 0.5106383  0.33333333
 1.         1.         0.92682927]
2025-10-31 20:11:59,558 - INFO - ----------
2025-10-31 20:12:02,441 - INFO - [121/300] | train_loss: 0.01310
2025-10-31 20:12:05,440 - INFO - [122/300] | train_loss: 0.01171
2025-10-31 20:12:08,447 - INFO - [123/300] | train_loss: 0.01432
2025-10-31 20:12:11,441 - INFO - [124/300] | train_loss: 0.01560
2025-10-31 20:12:14,437 - INFO - [125/300] | train_loss: 0.01817
2025-10-31 20:12:17,438 - INFO - [126/300] | train_loss: 0.01362
2025-10-31 20:12:20,438 - INFO - [127/300] | train_loss: 0.01525
2025-10-31 20:12:23,438 - INFO - [128/300] | train_loss: 0.01057
2025-10-31 20:12:26,441 - INFO - [129/300] | train_loss: 0.00853
2025-10-31 20:12:29,440 - INFO - [130/300] | train_loss: 0.01107
2025-10-31 20:12:29,800 - INFO - ----------
2025-10-31 20:12:29,800 - INFO - evaluation dataset type: valid
2025-10-31 20:12:29,816 - INFO - node    precision | micro: 0.684211; macro: 0.660714; score: [0.71428571 0.25       1.         0.         1.         1.        ]
2025-10-31 20:12:29,816 - INFO - node    recall    | micro: 0.812500; macro: 0.666667; score: [1.         0.33333333 0.66666667 0.         1.         1.        ]
2025-10-31 20:12:29,816 - INFO - node    f1        | micro: 0.742857; macro: 0.653175; score: [0.83333333 0.28571429 0.8        0.         1.         1.        ]
2025-10-31 20:12:29,832 - INFO - service precision | micro: 0.857143; macro: 0.722222; score: [1.  1.  0.5 1.  1.  0.  1.  0.  1. ]
2025-10-31 20:12:29,833 - INFO - service recall    | micro: 0.500000; macro: 0.516667; score: [1.   1.   0.5  0.2  0.2  0.   1.   0.   0.75]
2025-10-31 20:12:29,833 - INFO - service f1        | micro: 0.631579; macro: 0.558201; score: [1.         1.         0.5        0.33333333 0.33333333 0.
 1.         0.         0.85714286]
2025-10-31 20:12:29,860 - INFO - pod     precision | micro: 0.573248; macro: 0.787421; score: [0.90909091 0.6875     0.33333333 0.33333333 0.82352941 1.
 1.         1.         1.        ]
2025-10-31 20:12:29,860 - INFO - pod     recall    | micro: 0.775862; macro: 0.797207; score: [1.         1.         0.85       0.57142857 0.60869565 0.25
 1.         1.         0.89473684]
2025-10-31 20:12:29,860 - INFO - pod     f1        | micro: 0.659341; macro: 0.745730; score: [0.95238095 0.81481481 0.47887324 0.42105263 0.7        0.4
 1.         1.         0.94444444]
2025-10-31 20:12:29,860 - INFO - ----------
2025-10-31 20:12:32,741 - INFO - [131/300] | train_loss: 0.01113
2025-10-31 20:12:35,842 - INFO - [132/300] | train_loss: 0.00905
2025-10-31 20:12:38,839 - INFO - [133/300] | train_loss: 0.00930
2025-10-31 20:12:41,847 - INFO - [134/300] | train_loss: 0.00846
2025-10-31 20:12:44,841 - INFO - [135/300] | train_loss: 0.00639
2025-10-31 20:12:47,839 - INFO - [136/300] | train_loss: 0.01020
2025-10-31 20:12:50,839 - INFO - [137/300] | train_loss: 0.00923
2025-10-31 20:12:53,836 - INFO - [138/300] | train_loss: 0.01486
2025-10-31 20:12:56,926 - INFO - [139/300] | train_loss: 0.00745
2025-10-31 20:12:59,942 - INFO - [140/300] | train_loss: 0.00673
2025-10-31 20:13:00,301 - INFO - ----------
2025-10-31 20:13:00,301 - INFO - evaluation dataset type: valid
2025-10-31 20:13:00,317 - INFO - node    precision | micro: 0.736842; macro: 0.705556; score: [0.83333333 0.4        1.         0.         1.         1.        ]
2025-10-31 20:13:00,317 - INFO - node    recall    | micro: 0.875000; macro: 0.722222; score: [1.         0.66666667 0.66666667 0.         1.         1.        ]
2025-10-31 20:13:00,317 - INFO - node    f1        | micro: 0.800000; macro: 0.701515; score: [0.90909091 0.5        0.8        0.         1.         1.        ]
2025-10-31 20:13:00,333 - INFO - service precision | micro: 0.800000; macro: 0.685185; score: [1.         0.66666667 0.5        1.         1.         0.
 1.         0.         1.        ]
2025-10-31 20:13:00,333 - INFO - service recall    | micro: 0.500000; macro: 0.516667; score: [1.   1.   0.5  0.2  0.2  0.   1.   0.   0.75]
2025-10-31 20:13:00,334 - INFO - service f1        | micro: 0.615385; macro: 0.535979; score: [1.         0.8        0.5        0.33333333 0.33333333 0.
 1.         0.         0.85714286]
2025-10-31 20:13:00,360 - INFO - pod     precision | micro: 0.645161; macro: 0.732088; score: [0.90909091 0.6875     0.38235294 0.45833333 0.81818182 0.33333333
 1.         1.         1.        ]
2025-10-31 20:13:00,361 - INFO - pod     recall    | micro: 0.689655; macro: 0.745539; score: [1.         1.         0.65       0.52380952 0.39130435 0.25
 1.         1.         0.89473684]
2025-10-31 20:13:00,361 - INFO - pod     f1        | micro: 0.666667; macro: 0.721904; score: [0.95238095 0.81481481 0.48148148 0.48888889 0.52941176 0.28571429
 1.         1.         0.94444444]
2025-10-31 20:13:00,361 - INFO - ----------
2025-10-31 20:13:03,242 - INFO - [141/300] | train_loss: 0.00648
2025-10-31 20:13:06,238 - INFO - [142/300] | train_loss: 0.00839
2025-10-31 20:13:09,240 - INFO - [143/300] | train_loss: 0.00889
2025-10-31 20:13:12,240 - INFO - [144/300] | train_loss: 0.08798
2025-10-31 20:13:15,242 - INFO - [145/300] | train_loss: 0.41051
2025-10-31 20:13:18,235 - INFO - [146/300] | train_loss: 0.17440
2025-10-31 20:13:21,237 - INFO - [147/300] | train_loss: 0.14745
2025-10-31 20:13:24,227 - INFO - [148/300] | train_loss: 0.16754
2025-10-31 20:13:27,240 - INFO - [149/300] | train_loss: 0.57958
2025-10-31 20:13:30,241 - INFO - [150/300] | train_loss: 0.25212
2025-10-31 20:13:30,602 - INFO - ----------
2025-10-31 20:13:30,602 - INFO - evaluation dataset type: valid
2025-10-31 20:13:30,618 - INFO - node    precision | micro: 0.384615; macro: 0.541667; score: [0.41666667 0.16666667 1.         0.         0.66666667 1.        ]
2025-10-31 20:13:30,618 - INFO - node    recall    | micro: 0.937500; macro: 0.777778; score: [1.         1.         0.66666667 0.         1.         1.        ]
2025-10-31 20:13:30,618 - INFO - node    f1        | micro: 0.545455; macro: 0.578992; score: [0.58823529 0.28571429 0.8        0.         0.8        1.        ]
2025-10-31 20:13:30,634 - INFO - service precision | micro: 0.714286; macro: 0.648148; score: [1.         0.66666667 0.5        1.         1.         0.
 1.         0.         0.66666667]
2025-10-31 20:13:30,634 - INFO - service recall    | micro: 0.625000; macro: 0.594444; score: [1.   1.   0.75 0.2  0.4  0.   1.   0.   1.  ]
2025-10-31 20:13:30,634 - INFO - service f1        | micro: 0.666667; macro: 0.567196; score: [1.         0.8        0.6        0.33333333 0.57142857 0.
 1.         0.         0.8       ]
2025-10-31 20:13:30,661 - INFO - pod     precision | micro: 0.525641; macro: 0.508394; score: [0.90909091 0.61111111 0.40540541 0.42857143 0.54545455 0.125
 0.7        0.09090909 0.76      ]
2025-10-31 20:13:30,661 - INFO - pod     recall    | micro: 0.706897; macro: 0.756384; score: [1.         1.         0.75       0.28571429 0.52173913 0.25
 1.         1.         1.        ]
2025-10-31 20:13:30,662 - INFO - pod     f1        | micro: 0.602941; macro: 0.570445; score: [0.95238095 0.75862069 0.52631579 0.34285714 0.53333333 0.16666667
 0.82352941 0.16666667 0.86363636]
2025-10-31 20:13:30,662 - INFO - ----------
2025-10-31 20:13:33,541 - INFO - [151/300] | train_loss: 0.08558
2025-10-31 20:13:36,542 - INFO - [152/300] | train_loss: 0.09106
2025-10-31 20:13:39,537 - INFO - [153/300] | train_loss: 0.04714
2025-10-31 20:13:42,540 - INFO - [154/300] | train_loss: 0.03758
2025-10-31 20:13:45,537 - INFO - [155/300] | train_loss: 0.03265
2025-10-31 20:13:48,638 - INFO - [156/300] | train_loss: 0.04034
2025-10-31 20:13:51,647 - INFO - [157/300] | train_loss: 0.02627
2025-10-31 20:13:54,639 - INFO - [158/300] | train_loss: 0.04226
2025-10-31 20:13:57,676 - INFO - [159/300] | train_loss: 0.05010
2025-10-31 20:14:00,734 - INFO - [160/300] | train_loss: 0.05334
2025-10-31 20:14:01,068 - INFO - ----------
2025-10-31 20:14:01,069 - INFO - evaluation dataset type: valid
2025-10-31 20:14:01,084 - INFO - node    precision | micro: 0.652174; macro: 0.681548; score: [0.71428571 0.375      1.         0.         1.         1.        ]
2025-10-31 20:14:01,084 - INFO - node    recall    | micro: 0.937500; macro: 0.777778; score: [1.         1.         0.66666667 0.         1.         1.        ]
2025-10-31 20:14:01,084 - INFO - node    f1        | micro: 0.769231; macro: 0.696465; score: [0.83333333 0.54545455 0.8        0.         1.         1.        ]
2025-10-31 20:14:01,100 - INFO - service precision | micro: 0.482759; macro: 0.510774; score: [1.         0.4        0.33333333 0.5        1.         0.
 1.         0.         0.36363636]
2025-10-31 20:14:01,101 - INFO - service recall    | micro: 0.583333; macro: 0.566667; score: [1.  1.  0.5 0.2 0.4 0.  1.  0.  1. ]
2025-10-31 20:14:01,101 - INFO - service f1        | micro: 0.528302; macro: 0.484656; score: [1.         0.57142857 0.4        0.28571429 0.57142857 0.
 1.         0.         0.53333333]
2025-10-31 20:14:01,128 - INFO - pod     precision | micro: 0.312715; macro: 0.557694; score: [0.83333333 0.42307692 0.12337662 0.35294118 0.6875     0.11111111
 0.875      1.         0.61290323]
2025-10-31 20:14:01,128 - INFO - pod     recall    | micro: 0.784483; macro: 0.805521; score: [1.         1.         0.95       0.57142857 0.47826087 0.25
 1.         1.         1.        ]
2025-10-31 20:14:01,128 - INFO - pod     f1        | micro: 0.447174; macro: 0.618858; score: [0.90909091 0.59459459 0.2183908  0.43636364 0.56410256 0.15384615
 0.93333333 1.         0.76      ]
2025-10-31 20:14:01,128 - INFO - ----------
2025-10-31 20:14:04,036 - INFO - [161/300] | train_loss: 0.07606
2025-10-31 20:14:07,025 - INFO - [162/300] | train_loss: 0.14535
2025-10-31 20:14:10,025 - INFO - [163/300] | train_loss: 0.10332
2025-10-31 20:14:13,034 - INFO - [164/300] | train_loss: 0.06976
2025-10-31 20:14:16,037 - INFO - [165/300] | train_loss: 0.05798
2025-10-31 20:14:19,035 - INFO - [166/300] | train_loss: 0.05636
2025-10-31 20:14:22,037 - INFO - [167/300] | train_loss: 0.04290
2025-10-31 20:14:25,029 - INFO - [168/300] | train_loss: 0.02949
2025-10-31 20:14:28,035 - INFO - [169/300] | train_loss: 0.03123
2025-10-31 20:14:31,039 - INFO - [170/300] | train_loss: 0.02394
2025-10-31 20:14:31,403 - INFO - ----------
2025-10-31 20:14:31,403 - INFO - evaluation dataset type: valid
2025-10-31 20:14:31,419 - INFO - node    precision | micro: 0.652174; macro: 0.681548; score: [0.71428571 0.375      1.         0.         1.         1.        ]
2025-10-31 20:14:31,419 - INFO - node    recall    | micro: 0.937500; macro: 0.777778; score: [1.         1.         0.66666667 0.         1.         1.        ]
2025-10-31 20:14:31,419 - INFO - node    f1        | micro: 0.769231; macro: 0.696465; score: [0.83333333 0.54545455 0.8        0.         1.         1.        ]
2025-10-31 20:14:31,436 - INFO - service precision | micro: 0.631579; macro: 0.477778; score: [1.  0.5 0.5 0.  1.  0.  0.5 0.  0.8]
2025-10-31 20:14:31,436 - INFO - service recall    | micro: 0.500000; macro: 0.522222; score: [1.  1.  0.5 0.  0.2 0.  1.  0.  1. ]
2025-10-31 20:14:31,436 - INFO - service f1        | micro: 0.558140; macro: 0.450617; score: [1.         0.66666667 0.5        0.         0.33333333 0.
 0.66666667 0.         0.88888889]
2025-10-31 20:14:31,463 - INFO - pod     precision | micro: 0.572464; macro: 0.627547; score: [0.90909091 0.52380952 0.43589744 0.30769231 0.57142857 0.2
 0.7        1.         1.        ]
2025-10-31 20:14:31,463 - INFO - pod     recall    | micro: 0.681034; macro: 0.765367; score: [1.         1.         0.85       0.19047619 0.34782609 0.5
 1.         1.         1.        ]
2025-10-31 20:14:31,463 - INFO - pod     f1        | micro: 0.622047; macro: 0.665902; score: [0.95238095 0.6875     0.57627119 0.23529412 0.43243243 0.28571429
 0.82352941 1.         1.        ]
2025-10-31 20:14:31,463 - INFO - ----------
2025-10-31 20:14:34,340 - INFO - [171/300] | train_loss: 0.01639
2025-10-31 20:14:37,338 - INFO - [172/300] | train_loss: 0.01336
2025-10-31 20:14:40,434 - INFO - [173/300] | train_loss: 0.01171
2025-10-31 20:14:43,435 - INFO - [174/300] | train_loss: 0.01340
2025-10-31 20:14:46,440 - INFO - [175/300] | train_loss: 0.01036
2025-10-31 20:14:49,441 - INFO - [176/300] | train_loss: 0.00813
2025-10-31 20:14:52,437 - INFO - [177/300] | train_loss: 0.00984
2025-10-31 20:14:55,535 - INFO - [178/300] | train_loss: 0.01008
2025-10-31 20:14:58,540 - INFO - [179/300] | train_loss: 0.00977
2025-10-31 20:15:01,541 - INFO - [180/300] | train_loss: 0.00991
2025-10-31 20:15:01,902 - INFO - ----------
2025-10-31 20:15:01,902 - INFO - evaluation dataset type: valid
2025-10-31 20:15:01,917 - INFO - node    precision | micro: 0.714286; macro: 0.702381; score: [0.71428571 0.5        1.         0.         1.         1.        ]
2025-10-31 20:15:01,917 - INFO - node    recall    | micro: 0.937500; macro: 0.777778; score: [1.         1.         0.66666667 0.         1.         1.        ]
2025-10-31 20:15:01,918 - INFO - node    f1        | micro: 0.810811; macro: 0.716667; score: [0.83333333 0.66666667 0.8        0.         1.         1.        ]
2025-10-31 20:15:01,934 - INFO - service precision | micro: 0.800000; macro: 0.574074; score: [1.         0.5        0.66666667 0.         1.         0.
 1.         0.         1.        ]
2025-10-31 20:15:01,934 - INFO - service recall    | micro: 0.500000; macro: 0.522222; score: [1.  1.  0.5 0.  0.2 0.  1.  0.  1. ]
2025-10-31 20:15:01,934 - INFO - service f1        | micro: 0.615385; macro: 0.507937; score: [1.         0.66666667 0.57142857 0.         0.33333333 0.
 1.         0.         1.        ]
2025-10-31 20:15:01,961 - INFO - pod     precision | micro: 0.625000; macro: 0.675261; score: [0.90909091 0.52380952 0.53333333 0.33333333 0.66666667 0.11111111
 1.         1.         1.        ]
2025-10-31 20:15:01,961 - INFO - pod     recall    | micro: 0.689655; macro: 0.746986; score: [1.         1.         0.8        0.23809524 0.43478261 0.25
 1.         1.         1.        ]
2025-10-31 20:15:01,961 - INFO - pod     f1        | micro: 0.655738; macro: 0.693091; score: [0.95238095 0.6875     0.64       0.27777778 0.52631579 0.15384615
 1.         1.         1.        ]
2025-10-31 20:15:01,961 - INFO - ----------
2025-10-31 20:15:04,844 - INFO - [181/300] | train_loss: 0.00732
2025-10-31 20:15:07,839 - INFO - [182/300] | train_loss: 0.00786
2025-10-31 20:15:10,841 - INFO - [183/300] | train_loss: 0.00745
2025-10-31 20:15:13,844 - INFO - [184/300] | train_loss: 0.00939
2025-10-31 20:15:16,836 - INFO - [185/300] | train_loss: 0.00709
2025-10-31 20:15:19,841 - INFO - [186/300] | train_loss: 0.00772
2025-10-31 20:15:22,841 - INFO - [187/300] | train_loss: 0.00663
2025-10-31 20:15:25,836 - INFO - [188/300] | train_loss: 0.00798
2025-10-31 20:15:28,839 - INFO - [189/300] | train_loss: 0.00759
2025-10-31 20:15:31,837 - INFO - [190/300] | train_loss: 0.00863
2025-10-31 20:15:32,202 - INFO - ----------
2025-10-31 20:15:32,202 - INFO - evaluation dataset type: valid
2025-10-31 20:15:32,218 - INFO - node    precision | micro: 0.681818; macro: 0.660714; score: [0.71428571 0.5        1.         0.         1.         0.75      ]
2025-10-31 20:15:32,218 - INFO - node    recall    | micro: 0.937500; macro: 0.777778; score: [1.         1.         0.66666667 0.         1.         1.        ]
2025-10-31 20:15:32,218 - INFO - node    f1        | micro: 0.789474; macro: 0.692857; score: [0.83333333 0.66666667 0.8        0.         1.         0.85714286]
2025-10-31 20:15:32,234 - INFO - service precision | micro: 0.687500; macro: 0.525926; score: [1.         0.4        0.33333333 0.         1.         0.
 1.         0.         1.        ]
2025-10-31 20:15:32,234 - INFO - service recall    | micro: 0.458333; macro: 0.494444; score: [1.   1.   0.25 0.   0.2  0.   1.   0.   1.  ]
2025-10-31 20:15:32,234 - INFO - service f1        | micro: 0.550000; macro: 0.465608; score: [1.         0.57142857 0.28571429 0.         0.33333333 0.
 1.         0.         1.        ]
2025-10-31 20:15:32,261 - INFO - pod     precision | micro: 0.634146; macro: 0.710213; score: [0.90909091 0.57894737 0.3902439  0.36363636 0.9        0.25
 1.         1.         1.        ]
2025-10-31 20:15:32,261 - INFO - pod     recall    | micro: 0.672414; macro: 0.736865; score: [1.         1.         0.8        0.19047619 0.39130435 0.25
 1.         1.         1.        ]
2025-10-31 20:15:32,261 - INFO - pod     f1        | micro: 0.652720; macro: 0.695084; score: [0.95238095 0.73333333 0.52459016 0.25       0.54545455 0.25
 1.         1.         1.        ]
2025-10-31 20:15:32,262 - INFO - ----------
2025-10-31 20:15:35,141 - INFO - [191/300] | train_loss: 0.00698
2025-10-31 20:15:38,142 - INFO - [192/300] | train_loss: 0.00540
2025-10-31 20:15:41,141 - INFO - [193/300] | train_loss: 0.00620
2025-10-31 20:15:44,237 - INFO - [194/300] | train_loss: 0.00662
2025-10-31 20:15:47,240 - INFO - [195/300] | train_loss: 0.00636
2025-10-31 20:15:50,236 - INFO - [196/300] | train_loss: 0.00470
2025-10-31 20:15:53,339 - INFO - [197/300] | train_loss: 0.00613
2025-10-31 20:15:56,338 - INFO - [198/300] | train_loss: 0.00697
2025-10-31 20:15:59,441 - INFO - [199/300] | train_loss: 0.00820
2025-10-31 20:16:02,437 - INFO - [200/300] | train_loss: 0.00624
2025-10-31 20:16:02,803 - INFO - ----------
2025-10-31 20:16:02,803 - INFO - evaluation dataset type: valid
2025-10-31 20:16:02,819 - INFO - node    precision | micro: 0.750000; macro: 0.722222; score: [0.83333333 0.5        1.         0.         1.         1.        ]
2025-10-31 20:16:02,819 - INFO - node    recall    | micro: 0.937500; macro: 0.777778; score: [1.         1.         0.66666667 0.         1.         1.        ]
2025-10-31 20:16:02,819 - INFO - node    f1        | micro: 0.833333; macro: 0.729293; score: [0.90909091 0.66666667 0.8        0.         1.         1.        ]
2025-10-31 20:16:02,835 - INFO - service precision | micro: 0.846154; macro: 0.574074; score: [1.         0.66666667 0.5        0.         1.         0.
 1.         0.         1.        ]
2025-10-31 20:16:02,836 - INFO - service recall    | micro: 0.458333; macro: 0.494444; score: [1.   1.   0.25 0.   0.2  0.   1.   0.   1.  ]
2025-10-31 20:16:02,836 - INFO - service f1        | micro: 0.594595; macro: 0.496296; score: [1.         0.8        0.33333333 0.         0.33333333 0.
 1.         0.         1.        ]
2025-10-31 20:16:02,863 - INFO - pod     precision | micro: 0.707547; macro: 0.792911; score: [0.90909091 0.52380952 0.52380952 0.33333333 0.84615385 1.
 1.         1.         1.        ]
2025-10-31 20:16:02,863 - INFO - pod     recall    | micro: 0.646552; macro: 0.718749; score: [1.         1.         0.55       0.19047619 0.47826087 0.25
 1.         1.         1.        ]
2025-10-31 20:16:02,863 - INFO - pod     f1        | micro: 0.675676; macro: 0.714445; score: [0.95238095 0.6875     0.53658537 0.24242424 0.61111111 0.4
 1.         1.         1.        ]
2025-10-31 20:16:02,863 - INFO - ----------
2025-10-31 20:16:05,742 - INFO - [201/300] | train_loss: 0.00827
2025-10-31 20:16:08,740 - INFO - [202/300] | train_loss: 0.00462
2025-10-31 20:16:11,742 - INFO - [203/300] | train_loss: 0.00676
2025-10-31 20:16:14,740 - INFO - [204/300] | train_loss: 0.00709
2025-10-31 20:16:17,739 - INFO - [205/300] | train_loss: 0.00475
2025-10-31 20:16:20,737 - INFO - [206/300] | train_loss: 0.00399
2025-10-31 20:16:23,736 - INFO - [207/300] | train_loss: 0.00458
2025-10-31 20:16:26,842 - INFO - [208/300] | train_loss: 0.00452
2025-10-31 20:16:29,839 - INFO - [209/300] | train_loss: 0.00478
2025-10-31 20:16:32,942 - INFO - [210/300] | train_loss: 0.00511
2025-10-31 20:16:33,288 - INFO - ----------
2025-10-31 20:16:33,288 - INFO - evaluation dataset type: valid
2025-10-31 20:16:33,304 - INFO - node    precision | micro: 0.681818; macro: 0.660714; score: [0.71428571 0.5        1.         0.         1.         0.75      ]
2025-10-31 20:16:33,304 - INFO - node    recall    | micro: 0.937500; macro: 0.777778; score: [1.         1.         0.66666667 0.         1.         1.        ]
2025-10-31 20:16:33,304 - INFO - node    f1        | micro: 0.789474; macro: 0.692857; score: [0.83333333 0.66666667 0.8        0.         1.         0.85714286]
2025-10-31 20:16:33,320 - INFO - service precision | micro: 0.846154; macro: 0.574074; score: [1.         0.66666667 0.5        0.         1.         0.
 1.         0.         1.        ]
2025-10-31 20:16:33,320 - INFO - service recall    | micro: 0.458333; macro: 0.494444; score: [1.   1.   0.25 0.   0.2  0.   1.   0.   1.  ]
2025-10-31 20:16:33,320 - INFO - service f1        | micro: 0.594595; macro: 0.496296; score: [1.         0.8        0.33333333 0.         0.33333333 0.
 1.         0.         1.        ]
2025-10-31 20:16:33,347 - INFO - pod     precision | micro: 0.703704; macro: 0.690449; score: [0.90909091 0.61111111 0.51851852 0.35714286 0.81818182 0.
 1.         1.         1.        ]
2025-10-31 20:16:33,347 - INFO - pod     recall    | micro: 0.655172; macro: 0.703267; score: [1.         1.         0.7        0.23809524 0.39130435 0.
 1.         1.         1.        ]
2025-10-31 20:16:33,347 - INFO - pod     f1        | micro: 0.678571; macro: 0.680208; score: [0.95238095 0.75862069 0.59574468 0.28571429 0.52941176 0.
 1.         1.         1.        ]
2025-10-31 20:16:33,347 - INFO - ----------
2025-10-31 20:16:36,241 - INFO - [211/300] | train_loss: 0.00460
2025-10-31 20:16:39,304 - INFO - [212/300] | train_loss: 0.00620
2025-10-31 20:16:42,342 - INFO - [213/300] | train_loss: 0.00512
2025-10-31 20:16:45,340 - INFO - [214/300] | train_loss: 0.00603
2025-10-31 20:16:48,339 - INFO - [215/300] | train_loss: 0.00529
2025-10-31 20:16:51,339 - INFO - [216/300] | train_loss: 0.00468
2025-10-31 20:16:54,339 - INFO - [217/300] | train_loss: 0.00454
2025-10-31 20:16:57,341 - INFO - [218/300] | train_loss: 0.00512
2025-10-31 20:17:00,338 - INFO - [219/300] | train_loss: 0.01121
2025-10-31 20:17:03,341 - INFO - [220/300] | train_loss: 0.00801
2025-10-31 20:17:03,712 - INFO - ----------
2025-10-31 20:17:03,712 - INFO - evaluation dataset type: valid
2025-10-31 20:17:03,727 - INFO - node    precision | micro: 0.652174; macro: 0.648810; score: [0.71428571 0.42857143 1.         0.         1.         0.75      ]
2025-10-31 20:17:03,727 - INFO - node    recall    | micro: 0.937500; macro: 0.777778; score: [1.         1.         0.66666667 0.         1.         1.        ]
2025-10-31 20:17:03,728 - INFO - node    f1        | micro: 0.769231; macro: 0.681746; score: [0.83333333 0.6        0.8        0.         1.         0.85714286]
2025-10-31 20:17:03,744 - INFO - service precision | micro: 0.916667; macro: 0.611111; score: [1.  1.  0.5 0.  1.  0.  1.  0.  1. ]
2025-10-31 20:17:03,744 - INFO - service recall    | micro: 0.458333; macro: 0.494444; score: [1.   1.   0.25 0.   0.2  0.   1.   0.   1.  ]
2025-10-31 20:17:03,744 - INFO - service f1        | micro: 0.611111; macro: 0.518519; score: [1.         1.         0.33333333 0.         0.33333333 0.
 1.         0.         1.        ]
2025-10-31 20:17:03,775 - INFO - pod     precision | micro: 0.669492; macro: 0.714403; score: [0.90909091 0.64705882 0.48387097 0.42857143 0.81818182 0.14285714
 1.         1.         1.        ]
2025-10-31 20:17:03,775 - INFO - pod     recall    | micro: 0.681034; macro: 0.741891; score: [1.         1.         0.75       0.28571429 0.39130435 0.25
 1.         1.         1.        ]
2025-10-31 20:17:03,775 - INFO - pod     f1        | micro: 0.675214; macro: 0.708935; score: [0.95238095 0.78571429 0.58823529 0.34285714 0.52941176 0.18181818
 1.         1.         1.        ]
2025-10-31 20:17:03,775 - INFO - ----------
2025-10-31 20:17:06,639 - INFO - [221/300] | train_loss: 0.00634
2025-10-31 20:17:09,740 - INFO - [222/300] | train_loss: 0.00674
2025-10-31 20:17:12,740 - INFO - [223/300] | train_loss: 0.00664
2025-10-31 20:17:15,741 - INFO - [224/300] | train_loss: 0.00827
2025-10-31 20:17:18,742 - INFO - [225/300] | train_loss: 0.00483
2025-10-31 20:17:21,930 - INFO - [226/300] | train_loss: 0.00546
2025-10-31 20:17:24,938 - INFO - [227/300] | train_loss: 0.00736
2025-10-31 20:17:27,939 - INFO - [228/300] | train_loss: 0.00443
2025-10-31 20:17:30,926 - INFO - [229/300] | train_loss: 0.00506
2025-10-31 20:17:34,037 - INFO - [230/300] | train_loss: 0.00437
2025-10-31 20:17:34,397 - INFO - ----------
2025-10-31 20:17:34,397 - INFO - evaluation dataset type: valid
2025-10-31 20:17:34,413 - INFO - node    precision | micro: 0.714286; macro: 0.646825; score: [0.71428571 0.75       1.         0.         0.66666667 0.75      ]
2025-10-31 20:17:34,413 - INFO - node    recall    | micro: 0.937500; macro: 0.777778; score: [1.         1.         0.66666667 0.         1.         1.        ]
2025-10-31 20:17:34,413 - INFO - node    f1        | micro: 0.810811; macro: 0.691270; score: [0.83333333 0.85714286 0.8        0.         0.8        0.85714286]
2025-10-31 20:17:34,429 - INFO - service precision | micro: 0.923077; macro: 0.629630; score: [1.         1.         0.66666667 0.         1.         0.
 1.         0.         1.        ]
2025-10-31 20:17:34,429 - INFO - service recall    | micro: 0.500000; macro: 0.522222; score: [1.  1.  0.5 0.  0.2 0.  1.  0.  1. ]
2025-10-31 20:17:34,429 - INFO - service f1        | micro: 0.648649; macro: 0.544974; score: [1.         1.         0.57142857 0.         0.33333333 0.
 1.         0.         1.        ]
2025-10-31 20:17:34,456 - INFO - pod     precision | micro: 0.669643; macro: 0.688973; score: [0.90909091 0.45833333 0.5        0.33333333 1.         0.
 1.         1.         1.        ]
2025-10-31 20:17:34,457 - INFO - pod     recall    | micro: 0.646552; macro: 0.697251; score: [1.         1.         0.65       0.19047619 0.43478261 0.
 1.         1.         1.        ]
2025-10-31 20:17:34,457 - INFO - pod     f1        | micro: 0.657895; macro: 0.666073; score: [0.95238095 0.62857143 0.56521739 0.24242424 0.60606061 0.
 1.         1.         1.        ]
2025-10-31 20:17:34,457 - INFO - ----------
2025-10-31 20:17:37,339 - INFO - [231/300] | train_loss: 0.00634
2025-10-31 20:17:40,335 - INFO - [232/300] | train_loss: 0.00794
2025-10-31 20:17:43,530 - INFO - [233/300] | train_loss: 0.00633
2025-10-31 20:17:46,537 - INFO - [234/300] | train_loss: 0.00523
2025-10-31 20:17:49,528 - INFO - [235/300] | train_loss: 0.00530
2025-10-31 20:17:52,543 - INFO - [236/300] | train_loss: 0.00523
2025-10-31 20:17:55,539 - INFO - [237/300] | train_loss: 0.00513
2025-10-31 20:17:58,535 - INFO - [238/300] | train_loss: 0.00701
2025-10-31 20:18:01,538 - INFO - [239/300] | train_loss: 0.00605
2025-10-31 20:18:04,603 - INFO - [240/300] | train_loss: 0.00510
2025-10-31 20:18:05,000 - INFO - ----------
2025-10-31 20:18:05,000 - INFO - evaluation dataset type: valid
2025-10-31 20:18:05,015 - INFO - node    precision | micro: 0.750000; macro: 0.722222; score: [0.83333333 0.5        1.         0.         1.         1.        ]
2025-10-31 20:18:05,015 - INFO - node    recall    | micro: 0.937500; macro: 0.777778; score: [1.         1.         0.66666667 0.         1.         1.        ]
2025-10-31 20:18:05,015 - INFO - node    f1        | micro: 0.833333; macro: 0.729293; score: [0.90909091 0.66666667 0.8        0.         1.         1.        ]
2025-10-31 20:18:05,031 - INFO - service precision | micro: 0.909091; macro: 0.611111; score: [1.  1.  0.5 0.  1.  0.  1.  0.  1. ]
2025-10-31 20:18:05,031 - INFO - service recall    | micro: 0.416667; macro: 0.466667; score: [1.   1.   0.25 0.   0.2  0.   1.   0.   0.75]
2025-10-31 20:18:05,031 - INFO - service f1        | micro: 0.571429; macro: 0.502646; score: [1.         1.         0.33333333 0.         0.33333333 0.
 1.         0.         0.85714286]
2025-10-31 20:18:05,058 - INFO - pod     precision | micro: 0.675676; macro: 0.716818; score: [0.90909091 0.6875     0.44827586 0.36363636 0.9        0.14285714
 1.         1.         1.        ]
2025-10-31 20:18:05,058 - INFO - pod     recall    | micro: 0.646552; macro: 0.720198; score: [1.         1.         0.65       0.19047619 0.39130435 0.25
 1.         1.         1.        ]
2025-10-31 20:18:05,058 - INFO - pod     f1        | micro: 0.660793; macro: 0.697231; score: [0.95238095 0.81481481 0.53061224 0.25       0.54545455 0.18181818
 1.         1.         1.        ]
2025-10-31 20:18:05,058 - INFO - ----------
2025-10-31 20:18:07,940 - INFO - [241/300] | train_loss: 0.00537
2025-10-31 20:18:10,936 - INFO - [242/300] | train_loss: 0.00559
2025-10-31 20:18:13,998 - INFO - [243/300] | train_loss: 0.00599
2025-10-31 20:18:17,239 - INFO - [244/300] | train_loss: 0.00456
2025-10-31 20:18:20,236 - INFO - [245/300] | train_loss: 0.00585
2025-10-31 20:18:23,437 - INFO - [246/300] | train_loss: 0.00423
2025-10-31 20:18:26,437 - INFO - [247/300] | train_loss: 0.00382
2025-10-31 20:18:29,437 - INFO - [248/300] | train_loss: 0.00436
2025-10-31 20:18:32,436 - INFO - [249/300] | train_loss: 0.00514
2025-10-31 20:18:35,438 - INFO - [250/300] | train_loss: 0.00485
2025-10-31 20:18:35,801 - INFO - ----------
2025-10-31 20:18:35,801 - INFO - evaluation dataset type: valid
2025-10-31 20:18:35,817 - INFO - node    precision | micro: 0.750000; macro: 0.719048; score: [0.71428571 0.6        1.         0.         1.         1.        ]
2025-10-31 20:18:35,817 - INFO - node    recall    | micro: 0.937500; macro: 0.777778; score: [1.         1.         0.66666667 0.         1.         1.        ]
2025-10-31 20:18:35,817 - INFO - node    f1        | micro: 0.833333; macro: 0.730556; score: [0.83333333 0.75       0.8        0.         1.         1.        ]
2025-10-31 20:18:35,833 - INFO - service precision | micro: 0.750000; macro: 0.500000; score: [1.  0.5 0.  0.  1.  0.  1.  0.  1. ]
2025-10-31 20:18:35,833 - INFO - service recall    | micro: 0.375000; macro: 0.438889; score: [1.   1.   0.   0.   0.2  0.   1.   0.   0.75]
2025-10-31 20:18:35,833 - INFO - service f1        | micro: 0.500000; macro: 0.428571; score: [1.         0.66666667 0.         0.         0.33333333 0.
 1.         0.         0.85714286]
2025-10-31 20:18:35,860 - INFO - pod     precision | micro: 0.678571; macro: 0.731928; score: [0.90909091 0.47826087 0.5        0.4        0.9        0.4
 1.         1.         1.        ]
2025-10-31 20:18:35,860 - INFO - pod     recall    | micro: 0.655172; macro: 0.747976; score: [1.         1.         0.65       0.19047619 0.39130435 0.5
 1.         1.         1.        ]
2025-10-31 20:18:35,860 - INFO - pod     f1        | micro: 0.666667; macro: 0.712513; score: [0.95238095 0.64705882 0.56521739 0.25806452 0.54545455 0.44444444
 1.         1.         1.        ]
2025-10-31 20:18:35,860 - INFO - ----------
2025-10-31 20:18:38,736 - INFO - [251/300] | train_loss: 0.00320
2025-10-31 20:18:41,736 - INFO - [252/300] | train_loss: 0.00576
2025-10-31 20:18:44,736 - INFO - [253/300] | train_loss: 0.00468
2025-10-31 20:18:47,738 - INFO - [254/300] | train_loss: 0.00753
2025-10-31 20:18:50,835 - INFO - [255/300] | train_loss: 0.00731
2025-10-31 20:18:53,839 - INFO - [256/300] | train_loss: 0.01193
2025-10-31 20:18:56,937 - INFO - [257/300] | train_loss: 0.00888
2025-10-31 20:18:59,936 - INFO - [258/300] | train_loss: 0.00577
2025-10-31 20:19:03,038 - INFO - [259/300] | train_loss: 0.00466
2025-10-31 20:19:06,040 - INFO - [260/300] | train_loss: 0.00443
2025-10-31 20:19:06,398 - INFO - ----------
2025-10-31 20:19:06,398 - INFO - evaluation dataset type: valid
2025-10-31 20:19:06,414 - INFO - node    precision | micro: 0.714286; macro: 0.702381; score: [0.71428571 0.5        1.         0.         1.         1.        ]
2025-10-31 20:19:06,414 - INFO - node    recall    | micro: 0.937500; macro: 0.777778; score: [1.         1.         0.66666667 0.         1.         1.        ]
2025-10-31 20:19:06,414 - INFO - node    f1        | micro: 0.810811; macro: 0.716667; score: [0.83333333 0.66666667 0.8        0.         1.         1.        ]
2025-10-31 20:19:06,430 - INFO - service precision | micro: 0.900000; macro: 0.555556; score: [1. 1. 0. 0. 1. 0. 1. 0. 1.]
2025-10-31 20:19:06,430 - INFO - service recall    | micro: 0.375000; macro: 0.438889; score: [1.   1.   0.   0.   0.2  0.   1.   0.   0.75]
2025-10-31 20:19:06,431 - INFO - service f1        | micro: 0.529412; macro: 0.465608; score: [1.         1.         0.         0.         0.33333333 0.
 1.         0.         0.85714286]
2025-10-31 20:19:06,457 - INFO - pod     precision | micro: 0.718447; macro: 0.798541; score: [0.90909091 0.61111111 0.5        0.41666667 0.75       1.
 1.         1.         1.        ]
2025-10-31 20:19:06,458 - INFO - pod     recall    | micro: 0.637931; macro: 0.714378; score: [1.         1.         0.55       0.23809524 0.39130435 0.25
 1.         1.         1.        ]
2025-10-31 20:19:06,458 - INFO - pod     f1        | micro: 0.675799; macro: 0.716903; score: [0.95238095 0.75862069 0.52380952 0.3030303  0.51428571 0.4
 1.         1.         1.        ]
2025-10-31 20:19:06,458 - INFO - ----------
2025-10-31 20:19:09,341 - INFO - [261/300] | train_loss: 0.00520
2025-10-31 20:19:12,337 - INFO - [262/300] | train_loss: 0.00492
2025-10-31 20:19:15,341 - INFO - [263/300] | train_loss: 0.00565
2025-10-31 20:19:18,404 - INFO - [264/300] | train_loss: 0.00474
2025-10-31 20:19:21,537 - INFO - [265/300] | train_loss: 0.00520
2025-10-31 20:19:24,540 - INFO - [266/300] | train_loss: 0.00873
2025-10-31 20:19:27,540 - INFO - [267/300] | train_loss: 0.00651
2025-10-31 20:19:30,638 - INFO - [268/300] | train_loss: 0.00423
2025-10-31 20:19:33,742 - INFO - [269/300] | train_loss: 0.00404
2025-10-31 20:19:36,732 - INFO - [270/300] | train_loss: 0.00594
2025-10-31 20:19:37,100 - INFO - ----------
2025-10-31 20:19:37,100 - INFO - evaluation dataset type: valid
2025-10-31 20:19:37,116 - INFO - node    precision | micro: 0.714286; macro: 0.702381; score: [0.71428571 0.5        1.         0.         1.         1.        ]
2025-10-31 20:19:37,116 - INFO - node    recall    | micro: 0.937500; macro: 0.777778; score: [1.         1.         0.66666667 0.         1.         1.        ]
2025-10-31 20:19:37,116 - INFO - node    f1        | micro: 0.810811; macro: 0.716667; score: [0.83333333 0.66666667 0.8        0.         1.         1.        ]
2025-10-31 20:19:37,132 - INFO - service precision | micro: 0.785714; macro: 0.555556; score: [1.         0.66666667 0.33333333 0.         1.         0.
 1.         0.         1.        ]
2025-10-31 20:19:37,132 - INFO - service recall    | micro: 0.458333; macro: 0.494444; score: [1.   1.   0.25 0.   0.2  0.   1.   0.   1.  ]
2025-10-31 20:19:37,132 - INFO - service f1        | micro: 0.578947; macro: 0.491005; score: [1.         0.8        0.28571429 0.         0.33333333 0.
 1.         0.         1.        ]
2025-10-31 20:19:37,159 - INFO - pod     precision | micro: 0.641667; macro: 0.710542; score: [0.90909091 0.52380952 0.35483871 0.35714286 1.         0.25
 1.         1.         1.        ]
2025-10-31 20:19:37,159 - INFO - pod     recall    | micro: 0.663793; macro: 0.728870; score: [1.         1.         0.55       0.23809524 0.52173913 0.25
 1.         1.         1.        ]
2025-10-31 20:19:37,160 - INFO - pod     f1        | micro: 0.652542; macro: 0.699187; score: [0.95238095 0.6875     0.43137255 0.28571429 0.68571429 0.25
 1.         1.         1.        ]
2025-10-31 20:19:37,160 - INFO - ----------
2025-10-31 20:19:40,038 - INFO - [271/300] | train_loss: 0.01088
2025-10-31 20:19:43,037 - INFO - [272/300] | train_loss: 0.00584
2025-10-31 20:19:46,046 - INFO - [273/300] | train_loss: 0.00423
2025-10-31 20:19:49,043 - INFO - [274/300] | train_loss: 0.00469
2025-10-31 20:19:52,134 - INFO - [275/300] | train_loss: 0.00676
2025-10-31 20:19:55,136 - INFO - [276/300] | train_loss: 0.00772
2025-10-31 20:19:58,136 - INFO - [277/300] | train_loss: 0.01013
2025-10-31 20:20:01,141 - INFO - [278/300] | train_loss: 0.01110
2025-10-31 20:20:04,143 - INFO - [279/300] | train_loss: 0.02028
2025-10-31 20:20:07,148 - INFO - [280/300] | train_loss: 0.09382
2025-10-31 20:20:07,507 - INFO - ----------
2025-10-31 20:20:07,507 - INFO - evaluation dataset type: valid
2025-10-31 20:20:07,523 - INFO - node    precision | micro: 0.652174; macro: 0.660714; score: [0.71428571 0.5        1.         0.         1.         0.75      ]
2025-10-31 20:20:07,523 - INFO - node    recall    | micro: 0.937500; macro: 0.777778; score: [1.         1.         0.66666667 0.         1.         1.        ]
2025-10-31 20:20:07,523 - INFO - node    f1        | micro: 0.769231; macro: 0.692857; score: [0.83333333 0.66666667 0.8        0.         1.         0.85714286]
2025-10-31 20:20:07,540 - INFO - service precision | micro: 0.064846; macro: 0.553486; score: [0.5        0.66666667 0.01470588 0.8        1.         0.5
 0.5        0.         1.        ]
2025-10-31 20:20:07,540 - INFO - service recall    | micro: 0.791667; macro: 0.777778; score: [1.  1.  1.  0.8 0.2 1.  1.  0.  1. ]
2025-10-31 20:20:07,540 - INFO - service f1        | micro: 0.119874; macro: 0.551369; score: [0.66666667 0.8        0.02898551 0.8        0.33333333 0.66666667
 0.66666667 0.         1.        ]
2025-10-31 20:20:07,568 - INFO - pod     precision | micro: 0.069041; macro: 0.492372; score: [0.58823529 0.44       0.01706485 0.18604651 0.88888889 0.08333333
 0.77777778 0.5        0.95      ]
2025-10-31 20:20:07,569 - INFO - pod     recall    | micro: 0.818966; macro: 0.873303; score: [1.         1.         1.         0.76190476 0.34782609 0.75
 1.         1.         1.        ]
2025-10-31 20:20:07,569 - INFO - pod     f1        | micro: 0.127346; macro: 0.538944; score: [0.74074074 0.61111111 0.03355705 0.29906542 0.5        0.15
 0.875      0.66666667 0.97435897]
2025-10-31 20:20:07,569 - INFO - ----------
2025-10-31 20:20:10,436 - INFO - [281/300] | train_loss: 0.19670
2025-10-31 20:20:13,438 - INFO - [282/300] | train_loss: 0.09432
2025-10-31 20:20:16,436 - INFO - [283/300] | train_loss: 0.14637
2025-10-31 20:20:19,437 - INFO - [284/300] | train_loss: 0.20071
2025-10-31 20:20:22,636 - INFO - [285/300] | train_loss: 0.13210
2025-10-31 20:20:25,727 - INFO - [286/300] | train_loss: 0.08097
2025-10-31 20:20:28,739 - INFO - [287/300] | train_loss: 0.05780
2025-10-31 20:20:31,838 - INFO - [288/300] | train_loss: 0.03571
2025-10-31 20:20:34,838 - INFO - [289/300] | train_loss: 0.03588
2025-10-31 20:20:37,837 - INFO - [290/300] | train_loss: 0.02777
2025-10-31 20:20:38,200 - INFO - ----------
2025-10-31 20:20:38,200 - INFO - evaluation dataset type: valid
2025-10-31 20:20:38,216 - INFO - node    precision | micro: 0.652174; macro: 0.634921; score: [0.71428571 0.42857143 1.         0.         0.66666667 1.        ]
2025-10-31 20:20:38,216 - INFO - node    recall    | micro: 0.937500; macro: 0.777778; score: [1.         1.         0.66666667 0.         1.         1.        ]
2025-10-31 20:20:38,216 - INFO - node    f1        | micro: 0.769231; macro: 0.672222; score: [0.83333333 0.6        0.8        0.         0.8        1.        ]
2025-10-31 20:20:38,232 - INFO - service precision | micro: 0.565217; macro: 0.469841; score: [1.         0.5        0.42857143 0.         0.5        0.
 1.         0.         0.8       ]
2025-10-31 20:20:38,232 - INFO - service recall    | micro: 0.541667; macro: 0.550000; score: [1.   1.   0.75 0.   0.2  0.   1.   0.   1.  ]
2025-10-31 20:20:38,232 - INFO - service f1        | micro: 0.553191; macro: 0.487414; score: [1.         0.66666667 0.54545455 0.         0.28571429 0.
 1.         0.         0.88888889]
2025-10-31 20:20:38,259 - INFO - pod     precision | micro: 0.477778; macro: 0.529358; score: [0.66666667 0.47826087 0.34042553 0.27659574 0.72727273 0.25
 0.875      0.2        0.95      ]
2025-10-31 20:20:38,259 - INFO - pod     recall    | micro: 0.741379; macro: 0.779653; score: [1.         1.         0.8        0.61904762 0.34782609 0.25
 1.         1.         1.        ]
2025-10-31 20:20:38,259 - INFO - pod     f1        | micro: 0.581081; macro: 0.585404; score: [0.8        0.64705882 0.47761194 0.38235294 0.47058824 0.25
 0.93333333 0.33333333 0.97435897]
2025-10-31 20:20:38,259 - INFO - ----------
2025-10-31 20:20:41,124 - INFO - [291/300] | train_loss: 0.02733
2025-10-31 20:20:44,198 - INFO - [292/300] | train_loss: 0.02072
2025-10-31 20:20:47,244 - INFO - [293/300] | train_loss: 0.01433
2025-10-31 20:20:50,536 - INFO - [294/300] | train_loss: 0.01698
2025-10-31 20:20:53,643 - INFO - [295/300] | train_loss: 0.01394
2025-10-31 20:20:56,640 - INFO - [296/300] | train_loss: 0.01000
2025-10-31 20:20:59,639 - INFO - [297/300] | train_loss: 0.01046
2025-10-31 20:21:02,845 - INFO - [298/300] | train_loss: 0.01845
2025-10-31 20:21:05,839 - INFO - [299/300] | train_loss: 0.01553
2025-10-31 20:21:07,185 - INFO - ----------
2025-10-31 20:21:07,185 - INFO - evaluation dataset type: test
2025-10-31 20:21:07,205 - INFO - node    precision | micro: 0.693182; macro: 0.705964; score: [0.8        0.6        0.875      0.64705882 0.64705882 0.66666667]
2025-10-31 20:21:07,206 - INFO - node    recall    | micro: 0.910448; macro: 0.901455; score: [0.85714286 0.85714286 0.77777778 0.91666667 1.         1.        ]
2025-10-31 20:21:07,206 - INFO - node    f1        | micro: 0.787097; macro: 0.783555; score: [0.82758621 0.70588235 0.82352941 0.75862069 0.78571429 0.8       ]
2025-10-31 20:21:07,234 - INFO - service precision | micro: 0.747368; macro: 0.765409; score: [1.         0.6        0.63636364 0.53846154 0.8        0.83333333
 0.90909091 0.85714286 0.71428571]
2025-10-31 20:21:07,234 - INFO - service recall    | micro: 0.806818; macro: 0.846296; score: [1.         1.         0.7        0.58333333 0.66666667 0.66666667
 1.         1.         1.        ]
2025-10-31 20:21:07,234 - INFO - service f1        | micro: 0.775956; macro: 0.794830; score: [1.         0.75       0.66666667 0.56       0.72727273 0.74074074
 0.95238095 0.92307692 0.83333333]
2025-10-31 20:21:07,313 - INFO - pod     precision | micro: 0.569254; macro: 0.640747; score: [0.81034483 0.6875     0.38297872 0.39047619 0.37606838 0.59340659
 0.86440678 0.79487179 0.86666667]
2025-10-31 20:21:07,313 - INFO - pod     recall    | micro: 0.853881; macro: 0.873783; score: [1.         0.95652174 0.73469388 0.66129032 0.78571429 0.79411765
 1.         0.96875    0.96296296]
2025-10-31 20:21:07,313 - INFO - pod     f1        | micro: 0.683105; macro: 0.732273; score: [0.8952381  0.8        0.5034965  0.49101796 0.50867052 0.67924528
 0.92727273 0.87323944 0.9122807 ]
2025-10-31 20:21:07,313 - INFO - ----------
GAT in_dim: 512, hidden_dim: 64, heads: 4, gat_out_dim: 256

# old fusion
2025-10-31 19:39:46,394 - INFO - ----------
2025-10-31 19:39:46,394 - INFO - evaluation dataset type: test
2025-10-31 19:39:46,414 - INFO - node    precision | micro: 0.677419; macro: 0.699901; score: [0.82352941 0.58333333 0.875      0.5        0.73333333 0.68421053]
2025-10-31 19:39:46,414 - INFO - node    recall    | micro: 0.940299; macro: 0.937169; score: [1.         1.         0.77777778 0.91666667 1.         0.92857143]
2025-10-31 19:39:46,414 - INFO - node    f1        | micro: 0.787500; macro: 0.790781; score: [0.90322581 0.73684211 0.82352941 0.64705882 0.84615385 0.78787879]
2025-10-31 19:39:46,441 - INFO - service precision | micro: 0.739130; macro: 0.792625; score: [0.9        0.81818182 0.77777778 0.40909091 0.71428571 0.8
 1.         1.         0.71428571]
2025-10-31 19:39:46,441 - INFO - service recall    | micro: 0.772727; macro: 0.822222; score: [1.         1.         0.7        0.75       0.41666667 0.53333333
 1.         1.         1.        ]
2025-10-31 19:39:46,441 - INFO - service f1        | micro: 0.755556; macro: 0.790363; score: [0.94736842 0.9        0.73684211 0.52941176 0.52631579 0.64
 1.         1.         0.83333333]
2025-10-31 19:39:46,520 - INFO - pod     precision | micro: 0.676471; macro: 0.739989; score: [0.87037037 0.81818182 0.55932203 0.40540541 0.6031746  0.59090909
 0.98076923 0.96969697 0.86206897]
2025-10-31 19:39:46,521 - INFO - pod     recall    | micro: 0.840183; macro: 0.860749; score: [1.         0.97826087 0.67346939 0.72580645 0.67857143 0.76470588
 1.         1.         0.92592593]
2025-10-31 19:39:46,521 - INFO - pod     f1        | micro: 0.749491; macro: 0.791801; score: [0.93069307 0.89108911 0.61111111 0.52023121 0.63865546 0.66666667
 0.99029126 0.98461538 0.89285714]
2025-10-31 19:39:46,521 - INFO - ----------


nohup: ignoring input
IncluRCA a_rca_trainer
2025-10-31 20:24:52,940 - INFO - [0/300] | train_loss: 3.67233
2025-10-31 20:24:53,301 - INFO - ----------
2025-10-31 20:24:53,301 - INFO - evaluation dataset type: valid
2025-10-31 20:24:53,318 - INFO - node    precision | micro: 0.029412; macro: 0.035098; score: [0.05454545 0.03703704 0.00833333 0.         0.04545455 0.06521739]
2025-10-31 20:24:53,318 - INFO - node    recall    | micro: 0.625000; macro: 0.544444; score: [0.6        0.33333333 0.33333333 0.         1.         1.        ]
2025-10-31 20:24:53,318 - INFO - node    f1        | micro: 0.056180; macro: 0.065389; score: [0.1        0.06666667 0.01626016 0.         0.08695652 0.12244898]
2025-10-31 20:24:53,337 - INFO - service precision | micro: 0.010471; macro: 0.054731; score: [0.01257862 0.25       0.         0.01090909 0.0167364  0.00235849
 0.2        0.         0.        ]
2025-10-31 20:24:53,337 - INFO - service recall    | micro: 0.500000; macro: 0.544444; score: [1.  0.5 0.  0.6 0.8 1.  1.  0.  0. ]
2025-10-31 20:24:53,337 - INFO - service f1        | micro: 0.020513; macro: 0.083381; score: [0.02484472 0.33333333 0.         0.02142857 0.03278689 0.00470588
 0.33333333 0.         0.        ]
2025-10-31 20:24:53,368 - INFO - pod     precision | micro: 0.014016; macro: 0.109735; score: [0.03862661 0.4        0.01369863 0.01038062 0.0372807  0.00167015
 0.22222222 0.02564103 0.23809524]
2025-10-31 20:24:53,368 - INFO - pod     recall    | micro: 0.568966; macro: 0.694554; score: [0.9        0.72727273 0.05       0.71428571 0.73913043 1.
 0.85714286 1.         0.26315789]
2025-10-31 20:24:53,368 - INFO - pod     f1        | micro: 0.027358; macro: 0.151048; score: [0.07407407 0.51612903 0.02150538 0.02046385 0.07098121 0.00333472
 0.35294118 0.05       0.25      ]
2025-10-31 20:24:53,368 - INFO - ----------
2025-10-31 20:24:56,245 - INFO - [1/300] | train_loss: 2.22026
2025-10-31 20:24:59,245 - INFO - [2/300] | train_loss: 1.25630
2025-10-31 20:25:02,242 - INFO - [3/300] | train_loss: 0.82647
2025-10-31 20:25:05,238 - INFO - [4/300] | train_loss: 0.69931
2025-10-31 20:25:08,243 - INFO - [5/300] | train_loss: 0.49647
2025-10-31 20:25:11,239 - INFO - [6/300] | train_loss: 0.37044
2025-10-31 20:25:14,237 - INFO - [7/300] | train_loss: 0.28622
2025-10-31 20:25:17,246 - INFO - [8/300] | train_loss: 0.23705
2025-10-31 20:25:20,243 - INFO - [9/300] | train_loss: 0.20399
2025-10-31 20:25:23,241 - INFO - [10/300] | train_loss: 0.16628
2025-10-31 20:25:23,597 - INFO - ----------
2025-10-31 20:25:23,597 - INFO - evaluation dataset type: valid
2025-10-31 20:25:23,614 - INFO - node    precision | micro: 0.416667; macro: 0.417677; score: [0.41666667 0.27272727 0.66666667 0.         0.4        0.75      ]
2025-10-31 20:25:23,614 - INFO - node    recall    | micro: 0.937500; macro: 0.777778; score: [1.         1.         0.66666667 0.         1.         1.        ]
2025-10-31 20:25:23,614 - INFO - node    f1        | micro: 0.576923; macro: 0.518674; score: [0.58823529 0.42857143 0.66666667 0.         0.57142857 0.85714286]
2025-10-31 20:25:23,631 - INFO - service precision | micro: 0.228070; macro: 0.247222; score: [0.4        0.25       0.125      0.33333333 0.16666667 0.
 0.2        0.         0.75      ]
2025-10-31 20:25:23,631 - INFO - service recall    | micro: 0.541667; macro: 0.538889; score: [1.   1.   0.5  0.2  0.4  0.   1.   0.   0.75]
2025-10-31 20:25:23,631 - INFO - service f1        | micro: 0.320988; macro: 0.304451; score: [0.57142857 0.4        0.2        0.25       0.23529412 0.
 0.33333333 0.         0.75      ]
2025-10-31 20:25:23,658 - INFO - pod     precision | micro: 0.209052; macro: 0.232457; score: [0.34482759 0.23913043 0.11538462 0.2        0.20987654 0.
 0.21212121 0.04       0.73076923]
2025-10-31 20:25:23,659 - INFO - pod     recall    | micro: 0.836207; macro: 0.810962; score: [1.         1.         0.75       0.80952381 0.73913043 0.
 1.         1.         1.        ]
2025-10-31 20:25:23,659 - INFO - pod     f1        | micro: 0.334483; macro: 0.335315; score: [0.51282051 0.38596491 0.2        0.32075472 0.32692308 0.
 0.35       0.07692308 0.84444444]
2025-10-31 20:25:23,659 - INFO - ----------
2025-10-31 20:25:26,643 - INFO - [11/300] | train_loss: 0.14260
2025-10-31 20:25:29,649 - INFO - [12/300] | train_loss: 0.14547
2025-10-31 20:25:32,638 - INFO - [13/300] | train_loss: 0.12239
2025-10-31 20:25:35,640 - INFO - [14/300] | train_loss: 0.10936
2025-10-31 20:25:38,643 - INFO - [15/300] | train_loss: 0.11169
2025-10-31 20:25:41,638 - INFO - [16/300] | train_loss: 0.08273
2025-10-31 20:25:44,643 - INFO - [17/300] | train_loss: 0.07976
2025-10-31 20:25:47,641 - INFO - [18/300] | train_loss: 0.06630
2025-10-31 20:25:50,645 - INFO - [19/300] | train_loss: 0.06113
2025-10-31 20:25:53,644 - INFO - [20/300] | train_loss: 0.04662
2025-10-31 20:25:53,996 - INFO - ----------
2025-10-31 20:25:53,996 - INFO - evaluation dataset type: valid
2025-10-31 20:25:54,012 - INFO - node    precision | micro: 0.538462; macro: 0.559091; score: [0.45454545 0.4        1.         0.         0.5        1.        ]
2025-10-31 20:25:54,012 - INFO - node    recall    | micro: 0.875000; macro: 0.722222; score: [1.         0.66666667 0.66666667 0.         1.         1.        ]
2025-10-31 20:25:54,012 - INFO - node    f1        | micro: 0.666667; macro: 0.598611; score: [0.625      0.5        0.8        0.         0.66666667 1.        ]
2025-10-31 20:25:54,029 - INFO - service precision | micro: 0.481481; macro: 0.414815; score: [0.66666667 0.4        0.16666667 0.5        0.66666667 0.
 0.33333333 0.         1.        ]
2025-10-31 20:25:54,029 - INFO - service recall    | micro: 0.541667; macro: 0.538889; score: [1.   1.   0.25 0.2  0.4  0.   1.   0.   1.  ]
2025-10-31 20:25:54,029 - INFO - service f1        | micro: 0.509804; macro: 0.428571; score: [0.8        0.57142857 0.2        0.28571429 0.5        0.
 0.5        0.         1.        ]
2025-10-31 20:25:54,056 - INFO - pod     precision | micro: 0.412621; macro: 0.411888; score: [0.83333333 0.40740741 0.34615385 0.25       0.375      0.
 0.41176471 0.08333333 1.        ]
2025-10-31 20:25:54,056 - INFO - pod     recall    | micro: 0.732759; macro: 0.746802; score: [1.         1.         0.45       0.61904762 0.65217391 0.
 1.         1.         1.        ]
2025-10-31 20:25:54,057 - INFO - pod     f1        | micro: 0.527950; macro: 0.494320; score: [0.90909091 0.57894737 0.39130435 0.35616438 0.47619048 0.
 0.58333333 0.15384615 1.        ]
2025-10-31 20:25:54,057 - INFO - ----------
2025-10-31 20:25:56,943 - INFO - [21/300] | train_loss: 0.03851
2025-10-31 20:25:59,942 - INFO - [22/300] | train_loss: 0.04162
2025-10-31 20:26:02,943 - INFO - [23/300] | train_loss: 0.04075
2025-10-31 20:26:05,942 - INFO - [24/300] | train_loss: 0.03245
2025-10-31 20:26:08,942 - INFO - [25/300] | train_loss: 0.11121
2025-10-31 20:26:11,944 - INFO - [26/300] | train_loss: 0.12014
2025-10-31 20:26:15,046 - INFO - [27/300] | train_loss: 0.12674
2025-10-31 20:26:18,041 - INFO - [28/300] | train_loss: 0.11229
2025-10-31 20:26:21,040 - INFO - [29/300] | train_loss: 0.11080
2025-10-31 20:26:24,040 - INFO - [30/300] | train_loss: 0.11959
2025-10-31 20:26:24,393 - INFO - ----------
2025-10-31 20:26:24,393 - INFO - evaluation dataset type: valid
2025-10-31 20:26:24,409 - INFO - node    precision | micro: 0.441176; macro: 0.573611; score: [0.66666667 0.375      1.         0.         0.4        1.        ]
2025-10-31 20:26:24,409 - INFO - node    recall    | micro: 0.937500; macro: 0.800000; score: [0.8 1.  1.  0.  1.  1. ]
2025-10-31 20:26:24,409 - INFO - node    f1        | micro: 0.600000; macro: 0.640693; score: [0.72727273 0.54545455 1.         0.         0.57142857 1.        ]
2025-10-31 20:26:24,426 - INFO - service precision | micro: 0.611111; macro: 0.500000; score: [1.  0.5 0.  0.5 1.  0.  0.5 0.  1. ]
2025-10-31 20:26:24,426 - INFO - service recall    | micro: 0.458333; macro: 0.488889; score: [1.  1.  0.  0.2 0.2 0.  1.  0.  1. ]
2025-10-31 20:26:24,426 - INFO - service f1        | micro: 0.523810; macro: 0.439153; score: [1.         0.66666667 0.         0.28571429 0.33333333 0.
 0.66666667 0.         1.        ]
2025-10-31 20:26:24,454 - INFO - pod     precision | micro: 0.481481; macro: 0.569257; score: [0.90909091 0.36666667 0.25       0.40909091 0.55       0.1
 0.53846154 1.         1.        ]
2025-10-31 20:26:24,454 - INFO - pod     recall    | micro: 0.672414; macro: 0.734092; score: [1.         1.         0.45       0.42857143 0.47826087 0.25
 1.         1.         1.        ]
2025-10-31 20:26:24,454 - INFO - pod     f1        | micro: 0.561151; macro: 0.620387; score: [0.95238095 0.53658537 0.32142857 0.41860465 0.51162791 0.14285714
 0.7        1.         1.        ]
2025-10-31 20:26:24,454 - INFO - ----------
2025-10-31 20:26:27,342 - INFO - [31/300] | train_loss: 0.05877
2025-10-31 20:26:30,343 - INFO - [32/300] | train_loss: 0.04257
2025-10-31 20:26:33,342 - INFO - [33/300] | train_loss: 0.04248
2025-10-31 20:26:36,496 - INFO - [34/300] | train_loss: 0.06339
2025-10-31 20:26:39,543 - INFO - [35/300] | train_loss: 0.06766
2025-10-31 20:26:42,540 - INFO - [36/300] | train_loss: 0.04669
2025-10-31 20:26:45,543 - INFO - [37/300] | train_loss: 0.02802
2025-10-31 20:26:48,554 - INFO - [38/300] | train_loss: 0.02550
2025-10-31 20:26:51,640 - INFO - [39/300] | train_loss: 0.03290
2025-10-31 20:26:54,840 - INFO - [40/300] | train_loss: 0.02454
2025-10-31 20:26:55,197 - INFO - ----------
2025-10-31 20:26:55,197 - INFO - evaluation dataset type: valid
2025-10-31 20:26:55,213 - INFO - node    precision | micro: 0.652174; macro: 0.622222; score: [0.83333333 0.5        1.         0.         0.4        1.        ]
2025-10-31 20:26:55,213 - INFO - node    recall    | micro: 0.937500; macro: 0.777778; score: [1.         1.         0.66666667 0.         1.         1.        ]
2025-10-31 20:26:55,213 - INFO - node    f1        | micro: 0.769231; macro: 0.657864; score: [0.90909091 0.66666667 0.8        0.         0.57142857 1.        ]
2025-10-31 20:26:55,229 - INFO - service precision | micro: 0.666667; macro: 0.462963; score: [1.         0.66666667 0.         0.5        0.66666667 0.
 0.33333333 0.         1.        ]
2025-10-31 20:26:55,230 - INFO - service recall    | micro: 0.500000; macro: 0.511111; score: [1.  1.  0.  0.2 0.4 0.  1.  0.  1. ]
2025-10-31 20:26:55,230 - INFO - service f1        | micro: 0.571429; macro: 0.453968; score: [1.         0.8        0.         0.28571429 0.5        0.
 0.5        0.         1.        ]
2025-10-31 20:26:55,257 - INFO - pod     precision | micro: 0.632479; macro: 0.639798; score: [0.90909091 0.57894737 0.61538462 0.42857143 0.55       0.14285714
 0.58333333 1.         0.95      ]
2025-10-31 20:26:55,257 - INFO - pod     recall    | micro: 0.637931; macro: 0.712664; score: [1.         1.         0.4        0.28571429 0.47826087 0.25
 1.         1.         1.        ]
2025-10-31 20:26:55,257 - INFO - pod     f1        | micro: 0.635193; macro: 0.657563; score: [0.95238095 0.73333333 0.48484848 0.34285714 0.51162791 0.18181818
 0.73684211 1.         0.97435897]
2025-10-31 20:26:55,257 - INFO - ----------
2025-10-31 20:26:58,140 - INFO - [41/300] | train_loss: 0.02321
2025-10-31 20:27:01,139 - INFO - [42/300] | train_loss: 0.03460
2025-10-31 20:27:04,141 - INFO - [43/300] | train_loss: 0.06885
2025-10-31 20:27:07,144 - INFO - [44/300] | train_loss: 0.04568
2025-10-31 20:27:10,145 - INFO - [45/300] | train_loss: 0.04356
2025-10-31 20:27:13,147 - INFO - [46/300] | train_loss: 0.04007
2025-10-31 20:27:16,145 - INFO - [47/300] | train_loss: 0.03428
2025-10-31 20:27:19,245 - INFO - [48/300] | train_loss: 0.02437
2025-10-31 20:27:22,244 - INFO - [49/300] | train_loss: 0.02673
2025-10-31 20:27:25,242 - INFO - [50/300] | train_loss: 0.01973
2025-10-31 20:27:25,597 - INFO - ----------
2025-10-31 20:27:25,597 - INFO - evaluation dataset type: valid
2025-10-31 20:27:25,613 - INFO - node    precision | micro: 0.714286; macro: 0.635714; score: [0.71428571 0.6        1.         0.         0.5        1.        ]
2025-10-31 20:27:25,613 - INFO - node    recall    | micro: 0.937500; macro: 0.777778; score: [1.         1.         0.66666667 0.         1.         1.        ]
2025-10-31 20:27:25,613 - INFO - node    f1        | micro: 0.810811; macro: 0.675000; score: [0.83333333 0.75       0.8        0.         0.66666667 1.        ]
2025-10-31 20:27:25,630 - INFO - service precision | micro: 0.631579; macro: 0.544444; score: [1.         0.66666667 0.4        0.33333333 1.         0.
 0.5        0.         1.        ]
2025-10-31 20:27:25,630 - INFO - service recall    | micro: 0.500000; macro: 0.516667; score: [1.   1.   0.5  0.2  0.2  0.   1.   0.   0.75]
2025-10-31 20:27:25,630 - INFO - service f1        | micro: 0.558140; macro: 0.483510; score: [1.         0.8        0.44444444 0.25       0.33333333 0.
 0.66666667 0.         0.85714286]
2025-10-31 20:27:25,657 - INFO - pod     precision | micro: 0.577778; macro: 0.663492; score: [0.90909091 0.6875     0.46428571 0.28571429 0.64705882 0.2
 0.77777778 1.         1.        ]
2025-10-31 20:27:25,657 - INFO - pod     recall    | micro: 0.672414; macro: 0.755410; score: [1.         1.         0.65       0.38095238 0.47826087 0.5
 1.         1.         0.78947368]
2025-10-31 20:27:25,657 - INFO - pod     f1        | micro: 0.621514; macro: 0.692051; score: [0.95238095 0.81481481 0.54166667 0.32653061 0.55       0.28571429
 0.875      1.         0.88235294]
2025-10-31 20:27:25,658 - INFO - ----------
2025-10-31 20:27:28,540 - INFO - [51/300] | train_loss: 0.01785
2025-10-31 20:27:31,544 - INFO - [52/300] | train_loss: 0.01614
2025-10-31 20:27:34,548 - INFO - [53/300] | train_loss: 0.01285
2025-10-31 20:27:37,544 - INFO - [54/300] | train_loss: 0.01060
2025-10-31 20:27:40,545 - INFO - [55/300] | train_loss: 0.00916
2025-10-31 20:27:43,543 - INFO - [56/300] | train_loss: 0.00820
2025-10-31 20:27:46,544 - INFO - [57/300] | train_loss: 0.00993
2025-10-31 20:27:49,542 - INFO - [58/300] | train_loss: 0.00816
2025-10-31 20:27:52,544 - INFO - [59/300] | train_loss: 0.00711
2025-10-31 20:27:55,542 - INFO - [60/300] | train_loss: 0.00808
2025-10-31 20:27:55,900 - INFO - ----------
2025-10-31 20:27:55,900 - INFO - evaluation dataset type: valid
2025-10-31 20:27:55,916 - INFO - node    precision | micro: 0.714286; macro: 0.660714; score: [0.71428571 0.75       1.         0.         0.5        1.        ]
2025-10-31 20:27:55,916 - INFO - node    recall    | micro: 0.937500; macro: 0.777778; score: [1.         1.         0.66666667 0.         1.         1.        ]
2025-10-31 20:27:55,916 - INFO - node    f1        | micro: 0.810811; macro: 0.692857; score: [0.83333333 0.85714286 0.8        0.         0.66666667 1.        ]
2025-10-31 20:27:55,933 - INFO - service precision | micro: 0.846154; macro: 0.629630; score: [1.         0.66666667 0.         1.         1.         0.
 1.         0.         1.        ]
2025-10-31 20:27:55,933 - INFO - service recall    | micro: 0.458333; macro: 0.488889; score: [1.  1.  0.  0.2 0.2 0.  1.  0.  1. ]
2025-10-31 20:27:55,933 - INFO - service f1        | micro: 0.594595; macro: 0.496296; score: [1.         0.8        0.         0.33333333 0.33333333 0.
 1.         0.         1.        ]
2025-10-31 20:27:55,960 - INFO - pod     precision | micro: 0.634921; macro: 0.666711; score: [0.76923077 0.47826087 0.48148148 0.57142857 0.625      0.25
 0.875      1.         0.95      ]
2025-10-31 20:27:55,960 - INFO - pod     recall    | micro: 0.689655; macro: 0.746193; score: [1.         1.         0.65       0.38095238 0.43478261 0.25
 1.         1.         1.        ]
2025-10-31 20:27:55,961 - INFO - pod     f1        | micro: 0.661157; macro: 0.688608; score: [0.86956522 0.64705882 0.55319149 0.45714286 0.51282051 0.25
 0.93333333 1.         0.97435897]
2025-10-31 20:27:55,961 - INFO - ----------
2025-10-31 20:27:58,844 - INFO - [61/300] | train_loss: 0.01072
2025-10-31 20:28:01,844 - INFO - [62/300] | train_loss: 0.00719
2025-10-31 20:28:04,843 - INFO - [63/300] | train_loss: 0.00628
2025-10-31 20:28:07,842 - INFO - [64/300] | train_loss: 0.00907
2025-10-31 20:28:10,841 - INFO - [65/300] | train_loss: 0.00716
2025-10-31 20:28:13,844 - INFO - [66/300] | train_loss: 0.00666
2025-10-31 20:28:16,842 - INFO - [67/300] | train_loss: 0.00610
2025-10-31 20:28:19,946 - INFO - [68/300] | train_loss: 0.00506
2025-10-31 20:28:22,945 - INFO - [69/300] | train_loss: 0.00409
2025-10-31 20:28:25,944 - INFO - [70/300] | train_loss: 0.00437
2025-10-31 20:28:26,302 - INFO - ----------
2025-10-31 20:28:26,302 - INFO - evaluation dataset type: valid
2025-10-31 20:28:26,318 - INFO - node    precision | micro: 0.714286; macro: 0.635714; score: [0.71428571 0.6        1.         0.         0.5        1.        ]
2025-10-31 20:28:26,318 - INFO - node    recall    | micro: 0.937500; macro: 0.777778; score: [1.         1.         0.66666667 0.         1.         1.        ]
2025-10-31 20:28:26,318 - INFO - node    f1        | micro: 0.810811; macro: 0.675000; score: [0.83333333 0.75       0.8        0.         0.66666667 1.        ]
2025-10-31 20:28:26,334 - INFO - service precision | micro: 0.846154; macro: 0.629630; score: [1.         0.66666667 0.         1.         1.         0.
 1.         0.         1.        ]
2025-10-31 20:28:26,334 - INFO - service recall    | micro: 0.458333; macro: 0.488889; score: [1.  1.  0.  0.2 0.2 0.  1.  0.  1. ]
2025-10-31 20:28:26,335 - INFO - service f1        | micro: 0.594595; macro: 0.496296; score: [1.         0.8        0.         0.33333333 0.33333333 0.
 1.         0.         1.        ]
2025-10-31 20:28:26,362 - INFO - pod     precision | micro: 0.712963; macro: 0.680888; score: [0.90909091 0.64705882 0.55555556 0.54545455 0.6875     0.33333333
 1.         0.5        0.95      ]
2025-10-31 20:28:26,362 - INFO - pod     recall    | micro: 0.663793; macro: 0.751553; score: [1.         1.         0.5        0.28571429 0.47826087 0.5
 1.         1.         1.        ]
2025-10-31 20:28:26,362 - INFO - pod     f1        | micro: 0.687500; macro: 0.693838; score: [0.95238095 0.78571429 0.52631579 0.375      0.56410256 0.4
 1.         0.66666667 0.97435897]
2025-10-31 20:28:26,362 - INFO - ----------
2025-10-31 20:28:29,244 - INFO - [71/300] | train_loss: 0.00640
2025-10-31 20:28:32,242 - INFO - [72/300] | train_loss: 0.00464
2025-10-31 20:28:35,244 - INFO - [73/300] | train_loss: 0.00537
2025-10-31 20:28:38,242 - INFO - [74/300] | train_loss: 0.00444
2025-10-31 20:28:41,242 - INFO - [75/300] | train_loss: 0.00387
2025-10-31 20:28:44,243 - INFO - [76/300] | train_loss: 0.00884
2025-10-31 20:28:47,241 - INFO - [77/300] | train_loss: 0.00759
2025-10-31 20:28:50,343 - INFO - [78/300] | train_loss: 0.00663
2025-10-31 20:28:53,344 - INFO - [79/300] | train_loss: 0.00544
2025-10-31 20:28:56,344 - INFO - [80/300] | train_loss: 0.00597
2025-10-31 20:28:56,702 - INFO - ----------
2025-10-31 20:28:56,703 - INFO - evaluation dataset type: valid
2025-10-31 20:28:56,718 - INFO - node    precision | micro: 0.625000; macro: 0.619048; score: [0.71428571 0.5        1.         0.         0.5        1.        ]
2025-10-31 20:28:56,718 - INFO - node    recall    | micro: 0.937500; macro: 0.777778; score: [1.         1.         0.66666667 0.         1.         1.        ]
2025-10-31 20:28:56,719 - INFO - node    f1        | micro: 0.750000; macro: 0.661111; score: [0.83333333 0.66666667 0.8        0.         0.66666667 1.        ]
2025-10-31 20:28:56,735 - INFO - service precision | micro: 0.857143; macro: 0.629630; score: [1.         0.66666667 0.         1.         1.         0.
 1.         0.         1.        ]
2025-10-31 20:28:56,735 - INFO - service recall    | micro: 0.500000; macro: 0.511111; score: [1.  1.  0.  0.2 0.4 0.  1.  0.  1. ]
2025-10-31 20:28:56,736 - INFO - service f1        | micro: 0.631579; macro: 0.522751; score: [1.         0.8        0.         0.33333333 0.57142857 0.
 1.         0.         1.        ]
2025-10-31 20:28:56,763 - INFO - pod     precision | micro: 0.653226; macro: 0.649475; score: [0.90909091 0.64705882 0.39285714 0.61538462 0.70588235 0.25
 0.875      0.5        0.95      ]
2025-10-31 20:28:56,763 - INFO - pod     recall    | micro: 0.698276; macro: 0.772521; score: [1.         1.         0.55       0.38095238 0.52173913 0.5
 1.         1.         1.        ]
2025-10-31 20:28:56,763 - INFO - pod     f1        | micro: 0.675000; macro: 0.686079; score: [0.95238095 0.78571429 0.45833333 0.47058824 0.6        0.33333333
 0.93333333 0.66666667 0.97435897]
2025-10-31 20:28:56,763 - INFO - ----------
2025-10-31 20:28:59,707 - INFO - [81/300] | train_loss: 0.00454
2025-10-31 20:29:02,741 - INFO - [82/300] | train_loss: 0.00822
2025-10-31 20:29:05,843 - INFO - [83/300] | train_loss: 0.00672
2025-10-31 20:29:08,841 - INFO - [84/300] | train_loss: 0.00585
2025-10-31 20:29:11,845 - INFO - [85/300] | train_loss: 0.00533
2025-10-31 20:29:14,847 - INFO - [86/300] | train_loss: 0.00540
2025-10-31 20:29:17,844 - INFO - [87/300] | train_loss: 0.00546
2025-10-31 20:29:20,843 - INFO - [88/300] | train_loss: 0.00360
2025-10-31 20:29:23,842 - INFO - [89/300] | train_loss: 0.00616
2025-10-31 20:29:26,842 - INFO - [90/300] | train_loss: 0.00884
2025-10-31 20:29:27,205 - INFO - ----------
2025-10-31 20:29:27,205 - INFO - evaluation dataset type: valid
2025-10-31 20:29:27,221 - INFO - node    precision | micro: 0.652174; macro: 0.646825; score: [0.71428571 0.5        1.         0.         0.66666667 1.        ]
2025-10-31 20:29:27,221 - INFO - node    recall    | micro: 0.937500; macro: 0.777778; score: [1.         1.         0.66666667 0.         1.         1.        ]
2025-10-31 20:29:27,221 - INFO - node    f1        | micro: 0.769231; macro: 0.683333; score: [0.83333333 0.66666667 0.8        0.         0.8        1.        ]
2025-10-31 20:29:27,238 - INFO - service precision | micro: 0.800000; macro: 0.574074; score: [1.         0.66666667 0.         0.5        1.         0.
 1.         0.         1.        ]
2025-10-31 20:29:27,238 - INFO - service recall    | micro: 0.500000; macro: 0.511111; score: [1.  1.  0.  0.2 0.4 0.  1.  0.  1. ]
2025-10-31 20:29:27,238 - INFO - service f1        | micro: 0.615385; macro: 0.517460; score: [1.         0.8        0.         0.28571429 0.57142857 0.
 1.         0.         1.        ]
2025-10-31 20:29:27,265 - INFO - pod     precision | micro: 0.733333; macro: 0.763667; score: [0.90909091 0.64705882 0.57142857 0.47619048 0.76923077 0.5
 1.         1.         1.        ]
2025-10-31 20:29:27,265 - INFO - pod     recall    | micro: 0.663793; macro: 0.728997; score: [1.         1.         0.4        0.47619048 0.43478261 0.25
 1.         1.         1.        ]
2025-10-31 20:29:27,265 - INFO - pod     f1        | micro: 0.696833; macro: 0.730418; score: [0.95238095 0.78571429 0.47058824 0.47619048 0.55555556 0.33333333
 1.         1.         1.        ]
2025-10-31 20:29:27,265 - INFO - ----------
2025-10-31 20:29:30,145 - INFO - [91/300] | train_loss: 0.00729
2025-10-31 20:29:33,145 - INFO - [92/300] | train_loss: 0.00696
2025-10-31 20:29:36,141 - INFO - [93/300] | train_loss: 0.01429
2025-10-31 20:29:39,191 - INFO - [94/300] | train_loss: 0.00982
2025-10-31 20:29:42,241 - INFO - [95/300] | train_loss: 0.00992
2025-10-31 20:29:45,339 - INFO - [96/300] | train_loss: 0.00689
2025-10-31 20:29:48,342 - INFO - [97/300] | train_loss: 0.01391
2025-10-31 20:29:51,340 - INFO - [98/300] | train_loss: 0.00856
2025-10-31 20:29:54,343 - INFO - [99/300] | train_loss: 0.00660
2025-10-31 20:29:57,342 - INFO - [100/300] | train_loss: 0.00683
2025-10-31 20:29:57,702 - INFO - ----------
2025-10-31 20:29:57,702 - INFO - evaluation dataset type: valid
2025-10-31 20:29:57,717 - INFO - node    precision | micro: 0.714286; macro: 0.719048; score: [0.71428571 0.6        1.         0.         1.         1.        ]
2025-10-31 20:29:57,718 - INFO - node    recall    | micro: 0.937500; macro: 0.777778; score: [1.         1.         0.66666667 0.         1.         1.        ]
2025-10-31 20:29:57,718 - INFO - node    f1        | micro: 0.810811; macro: 0.730556; score: [0.83333333 0.75       0.8        0.         1.         1.        ]
2025-10-31 20:29:57,734 - INFO - service precision | micro: 0.866667; macro: 0.796296; score: [1.         0.66666667 0.5        1.         1.         1.
 1.         0.         1.        ]
2025-10-31 20:29:57,734 - INFO - service recall    | micro: 0.541667; macro: 0.627778; score: [1.   1.   0.25 0.2  0.2  1.   1.   0.   1.  ]
2025-10-31 20:29:57,734 - INFO - service f1        | micro: 0.666667; macro: 0.644444; score: [1.         0.8        0.33333333 0.33333333 0.33333333 1.
 1.         0.         1.        ]
2025-10-31 20:29:57,762 - INFO - pod     precision | micro: 0.549020; macro: 0.692684; score: [0.90909091 0.64705882 0.38709677 0.5        0.7        0.09090909
 1.         1.         1.        ]
2025-10-31 20:29:57,762 - INFO - pod     recall    | micro: 0.724138; macro: 0.810225; score: [1.         1.         0.6        0.33333333 0.60869565 0.75
 1.         1.         1.        ]
2025-10-31 20:29:57,762 - INFO - pod     f1        | micro: 0.624535; macro: 0.713556; score: [0.95238095 0.78571429 0.47058824 0.4        0.65116279 0.16216216
 1.         1.         1.        ]
2025-10-31 20:29:57,762 - INFO - ----------
2025-10-31 20:30:00,640 - INFO - [101/300] | train_loss: 0.00761
2025-10-31 20:30:03,641 - INFO - [102/300] | train_loss: 0.00959
2025-10-31 20:30:06,642 - INFO - [103/300] | train_loss: 0.00562
2025-10-31 20:30:09,642 - INFO - [104/300] | train_loss: 0.00521
2025-10-31 20:30:12,642 - INFO - [105/300] | train_loss: 0.00590
2025-10-31 20:30:15,640 - INFO - [106/300] | train_loss: 0.00603
2025-10-31 20:30:18,649 - INFO - [107/300] | train_loss: 0.00526
2025-10-31 20:30:21,643 - INFO - [108/300] | train_loss: 0.00536
2025-10-31 20:30:24,640 - INFO - [109/300] | train_loss: 0.00911
2025-10-31 20:30:28,039 - INFO - [110/300] | train_loss: 0.00713
2025-10-31 20:30:28,385 - INFO - ----------
2025-10-31 20:30:28,385 - INFO - evaluation dataset type: valid
2025-10-31 20:30:28,401 - INFO - node    precision | micro: 0.625000; macro: 0.619048; score: [0.71428571 0.6        1.         0.         0.4        1.        ]
2025-10-31 20:30:28,401 - INFO - node    recall    | micro: 0.937500; macro: 0.777778; score: [1.         1.         0.66666667 0.         1.         1.        ]
2025-10-31 20:30:28,401 - INFO - node    f1        | micro: 0.750000; macro: 0.659127; score: [0.83333333 0.75       0.8        0.         0.57142857 1.        ]
2025-10-31 20:30:28,418 - INFO - service precision | micro: 0.736842; macro: 0.666667; score: [1.         0.66666667 0.5        0.5        1.         1.
 0.33333333 0.         1.        ]
2025-10-31 20:30:28,418 - INFO - service recall    | micro: 0.583333; macro: 0.650000; score: [1.   1.   0.25 0.2  0.4  1.   1.   0.   1.  ]
2025-10-31 20:30:28,418 - INFO - service f1        | micro: 0.651163; macro: 0.610053; score: [1.         0.8        0.33333333 0.28571429 0.57142857 1.
 0.5        0.         1.        ]
2025-10-31 20:30:28,445 - INFO - pod     precision | micro: 0.581081; macro: 0.658359; score: [0.90909091 0.64705882 0.40625    0.35294118 0.78571429 0.28571429
 0.53846154 1.         1.        ]
2025-10-31 20:30:28,445 - INFO - pod     recall    | micro: 0.741379; macro: 0.799965; score: [1.         1.         0.65       0.57142857 0.47826087 0.5
 1.         1.         1.        ]
2025-10-31 20:30:28,446 - INFO - pod     f1        | micro: 0.651515; macro: 0.703632; score: [0.95238095 0.78571429 0.5        0.43636364 0.59459459 0.36363636
 0.7        1.         1.        ]
2025-10-31 20:30:28,446 - INFO - ----------
2025-10-31 20:30:31,341 - INFO - [111/300] | train_loss: 0.00498
2025-10-31 20:30:34,338 - INFO - [112/300] | train_loss: 0.00558
2025-10-31 20:30:37,337 - INFO - [113/300] | train_loss: 0.00606
2025-10-31 20:30:40,341 - INFO - [114/300] | train_loss: 0.00560
2025-10-31 20:30:43,342 - INFO - [115/300] | train_loss: 0.00555
2025-10-31 20:30:46,343 - INFO - [116/300] | train_loss: 0.00400
2025-10-31 20:30:49,342 - INFO - [117/300] | train_loss: 0.00588
2025-10-31 20:30:52,341 - INFO - [118/300] | train_loss: 0.00534
2025-10-31 20:30:55,341 - INFO - [119/300] | train_loss: 0.00621
2025-10-31 20:30:58,344 - INFO - [120/300] | train_loss: 0.00687
2025-10-31 20:30:58,703 - INFO - ----------
2025-10-31 20:30:58,703 - INFO - evaluation dataset type: valid
2025-10-31 20:30:58,719 - INFO - node    precision | micro: 0.714286; macro: 0.722222; score: [0.83333333 0.5        1.         0.         1.         1.        ]
2025-10-31 20:30:58,719 - INFO - node    recall    | micro: 0.937500; macro: 0.777778; score: [1.         1.         0.66666667 0.         1.         1.        ]
2025-10-31 20:30:58,719 - INFO - node    f1        | micro: 0.810811; macro: 0.729293; score: [0.90909091 0.66666667 0.8        0.         1.         1.        ]
2025-10-31 20:30:58,736 - INFO - service precision | micro: 0.823529; macro: 0.777778; score: [1.         0.66666667 0.33333333 1.         1.         1.
 1.         0.         1.        ]
2025-10-31 20:30:58,736 - INFO - service recall    | micro: 0.583333; macro: 0.650000; score: [1.   1.   0.25 0.2  0.4  1.   1.   0.   1.  ]
2025-10-31 20:30:58,736 - INFO - service f1        | micro: 0.682927; macro: 0.665608; score: [1.         0.8        0.28571429 0.33333333 0.57142857 1.
 1.         0.         1.        ]
2025-10-31 20:30:58,763 - INFO - pod     precision | micro: 0.626016; macro: 0.681487; score: [0.90909091 0.61111111 0.40740741 0.5        0.6        0.23076923
 0.875      1.         1.        ]
2025-10-31 20:30:58,763 - INFO - pod     recall    | micro: 0.663793; macro: 0.773844; score: [1.         1.         0.55       0.14285714 0.52173913 0.75
 1.         1.         1.        ]
2025-10-31 20:30:58,763 - INFO - pod     f1        | micro: 0.644351; macro: 0.693969; score: [0.95238095 0.75862069 0.46808511 0.22222222 0.55813953 0.35294118
 0.93333333 1.         1.        ]
2025-10-31 20:30:58,763 - INFO - ----------
2025-10-31 20:31:01,641 - INFO - [121/300] | train_loss: 0.00667
2025-10-31 20:31:04,638 - INFO - [122/300] | train_loss: 0.00473
2025-10-31 20:31:07,640 - INFO - [123/300] | train_loss: 0.00441
2025-10-31 20:31:10,643 - INFO - [124/300] | train_loss: 0.00483
2025-10-31 20:31:13,644 - INFO - [125/300] | train_loss: 0.00466
2025-10-31 20:31:16,643 - INFO - [126/300] | train_loss: 0.00365
2025-10-31 20:31:19,743 - INFO - [127/300] | train_loss: 0.00348
2025-10-31 20:31:22,742 - INFO - [128/300] | train_loss: 0.00422
2025-10-31 20:31:25,742 - INFO - [129/300] | train_loss: 0.00500
2025-10-31 20:31:28,740 - INFO - [130/300] | train_loss: 0.00491
2025-10-31 20:31:29,099 - INFO - ----------
2025-10-31 20:31:29,099 - INFO - evaluation dataset type: valid
2025-10-31 20:31:29,115 - INFO - node    precision | micro: 0.750000; macro: 0.744048; score: [0.71428571 0.75       1.         0.         1.         1.        ]
2025-10-31 20:31:29,115 - INFO - node    recall    | micro: 0.937500; macro: 0.777778; score: [1.         1.         0.66666667 0.         1.         1.        ]
2025-10-31 20:31:29,115 - INFO - node    f1        | micro: 0.833333; macro: 0.748413; score: [0.83333333 0.85714286 0.8        0.         1.         1.        ]
2025-10-31 20:31:29,132 - INFO - service precision | micro: 0.785714; macro: 0.629630; score: [1.         0.66666667 0.         1.         1.         0.
 1.         0.         1.        ]
2025-10-31 20:31:29,132 - INFO - service recall    | micro: 0.458333; macro: 0.488889; score: [1.  1.  0.  0.2 0.2 0.  1.  0.  1. ]
2025-10-31 20:31:29,132 - INFO - service f1        | micro: 0.578947; macro: 0.496296; score: [1.         0.8        0.         0.33333333 0.33333333 0.
 1.         0.         1.        ]
2025-10-31 20:31:29,159 - INFO - pod     precision | micro: 0.669492; macro: 0.655475; score: [0.90909091 0.64705882 0.40740741 0.58333333 0.73333333 0.28571429
 1.         0.33333333 1.        ]
2025-10-31 20:31:29,159 - INFO - pod     recall    | micro: 0.681034; macro: 0.762399; score: [1.         1.         0.55       0.33333333 0.47826087 0.5
 1.         1.         1.        ]
2025-10-31 20:31:29,159 - INFO - pod     f1        | micro: 0.675214; macro: 0.674779; score: [0.95238095 0.78571429 0.46808511 0.42424242 0.57894737 0.36363636
 1.         0.5        1.        ]
2025-10-31 20:31:29,159 - INFO - ----------
2025-10-31 20:31:32,141 - INFO - [131/300] | train_loss: 0.00391
2025-10-31 20:31:35,140 - INFO - [132/300] | train_loss: 0.00397
2025-10-31 20:31:38,141 - INFO - [133/300] | train_loss: 0.00424
2025-10-31 20:31:41,200 - INFO - [134/300] | train_loss: 0.00529
2025-10-31 20:31:44,244 - INFO - [135/300] | train_loss: 0.00612
2025-10-31 20:31:47,241 - INFO - [136/300] | train_loss: 0.00602
2025-10-31 20:31:50,241 - INFO - [137/300] | train_loss: 0.00608
2025-10-31 20:31:53,543 - INFO - [138/300] | train_loss: 0.00530
2025-10-31 20:31:56,546 - INFO - [139/300] | train_loss: 0.00457
2025-10-31 20:31:59,542 - INFO - [140/300] | train_loss: 0.00343
2025-10-31 20:31:59,893 - INFO - ----------
2025-10-31 20:31:59,893 - INFO - evaluation dataset type: valid
2025-10-31 20:31:59,909 - INFO - node    precision | micro: 0.652174; macro: 0.646825; score: [0.71428571 0.5        1.         0.         0.66666667 1.        ]
2025-10-31 20:31:59,909 - INFO - node    recall    | micro: 0.937500; macro: 0.777778; score: [1.         1.         0.66666667 0.         1.         1.        ]
2025-10-31 20:31:59,909 - INFO - node    f1        | micro: 0.769231; macro: 0.683333; score: [0.83333333 0.66666667 0.8        0.         0.8        1.        ]
2025-10-31 20:31:59,926 - INFO - service precision | micro: 0.857143; macro: 0.629630; score: [1.         0.66666667 0.         1.         1.         0.
 1.         0.         1.        ]
2025-10-31 20:31:59,926 - INFO - service recall    | micro: 0.500000; macro: 0.511111; score: [1.  1.  0.  0.2 0.4 0.  1.  0.  1. ]
2025-10-31 20:31:59,926 - INFO - service f1        | micro: 0.631579; macro: 0.522751; score: [1.         0.8        0.         0.33333333 0.57142857 0.
 1.         0.         1.        ]
2025-10-31 20:31:59,953 - INFO - pod     precision | micro: 0.730769; macro: 0.688031; score: [0.90909091 0.61111111 0.5        0.63636364 0.78571429 0.5
 1.         0.25       1.        ]
2025-10-31 20:31:59,953 - INFO - pod     recall    | micro: 0.655172; macro: 0.745733; score: [1.         1.         0.4        0.33333333 0.47826087 0.5
 1.         1.         1.        ]
2025-10-31 20:31:59,953 - INFO - pod     f1        | micro: 0.690909; macro: 0.676393; score: [0.95238095 0.75862069 0.44444444 0.4375     0.59459459 0.5
 1.         0.4        1.        ]
2025-10-31 20:31:59,953 - INFO - ----------
2025-10-31 20:32:02,843 - INFO - [141/300] | train_loss: 0.00673
2025-10-31 20:32:05,846 - INFO - [142/300] | train_loss: 0.00424
2025-10-31 20:32:08,844 - INFO - [143/300] | train_loss: 0.00524
2025-10-31 20:32:11,844 - INFO - [144/300] | train_loss: 0.00475
2025-10-31 20:32:14,845 - INFO - [145/300] | train_loss: 0.00373
2025-10-31 20:32:17,842 - INFO - [146/300] | train_loss: 0.00490
2025-10-31 20:32:20,940 - INFO - [147/300] | train_loss: 0.00633
2025-10-31 20:32:24,001 - INFO - [148/300] | train_loss: 0.00495
2025-10-31 20:32:27,043 - INFO - [149/300] | train_loss: 0.00474
2025-10-31 20:32:30,042 - INFO - [150/300] | train_loss: 0.00607
2025-10-31 20:32:30,403 - INFO - ----------
2025-10-31 20:32:30,403 - INFO - evaluation dataset type: valid
2025-10-31 20:32:30,418 - INFO - node    precision | micro: 0.750000; macro: 0.719048; score: [0.71428571 0.6        1.         0.         1.         1.        ]
2025-10-31 20:32:30,418 - INFO - node    recall    | micro: 0.937500; macro: 0.777778; score: [1.         1.         0.66666667 0.         1.         1.        ]
2025-10-31 20:32:30,418 - INFO - node    f1        | micro: 0.833333; macro: 0.730556; score: [0.83333333 0.75       0.8        0.         1.         1.        ]
2025-10-31 20:32:30,435 - INFO - service precision | micro: 0.846154; macro: 0.629630; score: [1.         0.66666667 0.         1.         1.         0.
 1.         0.         1.        ]
2025-10-31 20:32:30,435 - INFO - service recall    | micro: 0.458333; macro: 0.488889; score: [1.  1.  0.  0.2 0.2 0.  1.  0.  1. ]
2025-10-31 20:32:30,435 - INFO - service f1        | micro: 0.594595; macro: 0.496296; score: [1.         0.8        0.         0.33333333 0.33333333 0.
 1.         0.         1.        ]
2025-10-31 20:32:30,462 - INFO - pod     precision | micro: 0.726415; macro: 0.759017; score: [0.90909091 0.64705882 0.44444444 0.55555556 0.9        0.5
 0.875      1.         1.        ]
2025-10-31 20:32:30,462 - INFO - pod     recall    | micro: 0.663793; macro: 0.751944; score: [1.         1.         0.4        0.47619048 0.39130435 0.5
 1.         1.         1.        ]
2025-10-31 20:32:30,462 - INFO - pod     f1        | micro: 0.693694; macro: 0.738973; score: [0.95238095 0.78571429 0.42105263 0.51282051 0.54545455 0.5
 0.93333333 1.         1.        ]
2025-10-31 20:32:30,462 - INFO - ----------
2025-10-31 20:32:33,339 - INFO - [151/300] | train_loss: 0.00490
2025-10-31 20:32:36,542 - INFO - [152/300] | train_loss: 0.00563
2025-10-31 20:32:39,542 - INFO - [153/300] | train_loss: 0.00380
2025-10-31 20:32:42,544 - INFO - [154/300] | train_loss: 0.00738
2025-10-31 20:32:45,540 - INFO - [155/300] | train_loss: 0.04551
2025-10-31 20:32:48,545 - INFO - [156/300] | train_loss: 1.04671
2025-10-31 20:32:51,644 - INFO - [157/300] | train_loss: 0.34426
2025-10-31 20:32:54,639 - INFO - [158/300] | train_loss: 0.31654
2025-10-31 20:32:57,639 - INFO - [159/300] | train_loss: 0.37933
2025-10-31 20:33:00,642 - INFO - [160/300] | train_loss: 0.26181
2025-10-31 20:33:01,002 - INFO - ----------
2025-10-31 20:33:01,002 - INFO - evaluation dataset type: valid
2025-10-31 20:33:01,018 - INFO - node    precision | micro: 0.179487; macro: 0.405919; score: [0.27777778 0.66666667 0.0625     0.         1.         0.42857143]
2025-10-31 20:33:01,018 - INFO - node    recall    | micro: 0.875000; macro: 0.722222; score: [1.         0.66666667 0.66666667 0.         1.         1.        ]
2025-10-31 20:33:01,018 - INFO - node    f1        | micro: 0.297872; macro: 0.469289; score: [0.43478261 0.66666667 0.11428571 0.         1.         0.6       ]
2025-10-31 20:33:01,034 - INFO - service precision | micro: 0.319149; macro: 0.314903; score: [0.66666667 0.22222222 0.25       0.13333333 0.42857143 0.
 0.33333333 0.         0.8       ]
2025-10-31 20:33:01,035 - INFO - service recall    | micro: 0.625000; macro: 0.583333; score: [1.   1.   0.25 0.4  0.6  0.   1.   0.   1.  ]
2025-10-31 20:33:01,035 - INFO - service f1        | micro: 0.422535; macro: 0.389169; score: [0.8        0.36363636 0.25       0.2        0.5        0.
 0.5        0.         0.88888889]
2025-10-31 20:33:01,062 - INFO - pod     precision | micro: 0.228643; macro: 0.267707; score: [0.23809524 0.24444444 0.34482759 0.13592233 0.43902439 0.01369863
 0.29166667 0.14285714 0.55882353]
2025-10-31 20:33:01,062 - INFO - pod     recall    | micro: 0.784483; macro: 0.799919; score: [1.         1.         0.5        0.66666667 0.7826087  0.25
 1.         1.         1.        ]
2025-10-31 20:33:01,062 - INFO - pod     f1        | micro: 0.354086; macro: 0.379834; score: [0.38461538 0.39285714 0.40816327 0.22580645 0.5625     0.02597403
 0.4516129  0.25       0.71698113]
2025-10-31 20:33:01,062 - INFO - ----------
2025-10-31 20:33:03,941 - INFO - [161/300] | train_loss: 0.16100
2025-10-31 20:33:06,944 - INFO - [162/300] | train_loss: 0.14036
2025-10-31 20:33:09,944 - INFO - [163/300] | train_loss: 0.08287
2025-10-31 20:33:12,938 - INFO - [164/300] | train_loss: 0.06327
2025-10-31 20:33:15,942 - INFO - [165/300] | train_loss: 0.04280
2025-10-31 20:33:18,941 - INFO - [166/300] | train_loss: 0.03558
2025-10-31 20:33:21,940 - INFO - [167/300] | train_loss: 0.02664
2025-10-31 20:33:25,040 - INFO - [168/300] | train_loss: 0.02610
2025-10-31 20:33:28,142 - INFO - [169/300] | train_loss: 0.04566
2025-10-31 20:33:31,144 - INFO - [170/300] | train_loss: 0.03413
2025-10-31 20:33:31,502 - INFO - ----------
2025-10-31 20:33:31,502 - INFO - evaluation dataset type: valid
2025-10-31 20:33:31,517 - INFO - node    precision | micro: 0.777778; macro: 0.674603; score: [0.71428571 0.66666667 1.         0.         0.66666667 1.        ]
2025-10-31 20:33:31,517 - INFO - node    recall    | micro: 0.875000; macro: 0.722222; score: [1.         0.66666667 0.66666667 0.         1.         1.        ]
2025-10-31 20:33:31,518 - INFO - node    f1        | micro: 0.823529; macro: 0.683333; score: [0.83333333 0.66666667 0.8        0.         0.8        1.        ]
2025-10-31 20:33:31,534 - INFO - service precision | micro: 0.517241; macro: 0.615079; score: [1.         1.         0.25       0.28571429 1.         0.
 1.         0.         1.        ]
2025-10-31 20:33:31,534 - INFO - service recall    | micro: 0.625000; macro: 0.594444; score: [1.   1.   0.75 0.4  0.2  0.   1.   0.   1.  ]
2025-10-31 20:33:31,534 - INFO - service f1        | micro: 0.566038; macro: 0.560185; score: [1.         1.         0.375      0.33333333 0.33333333 0.
 1.         0.         1.        ]
2025-10-31 20:33:31,562 - INFO - pod     precision | micro: 0.384956; macro: 0.578541; score: [0.83333333 0.47826087 0.27272727 0.25       0.625      0.06976744
 0.77777778 1.         0.9       ]
2025-10-31 20:33:31,562 - INFO - pod     recall    | micro: 0.750000; macro: 0.828969; score: [1.         1.         0.9        0.42857143 0.43478261 0.75
 1.         1.         0.94736842]
2025-10-31 20:33:31,562 - INFO - pod     f1        | micro: 0.508772; macro: 0.636567; score: [0.90909091 0.64705882 0.41860465 0.31578947 0.51282051 0.12765957
 0.875      1.         0.92307692]
2025-10-31 20:33:31,562 - INFO - ----------
2025-10-31 20:33:34,436 - INFO - [171/300] | train_loss: 0.03265
2025-10-31 20:33:37,643 - INFO - [172/300] | train_loss: 0.02762
2025-10-31 20:33:40,643 - INFO - [173/300] | train_loss: 0.02083
2025-10-31 20:33:43,825 - INFO - [174/300] | train_loss: 0.01835
2025-10-31 20:33:46,842 - INFO - [175/300] | train_loss: 0.01476
2025-10-31 20:33:49,943 - INFO - [176/300] | train_loss: 0.01289
2025-10-31 20:33:52,943 - INFO - [177/300] | train_loss: 0.01176
2025-10-31 20:33:55,941 - INFO - [178/300] | train_loss: 0.01101
2025-10-31 20:33:58,941 - INFO - [179/300] | train_loss: 0.00916
2025-10-31 20:34:01,942 - INFO - [180/300] | train_loss: 0.00854
2025-10-31 20:34:02,299 - INFO - ----------
2025-10-31 20:34:02,299 - INFO - evaluation dataset type: valid
2025-10-31 20:34:02,315 - INFO - node    precision | micro: 0.789474; macro: 0.683333; score: [0.83333333 0.6        1.         0.         0.66666667 1.        ]
2025-10-31 20:34:02,315 - INFO - node    recall    | micro: 0.937500; macro: 0.777778; score: [1.         1.         0.66666667 0.         1.         1.        ]
2025-10-31 20:34:02,315 - INFO - node    f1        | micro: 0.857143; macro: 0.709848; score: [0.90909091 0.75       0.8        0.         0.8        1.        ]
2025-10-31 20:34:02,332 - INFO - service precision | micro: 0.714286; macro: 0.555556; score: [1. 1. 0. 0. 1. 0. 1. 0. 1.]
2025-10-31 20:34:02,332 - INFO - service recall    | micro: 0.416667; macro: 0.466667; score: [1.  1.  0.  0.  0.2 0.  1.  0.  1. ]
2025-10-31 20:34:02,332 - INFO - service f1        | micro: 0.526316; macro: 0.481481; score: [1.         1.         0.         0.         0.33333333 0.
 1.         0.         1.        ]
2025-10-31 20:34:02,359 - INFO - pod     precision | micro: 0.573529; macro: 0.705840; score: [0.90909091 0.91666667 0.38709677 0.26470588 0.81818182 0.18181818
 0.875      1.         1.        ]
2025-10-31 20:34:02,359 - INFO - pod     recall    | micro: 0.672414; macro: 0.757179; score: [1.         1.         0.6        0.42857143 0.39130435 0.5
 1.         1.         0.89473684]
2025-10-31 20:34:02,359 - INFO - pod     f1        | micro: 0.619048; macro: 0.708958; score: [0.95238095 0.95652174 0.47058824 0.32727273 0.52941176 0.26666667
 0.93333333 1.         0.94444444]
2025-10-31 20:34:02,360 - INFO - ----------
2025-10-31 20:34:05,246 - INFO - [181/300] | train_loss: 0.00946
2025-10-31 20:34:08,244 - INFO - [182/300] | train_loss: 0.00836
2025-10-31 20:34:11,244 - INFO - [183/300] | train_loss: 0.00750
2025-10-31 20:34:14,246 - INFO - [184/300] | train_loss: 0.00796
2025-10-31 20:34:17,243 - INFO - [185/300] | train_loss: 0.00816
2025-10-31 20:34:20,242 - INFO - [186/300] | train_loss: 0.00689
2025-10-31 20:34:23,242 - INFO - [187/300] | train_loss: 0.00604
2025-10-31 20:34:26,344 - INFO - [188/300] | train_loss: 0.00540
2025-10-31 20:34:29,443 - INFO - [189/300] | train_loss: 0.00567
2025-10-31 20:34:32,442 - INFO - [190/300] | train_loss: 0.00567
2025-10-31 20:34:32,798 - INFO - ----------
2025-10-31 20:34:32,798 - INFO - evaluation dataset type: valid
2025-10-31 20:34:32,813 - INFO - node    precision | micro: 0.714286; macro: 0.646825; score: [0.71428571 0.5        1.         0.         0.66666667 1.        ]
2025-10-31 20:34:32,814 - INFO - node    recall    | micro: 0.937500; macro: 0.777778; score: [1.         1.         0.66666667 0.         1.         1.        ]
2025-10-31 20:34:32,814 - INFO - node    f1        | micro: 0.810811; macro: 0.683333; score: [0.83333333 0.66666667 0.8        0.         0.8        1.        ]
2025-10-31 20:34:32,830 - INFO - service precision | micro: 0.714286; macro: 0.583333; score: [1.   1.   0.25 0.   1.   0.   1.   0.   1.  ]
2025-10-31 20:34:32,830 - INFO - service recall    | micro: 0.416667; macro: 0.466667; score: [1.   1.   0.25 0.   0.2  0.   1.   0.   0.75]
2025-10-31 20:34:32,830 - INFO - service f1        | micro: 0.526316; macro: 0.493386; score: [1.         1.         0.25       0.         0.33333333 0.
 1.         0.         0.85714286]
2025-10-31 20:34:32,857 - INFO - pod     precision | micro: 0.562044; macro: 0.686637; score: [0.90909091 0.91666667 0.37142857 0.25925926 0.75       0.15384615
 0.875      1.         0.94444444]
2025-10-31 20:34:32,857 - INFO - pod     recall    | micro: 0.663793; macro: 0.752153; score: [1.         1.         0.65       0.33333333 0.39130435 0.5
 1.         1.         0.89473684]
2025-10-31 20:34:32,858 - INFO - pod     f1        | micro: 0.608696; macro: 0.697237; score: [0.95238095 0.95652174 0.47272727 0.29166667 0.51428571 0.23529412
 0.93333333 1.         0.91891892]
2025-10-31 20:34:32,858 - INFO - ----------
2025-10-31 20:34:35,743 - INFO - [191/300] | train_loss: 0.00658
2025-10-31 20:34:38,748 - INFO - [192/300] | train_loss: 0.00616
2025-10-31 20:34:41,744 - INFO - [193/300] | train_loss: 0.00493
2025-10-31 20:34:44,748 - INFO - [194/300] | train_loss: 0.00504
2025-10-31 20:34:47,744 - INFO - [195/300] | train_loss: 0.00414
2025-10-31 20:34:51,246 - INFO - [196/300] | train_loss: 0.00567
2025-10-31 20:34:54,243 - INFO - [197/300] | train_loss: 0.00464
2025-10-31 20:34:57,248 - INFO - [198/300] | train_loss: 0.00532
2025-10-31 20:35:00,343 - INFO - [199/300] | train_loss: 0.01347
2025-10-31 20:35:03,442 - INFO - [200/300] | train_loss: 0.00498
2025-10-31 20:35:03,805 - INFO - ----------
2025-10-31 20:35:03,805 - INFO - evaluation dataset type: valid
2025-10-31 20:35:03,821 - INFO - node    precision | micro: 0.714286; macro: 0.646825; score: [0.71428571 0.5        1.         0.         0.66666667 1.        ]
2025-10-31 20:35:03,821 - INFO - node    recall    | micro: 0.937500; macro: 0.777778; score: [1.         1.         0.66666667 0.         1.         1.        ]
2025-10-31 20:35:03,821 - INFO - node    f1        | micro: 0.810811; macro: 0.683333; score: [0.83333333 0.66666667 0.8        0.         0.8        1.        ]
2025-10-31 20:35:03,837 - INFO - service precision | micro: 0.769231; macro: 0.555556; score: [1. 1. 0. 0. 1. 0. 1. 0. 1.]
2025-10-31 20:35:03,837 - INFO - service recall    | micro: 0.416667; macro: 0.466667; score: [1.  1.  0.  0.  0.2 0.  1.  0.  1. ]
2025-10-31 20:35:03,838 - INFO - service f1        | micro: 0.540541; macro: 0.481481; score: [1.         1.         0.         0.         0.33333333 0.
 1.         0.         1.        ]
2025-10-31 20:35:03,864 - INFO - pod     precision | micro: 0.612903; macro: 0.706616; score: [0.90909091 0.91666667 0.39393939 0.28       0.81818182 0.16666667
 0.875      1.         1.        ]
2025-10-31 20:35:03,865 - INFO - pod     recall    | micro: 0.655172; macro: 0.724375; score: [1.         1.         0.65       0.33333333 0.39130435 0.25
 1.         1.         0.89473684]
2025-10-31 20:35:03,865 - INFO - pod     f1        | micro: 0.633333; macro: 0.701223; score: [0.95238095 0.95652174 0.49056604 0.30434783 0.52941176 0.2
 0.93333333 1.         0.94444444]
2025-10-31 20:35:03,865 - INFO - ----------
2025-10-31 20:35:06,724 - INFO - [201/300] | train_loss: 0.00392
2025-10-31 20:35:09,741 - INFO - [202/300] | train_loss: 0.00487
2025-10-31 20:35:12,741 - INFO - [203/300] | train_loss: 0.00390
2025-10-31 20:35:15,740 - INFO - [204/300] | train_loss: 0.00559
2025-10-31 20:35:18,745 - INFO - [205/300] | train_loss: 0.00407
2025-10-31 20:35:21,901 - INFO - [206/300] | train_loss: 0.00531
2025-10-31 20:35:25,043 - INFO - [207/300] | train_loss: 0.00455
2025-10-31 20:35:28,144 - INFO - [208/300] | train_loss: 0.00506
2025-10-31 20:35:31,246 - INFO - [209/300] | train_loss: 0.00500
2025-10-31 20:35:34,244 - INFO - [210/300] | train_loss: 0.00425
2025-10-31 20:35:34,603 - INFO - ----------
2025-10-31 20:35:34,603 - INFO - evaluation dataset type: valid
2025-10-31 20:35:34,619 - INFO - node    precision | micro: 0.750000; macro: 0.660714; score: [0.71428571 0.75       1.         0.         0.5        1.        ]
2025-10-31 20:35:34,619 - INFO - node    recall    | micro: 0.937500; macro: 0.777778; score: [1.         1.         0.66666667 0.         1.         1.        ]
2025-10-31 20:35:34,619 - INFO - node    f1        | micro: 0.833333; macro: 0.692857; score: [0.83333333 0.85714286 0.8        0.         0.66666667 1.        ]
2025-10-31 20:35:34,636 - INFO - service precision | micro: 0.666667; macro: 0.518519; score: [1.         0.66666667 0.         0.         1.         0.
 1.         0.         1.        ]
2025-10-31 20:35:34,636 - INFO - service recall    | micro: 0.416667; macro: 0.466667; score: [1.  1.  0.  0.  0.2 0.  1.  0.  1. ]
2025-10-31 20:35:34,636 - INFO - service f1        | micro: 0.512821; macro: 0.459259; score: [1.         0.8        0.         0.         0.33333333 0.
 1.         0.         1.        ]
2025-10-31 20:35:34,663 - INFO - pod     precision | micro: 0.615385; macro: 0.713715; score: [0.90909091 0.84615385 0.41935484 0.31034483 0.83333333 0.28571429
 0.875      1.         0.94444444]
2025-10-31 20:35:34,663 - INFO - pod     recall    | micro: 0.689655; macro: 0.767566; score: [1.         1.         0.65       0.42857143 0.43478261 0.5
 1.         1.         0.89473684]
2025-10-31 20:35:34,663 - INFO - pod     f1        | micro: 0.650407; macro: 0.725130; score: [0.95238095 0.91666667 0.50980392 0.36       0.57142857 0.36363636
 0.93333333 1.         0.91891892]
2025-10-31 20:35:34,663 - INFO - ----------
2025-10-31 20:35:37,546 - INFO - [211/300] | train_loss: 0.00426
2025-10-31 20:35:40,543 - INFO - [212/300] | train_loss: 0.00647
2025-10-31 20:35:43,545 - INFO - [213/300] | train_loss: 0.00554
2025-10-31 20:35:46,644 - INFO - [214/300] | train_loss: 0.00451
2025-10-31 20:35:49,643 - INFO - [215/300] | train_loss: 0.00591
2025-10-31 20:35:52,640 - INFO - [216/300] | train_loss: 0.00414
2025-10-31 20:35:55,641 - INFO - [217/300] | train_loss: 0.00383
2025-10-31 20:35:58,638 - INFO - [218/300] | train_loss: 0.00394
2025-10-31 20:36:01,642 - INFO - [219/300] | train_loss: 0.00409
2025-10-31 20:36:04,640 - INFO - [220/300] | train_loss: 0.00496
2025-10-31 20:36:04,992 - INFO - ----------
2025-10-31 20:36:04,992 - INFO - evaluation dataset type: valid
2025-10-31 20:36:05,007 - INFO - node    precision | micro: 0.750000; macro: 0.663492; score: [0.71428571 0.6        1.         0.         0.66666667 1.        ]
2025-10-31 20:36:05,008 - INFO - node    recall    | micro: 0.937500; macro: 0.777778; score: [1.         1.         0.66666667 0.         1.         1.        ]
2025-10-31 20:36:05,008 - INFO - node    f1        | micro: 0.833333; macro: 0.697222; score: [0.83333333 0.75       0.8        0.         0.8        1.        ]
2025-10-31 20:36:05,024 - INFO - service precision | micro: 0.733333; macro: 0.592593; score: [1.         1.         0.33333333 0.         1.         0.
 1.         0.         1.        ]
2025-10-31 20:36:05,024 - INFO - service recall    | micro: 0.458333; macro: 0.494444; score: [1.   1.   0.25 0.   0.2  0.   1.   0.   1.  ]
2025-10-31 20:36:05,024 - INFO - service f1        | micro: 0.564103; macro: 0.513228; score: [1.         1.         0.28571429 0.         0.33333333 0.
 1.         0.         1.        ]
2025-10-31 20:36:05,051 - INFO - pod     precision | micro: 0.655738; macro: 0.723834; score: [0.90909091 0.84615385 0.48148148 0.375      0.83333333 0.25
 0.875      1.         0.94444444]
2025-10-31 20:36:05,051 - INFO - pod     recall    | micro: 0.689655; macro: 0.767566; score: [1.         1.         0.65       0.42857143 0.43478261 0.5
 1.         1.         0.89473684]
2025-10-31 20:36:05,051 - INFO - pod     f1        | micro: 0.672269; macro: 0.731028; score: [0.95238095 0.91666667 0.55319149 0.4        0.57142857 0.33333333
 0.93333333 1.         0.91891892]
2025-10-31 20:36:05,051 - INFO - ----------
2025-10-31 20:36:07,941 - INFO - [221/300] | train_loss: 0.00338
2025-10-31 20:36:10,941 - INFO - [222/300] | train_loss: 0.00563
2025-10-31 20:36:14,245 - INFO - [223/300] | train_loss: 0.00413
2025-10-31 20:36:17,247 - INFO - [224/300] | train_loss: 0.00293
2025-10-31 20:36:20,244 - INFO - [225/300] | train_loss: 0.00336
2025-10-31 20:36:23,244 - INFO - [226/300] | train_loss: 0.00343
2025-10-31 20:36:26,343 - INFO - [227/300] | train_loss: 0.00725
2025-10-31 20:36:29,446 - INFO - [228/300] | train_loss: 0.00358
2025-10-31 20:36:32,440 - INFO - [229/300] | train_loss: 0.00656
2025-10-31 20:36:35,444 - INFO - [230/300] | train_loss: 0.00389
2025-10-31 20:36:35,805 - INFO - ----------
2025-10-31 20:36:35,805 - INFO - evaluation dataset type: valid
2025-10-31 20:36:35,821 - INFO - node    precision | micro: 0.714286; macro: 0.635714; score: [0.71428571 0.6        1.         0.         0.5        1.        ]
2025-10-31 20:36:35,821 - INFO - node    recall    | micro: 0.937500; macro: 0.777778; score: [1.         1.         0.66666667 0.         1.         1.        ]
2025-10-31 20:36:35,821 - INFO - node    f1        | micro: 0.810811; macro: 0.675000; score: [0.83333333 0.75       0.8        0.         0.66666667 1.        ]
2025-10-31 20:36:35,837 - INFO - service precision | micro: 0.785714; macro: 0.592593; score: [1.         1.         0.33333333 0.         1.         0.
 1.         0.         1.        ]
2025-10-31 20:36:35,838 - INFO - service recall    | micro: 0.458333; macro: 0.494444; score: [1.   1.   0.25 0.   0.2  0.   1.   0.   1.  ]
2025-10-31 20:36:35,838 - INFO - service f1        | micro: 0.578947; macro: 0.513228; score: [1.         1.         0.28571429 0.         0.33333333 0.
 1.         0.         1.        ]
2025-10-31 20:36:35,865 - INFO - pod     precision | micro: 0.598485; macro: 0.711113; score: [0.90909091 0.84615385 0.46428571 0.25714286 0.81818182 0.28571429
 0.875      1.         0.94444444]
2025-10-31 20:36:35,865 - INFO - pod     recall    | micro: 0.681034; macro: 0.762735; score: [1.         1.         0.65       0.42857143 0.39130435 0.5
 1.         1.         0.89473684]
2025-10-31 20:36:35,865 - INFO - pod     f1        | micro: 0.637097; macro: 0.719716; score: [0.95238095 0.91666667 0.54166667 0.32142857 0.52941176 0.36363636
 0.93333333 1.         0.91891892]
2025-10-31 20:36:35,866 - INFO - ----------
2025-10-31 20:36:38,745 - INFO - [231/300] | train_loss: 0.00617
2025-10-31 20:36:41,736 - INFO - [232/300] | train_loss: 0.00529
2025-10-31 20:36:44,743 - INFO - [233/300] | train_loss: 0.00572
2025-10-31 20:36:47,743 - INFO - [234/300] | train_loss: 0.00546
2025-10-31 20:36:50,743 - INFO - [235/300] | train_loss: 0.00657
2025-10-31 20:36:53,742 - INFO - [236/300] | train_loss: 0.00479
2025-10-31 20:36:56,743 - INFO - [237/300] | train_loss: 0.00412
2025-10-31 20:36:59,744 - INFO - [238/300] | train_loss: 0.00424
2025-10-31 20:37:02,742 - INFO - [239/300] | train_loss: 0.00428
2025-10-31 20:37:05,742 - INFO - [240/300] | train_loss: 0.00570
2025-10-31 20:37:06,089 - INFO - ----------
2025-10-31 20:37:06,089 - INFO - evaluation dataset type: valid
2025-10-31 20:37:06,105 - INFO - node    precision | micro: 0.750000; macro: 0.666667; score: [0.83333333 0.5        1.         0.         0.66666667 1.        ]
2025-10-31 20:37:06,105 - INFO - node    recall    | micro: 0.937500; macro: 0.777778; score: [1.         1.         0.66666667 0.         1.         1.        ]
2025-10-31 20:37:06,105 - INFO - node    f1        | micro: 0.833333; macro: 0.695960; score: [0.90909091 0.66666667 0.8        0.         0.8        1.        ]
2025-10-31 20:37:06,122 - INFO - service precision | micro: 0.733333; macro: 0.555556; score: [1.         0.66666667 0.33333333 0.         1.         0.
 1.         0.         1.        ]
2025-10-31 20:37:06,122 - INFO - service recall    | micro: 0.458333; macro: 0.494444; score: [1.   1.   0.25 0.   0.2  0.   1.   0.   1.  ]
2025-10-31 20:37:06,122 - INFO - service f1        | micro: 0.564103; macro: 0.491005; score: [1.         0.8        0.28571429 0.         0.33333333 0.
 1.         0.         1.        ]
2025-10-31 20:37:06,149 - INFO - pod     precision | micro: 0.563380; macro: 0.715936; score: [0.90909091 0.84615385 0.44827586 0.22727273 0.81818182 0.25
 1.         1.         0.94444444]
2025-10-31 20:37:06,149 - INFO - pod     recall    | micro: 0.689655; macro: 0.768026; score: [1.         1.         0.65       0.47619048 0.39130435 0.5
 1.         1.         0.89473684]
2025-10-31 20:37:06,149 - INFO - pod     f1        | micro: 0.620155; macro: 0.721002; score: [0.95238095 0.91666667 0.53061224 0.30769231 0.52941176 0.33333333
 1.         1.         0.91891892]
2025-10-31 20:37:06,149 - INFO - ----------
2025-10-31 20:37:09,044 - INFO - [241/300] | train_loss: 0.00438
2025-10-31 20:37:12,344 - INFO - [242/300] | train_loss: 0.00437
2025-10-31 20:37:15,341 - INFO - [243/300] | train_loss: 0.00325
2025-10-31 20:37:18,841 - INFO - [244/300] | train_loss: 0.00403
2025-10-31 20:37:21,842 - INFO - [245/300] | train_loss: 0.00341
2025-10-31 20:37:24,945 - INFO - [246/300] | train_loss: 0.00348
2025-10-31 20:37:28,043 - INFO - [247/300] | train_loss: 0.00297
2025-10-31 20:37:31,042 - INFO - [248/300] | train_loss: 0.00313
2025-10-31 20:37:34,043 - INFO - [249/300] | train_loss: 0.00344
2025-10-31 20:37:37,042 - INFO - [250/300] | train_loss: 0.00421
2025-10-31 20:37:37,399 - INFO - ----------
2025-10-31 20:37:37,399 - INFO - evaluation dataset type: valid
2025-10-31 20:37:37,414 - INFO - node    precision | micro: 0.714286; macro: 0.635714; score: [0.71428571 0.6        1.         0.         0.5        1.        ]
2025-10-31 20:37:37,415 - INFO - node    recall    | micro: 0.937500; macro: 0.777778; score: [1.         1.         0.66666667 0.         1.         1.        ]
2025-10-31 20:37:37,415 - INFO - node    f1        | micro: 0.810811; macro: 0.675000; score: [0.83333333 0.75       0.8        0.         0.66666667 1.        ]
2025-10-31 20:37:37,431 - INFO - service precision | micro: 0.733333; macro: 0.555556; score: [1.         0.66666667 0.33333333 0.         1.         0.
 1.         0.         1.        ]
2025-10-31 20:37:37,431 - INFO - service recall    | micro: 0.458333; macro: 0.494444; score: [1.   1.   0.25 0.   0.2  0.   1.   0.   1.  ]
2025-10-31 20:37:37,432 - INFO - service f1        | micro: 0.564103; macro: 0.491005; score: [1.         0.8        0.28571429 0.         0.33333333 0.
 1.         0.         1.        ]
2025-10-31 20:37:37,458 - INFO - pod     precision | micro: 0.559441; macro: 0.640978; score: [0.90909091 0.78571429 0.44827586 0.23809524 0.81818182 0.25
 0.875      0.5        0.94444444]
2025-10-31 20:37:37,459 - INFO - pod     recall    | micro: 0.689655; macro: 0.768026; score: [1.         1.         0.65       0.47619048 0.39130435 0.5
 1.         1.         0.89473684]
2025-10-31 20:37:37,459 - INFO - pod     f1        | micro: 0.617761; macro: 0.673569; score: [0.95238095 0.88       0.53061224 0.31746032 0.52941176 0.33333333
 0.93333333 0.66666667 0.91891892]
2025-10-31 20:37:37,459 - INFO - ----------
2025-10-31 20:37:40,342 - INFO - [251/300] | train_loss: 0.00420
2025-10-31 20:37:43,344 - INFO - [252/300] | train_loss: 0.00309
2025-10-31 20:37:46,345 - INFO - [253/300] | train_loss: 0.00381
2025-10-31 20:37:49,444 - INFO - [254/300] | train_loss: 0.00492
2025-10-31 20:37:52,443 - INFO - [255/300] | train_loss: 0.00463
2025-10-31 20:37:55,543 - INFO - [256/300] | train_loss: 0.00601
2025-10-31 20:37:58,543 - INFO - [257/300] | train_loss: 0.00474
2025-10-31 20:38:01,542 - INFO - [258/300] | train_loss: 0.00349
2025-10-31 20:38:04,542 - INFO - [259/300] | train_loss: 0.00474
2025-10-31 20:38:07,545 - INFO - [260/300] | train_loss: 0.00307
2025-10-31 20:38:07,896 - INFO - ----------
2025-10-31 20:38:07,897 - INFO - evaluation dataset type: valid
2025-10-31 20:38:07,912 - INFO - node    precision | micro: 0.750000; macro: 0.663492; score: [0.71428571 0.6        1.         0.         0.66666667 1.        ]
2025-10-31 20:38:07,913 - INFO - node    recall    | micro: 0.937500; macro: 0.777778; score: [1.         1.         0.66666667 0.         1.         1.        ]
2025-10-31 20:38:07,913 - INFO - node    f1        | micro: 0.833333; macro: 0.697222; score: [0.83333333 0.75       0.8        0.         0.8        1.        ]
2025-10-31 20:38:07,929 - INFO - service precision | micro: 0.733333; macro: 0.555556; score: [1.         0.66666667 0.33333333 0.         1.         0.
 1.         0.         1.        ]
2025-10-31 20:38:07,930 - INFO - service recall    | micro: 0.458333; macro: 0.494444; score: [1.   1.   0.25 0.   0.2  0.   1.   0.   1.  ]
2025-10-31 20:38:07,930 - INFO - service f1        | micro: 0.564103; macro: 0.491005; score: [1.         0.8        0.28571429 0.         0.33333333 0.
 1.         0.         1.        ]
2025-10-31 20:38:07,957 - INFO - pod     precision | micro: 0.598485; macro: 0.715200; score: [0.90909091 0.73333333 0.30952381 0.5        0.81818182 0.22222222
 1.         1.         0.94444444]
2025-10-31 20:38:07,957 - INFO - pod     recall    | micro: 0.681034; macro: 0.762735; score: [1.         1.         0.65       0.42857143 0.39130435 0.5
 1.         1.         0.89473684]
2025-10-31 20:38:07,958 - INFO - pod     f1        | micro: 0.637097; macro: 0.715050; score: [0.95238095 0.84615385 0.41935484 0.46153846 0.52941176 0.30769231
 1.         1.         0.91891892]
2025-10-31 20:38:07,958 - INFO - ----------
2025-10-31 20:38:10,843 - INFO - [261/300] | train_loss: 0.00345
2025-10-31 20:38:13,841 - INFO - [262/300] | train_loss: 0.00303
2025-10-31 20:38:16,843 - INFO - [263/300] | train_loss: 0.00342
2025-10-31 20:38:19,844 - INFO - [264/300] | train_loss: 0.00366
2025-10-31 20:38:22,843 - INFO - [265/300] | train_loss: 0.00421
2025-10-31 20:38:25,842 - INFO - [266/300] | train_loss: 0.00362
2025-10-31 20:38:28,850 - INFO - [267/300] | train_loss: 0.00407
2025-10-31 20:38:31,845 - INFO - [268/300] | train_loss: 0.00306
2025-10-31 20:38:34,842 - INFO - [269/300] | train_loss: 0.00377
2025-10-31 20:38:37,844 - INFO - [270/300] | train_loss: 0.00421
2025-10-31 20:38:38,203 - INFO - ----------
2025-10-31 20:38:38,203 - INFO - evaluation dataset type: valid
2025-10-31 20:38:38,219 - INFO - node    precision | micro: 0.681818; macro: 0.619048; score: [0.71428571 0.5        1.         0.         0.5        1.        ]
2025-10-31 20:38:38,219 - INFO - node    recall    | micro: 0.937500; macro: 0.777778; score: [1.         1.         0.66666667 0.         1.         1.        ]
2025-10-31 20:38:38,219 - INFO - node    f1        | micro: 0.789474; macro: 0.661111; score: [0.83333333 0.66666667 0.8        0.         0.66666667 1.        ]
2025-10-31 20:38:38,236 - INFO - service precision | micro: 0.785714; macro: 0.574074; score: [1.         0.66666667 0.5        0.         1.         0.
 1.         0.         1.        ]
2025-10-31 20:38:38,236 - INFO - service recall    | micro: 0.458333; macro: 0.494444; score: [1.   1.   0.25 0.   0.2  0.   1.   0.   1.  ]
2025-10-31 20:38:38,236 - INFO - service f1        | micro: 0.578947; macro: 0.496296; score: [1.         0.8        0.33333333 0.         0.33333333 0.
 1.         0.         1.        ]
2025-10-31 20:38:38,263 - INFO - pod     precision | micro: 0.675214; macro: 0.686070; score: [0.90909091 0.78571429 0.48148148 0.45       0.81818182 0.28571429
 1.         0.5        0.94444444]
2025-10-31 20:38:38,263 - INFO - pod     recall    | micro: 0.681034; macro: 0.762735; score: [1.         1.         0.65       0.42857143 0.39130435 0.5
 1.         1.         0.89473684]
2025-10-31 20:38:38,263 - INFO - pod     f1        | micro: 0.678112; macro: 0.700359; score: [0.95238095 0.88       0.55319149 0.43902439 0.52941176 0.36363636
 1.         0.66666667 0.91891892]
2025-10-31 20:38:38,263 - INFO - ----------
2025-10-31 20:38:41,140 - INFO - [271/300] | train_loss: 0.00361
2025-10-31 20:38:44,140 - INFO - [272/300] | train_loss: 0.00368
2025-10-31 20:38:47,142 - INFO - [273/300] | train_loss: 0.00329
2025-10-31 20:38:50,141 - INFO - [274/300] | train_loss: 0.00301
2025-10-31 20:38:53,140 - INFO - [275/300] | train_loss: 0.00406
2025-10-31 20:38:56,141 - INFO - [276/300] | train_loss: 0.00427
2025-10-31 20:38:59,145 - INFO - [277/300] | train_loss: 0.00464
2025-10-31 20:39:02,147 - INFO - [278/300] | train_loss: 0.00272
2025-10-31 20:39:05,143 - INFO - [279/300] | train_loss: 0.00398
2025-10-31 20:39:08,140 - INFO - [280/300] | train_loss: 0.00430
2025-10-31 20:39:08,502 - INFO - ----------
2025-10-31 20:39:08,502 - INFO - evaluation dataset type: valid
2025-10-31 20:39:08,518 - INFO - node    precision | micro: 0.750000; macro: 0.666667; score: [0.83333333 0.5        1.         0.         0.66666667 1.        ]
2025-10-31 20:39:08,518 - INFO - node    recall    | micro: 0.937500; macro: 0.777778; score: [1.         1.         0.66666667 0.         1.         1.        ]
2025-10-31 20:39:08,518 - INFO - node    f1        | micro: 0.833333; macro: 0.695960; score: [0.90909091 0.66666667 0.8        0.         0.8        1.        ]
2025-10-31 20:39:08,534 - INFO - service precision | micro: 0.785714; macro: 0.574074; score: [1.         0.66666667 0.5        0.         1.         0.
 1.         0.         1.        ]
2025-10-31 20:39:08,534 - INFO - service recall    | micro: 0.458333; macro: 0.494444; score: [1.   1.   0.25 0.   0.2  0.   1.   0.   1.  ]
2025-10-31 20:39:08,534 - INFO - service f1        | micro: 0.578947; macro: 0.496296; score: [1.         0.8        0.33333333 0.         0.33333333 0.
 1.         0.         1.        ]
2025-10-31 20:39:08,561 - INFO - pod     precision | micro: 0.714286; macro: 0.704551; score: [0.90909091 0.84615385 0.57142857 0.47368421 0.84615385 0.25
 1.         0.5        0.94444444]
2025-10-31 20:39:08,561 - INFO - pod     recall    | micro: 0.689655; macro: 0.766841; score: [1.         1.         0.6        0.42857143 0.47826087 0.5
 1.         1.         0.89473684]
2025-10-31 20:39:08,561 - INFO - pod     f1        | micro: 0.701754; macro: 0.714938; score: [0.95238095 0.91666667 0.58536585 0.45       0.61111111 0.33333333
 1.         0.66666667 0.91891892]
2025-10-31 20:39:08,561 - INFO - ----------
2025-10-31 20:39:11,442 - INFO - [281/300] | train_loss: 0.00319
2025-10-31 20:39:14,442 - INFO - [282/300] | train_loss: 0.00448
2025-10-31 20:39:17,545 - INFO - [283/300] | train_loss: 0.00395
2025-10-31 20:39:20,544 - INFO - [284/300] | train_loss: 0.00354
2025-10-31 20:39:23,542 - INFO - [285/300] | train_loss: 0.00367
2025-10-31 20:39:26,543 - INFO - [286/300] | train_loss: 0.00297
2025-10-31 20:39:29,552 - INFO - [287/300] | train_loss: 0.01093
2025-10-31 20:39:32,545 - INFO - [288/300] | train_loss: 0.00431
2025-10-31 20:39:35,545 - INFO - [289/300] | train_loss: 0.00312
2025-10-31 20:39:38,544 - INFO - [290/300] | train_loss: 0.00426
2025-10-31 20:39:38,902 - INFO - ----------
2025-10-31 20:39:38,902 - INFO - evaluation dataset type: valid
2025-10-31 20:39:38,917 - INFO - node    precision | micro: 0.789474; macro: 0.688492; score: [0.71428571 0.75       1.         0.         0.66666667 1.        ]
2025-10-31 20:39:38,918 - INFO - node    recall    | micro: 0.937500; macro: 0.777778; score: [1.         1.         0.66666667 0.         1.         1.        ]
2025-10-31 20:39:38,918 - INFO - node    f1        | micro: 0.857143; macro: 0.715079; score: [0.83333333 0.85714286 0.8        0.         0.8        1.        ]
2025-10-31 20:39:38,934 - INFO - service precision | micro: 0.733333; macro: 0.555556; score: [1.         0.66666667 0.33333333 0.         1.         0.
 1.         0.         1.        ]
2025-10-31 20:39:38,934 - INFO - service recall    | micro: 0.458333; macro: 0.494444; score: [1.   1.   0.25 0.   0.2  0.   1.   0.   1.  ]
2025-10-31 20:39:38,935 - INFO - service f1        | micro: 0.564103; macro: 0.491005; score: [1.         0.8        0.28571429 0.         0.33333333 0.
 1.         0.         1.        ]
2025-10-31 20:39:38,962 - INFO - pod     precision | micro: 0.714286; macro: 0.778495; score: [0.90909091 0.78571429 0.46428571 0.5        0.9        0.5
 1.         1.         0.94736842]
2025-10-31 20:39:38,962 - INFO - pod     recall    | micro: 0.689655; macro: 0.768583; score: [1.         1.         0.65       0.42857143 0.39130435 0.5
 1.         1.         0.94736842]
2025-10-31 20:39:38,962 - INFO - pod     f1        | micro: 0.701754; macro: 0.758712; score: [0.95238095 0.88       0.54166667 0.46153846 0.54545455 0.5
 1.         1.         0.94736842]
2025-10-31 20:39:38,962 - INFO - ----------
2025-10-31 20:39:41,844 - INFO - [291/300] | train_loss: 0.00317
2025-10-31 20:39:44,842 - INFO - [292/300] | train_loss: 0.00741
2025-10-31 20:39:47,843 - INFO - [293/300] | train_loss: 0.00757
2025-10-31 20:39:50,843 - INFO - [294/300] | train_loss: 0.00875
2025-10-31 20:39:53,842 - INFO - [295/300] | train_loss: 0.00933
2025-10-31 20:39:56,844 - INFO - [296/300] | train_loss: 0.08946
2025-10-31 20:39:59,847 - INFO - [297/300] | train_loss: 0.15791
2025-10-31 20:40:02,844 - INFO - [298/300] | train_loss: 0.07612
2025-10-31 20:40:05,846 - INFO - [299/300] | train_loss: 0.07163
2025-10-31 20:40:07,298 - INFO - ----------
2025-10-31 20:40:07,299 - INFO - evaluation dataset type: test
2025-10-31 20:40:07,319 - INFO - node    precision | micro: 0.659574; macro: 0.674701; score: [0.73684211 0.46666667 0.83333333 0.6875     0.6875     0.63636364]
2025-10-31 20:40:07,319 - INFO - node    recall    | micro: 0.925373; macro: 0.912037; score: [1.         1.         0.55555556 0.91666667 1.         1.        ]
2025-10-31 20:40:07,319 - INFO - node    f1        | micro: 0.770186; macro: 0.754970; score: [0.84848485 0.63636364 0.66666667 0.78571429 0.81481481 0.77777778]
2025-10-31 20:40:07,346 - INFO - service precision | micro: 0.408163; macro: 0.521566; score: [0.375      0.64285714 0.16071429 0.34615385 0.5        0.51851852
 0.90909091 0.85714286 0.38461538]
2025-10-31 20:40:07,347 - INFO - service recall    | micro: 0.909091; macro: 0.925926; score: [1.         1.         0.9        0.75       0.75       0.93333333
 1.         1.         1.        ]
2025-10-31 20:40:07,347 - INFO - service f1        | micro: 0.563380; macro: 0.641351; score: [0.54545455 0.7826087  0.27272727 0.47368421 0.6        0.66666667
 0.95238095 0.92307692 0.55555556]
2025-10-31 20:40:07,422 - INFO - pod     precision | micro: 0.366211; macro: 0.539529; score: [0.78333333 0.49462366 0.12356322 0.22222222 0.43283582 0.51818182
 0.96226415 0.86111111 0.45762712]
2025-10-31 20:40:07,422 - INFO - pod     recall    | micro: 0.856164; macro: 0.879119; score: [1.         1.         0.87755102 0.70967742 0.51785714 0.83823529
 1.         0.96875    1.        ]
2025-10-31 20:40:07,422 - INFO - pod     f1        | micro: 0.512996; macro: 0.636433; score: [0.87850467 0.6618705  0.21662469 0.33846154 0.47154472 0.64044944
 0.98076923 0.91176471 0.62790698]
2025-10-31 20:40:07,422 - INFO - ----------
GAT in_dim: 512, hidden_dim: 256, heads: 4, gat_out_dim: 1024




2025-10-31 20:44:36,642 - INFO - [0/300] | train_loss: 3.90156
2025-10-31 20:44:37,001 - INFO - ----------
2025-10-31 20:44:37,001 - INFO - evaluation dataset type: valid
2025-10-31 20:44:37,017 - INFO - node    precision | micro: 0.016760; macro: 0.019879; score: [0.04210526 0.00578035 0.01123596 0.         0.02857143 0.03157895]
2025-10-31 20:44:37,017 - INFO - node    recall    | micro: 0.750000; macro: 0.633333; score: [0.8        0.33333333 0.66666667 0.         1.         1.        ]
2025-10-31 20:44:37,017 - INFO - node    f1        | micro: 0.032787; macro: 0.038374; score: [0.08       0.01136364 0.02209945 0.         0.05555556 0.06122449]
2025-10-31 20:44:37,036 - INFO - service precision | micro: 0.007678; macro: 0.020386; score: [0.01754386 0.1        0.00247525 0.01785714 0.         0.00215517
 0.02941176 0.         0.01403509]
2025-10-31 20:44:37,036 - INFO - service recall    | micro: 0.500000; macro: 0.572222; score: [1.   0.5  0.25 0.4  0.   1.   1.   0.   1.  ]
2025-10-31 20:44:37,036 - INFO - service f1        | micro: 0.015123; macro: 0.036596; score: [0.03448276 0.16666667 0.00490196 0.03418803 0.         0.00430108
 0.05714286 0.         0.02768166]
2025-10-31 20:44:37,066 - INFO - pod     precision | micro: 0.015394; macro: 0.096361; score: [0.35714286 0.08421053 0.00854336 0.2        0.19565217 0.
 0.01152738 0.         0.01017131]
2025-10-31 20:44:37,067 - INFO - pod     recall    | micro: 0.637931; macro: 0.542276; score: [1.         0.72727273 1.         0.19047619 0.39130435 0.
 0.57142857 0.         1.        ]
2025-10-31 20:44:37,067 - INFO - pod     f1        | micro: 0.030063; macro: 0.132548; score: [0.52631579 0.1509434  0.01694197 0.19512195 0.26086957 0.
 0.02259887 0.         0.02013778]
2025-10-31 20:44:37,067 - INFO - ----------
2025-10-31 20:44:39,935 - INFO - [1/300] | train_loss: 3.04908
2025-10-31 20:44:42,936 - INFO - [2/300] | train_loss: 2.11031
2025-10-31 20:44:46,042 - INFO - [3/300] | train_loss: 1.43104
2025-10-31 20:44:49,037 - INFO - [4/300] | train_loss: 1.03673
2025-10-31 20:44:52,039 - INFO - [5/300] | train_loss: 0.77405
2025-10-31 20:44:55,039 - INFO - [6/300] | train_loss: 0.57452
2025-10-31 20:44:58,041 - INFO - [7/300] | train_loss: 0.44266
2025-10-31 20:45:01,036 - INFO - [8/300] | train_loss: 0.36548
2025-10-31 20:45:04,041 - INFO - [9/300] | train_loss: 0.31081
2025-10-31 20:45:07,023 - INFO - [10/300] | train_loss: 0.26811
2025-10-31 20:45:07,384 - INFO - ----------
2025-10-31 20:45:07,384 - INFO - evaluation dataset type: valid
2025-10-31 20:45:07,400 - INFO - node    precision | micro: 0.283019; macro: 0.339103; score: [0.38461538 0.25       0.4        0.         0.4        0.6       ]
2025-10-31 20:45:07,401 - INFO - node    recall    | micro: 0.937500; macro: 0.777778; score: [1.         1.         0.66666667 0.         1.         1.        ]
2025-10-31 20:45:07,401 - INFO - node    f1        | micro: 0.434783; macro: 0.462831; score: [0.55555556 0.4        0.5        0.         0.57142857 0.75      ]
2025-10-31 20:45:07,417 - INFO - service precision | micro: 0.165217; macro: 0.211566; score: [0.22222222 0.22222222 0.2        0.4        0.16666667 0.02631579
 0.16666667 0.         0.5       ]
2025-10-31 20:45:07,417 - INFO - service recall    | micro: 0.791667; macro: 0.772222; score: [1.   1.   0.75 0.8  0.4  1.   1.   0.   1.  ]
2025-10-31 20:45:07,417 - INFO - service f1        | micro: 0.273381; macro: 0.312817; score: [0.36363636 0.36363636 0.31578947 0.53333333 0.23529412 0.05128205
 0.28571429 0.         0.66666667]
2025-10-31 20:45:07,445 - INFO - pod     precision | micro: 0.116438; macro: 0.185513; score: [0.22222222 0.23404255 0.13761468 0.21917808 0.26666667 0.00759494
 0.17073171 0.02380952 0.3877551 ]
2025-10-31 20:45:07,445 - INFO - pod     recall    | micro: 0.879310; macro: 0.903497; score: [1.         1.         0.75       0.76190476 0.86956522 0.75
 1.         1.         1.        ]
2025-10-31 20:45:07,445 - INFO - pod     f1        | micro: 0.205645; macro: 0.292904; score: [0.36363636 0.37931034 0.23255814 0.34042553 0.40816327 0.01503759
 0.29166667 0.04651163 0.55882353]
2025-10-31 20:45:07,446 - INFO - ----------
2025-10-31 20:45:10,440 - INFO - [11/300] | train_loss: 0.25104
2025-10-31 20:45:13,437 - INFO - [12/300] | train_loss: 0.22838
2025-10-31 20:45:16,435 - INFO - [13/300] | train_loss: 0.19295
2025-10-31 20:45:19,534 - INFO - [14/300] | train_loss: 0.17234
2025-10-31 20:45:22,535 - INFO - [15/300] | train_loss: 0.16095
2025-10-31 20:45:25,536 - INFO - [16/300] | train_loss: 0.14554
2025-10-31 20:45:28,535 - INFO - [17/300] | train_loss: 0.13897
2025-10-31 20:45:31,537 - INFO - [18/300] | train_loss: 0.16229
2025-10-31 20:45:34,536 - INFO - [19/300] | train_loss: 0.15193
2025-10-31 20:45:37,538 - INFO - [20/300] | train_loss: 0.14588
2025-10-31 20:45:37,911 - INFO - ----------
2025-10-31 20:45:37,911 - INFO - evaluation dataset type: valid
2025-10-31 20:45:37,935 - INFO - node    precision | micro: 0.466667; macro: 0.483333; score: [0.5  0.25 1.   0.   0.4  0.75]
2025-10-31 20:45:37,935 - INFO - node    recall    | micro: 0.875000; macro: 0.722222; score: [1.         0.66666667 0.66666667 0.         1.         1.        ]
2025-10-31 20:45:37,935 - INFO - node    f1        | micro: 0.608696; macro: 0.543146; score: [0.66666667 0.36363636 0.8        0.         0.57142857 0.85714286]
2025-10-31 20:45:37,954 - INFO - service precision | micro: 0.361702; macro: 0.352116; score: [0.33333333 0.28571429 0.33333333 0.3        1.         0.
 0.25       0.         0.66666667]
2025-10-31 20:45:37,954 - INFO - service recall    | micro: 0.708333; macro: 0.638889; score: [1.   1.   0.75 0.6  0.4  0.   1.   0.   1.  ]
2025-10-31 20:45:37,954 - INFO - service f1        | micro: 0.478873; macro: 0.397490; score: [0.5        0.44444444 0.46153846 0.4        0.57142857 0.
 0.4        0.         0.8       ]
2025-10-31 20:45:37,982 - INFO - pod     precision | micro: 0.264045; macro: 0.255801; score: [0.47619048 0.28205128 0.26666667 0.23076923 0.30909091 0.04166667
 0.25925926 0.03225806 0.40425532]
2025-10-31 20:45:37,983 - INFO - pod     recall    | micro: 0.810345; macro: 0.817840; score: [1.         1.         0.8        0.57142857 0.73913043 0.25
 1.         1.         1.        ]
2025-10-31 20:45:37,983 - INFO - pod     f1        | micro: 0.398305; macro: 0.374586; score: [0.64516129 0.44       0.4        0.32876712 0.43589744 0.07142857
 0.41176471 0.0625     0.57575758]
2025-10-31 20:45:37,983 - INFO - ----------
2025-10-31 20:45:40,837 - INFO - [21/300] | train_loss: 0.12218
2025-10-31 20:45:43,836 - INFO - [22/300] | train_loss: 0.11446
2025-10-31 20:45:46,842 - INFO - [23/300] | train_loss: 0.09195
2025-10-31 20:45:49,842 - INFO - [24/300] | train_loss: 0.08316
2025-10-31 20:45:52,836 - INFO - [25/300] | train_loss: 0.07859
2025-10-31 20:45:55,941 - INFO - [26/300] | train_loss: 0.06757
2025-10-31 20:45:58,942 - INFO - [27/300] | train_loss: 0.06825
2025-10-31 20:46:01,936 - INFO - [28/300] | train_loss: 0.06978
2025-10-31 20:46:04,941 - INFO - [29/300] | train_loss: 0.05795
2025-10-31 20:46:07,958 - INFO - [30/300] | train_loss: 0.05403
2025-10-31 20:46:08,302 - INFO - ----------
2025-10-31 20:46:08,302 - INFO - evaluation dataset type: valid
2025-10-31 20:46:08,318 - INFO - node    precision | micro: 0.722222; macro: 0.674603; score: [0.71428571 0.33333333 1.         0.         1.         1.        ]
2025-10-31 20:46:08,318 - INFO - node    recall    | micro: 0.812500; macro: 0.666667; score: [1.         0.33333333 0.66666667 0.         1.         1.        ]
2025-10-31 20:46:08,318 - INFO - node    f1        | micro: 0.764706; macro: 0.661111; score: [0.83333333 0.33333333 0.8        0.         1.         1.        ]
2025-10-31 20:46:08,335 - INFO - service precision | micro: 0.481481; macro: 0.405556; score: [1.         0.5        0.33333333 0.4        0.5        0.
 0.25       0.         0.66666667]
2025-10-31 20:46:08,335 - INFO - service recall    | micro: 0.541667; macro: 0.538889; score: [1.   1.   0.25 0.4  0.2  0.   1.   0.   1.  ]
2025-10-31 20:46:08,335 - INFO - service f1        | micro: 0.509804; macro: 0.426455; score: [1.         0.66666667 0.28571429 0.4        0.28571429 0.
 0.4        0.         0.8       ]
2025-10-31 20:46:08,363 - INFO - pod     precision | micro: 0.366667; macro: 0.384284; score: [0.83333333 0.30555556 0.26785714 0.28947368 0.42424242 0.
 0.35       0.08333333 0.9047619 ]
2025-10-31 20:46:08,363 - INFO - pod     recall    | micro: 0.758621; macro: 0.764723; score: [1.         1.         0.75       0.52380952 0.60869565 0.
 1.         1.         1.        ]
2025-10-31 20:46:08,363 - INFO - pod     f1        | micro: 0.494382; macro: 0.474129; score: [0.90909091 0.46808511 0.39473684 0.37288136 0.5        0.
 0.51851852 0.15384615 0.95      ]
2025-10-31 20:46:08,363 - INFO - ----------
2025-10-31 20:46:11,236 - INFO - [31/300] | train_loss: 0.05620
2025-10-31 20:46:14,237 - INFO - [32/300] | train_loss: 0.05192
2025-10-31 20:46:17,238 - INFO - [33/300] | train_loss: 0.05792
2025-10-31 20:46:20,222 - INFO - [34/300] | train_loss: 0.04670
2025-10-31 20:46:23,236 - INFO - [35/300] | train_loss: 0.04607
2025-10-31 20:46:26,240 - INFO - [36/300] | train_loss: 0.04083
2025-10-31 20:46:29,237 - INFO - [37/300] | train_loss: 0.03879
2025-10-31 20:46:32,242 - INFO - [38/300] | train_loss: 0.03252
2025-10-31 20:46:35,239 - INFO - [39/300] | train_loss: 0.03451
2025-10-31 20:46:38,236 - INFO - [40/300] | train_loss: 0.03112
2025-10-31 20:46:38,601 - INFO - ----------
2025-10-31 20:46:38,601 - INFO - evaluation dataset type: valid
2025-10-31 20:46:38,616 - INFO - node    precision | micro: 0.777778; macro: 0.722222; score: [0.83333333 0.5        1.         0.         1.         1.        ]
2025-10-31 20:46:38,617 - INFO - node    recall    | micro: 0.875000; macro: 0.722222; score: [1.         0.66666667 0.66666667 0.         1.         1.        ]
2025-10-31 20:46:38,617 - INFO - node    f1        | micro: 0.823529; macro: 0.713420; score: [0.90909091 0.57142857 0.8        0.         1.         1.        ]
2025-10-31 20:46:38,633 - INFO - service precision | micro: 0.541667; macro: 0.442593; score: [1.         0.66666667 0.5        0.4        0.5        0.
 0.25       0.         0.66666667]
2025-10-31 20:46:38,633 - INFO - service recall    | micro: 0.541667; macro: 0.538889; score: [1.   1.   0.25 0.4  0.2  0.   1.   0.   1.  ]
2025-10-31 20:46:38,633 - INFO - service f1        | micro: 0.541667; macro: 0.446561; score: [1.         0.8        0.33333333 0.4        0.28571429 0.
 0.4        0.         0.8       ]
2025-10-31 20:46:38,660 - INFO - pod     precision | micro: 0.428571; macro: 0.418548; score: [0.76923077 0.47826087 0.30555556 0.25       0.425      0.
 0.38888889 0.2        0.95      ]
2025-10-31 20:46:38,660 - INFO - pod     recall    | micro: 0.750000; macro: 0.756993; score: [1.         1.         0.55       0.52380952 0.73913043 0.
 1.         1.         1.        ]
2025-10-31 20:46:38,661 - INFO - pod     f1        | micro: 0.545455; macro: 0.517258; score: [0.86956522 0.64705882 0.39285714 0.33846154 0.53968254 0.
 0.56       0.33333333 0.97435897]
2025-10-31 20:46:38,661 - INFO - ----------
2025-10-31 20:46:41,535 - INFO - [41/300] | train_loss: 0.02845
2025-10-31 20:46:44,527 - INFO - [42/300] | train_loss: 0.03299
2025-10-31 20:46:47,536 - INFO - [43/300] | train_loss: 0.02981
2025-10-31 20:46:50,536 - INFO - [44/300] | train_loss: 0.02686
2025-10-31 20:46:53,541 - INFO - [45/300] | train_loss: 0.02819
2025-10-31 20:46:56,536 - INFO - [46/300] | train_loss: 0.02312
2025-10-31 20:46:59,537 - INFO - [47/300] | train_loss: 0.02234
2025-10-31 20:47:02,541 - INFO - [48/300] | train_loss: 0.02123
2025-10-31 20:47:05,538 - INFO - [49/300] | train_loss: 0.01910
2025-10-31 20:47:08,542 - INFO - [50/300] | train_loss: 0.02056
2025-10-31 20:47:08,903 - INFO - ----------
2025-10-31 20:47:08,903 - INFO - evaluation dataset type: valid
2025-10-31 20:47:08,919 - INFO - node    precision | micro: 0.777778; macro: 0.730159; score: [0.71428571 0.66666667 1.         0.         1.         1.        ]
2025-10-31 20:47:08,919 - INFO - node    recall    | micro: 0.875000; macro: 0.722222; score: [1.         0.66666667 0.66666667 0.         1.         1.        ]
2025-10-31 20:47:08,919 - INFO - node    f1        | micro: 0.823529; macro: 0.716667; score: [0.83333333 0.66666667 0.8        0.         1.         1.        ]
2025-10-31 20:47:08,936 - INFO - service precision | micro: 0.545455; macro: 0.541005; score: [1.         0.28571429 1.         0.33333333 1.         0.
 0.25       0.         1.        ]
2025-10-31 20:47:08,936 - INFO - service recall    | micro: 0.500000; macro: 0.516667; score: [1.   1.   0.25 0.2  0.2  0.   1.   0.   1.  ]
2025-10-31 20:47:08,936 - INFO - service f1        | micro: 0.521739; macro: 0.425309; score: [1.         0.44444444 0.4        0.25       0.33333333 0.
 0.4        0.         1.        ]
2025-10-31 20:47:08,964 - INFO - pod     precision | micro: 0.549296; macro: 0.592476; score: [0.83333333 0.45833333 0.58823529 0.28571429 0.55       0.2
 0.46666667 1.         0.95      ]
2025-10-31 20:47:08,964 - INFO - pod     recall    | micro: 0.672414; macro: 0.734357; score: [1.         1.         0.5        0.38095238 0.47826087 0.25
 1.         1.         1.        ]
2025-10-31 20:47:08,964 - INFO - pod     f1        | micro: 0.604651; macro: 0.638812; score: [0.90909091 0.62857143 0.54054054 0.32653061 0.51162791 0.22222222
 0.63636364 1.         0.97435897]
2025-10-31 20:47:08,964 - INFO - ----------
2025-10-31 20:47:11,842 - INFO - [51/300] | train_loss: 0.02061
2025-10-31 20:47:14,837 - INFO - [52/300] | train_loss: 0.02559
2025-10-31 20:47:17,839 - INFO - [53/300] | train_loss: 0.02548
2025-10-31 20:47:20,836 - INFO - [54/300] | train_loss: 0.02411
2025-10-31 20:47:23,828 - INFO - [55/300] | train_loss: 0.02211
2025-10-31 20:47:26,837 - INFO - [56/300] | train_loss: 0.02515
2025-10-31 20:47:29,837 - INFO - [57/300] | train_loss: 0.01829
2025-10-31 20:47:32,840 - INFO - [58/300] | train_loss: 0.01967
2025-10-31 20:47:35,839 - INFO - [59/300] | train_loss: 0.08068
2025-10-31 20:47:38,842 - INFO - [60/300] | train_loss: 0.04338
2025-10-31 20:47:39,196 - INFO - ----------
2025-10-31 20:47:39,197 - INFO - evaluation dataset type: valid
2025-10-31 20:47:39,212 - INFO - node    precision | micro: 0.777778; macro: 0.722222; score: [0.83333333 0.5        1.         0.         1.         1.        ]
2025-10-31 20:47:39,212 - INFO - node    recall    | micro: 0.875000; macro: 0.722222; score: [1.         0.66666667 0.66666667 0.         1.         1.        ]
2025-10-31 20:47:39,212 - INFO - node    f1        | micro: 0.823529; macro: 0.713420; score: [0.90909091 0.57142857 0.8        0.         1.         1.        ]
2025-10-31 20:47:39,229 - INFO - service precision | micro: 0.500000; macro: 0.459259; score: [1.         0.4        0.2        0.4        1.         0.
 0.33333333 0.         0.8       ]
2025-10-31 20:47:39,229 - INFO - service recall    | micro: 0.541667; macro: 0.538889; score: [1.   1.   0.25 0.4  0.2  0.   1.   0.   1.  ]
2025-10-31 20:47:39,229 - INFO - service f1        | micro: 0.520000; macro: 0.435097; score: [1.         0.57142857 0.22222222 0.4        0.33333333 0.
 0.5        0.         0.88888889]
2025-10-31 20:47:39,256 - INFO - pod     precision | micro: 0.353414; macro: 0.420102; score: [0.66666667 0.45833333 0.15217391 0.31818182 0.38709677 0.
 0.53846154 0.5        0.76      ]
2025-10-31 20:47:39,256 - INFO - pod     recall    | micro: 0.758621; macro: 0.765378; score: [1.         1.         0.7        0.66666667 0.52173913 0.
 1.         1.         1.        ]
2025-10-31 20:47:39,257 - INFO - pod     f1        | micro: 0.482192; macro: 0.531565; score: [0.8        0.62857143 0.25       0.43076923 0.44444444 0.
 0.7        0.66666667 0.86363636]
2025-10-31 20:47:39,257 - INFO - ----------
2025-10-31 20:47:42,138 - INFO - [61/300] | train_loss: 0.05281
2025-10-31 20:47:45,141 - INFO - [62/300] | train_loss: 0.04571
2025-10-31 20:47:48,140 - INFO - [63/300] | train_loss: 0.03648
2025-10-31 20:47:51,135 - INFO - [64/300] | train_loss: 0.03269
2025-10-31 20:47:54,139 - INFO - [65/300] | train_loss: 0.03184
2025-10-31 20:47:57,241 - INFO - [66/300] | train_loss: 0.02685
2025-10-31 20:48:00,243 - INFO - [67/300] | train_loss: 0.01752
2025-10-31 20:48:03,238 - INFO - [68/300] | train_loss: 0.01690
2025-10-31 20:48:06,238 - INFO - [69/300] | train_loss: 0.01513
2025-10-31 20:48:09,235 - INFO - [70/300] | train_loss: 0.01494
2025-10-31 20:48:09,601 - INFO - ----------
2025-10-31 20:48:09,601 - INFO - evaluation dataset type: valid
2025-10-31 20:48:09,616 - INFO - node    precision | micro: 0.700000; macro: 0.730159; score: [0.71428571 0.66666667 1.         0.         1.         1.        ]
2025-10-31 20:48:09,617 - INFO - node    recall    | micro: 0.875000; macro: 0.722222; score: [1.         0.66666667 0.66666667 0.         1.         1.        ]
2025-10-31 20:48:09,617 - INFO - node    f1        | micro: 0.777778; macro: 0.716667; score: [0.83333333 0.66666667 0.8        0.         1.         1.        ]
2025-10-31 20:48:09,633 - INFO - service precision | micro: 0.866667; macro: 0.703704; score: [1.         1.         0.33333333 1.         1.         0.
 1.         0.         1.        ]
2025-10-31 20:48:09,633 - INFO - service recall    | micro: 0.541667; macro: 0.538889; score: [1.   1.   0.25 0.4  0.2  0.   1.   0.   1.  ]
2025-10-31 20:48:09,633 - INFO - service f1        | micro: 0.666667; macro: 0.576720; score: [1.         1.         0.28571429 0.57142857 0.33333333 0.
 1.         0.         1.        ]
2025-10-31 20:48:09,660 - INFO - pod     precision | micro: 0.538462; macro: 0.607566; score: [0.71428571 0.73333333 0.5        0.25714286 0.48       0.33333333
 0.5        1.         0.95      ]
2025-10-31 20:48:09,660 - INFO - pod     recall    | micro: 0.724138; macro: 0.788923; score: [1.         1.         0.65       0.42857143 0.52173913 0.5
 1.         1.         1.        ]
2025-10-31 20:48:09,661 - INFO - pod     f1        | micro: 0.617647; macro: 0.678573; score: [0.83333333 0.84615385 0.56521739 0.32142857 0.5        0.4
 0.66666667 1.         0.97435897]
2025-10-31 20:48:09,661 - INFO - ----------
2025-10-31 20:48:12,535 - INFO - [71/300] | train_loss: 0.01308
2025-10-31 20:48:15,538 - INFO - [72/300] | train_loss: 0.01365
2025-10-31 20:48:18,539 - INFO - [73/300] | train_loss: 0.01017
2025-10-31 20:48:21,544 - INFO - [74/300] | train_loss: 0.01198
2025-10-31 20:48:24,538 - INFO - [75/300] | train_loss: 0.01366
2025-10-31 20:48:27,536 - INFO - [76/300] | train_loss: 0.00999
2025-10-31 20:48:30,541 - INFO - [77/300] | train_loss: 0.00936
2025-10-31 20:48:33,535 - INFO - [78/300] | train_loss: 0.00918
2025-10-31 20:48:36,536 - INFO - [79/300] | train_loss: 0.01154
2025-10-31 20:48:39,533 - INFO - [80/300] | train_loss: 0.01308
2025-10-31 20:48:39,901 - INFO - ----------
2025-10-31 20:48:39,901 - INFO - evaluation dataset type: valid
2025-10-31 20:48:39,917 - INFO - node    precision | micro: 0.535714; macro: 0.704167; score: [0.625 0.6   1.    0.    1.    1.   ]
2025-10-31 20:48:39,917 - INFO - node    recall    | micro: 0.937500; macro: 0.777778; score: [1.         1.         0.66666667 0.         1.         1.        ]
2025-10-31 20:48:39,917 - INFO - node    f1        | micro: 0.681818; macro: 0.719872; score: [0.76923077 0.75       0.8        0.         1.         1.        ]
2025-10-31 20:48:39,934 - INFO - service precision | micro: 0.700000; macro: 0.611111; score: [0.66666667 1.         0.33333333 1.         1.         0.
 0.5        0.         1.        ]
2025-10-31 20:48:39,934 - INFO - service recall    | micro: 0.583333; macro: 0.566667; score: [1.  1.  0.5 0.4 0.2 0.  1.  0.  1. ]
2025-10-31 20:48:39,934 - INFO - service f1        | micro: 0.636364; macro: 0.530159; score: [0.8        1.         0.4        0.57142857 0.33333333 0.
 0.66666667 0.         1.        ]
2025-10-31 20:48:39,961 - INFO - pod     precision | micro: 0.477528; macro: 0.547763; score: [0.66666667 0.61111111 0.23188406 0.40909091 0.61111111 0.25
 0.7        0.5        0.95      ]
2025-10-31 20:48:39,961 - INFO - pod     recall    | micro: 0.732759; macro: 0.772981; score: [1.         1.         0.8        0.42857143 0.47826087 0.25
 1.         1.         1.        ]
2025-10-31 20:48:39,962 - INFO - pod     f1        | micro: 0.578231; macro: 0.620880; score: [0.8        0.75862069 0.35955056 0.41860465 0.53658537 0.25
 0.82352941 0.66666667 0.97435897]
2025-10-31 20:48:39,962 - INFO - ----------
2025-10-31 20:48:42,843 - INFO - [81/300] | train_loss: 0.01249
2025-10-31 20:48:45,844 - INFO - [82/300] | train_loss: 0.01637
2025-10-31 20:48:48,839 - INFO - [83/300] | train_loss: 0.01924
2025-10-31 20:48:51,843 - INFO - [84/300] | train_loss: 0.01590
2025-10-31 20:48:54,940 - INFO - [85/300] | train_loss: 0.01173
2025-10-31 20:48:57,936 - INFO - [86/300] | train_loss: 0.01786
2025-10-31 20:49:00,939 - INFO - [87/300] | train_loss: 0.01119
2025-10-31 20:49:03,940 - INFO - [88/300] | train_loss: 0.01315
2025-10-31 20:49:06,936 - INFO - [89/300] | train_loss: 0.01265
2025-10-31 20:49:09,938 - INFO - [90/300] | train_loss: 0.01115
2025-10-31 20:49:10,295 - INFO - ----------
2025-10-31 20:49:10,296 - INFO - evaluation dataset type: valid
2025-10-31 20:49:10,312 - INFO - node    precision | micro: 0.750000; macro: 0.719048; score: [0.71428571 0.6        1.         0.         1.         1.        ]
2025-10-31 20:49:10,312 - INFO - node    recall    | micro: 0.937500; macro: 0.777778; score: [1.         1.         0.66666667 0.         1.         1.        ]
2025-10-31 20:49:10,312 - INFO - node    f1        | micro: 0.833333; macro: 0.730556; score: [0.83333333 0.75       0.8        0.         1.         1.        ]
2025-10-31 20:49:10,328 - INFO - service precision | micro: 0.700000; macro: 0.648148; score: [1.         0.5        0.33333333 1.         1.         0.
 1.         0.         1.        ]
2025-10-31 20:49:10,329 - INFO - service recall    | micro: 0.583333; macro: 0.566667; score: [1.  1.  0.5 0.4 0.2 0.  1.  0.  1. ]
2025-10-31 20:49:10,329 - INFO - service f1        | micro: 0.636364; macro: 0.552381; score: [1.         0.66666667 0.4        0.57142857 0.33333333 0.
 1.         0.         1.        ]
2025-10-31 20:49:10,357 - INFO - pod     precision | micro: 0.537500; macro: 0.651908; score: [0.83333333 0.44       0.30612245 0.42105263 0.58333333 0.33333333
 1.         1.         0.95      ]
2025-10-31 20:49:10,357 - INFO - pod     recall    | micro: 0.741379; macro: 0.776628; score: [1.         1.         0.75       0.38095238 0.60869565 0.25
 1.         1.         1.        ]
2025-10-31 20:49:10,357 - INFO - pod     f1        | micro: 0.623188; macro: 0.690089; score: [0.90909091 0.61111111 0.43478261 0.4        0.59574468 0.28571429
 1.         1.         0.97435897]
2025-10-31 20:49:10,357 - INFO - ----------
2025-10-31 20:49:13,229 - INFO - [91/300] | train_loss: 0.00975
2025-10-31 20:49:16,337 - INFO - [92/300] | train_loss: 0.01041
2025-10-31 20:49:19,335 - INFO - [93/300] | train_loss: 0.00919
2025-10-31 20:49:22,338 - INFO - [94/300] | train_loss: 0.00777
2025-10-31 20:49:25,323 - INFO - [95/300] | train_loss: 0.00749
2025-10-31 20:49:28,345 - INFO - [96/300] | train_loss: 0.00795
2025-10-31 20:49:31,339 - INFO - [97/300] | train_loss: 0.00714
2025-10-31 20:49:34,338 - INFO - [98/300] | train_loss: 0.01146
2025-10-31 20:49:37,337 - INFO - [99/300] | train_loss: 0.00805
2025-10-31 20:49:40,540 - INFO - [100/300] | train_loss: 0.00771
2025-10-31 20:49:40,898 - INFO - ----------
2025-10-31 20:49:40,898 - INFO - evaluation dataset type: valid
2025-10-31 20:49:40,914 - INFO - node    precision | micro: 0.750000; macro: 0.719048; score: [0.71428571 0.6        1.         0.         1.         1.        ]
2025-10-31 20:49:40,914 - INFO - node    recall    | micro: 0.937500; macro: 0.777778; score: [1.         1.         0.66666667 0.         1.         1.        ]
2025-10-31 20:49:40,914 - INFO - node    f1        | micro: 0.833333; macro: 0.730556; score: [0.83333333 0.75       0.8        0.         1.         1.        ]
2025-10-31 20:49:40,931 - INFO - service precision | micro: 0.812500; macro: 0.711111; score: [1.  1.  0.4 1.  1.  0.  1.  0.  1. ]
2025-10-31 20:49:40,931 - INFO - service recall    | micro: 0.541667; macro: 0.544444; score: [1.  1.  0.5 0.2 0.2 0.  1.  0.  1. ]
2025-10-31 20:49:40,931 - INFO - service f1        | micro: 0.650000; macro: 0.567901; score: [1.         1.         0.44444444 0.33333333 0.33333333 0.
 1.         0.         1.        ]
2025-10-31 20:49:40,958 - INFO - pod     precision | micro: 0.691589; macro: 0.702962; score: [0.90909091 0.73333333 0.44       0.4        0.76923077 0.25
 0.875      1.         0.95      ]
2025-10-31 20:49:40,958 - INFO - pod     recall    | micro: 0.637931; macro: 0.713918; score: [1.         1.         0.55       0.19047619 0.43478261 0.25
 1.         1.         1.        ]
2025-10-31 20:49:40,959 - INFO - pod     f1        | micro: 0.663677; macro: 0.695415; score: [0.95238095 0.84615385 0.48888889 0.25806452 0.55555556 0.25
 0.93333333 1.         0.97435897]
2025-10-31 20:49:40,959 - INFO - ----------
2025-10-31 20:49:43,833 - INFO - [101/300] | train_loss: 0.00961
2025-10-31 20:49:46,843 - INFO - [102/300] | train_loss: 0.00590
2025-10-31 20:49:49,827 - INFO - [103/300] | train_loss: 0.01083
2025-10-31 20:49:52,843 - INFO - [104/300] | train_loss: 0.00726
2025-10-31 20:49:55,844 - INFO - [105/300] | train_loss: 0.00657
2025-10-31 20:49:58,839 - INFO - [106/300] | train_loss: 0.00644
2025-10-31 20:50:01,838 - INFO - [107/300] | train_loss: 0.00787
2025-10-31 20:50:04,834 - INFO - [108/300] | train_loss: 0.00589
2025-10-31 20:50:07,839 - INFO - [109/300] | train_loss: 0.00643
2025-10-31 20:50:10,839 - INFO - [110/300] | train_loss: 0.00480
2025-10-31 20:50:11,196 - INFO - ----------
2025-10-31 20:50:11,196 - INFO - evaluation dataset type: valid
2025-10-31 20:50:11,211 - INFO - node    precision | micro: 0.777778; macro: 0.730159; score: [0.71428571 0.66666667 1.         0.         1.         1.        ]
2025-10-31 20:50:11,212 - INFO - node    recall    | micro: 0.875000; macro: 0.722222; score: [1.         0.66666667 0.66666667 0.         1.         1.        ]
2025-10-31 20:50:11,212 - INFO - node    f1        | micro: 0.823529; macro: 0.716667; score: [0.83333333 0.66666667 0.8        0.         1.         1.        ]
2025-10-31 20:50:11,228 - INFO - service precision | micro: 0.916667; macro: 0.722222; score: [1.  1.  0.5 1.  1.  0.  1.  0.  1. ]
2025-10-31 20:50:11,228 - INFO - service recall    | micro: 0.458333; macro: 0.488889; score: [1.   1.   0.25 0.2  0.2  0.   1.   0.   0.75]
2025-10-31 20:50:11,228 - INFO - service f1        | micro: 0.611111; macro: 0.539683; score: [1.         1.         0.33333333 0.33333333 0.33333333 0.
 1.         0.         0.85714286]
2025-10-31 20:50:11,255 - INFO - pod     precision | micro: 0.700855; macro: 0.742196; score: [0.83333333 0.73333333 0.46428571 0.46666667 0.85714286 0.5
 0.875      1.         0.95      ]
2025-10-31 20:50:11,255 - INFO - pod     recall    | micro: 0.706897; macro: 0.778341; score: [1.         1.         0.65       0.33333333 0.52173913 0.5
 1.         1.         1.        ]
2025-10-31 20:50:11,255 - INFO - pod     f1        | micro: 0.703863; macro: 0.749127; score: [0.90909091 0.84615385 0.54166667 0.38888889 0.64864865 0.5
 0.93333333 1.         0.97435897]
2025-10-31 20:50:11,255 - INFO - ----------
2025-10-31 20:50:14,131 - INFO - [111/300] | train_loss: 0.00558
2025-10-31 20:50:17,135 - INFO - [112/300] | train_loss: 0.00549
2025-10-31 20:50:20,134 - INFO - [113/300] | train_loss: 0.00692
2025-10-31 20:50:23,140 - INFO - [114/300] | train_loss: 0.00594
2025-10-31 20:50:26,136 - INFO - [115/300] | train_loss: 0.00800
2025-10-31 20:50:29,139 - INFO - [116/300] | train_loss: 0.01325
2025-10-31 20:50:32,140 - INFO - [117/300] | train_loss: 0.02155
2025-10-31 20:50:35,237 - INFO - [118/300] | train_loss: 0.03897
2025-10-31 20:50:38,221 - INFO - [119/300] | train_loss: 0.03893
2025-10-31 20:50:41,233 - INFO - [120/300] | train_loss: 0.09504
2025-10-31 20:50:41,585 - INFO - ----------
2025-10-31 20:50:41,586 - INFO - evaluation dataset type: valid
2025-10-31 20:50:41,602 - INFO - node    precision | micro: 0.230769; macro: 0.520452; score: [0.38461538 0.07142857 1.         0.         0.66666667 1.        ]
2025-10-31 20:50:41,602 - INFO - node    recall    | micro: 0.937500; macro: 0.777778; score: [1.         1.         0.66666667 0.         1.         1.        ]
2025-10-31 20:50:41,602 - INFO - node    f1        | micro: 0.370370; macro: 0.548148; score: [0.55555556 0.13333333 0.8        0.         0.8        1.        ]
2025-10-31 20:50:41,619 - INFO - service precision | micro: 0.625000; macro: 0.490741; score: [0.66666667 1.         0.         0.5        1.         0.
 0.25       0.         1.        ]
2025-10-31 20:50:41,619 - INFO - service recall    | micro: 0.416667; macro: 0.461111; score: [1.   1.   0.   0.2  0.2  0.   1.   0.   0.75]
2025-10-31 20:50:41,619 - INFO - service f1        | micro: 0.500000; macro: 0.408466; score: [0.8        1.         0.         0.28571429 0.33333333 0.
 0.4        0.         0.85714286]
2025-10-31 20:50:41,647 - INFO - pod     precision | micro: 0.529032; macro: 0.510102; score: [0.625      0.64705882 0.47058824 0.30555556 0.71428571 0.22222222
 0.41176471 0.25       0.94444444]
2025-10-31 20:50:41,647 - INFO - pod     recall    | micro: 0.706897; macro: 0.774524; score: [1.         1.         0.4        0.52380952 0.65217391 0.5
 1.         1.         0.89473684]
2025-10-31 20:50:41,647 - INFO - pod     f1        | micro: 0.605166; macro: 0.585012; score: [0.76923077 0.78571429 0.43243243 0.38596491 0.68181818 0.30769231
 0.58333333 0.4        0.91891892]
2025-10-31 20:50:41,647 - INFO - ----------
2025-10-31 20:50:44,536 - INFO - [121/300] | train_loss: 0.10482
2025-10-31 20:50:47,542 - INFO - [122/300] | train_loss: 0.07970
2025-10-31 20:50:50,532 - INFO - [123/300] | train_loss: 0.06061
2025-10-31 20:50:53,535 - INFO - [124/300] | train_loss: 0.07153
2025-10-31 20:50:56,636 - INFO - [125/300] | train_loss: 0.07016
2025-10-31 20:50:59,644 - INFO - [126/300] | train_loss: 0.07267
2025-10-31 20:51:02,635 - INFO - [127/300] | train_loss: 0.06501
2025-10-31 20:51:05,637 - INFO - [128/300] | train_loss: 0.05562
2025-10-31 20:51:08,640 - INFO - [129/300] | train_loss: 0.07284
2025-10-31 20:51:11,641 - INFO - [130/300] | train_loss: 0.05102
2025-10-31 20:51:12,004 - INFO - ----------
2025-10-31 20:51:12,004 - INFO - evaluation dataset type: valid
2025-10-31 20:51:12,019 - INFO - node    precision | micro: 0.652174; macro: 0.690476; score: [0.71428571 0.42857143 1.         0.         1.         1.        ]
2025-10-31 20:51:12,019 - INFO - node    recall    | micro: 0.937500; macro: 0.777778; score: [1.         1.         0.66666667 0.         1.         1.        ]
2025-10-31 20:51:12,020 - INFO - node    f1        | micro: 0.769231; macro: 0.705556; score: [0.83333333 0.6        0.8        0.         1.         1.        ]
2025-10-31 20:51:12,036 - INFO - service precision | micro: 0.611111; macro: 0.563492; score: [1.         0.5        0.         0.         1.         1.
 1.         0.         0.57142857]
2025-10-31 20:51:12,036 - INFO - service recall    | micro: 0.458333; macro: 0.577778; score: [1.  1.  0.  0.  0.2 1.  1.  0.  1. ]
2025-10-31 20:51:12,036 - INFO - service f1        | micro: 0.523810; macro: 0.525253; score: [1.         0.66666667 0.         0.         0.33333333 1.
 1.         0.         0.72727273]
2025-10-31 20:51:12,063 - INFO - pod     precision | micro: 0.446927; macro: 0.488199; score: [0.83333333 0.42307692 0.25       0.4        0.51612903 0.2
 0.77777778 0.04347826 0.95      ]
2025-10-31 20:51:12,063 - INFO - pod     recall    | micro: 0.689655; macro: 0.786818; score: [1.         1.         0.35       0.28571429 0.69565217 0.75
 1.         1.         1.        ]
2025-10-31 20:51:12,063 - INFO - pod     f1        | micro: 0.542373; macro: 0.552196; score: [0.90909091 0.59459459 0.29166667 0.33333333 0.59259259 0.31578947
 0.875      0.08333333 0.97435897]
2025-10-31 20:51:12,063 - INFO - ----------
2025-10-31 20:51:14,940 - INFO - [131/300] | train_loss: 0.03988
2025-10-31 20:51:17,937 - INFO - [132/300] | train_loss: 0.14931
2025-10-31 20:51:20,936 - INFO - [133/300] | train_loss: 0.25976
2025-10-31 20:51:23,921 - INFO - [134/300] | train_loss: 0.20166
2025-10-31 20:51:26,943 - INFO - [135/300] | train_loss: 0.24073
2025-10-31 20:51:29,942 - INFO - [136/300] | train_loss: 0.10754
2025-10-31 20:51:33,036 - INFO - [137/300] | train_loss: 0.06296
2025-10-31 20:51:36,038 - INFO - [138/300] | train_loss: 0.05984
2025-10-31 20:51:39,036 - INFO - [139/300] | train_loss: 0.05277
2025-10-31 20:51:42,042 - INFO - [140/300] | train_loss: 0.03063
2025-10-31 20:51:42,387 - INFO - ----------
2025-10-31 20:51:42,387 - INFO - evaluation dataset type: valid
2025-10-31 20:51:42,403 - INFO - node    precision | micro: 0.681818; macro: 0.690476; score: [0.71428571 0.42857143 1.         0.         1.         1.        ]
2025-10-31 20:51:42,403 - INFO - node    recall    | micro: 0.937500; macro: 0.777778; score: [1.         1.         0.66666667 0.         1.         1.        ]
2025-10-31 20:51:42,403 - INFO - node    f1        | micro: 0.789474; macro: 0.705556; score: [0.83333333 0.6        0.8        0.         1.         1.        ]
2025-10-31 20:51:42,420 - INFO - service precision | micro: 0.454545; macro: 0.492593; score: [1.         0.33333333 0.26666667 0.5        1.         0.
 0.33333333 0.         1.        ]
2025-10-31 20:51:42,420 - INFO - service recall    | micro: 0.625000; macro: 0.594444; score: [1.   1.   1.   0.2  0.4  0.   1.   0.   0.75]
2025-10-31 20:51:42,420 - INFO - service f1        | micro: 0.526316; macro: 0.459482; score: [1.         0.5        0.42105263 0.28571429 0.57142857 0.
 0.5        0.         0.85714286]
2025-10-31 20:51:42,447 - INFO - pod     precision | micro: 0.430769; macro: 0.518593; score: [1.         0.34375    0.22222222 0.28       0.56       0.125
 0.63636364 0.5        1.        ]
2025-10-31 20:51:42,447 - INFO - pod     recall    | micro: 0.724138; macro: 0.765781; score: [1.         1.         0.7        0.33333333 0.60869565 0.25
 1.         1.         1.        ]
2025-10-31 20:51:42,447 - INFO - pod     f1        | micro: 0.540193; macro: 0.594197; score: [1.         0.51162791 0.3373494  0.30434783 0.58333333 0.16666667
 0.77777778 0.66666667 1.        ]
2025-10-31 20:51:42,447 - INFO - ----------
2025-10-31 20:51:45,341 - INFO - [141/300] | train_loss: 0.03082
2025-10-31 20:51:48,340 - INFO - [142/300] | train_loss: 0.02652
2025-10-31 20:51:51,340 - INFO - [143/300] | train_loss: 0.02724
2025-10-31 20:51:54,333 - INFO - [144/300] | train_loss: 0.01899
2025-10-31 20:51:57,338 - INFO - [145/300] | train_loss: 0.01438
2025-10-31 20:52:00,339 - INFO - [146/300] | train_loss: 0.01445
2025-10-31 20:52:03,436 - INFO - [147/300] | train_loss: 0.01233
2025-10-31 20:52:06,440 - INFO - [148/300] | train_loss: 0.01039
2025-10-31 20:52:09,500 - INFO - [149/300] | train_loss: 0.00994
2025-10-31 20:52:12,644 - INFO - [150/300] | train_loss: 0.00901
2025-10-31 20:52:13,000 - INFO - ----------
2025-10-31 20:52:13,001 - INFO - evaluation dataset type: valid
2025-10-31 20:52:13,016 - INFO - node    precision | micro: 0.750000; macro: 0.719048; score: [0.71428571 0.6        1.         0.         1.         1.        ]
2025-10-31 20:52:13,016 - INFO - node    recall    | micro: 0.937500; macro: 0.777778; score: [1.         1.         0.66666667 0.         1.         1.        ]
2025-10-31 20:52:13,016 - INFO - node    f1        | micro: 0.833333; macro: 0.730556; score: [0.83333333 0.75       0.8        0.         1.         1.        ]
2025-10-31 20:52:13,063 - INFO - service precision | micro: 0.800000; macro: 0.711111; score: [1.  1.  0.4 1.  1.  0.  1.  0.  1. ]
2025-10-31 20:52:13,063 - INFO - service recall    | micro: 0.500000; macro: 0.516667; score: [1.   1.   0.5  0.2  0.2  0.   1.   0.   0.75]
2025-10-31 20:52:13,063 - INFO - service f1        | micro: 0.615385; macro: 0.552028; score: [1.         1.         0.44444444 0.33333333 0.33333333 0.
 1.         0.         0.85714286]
2025-10-31 20:52:13,090 - INFO - pod     precision | micro: 0.611940; macro: 0.626636; score: [0.90909091 0.6875     0.33333333 0.41176471 0.76470588 0.33333333
 0.7        0.5        1.        ]
2025-10-31 20:52:13,091 - INFO - pod     recall    | micro: 0.706897; macro: 0.755395; score: [1.         1.         0.65       0.33333333 0.56521739 0.25
 1.         1.         1.        ]
2025-10-31 20:52:13,091 - INFO - pod     f1        | micro: 0.656000; macro: 0.666912; score: [0.95238095 0.81481481 0.44067797 0.36842105 0.65       0.28571429
 0.82352941 0.66666667 1.        ]
2025-10-31 20:52:13,091 - INFO - ----------
2025-10-31 20:52:15,943 - INFO - [151/300] | train_loss: 0.00763
2025-10-31 20:52:18,927 - INFO - [152/300] | train_loss: 0.00736
2025-10-31 20:52:21,936 - INFO - [153/300] | train_loss: 0.00804
2025-10-31 20:52:24,944 - INFO - [154/300] | train_loss: 0.00939
2025-10-31 20:52:27,937 - INFO - [155/300] | train_loss: 0.01011
2025-10-31 20:52:30,942 - INFO - [156/300] | train_loss: 0.00931
2025-10-31 20:52:33,940 - INFO - [157/300] | train_loss: 0.00909
2025-10-31 20:52:36,940 - INFO - [158/300] | train_loss: 0.00825
2025-10-31 20:52:40,036 - INFO - [159/300] | train_loss: 0.00881
2025-10-31 20:52:43,040 - INFO - [160/300] | train_loss: 0.00812
2025-10-31 20:52:43,402 - INFO - ----------
2025-10-31 20:52:43,402 - INFO - evaluation dataset type: valid
2025-10-31 20:52:43,417 - INFO - node    precision | micro: 0.714286; macro: 0.702381; score: [0.71428571 0.5        1.         0.         1.         1.        ]
2025-10-31 20:52:43,417 - INFO - node    recall    | micro: 0.937500; macro: 0.777778; score: [1.         1.         0.66666667 0.         1.         1.        ]
2025-10-31 20:52:43,417 - INFO - node    f1        | micro: 0.810811; macro: 0.716667; score: [0.83333333 0.66666667 0.8        0.         1.         1.        ]
2025-10-31 20:52:43,433 - INFO - service precision | micro: 0.866667; macro: 0.685185; score: [1.         1.         1.         0.66666667 1.         0.
 0.5        0.         1.        ]
2025-10-31 20:52:43,434 - INFO - service recall    | micro: 0.541667; macro: 0.538889; score: [1.   1.   0.5  0.4  0.2  0.   1.   0.   0.75]
2025-10-31 20:52:43,434 - INFO - service f1        | micro: 0.666667; macro: 0.558201; score: [1.         1.         0.66666667 0.5        0.33333333 0.
 0.66666667 0.         0.85714286]
2025-10-31 20:52:43,461 - INFO - pod     precision | micro: 0.578571; macro: 0.593705; score: [0.90909091 0.6875     0.39285714 0.25806452 0.8125     0.25
 0.58333333 0.5        0.95      ]
2025-10-31 20:52:43,461 - INFO - pod     recall    | micro: 0.698276; macro: 0.749574; score: [1.         1.         0.55       0.38095238 0.56521739 0.25
 1.         1.         1.        ]
2025-10-31 20:52:43,461 - INFO - pod     f1        | micro: 0.632813; macro: 0.647528; score: [0.95238095 0.81481481 0.45833333 0.30769231 0.66666667 0.25
 0.73684211 0.66666667 0.97435897]
2025-10-31 20:52:43,461 - INFO - ----------
2025-10-31 20:52:46,335 - INFO - [161/300] | train_loss: 0.00662
2025-10-31 20:52:49,341 - INFO - [162/300] | train_loss: 0.00696
2025-10-31 20:52:52,340 - INFO - [163/300] | train_loss: 0.00663
2025-10-31 20:52:55,435 - INFO - [164/300] | train_loss: 0.00713
2025-10-31 20:52:58,439 - INFO - [165/300] | train_loss: 0.00657
2025-10-31 20:53:01,438 - INFO - [166/300] | train_loss: 0.00818
2025-10-31 20:53:04,436 - INFO - [167/300] | train_loss: 0.00934
2025-10-31 20:53:07,538 - INFO - [168/300] | train_loss: 0.00687
2025-10-31 20:53:10,535 - INFO - [169/300] | train_loss: 0.00590
2025-10-31 20:53:13,628 - INFO - [170/300] | train_loss: 0.00518
2025-10-31 20:53:13,991 - INFO - ----------
2025-10-31 20:53:13,991 - INFO - evaluation dataset type: valid
2025-10-31 20:53:14,007 - INFO - node    precision | micro: 0.714286; macro: 0.702381; score: [0.71428571 0.5        1.         0.         1.         1.        ]
2025-10-31 20:53:14,008 - INFO - node    recall    | micro: 0.937500; macro: 0.777778; score: [1.         1.         0.66666667 0.         1.         1.        ]
2025-10-31 20:53:14,008 - INFO - node    f1        | micro: 0.810811; macro: 0.716667; score: [0.83333333 0.66666667 0.8        0.         1.         1.        ]
2025-10-31 20:53:14,025 - INFO - service precision | micro: 0.923077; macro: 0.740741; score: [1.         0.66666667 1.         1.         1.         0.
 1.         0.         1.        ]
2025-10-31 20:53:14,025 - INFO - service recall    | micro: 0.500000; macro: 0.511111; score: [1.   1.   0.25 0.4  0.2  0.   1.   0.   0.75]
2025-10-31 20:53:14,025 - INFO - service f1        | micro: 0.648649; macro: 0.551323; score: [1.         0.8        0.4        0.57142857 0.33333333 0.
 1.         0.         0.85714286]
2025-10-31 20:53:14,053 - INFO - pod     precision | micro: 0.661017; macro: 0.677707; score: [0.90909091 0.78571429 0.37037037 0.33333333 0.92307692 0.5
 0.77777778 0.5        1.        ]
2025-10-31 20:53:14,053 - INFO - pod     recall    | micro: 0.672414; macro: 0.733897; score: [1.         1.         0.5        0.33333333 0.52173913 0.25
 1.         1.         1.        ]
2025-10-31 20:53:14,053 - INFO - pod     f1        | micro: 0.666667; macro: 0.681435; score: [0.95238095 0.88       0.42553191 0.33333333 0.66666667 0.33333333
 0.875      0.66666667 1.        ]
2025-10-31 20:53:14,053 - INFO - ----------
2025-10-31 20:53:16,942 - INFO - [171/300] | train_loss: 0.00525
2025-10-31 20:53:19,938 - INFO - [172/300] | train_loss: 0.00688
2025-10-31 20:53:22,938 - INFO - [173/300] | train_loss: 0.00576
2025-10-31 20:53:25,937 - INFO - [174/300] | train_loss: 0.00480
2025-10-31 20:53:28,939 - INFO - [175/300] | train_loss: 0.00565
2025-10-31 20:53:32,039 - INFO - [176/300] | train_loss: 0.00444
2025-10-31 20:53:35,036 - INFO - [177/300] | train_loss: 0.00566
2025-10-31 20:53:38,022 - INFO - [178/300] | train_loss: 0.00483
2025-10-31 20:53:41,134 - INFO - [179/300] | train_loss: 0.00530
2025-10-31 20:53:44,124 - INFO - [180/300] | train_loss: 0.00467
2025-10-31 20:53:44,505 - INFO - ----------
2025-10-31 20:53:44,505 - INFO - evaluation dataset type: valid
2025-10-31 20:53:44,520 - INFO - node    precision | micro: 0.714286; macro: 0.702381; score: [0.71428571 0.5        1.         0.         1.         1.        ]
2025-10-31 20:53:44,521 - INFO - node    recall    | micro: 0.937500; macro: 0.777778; score: [1.         1.         0.66666667 0.         1.         1.        ]
2025-10-31 20:53:44,521 - INFO - node    f1        | micro: 0.810811; macro: 0.716667; score: [0.83333333 0.66666667 0.8        0.         1.         1.        ]
2025-10-31 20:53:44,537 - INFO - service precision | micro: 0.909091; macro: 0.611111; score: [1.  1.  0.  1.  1.  0.  0.5 0.  1. ]
2025-10-31 20:53:44,537 - INFO - service recall    | micro: 0.416667; macro: 0.461111; score: [1.   1.   0.   0.2  0.2  0.   1.   0.   0.75]
2025-10-31 20:53:44,537 - INFO - service f1        | micro: 0.571429; macro: 0.465608; score: [1.         1.         0.         0.33333333 0.33333333 0.
 0.66666667 0.         0.85714286]
2025-10-31 20:53:44,564 - INFO - pod     precision | micro: 0.705357; macro: 0.703074; score: [0.90909091 0.78571429 0.43478261 0.4        0.92307692 0.5
 0.875      0.5        1.        ]
2025-10-31 20:53:44,564 - INFO - pod     recall    | micro: 0.681034; macro: 0.739188; score: [1.         1.         0.5        0.38095238 0.52173913 0.25
 1.         1.         1.        ]
2025-10-31 20:53:44,565 - INFO - pod     f1        | micro: 0.692982; macro: 0.698638; score: [0.95238095 0.88       0.46511628 0.3902439  0.66666667 0.33333333
 0.93333333 0.66666667 1.        ]
2025-10-31 20:53:44,565 - INFO - ----------
2025-10-31 20:53:47,436 - INFO - [181/300] | train_loss: 0.00465
2025-10-31 20:53:50,428 - INFO - [182/300] | train_loss: 0.00471
2025-10-31 20:53:53,443 - INFO - [183/300] | train_loss: 0.00371
2025-10-31 20:53:56,442 - INFO - [184/300] | train_loss: 0.00390
2025-10-31 20:53:59,430 - INFO - [185/300] | train_loss: 0.00410
2025-10-31 20:54:02,424 - INFO - [186/300] | train_loss: 0.00667
2025-10-31 20:54:05,441 - INFO - [187/300] | train_loss: 0.00466
2025-10-31 20:54:08,440 - INFO - [188/300] | train_loss: 0.00517
2025-10-31 20:54:11,440 - INFO - [189/300] | train_loss: 0.01115
2025-10-31 20:54:14,443 - INFO - [190/300] | train_loss: 0.00420
2025-10-31 20:54:14,798 - INFO - ----------
2025-10-31 20:54:14,798 - INFO - evaluation dataset type: valid
2025-10-31 20:54:14,815 - INFO - node    precision | micro: 0.789474; macro: 0.744048; score: [0.71428571 0.75       1.         0.         1.         1.        ]
2025-10-31 20:54:14,815 - INFO - node    recall    | micro: 0.937500; macro: 0.777778; score: [1.         1.         0.66666667 0.         1.         1.        ]
2025-10-31 20:54:14,815 - INFO - node    f1        | micro: 0.857143; macro: 0.748413; score: [0.83333333 0.85714286 0.8        0.         1.         1.        ]
2025-10-31 20:54:14,831 - INFO - service precision | micro: 0.909091; macro: 0.666667; score: [1. 1. 0. 1. 1. 0. 1. 0. 1.]
2025-10-31 20:54:14,831 - INFO - service recall    | micro: 0.416667; macro: 0.461111; score: [1.   1.   0.   0.2  0.2  0.   1.   0.   0.75]
2025-10-31 20:54:14,831 - INFO - service f1        | micro: 0.571429; macro: 0.502646; score: [1.         1.         0.         0.33333333 0.33333333 0.
 1.         0.         0.85714286]
2025-10-31 20:54:14,858 - INFO - pod     precision | micro: 0.688073; macro: 0.704606; score: [0.90909091 0.78571429 0.38461538 0.35294118 0.90909091 0.5
 1.         0.5        1.        ]
2025-10-31 20:54:14,858 - INFO - pod     recall    | micro: 0.646552; macro: 0.718944; score: [1.         1.         0.5        0.28571429 0.43478261 0.25
 1.         1.         1.        ]
2025-10-31 20:54:14,858 - INFO - pod     f1        | micro: 0.666667; macro: 0.685688; score: [0.95238095 0.88       0.43478261 0.31578947 0.58823529 0.33333333
 1.         0.66666667 1.        ]
2025-10-31 20:54:14,858 - INFO - ----------
2025-10-31 20:54:17,739 - INFO - [191/300] | train_loss: 0.00466
2025-10-31 20:54:20,746 - INFO - [192/300] | train_loss: 0.00494
2025-10-31 20:54:23,737 - INFO - [193/300] | train_loss: 0.00457
2025-10-31 20:54:26,740 - INFO - [194/300] | train_loss: 0.00446
2025-10-31 20:54:29,739 - INFO - [195/300] | train_loss: 0.00535
2025-10-31 20:54:32,738 - INFO - [196/300] | train_loss: 0.00672
2025-10-31 20:54:35,735 - INFO - [197/300] | train_loss: 0.00463
2025-10-31 20:54:38,737 - INFO - [198/300] | train_loss: 0.00373
2025-10-31 20:54:41,739 - INFO - [199/300] | train_loss: 0.00551
2025-10-31 20:54:44,737 - INFO - [200/300] | train_loss: 0.00433
2025-10-31 20:54:45,102 - INFO - ----------
2025-10-31 20:54:45,103 - INFO - evaluation dataset type: valid
2025-10-31 20:54:45,118 - INFO - node    precision | micro: 0.714286; macro: 0.702381; score: [0.71428571 0.5        1.         0.         1.         1.        ]
2025-10-31 20:54:45,118 - INFO - node    recall    | micro: 0.937500; macro: 0.777778; score: [1.         1.         0.66666667 0.         1.         1.        ]
2025-10-31 20:54:45,119 - INFO - node    f1        | micro: 0.810811; macro: 0.716667; score: [0.83333333 0.66666667 0.8        0.         1.         1.        ]
2025-10-31 20:54:45,135 - INFO - service precision | micro: 0.909091; macro: 0.611111; score: [1.  1.  0.  1.  1.  0.  0.5 0.  1. ]
2025-10-31 20:54:45,135 - INFO - service recall    | micro: 0.416667; macro: 0.461111; score: [1.   1.   0.   0.2  0.2  0.   1.   0.   0.75]
2025-10-31 20:54:45,135 - INFO - service f1        | micro: 0.571429; macro: 0.465608; score: [1.         1.         0.         0.33333333 0.33333333 0.
 0.66666667 0.         0.85714286]
2025-10-31 20:54:45,162 - INFO - pod     precision | micro: 0.724771; macro: 0.724864; score: [0.90909091 0.78571429 0.47619048 0.44444444 0.91666667 0.66666667
 0.875      0.5        0.95      ]
2025-10-31 20:54:45,162 - INFO - pod     recall    | micro: 0.681034; macro: 0.762135; score: [1.         1.         0.5        0.38095238 0.47826087 0.5
 1.         1.         1.        ]
2025-10-31 20:54:45,162 - INFO - pod     f1        | micro: 0.702222; macro: 0.722756; score: [0.95238095 0.88       0.48780488 0.41025641 0.62857143 0.57142857
 0.93333333 0.66666667 0.97435897]
2025-10-31 20:54:45,162 - INFO - ----------
2025-10-31 20:54:48,038 - INFO - [201/300] | train_loss: 0.00400
2025-10-31 20:54:51,143 - INFO - [202/300] | train_loss: 0.00384
2025-10-31 20:54:54,238 - INFO - [203/300] | train_loss: 0.00409
2025-10-31 20:54:57,231 - INFO - [204/300] | train_loss: 0.00378
2025-10-31 20:55:00,237 - INFO - [205/300] | train_loss: 0.00527
2025-10-31 20:55:03,353 - INFO - [206/300] | train_loss: 0.00367
2025-10-31 20:55:06,535 - INFO - [207/300] | train_loss: 0.00345
2025-10-31 20:55:09,536 - INFO - [208/300] | train_loss: 0.00449
2025-10-31 20:55:12,539 - INFO - [209/300] | train_loss: 0.00559
2025-10-31 20:55:15,536 - INFO - [210/300] | train_loss: 0.00443
2025-10-31 20:55:15,904 - INFO - ----------
2025-10-31 20:55:15,904 - INFO - evaluation dataset type: valid
2025-10-31 20:55:15,921 - INFO - node    precision | micro: 0.714286; macro: 0.702381; score: [0.71428571 0.5        1.         0.         1.         1.        ]
2025-10-31 20:55:15,921 - INFO - node    recall    | micro: 0.937500; macro: 0.777778; score: [1.         1.         0.66666667 0.         1.         1.        ]
2025-10-31 20:55:15,921 - INFO - node    f1        | micro: 0.810811; macro: 0.716667; score: [0.83333333 0.66666667 0.8        0.         1.         1.        ]
2025-10-31 20:55:15,937 - INFO - service precision | micro: 0.909091; macro: 0.611111; score: [1.  1.  0.  1.  1.  0.  0.5 0.  1. ]
2025-10-31 20:55:15,937 - INFO - service recall    | micro: 0.416667; macro: 0.461111; score: [1.   1.   0.   0.2  0.2  0.   1.   0.   0.75]
2025-10-31 20:55:15,937 - INFO - service f1        | micro: 0.571429; macro: 0.465608; score: [1.         1.         0.         0.33333333 0.33333333 0.
 0.66666667 0.         0.85714286]
2025-10-31 20:55:15,965 - INFO - pod     precision | micro: 0.709091; macro: 0.750878; score: [0.83333333 0.78571429 0.47619048 0.42857143 0.90909091 0.5
 0.875      1.         0.95      ]
2025-10-31 20:55:15,965 - INFO - pod     recall    | micro: 0.672414; macro: 0.734817; score: [1.         1.         0.5        0.42857143 0.43478261 0.25
 1.         1.         1.        ]
2025-10-31 20:55:15,965 - INFO - pod     f1        | micro: 0.690265; macro: 0.726081; score: [0.90909091 0.88       0.48780488 0.42857143 0.58823529 0.33333333
 0.93333333 1.         0.97435897]
2025-10-31 20:55:15,965 - INFO - ----------
2025-10-31 20:55:18,835 - INFO - [211/300] | train_loss: 0.01087
2025-10-31 20:55:21,836 - INFO - [212/300] | train_loss: 0.00438
2025-10-31 20:55:24,833 - INFO - [213/300] | train_loss: 0.00384
2025-10-31 20:55:27,822 - INFO - [214/300] | train_loss: 0.00361
2025-10-31 20:55:30,837 - INFO - [215/300] | train_loss: 0.00361
2025-10-31 20:55:33,834 - INFO - [216/300] | train_loss: 0.00311
2025-10-31 20:55:36,835 - INFO - [217/300] | train_loss: 0.00342
2025-10-31 20:55:39,874 - INFO - [218/300] | train_loss: 0.00357
2025-10-31 20:55:42,935 - INFO - [219/300] | train_loss: 0.00314
2025-10-31 20:55:45,941 - INFO - [220/300] | train_loss: 0.00329
2025-10-31 20:55:46,300 - INFO - ----------
2025-10-31 20:55:46,301 - INFO - evaluation dataset type: valid
2025-10-31 20:55:46,316 - INFO - node    precision | micro: 0.736842; macro: 0.702381; score: [0.71428571 0.5        1.         0.         1.         1.        ]
2025-10-31 20:55:46,316 - INFO - node    recall    | micro: 0.875000; macro: 0.722222; score: [1.         0.66666667 0.66666667 0.         1.         1.        ]
2025-10-31 20:55:46,316 - INFO - node    f1        | micro: 0.800000; macro: 0.700794; score: [0.83333333 0.57142857 0.8        0.         1.         1.        ]
2025-10-31 20:55:46,332 - INFO - service precision | micro: 0.833333; macro: 0.611111; score: [1.  1.  0.  1.  1.  0.  0.5 0.  1. ]
2025-10-31 20:55:46,333 - INFO - service recall    | micro: 0.416667; macro: 0.461111; score: [1.   1.   0.   0.2  0.2  0.   1.   0.   0.75]
2025-10-31 20:55:46,333 - INFO - service f1        | micro: 0.555556; macro: 0.465608; score: [1.         1.         0.         0.33333333 0.33333333 0.
 0.66666667 0.         0.85714286]
2025-10-31 20:55:46,361 - INFO - pod     precision | micro: 0.710280; macro: 0.756935; score: [0.90909091 0.84615385 0.42307692 0.4        0.90909091 0.5
 0.875      1.         0.95      ]
2025-10-31 20:55:46,361 - INFO - pod     recall    | micro: 0.655172; macro: 0.724500; score: [1.         1.         0.55       0.28571429 0.43478261 0.25
 1.         1.         1.        ]
2025-10-31 20:55:46,361 - INFO - pod     f1        | micro: 0.681614; macro: 0.723323; score: [0.95238095 0.91666667 0.47826087 0.33333333 0.58823529 0.33333333
 0.93333333 1.         0.97435897]
2025-10-31 20:55:46,361 - INFO - ----------
2025-10-31 20:55:49,234 - INFO - [221/300] | train_loss: 0.00466
2025-10-31 20:55:52,229 - INFO - [222/300] | train_loss: 0.00369
2025-10-31 20:55:55,336 - INFO - [223/300] | train_loss: 0.00461
2025-10-31 20:55:58,339 - INFO - [224/300] | train_loss: 0.00391
2025-10-31 20:56:01,337 - INFO - [225/300] | train_loss: 0.00360
2025-10-31 20:56:04,335 - INFO - [226/300] | train_loss: 0.00343
2025-10-31 20:56:07,341 - INFO - [227/300] | train_loss: 0.00440
2025-10-31 20:56:10,374 - INFO - [228/300] | train_loss: 0.00353
2025-10-31 20:56:13,442 - INFO - [229/300] | train_loss: 0.00368
2025-10-31 20:56:16,437 - INFO - [230/300] | train_loss: 0.00369
2025-10-31 20:56:16,806 - INFO - ----------
2025-10-31 20:56:16,806 - INFO - evaluation dataset type: valid
2025-10-31 20:56:16,823 - INFO - node    precision | micro: 0.736842; macro: 0.702381; score: [0.71428571 0.5        1.         0.         1.         1.        ]
2025-10-31 20:56:16,823 - INFO - node    recall    | micro: 0.875000; macro: 0.722222; score: [1.         0.66666667 0.66666667 0.         1.         1.        ]
2025-10-31 20:56:16,823 - INFO - node    f1        | micro: 0.800000; macro: 0.700794; score: [0.83333333 0.57142857 0.8        0.         1.         1.        ]
2025-10-31 20:56:16,841 - INFO - service precision | micro: 0.833333; macro: 0.611111; score: [1.  1.  0.  1.  1.  0.  0.5 0.  1. ]
2025-10-31 20:56:16,841 - INFO - service recall    | micro: 0.416667; macro: 0.461111; score: [1.   1.   0.   0.2  0.2  0.   1.   0.   0.75]
2025-10-31 20:56:16,841 - INFO - service f1        | micro: 0.555556; macro: 0.465608; score: [1.         1.         0.         0.33333333 0.33333333 0.
 0.66666667 0.         0.85714286]
2025-10-31 20:56:16,868 - INFO - pod     precision | micro: 0.726415; macro: 0.726990; score: [0.90909091 0.84615385 0.45833333 0.42857143 0.90909091 0.66666667
 0.875      0.5        0.95      ]
2025-10-31 20:56:16,869 - INFO - pod     recall    | micro: 0.663793; macro: 0.752277; score: [1.         1.         0.55       0.28571429 0.43478261 0.5
 1.         1.         1.        ]
2025-10-31 20:56:16,869 - INFO - pod     f1        | micro: 0.693694; macro: 0.716214; score: [0.95238095 0.91666667 0.5        0.34285714 0.58823529 0.57142857
 0.93333333 0.66666667 0.97435897]
2025-10-31 20:56:16,869 - INFO - ----------
2025-10-31 20:56:19,844 - INFO - [231/300] | train_loss: 0.00612
2025-10-31 20:56:22,938 - INFO - [232/300] | train_loss: 0.00949
2025-10-31 20:56:26,844 - INFO - [233/300] | train_loss: 0.00656
2025-10-31 20:56:31,091 - INFO - [234/300] | train_loss: 0.00560
2025-10-31 20:56:35,178 - INFO - [235/300] | train_loss: 0.00830
2025-10-31 20:56:38,243 - INFO - [236/300] | train_loss: 0.01238
2025-10-31 20:56:41,238 - INFO - [237/300] | train_loss: 0.00689
2025-10-31 20:56:44,252 - INFO - [238/300] | train_loss: 0.00457
2025-10-31 20:56:47,238 - INFO - [239/300] | train_loss: 0.00657
2025-10-31 20:56:50,238 - INFO - [240/300] | train_loss: 0.00433
2025-10-31 20:56:50,602 - INFO - ----------
2025-10-31 20:56:50,602 - INFO - evaluation dataset type: valid
2025-10-31 20:56:50,618 - INFO - node    precision | micro: 0.714286; macro: 0.702381; score: [0.71428571 0.5        1.         0.         1.         1.        ]
2025-10-31 20:56:50,618 - INFO - node    recall    | micro: 0.937500; macro: 0.777778; score: [1.         1.         0.66666667 0.         1.         1.        ]
2025-10-31 20:56:50,618 - INFO - node    f1        | micro: 0.810811; macro: 0.716667; score: [0.83333333 0.66666667 0.8        0.         1.         1.        ]
2025-10-31 20:56:50,634 - INFO - service precision | micro: 0.666667; macro: 0.555556; score: [1.  0.5 0.  1.  1.  0.  0.5 0.  1. ]
2025-10-31 20:56:50,634 - INFO - service recall    | micro: 0.416667; macro: 0.461111; score: [1.   1.   0.   0.2  0.2  0.   1.   0.   0.75]
2025-10-31 20:56:50,635 - INFO - service f1        | micro: 0.512821; macro: 0.428571; score: [1.         0.66666667 0.         0.33333333 0.33333333 0.
 0.66666667 0.         0.85714286]
2025-10-31 20:56:50,663 - INFO - pod     precision | micro: 0.692308; macro: 0.757391; score: [0.90909091 0.6875     0.47826087 0.41666667 1.         0.5
 0.875      1.         0.95      ]
2025-10-31 20:56:50,663 - INFO - pod     recall    | micro: 0.698276; macro: 0.773441; score: [1.         1.         0.55       0.47619048 0.43478261 0.5
 1.         1.         1.        ]
2025-10-31 20:56:50,663 - INFO - pod     f1        | micro: 0.695279; macro: 0.748558; score: [0.95238095 0.81481481 0.51162791 0.44444444 0.60606061 0.5
 0.93333333 1.         0.97435897]
2025-10-31 20:56:50,663 - INFO - ----------
2025-10-31 20:56:53,544 - INFO - [241/300] | train_loss: 0.00508
2025-10-31 20:56:56,538 - INFO - [242/300] | train_loss: 0.00461
2025-10-31 20:56:59,533 - INFO - [243/300] | train_loss: 0.00407
2025-10-31 20:57:02,544 - INFO - [244/300] | train_loss: 0.00349
2025-10-31 20:57:05,540 - INFO - [245/300] | train_loss: 0.00329
2025-10-31 20:57:08,542 - INFO - [246/300] | train_loss: 0.00450
2025-10-31 20:57:11,702 - INFO - [247/300] | train_loss: 0.00461
2025-10-31 20:57:14,738 - INFO - [248/300] | train_loss: 0.00399
2025-10-31 20:57:17,741 - INFO - [249/300] | train_loss: 0.00435
2025-10-31 20:57:20,726 - INFO - [250/300] | train_loss: 0.00523
2025-10-31 20:57:21,098 - INFO - ----------
2025-10-31 20:57:21,098 - INFO - evaluation dataset type: valid
2025-10-31 20:57:21,113 - INFO - node    precision | micro: 0.714286; macro: 0.663492; score: [0.71428571 0.6        0.66666667 0.         1.         1.        ]
2025-10-31 20:57:21,114 - INFO - node    recall    | micro: 0.937500; macro: 0.777778; score: [1.         1.         0.66666667 0.         1.         1.        ]
2025-10-31 20:57:21,114 - INFO - node    f1        | micro: 0.810811; macro: 0.708333; score: [0.83333333 0.75       0.66666667 0.         1.         1.        ]
2025-10-31 20:57:21,130 - INFO - service precision | micro: 0.909091; macro: 0.666667; score: [1. 1. 0. 1. 1. 0. 1. 0. 1.]
2025-10-31 20:57:21,130 - INFO - service recall    | micro: 0.416667; macro: 0.461111; score: [1.   1.   0.   0.2  0.2  0.   1.   0.   0.75]
2025-10-31 20:57:21,131 - INFO - service f1        | micro: 0.571429; macro: 0.502646; score: [1.         1.         0.         0.33333333 0.33333333 0.
 1.         0.         0.85714286]
2025-10-31 20:57:21,158 - INFO - pod     precision | micro: 0.694915; macro: 0.708937; score: [0.90909091 0.78571429 0.44       0.46153846 0.90909091 0.5
 0.875      0.5        1.        ]
2025-10-31 20:57:21,158 - INFO - pod     recall    | micro: 0.706897; macro: 0.756246; score: [1.         1.         0.55       0.57142857 0.43478261 0.25
 1.         1.         1.        ]
2025-10-31 20:57:21,158 - INFO - pod     f1        | micro: 0.700855; macro: 0.705942; score: [0.95238095 0.88       0.48888889 0.5106383  0.58823529 0.33333333
 0.93333333 0.66666667 1.        ]
2025-10-31 20:57:21,158 - INFO - ----------
2025-10-31 20:57:24,037 - INFO - [251/300] | train_loss: 0.00595
2025-10-31 20:57:27,035 - INFO - [252/300] | train_loss: 0.00372
2025-10-31 20:57:30,036 - INFO - [253/300] | train_loss: 0.00632
2025-10-31 20:57:33,543 - INFO - [254/300] | train_loss: 0.00535
2025-10-31 20:57:37,534 - INFO - [255/300] | train_loss: 0.00497
2025-10-31 20:57:40,866 - INFO - [256/300] | train_loss: 0.00361
2025-10-31 20:57:43,936 - INFO - [257/300] | train_loss: 0.01163
2025-10-31 20:57:47,040 - INFO - [258/300] | train_loss: 0.00324
2025-10-31 20:57:50,036 - INFO - [259/300] | train_loss: 0.00314
2025-10-31 20:57:53,246 - INFO - [260/300] | train_loss: 0.00699
2025-10-31 20:57:53,607 - INFO - ----------
2025-10-31 20:57:53,607 - INFO - evaluation dataset type: valid
2025-10-31 20:57:53,666 - INFO - node    precision | micro: 0.625000; macro: 0.666667; score: [0.625 0.375 1.    0.    1.    1.   ]
2025-10-31 20:57:53,666 - INFO - node    recall    | micro: 0.937500; macro: 0.777778; score: [1.         1.         0.66666667 0.         1.         1.        ]
2025-10-31 20:57:53,666 - INFO - node    f1        | micro: 0.750000; macro: 0.685781; score: [0.76923077 0.54545455 0.8        0.         1.         1.        ]
2025-10-31 20:57:53,682 - INFO - service precision | micro: 0.900000; macro: 0.500000; score: [1.  1.  0.  0.  1.  0.  0.5 0.  1. ]
2025-10-31 20:57:53,683 - INFO - service recall    | micro: 0.375000; macro: 0.438889; score: [1.   1.   0.   0.   0.2  0.   1.   0.   0.75]
2025-10-31 20:57:53,683 - INFO - service f1        | micro: 0.529412; macro: 0.428571; score: [1.         1.         0.         0.         0.33333333 0.
 0.66666667 0.         0.85714286]
2025-10-31 20:57:53,710 - INFO - pod     precision | micro: 0.726415; macro: 0.700854; score: [0.90909091 0.78571429 0.45454545 0.5        0.91666667 0.66666667
 0.875      0.2        1.        ]
2025-10-31 20:57:53,711 - INFO - pod     recall    | micro: 0.663793; macro: 0.751553; score: [1.         1.         0.5        0.28571429 0.47826087 0.5
 1.         1.         1.        ]
2025-10-31 20:57:53,711 - INFO - pod     f1        | micro: 0.693694; macro: 0.682097; score: [0.95238095 0.88       0.47619048 0.36363636 0.62857143 0.57142857
 0.93333333 0.33333333 1.        ]
2025-10-31 20:57:53,711 - INFO - ----------
2025-10-31 20:57:56,568 - INFO - [261/300] | train_loss: 0.01593
2025-10-31 20:57:59,782 - INFO - [262/300] | train_loss: 0.00644
2025-10-31 20:58:03,035 - INFO - [263/300] | train_loss: 0.00704
2025-10-31 20:58:06,537 - INFO - [264/300] | train_loss: 0.00773
2025-10-31 20:58:09,529 - INFO - [265/300] | train_loss: 0.00393
2025-10-31 20:58:13,026 - INFO - [266/300] | train_loss: 0.00452
2025-10-31 20:58:16,451 - INFO - [267/300] | train_loss: 0.00614
2025-10-31 20:58:19,744 - INFO - [268/300] | train_loss: 0.00383
2025-10-31 20:58:22,843 - INFO - [269/300] | train_loss: 0.00631
2025-10-31 20:58:25,950 - INFO - [270/300] | train_loss: 0.00423
2025-10-31 20:58:26,300 - INFO - ----------
2025-10-31 20:58:26,300 - INFO - evaluation dataset type: valid
2025-10-31 20:58:26,316 - INFO - node    precision | micro: 0.833333; macro: 0.785714; score: [0.71428571 1.         1.         0.         1.         1.        ]
2025-10-31 20:58:26,316 - INFO - node    recall    | micro: 0.937500; macro: 0.777778; score: [1.         1.         0.66666667 0.         1.         1.        ]
2025-10-31 20:58:26,316 - INFO - node    f1        | micro: 0.882353; macro: 0.772222; score: [0.83333333 1.         0.8        0.         1.         1.        ]
2025-10-31 20:58:26,332 - INFO - service precision | micro: 1.000000; macro: 0.555556; score: [1. 1. 0. 0. 1. 0. 1. 0. 1.]
2025-10-31 20:58:26,333 - INFO - service recall    | micro: 0.375000; macro: 0.438889; score: [1.   1.   0.   0.   0.2  0.   1.   0.   0.75]
2025-10-31 20:58:26,333 - INFO - service f1        | micro: 0.545455; macro: 0.465608; score: [1.         1.         0.         0.         0.33333333 0.
 1.         0.         0.85714286]
2025-10-31 20:58:26,360 - INFO - pod     precision | micro: 0.740000; macro: 0.835719; score: [0.90909091 0.91666667 0.52941176 0.39130435 0.9        1.
 0.875      1.         1.        ]
2025-10-31 20:58:26,360 - INFO - pod     recall    | micro: 0.637931; macro: 0.712735; score: [1.         1.         0.45       0.42857143 0.39130435 0.25
 1.         1.         0.89473684]
2025-10-31 20:58:26,360 - INFO - pod     f1        | micro: 0.685185; macro: 0.736412; score: [0.95238095 0.95652174 0.48648649 0.40909091 0.54545455 0.4
 0.93333333 1.         0.94444444]
2025-10-31 20:58:26,360 - INFO - ----------
2025-10-31 20:58:29,280 - INFO - [271/300] | train_loss: 0.00516
2025-10-31 20:58:32,509 - INFO - [272/300] | train_loss: 0.00617
2025-10-31 20:58:35,797 - INFO - [273/300] | train_loss: 0.00437
2025-10-31 20:58:39,038 - INFO - [274/300] | train_loss: 0.00495
2025-10-31 20:58:42,436 - INFO - [275/300] | train_loss: 0.00395
2025-10-31 20:58:45,541 - INFO - [276/300] | train_loss: 0.00327
2025-10-31 20:58:48,640 - INFO - [277/300] | train_loss: 0.00369
2025-10-31 20:58:51,639 - INFO - [278/300] | train_loss: 0.00359
2025-10-31 20:58:54,633 - INFO - [279/300] | train_loss: 0.00545
2025-10-31 20:58:57,637 - INFO - [280/300] | train_loss: 0.00320
2025-10-31 20:58:58,002 - INFO - ----------
2025-10-31 20:58:58,003 - INFO - evaluation dataset type: valid
2025-10-31 20:58:58,018 - INFO - node    precision | micro: 0.736842; macro: 0.702381; score: [0.71428571 0.5        1.         0.         1.         1.        ]
2025-10-31 20:58:58,018 - INFO - node    recall    | micro: 0.875000; macro: 0.722222; score: [1.         0.66666667 0.66666667 0.         1.         1.        ]
2025-10-31 20:58:58,018 - INFO - node    f1        | micro: 0.800000; macro: 0.700794; score: [0.83333333 0.57142857 0.8        0.         1.         1.        ]
2025-10-31 20:58:58,034 - INFO - service precision | micro: 0.705882; macro: 0.618519; score: [1.         0.66666667 0.4        1.         1.         0.
 0.5        0.         1.        ]
2025-10-31 20:58:58,035 - INFO - service recall    | micro: 0.500000; macro: 0.516667; score: [1.   1.   0.5  0.2  0.2  0.   1.   0.   0.75]
2025-10-31 20:58:58,035 - INFO - service f1        | micro: 0.585366; macro: 0.492769; score: [1.         0.8        0.44444444 0.33333333 0.33333333 0.
 0.66666667 0.         0.85714286]
2025-10-31 20:58:58,062 - INFO - pod     precision | micro: 0.613636; macro: 0.697545; score: [0.90909091 0.78571429 0.27906977 0.38095238 0.92307692 0.5
 1.         0.5        1.        ]
2025-10-31 20:58:58,062 - INFO - pod     recall    | micro: 0.698276; macro: 0.750299; score: [1.         1.         0.6        0.38095238 0.52173913 0.25
 1.         1.         1.        ]
2025-10-31 20:58:58,062 - INFO - pod     f1        | micro: 0.653226; macro: 0.695661; score: [0.95238095 0.88       0.38095238 0.38095238 0.66666667 0.33333333
 1.         0.66666667 1.        ]
2025-10-31 20:58:58,062 - INFO - ----------
2025-10-31 20:59:00,936 - INFO - [281/300] | train_loss: 0.00361
2025-10-31 20:59:03,934 - INFO - [282/300] | train_loss: 0.00464
2025-10-31 20:59:06,939 - INFO - [283/300] | train_loss: 0.00417
2025-10-31 20:59:09,940 - INFO - [284/300] | train_loss: 0.00295
2025-10-31 20:59:12,935 - INFO - [285/300] | train_loss: 0.00287
2025-10-31 20:59:15,946 - INFO - [286/300] | train_loss: 0.00369
2025-10-31 20:59:18,932 - INFO - [287/300] | train_loss: 0.00315
2025-10-31 20:59:21,938 - INFO - [288/300] | train_loss: 0.00459
2025-10-31 20:59:25,032 - INFO - [289/300] | train_loss: 0.00398
2025-10-31 20:59:28,034 - INFO - [290/300] | train_loss: 0.00389
2025-10-31 20:59:28,386 - INFO - ----------
2025-10-31 20:59:28,387 - INFO - evaluation dataset type: valid
2025-10-31 20:59:28,402 - INFO - node    precision | micro: 0.736842; macro: 0.702381; score: [0.71428571 0.5        1.         0.         1.         1.        ]
2025-10-31 20:59:28,402 - INFO - node    recall    | micro: 0.875000; macro: 0.722222; score: [1.         0.66666667 0.66666667 0.         1.         1.        ]
2025-10-31 20:59:28,402 - INFO - node    f1        | micro: 0.800000; macro: 0.700794; score: [0.83333333 0.57142857 0.8        0.         1.         1.        ]
2025-10-31 20:59:28,418 - INFO - service precision | micro: 0.909091; macro: 0.611111; score: [1.  1.  0.  1.  1.  0.  0.5 0.  1. ]
2025-10-31 20:59:28,419 - INFO - service recall    | micro: 0.416667; macro: 0.461111; score: [1.   1.   0.   0.2  0.2  0.   1.   0.   0.75]
2025-10-31 20:59:28,419 - INFO - service f1        | micro: 0.571429; macro: 0.465608; score: [1.         1.         0.         0.33333333 0.33333333 0.
 0.66666667 0.         0.85714286]
2025-10-31 20:59:28,446 - INFO - pod     precision | micro: 0.719626; macro: 0.761989; score: [0.90909091 0.91666667 0.5        0.3        0.85714286 0.5
 0.875      1.         1.        ]
2025-10-31 20:59:28,446 - INFO - pod     recall    | micro: 0.663793; macro: 0.728606; score: [1.         1.         0.5        0.28571429 0.52173913 0.25
 1.         1.         1.        ]
2025-10-31 20:59:28,446 - INFO - pod     f1        | micro: 0.690583; macro: 0.735211; score: [0.95238095 0.95652174 0.5        0.29268293 0.64864865 0.33333333
 0.93333333 1.         1.        ]
2025-10-31 20:59:28,446 - INFO - ----------
2025-10-31 20:59:31,343 - INFO - [291/300] | train_loss: 0.00310
2025-10-31 20:59:34,339 - INFO - [292/300] | train_loss: 0.00329
2025-10-31 20:59:37,332 - INFO - [293/300] | train_loss: 0.00289
2025-10-31 20:59:40,336 - INFO - [294/300] | train_loss: 0.01499
2025-10-31 20:59:43,435 - INFO - [295/300] | train_loss: 0.12725
2025-10-31 20:59:46,438 - INFO - [296/300] | train_loss: 0.31835
2025-10-31 20:59:49,540 - INFO - [297/300] | train_loss: 0.15406
2025-10-31 20:59:52,538 - INFO - [298/300] | train_loss: 0.08580
2025-10-31 20:59:55,639 - INFO - [299/300] | train_loss: 0.09540
2025-10-31 20:59:57,200 - INFO - ----------
2025-10-31 20:59:57,200 - INFO - evaluation dataset type: test
2025-10-31 20:59:57,219 - INFO - node    precision | micro: 0.736842; macro: 0.769687; score: [0.8        0.75       1.         0.69230769 0.61111111 0.76470588]
2025-10-31 20:59:57,220 - INFO - node    recall    | micro: 0.835821; macro: 0.824735; score: [0.85714286 0.85714286 0.55555556 0.75       1.         0.92857143]
2025-10-31 20:59:57,220 - INFO - node    f1        | micro: 0.783217; macro: 0.776534; score: [0.82758621 0.8        0.71428571 0.72       0.75862069 0.83870968]
2025-10-31 20:59:57,247 - INFO - service precision | micro: 0.313043; macro: 0.408063; score: [0.75       0.28125    0.25       0.21568627 0.16393443 0.47368421
 0.66666667 0.31578947 0.55555556]
2025-10-31 20:59:57,247 - INFO - service recall    | micro: 0.818182; macro: 0.850000; score: [1.         1.         0.3        0.91666667 0.83333333 0.6
 1.         1.         1.        ]
2025-10-31 20:59:57,247 - INFO - service f1        | micro: 0.452830; macro: 0.523975; score: [0.85714286 0.43902439 0.27272727 0.34920635 0.2739726  0.52941176
 0.8        0.48       0.71428571]
2025-10-31 20:59:57,324 - INFO - pod     precision | micro: 0.346047; macro: 0.437170; score: [0.64383562 0.25555556 0.29166667 0.2173913  0.20675105 0.5
 0.89473684 0.52459016 0.4       ]
2025-10-31 20:59:57,324 - INFO - pod     recall    | micro: 0.849315; macro: 0.867587; score: [1.         1.         0.42857143 0.80645161 0.875      0.73529412
 1.         1.         0.96296296]
2025-10-31 20:59:57,324 - INFO - pod     f1        | micro: 0.491738; macro: 0.556392; score: [0.78333333 0.40707965 0.34710744 0.34246575 0.33447099 0.5952381
 0.94444444 0.68817204 0.56521739]
2025-10-31 20:59:57,325 - INFO - ----------
GAT in_dim: 512, hidden_dim: 64, heads: 4, gat_out_dim: 256


nohup: ignoring input
IncluRCA a_rca_trainer
2025-10-31 21:04:02,428 - INFO - [0/300] | train_loss: 3.82420
2025-10-31 21:04:02,790 - INFO - ----------
2025-10-31 21:04:02,790 - INFO - evaluation dataset type: valid
2025-10-31 21:04:02,806 - INFO - node    precision | micro: 0.018987; macro: 0.024742; score: [0.02       0.00555556 0.01834862 0.         0.03636364 0.06818182]
2025-10-31 21:04:02,806 - INFO - node    recall    | micro: 0.562500; macro: 0.533333; score: [0.2        0.33333333 0.66666667 0.         1.         1.        ]
2025-10-31 21:04:02,806 - INFO - node    f1        | micro: 0.036735; macro: 0.046807; score: [0.03636364 0.01092896 0.03571429 0.         0.07017544 0.12765957]
2025-10-31 21:04:02,825 - INFO - service precision | micro: 0.011668; macro: 0.013271; score: [0.01324503 0.03333333 0.         0.01158301 0.01230769 0.00254453
 0.02857143 0.         0.01785714]
2025-10-31 21:04:02,825 - INFO - service recall    | micro: 0.708333; macro: 0.711111; score: [1.  1.  0.  0.6 0.8 1.  1.  0.  1. ]
2025-10-31 21:04:02,826 - INFO - service f1        | micro: 0.022957; macro: 0.025928; score: [0.02614379 0.06451613 0.         0.02272727 0.02424242 0.00507614
 0.05555556 0.         0.03508772]
2025-10-31 21:04:02,856 - INFO - pod     precision | micro: 0.009800; macro: 0.064566; score: [0.13793103 0.34615385 0.00099701 0.03333333 0.03404255 0.00049776
 0.01798561 0.00350877 0.00664452]
2025-10-31 21:04:02,856 - INFO - pod     recall    | micro: 0.405172; macro: 0.518557; score: [0.8        0.81818182 0.05       0.47619048 0.34782609 0.25
 0.71428571 1.         0.21052632]
2025-10-31 21:04:02,857 - INFO - pod     f1        | micro: 0.019137; macro: 0.100446; score: [0.23529412 0.48648649 0.00195503 0.0623053  0.0620155  0.00099354
 0.03508772 0.00699301 0.01288245]
2025-10-31 21:04:02,857 - INFO - ----------
2025-10-31 21:04:05,723 - INFO - [1/300] | train_loss: 2.72347
2025-10-31 21:04:08,737 - INFO - [2/300] | train_loss: 1.68353
2025-10-31 21:04:11,736 - INFO - [3/300] | train_loss: 1.14676
2025-10-31 21:04:14,735 - INFO - [4/300] | train_loss: 0.77609
2025-10-31 21:04:17,731 - INFO - [5/300] | train_loss: 0.58922
2025-10-31 21:04:20,724 - INFO - [6/300] | train_loss: 0.47702
2025-10-31 21:04:23,831 - INFO - [7/300] | train_loss: 0.35294
2025-10-31 21:04:26,922 - INFO - [8/300] | train_loss: 0.28491
2025-10-31 21:04:29,924 - INFO - [9/300] | train_loss: 0.26630
2025-10-31 21:04:32,932 - INFO - [10/300] | train_loss: 0.23800
2025-10-31 21:04:33,302 - INFO - ----------
2025-10-31 21:04:33,302 - INFO - evaluation dataset type: valid
2025-10-31 21:04:33,319 - INFO - node    precision | micro: 0.325581; macro: 0.314103; score: [0.38461538 0.16666667 0.33333333 0.         0.4        0.6       ]
2025-10-31 21:04:33,319 - INFO - node    recall    | micro: 0.875000; macro: 0.722222; score: [1.         0.66666667 0.66666667 0.         1.         1.        ]
2025-10-31 21:04:33,320 - INFO - node    f1        | micro: 0.474576; macro: 0.431349; score: [0.55555556 0.26666667 0.44444444 0.         0.57142857 0.75      ]
2025-10-31 21:04:33,337 - INFO - service precision | micro: 0.215190; macro: 0.196745; score: [0.25       0.25       0.2        0.18181818 0.22222222 0.
 0.16666667 0.         0.5       ]
2025-10-31 21:04:33,337 - INFO - service recall    | micro: 0.708333; macro: 0.633333; score: [1.   1.   0.75 0.4  0.8  0.   1.   0.   0.75]
2025-10-31 21:04:33,337 - INFO - service f1        | micro: 0.330097; macro: 0.288814; score: [0.4        0.4        0.31578947 0.25       0.34782609 0.
 0.28571429 0.         0.6       ]
2025-10-31 21:04:33,365 - INFO - pod     precision | micro: 0.173524; macro: 0.207262; score: [0.4        0.26829268 0.15151515 0.18987342 0.24       0.008
 0.18421053 0.03571429 0.3877551 ]
2025-10-31 21:04:33,365 - INFO - pod     recall    | micro: 0.836207; macro: 0.832988; score: [1.         1.         0.75       0.71428571 0.7826087  0.25
 1.         1.         1.        ]
2025-10-31 21:04:33,365 - INFO - pod     f1        | micro: 0.287407; macro: 0.318706; score: [0.57142857 0.42307692 0.25210084 0.3        0.36734694 0.01550388
 0.31111111 0.06896552 0.55882353]
2025-10-31 21:04:33,365 - INFO - ----------
2025-10-31 21:04:36,333 - INFO - [11/300] | train_loss: 0.20498
2025-10-31 21:04:39,340 - INFO - [12/300] | train_loss: 0.18369
2025-10-31 21:04:42,334 - INFO - [13/300] | train_loss: 0.17809
2025-10-31 21:04:45,428 - INFO - [14/300] | train_loss: 0.16232
2025-10-31 21:04:48,422 - INFO - [15/300] | train_loss: 0.14259
2025-10-31 21:04:51,423 - INFO - [16/300] | train_loss: 0.12568
2025-10-31 21:04:54,433 - INFO - [17/300] | train_loss: 0.13422
2025-10-31 21:04:57,505 - INFO - [18/300] | train_loss: 0.11397
2025-10-31 21:05:00,534 - INFO - [19/300] | train_loss: 0.10642
2025-10-31 21:05:03,538 - INFO - [20/300] | train_loss: 0.09264
2025-10-31 21:05:03,898 - INFO - ----------
2025-10-31 21:05:03,898 - INFO - evaluation dataset type: valid
2025-10-31 21:05:03,914 - INFO - node    precision | micro: 0.378378; macro: 0.475758; score: [0.45454545 0.33333333 0.66666667 0.         0.4        1.        ]
2025-10-31 21:05:03,914 - INFO - node    recall    | micro: 0.875000; macro: 0.722222; score: [1.         0.66666667 0.66666667 0.         1.         1.        ]
2025-10-31 21:05:03,914 - INFO - node    f1        | micro: 0.528302; macro: 0.551257; score: [0.625      0.44444444 0.66666667 0.         0.57142857 1.        ]
2025-10-31 21:05:03,930 - INFO - service precision | micro: 0.305556; macro: 0.252116; score: [0.4        0.28571429 0.25       0.         0.33333333 0.
 0.25       0.         0.75      ]
2025-10-31 21:05:03,931 - INFO - service recall    | micro: 0.458333; macro: 0.488889; score: [1.   1.   0.25 0.   0.4  0.   1.   0.   0.75]
2025-10-31 21:05:03,931 - INFO - service f1        | micro: 0.366667; macro: 0.308834; score: [0.57142857 0.44444444 0.25       0.         0.36363636 0.
 0.4        0.         0.75      ]
2025-10-31 21:05:03,958 - INFO - pod     precision | micro: 0.280757; macro: 0.340250; score: [0.76923077 0.28947368 0.22413793 0.20754717 0.32075472 0.02631579
 0.26923077 0.05555556 0.9       ]
2025-10-31 21:05:03,958 - INFO - pod     recall    | micro: 0.767241; macro: 0.790034; score: [1.         1.         0.65       0.52380952 0.73913043 0.25
 1.         1.         0.94736842]
2025-10-31 21:05:03,958 - INFO - pod     f1        | micro: 0.411085; macro: 0.432972; score: [0.86956522 0.44897959 0.33333333 0.2972973  0.44736842 0.04761905
 0.42424242 0.10526316 0.92307692]
2025-10-31 21:05:03,958 - INFO - ----------
2025-10-31 21:05:06,823 - INFO - [21/300] | train_loss: 0.08905
2025-10-31 21:05:09,835 - INFO - [22/300] | train_loss: 0.07905
2025-10-31 21:05:12,833 - INFO - [23/300] | train_loss: 0.07392
2025-10-31 21:05:15,837 - INFO - [24/300] | train_loss: 0.06596
2025-10-31 21:05:18,834 - INFO - [25/300] | train_loss: 0.06757
2025-10-31 21:05:21,839 - INFO - [26/300] | train_loss: 0.05762
2025-10-31 21:05:24,930 - INFO - [27/300] | train_loss: 0.10576
2025-10-31 21:05:27,933 - INFO - [28/300] | train_loss: 0.22890
2025-10-31 21:05:30,942 - INFO - [29/300] | train_loss: 0.10815
2025-10-31 21:05:33,933 - INFO - [30/300] | train_loss: 0.10553
2025-10-31 21:05:34,303 - INFO - ----------
2025-10-31 21:05:34,303 - INFO - evaluation dataset type: valid
2025-10-31 21:05:34,319 - INFO - node    precision | micro: 0.448276; macro: 0.562500; score: [0.625 0.25  1.    0.    0.5   1.   ]
2025-10-31 21:05:34,319 - INFO - node    recall    | micro: 0.812500; macro: 0.666667; score: [1.         0.33333333 0.66666667 0.         1.         1.        ]
2025-10-31 21:05:34,319 - INFO - node    f1        | micro: 0.577778; macro: 0.586935; score: [0.76923077 0.28571429 0.8        0.         0.66666667 1.        ]
2025-10-31 21:05:34,335 - INFO - service precision | micro: 0.258621; macro: 0.247972; score: [0.33333333 0.28571429 0.19047619 0.25       0.22222222 0.
 0.2        0.         0.75      ]
2025-10-31 21:05:34,335 - INFO - service recall    | micro: 0.625000; macro: 0.594444; score: [1.   1.   1.   0.2  0.4  0.   1.   0.   0.75]
2025-10-31 21:05:34,335 - INFO - service f1        | micro: 0.365854; macro: 0.317302; score: [0.5        0.44444444 0.32       0.22222222 0.28571429 0.
 0.33333333 0.         0.75      ]
2025-10-31 21:05:34,362 - INFO - pod     precision | micro: 0.215983; macro: 0.283924; score: [0.76923077 0.2972973  0.12101911 0.17073171 0.25675676 0.
 0.35       0.0625     0.52777778]
2025-10-31 21:05:34,362 - INFO - pod     recall    | micro: 0.862069; macro: 0.826973; score: [1.         1.         0.95       0.66666667 0.82608696 0.
 1.         1.         1.        ]
2025-10-31 21:05:34,363 - INFO - pod     f1        | micro: 0.345423; macro: 0.392584; score: [0.86956522 0.45833333 0.21468927 0.27184466 0.39175258 0.
 0.51851852 0.11764706 0.69090909]
2025-10-31 21:05:34,363 - INFO - ----------
2025-10-31 21:05:37,237 - INFO - [31/300] | train_loss: 0.08931
2025-10-31 21:05:40,235 - INFO - [32/300] | train_loss: 0.07794
2025-10-31 21:05:43,236 - INFO - [33/300] | train_loss: 0.06857
2025-10-31 21:05:46,236 - INFO - [34/300] | train_loss: 0.05988
2025-10-31 21:05:49,236 - INFO - [35/300] | train_loss: 0.05275
2025-10-31 21:05:52,232 - INFO - [36/300] | train_loss: 0.04437
2025-10-31 21:05:55,236 - INFO - [37/300] | train_loss: 0.04066
2025-10-31 21:05:58,239 - INFO - [38/300] | train_loss: 0.03572
2025-10-31 21:06:01,240 - INFO - [39/300] | train_loss: 0.03483
2025-10-31 21:06:04,237 - INFO - [40/300] | train_loss: 0.03434
2025-10-31 21:06:04,602 - INFO - ----------
2025-10-31 21:06:04,602 - INFO - evaluation dataset type: valid
2025-10-31 21:06:04,618 - INFO - node    precision | micro: 0.619048; macro: 0.659722; score: [0.625      0.33333333 1.         0.         1.         1.        ]
2025-10-31 21:06:04,618 - INFO - node    recall    | micro: 0.812500; macro: 0.666667; score: [1.         0.33333333 0.66666667 0.         1.         1.        ]
2025-10-31 21:06:04,618 - INFO - node    f1        | micro: 0.702703; macro: 0.650427; score: [0.76923077 0.33333333 0.8        0.         1.         1.        ]
2025-10-31 21:06:04,634 - INFO - service precision | micro: 0.481481; macro: 0.439153; score: [1.         0.66666667 0.66666667 0.         0.28571429 0.
 0.33333333 0.         1.        ]
2025-10-31 21:06:04,634 - INFO - service recall    | micro: 0.541667; macro: 0.544444; score: [1.  1.  0.5 0.  0.4 0.  1.  0.  1. ]
2025-10-31 21:06:04,634 - INFO - service f1        | micro: 0.509804; macro: 0.467196; score: [1.         0.8        0.57142857 0.         0.33333333 0.
 0.5        0.         1.        ]
2025-10-31 21:06:04,661 - INFO - pod     precision | micro: 0.393519; macro: 0.445009; score: [0.83333333 0.47826087 0.35294118 0.18518519 0.3125     0.
 0.7        0.14285714 1.        ]
2025-10-31 21:06:04,661 - INFO - pod     recall    | micro: 0.732759; macro: 0.747596; score: [1.         1.         0.6        0.47619048 0.65217391 0.
 1.         1.         1.        ]
2025-10-31 21:06:04,661 - INFO - pod     f1        | micro: 0.512048; macro: 0.529258; score: [0.90909091 0.64705882 0.44444444 0.26666667 0.42253521 0.
 0.82352941 0.25       1.        ]
2025-10-31 21:06:04,661 - INFO - ----------
2025-10-31 21:06:07,540 - INFO - [41/300] | train_loss: 0.03859
2025-10-31 21:06:10,538 - INFO - [42/300] | train_loss: 0.03128
2025-10-31 21:06:13,539 - INFO - [43/300] | train_loss: 0.03151
2025-10-31 21:06:16,637 - INFO - [44/300] | train_loss: 0.02661
2025-10-31 21:06:19,639 - INFO - [45/300] | train_loss: 0.02470
2025-10-31 21:06:22,640 - INFO - [46/300] | train_loss: 0.02425
2025-10-31 21:06:25,636 - INFO - [47/300] | train_loss: 0.02553
2025-10-31 21:06:28,696 - INFO - [48/300] | train_loss: 0.02356
2025-10-31 21:06:31,737 - INFO - [49/300] | train_loss: 0.02079
2025-10-31 21:06:34,736 - INFO - [50/300] | train_loss: 0.01965
2025-10-31 21:06:35,101 - INFO - ----------
2025-10-31 21:06:35,101 - INFO - evaluation dataset type: valid
2025-10-31 21:06:35,117 - INFO - node    precision | micro: 0.722222; macro: 0.687500; score: [0.625 0.5   1.    0.    1.    1.   ]
2025-10-31 21:06:35,117 - INFO - node    recall    | micro: 0.812500; macro: 0.666667; score: [1.         0.33333333 0.66666667 0.         1.         1.        ]
2025-10-31 21:06:35,117 - INFO - node    f1        | micro: 0.764706; macro: 0.661538; score: [0.76923077 0.4        0.8        0.         1.         1.        ]
2025-10-31 21:06:35,133 - INFO - service precision | micro: 0.700000; macro: 0.564815; score: [1.         0.66666667 0.75       0.         0.66666667 0.
 1.         0.         1.        ]
2025-10-31 21:06:35,133 - INFO - service recall    | micro: 0.583333; macro: 0.572222; score: [1.   1.   0.75 0.   0.4  0.   1.   0.   1.  ]
2025-10-31 21:06:35,134 - INFO - service f1        | micro: 0.636364; macro: 0.561111; score: [1.   0.8  0.75 0.   0.5  0.   1.   0.   1.  ]
2025-10-31 21:06:35,161 - INFO - pod     precision | micro: 0.522293; macro: 0.639786; score: [0.90909091 0.6875     0.39393939 0.18421053 0.58333333 0.
 1.         1.         1.        ]
2025-10-31 21:06:35,161 - INFO - pod     recall    | micro: 0.706897; macro: 0.732448; score: [1.         1.         0.65       0.33333333 0.60869565 0.
 1.         1.         1.        ]
2025-10-31 21:06:35,161 - INFO - pod     f1        | micro: 0.600733; macro: 0.676755; score: [0.95238095 0.81481481 0.49056604 0.23728814 0.59574468 0.
 1.         1.         1.        ]
2025-10-31 21:06:35,161 - INFO - ----------
2025-10-31 21:06:38,035 - INFO - [51/300] | train_loss: 0.02265
2025-10-31 21:06:41,034 - INFO - [52/300] | train_loss: 0.01898
2025-10-31 21:06:44,038 - INFO - [53/300] | train_loss: 0.01833
2025-10-31 21:06:47,041 - INFO - [54/300] | train_loss: 0.01833
2025-10-31 21:06:50,038 - INFO - [55/300] | train_loss: 0.01651
2025-10-31 21:06:53,194 - INFO - [56/300] | train_loss: 0.01730
2025-10-31 21:06:56,236 - INFO - [57/300] | train_loss: 0.01750
2025-10-31 21:06:59,235 - INFO - [58/300] | train_loss: 0.01521
2025-10-31 21:07:02,240 - INFO - [59/300] | train_loss: 0.01395
2025-10-31 21:07:05,237 - INFO - [60/300] | train_loss: 0.01342
2025-10-31 21:07:05,588 - INFO - ----------
2025-10-31 21:07:05,588 - INFO - evaluation dataset type: valid
2025-10-31 21:07:05,603 - INFO - node    precision | micro: 0.764706; macro: 0.702381; score: [0.71428571 0.5        1.         0.         1.         1.        ]
2025-10-31 21:07:05,603 - INFO - node    recall    | micro: 0.812500; macro: 0.666667; score: [1.         0.33333333 0.66666667 0.         1.         1.        ]
2025-10-31 21:07:05,603 - INFO - node    f1        | micro: 0.787879; macro: 0.672222; score: [0.83333333 0.4        0.8        0.         1.         1.        ]
2025-10-31 21:07:05,620 - INFO - service precision | micro: 0.700000; macro: 0.564815; score: [1.         0.66666667 0.75       0.         0.66666667 0.
 1.         0.         1.        ]
2025-10-31 21:07:05,620 - INFO - service recall    | micro: 0.583333; macro: 0.572222; score: [1.   1.   0.75 0.   0.4  0.   1.   0.   1.  ]
2025-10-31 21:07:05,620 - INFO - service f1        | micro: 0.636364; macro: 0.561111; score: [1.   0.8  0.75 0.   0.5  0.   1.   0.   1.  ]
2025-10-31 21:07:05,647 - INFO - pod     precision | micro: 0.577465; macro: 0.670251; score: [0.90909091 0.73333333 0.40625    0.22222222 0.63636364 0.125
 1.         1.         1.        ]
2025-10-31 21:07:05,647 - INFO - pod     recall    | micro: 0.706897; macro: 0.754934; score: [1.         1.         0.65       0.28571429 0.60869565 0.25
 1.         1.         1.        ]
2025-10-31 21:07:05,647 - INFO - pod     f1        | micro: 0.635659; macro: 0.704158; score: [0.95238095 0.84615385 0.5        0.25       0.62222222 0.16666667
 1.         1.         1.        ]
2025-10-31 21:07:05,647 - INFO - ----------
2025-10-31 21:07:08,537 - INFO - [61/300] | train_loss: 0.01385
2025-10-31 21:07:11,539 - INFO - [62/300] | train_loss: 0.01508
2025-10-31 21:07:14,537 - INFO - [63/300] | train_loss: 0.01510
2025-10-31 21:07:17,537 - INFO - [64/300] | train_loss: 0.01361
2025-10-31 21:07:20,535 - INFO - [65/300] | train_loss: 0.01518
2025-10-31 21:07:23,534 - INFO - [66/300] | train_loss: 0.01358
2025-10-31 21:07:26,634 - INFO - [67/300] | train_loss: 0.01379
2025-10-31 21:07:29,633 - INFO - [68/300] | train_loss: 0.01106
2025-10-31 21:07:32,639 - INFO - [69/300] | train_loss: 0.01174
2025-10-31 21:07:35,739 - INFO - [70/300] | train_loss: 0.01354
2025-10-31 21:07:36,100 - INFO - ----------
2025-10-31 21:07:36,100 - INFO - evaluation dataset type: valid
2025-10-31 21:07:36,116 - INFO - node    precision | micro: 0.608696; macro: 0.670833; score: [0.625 0.4   1.    0.    1.    1.   ]
2025-10-31 21:07:36,116 - INFO - node    recall    | micro: 0.875000; macro: 0.722222; score: [1.         0.66666667 0.66666667 0.         1.         1.        ]
2025-10-31 21:07:36,116 - INFO - node    f1        | micro: 0.717949; macro: 0.678205; score: [0.76923077 0.5        0.8        0.         1.         1.        ]
2025-10-31 21:07:36,132 - INFO - service precision | micro: 0.812500; macro: 0.622222; score: [1.  1.  0.6 0.  1.  0.  1.  0.  1. ]
2025-10-31 21:07:36,132 - INFO - service recall    | micro: 0.541667; macro: 0.550000; score: [1.   1.   0.75 0.   0.2  0.   1.   0.   1.  ]
2025-10-31 21:07:36,132 - INFO - service f1        | micro: 0.650000; macro: 0.555556; score: [1.         1.         0.66666667 0.         0.33333333 0.
 1.         0.         1.        ]
2025-10-31 21:07:36,159 - INFO - pod     precision | micro: 0.625954; macro: 0.643488; score: [0.90909091 0.78571429 0.46666667 0.26086957 0.61904762 0.25
 1.         0.5        1.        ]
2025-10-31 21:07:36,159 - INFO - pod     recall    | micro: 0.706897; macro: 0.755659; score: [1.         1.         0.7        0.28571429 0.56521739 0.25
 1.         1.         1.        ]
2025-10-31 21:07:36,160 - INFO - pod     f1        | micro: 0.663968; macro: 0.685854; score: [0.95238095 0.88       0.56       0.27272727 0.59090909 0.25
 1.         0.66666667 1.        ]
2025-10-31 21:07:36,160 - INFO - ----------
2025-10-31 21:07:39,039 - INFO - [71/300] | train_loss: 0.01182
2025-10-31 21:07:42,038 - INFO - [72/300] | train_loss: 0.01329
2025-10-31 21:07:45,038 - INFO - [73/300] | train_loss: 0.01007
2025-10-31 21:07:48,038 - INFO - [74/300] | train_loss: 0.01343
2025-10-31 21:07:51,236 - INFO - [75/300] | train_loss: 0.01481
2025-10-31 21:07:54,237 - INFO - [76/300] | train_loss: 0.01234
2025-10-31 21:07:58,107 - INFO - [77/300] | train_loss: 0.01038
2025-10-31 21:08:01,735 - INFO - [78/300] | train_loss: 0.00987
2025-10-31 21:08:04,834 - INFO - [79/300] | train_loss: 0.01076
2025-10-31 21:08:07,941 - INFO - [80/300] | train_loss: 0.00971
2025-10-31 21:08:08,302 - INFO - ----------
2025-10-31 21:08:08,302 - INFO - evaluation dataset type: valid
2025-10-31 21:08:08,317 - INFO - node    precision | micro: 0.619048; macro: 0.631944; score: [0.625      0.5        1.         0.         0.66666667 1.        ]
2025-10-31 21:08:08,317 - INFO - node    recall    | micro: 0.812500; macro: 0.666667; score: [1.         0.33333333 0.66666667 0.         1.         1.        ]
2025-10-31 21:08:08,317 - INFO - node    f1        | micro: 0.702703; macro: 0.628205; score: [0.76923077 0.4        0.8        0.         0.8        1.        ]
2025-10-31 21:08:08,334 - INFO - service precision | micro: 0.722222; macro: 0.490741; score: [1.         0.66666667 0.75       0.         0.5        0.
 0.5        0.         1.        ]
2025-10-31 21:08:08,334 - INFO - service recall    | micro: 0.541667; macro: 0.550000; score: [1.   1.   0.75 0.   0.2  0.   1.   0.   1.  ]
2025-10-31 21:08:08,334 - INFO - service f1        | micro: 0.619048; macro: 0.500265; score: [1.         0.8        0.75       0.         0.28571429 0.
 0.66666667 0.         1.        ]
2025-10-31 21:08:08,361 - INFO - pod     precision | micro: 0.595588; macro: 0.704019; score: [0.90909091 0.78571429 0.42857143 0.21875    0.61904762 0.5
 0.875      1.         1.        ]
2025-10-31 21:08:08,361 - INFO - pod     recall    | micro: 0.698276; macro: 0.749839; score: [1.         1.         0.6        0.33333333 0.56521739 0.25
 1.         1.         1.        ]
2025-10-31 21:08:08,361 - INFO - pod     f1        | micro: 0.642857; macro: 0.717123; score: [0.95238095 0.88       0.5        0.26415094 0.59090909 0.33333333
 0.93333333 1.         1.        ]
2025-10-31 21:08:08,361 - INFO - ----------
2025-10-31 21:08:11,239 - INFO - [81/300] | train_loss: 0.00937
2025-10-31 21:08:14,237 - INFO - [82/300] | train_loss: 0.01053
2025-10-31 21:08:17,237 - INFO - [83/300] | train_loss: 0.01031
2025-10-31 21:08:20,233 - INFO - [84/300] | train_loss: 0.01066
2025-10-31 21:08:23,240 - INFO - [85/300] | train_loss: 0.01077
2025-10-31 21:08:26,336 - INFO - [86/300] | train_loss: 0.00997
2025-10-31 21:08:29,436 - INFO - [87/300] | train_loss: 0.01039
2025-10-31 21:08:32,540 - INFO - [88/300] | train_loss: 0.00899
2025-10-31 21:08:35,537 - INFO - [89/300] | train_loss: 0.00823
2025-10-31 21:08:38,540 - INFO - [90/300] | train_loss: 0.00806
2025-10-31 21:08:38,901 - INFO - ----------
2025-10-31 21:08:38,901 - INFO - evaluation dataset type: valid
2025-10-31 21:08:38,917 - INFO - node    precision | micro: 0.700000; macro: 0.687500; score: [0.625 0.5   1.    0.    1.    1.   ]
2025-10-31 21:08:38,917 - INFO - node    recall    | micro: 0.875000; macro: 0.722222; score: [1.         0.66666667 0.66666667 0.         1.         1.        ]
2025-10-31 21:08:38,917 - INFO - node    f1        | micro: 0.777778; macro: 0.690110; score: [0.76923077 0.57142857 0.8        0.         1.         1.        ]
2025-10-31 21:08:38,933 - INFO - service precision | micro: 0.750000; macro: 0.574074; score: [1.         0.66666667 0.5        0.         1.         0.
 1.         0.         1.        ]
2025-10-31 21:08:38,933 - INFO - service recall    | micro: 0.500000; macro: 0.522222; score: [1.  1.  0.5 0.  0.2 0.  1.  0.  1. ]
2025-10-31 21:08:38,934 - INFO - service f1        | micro: 0.600000; macro: 0.514815; score: [1.         0.8        0.5        0.         0.33333333 0.
 1.         0.         1.        ]
2025-10-31 21:08:38,960 - INFO - pod     precision | micro: 0.683761; macro: 0.811008; score: [0.90909091 0.78571429 0.4137931  0.33333333 0.85714286 1.
 1.         1.         1.        ]
2025-10-31 21:08:38,960 - INFO - pod     recall    | micro: 0.689655; macro: 0.745008; score: [1.         1.         0.6        0.33333333 0.52173913 0.25
 1.         1.         1.        ]
2025-10-31 21:08:38,961 - INFO - pod     f1        | micro: 0.686695; macro: 0.744907; score: [0.95238095 0.88       0.48979592 0.33333333 0.64864865 0.4
 1.         1.         1.        ]
2025-10-31 21:08:38,961 - INFO - ----------
2025-10-31 21:08:41,937 - INFO - [91/300] | train_loss: 0.00943
2025-10-31 21:08:44,936 - INFO - [92/300] | train_loss: 0.00904
2025-10-31 21:08:47,941 - INFO - [93/300] | train_loss: 0.00964
2025-10-31 21:08:50,940 - INFO - [94/300] | train_loss: 0.00926
2025-10-31 21:08:53,938 - INFO - [95/300] | train_loss: 0.00852
2025-10-31 21:08:56,985 - INFO - [96/300] | train_loss: 0.01194
2025-10-31 21:09:00,038 - INFO - [97/300] | train_loss: 0.00835
2025-10-31 21:09:03,035 - INFO - [98/300] | train_loss: 0.00926
2025-10-31 21:09:06,038 - INFO - [99/300] | train_loss: 0.00722
2025-10-31 21:09:09,041 - INFO - [100/300] | train_loss: 0.00743
2025-10-31 21:09:09,394 - INFO - ----------
2025-10-31 21:09:09,394 - INFO - evaluation dataset type: valid
2025-10-31 21:09:09,409 - INFO - node    precision | micro: 0.764706; macro: 0.770833; score: [0.625 1.    1.    0.    1.    1.   ]
2025-10-31 21:09:09,409 - INFO - node    recall    | micro: 0.812500; macro: 0.666667; score: [1.         0.33333333 0.66666667 0.         1.         1.        ]
2025-10-31 21:09:09,410 - INFO - node    f1        | micro: 0.787879; macro: 0.678205; score: [0.76923077 0.5        0.8        0.         1.         1.        ]
2025-10-31 21:09:09,426 - INFO - service precision | micro: 0.764706; macro: 0.546296; score: [1.         0.66666667 0.75       0.         0.5        0.
 1.         0.         1.        ]
2025-10-31 21:09:09,426 - INFO - service recall    | micro: 0.541667; macro: 0.550000; score: [1.   1.   0.75 0.   0.2  0.   1.   0.   1.  ]
2025-10-31 21:09:09,426 - INFO - service f1        | micro: 0.634146; macro: 0.537302; score: [1.         0.8        0.75       0.         0.28571429 0.
 1.         0.         1.        ]
2025-10-31 21:09:09,452 - INFO - pod     precision | micro: 0.686957; macro: 0.680713; score: [0.90909091 0.78571429 0.44827586 0.4        0.75       0.33333333
 1.         0.5        1.        ]
2025-10-31 21:09:09,453 - INFO - pod     recall    | micro: 0.681034; macro: 0.739425; score: [1.         1.         0.65       0.28571429 0.52173913 0.25
 1.         1.         0.94736842]
2025-10-31 21:09:09,453 - INFO - pod     f1        | micro: 0.683983; macro: 0.693007; score: [0.95238095 0.88       0.53061224 0.33333333 0.61538462 0.28571429
 1.         0.66666667 0.97297297]
2025-10-31 21:09:09,453 - INFO - ----------
2025-10-31 21:09:12,342 - INFO - [101/300] | train_loss: 0.00935
2025-10-31 21:09:15,336 - INFO - [102/300] | train_loss: 0.00654
2025-10-31 21:09:18,339 - INFO - [103/300] | train_loss: 0.00729
2025-10-31 21:09:21,338 - INFO - [104/300] | train_loss: 0.00734
2025-10-31 21:09:24,435 - INFO - [105/300] | train_loss: 0.00683
2025-10-31 21:09:27,437 - INFO - [106/300] | train_loss: 0.00924
2025-10-31 21:09:30,735 - INFO - [107/300] | train_loss: 0.00966
2025-10-31 21:09:33,841 - INFO - [108/300] | train_loss: 0.00765
2025-10-31 21:09:36,837 - INFO - [109/300] | train_loss: 0.00955
2025-10-31 21:09:39,836 - INFO - [110/300] | train_loss: 0.00733
2025-10-31 21:09:40,202 - INFO - ----------
2025-10-31 21:09:40,202 - INFO - evaluation dataset type: valid
2025-10-31 21:09:40,218 - INFO - node    precision | micro: 0.684211; macro: 0.675926; score: [0.55555556 0.5        1.         0.         1.         1.        ]
2025-10-31 21:09:40,218 - INFO - node    recall    | micro: 0.812500; macro: 0.666667; score: [1.         0.33333333 0.66666667 0.         1.         1.        ]
2025-10-31 21:09:40,218 - INFO - node    f1        | micro: 0.742857; macro: 0.652381; score: [0.71428571 0.4        0.8        0.         1.         1.        ]
2025-10-31 21:09:40,234 - INFO - service precision | micro: 0.857143; macro: 0.490741; score: [1.         0.66666667 0.75       0.         0.         0.
 1.         0.         1.        ]
2025-10-31 21:09:40,235 - INFO - service recall    | micro: 0.500000; macro: 0.527778; score: [1.   1.   0.75 0.   0.   0.   1.   0.   1.  ]
2025-10-31 21:09:40,235 - INFO - service f1        | micro: 0.631579; macro: 0.505556; score: [1.   0.8  0.75 0.   0.   0.   1.   0.   1.  ]
2025-10-31 21:09:40,262 - INFO - pod     precision | micro: 0.726415; macro: 0.772982; score: [0.90909091 0.78571429 0.5        0.35294118 0.90909091 0.5
 1.         1.         1.        ]
2025-10-31 21:09:40,262 - INFO - pod     recall    | micro: 0.663793; macro: 0.730055; score: [1.         1.         0.6        0.28571429 0.43478261 0.25
 1.         1.         1.        ]
2025-10-31 21:09:40,262 - INFO - pod     f1        | micro: 0.693694; macro: 0.735022; score: [0.95238095 0.88       0.54545455 0.31578947 0.58823529 0.33333333
 1.         1.         1.        ]
2025-10-31 21:09:40,262 - INFO - ----------
2025-10-31 21:09:43,139 - INFO - [111/300] | train_loss: 0.00704
2025-10-31 21:09:46,139 - INFO - [112/300] | train_loss: 0.00756
2025-10-31 21:09:49,241 - INFO - [113/300] | train_loss: 0.01090
2025-10-31 21:09:52,240 - INFO - [114/300] | train_loss: 0.01145
2025-10-31 21:09:55,239 - INFO - [115/300] | train_loss: 0.01077
2025-10-31 21:09:58,243 - INFO - [116/300] | train_loss: 0.01214
2025-10-31 21:10:01,239 - INFO - [117/300] | train_loss: 0.01070
2025-10-31 21:10:04,236 - INFO - [118/300] | train_loss: 0.04986
2025-10-31 21:10:07,238 - INFO - [119/300] | train_loss: 0.07578
2025-10-31 21:10:10,235 - INFO - [120/300] | train_loss: 0.14707
2025-10-31 21:10:10,601 - INFO - ----------
2025-10-31 21:10:10,601 - INFO - evaluation dataset type: valid
2025-10-31 21:10:10,616 - INFO - node    precision | micro: 0.411765; macro: 0.549769; score: [0.44444444 0.1875     0.66666667 0.         1.         1.        ]
2025-10-31 21:10:10,617 - INFO - node    recall    | micro: 0.875000; macro: 0.744444; score: [0.8        1.         0.66666667 0.         1.         1.        ]
2025-10-31 21:10:10,617 - INFO - node    f1        | micro: 0.560000; macro: 0.592314; score: [0.57142857 0.31578947 0.66666667 0.         1.         1.        ]
2025-10-31 21:10:10,632 - INFO - service precision | micro: 0.750000; macro: 0.574074; score: [1.         0.5        0.66666667 0.         1.         0.
 1.         0.         1.        ]
2025-10-31 21:10:10,633 - INFO - service recall    | micro: 0.500000; macro: 0.522222; score: [1.  1.  0.5 0.  0.2 0.  1.  0.  1. ]
2025-10-31 21:10:10,633 - INFO - service f1        | micro: 0.600000; macro: 0.507937; score: [1.         0.66666667 0.57142857 0.         0.33333333 0.
 1.         0.         1.        ]
2025-10-31 21:10:10,660 - INFO - pod     precision | micro: 0.647541; macro: 0.728248; score: [0.90909091 0.61111111 0.64705882 0.27586207 0.61111111 0.5
 1.         1.         1.        ]
2025-10-31 21:10:10,660 - INFO - pod     recall    | micro: 0.681034; macro: 0.739913; score: [1.         1.         0.55       0.38095238 0.47826087 0.25
 1.         1.         1.        ]
2025-10-31 21:10:10,660 - INFO - pod     f1        | micro: 0.663866; macro: 0.721724; score: [0.95238095 0.75862069 0.59459459 0.32       0.53658537 0.33333333
 1.         1.         1.        ]
2025-10-31 21:10:10,660 - INFO - ----------
2025-10-31 21:10:13,523 - INFO - [121/300] | train_loss: 0.08361
2025-10-31 21:10:16,538 - INFO - [122/300] | train_loss: 0.10257
2025-10-31 21:10:19,538 - INFO - [123/300] | train_loss: 0.09481
2025-10-31 21:10:22,637 - INFO - [124/300] | train_loss: 0.10700
2025-10-31 21:10:25,634 - INFO - [125/300] | train_loss: 0.14576
2025-10-31 21:10:28,625 - INFO - [126/300] | train_loss: 0.08167
2025-10-31 21:10:31,636 - INFO - [127/300] | train_loss: 0.07883
2025-10-31 21:10:34,634 - INFO - [128/300] | train_loss: 0.20247
2025-10-31 21:10:37,636 - INFO - [129/300] | train_loss: 0.20600
2025-10-31 21:10:40,641 - INFO - [130/300] | train_loss: 0.11145
2025-10-31 21:10:41,005 - INFO - ----------
2025-10-31 21:10:41,005 - INFO - evaluation dataset type: valid
2025-10-31 21:10:41,020 - INFO - node    precision | micro: 0.500000; macro: 0.491270; score: [0.71428571 0.33333333 1.         0.         0.4        0.5       ]
2025-10-31 21:10:41,020 - INFO - node    recall    | micro: 0.937500; macro: 0.777778; score: [1.         1.         0.66666667 0.         1.         1.        ]
2025-10-31 21:10:41,021 - INFO - node    f1        | micro: 0.652174; macro: 0.561905; score: [0.83333333 0.5        0.8        0.         0.57142857 0.66666667]
2025-10-31 21:10:41,037 - INFO - service precision | micro: 0.457143; macro: 0.444108; score: [1.         0.4        0.4        0.         0.36363636 0.33333333
 0.5        0.         1.        ]
2025-10-31 21:10:41,037 - INFO - service recall    | micro: 0.666667; macro: 0.700000; score: [1.  1.  1.  0.  0.8 1.  1.  0.  0.5]
2025-10-31 21:10:41,037 - INFO - service f1        | micro: 0.542373; macro: 0.497354; score: [1.         0.57142857 0.57142857 0.         0.5        0.5
 0.66666667 0.         0.66666667]
2025-10-31 21:10:41,064 - INFO - pod     precision | micro: 0.392070; macro: 0.569171; score: [0.90909091 0.5        0.29508197 0.5        0.35714286 0.06122449
 1.         0.5        1.        ]
2025-10-31 21:10:41,064 - INFO - pod     recall    | micro: 0.767241; macro: 0.835580; score: [1.         1.         0.9        0.42857143 0.65217391 0.75
 1.         1.         0.78947368]
2025-10-31 21:10:41,064 - INFO - pod     f1        | micro: 0.518950; macro: 0.627644; score: [0.95238095 0.66666667 0.44444444 0.46153846 0.46153846 0.11320755
 1.         0.66666667 0.88235294]
2025-10-31 21:10:41,064 - INFO - ----------
2025-10-31 21:10:43,941 - INFO - [131/300] | train_loss: 0.10445
2025-10-31 21:10:46,935 - INFO - [132/300] | train_loss: 0.11855
2025-10-31 21:10:49,935 - INFO - [133/300] | train_loss: 0.09256
2025-10-31 21:10:52,938 - INFO - [134/300] | train_loss: 0.08197
2025-10-31 21:10:55,936 - INFO - [135/300] | train_loss: 0.07313
2025-10-31 21:10:58,935 - INFO - [136/300] | train_loss: 0.09942
2025-10-31 21:11:02,041 - INFO - [137/300] | train_loss: 0.05783
2025-10-31 21:11:05,033 - INFO - [138/300] | train_loss: 0.07772
2025-10-31 21:11:08,034 - INFO - [139/300] | train_loss: 0.05536
2025-10-31 21:11:11,039 - INFO - [140/300] | train_loss: 0.03397
2025-10-31 21:11:11,401 - INFO - ----------
2025-10-31 21:11:11,401 - INFO - evaluation dataset type: valid
2025-10-31 21:11:11,416 - INFO - node    precision | micro: 0.520000; macro: 0.574074; score: [0.44444444 1.         1.         0.         0.4        0.6       ]
2025-10-31 21:11:11,417 - INFO - node    recall    | micro: 0.812500; macro: 0.688889; score: [0.8        0.66666667 0.66666667 0.         1.         1.        ]
2025-10-31 21:11:11,417 - INFO - node    f1        | micro: 0.634146; macro: 0.582143; score: [0.57142857 0.8        0.8        0.         0.57142857 0.75      ]
2025-10-31 21:11:11,433 - INFO - service precision | micro: 0.684211; macro: 0.500000; score: [1.  0.5 0.5 0.  0.5 0.  1.  0.  1. ]
2025-10-31 21:11:11,433 - INFO - service recall    | micro: 0.541667; macro: 0.550000; score: [1.   1.   0.75 0.   0.2  0.   1.   0.   1.  ]
2025-10-31 21:11:11,433 - INFO - service f1        | micro: 0.604651; macro: 0.505820; score: [1.         0.66666667 0.6        0.         0.28571429 0.
 1.         0.         1.        ]
2025-10-31 21:11:11,460 - INFO - pod     precision | micro: 0.573529; macro: 0.656990; score: [0.90909091 0.61111111 0.40540541 0.4        0.66666667 0.14285714
 0.77777778 1.         1.        ]
2025-10-31 21:11:11,460 - INFO - pod     recall    | micro: 0.672414; macro: 0.756956; score: [1.         1.         0.75       0.28571429 0.43478261 0.5
 1.         1.         0.84210526]
2025-10-31 21:11:11,460 - INFO - pod     f1        | micro: 0.619048; macro: 0.678719; score: [0.95238095 0.75862069 0.52631579 0.33333333 0.52631579 0.22222222
 0.875      1.         0.91428571]
2025-10-31 21:11:11,460 - INFO - ----------
2025-10-31 21:11:14,335 - INFO - [141/300] | train_loss: 0.02087
2025-10-31 21:11:17,336 - INFO - [142/300] | train_loss: 0.02090
2025-10-31 21:11:20,335 - INFO - [143/300] | train_loss: 0.01910
2025-10-31 21:11:23,433 - INFO - [144/300] | train_loss: 0.01364
2025-10-31 21:11:26,438 - INFO - [145/300] | train_loss: 0.01686
2025-10-31 21:11:29,433 - INFO - [146/300] | train_loss: 0.01682
2025-10-31 21:11:32,439 - INFO - [147/300] | train_loss: 0.01242
2025-10-31 21:11:35,439 - INFO - [148/300] | train_loss: 0.01029
2025-10-31 21:11:38,537 - INFO - [149/300] | train_loss: 0.00891
2025-10-31 21:11:41,540 - INFO - [150/300] | train_loss: 0.01290
2025-10-31 21:11:41,902 - INFO - ----------
2025-10-31 21:11:41,903 - INFO - evaluation dataset type: valid
2025-10-31 21:11:41,918 - INFO - node    precision | micro: 0.764706; macro: 0.722222; score: [0.66666667 1.         1.         0.         0.66666667 1.        ]
2025-10-31 21:11:41,918 - INFO - node    recall    | micro: 0.812500; macro: 0.688889; score: [0.8        0.66666667 0.66666667 0.         1.         1.        ]
2025-10-31 21:11:41,918 - INFO - node    f1        | micro: 0.787879; macro: 0.687879; score: [0.72727273 0.8        0.8        0.         0.8        1.        ]
2025-10-31 21:11:41,935 - INFO - service precision | micro: 0.684211; macro: 0.500000; score: [1.  0.5 0.5 0.  0.5 0.  1.  0.  1. ]
2025-10-31 21:11:41,935 - INFO - service recall    | micro: 0.541667; macro: 0.550000; score: [1.   1.   0.75 0.   0.2  0.   1.   0.   1.  ]
2025-10-31 21:11:41,935 - INFO - service f1        | micro: 0.604651; macro: 0.505820; score: [1.         0.66666667 0.6        0.         0.28571429 0.
 1.         0.         1.        ]
2025-10-31 21:11:41,962 - INFO - pod     precision | micro: 0.603053; macro: 0.688352; score: [0.90909091 0.61111111 0.36842105 0.33333333 0.6875     0.28571429
 1.         1.         1.        ]
2025-10-31 21:11:41,962 - INFO - pod     recall    | micro: 0.681034; macro: 0.762636; score: [1.         1.         0.7        0.23809524 0.47826087 0.5
 1.         1.         0.94736842]
2025-10-31 21:11:41,962 - INFO - pod     f1        | micro: 0.639676; macro: 0.708028; score: [0.95238095 0.75862069 0.48275862 0.27777778 0.56410256 0.36363636
 1.         1.         0.97297297]
2025-10-31 21:11:41,962 - INFO - ----------
2025-10-31 21:11:44,939 - INFO - [151/300] | train_loss: 0.00828
2025-10-31 21:11:47,936 - INFO - [152/300] | train_loss: 0.00599
2025-10-31 21:11:50,937 - INFO - [153/300] | train_loss: 0.00800
2025-10-31 21:11:53,937 - INFO - [154/300] | train_loss: 0.00714
2025-10-31 21:11:56,939 - INFO - [155/300] | train_loss: 0.00766
2025-10-31 21:11:59,939 - INFO - [156/300] | train_loss: 0.00816
2025-10-31 21:12:02,937 - INFO - [157/300] | train_loss: 0.00595
2025-10-31 21:12:05,933 - INFO - [158/300] | train_loss: 0.00821
2025-10-31 21:12:08,934 - INFO - [159/300] | train_loss: 0.00693
2025-10-31 21:12:11,938 - INFO - [160/300] | train_loss: 0.00561
2025-10-31 21:12:12,299 - INFO - ----------
2025-10-31 21:12:12,300 - INFO - evaluation dataset type: valid
2025-10-31 21:12:12,315 - INFO - node    precision | micro: 0.750000; macro: 0.702381; score: [0.71428571 1.         1.         0.         0.5        1.        ]
2025-10-31 21:12:12,315 - INFO - node    recall    | micro: 0.937500; macro: 0.777778; score: [1.         1.         0.66666667 0.         1.         1.        ]
2025-10-31 21:12:12,315 - INFO - node    f1        | micro: 0.833333; macro: 0.716667; score: [0.83333333 1.         0.8        0.         0.66666667 1.        ]
2025-10-31 21:12:12,331 - INFO - service precision | micro: 0.764706; macro: 0.574074; score: [1.         0.66666667 0.5        0.         1.         0.
 1.         0.         1.        ]
2025-10-31 21:12:12,331 - INFO - service recall    | micro: 0.541667; macro: 0.550000; score: [1.   1.   0.75 0.   0.2  0.   1.   0.   1.  ]
2025-10-31 21:12:12,332 - INFO - service f1        | micro: 0.634146; macro: 0.525926; score: [1.         0.8        0.6        0.         0.33333333 0.
 1.         0.         1.        ]
2025-10-31 21:12:12,358 - INFO - pod     precision | micro: 0.686957; macro: 0.738225; score: [0.90909091 0.64705882 0.45454545 0.3        1.         0.33333333
 1.         1.         1.        ]
2025-10-31 21:12:12,358 - INFO - pod     recall    | micro: 0.681034; macro: 0.762441; score: [1.         1.         0.75       0.14285714 0.52173913 0.5
 1.         1.         0.94736842]
2025-10-31 21:12:12,359 - INFO - pod     f1        | micro: 0.683983; macro: 0.728485; score: [0.95238095 0.78571429 0.56603774 0.19354839 0.68571429 0.4
 1.         1.         0.97297297]
2025-10-31 21:12:12,359 - INFO - ----------
2025-10-31 21:12:15,237 - INFO - [161/300] | train_loss: 0.00752
2025-10-31 21:12:18,243 - INFO - [162/300] | train_loss: 0.00579
2025-10-31 21:12:21,233 - INFO - [163/300] | train_loss: 0.00592
2025-10-31 21:12:24,239 - INFO - [164/300] | train_loss: 0.00659
2025-10-31 21:12:27,235 - INFO - [165/300] | train_loss: 0.00559
2025-10-31 21:12:30,238 - INFO - [166/300] | train_loss: 0.00693
2025-10-31 21:12:33,235 - INFO - [167/300] | train_loss: 0.00466
2025-10-31 21:12:36,239 - INFO - [168/300] | train_loss: 0.00561
2025-10-31 21:12:39,224 - INFO - [169/300] | train_loss: 0.00598
2025-10-31 21:12:42,222 - INFO - [170/300] | train_loss: 0.00746
2025-10-31 21:12:42,594 - INFO - ----------
2025-10-31 21:12:42,595 - INFO - evaluation dataset type: valid
2025-10-31 21:12:42,609 - INFO - node    precision | micro: 0.681818; macro: 0.635714; score: [0.71428571 0.6        1.         0.         0.5        1.        ]
2025-10-31 21:12:42,610 - INFO - node    recall    | micro: 0.937500; macro: 0.777778; score: [1.         1.         0.66666667 0.         1.         1.        ]
2025-10-31 21:12:42,610 - INFO - node    f1        | micro: 0.789474; macro: 0.675000; score: [0.83333333 0.75       0.8        0.         0.66666667 1.        ]
2025-10-31 21:12:42,626 - INFO - service precision | micro: 0.764706; macro: 0.574074; score: [1.         0.66666667 0.5        0.         1.         0.
 1.         0.         1.        ]
2025-10-31 21:12:42,626 - INFO - service recall    | micro: 0.541667; macro: 0.550000; score: [1.   1.   0.75 0.   0.2  0.   1.   0.   1.  ]
2025-10-31 21:12:42,626 - INFO - service f1        | micro: 0.634146; macro: 0.525926; score: [1.         0.8        0.6        0.         0.33333333 0.
 1.         0.         1.        ]
2025-10-31 21:12:42,653 - INFO - pod     precision | micro: 0.690909; macro: 0.735677; score: [0.90909091 0.64705882 0.44827586 0.3        0.91666667 0.4
 1.         1.         1.        ]
2025-10-31 21:12:42,653 - INFO - pod     recall    | micro: 0.655172; macro: 0.746498; score: [1.         1.         0.65       0.14285714 0.47826087 0.5
 1.         1.         0.94736842]
2025-10-31 21:12:42,653 - INFO - pod     f1        | micro: 0.672566; macro: 0.723138; score: [0.95238095 0.78571429 0.53061224 0.19354839 0.62857143 0.44444444
 1.         1.         0.97297297]
2025-10-31 21:12:42,653 - INFO - ----------
2025-10-31 21:12:45,537 - INFO - [171/300] | train_loss: 0.00846
2025-10-31 21:12:48,534 - INFO - [172/300] | train_loss: 0.00511
2025-10-31 21:12:51,736 - INFO - [173/300] | train_loss: 0.00554
2025-10-31 21:12:54,739 - INFO - [174/300] | train_loss: 0.00548
2025-10-31 21:12:57,734 - INFO - [175/300] | train_loss: 0.00561
2025-10-31 21:13:00,734 - INFO - [176/300] | train_loss: 0.00617
2025-10-31 21:13:03,737 - INFO - [177/300] | train_loss: 0.00551
2025-10-31 21:13:06,742 - INFO - [178/300] | train_loss: 0.00608
2025-10-31 21:13:09,734 - INFO - [179/300] | train_loss: 0.00522
2025-10-31 21:13:12,737 - INFO - [180/300] | train_loss: 0.01236
2025-10-31 21:13:13,105 - INFO - ----------
2025-10-31 21:13:13,105 - INFO - evaluation dataset type: valid
2025-10-31 21:13:13,121 - INFO - node    precision | micro: 0.777778; macro: 0.730159; score: [0.71428571 0.66666667 1.         0.         1.         1.        ]
2025-10-31 21:13:13,121 - INFO - node    recall    | micro: 0.875000; macro: 0.722222; score: [1.         0.66666667 0.66666667 0.         1.         1.        ]
2025-10-31 21:13:13,121 - INFO - node    f1        | micro: 0.823529; macro: 0.716667; score: [0.83333333 0.66666667 0.8        0.         1.         1.        ]
2025-10-31 21:13:13,138 - INFO - service precision | micro: 0.764706; macro: 0.574074; score: [1.         0.66666667 0.5        0.         1.         0.
 1.         0.         1.        ]
2025-10-31 21:13:13,138 - INFO - service recall    | micro: 0.541667; macro: 0.550000; score: [1.   1.   0.75 0.   0.2  0.   1.   0.   1.  ]
2025-10-31 21:13:13,138 - INFO - service f1        | micro: 0.634146; macro: 0.525926; score: [1.         0.8        0.6        0.         0.33333333 0.
 1.         0.         1.        ]
2025-10-31 21:13:13,165 - INFO - pod     precision | micro: 0.691589; macro: 0.751357; score: [0.90909091 0.64705882 0.43333333 0.27272727 1.         0.5
 1.         1.         1.        ]
2025-10-31 21:13:13,165 - INFO - pod     recall    | micro: 0.637931; macro: 0.713890; score: [1.         1.         0.65       0.14285714 0.43478261 0.25
 1.         1.         0.94736842]
2025-10-31 21:13:13,165 - INFO - pod     f1        | micro: 0.663677; macro: 0.706440; score: [0.95238095 0.78571429 0.52       0.1875     0.60606061 0.33333333
 1.         1.         0.97297297]
2025-10-31 21:13:13,165 - INFO - ----------
2025-10-31 21:13:16,037 - INFO - [181/300] | train_loss: 0.00559
2025-10-31 21:13:19,034 - INFO - [182/300] | train_loss: 0.00458
2025-10-31 21:13:22,039 - INFO - [183/300] | train_loss: 0.00394
2025-10-31 21:13:25,036 - INFO - [184/300] | train_loss: 0.00455
2025-10-31 21:13:28,037 - INFO - [185/300] | train_loss: 0.00460
2025-10-31 21:13:31,036 - INFO - [186/300] | train_loss: 0.00420
2025-10-31 21:13:34,039 - INFO - [187/300] | train_loss: 0.00484
2025-10-31 21:13:37,035 - INFO - [188/300] | train_loss: 0.00530
2025-10-31 21:13:40,334 - INFO - [189/300] | train_loss: 0.00470
2025-10-31 21:13:43,339 - INFO - [190/300] | train_loss: 0.00460
2025-10-31 21:13:43,701 - INFO - ----------
2025-10-31 21:13:43,701 - INFO - evaluation dataset type: valid
2025-10-31 21:13:43,717 - INFO - node    precision | micro: 0.777778; macro: 0.730159; score: [0.71428571 0.66666667 1.         0.         1.         1.        ]
2025-10-31 21:13:43,717 - INFO - node    recall    | micro: 0.875000; macro: 0.722222; score: [1.         0.66666667 0.66666667 0.         1.         1.        ]
2025-10-31 21:13:43,717 - INFO - node    f1        | micro: 0.823529; macro: 0.716667; score: [0.83333333 0.66666667 0.8        0.         1.         1.        ]
2025-10-31 21:13:43,733 - INFO - service precision | micro: 0.764706; macro: 0.574074; score: [1.         0.66666667 0.5        0.         1.         0.
 1.         0.         1.        ]
2025-10-31 21:13:43,733 - INFO - service recall    | micro: 0.541667; macro: 0.550000; score: [1.   1.   0.75 0.   0.2  0.   1.   0.   1.  ]
2025-10-31 21:13:43,733 - INFO - service f1        | micro: 0.634146; macro: 0.525926; score: [1.         0.8        0.6        0.         0.33333333 0.
 1.         0.         1.        ]
2025-10-31 21:13:43,760 - INFO - pod     precision | micro: 0.740385; macro: 0.833399; score: [0.90909091 0.64705882 0.5        0.44444444 1.         1.
 1.         1.         1.        ]
2025-10-31 21:13:43,760 - INFO - pod     recall    | micro: 0.663793; macro: 0.730292; score: [1.         1.         0.75       0.19047619 0.43478261 0.25
 1.         1.         0.94736842]
2025-10-31 21:13:43,760 - INFO - pod     f1        | micro: 0.700000; macro: 0.731533; score: [0.95238095 0.78571429 0.6        0.26666667 0.60606061 0.4
 1.         1.         0.97297297]
2025-10-31 21:13:43,760 - INFO - ----------
2025-10-31 21:13:46,636 - INFO - [191/300] | train_loss: 0.00553
2025-10-31 21:13:49,638 - INFO - [192/300] | train_loss: 0.00471
2025-10-31 21:13:52,640 - INFO - [193/300] | train_loss: 0.00430
2025-10-31 21:13:55,636 - INFO - [194/300] | train_loss: 0.00674
2025-10-31 21:13:58,743 - INFO - [195/300] | train_loss: 0.00541
2025-10-31 21:14:01,737 - INFO - [196/300] | train_loss: 0.00452
2025-10-31 21:14:04,734 - INFO - [197/300] | train_loss: 0.00716
2025-10-31 21:14:07,739 - INFO - [198/300] | train_loss: 0.00538
2025-10-31 21:14:10,838 - INFO - [199/300] | train_loss: 0.00476
2025-10-31 21:14:13,835 - INFO - [200/300] | train_loss: 0.00482
2025-10-31 21:14:14,199 - INFO - ----------
2025-10-31 21:14:14,200 - INFO - evaluation dataset type: valid
2025-10-31 21:14:14,215 - INFO - node    precision | micro: 0.823529; macro: 0.785714; score: [0.71428571 1.         1.         0.         1.         1.        ]
2025-10-31 21:14:14,215 - INFO - node    recall    | micro: 0.875000; macro: 0.722222; score: [1.         0.66666667 0.66666667 0.         1.         1.        ]
2025-10-31 21:14:14,215 - INFO - node    f1        | micro: 0.848485; macro: 0.738889; score: [0.83333333 0.8        0.8        0.         1.         1.        ]
2025-10-31 21:14:14,231 - INFO - service precision | micro: 0.764706; macro: 0.574074; score: [1.         0.66666667 0.5        0.         1.         0.
 1.         0.         1.        ]
2025-10-31 21:14:14,231 - INFO - service recall    | micro: 0.541667; macro: 0.550000; score: [1.   1.   0.75 0.   0.2  0.   1.   0.   1.  ]
2025-10-31 21:14:14,232 - INFO - service f1        | micro: 0.634146; macro: 0.525926; score: [1.         0.8        0.6        0.         0.33333333 0.
 1.         0.         1.        ]
2025-10-31 21:14:14,259 - INFO - pod     precision | micro: 0.745283; macro: 0.782337; score: [0.90909091 0.6875     0.5        0.44444444 1.         0.5
 1.         1.         1.        ]
2025-10-31 21:14:14,259 - INFO - pod     recall    | micro: 0.681034; macro: 0.762176; score: [1.         1.         0.7        0.19047619 0.52173913 0.5
 1.         1.         0.94736842]
2025-10-31 21:14:14,259 - INFO - pod     f1        | micro: 0.711712; macro: 0.752876; score: [0.95238095 0.81481481 0.58333333 0.26666667 0.68571429 0.5
 1.         1.         0.97297297]
2025-10-31 21:14:14,259 - INFO - ----------
2025-10-31 21:14:17,140 - INFO - [201/300] | train_loss: 0.00457
2025-10-31 21:14:20,137 - INFO - [202/300] | train_loss: 0.00400
2025-10-31 21:14:23,138 - INFO - [203/300] | train_loss: 0.00525
2025-10-31 21:14:26,235 - INFO - [204/300] | train_loss: 0.00437
2025-10-31 21:14:29,239 - INFO - [205/300] | train_loss: 0.00475
2025-10-31 21:14:32,239 - INFO - [206/300] | train_loss: 0.00851
2025-10-31 21:14:35,437 - INFO - [207/300] | train_loss: 0.00577
2025-10-31 21:14:38,435 - INFO - [208/300] | train_loss: 0.00608
2025-10-31 21:14:41,437 - INFO - [209/300] | train_loss: 0.00489
2025-10-31 21:14:44,434 - INFO - [210/300] | train_loss: 0.00496
2025-10-31 21:14:44,801 - INFO - ----------
2025-10-31 21:14:44,801 - INFO - evaluation dataset type: valid
2025-10-31 21:14:44,816 - INFO - node    precision | micro: 0.812500; macro: 0.785714; score: [0.71428571 1.         1.         0.         1.         1.        ]
2025-10-31 21:14:44,816 - INFO - node    recall    | micro: 0.812500; macro: 0.666667; score: [1.         0.33333333 0.66666667 0.         1.         1.        ]
2025-10-31 21:14:44,816 - INFO - node    f1        | micro: 0.812500; macro: 0.688889; score: [0.83333333 0.5        0.8        0.         1.         1.        ]
2025-10-31 21:14:44,832 - INFO - service precision | micro: 0.764706; macro: 0.574074; score: [1.         0.66666667 0.5        0.         1.         0.
 1.         0.         1.        ]
2025-10-31 21:14:44,832 - INFO - service recall    | micro: 0.541667; macro: 0.550000; score: [1.   1.   0.75 0.   0.2  0.   1.   0.   1.  ]
2025-10-31 21:14:44,833 - INFO - service f1        | micro: 0.634146; macro: 0.525926; score: [1.         0.8        0.6        0.         0.33333333 0.
 1.         0.         1.        ]
2025-10-31 21:14:44,859 - INFO - pod     precision | micro: 0.719626; macro: 0.742719; score: [0.90909091 0.6875     0.46666667 0.45454545 1.         0.66666667
 1.         0.5        1.        ]
2025-10-31 21:14:44,859 - INFO - pod     recall    | micro: 0.663793; macro: 0.752974; score: [1.         1.         0.7        0.23809524 0.39130435 0.5
 1.         1.         0.94736842]
2025-10-31 21:14:44,860 - INFO - pod     f1        | micro: 0.690583; macro: 0.712585; score: [0.95238095 0.81481481 0.56       0.3125     0.5625     0.57142857
 1.         0.66666667 0.97297297]
2025-10-31 21:14:44,860 - INFO - ----------
2025-10-31 21:14:47,837 - INFO - [211/300] | train_loss: 0.00484
2025-10-31 21:14:51,033 - INFO - [212/300] | train_loss: 0.00558
2025-10-31 21:14:54,138 - INFO - [213/300] | train_loss: 0.00815
2025-10-31 21:14:57,134 - INFO - [214/300] | train_loss: 0.00645
2025-10-31 21:15:00,134 - INFO - [215/300] | train_loss: 0.00629
2025-10-31 21:15:03,135 - INFO - [216/300] | train_loss: 0.00402
2025-10-31 21:15:06,332 - INFO - [217/300] | train_loss: 0.00436
2025-10-31 21:15:09,334 - INFO - [218/300] | train_loss: 0.00831
2025-10-31 21:15:12,440 - INFO - [219/300] | train_loss: 0.00424
2025-10-31 21:15:15,437 - INFO - [220/300] | train_loss: 0.00653
2025-10-31 21:15:15,802 - INFO - ----------
2025-10-31 21:15:15,803 - INFO - evaluation dataset type: valid
2025-10-31 21:15:15,818 - INFO - node    precision | micro: 0.736842; macro: 0.702381; score: [0.71428571 0.5        1.         0.         1.         1.        ]
2025-10-31 21:15:15,819 - INFO - node    recall    | micro: 0.875000; macro: 0.722222; score: [1.         0.66666667 0.66666667 0.         1.         1.        ]
2025-10-31 21:15:15,819 - INFO - node    f1        | micro: 0.800000; macro: 0.700794; score: [0.83333333 0.57142857 0.8        0.         1.         1.        ]
2025-10-31 21:15:15,836 - INFO - service precision | micro: 0.750000; macro: 0.462963; score: [1.         0.66666667 0.5        0.         0.         0.
 1.         0.         1.        ]
2025-10-31 21:15:15,836 - INFO - service recall    | micro: 0.500000; macro: 0.527778; score: [1.   1.   0.75 0.   0.   0.   1.   0.   1.  ]
2025-10-31 21:15:15,836 - INFO - service f1        | micro: 0.600000; macro: 0.488889; score: [1.  0.8 0.6 0.  0.  0.  1.  0.  1. ]
2025-10-31 21:15:15,863 - INFO - pod     precision | micro: 0.694444; macro: 0.768144; score: [0.90909091 0.64705882 0.42857143 0.42857143 1.         0.5
 1.         1.         1.        ]
2025-10-31 21:15:15,863 - INFO - pod     recall    | micro: 0.646552; macro: 0.742323; score: [1.         1.         0.6        0.28571429 0.34782609 0.5
 1.         1.         0.94736842]
2025-10-31 21:15:15,863 - INFO - pod     f1        | micro: 0.669643; macro: 0.730006; score: [0.95238095 0.78571429 0.5        0.34285714 0.51612903 0.5
 1.         1.         0.97297297]
2025-10-31 21:15:15,863 - INFO - ----------
2025-10-31 21:15:18,737 - INFO - [221/300] | train_loss: 0.00588
2025-10-31 21:15:21,740 - INFO - [222/300] | train_loss: 0.00473
2025-10-31 21:15:24,733 - INFO - [223/300] | train_loss: 0.00660
2025-10-31 21:15:27,737 - INFO - [224/300] | train_loss: 0.00372
2025-10-31 21:15:30,739 - INFO - [225/300] | train_loss: 0.00485
2025-10-31 21:15:33,835 - INFO - [226/300] | train_loss: 0.00391
2025-10-31 21:15:36,836 - INFO - [227/300] | train_loss: 0.00620
2025-10-31 21:15:39,837 - INFO - [228/300] | train_loss: 0.00472
2025-10-31 21:15:42,840 - INFO - [229/300] | train_loss: 0.00537
2025-10-31 21:15:45,845 - INFO - [230/300] | train_loss: 0.00542
2025-10-31 21:15:46,200 - INFO - ----------
2025-10-31 21:15:46,200 - INFO - evaluation dataset type: valid
2025-10-31 21:15:46,215 - INFO - node    precision | micro: 0.722222; macro: 0.674603; score: [0.71428571 0.33333333 1.         0.         1.         1.        ]
2025-10-31 21:15:46,215 - INFO - node    recall    | micro: 0.812500; macro: 0.666667; score: [1.         0.33333333 0.66666667 0.         1.         1.        ]
2025-10-31 21:15:46,215 - INFO - node    f1        | micro: 0.764706; macro: 0.661111; score: [0.83333333 0.33333333 0.8        0.         1.         1.        ]
2025-10-31 21:15:46,231 - INFO - service precision | micro: 0.733333; macro: 0.462963; score: [1.         0.66666667 0.5        0.         0.         0.
 1.         0.         1.        ]
2025-10-31 21:15:46,231 - INFO - service recall    | micro: 0.458333; macro: 0.500000; score: [1.   1.   0.75 0.   0.   0.   1.   0.   0.75]
2025-10-31 21:15:46,231 - INFO - service f1        | micro: 0.564103; macro: 0.473016; score: [1.         0.8        0.6        0.         0.         0.
 1.         0.         0.85714286]
2025-10-31 21:15:46,258 - INFO - pod     precision | micro: 0.715686; macro: 0.787276; score: [0.90909091 0.6875     0.43333333 0.55555556 1.         0.5
 1.         1.         1.        ]
2025-10-31 21:15:46,258 - INFO - pod     recall    | micro: 0.629310; macro: 0.732926; score: [1.         1.         0.65       0.23809524 0.26086957 0.5
 1.         1.         0.94736842]
2025-10-31 21:15:46,258 - INFO - pod     f1        | micro: 0.669725; macro: 0.723033; score: [0.95238095 0.81481481 0.52       0.33333333 0.4137931  0.5
 1.         1.         0.97297297]
2025-10-31 21:15:46,258 - INFO - ----------
2025-10-31 21:15:49,141 - INFO - [231/300] | train_loss: 0.00626
2025-10-31 21:15:52,138 - INFO - [232/300] | train_loss: 0.00548
2025-10-31 21:15:55,140 - INFO - [233/300] | train_loss: 0.00762
2025-10-31 21:15:58,140 - INFO - [234/300] | train_loss: 0.00619
2025-10-31 21:16:01,136 - INFO - [235/300] | train_loss: 0.00959
2025-10-31 21:16:04,138 - INFO - [236/300] | train_loss: 0.00597
2025-10-31 21:16:07,140 - INFO - [237/300] | train_loss: 0.00718
2025-10-31 21:16:10,137 - INFO - [238/300] | train_loss: 0.00770
2025-10-31 21:16:13,139 - INFO - [239/300] | train_loss: 0.00844
2025-10-31 21:16:16,140 - INFO - [240/300] | train_loss: 0.00644
2025-10-31 21:16:16,501 - INFO - ----------
2025-10-31 21:16:16,501 - INFO - evaluation dataset type: valid
2025-10-31 21:16:16,517 - INFO - node    precision | micro: 0.714286; macro: 0.702381; score: [0.71428571 0.5        1.         0.         1.         1.        ]
2025-10-31 21:16:16,517 - INFO - node    recall    | micro: 0.937500; macro: 0.777778; score: [1.         1.         0.66666667 0.         1.         1.        ]
2025-10-31 21:16:16,517 - INFO - node    f1        | micro: 0.810811; macro: 0.716667; score: [0.83333333 0.66666667 0.8        0.         1.         1.        ]
2025-10-31 21:16:16,533 - INFO - service precision | micro: 0.750000; macro: 0.574074; score: [1.         0.66666667 0.5        0.         1.         0.
 1.         0.         1.        ]
2025-10-31 21:16:16,533 - INFO - service recall    | micro: 0.500000; macro: 0.522222; score: [1.  1.  0.5 0.  0.2 0.  1.  0.  1. ]
2025-10-31 21:16:16,534 - INFO - service f1        | micro: 0.600000; macro: 0.514815; score: [1.         0.8        0.5        0.         0.33333333 0.
 1.         0.         1.        ]
2025-10-31 21:16:16,561 - INFO - pod     precision | micro: 0.690265; macro: 0.718010; score: [0.90909091 0.6875     0.44444444 0.42105263 1.         0.5
 1.         0.5        1.        ]
2025-10-31 21:16:16,561 - INFO - pod     recall    | micro: 0.672414; macro: 0.757736; score: [1.         1.         0.6        0.38095238 0.39130435 0.5
 1.         1.         0.94736842]
2025-10-31 21:16:16,561 - INFO - pod     f1        | micro: 0.681223; macro: 0.708886; score: [0.95238095 0.81481481 0.5106383  0.4        0.5625     0.5
 1.         0.66666667 0.97297297]
2025-10-31 21:16:16,561 - INFO - ----------
2025-10-31 21:16:19,424 - INFO - [241/300] | train_loss: 0.00517
2025-10-31 21:16:22,435 - INFO - [242/300] | train_loss: 0.00526
2025-10-31 21:16:25,441 - INFO - [243/300] | train_loss: 0.01275
2025-10-31 21:16:28,535 - INFO - [244/300] | train_loss: 0.00746
2025-10-31 21:16:31,539 - INFO - [245/300] | train_loss: 0.00905
2025-10-31 21:16:34,539 - INFO - [246/300] | train_loss: 0.01064
2025-10-31 21:16:37,541 - INFO - [247/300] | train_loss: 0.00443
2025-10-31 21:16:40,836 - INFO - [248/300] | train_loss: 0.00613
2025-10-31 21:16:43,899 - INFO - [249/300] | train_loss: 0.00455
2025-10-31 21:16:46,936 - INFO - [250/300] | train_loss: 0.00577
2025-10-31 21:16:47,298 - INFO - ----------
2025-10-31 21:16:47,299 - INFO - evaluation dataset type: valid
2025-10-31 21:16:47,314 - INFO - node    precision | micro: 0.750000; macro: 0.719048; score: [0.71428571 0.6        1.         0.         1.         1.        ]
2025-10-31 21:16:47,314 - INFO - node    recall    | micro: 0.937500; macro: 0.777778; score: [1.         1.         0.66666667 0.         1.         1.        ]
2025-10-31 21:16:47,314 - INFO - node    f1        | micro: 0.833333; macro: 0.730556; score: [0.83333333 0.75       0.8        0.         1.         1.        ]
2025-10-31 21:16:47,330 - INFO - service precision | micro: 0.866667; macro: 0.601852; score: [1.         0.66666667 0.75       0.         1.         0.
 1.         0.         1.        ]
2025-10-31 21:16:47,330 - INFO - service recall    | micro: 0.541667; macro: 0.550000; score: [1.   1.   0.75 0.   0.2  0.   1.   0.   1.  ]
2025-10-31 21:16:47,330 - INFO - service f1        | micro: 0.666667; macro: 0.542593; score: [1.         0.8        0.75       0.         0.33333333 0.
 1.         0.         1.        ]
2025-10-31 21:16:47,357 - INFO - pod     precision | micro: 0.729730; macro: 0.764489; score: [0.90909091 0.6875     0.56       0.35714286 0.86666667 0.5
 1.         1.         1.        ]
2025-10-31 21:16:47,357 - INFO - pod     recall    | micro: 0.698276; macro: 0.772298; score: [1.         1.         0.7        0.23809524 0.56521739 0.5
 1.         1.         0.94736842]
2025-10-31 21:16:47,357 - INFO - pod     f1        | micro: 0.713656; macro: 0.759146; score: [0.95238095 0.81481481 0.62222222 0.28571429 0.68421053 0.5
 1.         1.         0.97297297]
2025-10-31 21:16:47,357 - INFO - ----------
2025-10-31 21:16:50,235 - INFO - [251/300] | train_loss: 0.00519
2025-10-31 21:16:53,239 - INFO - [252/300] | train_loss: 0.00438
2025-10-31 21:16:56,239 - INFO - [253/300] | train_loss: 0.00454
2025-10-31 21:16:59,240 - INFO - [254/300] | train_loss: 0.00417
2025-10-31 21:17:02,240 - INFO - [255/300] | train_loss: 0.00616
2025-10-31 21:17:05,338 - INFO - [256/300] | train_loss: 0.00653
2025-10-31 21:17:08,341 - INFO - [257/300] | train_loss: 0.00591
2025-10-31 21:17:11,437 - INFO - [258/300] | train_loss: 0.00508
2025-10-31 21:17:14,438 - INFO - [259/300] | train_loss: 0.00705
2025-10-31 21:17:17,436 - INFO - [260/300] | train_loss: 0.00664
2025-10-31 21:17:17,799 - INFO - ----------
2025-10-31 21:17:17,799 - INFO - evaluation dataset type: valid
2025-10-31 21:17:17,814 - INFO - node    precision | micro: 0.714286; macro: 0.704167; score: [0.625 0.6   1.    0.    1.    1.   ]
2025-10-31 21:17:17,814 - INFO - node    recall    | micro: 0.937500; macro: 0.777778; score: [1.         1.         0.66666667 0.         1.         1.        ]
2025-10-31 21:17:17,814 - INFO - node    f1        | micro: 0.810811; macro: 0.719872; score: [0.76923077 0.75       0.8        0.         1.         1.        ]
2025-10-31 21:17:17,830 - INFO - service precision | micro: 0.750000; macro: 0.685185; score: [1.         0.66666667 0.5        0.         1.         1.
 1.         0.         1.        ]
2025-10-31 21:17:17,830 - INFO - service recall    | micro: 0.500000; macro: 0.605556; score: [1.   1.   0.75 0.   0.2  1.   1.   0.   0.5 ]
2025-10-31 21:17:17,831 - INFO - service f1        | micro: 0.600000; macro: 0.600000; score: [1.         0.8        0.6        0.         0.33333333 1.
 1.         0.         0.66666667]
2025-10-31 21:17:17,857 - INFO - pod     precision | micro: 0.684685; macro: 0.721359; score: [0.90909091 0.6875     0.48387097 0.41176471 1.         0.5
 1.         0.5        1.        ]
2025-10-31 21:17:17,857 - INFO - pod     recall    | micro: 0.655172; macro: 0.746737; score: [1.         1.         0.75       0.33333333 0.34782609 0.5
 1.         1.         0.78947368]
2025-10-31 21:17:17,857 - INFO - pod     f1        | micro: 0.669604; macro: 0.698778; score: [0.95238095 0.81481481 0.58823529 0.36842105 0.51612903 0.5
 1.         0.66666667 0.88235294]
2025-10-31 21:17:17,857 - INFO - ----------
2025-10-31 21:17:20,740 - INFO - [261/300] | train_loss: 0.00451
2025-10-31 21:17:23,840 - INFO - [262/300] | train_loss: 0.00432
2025-10-31 21:17:26,841 - INFO - [263/300] | train_loss: 0.00419
2025-10-31 21:17:29,839 - INFO - [264/300] | train_loss: 0.00558
2025-10-31 21:17:32,942 - INFO - [265/300] | train_loss: 0.00352
2025-10-31 21:17:36,040 - INFO - [266/300] | train_loss: 0.00352
2025-10-31 21:17:39,038 - INFO - [267/300] | train_loss: 0.00367
2025-10-31 21:17:42,041 - INFO - [268/300] | train_loss: 0.00381
2025-10-31 21:17:45,040 - INFO - [269/300] | train_loss: 0.00423
2025-10-31 21:17:48,039 - INFO - [270/300] | train_loss: 0.00361
2025-10-31 21:17:48,402 - INFO - ----------
2025-10-31 21:17:48,402 - INFO - evaluation dataset type: valid
2025-10-31 21:17:48,418 - INFO - node    precision | micro: 0.736842; macro: 0.702381; score: [0.71428571 0.5        1.         0.         1.         1.        ]
2025-10-31 21:17:48,418 - INFO - node    recall    | micro: 0.875000; macro: 0.722222; score: [1.         0.66666667 0.66666667 0.         1.         1.        ]
2025-10-31 21:17:48,418 - INFO - node    f1        | micro: 0.800000; macro: 0.700794; score: [0.83333333 0.57142857 0.8        0.         1.         1.        ]
2025-10-31 21:17:48,434 - INFO - service precision | micro: 0.750000; macro: 0.585185; score: [1.         0.66666667 0.6        0.         1.         0.
 1.         0.         1.        ]
2025-10-31 21:17:48,434 - INFO - service recall    | micro: 0.500000; macro: 0.522222; score: [1.   1.   0.75 0.   0.2  0.   1.   0.   0.75]
2025-10-31 21:17:48,434 - INFO - service f1        | micro: 0.600000; macro: 0.517460; score: [1.         0.8        0.66666667 0.         0.33333333 0.
 1.         0.         0.85714286]
2025-10-31 21:17:48,461 - INFO - pod     precision | micro: 0.714286; macro: 0.743258; score: [0.90909091 0.64705882 0.54545455 0.42105263 1.         0.66666667
 1.         0.5        1.        ]
2025-10-31 21:17:48,461 - INFO - pod     recall    | micro: 0.646552; macro: 0.743243; score: [1.         1.         0.6        0.38095238 0.26086957 0.5
 1.         1.         0.94736842]
2025-10-31 21:17:48,461 - INFO - pod     f1        | micro: 0.678733; macro: 0.703821; score: [0.95238095 0.78571429 0.57142857 0.4        0.4137931  0.57142857
 1.         0.66666667 0.97297297]
2025-10-31 21:17:48,461 - INFO - ----------
2025-10-31 21:17:51,340 - INFO - [271/300] | train_loss: 0.00510
2025-10-31 21:17:54,342 - INFO - [272/300] | train_loss: 0.00366
2025-10-31 21:17:57,338 - INFO - [273/300] | train_loss: 0.00407
2025-10-31 21:18:00,340 - INFO - [274/300] | train_loss: 0.00571
2025-10-31 21:18:03,343 - INFO - [275/300] | train_loss: 0.00936
2025-10-31 21:18:06,339 - INFO - [276/300] | train_loss: 0.01504
2025-10-31 21:18:09,339 - INFO - [277/300] | train_loss: 0.02511
2025-10-31 21:18:12,437 - INFO - [278/300] | train_loss: 0.03050
2025-10-31 21:18:15,436 - INFO - [279/300] | train_loss: 0.02072
2025-10-31 21:18:18,449 - INFO - [280/300] | train_loss: 0.01679
2025-10-31 21:18:18,798 - INFO - ----------
2025-10-31 21:18:18,798 - INFO - evaluation dataset type: valid
2025-10-31 21:18:18,814 - INFO - node    precision | micro: 0.722222; macro: 0.687500; score: [0.625 0.5   1.    0.    1.    1.   ]
2025-10-31 21:18:18,814 - INFO - node    recall    | micro: 0.812500; macro: 0.666667; score: [1.         0.33333333 0.66666667 0.         1.         1.        ]
2025-10-31 21:18:18,814 - INFO - node    f1        | micro: 0.764706; macro: 0.661538; score: [0.76923077 0.4        0.8        0.         1.         1.        ]
2025-10-31 21:18:18,830 - INFO - service precision | micro: 0.428571; macro: 0.629630; score: [1.         0.66666667 0.16666667 0.5        1.         0.33333333
 1.         0.         1.        ]
2025-10-31 21:18:18,830 - INFO - service recall    | micro: 0.625000; macro: 0.677778; score: [1.   1.   0.75 0.4  0.2  1.   1.   0.   0.75]
2025-10-31 21:18:18,830 - INFO - service f1        | micro: 0.508475; macro: 0.578628; score: [1.         0.8        0.27272727 0.44444444 0.33333333 0.5
 1.         0.         0.85714286]
2025-10-31 21:18:18,857 - INFO - pod     precision | micro: 0.432432; macro: 0.586666; score: [0.71428571 0.64705882 0.25396825 0.26190476 0.77777778 0.125
 1.         0.5        1.        ]
2025-10-31 21:18:18,857 - INFO - pod     recall    | micro: 0.689655; macro: 0.768626; score: [1.         1.         0.8        0.52380952 0.30434783 0.5
 1.         1.         0.78947368]
2025-10-31 21:18:18,857 - INFO - pod     f1        | micro: 0.531561; macro: 0.615591; score: [0.83333333 0.78571429 0.38554217 0.34920635 0.4375     0.2
 1.         0.66666667 0.88235294]
2025-10-31 21:18:18,857 - INFO - ----------
2025-10-31 21:18:21,738 - INFO - [281/300] | train_loss: 0.01673
2025-10-31 21:18:24,739 - INFO - [282/300] | train_loss: 0.01229
2025-10-31 21:18:27,737 - INFO - [283/300] | train_loss: 0.01937
2025-10-31 21:18:30,739 - INFO - [284/300] | train_loss: 0.01276
2025-10-31 21:18:33,737 - INFO - [285/300] | train_loss: 0.01987
2025-10-31 21:18:36,740 - INFO - [286/300] | train_loss: 0.01470
2025-10-31 21:18:39,734 - INFO - [287/300] | train_loss: 0.01321
2025-10-31 21:18:42,738 - INFO - [288/300] | train_loss: 0.00946
2025-10-31 21:18:45,738 - INFO - [289/300] | train_loss: 0.00875
2025-10-31 21:18:48,739 - INFO - [290/300] | train_loss: 0.00846
2025-10-31 21:18:49,102 - INFO - ----------
2025-10-31 21:18:49,102 - INFO - evaluation dataset type: valid
2025-10-31 21:18:49,117 - INFO - node    precision | micro: 0.681818; macro: 0.687500; score: [0.625 0.5   1.    0.    1.    1.   ]
2025-10-31 21:18:49,117 - INFO - node    recall    | micro: 0.937500; macro: 0.777778; score: [1.         1.         0.66666667 0.         1.         1.        ]
2025-10-31 21:18:49,117 - INFO - node    f1        | micro: 0.789474; macro: 0.705983; score: [0.76923077 0.66666667 0.8        0.         1.         1.        ]
2025-10-31 21:18:49,133 - INFO - service precision | micro: 0.823529; macro: 0.759259; score: [1.         0.66666667 0.66666667 1.         1.         0.5
 1.         0.         1.        ]
2025-10-31 21:18:49,133 - INFO - service recall    | micro: 0.583333; macro: 0.650000; score: [1.   1.   0.5  0.2  0.4  1.   1.   0.   0.75]
2025-10-31 21:18:49,134 - INFO - service f1        | micro: 0.682927; macro: 0.644444; score: [1.         0.8        0.57142857 0.33333333 0.57142857 0.66666667
 1.         0.         0.85714286]
2025-10-31 21:18:49,160 - INFO - pod     precision | micro: 0.578231; macro: 0.684534; score: [0.90909091 0.64705882 0.46153846 0.43478261 0.66666667 0.16666667
 0.875      1.         1.        ]
2025-10-31 21:18:49,161 - INFO - pod     recall    | micro: 0.732759; macro: 0.836332; score: [1.         1.         0.6        0.47619048 0.60869565 1.
 1.         1.         0.84210526]
2025-10-31 21:18:49,161 - INFO - pod     f1        | micro: 0.646388; macro: 0.720453; score: [0.95238095 0.78571429 0.52173913 0.45454545 0.63636364 0.28571429
 0.93333333 1.         0.91428571]
2025-10-31 21:18:49,161 - INFO - ----------
2025-10-31 21:18:52,136 - INFO - [291/300] | train_loss: 0.01009
2025-10-31 21:18:55,137 - INFO - [292/300] | train_loss: 0.00757
2025-10-31 21:18:58,139 - INFO - [293/300] | train_loss: 0.00580
2025-10-31 21:19:01,140 - INFO - [294/300] | train_loss: 0.00594
2025-10-31 21:19:04,135 - INFO - [295/300] | train_loss: 0.00571
2025-10-31 21:19:07,138 - INFO - [296/300] | train_loss: 0.00504
2025-10-31 21:19:10,135 - INFO - [297/300] | train_loss: 0.00477
2025-10-31 21:19:13,134 - INFO - [298/300] | train_loss: 0.00337
2025-10-31 21:19:16,138 - INFO - [299/300] | train_loss: 0.00357
2025-10-31 21:19:17,796 - INFO - ----------
2025-10-31 21:19:17,796 - INFO - evaluation dataset type: test
2025-10-31 21:19:17,816 - INFO - node    precision | micro: 0.678571; macro: 0.715866; score: [0.76470588 0.55555556 1.         0.52380952 0.71428571 0.73684211]
2025-10-31 21:19:17,816 - INFO - node    recall    | micro: 0.850746; macro: 0.818843; score: [0.92857143 0.71428571 0.44444444 0.91666667 0.90909091 1.        ]
2025-10-31 21:19:17,816 - INFO - node    f1        | micro: 0.754967; macro: 0.732374; score: [0.83870968 0.625      0.61538462 0.66666667 0.8        0.84848485]
2025-10-31 21:19:17,843 - INFO - service precision | micro: 0.786517; macro: 0.852789; score: [1.         0.9        0.66666667 0.58823529 1.         0.61111111
 0.90909091 1.         1.        ]
2025-10-31 21:19:17,843 - INFO - service recall    | micro: 0.795455; macro: 0.833333; score: [1.         1.         0.6        0.83333333 0.33333333 0.73333333
 1.         1.         1.        ]
2025-10-31 21:19:17,844 - INFO - service f1        | micro: 0.790960; macro: 0.820850; score: [1.         0.94736842 0.63157895 0.68965517 0.5        0.66666667
 0.95238095 1.         1.        ]
2025-10-31 21:19:17,917 - INFO - pod     precision | micro: 0.681481; macro: 0.749563; score: [0.85454545 0.82142857 0.52631579 0.44660194 0.80851064 0.5
 0.96226415 0.86486486 0.96153846]
2025-10-31 21:19:17,918 - INFO - pod     recall    | micro: 0.840183; macro: 0.859788; score: [1.         1.         0.6122449  0.74193548 0.67857143 0.77941176
 1.         1.         0.92592593]
2025-10-31 21:19:17,918 - INFO - pod     f1        | micro: 0.752556; macro: 0.793989; score: [0.92156863 0.90196078 0.56603774 0.55757576 0.73786408 0.6091954
 0.98076923 0.92753623 0.94339623]
2025-10-31 21:19:17,918 - INFO - ----------
GAT in_dim: 512, hidden_dim: 64, heads: 4, gat_out_dim: 256


2025-10-31 19:39:46,394 - INFO - ----------
2025-10-31 19:39:46,394 - INFO - evaluation dataset type: test
2025-10-31 19:39:46,414 - INFO - node    precision | micro: 0.677419; macro: 0.699901; score: [0.82352941 0.58333333 0.875      0.5        0.73333333 0.68421053]
2025-10-31 19:39:46,414 - INFO - node    recall    | micro: 0.940299; macro: 0.937169; score: [1.         1.         0.77777778 0.91666667 1.         0.92857143]
2025-10-31 19:39:46,414 - INFO - node    f1        | micro: 0.787500; macro: 0.790781; score: [0.90322581 0.73684211 0.82352941 0.64705882 0.84615385 0.78787879]
2025-10-31 19:39:46,441 - INFO - service precision | micro: 0.739130; macro: 0.792625; score: [0.9        0.81818182 0.77777778 0.40909091 0.71428571 0.8
 1.         1.         0.71428571]
2025-10-31 19:39:46,441 - INFO - service recall    | micro: 0.772727; macro: 0.822222; score: [1.         1.         0.7        0.75       0.41666667 0.53333333
 1.         1.         1.        ]
2025-10-31 19:39:46,441 - INFO - service f1        | micro: 0.755556; macro: 0.790363; score: [0.94736842 0.9        0.73684211 0.52941176 0.52631579 0.64
 1.         1.         0.83333333]
2025-10-31 19:39:46,520 - INFO - pod     precision | micro: 0.676471; macro: 0.739989; score: [0.87037037 0.81818182 0.55932203 0.40540541 0.6031746  0.59090909
 0.98076923 0.96969697 0.86206897]
2025-10-31 19:39:46,521 - INFO - pod     recall    | micro: 0.840183; macro: 0.860749; score: [1.         0.97826087 0.67346939 0.72580645 0.67857143 0.76470588
 1.         1.         0.92592593]
2025-10-31 19:39:46,521 - INFO - pod     f1        | micro: 0.749491; macro: 0.791801; score: [0.93069307 0.89108911 0.61111111 0.52023121 0.63865546 0.66666667
 0.99029126 0.98461538 0.89285714]
2025-10-31 19:39:46,521 - INFO - ----------




