nohup: ignoring input
---Main Experiment ablation---
---Main Experiment  a_rca_trainer---
# head 4, --orl_te_in_channels 512
# SEattention
# deterministic
# new transformed data: trace, metric, log, api
2025-09-09 14:18:15,309 - INFO - [0/300] | train_loss: 3.77550
2025-09-09 14:18:15,698 - INFO - ----------
2025-09-09 14:18:15,698 - INFO - evaluation dataset type: valid
2025-09-09 14:18:15,717 - INFO - node    precision | micro: 0.019912; macro: 0.042291; score: [0.02439024 0.00694444 0.         0.         0.06451613 0.15789474]
2025-09-09 14:18:15,717 - INFO - node    recall    | micro: 0.562500; macro: 0.488889; score: [0.6        0.33333333 0.         0.         1.         1.        ]
2025-09-09 14:18:15,717 - INFO - node    f1        | micro: 0.038462; macro: 0.075737; score: [0.046875   0.01360544 0.         0.         0.12121212 0.27272727]
2025-09-09 14:18:15,734 - INFO - service precision | micro: 0.010561; macro: 0.019749; score: [0.02739726 0.01176471 0.         0.10526316 0.0123839  0.00442478
 0.00423729 0.         0.01226994]
2025-09-09 14:18:15,735 - INFO - service recall    | micro: 0.666667; macro: 0.688889; score: [1.  1.  0.  0.4 0.8 1.  1.  0.  1. ]
2025-09-09 14:18:15,735 - INFO - service f1        | micro: 0.020793; macro: 0.034349; score: [0.05333333 0.02325581 0.         0.16666667 0.02439024 0.00881057
 0.00843882 0.         0.02424242]
2025-09-09 14:18:15,766 - INFO - pod     precision | micro: 0.014351; macro: 0.046574; score: [0.01506024 0.31034483 0.01449275 0.02020202 0.04086538 0.
 0.00666667 0.00162866 0.00990099]
2025-09-09 14:18:15,766 - INFO - pod     recall    | micro: 0.672414; macro: 0.635733; score: [1.         0.81818182 0.45       0.57142857 0.73913043 0.
 0.14285714 1.         1.        ]
2025-09-09 14:18:15,766 - INFO - pod     f1        | micro: 0.028103; macro: 0.073314; score: [0.02967359 0.45       0.02808112 0.03902439 0.07744875 0.
 0.01273885 0.00325203 0.01960784]
2025-09-09 14:18:15,766 - INFO - ----------
2025-09-09 14:18:18,623 - INFO - [1/300] | train_loss: 2.65241
2025-09-09 14:18:21,623 - INFO - [2/300] | train_loss: 1.93962
2025-09-09 14:18:24,616 - INFO - [3/300] | train_loss: 1.45854
2025-09-09 14:18:27,605 - INFO - [4/300] | train_loss: 1.15221
2025-09-09 14:18:30,638 - INFO - [5/300] | train_loss: 0.96571
2025-09-09 14:18:33,677 - INFO - [6/300] | train_loss: 0.81951
2025-09-09 14:18:36,628 - INFO - [7/300] | train_loss: 0.69270
2025-09-09 14:18:39,614 - INFO - [8/300] | train_loss: 0.58376
2025-09-09 14:18:42,622 - INFO - [9/300] | train_loss: 0.51825
2025-09-09 14:18:45,624 - INFO - [10/300] | train_loss: 0.46053
2025-09-09 14:18:46,001 - INFO - ----------
2025-09-09 14:18:46,001 - INFO - evaluation dataset type: valid
2025-09-09 14:18:46,017 - INFO - node    precision | micro: 0.333333; macro: 0.352564; score: [0.38461538 0.23076923 0.5        0.         0.4        0.6       ]
2025-09-09 14:18:46,017 - INFO - node    recall    | micro: 0.937500; macro: 0.777778; score: [1.         1.         0.66666667 0.         1.         1.        ]
2025-09-09 14:18:46,017 - INFO - node    f1        | micro: 0.491803; macro: 0.470569; score: [0.55555556 0.375      0.57142857 0.         0.57142857 0.75      ]
2025-09-09 14:18:46,034 - INFO - service precision | micro: 0.153153; macro: 0.157364; score: [0.18181818 0.16666667 0.0625     0.21428571 0.14814815 0.
 0.14285714 0.         0.5       ]
2025-09-09 14:18:46,034 - INFO - service recall    | micro: 0.708333; macro: 0.627778; score: [1.   1.   0.25 0.6  0.8  0.   1.   0.   1.  ]
2025-09-09 14:18:46,035 - INFO - service f1        | micro: 0.251852; macro: 0.241763; score: [0.30769231 0.28571429 0.1        0.31578947 0.25       0.
 0.25       0.         0.66666667]
2025-09-09 14:18:46,062 - INFO - pod     precision | micro: 0.180608; macro: 0.191203; score: [0.22222222 0.22916667 0.16       0.19480519 0.24096386 0.
 0.22580645 0.02564103 0.42222222]
2025-09-09 14:18:46,062 - INFO - pod     recall    | micro: 0.818966; macro: 0.798206; score: [1.         1.         0.6        0.71428571 0.86956522 0.
 1.         1.         1.        ]
2025-09-09 14:18:46,062 - INFO - pod     f1        | micro: 0.295950; macro: 0.298311; score: [0.36363636 0.37288136 0.25263158 0.30612245 0.37735849 0.
 0.36842105 0.05       0.59375   ]
2025-09-09 14:18:46,062 - INFO - ----------
2025-09-09 14:18:48,913 - INFO - [11/300] | train_loss: 0.40724
2025-09-09 14:18:51,967 - INFO - [12/300] | train_loss: 0.35977
2025-09-09 14:18:55,027 - INFO - [13/300] | train_loss: 0.33966
2025-09-09 14:18:58,020 - INFO - [14/300] | train_loss: 0.37031
2025-09-09 14:19:01,016 - INFO - [15/300] | train_loss: 0.37833
2025-09-09 14:19:04,009 - INFO - [16/300] | train_loss: 0.37302
2025-09-09 14:19:07,013 - INFO - [17/300] | train_loss: 0.31193
2025-09-09 14:19:10,018 - INFO - [18/300] | train_loss: 0.27048
2025-09-09 14:19:13,019 - INFO - [19/300] | train_loss: 0.24580
2025-09-09 14:19:16,018 - INFO - [20/300] | train_loss: 0.21652
2025-09-09 14:19:16,389 - INFO - ----------
2025-09-09 14:19:16,389 - INFO - evaluation dataset type: valid
2025-09-09 14:19:16,405 - INFO - node    precision | micro: 0.394737; macro: 0.465657; score: [0.45454545 0.27272727 0.66666667 0.         0.4        1.        ]
2025-09-09 14:19:16,405 - INFO - node    recall    | micro: 0.937500; macro: 0.777778; score: [1.         1.         0.66666667 0.         1.         1.        ]
2025-09-09 14:19:16,405 - INFO - node    f1        | micro: 0.555556; macro: 0.548611; score: [0.625      0.42857143 0.66666667 0.         0.57142857 1.        ]
2025-09-09 14:19:16,422 - INFO - service precision | micro: 0.262295; macro: 0.235690; score: [0.33333333 0.18181818 0.33333333 0.25       0.27272727 0.
 0.25       0.         0.5       ]
2025-09-09 14:19:16,422 - INFO - service recall    | micro: 0.666667; macro: 0.616667; score: [1.   1.   0.75 0.2  0.6  0.   1.   0.   1.  ]
2025-09-09 14:19:16,422 - INFO - service f1        | micro: 0.376471; macro: 0.325902; score: [0.5        0.30769231 0.46153846 0.22222222 0.375      0.
 0.4        0.         0.66666667]
2025-09-09 14:19:16,449 - INFO - pod     precision | micro: 0.274238; macro: 0.250693; score: [0.37037037 0.22916667 0.31914894 0.24615385 0.33898305 0.
 0.24137931 0.04761905 0.46341463]
2025-09-09 14:19:16,450 - INFO - pod     recall    | micro: 0.853448; macro: 0.820163; score: [1.         1.         0.75       0.76190476 0.86956522 0.
 1.         1.         1.        ]
2025-09-09 14:19:16,450 - INFO - pod     f1        | micro: 0.415094; macro: 0.370468; score: [0.54054054 0.37288136 0.44776119 0.37209302 0.48780488 0.
 0.38888889 0.09090909 0.63333333]
2025-09-09 14:19:16,450 - INFO - ----------
2025-09-09 14:19:19,318 - INFO - [21/300] | train_loss: 0.20240
2025-09-09 14:19:22,373 - INFO - [22/300] | train_loss: 0.18112
2025-09-09 14:19:25,313 - INFO - [23/300] | train_loss: 0.16565
2025-09-09 14:19:28,322 - INFO - [24/300] | train_loss: 0.16101
2025-09-09 14:19:31,314 - INFO - [25/300] | train_loss: 0.15939
2025-09-09 14:19:34,301 - INFO - [26/300] | train_loss: 0.13852
2025-09-09 14:19:37,312 - INFO - [27/300] | train_loss: 0.13053
2025-09-09 14:19:40,315 - INFO - [28/300] | train_loss: 0.15080
2025-09-09 14:19:43,314 - INFO - [29/300] | train_loss: 0.16175
2025-09-09 14:19:46,316 - INFO - [30/300] | train_loss: 0.14706
2025-09-09 14:19:46,769 - INFO - ----------
2025-09-09 14:19:46,769 - INFO - evaluation dataset type: valid
2025-09-09 14:19:46,786 - INFO - node    precision | micro: 0.625000; macro: 0.604167; score: [0.625 0.5   1.    0.    0.5   1.   ]
2025-09-09 14:19:46,786 - INFO - node    recall    | micro: 0.937500; macro: 0.777778; score: [1.         1.         0.66666667 0.         1.         1.        ]
2025-09-09 14:19:46,786 - INFO - node    f1        | micro: 0.750000; macro: 0.650427; score: [0.76923077 0.66666667 0.8        0.         0.66666667 1.        ]
2025-09-09 14:19:46,803 - INFO - service precision | micro: 0.314815; macro: 0.284392; score: [0.33333333 0.25       0.28571429 0.28571429 0.66666667 0.
 0.16666667 0.         0.57142857]
2025-09-09 14:19:46,803 - INFO - service recall    | micro: 0.708333; macro: 0.633333; score: [1.  1.  0.5 0.4 0.8 0.  1.  0.  1. ]
2025-09-09 14:19:46,803 - INFO - service f1        | micro: 0.435897; macro: 0.370803; score: [0.5        0.4        0.36363636 0.33333333 0.72727273 0.
 0.28571429 0.         0.72727273]
2025-09-09 14:19:46,830 - INFO - pod     precision | micro: 0.295732; macro: 0.287847; score: [0.34482759 0.23404255 0.3        0.25       0.34615385 0.
 0.36842105 0.04347826 0.7037037 ]
2025-09-09 14:19:46,830 - INFO - pod     recall    | micro: 0.836207; macro: 0.811295; score: [1.         1.         0.9        0.61904762 0.7826087  0.
 1.         1.         1.        ]
2025-09-09 14:19:46,830 - INFO - pod     f1        | micro: 0.436937; macro: 0.402909; score: [0.51282051 0.37931034 0.45       0.35616438 0.48       0.
 0.53846154 0.08333333 0.82608696]
2025-09-09 14:19:46,830 - INFO - ----------
2025-09-09 14:19:49,753 - INFO - [31/300] | train_loss: 0.13070
2025-09-09 14:19:52,712 - INFO - [32/300] | train_loss: 0.11562
2025-09-09 14:19:55,719 - INFO - [33/300] | train_loss: 0.10804
2025-09-09 14:19:58,715 - INFO - [34/300] | train_loss: 0.10443
2025-09-09 14:20:01,780 - INFO - [35/300] | train_loss: 0.09820
2025-09-09 14:20:04,914 - INFO - [36/300] | train_loss: 0.09046
2025-09-09 14:20:07,913 - INFO - [37/300] | train_loss: 0.08324
2025-09-09 14:20:10,918 - INFO - [38/300] | train_loss: 0.08668
2025-09-09 14:20:13,908 - INFO - [39/300] | train_loss: 0.08065
2025-09-09 14:20:16,909 - INFO - [40/300] | train_loss: 0.07681
2025-09-09 14:20:17,300 - INFO - ----------
2025-09-09 14:20:17,300 - INFO - evaluation dataset type: valid
2025-09-09 14:20:17,318 - INFO - node    precision | micro: 0.681818; macro: 0.635714; score: [0.71428571 0.6        1.         0.         0.5        1.        ]
2025-09-09 14:20:17,318 - INFO - node    recall    | micro: 0.937500; macro: 0.777778; score: [1.         1.         0.66666667 0.         1.         1.        ]
2025-09-09 14:20:17,318 - INFO - node    f1        | micro: 0.789474; macro: 0.675000; score: [0.83333333 0.75       0.8        0.         0.66666667 1.        ]
2025-09-09 14:20:17,335 - INFO - service precision | micro: 0.419355; macro: 0.409524; score: [0.5        0.28571429 0.4        0.33333333 1.         0.
 0.5        0.         0.66666667]
2025-09-09 14:20:17,335 - INFO - service recall    | micro: 0.541667; macro: 0.544444; score: [1.  1.  0.5 0.2 0.2 0.  1.  0.  1. ]
2025-09-09 14:20:17,335 - INFO - service f1        | micro: 0.472727; macro: 0.400617; score: [0.66666667 0.44444444 0.44444444 0.25       0.33333333 0.
 0.66666667 0.         0.8       ]
2025-09-09 14:20:17,362 - INFO - pod     precision | micro: 0.368644; macro: 0.354146; score: [0.55555556 0.25       0.42857143 0.18604651 0.45714286 0.
 0.46666667 0.08333333 0.76      ]
2025-09-09 14:20:17,362 - INFO - pod     recall    | micro: 0.750000; macro: 0.758512; score: [1.         1.         0.75       0.38095238 0.69565217 0.
 1.         1.         1.        ]
2025-09-09 14:20:17,362 - INFO - pod     f1        | micro: 0.494318; macro: 0.457257; score: [0.71428571 0.4        0.54545455 0.25       0.55172414 0.
 0.63636364 0.15384615 0.86363636]
2025-09-09 14:20:17,362 - INFO - ----------
2025-09-09 14:20:20,217 - INFO - [41/300] | train_loss: 0.07635
2025-09-09 14:20:23,198 - INFO - [42/300] | train_loss: 0.07897
2025-09-09 14:20:26,211 - INFO - [43/300] | train_loss: 0.07053
2025-09-09 14:20:29,202 - INFO - [44/300] | train_loss: 0.06702
2025-09-09 14:20:32,276 - INFO - [45/300] | train_loss: 0.06659
2025-09-09 14:20:35,473 - INFO - [46/300] | train_loss: 0.06306
2025-09-09 14:20:38,412 - INFO - [47/300] | train_loss: 0.05836
2025-09-09 14:20:41,405 - INFO - [48/300] | train_loss: 0.06257
2025-09-09 14:20:44,418 - INFO - [49/300] | train_loss: 0.06072
2025-09-09 14:20:47,414 - INFO - [50/300] | train_loss: 0.05457
2025-09-09 14:20:47,801 - INFO - ----------
2025-09-09 14:20:47,802 - INFO - evaluation dataset type: valid
2025-09-09 14:20:47,817 - INFO - node    precision | micro: 0.652174; macro: 0.619048; score: [0.71428571 0.5        1.         0.         0.5        1.        ]
2025-09-09 14:20:47,818 - INFO - node    recall    | micro: 0.937500; macro: 0.777778; score: [1.         1.         0.66666667 0.         1.         1.        ]
2025-09-09 14:20:47,818 - INFO - node    f1        | micro: 0.769231; macro: 0.661111; score: [0.83333333 0.66666667 0.8        0.         0.66666667 1.        ]
2025-09-09 14:20:47,834 - INFO - service precision | micro: 0.379310; macro: 0.316931; score: [0.4        0.28571429 0.5        0.         0.5        0.
 0.5        0.         0.66666667]
2025-09-09 14:20:47,834 - INFO - service recall    | micro: 0.458333; macro: 0.494444; score: [1.   1.   0.25 0.   0.2  0.   1.   0.   1.  ]
2025-09-09 14:20:47,834 - INFO - service f1        | micro: 0.415094; macro: 0.344621; score: [0.57142857 0.44444444 0.33333333 0.         0.28571429 0.
 0.66666667 0.         0.8       ]
2025-09-09 14:20:47,861 - INFO - pod     precision | micro: 0.411765; macro: 0.437065; score: [0.55555556 0.2972973  0.47826087 0.13636364 0.48       0.
 0.875      0.11111111 1.        ]
2025-09-09 14:20:47,861 - INFO - pod     recall    | micro: 0.663793; macro: 0.706384; score: [1.         1.         0.55       0.28571429 0.52173913 0.
 1.         1.         1.        ]
2025-09-09 14:20:47,862 - INFO - pod     f1        | micro: 0.508251; macro: 0.500244; score: [0.71428571 0.45833333 0.51162791 0.18461538 0.5        0.
 0.93333333 0.2        1.        ]
2025-09-09 14:20:47,862 - INFO - ----------
2025-09-09 14:20:50,715 - INFO - [51/300] | train_loss: 0.05539
2025-09-09 14:20:53,713 - INFO - [52/300] | train_loss: 0.05556
2025-09-09 14:20:56,714 - INFO - [53/300] | train_loss: 0.05098
2025-09-09 14:20:59,714 - INFO - [54/300] | train_loss: 0.04831
2025-09-09 14:21:02,713 - INFO - [55/300] | train_loss: 0.04777
2025-09-09 14:21:05,612 - INFO - [56/300] | train_loss: 0.04998
2025-09-09 14:21:08,623 - INFO - [57/300] | train_loss: 0.05269
2025-09-09 14:21:11,776 - INFO - [58/300] | train_loss: 0.06168
2025-09-09 14:21:14,715 - INFO - [59/300] | train_loss: 0.07449
2025-09-09 14:21:17,703 - INFO - [60/300] | train_loss: 0.06218
2025-09-09 14:21:18,099 - INFO - ----------
2025-09-09 14:21:18,099 - INFO - evaluation dataset type: valid
2025-09-09 14:21:18,115 - INFO - node    precision | micro: 0.652174; macro: 0.675926; score: [0.55555556 0.5        1.         0.         1.         1.        ]
2025-09-09 14:21:18,115 - INFO - node    recall    | micro: 0.937500; macro: 0.777778; score: [1.         1.         0.66666667 0.         1.         1.        ]
2025-09-09 14:21:18,115 - INFO - node    f1        | micro: 0.769231; macro: 0.696825; score: [0.71428571 0.66666667 0.8        0.         1.         1.        ]
2025-09-09 14:21:18,131 - INFO - service precision | micro: 0.482759; macro: 0.444444; score: [1.         0.33333333 0.2        0.5        0.66666667 0.
 0.5        0.         0.8       ]
2025-09-09 14:21:18,131 - INFO - service recall    | micro: 0.583333; macro: 0.561111; score: [1.   1.   0.25 0.4  0.4  0.   1.   0.   1.  ]
2025-09-09 14:21:18,132 - INFO - service f1        | micro: 0.528302; macro: 0.469136; score: [1.         0.5        0.22222222 0.44444444 0.5        0.
 0.66666667 0.         0.88888889]
2025-09-09 14:21:18,158 - INFO - pod     precision | micro: 0.395238; macro: 0.444296; score: [0.55555556 0.31428571 0.31111111 0.24390244 0.35714286 0.16666667
 1.         0.1        0.95      ]
2025-09-09 14:21:18,159 - INFO - pod     recall    | micro: 0.715517; macro: 0.762330; score: [1.         1.         0.7        0.47619048 0.43478261 0.25
 1.         1.         1.        ]
2025-09-09 14:21:18,159 - INFO - pod     f1        | micro: 0.509202; macro: 0.521581; score: [0.71428571 0.47826087 0.43076923 0.32258065 0.39215686 0.2
 1.         0.18181818 0.97435897]
2025-09-09 14:21:18,159 - INFO - ----------
2025-09-09 14:21:21,175 - INFO - [61/300] | train_loss: 0.05757
2025-09-09 14:21:24,116 - INFO - [62/300] | train_loss: 0.05394
2025-09-09 14:21:27,117 - INFO - [63/300] | train_loss: 0.05549
2025-09-09 14:21:30,180 - INFO - [64/300] | train_loss: 0.04864
2025-09-09 14:21:33,108 - INFO - [65/300] | train_loss: 0.05683
2025-09-09 14:21:36,201 - INFO - [66/300] | train_loss: 0.04923
2025-09-09 14:21:39,311 - INFO - [67/300] | train_loss: 0.04700
2025-09-09 14:21:42,305 - INFO - [68/300] | train_loss: 0.05690
2025-09-09 14:21:45,316 - INFO - [69/300] | train_loss: 0.05038
2025-09-09 14:21:48,309 - INFO - [70/300] | train_loss: 0.04615
2025-09-09 14:21:48,702 - INFO - ----------
2025-09-09 14:21:48,702 - INFO - evaluation dataset type: valid
2025-09-09 14:21:48,718 - INFO - node    precision | micro: 0.714286; macro: 0.663492; score: [0.71428571 0.6        1.         0.         0.66666667 1.        ]
2025-09-09 14:21:48,718 - INFO - node    recall    | micro: 0.937500; macro: 0.777778; score: [1.         1.         0.66666667 0.         1.         1.        ]
2025-09-09 14:21:48,719 - INFO - node    f1        | micro: 0.810811; macro: 0.697222; score: [0.83333333 0.75       0.8        0.         0.8        1.        ]
2025-09-09 14:21:48,735 - INFO - service precision | micro: 0.590909; macro: 0.500000; score: [1.         0.5        0.5        0.33333333 1.         0.
 0.5        0.         0.66666667]
2025-09-09 14:21:48,735 - INFO - service recall    | micro: 0.541667; macro: 0.538889; score: [1.   1.   0.25 0.2  0.4  0.   1.   0.   1.  ]
2025-09-09 14:21:48,735 - INFO - service f1        | micro: 0.565217; macro: 0.476455; score: [1.         0.66666667 0.33333333 0.25       0.57142857 0.
 0.66666667 0.         0.8       ]
2025-09-09 14:21:48,762 - INFO - pod     precision | micro: 0.482143; macro: 0.540957; score: [0.90909091 0.33333333 0.46428571 0.22857143 0.6        0.
 1.         0.33333333 1.        ]
2025-09-09 14:21:48,762 - INFO - pod     recall    | micro: 0.698276; macro: 0.728077; score: [1.         1.         0.65       0.38095238 0.52173913 0.
 1.         1.         1.        ]
2025-09-09 14:21:48,762 - INFO - pod     f1        | micro: 0.570423; macro: 0.593100; score: [0.95238095 0.5        0.54166667 0.28571429 0.55813953 0.
 1.         0.5        1.        ]
2025-09-09 14:21:48,762 - INFO - ----------
2025-09-09 14:21:51,673 - INFO - [71/300] | train_loss: 0.04221
2025-09-09 14:21:54,759 - INFO - [72/300] | train_loss: 0.03908
2025-09-09 14:21:57,914 - INFO - [73/300] | train_loss: 0.04103
2025-09-09 14:22:01,214 - INFO - [74/300] | train_loss: 0.03498
2025-09-09 14:22:04,213 - INFO - [75/300] | train_loss: 0.03552
2025-09-09 14:22:07,210 - INFO - [76/300] | train_loss: 0.03831
2025-09-09 14:22:10,215 - INFO - [77/300] | train_loss: 0.03273
2025-09-09 14:22:13,315 - INFO - [78/300] | train_loss: 0.03256
2025-09-09 14:22:16,315 - INFO - [79/300] | train_loss: 0.02870
2025-09-09 14:22:19,315 - INFO - [80/300] | train_loss: 0.03221
2025-09-09 14:22:19,714 - INFO - ----------
2025-09-09 14:22:19,714 - INFO - evaluation dataset type: valid
2025-09-09 14:22:19,730 - INFO - node    precision | micro: 0.714286; macro: 0.702381; score: [0.71428571 0.5        1.         0.         1.         1.        ]
2025-09-09 14:22:19,730 - INFO - node    recall    | micro: 0.937500; macro: 0.777778; score: [1.         1.         0.66666667 0.         1.         1.        ]
2025-09-09 14:22:19,730 - INFO - node    f1        | micro: 0.810811; macro: 0.716667; score: [0.83333333 0.66666667 0.8        0.         1.         1.        ]
2025-09-09 14:22:19,779 - INFO - service precision | micro: 0.666667; macro: 0.527778; score: [1.   0.5  0.75 0.   1.   0.   0.5  0.   1.  ]
2025-09-09 14:22:19,780 - INFO - service recall    | micro: 0.583333; macro: 0.572222; score: [1.   1.   0.75 0.   0.4  0.   1.   0.   1.  ]
2025-09-09 14:22:19,780 - INFO - service f1        | micro: 0.622222; macro: 0.517196; score: [1.         0.66666667 0.75       0.         0.57142857 0.
 0.66666667 0.         1.        ]
2025-09-09 14:22:19,806 - INFO - pod     precision | micro: 0.479769; macro: 0.546869; score: [0.83333333 0.34375    0.39473684 0.2        0.65       0.
 1.         0.5        1.        ]
2025-09-09 14:22:19,807 - INFO - pod     recall    | micro: 0.715517; macro: 0.738728; score: [1.         1.         0.75       0.33333333 0.56521739 0.
 1.         1.         1.        ]
2025-09-09 14:22:19,807 - INFO - pod     f1        | micro: 0.574394; macro: 0.606586; score: [0.90909091 0.51162791 0.51724138 0.25       0.60465116 0.
 1.         0.66666667 1.        ]
2025-09-09 14:22:19,807 - INFO - ----------
2025-09-09 14:22:22,610 - INFO - [81/300] | train_loss: 0.02750
2025-09-09 14:22:25,609 - INFO - [82/300] | train_loss: 0.03029
2025-09-09 14:22:28,619 - INFO - [83/300] | train_loss: 0.02977
2025-09-09 14:22:31,613 - INFO - [84/300] | train_loss: 0.03509
2025-09-09 14:22:34,600 - INFO - [85/300] | train_loss: 0.03198
2025-09-09 14:22:37,619 - INFO - [86/300] | train_loss: 0.03063
2025-09-09 14:22:40,616 - INFO - [87/300] | train_loss: 0.02843
2025-09-09 14:22:43,617 - INFO - [88/300] | train_loss: 0.02736
2025-09-09 14:22:46,678 - INFO - [89/300] | train_loss: 0.03051
2025-09-09 14:22:49,612 - INFO - [90/300] | train_loss: 0.03568
2025-09-09 14:22:50,012 - INFO - ----------
2025-09-09 14:22:50,012 - INFO - evaluation dataset type: valid
2025-09-09 14:22:50,068 - INFO - node    precision | micro: 0.833333; macro: 0.763889; score: [0.83333333 0.75       1.         0.         1.         1.        ]
2025-09-09 14:22:50,068 - INFO - node    recall    | micro: 0.937500; macro: 0.777778; score: [1.         1.         0.66666667 0.         1.         1.        ]
2025-09-09 14:22:50,068 - INFO - node    f1        | micro: 0.882353; macro: 0.761039; score: [0.90909091 0.85714286 0.8        0.         1.         1.        ]
2025-09-09 14:22:50,084 - INFO - service precision | micro: 0.611111; macro: 0.544444; score: [1.  0.4 0.5 0.  1.  0.  1.  0.  1. ]
2025-09-09 14:22:50,084 - INFO - service recall    | micro: 0.458333; macro: 0.494444; score: [1.   1.   0.25 0.   0.2  0.   1.   0.   1.  ]
2025-09-09 14:22:50,084 - INFO - service f1        | micro: 0.523810; macro: 0.470899; score: [1.         0.57142857 0.33333333 0.         0.33333333 0.
 1.         0.         1.        ]
2025-09-09 14:22:50,111 - INFO - pod     precision | micro: 0.517007; macro: 0.627302; score: [0.90909091 0.35483871 0.48       0.1875     0.71428571 0.
 1.         1.         1.        ]
2025-09-09 14:22:50,111 - INFO - pod     recall    | micro: 0.655172; macro: 0.702277; score: [1.         1.         0.6        0.28571429 0.43478261 0.
 1.         1.         1.        ]
2025-09-09 14:22:50,112 - INFO - pod     f1        | micro: 0.577947; macro: 0.641831; score: [0.95238095 0.52380952 0.53333333 0.22641509 0.54054054 0.
 1.         1.         1.        ]
2025-09-09 14:22:50,112 - INFO - ----------
2025-09-09 14:22:53,079 - INFO - [91/300] | train_loss: 0.03096
2025-09-09 14:22:56,014 - INFO - [92/300] | train_loss: 0.02636
2025-09-09 14:22:59,013 - INFO - [93/300] | train_loss: 0.02298
2025-09-09 14:23:02,000 - INFO - [94/300] | train_loss: 0.02477
2025-09-09 14:23:05,018 - INFO - [95/300] | train_loss: 0.03060
2025-09-09 14:23:08,014 - INFO - [96/300] | train_loss: 0.02233
2025-09-09 14:23:11,010 - INFO - [97/300] | train_loss: 0.02277
2025-09-09 14:23:14,073 - INFO - [98/300] | train_loss: 0.02262
2025-09-09 14:23:17,019 - INFO - [99/300] | train_loss: 0.02200
2025-09-09 14:23:20,018 - INFO - [100/300] | train_loss: 0.02181
2025-09-09 14:23:20,400 - INFO - ----------
2025-09-09 14:23:20,400 - INFO - evaluation dataset type: valid
2025-09-09 14:23:20,416 - INFO - node    precision | micro: 0.789474; macro: 0.744048; score: [0.71428571 0.75       1.         0.         1.         1.        ]
2025-09-09 14:23:20,416 - INFO - node    recall    | micro: 0.937500; macro: 0.777778; score: [1.         1.         0.66666667 0.         1.         1.        ]
2025-09-09 14:23:20,417 - INFO - node    f1        | micro: 0.857143; macro: 0.748413; score: [0.83333333 0.85714286 0.8        0.         1.         1.        ]
2025-09-09 14:23:20,433 - INFO - service precision | micro: 0.722222; macro: 0.601852; score: [1.         0.66666667 0.75       0.         1.         0.
 1.         0.         1.        ]
2025-09-09 14:23:20,433 - INFO - service recall    | micro: 0.541667; macro: 0.550000; score: [1.   1.   0.75 0.   0.2  0.   1.   0.   1.  ]
2025-09-09 14:23:20,433 - INFO - service f1        | micro: 0.619048; macro: 0.542593; score: [1.         0.8        0.75       0.         0.33333333 0.
 1.         0.         1.        ]
2025-09-09 14:23:20,460 - INFO - pod     precision | micro: 0.552448; macro: 0.626833; score: [0.90909091 0.40740741 0.5        0.2        0.625      0.
 1.         1.         1.        ]
2025-09-09 14:23:20,460 - INFO - pod     recall    | micro: 0.681034; macro: 0.718944; score: [1.         1.         0.75       0.28571429 0.43478261 0.
 1.         1.         1.        ]
2025-09-09 14:23:20,460 - INFO - pod     f1        | micro: 0.610039; macro: 0.653271; score: [0.95238095 0.57894737 0.6        0.23529412 0.51282051 0.
 1.         1.         1.        ]
2025-09-09 14:23:20,460 - INFO - ----------
2025-09-09 14:23:23,373 - INFO - [101/300] | train_loss: 0.02668
2025-09-09 14:23:26,312 - INFO - [102/300] | train_loss: 0.03466
2025-09-09 14:23:29,315 - INFO - [103/300] | train_loss: 0.03496
2025-09-09 14:23:32,316 - INFO - [104/300] | train_loss: 0.03841
2025-09-09 14:23:35,310 - INFO - [105/300] | train_loss: 0.04696
2025-09-09 14:23:38,313 - INFO - [106/300] | train_loss: 0.04412
2025-09-09 14:23:41,515 - INFO - [107/300] | train_loss: 0.03513
2025-09-09 14:23:44,518 - INFO - [108/300] | train_loss: 0.03144
2025-09-09 14:23:47,577 - INFO - [109/300] | train_loss: 0.02715
2025-09-09 14:23:50,512 - INFO - [110/300] | train_loss: 0.02317
2025-09-09 14:23:50,883 - INFO - ----------
2025-09-09 14:23:50,883 - INFO - evaluation dataset type: valid
2025-09-09 14:23:50,899 - INFO - node    precision | micro: 0.714286; macro: 0.702381; score: [0.71428571 0.5        1.         0.         1.         1.        ]
2025-09-09 14:23:50,899 - INFO - node    recall    | micro: 0.937500; macro: 0.777778; score: [1.         1.         0.66666667 0.         1.         1.        ]
2025-09-09 14:23:50,899 - INFO - node    f1        | micro: 0.810811; macro: 0.716667; score: [0.83333333 0.66666667 0.8        0.         1.         1.        ]
2025-09-09 14:23:50,915 - INFO - service precision | micro: 0.687500; macro: 0.555556; score: [1.         0.66666667 0.33333333 0.         1.         0.
 1.         0.         1.        ]
2025-09-09 14:23:50,915 - INFO - service recall    | micro: 0.458333; macro: 0.494444; score: [1.   1.   0.25 0.   0.2  0.   1.   0.   1.  ]
2025-09-09 14:23:50,915 - INFO - service f1        | micro: 0.550000; macro: 0.491005; score: [1.         0.8        0.28571429 0.         0.33333333 0.
 1.         0.         1.        ]
2025-09-09 14:23:50,943 - INFO - pod     precision | micro: 0.537931; macro: 0.631800; score: [0.90909091 0.36666667 0.36666667 0.25806452 0.78571429 0.
 1.         1.         1.        ]
2025-09-09 14:23:50,943 - INFO - pod     recall    | micro: 0.672414; macro: 0.712135; score: [1.         1.         0.55       0.38095238 0.47826087 0.
 1.         1.         1.        ]
2025-09-09 14:23:50,944 - INFO - pod     f1        | micro: 0.597701; macro: 0.647917; score: [0.95238095 0.53658537 0.44       0.30769231 0.59459459 0.
 1.         1.         1.        ]
2025-09-09 14:23:50,944 - INFO - ----------
2025-09-09 14:23:53,812 - INFO - [111/300] | train_loss: 0.02548
2025-09-09 14:23:56,819 - INFO - [112/300] | train_loss: 0.02713
2025-09-09 14:23:59,800 - INFO - [113/300] | train_loss: 0.02303
2025-09-09 14:24:02,811 - INFO - [114/300] | train_loss: 0.02228
2025-09-09 14:24:05,879 - INFO - [115/300] | train_loss: 0.02050
2025-09-09 14:24:08,815 - INFO - [116/300] | train_loss: 0.02182
2025-09-09 14:24:11,814 - INFO - [117/300] | train_loss: 0.02580
2025-09-09 14:24:14,913 - INFO - [118/300] | train_loss: 0.01979
2025-09-09 14:24:17,914 - INFO - [119/300] | train_loss: 0.02538
2025-09-09 14:24:20,985 - INFO - [120/300] | train_loss: 0.01946
2025-09-09 14:24:21,316 - INFO - ----------
2025-09-09 14:24:21,316 - INFO - evaluation dataset type: valid
2025-09-09 14:24:21,376 - INFO - node    precision | micro: 0.833333; macro: 0.763889; score: [0.83333333 0.75       1.         0.         1.         1.        ]
2025-09-09 14:24:21,376 - INFO - node    recall    | micro: 0.937500; macro: 0.777778; score: [1.         1.         0.66666667 0.         1.         1.        ]
2025-09-09 14:24:21,376 - INFO - node    f1        | micro: 0.882353; macro: 0.761039; score: [0.90909091 0.85714286 0.8        0.         1.         1.        ]
2025-09-09 14:24:21,392 - INFO - service precision | micro: 0.705882; macro: 0.592593; score: [1.         0.66666667 0.66666667 0.         1.         0.
 1.         0.         1.        ]
2025-09-09 14:24:21,392 - INFO - service recall    | micro: 0.500000; macro: 0.522222; score: [1.  1.  0.5 0.  0.2 0.  1.  0.  1. ]
2025-09-09 14:24:21,393 - INFO - service f1        | micro: 0.585366; macro: 0.522751; score: [1.         0.8        0.57142857 0.         0.33333333 0.
 1.         0.         1.        ]
2025-09-09 14:24:21,420 - INFO - pod     precision | micro: 0.551020; macro: 0.644209; score: [0.83333333 0.40740741 0.4        0.22857143 0.92857143 0.
 1.         1.         1.        ]
2025-09-09 14:24:21,420 - INFO - pod     recall    | micro: 0.698276; macro: 0.727352; score: [1.         1.         0.6        0.38095238 0.56521739 0.
 1.         1.         1.        ]
2025-09-09 14:24:21,420 - INFO - pod     f1        | micro: 0.615970; macro: 0.661828; score: [0.90909091 0.57894737 0.48       0.28571429 0.7027027  0.
 1.         1.         1.        ]
2025-09-09 14:24:21,420 - INFO - ----------
2025-09-09 14:24:24,324 - INFO - [121/300] | train_loss: 0.01877
2025-09-09 14:24:27,318 - INFO - [122/300] | train_loss: 0.02072
2025-09-09 14:24:30,317 - INFO - [123/300] | train_loss: 0.01971
2025-09-09 14:24:33,315 - INFO - [124/300] | train_loss: 0.02105
2025-09-09 14:24:36,315 - INFO - [125/300] | train_loss: 0.01829
2025-09-09 14:24:39,315 - INFO - [126/300] | train_loss: 0.01609
2025-09-09 14:24:42,310 - INFO - [127/300] | train_loss: 0.01748
2025-09-09 14:24:45,410 - INFO - [128/300] | train_loss: 0.01543
2025-09-09 14:24:48,415 - INFO - [129/300] | train_loss: 0.01577
2025-09-09 14:24:51,415 - INFO - [130/300] | train_loss: 0.01526
2025-09-09 14:24:51,793 - INFO - ----------
2025-09-09 14:24:51,793 - INFO - evaluation dataset type: valid
2025-09-09 14:24:51,809 - INFO - node    precision | micro: 0.789474; macro: 0.744048; score: [0.71428571 0.75       1.         0.         1.         1.        ]
2025-09-09 14:24:51,809 - INFO - node    recall    | micro: 0.937500; macro: 0.777778; score: [1.         1.         0.66666667 0.         1.         1.        ]
2025-09-09 14:24:51,809 - INFO - node    f1        | micro: 0.857143; macro: 0.748413; score: [0.83333333 0.85714286 0.8        0.         1.         1.        ]
2025-09-09 14:24:51,825 - INFO - service precision | micro: 0.750000; macro: 0.592593; score: [1.         0.66666667 0.66666667 0.         1.         0.
 1.         0.         1.        ]
2025-09-09 14:24:51,826 - INFO - service recall    | micro: 0.500000; macro: 0.522222; score: [1.  1.  0.5 0.  0.2 0.  1.  0.  1. ]
2025-09-09 14:24:51,826 - INFO - service f1        | micro: 0.600000; macro: 0.522751; score: [1.         0.8        0.57142857 0.         0.33333333 0.
 1.         0.         1.        ]
2025-09-09 14:24:51,852 - INFO - pod     precision | micro: 0.563910; macro: 0.658966; score: [0.90909091 0.42307692 0.5        0.24137931 0.85714286 0.
 1.         1.         1.        ]
2025-09-09 14:24:51,853 - INFO - pod     recall    | micro: 0.646552; macro: 0.699356; score: [1.         1.         0.7        0.33333333 0.26086957 0.
 1.         1.         1.        ]
2025-09-09 14:24:51,853 - INFO - pod     f1        | micro: 0.602410; macro: 0.645590; score: [0.95238095 0.59459459 0.58333333 0.28       0.4        0.
 1.         1.         1.        ]
2025-09-09 14:24:51,853 - INFO - ----------
2025-09-09 14:24:54,714 - INFO - [131/300] | train_loss: 0.01840
2025-09-09 14:24:57,776 - INFO - [132/300] | train_loss: 0.01609
2025-09-09 14:25:00,714 - INFO - [133/300] | train_loss: 0.01847
2025-09-09 14:25:03,719 - INFO - [134/300] | train_loss: 0.01501
2025-09-09 14:25:06,718 - INFO - [135/300] | train_loss: 0.01732
2025-09-09 14:25:09,715 - INFO - [136/300] | train_loss: 0.01483
2025-09-09 14:25:12,719 - INFO - [137/300] | train_loss: 0.01715
2025-09-09 14:25:15,725 - INFO - [138/300] | train_loss: 0.01643
2025-09-09 14:25:18,719 - INFO - [139/300] | train_loss: 0.01753
2025-09-09 14:25:21,717 - INFO - [140/300] | train_loss: 0.01678
2025-09-09 14:25:22,088 - INFO - ----------
2025-09-09 14:25:22,088 - INFO - evaluation dataset type: valid
2025-09-09 14:25:22,104 - INFO - node    precision | micro: 0.789474; macro: 0.738889; score: [0.83333333 0.6        1.         0.         1.         1.        ]
2025-09-09 14:25:22,104 - INFO - node    recall    | micro: 0.937500; macro: 0.777778; score: [1.         1.         0.66666667 0.         1.         1.        ]
2025-09-09 14:25:22,104 - INFO - node    f1        | micro: 0.857143; macro: 0.743182; score: [0.90909091 0.75       0.8        0.         1.         1.        ]
2025-09-09 14:25:22,120 - INFO - service precision | micro: 0.722222; macro: 0.620370; score: [1.         0.66666667 0.66666667 0.25       1.         0.
 1.         0.         1.        ]
2025-09-09 14:25:22,120 - INFO - service recall    | micro: 0.541667; macro: 0.544444; score: [1.  1.  0.5 0.2 0.2 0.  1.  0.  1. ]
2025-09-09 14:25:22,120 - INFO - service f1        | micro: 0.619048; macro: 0.547443; score: [1.         0.8        0.57142857 0.22222222 0.33333333 0.
 1.         0.         1.        ]
2025-09-09 14:25:22,147 - INFO - pod     precision | micro: 0.540541; macro: 0.638846; score: [0.90909091 0.40740741 0.45454545 0.22857143 0.75       0.
 1.         1.         1.        ]
2025-09-09 14:25:22,147 - INFO - pod     recall    | micro: 0.689655; macro: 0.724695; score: [1.         1.         0.75       0.38095238 0.39130435 0.
 1.         1.         1.        ]
2025-09-09 14:25:22,147 - INFO - pod     f1        | micro: 0.606061; macro: 0.655263; score: [0.95238095 0.57894737 0.56603774 0.28571429 0.51428571 0.
 1.         1.         1.        ]
2025-09-09 14:25:22,147 - INFO - ----------
2025-09-09 14:25:25,017 - INFO - [141/300] | train_loss: 0.01620
2025-09-09 14:25:28,018 - INFO - [142/300] | train_loss: 0.01604
2025-09-09 14:25:31,021 - INFO - [143/300] | train_loss: 0.01740
2025-09-09 14:25:34,016 - INFO - [144/300] | train_loss: 0.01652
2025-09-09 14:25:37,032 - INFO - [145/300] | train_loss: 0.01406
2025-09-09 14:25:40,017 - INFO - [146/300] | train_loss: 0.01979
2025-09-09 14:25:43,001 - INFO - [147/300] | train_loss: 0.02158
2025-09-09 14:25:46,002 - INFO - [148/300] | train_loss: 0.01808
2025-09-09 14:25:49,011 - INFO - [149/300] | train_loss: 0.01584
2025-09-09 14:25:52,015 - INFO - [150/300] | train_loss: 0.01587
2025-09-09 14:25:52,393 - INFO - ----------
2025-09-09 14:25:52,393 - INFO - evaluation dataset type: valid
2025-09-09 14:25:52,409 - INFO - node    precision | micro: 0.789474; macro: 0.744048; score: [0.71428571 0.75       1.         0.         1.         1.        ]
2025-09-09 14:25:52,409 - INFO - node    recall    | micro: 0.937500; macro: 0.777778; score: [1.         1.         0.66666667 0.         1.         1.        ]
2025-09-09 14:25:52,409 - INFO - node    f1        | micro: 0.857143; macro: 0.748413; score: [0.83333333 0.85714286 0.8        0.         1.         1.        ]
2025-09-09 14:25:52,425 - INFO - service precision | micro: 0.750000; macro: 0.592593; score: [1.         0.66666667 0.66666667 0.         1.         0.
 1.         0.         1.        ]
2025-09-09 14:25:52,425 - INFO - service recall    | micro: 0.500000; macro: 0.522222; score: [1.  1.  0.5 0.  0.2 0.  1.  0.  1. ]
2025-09-09 14:25:52,425 - INFO - service f1        | micro: 0.600000; macro: 0.522751; score: [1.         0.8        0.57142857 0.         0.33333333 0.
 1.         0.         1.        ]
2025-09-09 14:25:52,452 - INFO - pod     precision | micro: 0.578947; macro: 0.644277; score: [0.90909091 0.42307692 0.51851852 0.17857143 0.76923077 0.
 1.         1.         1.        ]
2025-09-09 14:25:52,452 - INFO - pod     recall    | micro: 0.663793; macro: 0.708098; score: [1.         1.         0.7        0.23809524 0.43478261 0.
 1.         1.         1.        ]
2025-09-09 14:25:52,452 - INFO - pod     f1        | micro: 0.618474; macro: 0.655817; score: [0.95238095 0.59459459 0.59574468 0.20408163 0.55555556 0.
 1.         1.         1.        ]
2025-09-09 14:25:52,452 - INFO - ----------
2025-09-09 14:25:55,325 - INFO - [151/300] | train_loss: 0.01574
2025-09-09 14:25:58,417 - INFO - [152/300] | train_loss: 0.01416
2025-09-09 14:26:01,415 - INFO - [153/300] | train_loss: 0.01516
2025-09-09 14:26:04,478 - INFO - [154/300] | train_loss: 0.02248
2025-09-09 14:26:07,476 - INFO - [155/300] | train_loss: 0.01536
2025-09-09 14:26:10,415 - INFO - [156/300] | train_loss: 0.01402
2025-09-09 14:26:13,412 - INFO - [157/300] | train_loss: 0.01397
2025-09-09 14:26:16,408 - INFO - [158/300] | train_loss: 0.01222
2025-09-09 14:26:19,417 - INFO - [159/300] | train_loss: 0.01349
2025-09-09 14:26:22,422 - INFO - [160/300] | train_loss: 0.01244
2025-09-09 14:26:22,787 - INFO - ----------
2025-09-09 14:26:22,787 - INFO - evaluation dataset type: valid
2025-09-09 14:26:22,803 - INFO - node    precision | micro: 0.882353; macro: 0.805556; score: [0.83333333 1.         1.         0.         1.         1.        ]
2025-09-09 14:26:22,804 - INFO - node    recall    | micro: 0.937500; macro: 0.777778; score: [1.         1.         0.66666667 0.         1.         1.        ]
2025-09-09 14:26:22,804 - INFO - node    f1        | micro: 0.909091; macro: 0.784848; score: [0.90909091 1.         0.8        0.         1.         1.        ]
2025-09-09 14:26:22,820 - INFO - service precision | micro: 0.722222; macro: 0.611111; score: [1.         0.5        0.66666667 0.33333333 1.         0.
 1.         0.         1.        ]
2025-09-09 14:26:22,820 - INFO - service recall    | micro: 0.541667; macro: 0.544444; score: [1.  1.  0.5 0.2 0.2 0.  1.  0.  1. ]
2025-09-09 14:26:22,820 - INFO - service f1        | micro: 0.619048; macro: 0.535714; score: [1.         0.66666667 0.57142857 0.25       0.33333333 0.
 1.         0.         1.        ]
2025-09-09 14:26:22,847 - INFO - pod     precision | micro: 0.580153; macro: 0.658024; score: [0.90909091 0.45833333 0.4516129  0.21428571 0.88888889 0.
 1.         1.         1.        ]
2025-09-09 14:26:22,847 - INFO - pod     recall    | micro: 0.655172; macro: 0.703727; score: [1.         1.         0.7        0.28571429 0.34782609 0.
 1.         1.         1.        ]
2025-09-09 14:26:22,848 - INFO - pod     f1        | micro: 0.615385; macro: 0.652763; score: [0.95238095 0.62857143 0.54901961 0.24489796 0.5        0.
 1.         1.         1.        ]
2025-09-09 14:26:22,848 - INFO - ----------
2025-09-09 14:26:25,707 - INFO - [161/300] | train_loss: 0.01930
2025-09-09 14:26:28,717 - INFO - [162/300] | train_loss: 0.01285
2025-09-09 14:26:31,777 - INFO - [163/300] | train_loss: 0.01585
2025-09-09 14:26:34,720 - INFO - [164/300] | train_loss: 0.01473
2025-09-09 14:26:37,724 - INFO - [165/300] | train_loss: 0.01236
2025-09-09 14:26:40,721 - INFO - [166/300] | train_loss: 0.01854
2025-09-09 14:26:43,721 - INFO - [167/300] | train_loss: 0.01914
2025-09-09 14:26:46,715 - INFO - [168/300] | train_loss: 0.02265
2025-09-09 14:26:49,918 - INFO - [169/300] | train_loss: 0.02107
2025-09-09 14:26:52,977 - INFO - [170/300] | train_loss: 0.02573
2025-09-09 14:26:53,314 - INFO - ----------
2025-09-09 14:26:53,314 - INFO - evaluation dataset type: valid
2025-09-09 14:26:53,378 - INFO - node    precision | micro: 0.714286; macro: 0.704167; score: [0.625 0.6   1.    0.    1.    1.   ]
2025-09-09 14:26:53,379 - INFO - node    recall    | micro: 0.937500; macro: 0.777778; score: [1.         1.         0.66666667 0.         1.         1.        ]
2025-09-09 14:26:53,379 - INFO - node    f1        | micro: 0.810811; macro: 0.719872; score: [0.76923077 0.75       0.8        0.         1.         1.        ]
2025-09-09 14:26:53,395 - INFO - service precision | micro: 0.459459; macro: 0.486123; score: [0.4        0.66666667 0.27272727 0.28571429 0.75       0.
 1.         0.         1.        ]
2025-09-09 14:26:53,396 - INFO - service recall    | micro: 0.708333; macro: 0.638889; score: [1.   1.   0.75 0.4  0.6  0.   1.   0.   1.  ]
2025-09-09 14:26:53,396 - INFO - service f1        | micro: 0.557377; macro: 0.530159; score: [0.57142857 0.8        0.4        0.33333333 0.66666667 0.
 1.         0.         1.        ]
2025-09-09 14:26:53,423 - INFO - pod     precision | micro: 0.418103; macro: 0.622441; score: [0.66666667 0.45833333 0.17924528 0.4        0.77272727 0.125
 1.         1.         1.        ]
2025-09-09 14:26:53,424 - INFO - pod     recall    | micro: 0.836207; macro: 0.834507; score: [1.         1.         0.95       0.57142857 0.73913043 0.25
 1.         1.         1.        ]
2025-09-09 14:26:53,424 - INFO - pod     f1        | micro: 0.557471; macro: 0.680330; score: [0.8        0.62857143 0.3015873  0.47058824 0.75555556 0.16666667
 1.         1.         1.        ]
2025-09-09 14:26:53,424 - INFO - ----------
2025-09-09 14:26:56,882 - INFO - [171/300] | train_loss: 0.02326
2025-09-09 14:26:59,910 - INFO - [172/300] | train_loss: 0.02240
2025-09-09 14:27:02,904 - INFO - [173/300] | train_loss: 0.02575
2025-09-09 14:27:05,999 - INFO - [174/300] | train_loss: 0.01863
2025-09-09 14:27:09,014 - INFO - [175/300] | train_loss: 0.02110
2025-09-09 14:27:12,004 - INFO - [176/300] | train_loss: 0.02154
2025-09-09 14:27:15,011 - INFO - [177/300] | train_loss: 0.01818
2025-09-09 14:27:18,218 - INFO - [178/300] | train_loss: 0.01475
2025-09-09 14:27:21,217 - INFO - [179/300] | train_loss: 0.01541
2025-09-09 14:27:24,214 - INFO - [180/300] | train_loss: 0.01274
2025-09-09 14:27:24,601 - INFO - ----------
2025-09-09 14:27:24,601 - INFO - evaluation dataset type: valid
2025-09-09 14:27:24,618 - INFO - node    precision | micro: 0.714286; macro: 0.702381; score: [0.71428571 0.5        1.         0.         1.         1.        ]
2025-09-09 14:27:24,618 - INFO - node    recall    | micro: 0.937500; macro: 0.777778; score: [1.         1.         0.66666667 0.         1.         1.        ]
2025-09-09 14:27:24,618 - INFO - node    f1        | micro: 0.810811; macro: 0.716667; score: [0.83333333 0.66666667 0.8        0.         1.         1.        ]
2025-09-09 14:27:24,636 - INFO - service precision | micro: 0.666667; macro: 0.581481; score: [1.         0.4        0.5        0.33333333 1.         0.
 1.         0.         1.        ]
2025-09-09 14:27:24,637 - INFO - service recall    | micro: 0.500000; macro: 0.516667; score: [1.   1.   0.25 0.2  0.2  0.   1.   0.   1.  ]
2025-09-09 14:27:24,637 - INFO - service f1        | micro: 0.571429; macro: 0.498677; score: [1.         0.57142857 0.33333333 0.25       0.33333333 0.
 1.         0.         1.        ]
2025-09-09 14:27:24,664 - INFO - pod     precision | micro: 0.559701; macro: 0.652368; score: [0.90909091 0.44       0.36666667 0.26666667 0.88888889 0.
 1.         1.         1.        ]
2025-09-09 14:27:24,664 - INFO - pod     recall    | micro: 0.646552; macro: 0.697642; score: [1.         1.         0.55       0.38095238 0.34782609 0.
 1.         1.         1.        ]
2025-09-09 14:27:24,665 - INFO - pod     f1        | micro: 0.600000; macro: 0.646358; score: [0.95238095 0.61111111 0.44       0.31372549 0.5        0.
 1.         1.         1.        ]
2025-09-09 14:27:24,665 - INFO - ----------
2025-09-09 14:27:27,502 - INFO - [181/300] | train_loss: 0.01167
2025-09-09 14:27:30,517 - INFO - [182/300] | train_loss: 0.01411
2025-09-09 14:27:33,516 - INFO - [183/300] | train_loss: 0.01125
2025-09-09 14:27:36,520 - INFO - [184/300] | train_loss: 0.01430
2025-09-09 14:27:39,582 - INFO - [185/300] | train_loss: 0.01200
2025-09-09 14:27:42,517 - INFO - [186/300] | train_loss: 0.01627
2025-09-09 14:27:45,519 - INFO - [187/300] | train_loss: 0.01489
2025-09-09 14:27:48,499 - INFO - [188/300] | train_loss: 0.02052
2025-09-09 14:27:51,518 - INFO - [189/300] | train_loss: 0.02354
2025-09-09 14:27:54,511 - INFO - [190/300] | train_loss: 0.02659
2025-09-09 14:27:54,968 - INFO - ----------
2025-09-09 14:27:54,968 - INFO - evaluation dataset type: valid
2025-09-09 14:27:54,984 - INFO - node    precision | micro: 0.750000; macro: 0.719048; score: [0.71428571 0.6        1.         0.         1.         1.        ]
2025-09-09 14:27:54,984 - INFO - node    recall    | micro: 0.937500; macro: 0.777778; score: [1.         1.         0.66666667 0.         1.         1.        ]
2025-09-09 14:27:54,984 - INFO - node    f1        | micro: 0.833333; macro: 0.730556; score: [0.83333333 0.75       0.8        0.         1.         1.        ]
2025-09-09 14:27:55,000 - INFO - service precision | micro: 0.583333; macro: 0.538360; score: [0.66666667 0.5        0.42857143 0.25       1.         0.
 1.         0.         1.        ]
2025-09-09 14:27:55,000 - INFO - service recall    | micro: 0.583333; macro: 0.572222; score: [1.   1.   0.75 0.2  0.2  0.   1.   0.   1.  ]
2025-09-09 14:27:55,000 - INFO - service f1        | micro: 0.583333; macro: 0.507520; score: [0.8        0.66666667 0.54545455 0.22222222 0.33333333 0.
 1.         0.         1.        ]
2025-09-09 14:27:55,027 - INFO - pod     precision | micro: 0.477273; macro: 0.557359; score: [0.66666667 0.39285714 0.24242424 0.38095238 1.         0.
 1.         0.33333333 1.        ]
2025-09-09 14:27:55,027 - INFO - pod     recall    | micro: 0.724138; macro: 0.744744; score: [1.         1.         0.8        0.38095238 0.52173913 0.
 1.         1.         1.        ]
2025-09-09 14:27:55,027 - INFO - pod     f1        | micro: 0.575342; macro: 0.589207; score: [0.8        0.56410256 0.37209302 0.38095238 0.68571429 0.
 1.         0.5        1.        ]
2025-09-09 14:27:55,027 - INFO - ----------
2025-09-09 14:27:58,075 - INFO - [191/300] | train_loss: 0.02629
2025-09-09 14:28:01,616 - INFO - [192/300] | train_loss: 0.02629
2025-09-09 14:28:04,614 - INFO - [193/300] | train_loss: 0.01799
2025-09-09 14:28:07,625 - INFO - [194/300] | train_loss: 0.01646
2025-09-09 14:28:10,599 - INFO - [195/300] | train_loss: 0.01302
2025-09-09 14:28:13,594 - INFO - [196/300] | train_loss: 0.01575
2025-09-09 14:28:16,615 - INFO - [197/300] | train_loss: 0.01243
2025-09-09 14:28:19,703 - INFO - [198/300] | train_loss: 0.01298
2025-09-09 14:28:22,719 - INFO - [199/300] | train_loss: 0.02203
2025-09-09 14:28:25,714 - INFO - [200/300] | train_loss: 0.08477
2025-09-09 14:28:26,167 - INFO - ----------
2025-09-09 14:28:26,168 - INFO - evaluation dataset type: valid
2025-09-09 14:28:26,184 - INFO - node    precision | micro: 0.882353; macro: 0.785714; score: [0.71428571 1.         1.         0.         1.         1.        ]
2025-09-09 14:28:26,184 - INFO - node    recall    | micro: 0.937500; macro: 0.777778; score: [1.         1.         0.66666667 0.         1.         1.        ]
2025-09-09 14:28:26,184 - INFO - node    f1        | micro: 0.909091; macro: 0.772222; score: [0.83333333 1.         0.8        0.         1.         1.        ]
2025-09-09 14:28:26,201 - INFO - service precision | micro: 0.358974; macro: 0.507407; score: [1.         0.5        0.33333333 0.33333333 1.         0.06666667
 0.33333333 0.         1.        ]
2025-09-09 14:28:26,201 - INFO - service recall    | micro: 0.583333; macro: 0.650000; score: [1.   1.   0.25 0.4  0.2  1.   1.   0.   1.  ]
2025-09-09 14:28:26,201 - INFO - service f1        | micro: 0.444444; macro: 0.474928; score: [1.         0.66666667 0.28571429 0.36363636 0.33333333 0.125
 0.5        0.         1.        ]
2025-09-09 14:28:26,228 - INFO - pod     precision | micro: 0.350211; macro: 0.512155; score: [0.76923077 0.52380952 0.375      0.28205128 0.66666667 0.04819277
 0.875      0.125      0.94444444]
2025-09-09 14:28:26,228 - INFO - pod     recall    | micro: 0.715517; macro: 0.828148; score: [1.         1.         0.6        0.52380952 0.43478261 1.
 1.         1.         0.89473684]
2025-09-09 14:28:26,228 - INFO - pod     f1        | micro: 0.470255; macro: 0.564224; score: [0.86956522 0.6875     0.46153846 0.36666667 0.52631579 0.09195402
 0.93333333 0.22222222 0.91891892]
2025-09-09 14:28:26,228 - INFO - ----------
2025-09-09 14:28:29,117 - INFO - [201/300] | train_loss: 0.09235
2025-09-09 14:28:32,114 - INFO - [202/300] | train_loss: 0.10911
2025-09-09 14:28:35,214 - INFO - [203/300] | train_loss: 0.15283
2025-09-09 14:28:38,207 - INFO - [204/300] | train_loss: 0.10064
2025-09-09 14:28:41,213 - INFO - [205/300] | train_loss: 0.06337
2025-09-09 14:28:44,217 - INFO - [206/300] | train_loss: 0.06519
2025-09-09 14:28:47,264 - INFO - [207/300] | train_loss: 0.05301
2025-09-09 14:28:50,306 - INFO - [208/300] | train_loss: 0.04734
2025-09-09 14:28:53,580 - INFO - [209/300] | train_loss: 0.04485
2025-09-09 14:28:56,573 - INFO - [210/300] | train_loss: 0.06554
2025-09-09 14:28:56,898 - INFO - ----------
2025-09-09 14:28:56,898 - INFO - evaluation dataset type: valid
2025-09-09 14:28:56,914 - INFO - node    precision | micro: 0.652174; macro: 0.626984; score: [0.83333333 0.42857143 1.         0.         0.5        1.        ]
2025-09-09 14:28:56,914 - INFO - node    recall    | micro: 0.937500; macro: 0.777778; score: [1.         1.         0.66666667 0.         1.         1.        ]
2025-09-09 14:28:56,914 - INFO - node    f1        | micro: 0.769231; macro: 0.662626; score: [0.90909091 0.6        0.8        0.         0.66666667 1.        ]
2025-09-09 14:28:56,930 - INFO - service precision | micro: 0.583333; macro: 0.541667; score: [1.    0.5   0.375 0.    1.    0.    1.    0.    1.   ]
2025-09-09 14:28:56,931 - INFO - service recall    | micro: 0.583333; macro: 0.572222; score: [1.   1.   0.75 0.   0.4  0.   1.   0.   1.  ]
2025-09-09 14:28:56,931 - INFO - service f1        | micro: 0.583333; macro: 0.526455; score: [1.         0.66666667 0.5        0.         0.57142857 0.
 1.         0.         1.        ]
2025-09-09 14:28:56,958 - INFO - pod     precision | micro: 0.447761; macro: 0.495040; score: [0.66666667 0.39285714 0.33333333 0.28125    0.53125    0.
 1.         0.25       1.        ]
2025-09-09 14:28:56,958 - INFO - pod     recall    | micro: 0.775862; macro: 0.774189; score: [1.         1.         0.8        0.42857143 0.73913043 0.
 1.         1.         1.        ]
2025-09-09 14:28:56,958 - INFO - pod     f1        | micro: 0.567823; macro: 0.576944; score: [0.8        0.56410256 0.47058824 0.33962264 0.61818182 0.
 1.         0.4        1.        ]
2025-09-09 14:28:56,958 - INFO - ----------
2025-09-09 14:28:59,814 - INFO - [211/300] | train_loss: 0.03361
2025-09-09 14:29:02,820 - INFO - [212/300] | train_loss: 0.03439
2025-09-09 14:29:05,820 - INFO - [213/300] | train_loss: 0.02782
2025-09-09 14:29:08,803 - INFO - [214/300] | train_loss: 0.02288
2025-09-09 14:29:11,815 - INFO - [215/300] | train_loss: 0.01842
2025-09-09 14:29:14,861 - INFO - [216/300] | train_loss: 0.02182
2025-09-09 14:29:17,817 - INFO - [217/300] | train_loss: 0.01771
2025-09-09 14:29:20,816 - INFO - [218/300] | train_loss: 0.01620
2025-09-09 14:29:23,820 - INFO - [219/300] | train_loss: 0.01441
2025-09-09 14:29:26,817 - INFO - [220/300] | train_loss: 0.01729
2025-09-09 14:29:27,208 - INFO - ----------
2025-09-09 14:29:27,209 - INFO - evaluation dataset type: valid
2025-09-09 14:29:27,224 - INFO - node    precision | micro: 0.833333; macro: 0.785714; score: [0.71428571 1.         1.         0.         1.         1.        ]
2025-09-09 14:29:27,225 - INFO - node    recall    | micro: 0.937500; macro: 0.777778; score: [1.         1.         0.66666667 0.         1.         1.        ]
2025-09-09 14:29:27,225 - INFO - node    f1        | micro: 0.882353; macro: 0.772222; score: [0.83333333 1.         0.8        0.         1.         1.        ]
2025-09-09 14:29:27,241 - INFO - service precision | micro: 0.750000; macro: 0.574074; score: [1.         0.66666667 0.5        0.         1.         0.
 1.         0.         1.        ]
2025-09-09 14:29:27,241 - INFO - service recall    | micro: 0.500000; macro: 0.522222; score: [1.  1.  0.5 0.  0.2 0.  1.  0.  1. ]
2025-09-09 14:29:27,241 - INFO - service f1        | micro: 0.600000; macro: 0.514815; score: [1.         0.8        0.5        0.         0.33333333 0.
 1.         0.         1.        ]
2025-09-09 14:29:27,277 - INFO - pod     precision | micro: 0.546099; macro: 0.543262; score: [0.83333333 0.5        0.39393939 0.26923077 0.75       0.
 1.         0.14285714 1.        ]
2025-09-09 14:29:27,277 - INFO - pod     recall    | micro: 0.663793; macro: 0.708293; score: [1.         1.         0.65       0.33333333 0.39130435 0.
 1.         1.         1.        ]
2025-09-09 14:29:27,278 - INFO - pod     f1        | micro: 0.599222; macro: 0.569831; score: [0.90909091 0.66666667 0.49056604 0.29787234 0.51428571 0.
 1.         0.25       1.        ]
2025-09-09 14:29:27,278 - INFO - ----------
2025-09-09 14:29:30,121 - INFO - [221/300] | train_loss: 0.01433
2025-09-09 14:29:33,102 - INFO - [222/300] | train_loss: 0.01417
2025-09-09 14:29:36,186 - INFO - [223/300] | train_loss: 0.01405
2025-09-09 14:29:39,312 - INFO - [224/300] | train_loss: 0.01211
2025-09-09 14:29:42,315 - INFO - [225/300] | train_loss: 0.01094
2025-09-09 14:29:45,319 - INFO - [226/300] | train_loss: 0.01274
2025-09-09 14:29:48,317 - INFO - [227/300] | train_loss: 0.01101
2025-09-09 14:29:51,377 - INFO - [228/300] | train_loss: 0.01166
2025-09-09 14:29:54,319 - INFO - [229/300] | train_loss: 0.01164
2025-09-09 14:29:57,310 - INFO - [230/300] | train_loss: 0.00976
2025-09-09 14:29:57,700 - INFO - ----------
2025-09-09 14:29:57,700 - INFO - evaluation dataset type: valid
2025-09-09 14:29:57,716 - INFO - node    precision | micro: 0.882353; macro: 0.805556; score: [0.83333333 1.         1.         0.         1.         1.        ]
2025-09-09 14:29:57,716 - INFO - node    recall    | micro: 0.937500; macro: 0.777778; score: [1.         1.         0.66666667 0.         1.         1.        ]
2025-09-09 14:29:57,716 - INFO - node    f1        | micro: 0.909091; macro: 0.784848; score: [0.90909091 1.         0.8        0.         1.         1.        ]
2025-09-09 14:29:57,732 - INFO - service precision | micro: 0.750000; macro: 0.574074; score: [1.         0.66666667 0.5        0.         1.         0.
 1.         0.         1.        ]
2025-09-09 14:29:57,732 - INFO - service recall    | micro: 0.500000; macro: 0.522222; score: [1.  1.  0.5 0.  0.2 0.  1.  0.  1. ]
2025-09-09 14:29:57,732 - INFO - service f1        | micro: 0.600000; macro: 0.514815; score: [1.         0.8        0.5        0.         0.33333333 0.
 1.         0.         1.        ]
2025-09-09 14:29:57,759 - INFO - pod     precision | micro: 0.566929; macro: 0.575641; score: [0.83333333 0.55       0.36666667 0.23076923 1.         0.
 1.         0.2        1.        ]
2025-09-09 14:29:57,759 - INFO - pod     recall    | micro: 0.620690; macro: 0.682229; score: [1.         1.         0.55       0.28571429 0.30434783 0.
 1.         1.         1.        ]
2025-09-09 14:29:57,759 - INFO - pod     f1        | micro: 0.592593; macro: 0.568232; score: [0.90909091 0.70967742 0.44       0.25531915 0.46666667 0.
 1.         0.33333333 1.        ]
2025-09-09 14:29:57,759 - INFO - ----------
2025-09-09 14:30:00,616 - INFO - [231/300] | train_loss: 0.01005
2025-09-09 14:30:03,612 - INFO - [232/300] | train_loss: 0.01272
2025-09-09 14:30:06,915 - INFO - [233/300] | train_loss: 0.01067
2025-09-09 14:30:09,916 - INFO - [234/300] | train_loss: 0.01265
2025-09-09 14:30:12,914 - INFO - [235/300] | train_loss: 0.01073
2025-09-09 14:30:15,918 - INFO - [236/300] | train_loss: 0.01154
2025-09-09 14:30:19,022 - INFO - [237/300] | train_loss: 0.01083
2025-09-09 14:30:22,003 - INFO - [238/300] | train_loss: 0.00821
2025-09-09 14:30:25,003 - INFO - [239/300] | train_loss: 0.00958
2025-09-09 14:30:28,082 - INFO - [240/300] | train_loss: 0.00977
2025-09-09 14:30:28,391 - INFO - ----------
2025-09-09 14:30:28,392 - INFO - evaluation dataset type: valid
2025-09-09 14:30:28,407 - INFO - node    precision | micro: 0.833333; macro: 0.785714; score: [0.71428571 1.         1.         0.         1.         1.        ]
2025-09-09 14:30:28,407 - INFO - node    recall    | micro: 0.937500; macro: 0.777778; score: [1.         1.         0.66666667 0.         1.         1.        ]
2025-09-09 14:30:28,407 - INFO - node    f1        | micro: 0.882353; macro: 0.772222; score: [0.83333333 1.         0.8        0.         1.         1.        ]
2025-09-09 14:30:28,423 - INFO - service precision | micro: 0.722222; macro: 0.574074; score: [1.         0.66666667 0.5        0.         1.         0.
 1.         0.         1.        ]
2025-09-09 14:30:28,424 - INFO - service recall    | micro: 0.541667; macro: 0.550000; score: [1.   1.   0.75 0.   0.2  0.   1.   0.   1.  ]
2025-09-09 14:30:28,424 - INFO - service f1        | micro: 0.619048; macro: 0.525926; score: [1.         0.8        0.6        0.         0.33333333 0.
 1.         0.         1.        ]
2025-09-09 14:30:28,451 - INFO - pod     precision | micro: 0.595041; macro: 0.564921; score: [0.76923077 0.64705882 0.35483871 0.26315789 0.8        0.
 1.         0.25       1.        ]
2025-09-09 14:30:28,451 - INFO - pod     recall    | micro: 0.620690; macro: 0.681769; score: [1.         1.         0.55       0.23809524 0.34782609 0.
 1.         1.         1.        ]
2025-09-09 14:30:28,451 - INFO - pod     f1        | micro: 0.607595; macro: 0.580167; score: [0.86956522 0.78571429 0.43137255 0.25       0.48484848 0.
 1.         0.4        1.        ]
2025-09-09 14:30:28,451 - INFO - ----------
2025-09-09 14:30:31,314 - INFO - [241/300] | train_loss: 0.00965
2025-09-09 14:30:34,306 - INFO - [242/300] | train_loss: 0.00901
2025-09-09 14:30:37,304 - INFO - [243/300] | train_loss: 0.00979
2025-09-09 14:30:40,302 - INFO - [244/300] | train_loss: 0.00843
2025-09-09 14:30:43,317 - INFO - [245/300] | train_loss: 0.00866
2025-09-09 14:30:46,322 - INFO - [246/300] | train_loss: 0.00878
2025-09-09 14:30:49,320 - INFO - [247/300] | train_loss: 0.00866
2025-09-09 14:30:52,328 - INFO - [248/300] | train_loss: 0.01351
2025-09-09 14:30:55,318 - INFO - [249/300] | train_loss: 0.04080
2025-09-09 14:30:58,301 - INFO - [250/300] | train_loss: 0.02013
2025-09-09 14:30:58,665 - INFO - ----------
2025-09-09 14:30:58,665 - INFO - evaluation dataset type: valid
2025-09-09 14:30:58,681 - INFO - node    precision | micro: 0.714286; macro: 0.702381; score: [0.71428571 0.5        1.         0.         1.         1.        ]
2025-09-09 14:30:58,681 - INFO - node    recall    | micro: 0.937500; macro: 0.777778; score: [1.         1.         0.66666667 0.         1.         1.        ]
2025-09-09 14:30:58,681 - INFO - node    f1        | micro: 0.810811; macro: 0.716667; score: [0.83333333 0.66666667 0.8        0.         1.         1.        ]
2025-09-09 14:30:58,697 - INFO - service precision | micro: 0.551724; macro: 0.510582; score: [0.66666667 0.5        0.42857143 0.33333333 0.66666667 0.
 1.         0.         1.        ]
2025-09-09 14:30:58,697 - INFO - service recall    | micro: 0.666667; macro: 0.616667; score: [1.   1.   0.75 0.4  0.4  0.   1.   0.   1.  ]
2025-09-09 14:30:58,697 - INFO - service f1        | micro: 0.603774; macro: 0.541751; score: [0.8        0.66666667 0.54545455 0.36363636 0.5        0.
 1.         0.         1.        ]
2025-09-09 14:30:58,724 - INFO - pod     precision | micro: 0.361345; macro: 0.480866; score: [0.66666667 0.37931034 0.17204301 0.33333333 0.52380952 0.05263158
 1.         0.2        1.        ]
2025-09-09 14:30:58,724 - INFO - pod     recall    | micro: 0.741379; macro: 0.778272; score: [1.         1.         0.8        0.47619048 0.47826087 0.25
 1.         1.         1.        ]
2025-09-09 14:30:58,724 - INFO - pod     f1        | micro: 0.485876; macro: 0.549515; score: [0.8        0.55       0.28318584 0.39215686 0.5        0.08695652
 1.         0.33333333 1.        ]
2025-09-09 14:30:58,724 - INFO - ----------
2025-09-09 14:31:01,601 - INFO - [251/300] | train_loss: 0.02055
2025-09-09 14:31:04,619 - INFO - [252/300] | train_loss: 0.01689
2025-09-09 14:31:07,626 - INFO - [253/300] | train_loss: 0.01358
2025-09-09 14:31:10,618 - INFO - [254/300] | train_loss: 0.01556
2025-09-09 14:31:13,618 - INFO - [255/300] | train_loss: 0.01325
2025-09-09 14:31:16,628 - INFO - [256/300] | train_loss: 0.01331
2025-09-09 14:31:19,616 - INFO - [257/300] | train_loss: 0.01184
2025-09-09 14:31:22,619 - INFO - [258/300] | train_loss: 0.01163
2025-09-09 14:31:25,630 - INFO - [259/300] | train_loss: 0.01468
2025-09-09 14:31:28,612 - INFO - [260/300] | train_loss: 0.01427
2025-09-09 14:31:29,001 - INFO - ----------
2025-09-09 14:31:29,001 - INFO - evaluation dataset type: valid
2025-09-09 14:31:29,017 - INFO - node    precision | micro: 0.750000; macro: 0.719048; score: [0.71428571 0.6        1.         0.         1.         1.        ]
2025-09-09 14:31:29,017 - INFO - node    recall    | micro: 0.937500; macro: 0.777778; score: [1.         1.         0.66666667 0.         1.         1.        ]
2025-09-09 14:31:29,017 - INFO - node    f1        | micro: 0.833333; macro: 0.730556; score: [0.83333333 0.75       0.8        0.         1.         1.        ]
2025-09-09 14:31:29,033 - INFO - service precision | micro: 0.652174; macro: 0.561111; score: [1.   0.4  0.75 0.4  0.5  0.   1.   0.   1.  ]
2025-09-09 14:31:29,033 - INFO - service recall    | micro: 0.625000; macro: 0.594444; score: [1.   1.   0.75 0.4  0.2  0.   1.   0.   1.  ]
2025-09-09 14:31:29,034 - INFO - service f1        | micro: 0.638298; macro: 0.556349; score: [1.         0.57142857 0.75       0.4        0.28571429 0.
 1.         0.         1.        ]
2025-09-09 14:31:29,061 - INFO - pod     precision | micro: 0.479290; macro: 0.596470; score: [0.71428571 0.57894737 0.34285714 0.23214286 0.5        0.
 1.         1.         1.        ]
2025-09-09 14:31:29,061 - INFO - pod     recall    | micro: 0.698276; macro: 0.729653; score: [1.         1.         0.6        0.61904762 0.34782609 0.
 1.         1.         1.        ]
2025-09-09 14:31:29,061 - INFO - pod     f1        | micro: 0.568421; macro: 0.638994; score: [0.83333333 0.73333333 0.43636364 0.33766234 0.41025641 0.
 1.         1.         1.        ]
2025-09-09 14:31:29,061 - INFO - ----------
2025-09-09 14:31:31,903 - INFO - [261/300] | train_loss: 0.01348
2025-09-09 14:31:35,020 - INFO - [262/300] | train_loss: 0.01091
2025-09-09 14:31:38,019 - INFO - [263/300] | train_loss: 0.01009
2025-09-09 14:31:41,013 - INFO - [264/300] | train_loss: 0.01552
2025-09-09 14:31:44,016 - INFO - [265/300] | train_loss: 0.00990
2025-09-09 14:31:47,015 - INFO - [266/300] | train_loss: 0.01087
2025-09-09 14:31:50,017 - INFO - [267/300] | train_loss: 0.00836
2025-09-09 14:31:53,016 - INFO - [268/300] | train_loss: 0.01032
2025-09-09 14:31:56,315 - INFO - [269/300] | train_loss: 0.00971
2025-09-09 14:31:59,317 - INFO - [270/300] | train_loss: 0.00820
2025-09-09 14:31:59,765 - INFO - ----------
2025-09-09 14:31:59,765 - INFO - evaluation dataset type: valid
2025-09-09 14:31:59,781 - INFO - node    precision | micro: 0.833333; macro: 0.785714; score: [0.71428571 1.         1.         0.         1.         1.        ]
2025-09-09 14:31:59,781 - INFO - node    recall    | micro: 0.937500; macro: 0.777778; score: [1.         1.         0.66666667 0.         1.         1.        ]
2025-09-09 14:31:59,781 - INFO - node    f1        | micro: 0.882353; macro: 0.772222; score: [0.83333333 1.         0.8        0.         1.         1.        ]
2025-09-09 14:31:59,797 - INFO - service precision | micro: 0.650000; macro: 0.555556; score: [1.  0.5 0.5 0.  1.  0.  1.  0.  1. ]
2025-09-09 14:31:59,797 - INFO - service recall    | micro: 0.541667; macro: 0.550000; score: [1.   1.   0.75 0.   0.2  0.   1.   0.   1.  ]
2025-09-09 14:31:59,798 - INFO - service f1        | micro: 0.590909; macro: 0.511111; score: [1.         0.66666667 0.6        0.         0.33333333 0.
 1.         0.         1.        ]
2025-09-09 14:31:59,824 - INFO - pod     precision | micro: 0.630252; macro: 0.681538; score: [0.90909091 0.61111111 0.375      0.36363636 0.875      0.
 1.         1.         1.        ]
2025-09-09 14:31:59,824 - INFO - pod     recall    | micro: 0.646552; macro: 0.698367; score: [1.         1.         0.6        0.38095238 0.30434783 0.
 1.         1.         1.        ]
2025-09-09 14:31:59,824 - INFO - pod     f1        | micro: 0.638298; macro: 0.666250; score: [0.95238095 0.75862069 0.46153846 0.37209302 0.4516129  0.
 1.         1.         1.        ]
2025-09-09 14:31:59,825 - INFO - ----------
2025-09-09 14:32:02,723 - INFO - [271/300] | train_loss: 0.01003
2025-09-09 14:32:05,716 - INFO - [272/300] | train_loss: 0.00754
2025-09-09 14:32:08,705 - INFO - [273/300] | train_loss: 0.00721
2025-09-09 14:32:11,719 - INFO - [274/300] | train_loss: 0.01659
2025-09-09 14:32:14,715 - INFO - [275/300] | train_loss: 0.00876
2025-09-09 14:32:17,823 - INFO - [276/300] | train_loss: 0.00809
2025-09-09 14:32:20,813 - INFO - [277/300] | train_loss: 0.01382
2025-09-09 14:32:23,798 - INFO - [278/300] | train_loss: 0.01068
2025-09-09 14:32:26,801 - INFO - [279/300] | train_loss: 0.00953
2025-09-09 14:32:29,814 - INFO - [280/300] | train_loss: 0.00966
2025-09-09 14:32:30,199 - INFO - ----------
2025-09-09 14:32:30,199 - INFO - evaluation dataset type: valid
2025-09-09 14:32:30,214 - INFO - node    precision | micro: 0.833333; macro: 0.763889; score: [0.83333333 0.75       1.         0.         1.         1.        ]
2025-09-09 14:32:30,215 - INFO - node    recall    | micro: 0.937500; macro: 0.777778; score: [1.         1.         0.66666667 0.         1.         1.        ]
2025-09-09 14:32:30,215 - INFO - node    f1        | micro: 0.882353; macro: 0.761039; score: [0.90909091 0.85714286 0.8        0.         1.         1.        ]
2025-09-09 14:32:30,231 - INFO - service precision | micro: 0.722222; macro: 0.611111; score: [1.         0.66666667 0.5        0.33333333 1.         0.
 1.         0.         1.        ]
2025-09-09 14:32:30,231 - INFO - service recall    | micro: 0.541667; macro: 0.544444; score: [1.  1.  0.5 0.2 0.2 0.  1.  0.  1. ]
2025-09-09 14:32:30,231 - INFO - service f1        | micro: 0.619048; macro: 0.542593; score: [1.         0.8        0.5        0.25       0.33333333 0.
 1.         0.         1.        ]
2025-09-09 14:32:30,258 - INFO - pod     precision | micro: 0.595238; macro: 0.604546; score: [0.76923077 0.61111111 0.41176471 0.29166667 0.85714286 0.
 1.         0.5        1.        ]
2025-09-09 14:32:30,258 - INFO - pod     recall    | micro: 0.646552; macro: 0.699356; score: [1.         1.         0.7        0.33333333 0.26086957 0.
 1.         1.         1.        ]
2025-09-09 14:32:30,258 - INFO - pod     f1        | micro: 0.619835; macro: 0.613831; score: [0.86956522 0.75862069 0.51851852 0.31111111 0.4        0.
 1.         0.66666667 1.        ]
2025-09-09 14:32:30,258 - INFO - ----------
2025-09-09 14:32:33,114 - INFO - [281/300] | train_loss: 0.01038
2025-09-09 14:32:36,105 - INFO - [282/300] | train_loss: 0.00959
2025-09-09 14:32:39,101 - INFO - [283/300] | train_loss: 0.00763
2025-09-09 14:32:42,179 - INFO - [284/300] | train_loss: 0.00821
2025-09-09 14:32:45,300 - INFO - [285/300] | train_loss: 0.01100
2025-09-09 14:32:48,317 - INFO - [286/300] | train_loss: 0.00805
2025-09-09 14:32:51,306 - INFO - [287/300] | train_loss: 0.00785
2025-09-09 14:32:54,319 - INFO - [288/300] | train_loss: 0.01028
2025-09-09 14:32:57,312 - INFO - [289/300] | train_loss: 0.00849
2025-09-09 14:33:00,319 - INFO - [290/300] | train_loss: 0.00972
2025-09-09 14:33:00,703 - INFO - ----------
2025-09-09 14:33:00,703 - INFO - evaluation dataset type: valid
2025-09-09 14:33:00,719 - INFO - node    precision | micro: 0.789474; macro: 0.744048; score: [0.71428571 0.75       1.         0.         1.         1.        ]
2025-09-09 14:33:00,719 - INFO - node    recall    | micro: 0.937500; macro: 0.777778; score: [1.         1.         0.66666667 0.         1.         1.        ]
2025-09-09 14:33:00,719 - INFO - node    f1        | micro: 0.857143; macro: 0.748413; score: [0.83333333 0.85714286 0.8        0.         1.         1.        ]
2025-09-09 14:33:00,735 - INFO - service precision | micro: 0.722222; macro: 0.585185; score: [1.         0.66666667 0.6        0.         1.         0.
 1.         0.         1.        ]
2025-09-09 14:33:00,735 - INFO - service recall    | micro: 0.541667; macro: 0.550000; score: [1.   1.   0.75 0.   0.2  0.   1.   0.   1.  ]
2025-09-09 14:33:00,736 - INFO - service f1        | micro: 0.619048; macro: 0.533333; score: [1.         0.8        0.66666667 0.         0.33333333 0.
 1.         0.         1.        ]
2025-09-09 14:33:00,763 - INFO - pod     precision | micro: 0.606838; macro: 0.656972; score: [0.76923077 0.61111111 0.40740741 0.29166667 0.83333333 0.
 1.         1.         1.        ]
2025-09-09 14:33:00,763 - INFO - pod     recall    | micro: 0.612069; macro: 0.677858; score: [1.         1.         0.55       0.33333333 0.2173913  0.
 1.         1.         1.        ]
2025-09-09 14:33:00,763 - INFO - pod     f1        | micro: 0.609442; macro: 0.639134; score: [0.86956522 0.75862069 0.46808511 0.31111111 0.34482759 0.
 1.         1.         1.        ]
2025-09-09 14:33:00,763 - INFO - ----------
2025-09-09 14:33:03,618 - INFO - [291/300] | train_loss: 0.00775
2025-09-09 14:33:06,616 - INFO - [292/300] | train_loss: 0.00979
2025-09-09 14:33:09,702 - INFO - [293/300] | train_loss: 0.00766
2025-09-09 14:33:12,730 - INFO - [294/300] | train_loss: 0.00705
2025-09-09 14:33:15,707 - INFO - [295/300] | train_loss: 0.00827
2025-09-09 14:33:18,768 - INFO - [296/300] | train_loss: 0.00900
2025-09-09 14:33:21,720 - INFO - [297/300] | train_loss: 0.00955
2025-09-09 14:33:24,775 - INFO - [298/300] | train_loss: 0.00741
2025-09-09 14:33:27,780 - INFO - [299/300] | train_loss: 0.00902
2025-09-09 14:33:29,390 - INFO - ----------
2025-09-09 14:33:29,392 - INFO - evaluation dataset type: test
2025-09-09 14:33:29,412 - INFO - node    precision | micro: 0.677419; macro: 0.699901; score: [0.82352941 0.58333333 0.875      0.5        0.73333333 0.68421053]
2025-09-09 14:33:29,412 - INFO - node    recall    | micro: 0.940299; macro: 0.937169; score: [1.         1.         0.77777778 0.91666667 1.         0.92857143]
2025-09-09 14:33:29,412 - INFO - node    f1        | micro: 0.787500; macro: 0.790781; score: [0.90322581 0.73684211 0.82352941 0.64705882 0.84615385 0.78787879]
2025-09-09 14:33:29,439 - INFO - service precision | micro: 0.739130; macro: 0.792625; score: [0.9        0.81818182 0.77777778 0.40909091 0.71428571 0.8
 1.         1.         0.71428571]
2025-09-09 14:33:29,439 - INFO - service recall    | micro: 0.772727; macro: 0.822222; score: [1.         1.         0.7        0.75       0.41666667 0.53333333
 1.         1.         1.        ]
2025-09-09 14:33:29,439 - INFO - service f1        | micro: 0.755556; macro: 0.790363; score: [0.94736842 0.9        0.73684211 0.52941176 0.52631579 0.64
 1.         1.         0.83333333]
2025-09-09 14:33:29,513 - INFO - pod     precision | micro: 0.676471; macro: 0.739989; score: [0.87037037 0.81818182 0.55932203 0.40540541 0.6031746  0.59090909
 0.98076923 0.96969697 0.86206897]
2025-09-09 14:33:29,513 - INFO - pod     recall    | micro: 0.840183; macro: 0.860749; score: [1.         0.97826087 0.67346939 0.72580645 0.67857143 0.76470588
 1.         1.         0.92592593]
2025-09-09 14:33:29,513 - INFO - pod     f1        | micro: 0.749491; macro: 0.791801; score: [0.93069307 0.89108911 0.61111111 0.52023121 0.63865546 0.66666667
 0.99029126 0.98461538 0.89285714]
2025-09-09 14:33:29,513 - INFO - ----------
----GATNet----
GAT_name1:  GATv2Conv
GAT_name2:  GATConv
activ_fun1:  relu6
activ_fun2:  relu6
====================================================================================================
Layer (type:depth-idx)                                                      Param #
====================================================================================================
Sequential                                                                  --
├─RepresentationLearning: 1-1                                               --
│    └─ModuleDict: 2-1                                                      --
│    │    └─Linear: 3-1                                                     6,144
│    │    └─Linear: 3-2                                                     6,144
│    │    └─Linear: 3-3                                                     6,144
│    │    └─Linear: 3-4                                                     6,144
│    └─ModuleDict: 2-2                                                      --
│    │    └─PositionalEmbedding: 3-5                                        --
│    │    └─PositionalEmbedding: 3-6                                        --
│    │    └─PositionalEmbedding: 3-7                                        --
│    │    └─PositionalEmbedding: 3-8                                        --
│    └─ModuleDict: 2-3                                                      --
│    │    └─TransformerEncoder: 3-9                                         6,304,768
│    │    └─TransformerEncoder: 3-10                                        6,304,768
│    │    └─TransformerEncoder: 3-11                                        6,304,768
│    │    └─TransformerEncoder: 3-12                                        6,304,768
├─FeatureIntegration: 1-2                                                   --
│    └─ModuleDict: 2-4                                                      --
│    │    └─SEAttention: 3-13                                               32,768
│    │    └─SEAttention: 3-14                                               32,768
│    │    └─SEAttention: 3-15                                               32,768
│    └─ModuleDict: 2-5                                                      --
│    │    └─Linear: 3-16                                                    8,651,264
│    │    └─Linear: 3-17                                                    16,777,728
│    │    └─Linear: 3-18                                                    12,583,424
├─FeatureFusion: 1-3                                                        --
│    └─GATNet: 2-6                                                          --
│    │    └─GATv2Conv: 3-19                                                 526,336
│    │    └─GATConv: 3-20                                                   65,920
│    └─ModuleDict: 2-7                                                      --
│    │    └─Linear: 3-21                                                    774
│    │    └─Linear: 3-22                                                    1,161
│    │    └─Linear: 3-23                                                    1,161
├─FaultClassifier: 1-4                                                      --
│    └─ModuleDict: 2-8                                                      --
│    │    └─Linear: 3-24                                                    774
│    │    └─Linear: 3-25                                                    1,161
│    │    └─Linear: 3-26                                                    1,161
====================================================================================================
Total params: 63,952,816
Trainable params: 63,952,816
Non-trainable params: 0
====================================================================================================
# new transformed data: metric, log, api
2025-09-09 14:33:37,712 - INFO - [0/300] | train_loss: 3.84735
2025-09-09 14:33:38,003 - INFO - ----------
2025-09-09 14:33:38,003 - INFO - evaluation dataset type: valid
2025-09-09 14:33:38,019 - INFO - node    precision | micro: 0.018364; macro: 0.031884; score: [0.03305785 0.         0.01226994 0.         0.02597403 0.12      ]
2025-09-09 14:33:38,019 - INFO - node    recall    | micro: 0.687500; macro: 0.577778; score: [0.8        0.         0.66666667 0.         1.         1.        ]
2025-09-09 14:33:38,019 - INFO - node    f1        | micro: 0.035772; macro: 0.058751; score: [0.06349206 0.         0.02409639 0.         0.05063291 0.21428571]
2025-09-09 14:33:38,037 - INFO - service precision | micro: 0.007777; macro: 0.068083; score: [0.28571429 0.0038835  0.00307692 0.03125    0.01038961 0.
 0.2        0.         0.07843137]
2025-09-09 14:33:38,038 - INFO - service recall    | micro: 0.708333; macro: 0.627778; score: [1.   1.   0.25 0.6  0.8  0.   1.   0.   1.  ]
2025-09-09 14:33:38,038 - INFO - service f1        | micro: 0.015385; macro: 0.112996; score: [0.44444444 0.00773694 0.00607903 0.05940594 0.02051282 0.
 0.33333333 0.         0.14545455]
2025-09-09 14:33:38,069 - INFO - pod     precision | micro: 0.014966; macro: 0.105155; score: [0.03496503 0.1011236  0.01017964 0.0172144  0.00958333 0.
 0.5        0.03333333 0.24      ]
2025-09-09 14:33:38,069 - INFO - pod     recall    | micro: 0.706897; macro: 0.691341; score: [1.         0.81818182 0.85       0.52380952 1.         0.
 0.71428571 1.         0.31578947]
2025-09-09 14:33:38,069 - INFO - pod     f1        | micro: 0.029312; macro: 0.138387; score: [0.06756757 0.18       0.02011834 0.03333333 0.01898473 0.
 0.58823529 0.06451613 0.27272727]
2025-09-09 14:33:38,069 - INFO - ----------
2025-09-09 14:33:40,511 - INFO - [1/300] | train_loss: 2.54318
2025-09-09 14:33:43,084 - INFO - [2/300] | train_loss: 1.78259
2025-09-09 14:33:45,603 - INFO - [3/300] | train_loss: 1.34092
2025-09-09 14:33:48,200 - INFO - [4/300] | train_loss: 1.11900
2025-09-09 14:33:50,710 - INFO - [5/300] | train_loss: 0.89452
2025-09-09 14:33:53,283 - INFO - [6/300] | train_loss: 0.75188
2025-09-09 14:33:55,703 - INFO - [7/300] | train_loss: 0.70696
2025-09-09 14:33:58,301 - INFO - [8/300] | train_loss: 0.59469
2025-09-09 14:34:00,904 - INFO - [9/300] | train_loss: 0.52130
2025-09-09 14:34:03,409 - INFO - [10/300] | train_loss: 0.46271
2025-09-09 14:34:03,698 - INFO - ----------
2025-09-09 14:34:03,698 - INFO - evaluation dataset type: valid
2025-09-09 14:34:03,716 - INFO - node    precision | micro: 0.333333; macro: 0.327778; score: [0.5        0.16666667 0.4        0.         0.4        0.5       ]
2025-09-09 14:34:03,716 - INFO - node    recall    | micro: 0.875000; macro: 0.722222; score: [1.         0.66666667 0.66666667 0.         1.         1.        ]
2025-09-09 14:34:03,716 - INFO - node    f1        | micro: 0.482759; macro: 0.445238; score: [0.66666667 0.26666667 0.5        0.         0.57142857 0.66666667]
2025-09-09 14:34:03,733 - INFO - service precision | micro: 0.254545; macro: 0.209877; score: [0.22222222 0.22222222 0.         0.11111111 0.5        0.
 0.16666667 0.         0.66666667]
2025-09-09 14:34:03,733 - INFO - service recall    | micro: 0.583333; macro: 0.555556; score: [1.  1.  0.  0.2 0.8 0.  1.  0.  1. ]
2025-09-09 14:34:03,733 - INFO - service f1        | micro: 0.354430; macro: 0.285692; score: [0.36363636 0.36363636 0.         0.14285714 0.61538462 0.
 0.28571429 0.         0.8       ]
2025-09-09 14:34:03,761 - INFO - pod     precision | micro: 0.180198; macro: 0.176347; score: [0.21276596 0.2        0.1372549  0.17391304 0.22222222 0.0212766
 0.19444444 0.02941176 0.39583333]
2025-09-09 14:34:03,761 - INFO - pod     recall    | micro: 0.784483; macro: 0.800058; score: [1.         1.         0.7        0.38095238 0.86956522 0.25
 1.         1.         1.        ]
2025-09-09 14:34:03,761 - INFO - pod     f1        | micro: 0.293076; macro: 0.277290; score: [0.35087719 0.33333333 0.2295082  0.23880597 0.3539823  0.03921569
 0.3255814  0.05714286 0.56716418]
2025-09-09 14:34:03,761 - INFO - ----------
2025-09-09 14:34:06,238 - INFO - [11/300] | train_loss: 0.42608
2025-09-09 14:34:08,799 - INFO - [12/300] | train_loss: 0.38659
2025-09-09 14:34:11,395 - INFO - [13/300] | train_loss: 0.39474
2025-09-09 14:34:13,960 - INFO - [14/300] | train_loss: 0.33924
2025-09-09 14:34:16,509 - INFO - [15/300] | train_loss: 0.31222
2025-09-09 14:34:19,100 - INFO - [16/300] | train_loss: 0.28208
2025-09-09 14:34:21,900 - INFO - [17/300] | train_loss: 0.27111
2025-09-09 14:34:24,564 - INFO - [18/300] | train_loss: 0.26516
2025-09-09 14:34:27,162 - INFO - [19/300] | train_loss: 0.22784
2025-09-09 14:34:29,896 - INFO - [20/300] | train_loss: 0.21905
2025-09-09 14:34:30,188 - INFO - ----------
2025-09-09 14:34:30,188 - INFO - evaluation dataset type: valid
2025-09-09 14:34:30,204 - INFO - node    precision | micro: 0.483871; macro: 0.450926; score: [0.55555556 0.33333333 0.66666667 0.         0.4        0.75      ]
2025-09-09 14:34:30,205 - INFO - node    recall    | micro: 0.937500; macro: 0.777778; score: [1.         1.         0.66666667 0.         1.         1.        ]
2025-09-09 14:34:30,205 - INFO - node    f1        | micro: 0.638298; macro: 0.551587; score: [0.71428571 0.5        0.66666667 0.         0.57142857 0.85714286]
2025-09-09 14:34:30,221 - INFO - service precision | micro: 0.333333; macro: 0.259524; score: [0.33333333 0.28571429 0.         0.16666667 0.5        0.
 0.25       0.         0.8       ]
2025-09-09 14:34:30,221 - INFO - service recall    | micro: 0.541667; macro: 0.533333; score: [1.  1.  0.  0.2 0.6 0.  1.  0.  1. ]
2025-09-09 14:34:30,221 - INFO - service f1        | micro: 0.412698; macro: 0.328956; score: [0.5        0.44444444 0.         0.18181818 0.54545455 0.
 0.4        0.         0.88888889]
2025-09-09 14:34:30,249 - INFO - pod     precision | micro: 0.259939; macro: 0.236787; score: [0.27027027 0.25581395 0.16923077 0.18181818 0.36       0.
 0.24137931 0.05882353 0.59375   ]
2025-09-09 14:34:30,249 - INFO - pod     recall    | micro: 0.732759; macro: 0.745951; score: [1.         1.         0.55       0.38095238 0.7826087  0.
 1.         1.         1.        ]
2025-09-09 14:34:30,249 - INFO - pod     f1        | micro: 0.383747; macro: 0.341796; score: [0.42553191 0.40740741 0.25882353 0.24615385 0.49315068 0.
 0.38888889 0.11111111 0.74509804]
2025-09-09 14:34:30,249 - INFO - ----------
2025-09-09 14:34:33,000 - INFO - [21/300] | train_loss: 0.20308
2025-09-09 14:34:35,697 - INFO - [22/300] | train_loss: 0.19358
2025-09-09 14:34:38,304 - INFO - [23/300] | train_loss: 0.18361
2025-09-09 14:34:41,062 - INFO - [24/300] | train_loss: 0.16829
2025-09-09 14:34:43,947 - INFO - [25/300] | train_loss: 0.15822
2025-09-09 14:34:46,563 - INFO - [26/300] | train_loss: 0.15991
2025-09-09 14:34:49,099 - INFO - [27/300] | train_loss: 0.14654
2025-09-09 14:34:51,764 - INFO - [28/300] | train_loss: 0.13560
2025-09-09 14:34:54,605 - INFO - [29/300] | train_loss: 0.13721
2025-09-09 14:34:57,338 - INFO - [30/300] | train_loss: 0.14479
2025-09-09 14:34:57,669 - INFO - ----------
2025-09-09 14:34:57,669 - INFO - evaluation dataset type: valid
2025-09-09 14:34:57,685 - INFO - node    precision | micro: 0.600000; macro: 0.592262; score: [0.625      0.42857143 1.         0.         0.5        1.        ]
2025-09-09 14:34:57,685 - INFO - node    recall    | micro: 0.937500; macro: 0.777778; score: [1.         1.         0.66666667 0.         1.         1.        ]
2025-09-09 14:34:57,685 - INFO - node    f1        | micro: 0.731707; macro: 0.639316; score: [0.76923077 0.6        0.8        0.         0.66666667 1.        ]
2025-09-09 14:34:57,702 - INFO - service precision | micro: 0.416667; macro: 0.337037; score: [0.5        0.33333333 0.         0.2        0.5        0.
 0.5        0.         1.        ]
2025-09-09 14:34:57,702 - INFO - service recall    | micro: 0.416667; macro: 0.461111; score: [1.   1.   0.   0.2  0.2  0.   1.   0.   0.75]
2025-09-09 14:34:57,702 - INFO - service f1        | micro: 0.416667; macro: 0.352910; score: [0.66666667 0.5        0.         0.2        0.28571429 0.
 0.66666667 0.         0.85714286]
2025-09-09 14:34:57,730 - INFO - pod     precision | micro: 0.305882; macro: 0.309665; score: [0.3125     0.25581395 0.14893617 0.22222222 0.36842105 0.2
 0.30434783 0.11111111 0.86363636]
2025-09-09 14:34:57,730 - INFO - pod     recall    | micro: 0.672414; macro: 0.732183; score: [1.         1.         0.35       0.38095238 0.60869565 0.25
 1.         1.         1.        ]
2025-09-09 14:34:57,730 - INFO - pod     f1        | micro: 0.420485; macro: 0.405332; score: [0.47619048 0.40740741 0.20895522 0.28070175 0.45901639 0.22222222
 0.46666667 0.2        0.92682927]
2025-09-09 14:34:57,730 - INFO - ----------
2025-09-09 14:35:00,199 - INFO - [31/300] | train_loss: 0.11784
2025-09-09 14:35:03,003 - INFO - [32/300] | train_loss: 0.11371
2025-09-09 14:35:05,663 - INFO - [33/300] | train_loss: 0.10896
2025-09-09 14:35:08,292 - INFO - [34/300] | train_loss: 0.10153
2025-09-09 14:35:11,073 - INFO - [35/300] | train_loss: 0.10826
2025-09-09 14:35:13,999 - INFO - [36/300] | train_loss: 0.09369
2025-09-09 14:35:16,504 - INFO - [37/300] | train_loss: 0.09379
2025-09-09 14:35:19,201 - INFO - [38/300] | train_loss: 0.08449
2025-09-09 14:35:21,998 - INFO - [39/300] | train_loss: 0.09580
2025-09-09 14:35:24,527 - INFO - [40/300] | train_loss: 0.08787
2025-09-09 14:35:24,809 - INFO - ----------
2025-09-09 14:35:24,809 - INFO - evaluation dataset type: valid
2025-09-09 14:35:24,825 - INFO - node    precision | micro: 0.652174; macro: 0.619048; score: [0.71428571 0.5        1.         0.         0.5        1.        ]
2025-09-09 14:35:24,825 - INFO - node    recall    | micro: 0.937500; macro: 0.777778; score: [1.         1.         0.66666667 0.         1.         1.        ]
2025-09-09 14:35:24,825 - INFO - node    f1        | micro: 0.769231; macro: 0.661111; score: [0.83333333 0.66666667 0.8        0.         0.66666667 1.        ]
2025-09-09 14:35:24,870 - INFO - service precision | micro: 0.523810; macro: 0.405556; score: [0.5  0.4  0.   0.25 0.5  0.   1.   0.   1.  ]
2025-09-09 14:35:24,870 - INFO - service recall    | micro: 0.458333; macro: 0.488889; score: [1.  1.  0.  0.2 0.2 0.  1.  0.  1. ]
2025-09-09 14:35:24,870 - INFO - service f1        | micro: 0.488889; macro: 0.416226; score: [0.66666667 0.57142857 0.         0.22222222 0.28571429 0.
 1.         0.         1.        ]
2025-09-09 14:35:24,898 - INFO - pod     precision | micro: 0.383495; macro: 0.362599; score: [0.47619048 0.28947368 0.24242424 0.2        0.48387097 0.
 0.46666667 0.2        0.9047619 ]
2025-09-09 14:35:24,898 - INFO - pod     recall    | micro: 0.681034; macro: 0.714792; score: [1.         1.         0.4        0.38095238 0.65217391 0.
 1.         1.         1.        ]
2025-09-09 14:35:24,898 - INFO - pod     f1        | micro: 0.490683; macro: 0.459286; score: [0.64516129 0.44897959 0.30188679 0.26229508 0.55555556 0.
 0.63636364 0.33333333 0.95      ]
2025-09-09 14:35:24,898 - INFO - ----------
2025-09-09 14:35:27,303 - INFO - [41/300] | train_loss: 0.07723
2025-09-09 14:35:29,859 - INFO - [42/300] | train_loss: 0.07717
2025-09-09 14:35:32,397 - INFO - [43/300] | train_loss: 0.07560
2025-09-09 14:35:34,901 - INFO - [44/300] | train_loss: 0.07090
2025-09-09 14:35:37,561 - INFO - [45/300] | train_loss: 0.15798
2025-09-09 14:35:40,160 - INFO - [46/300] | train_loss: 0.16987
2025-09-09 14:35:42,802 - INFO - [47/300] | train_loss: 0.15203
2025-09-09 14:35:45,397 - INFO - [48/300] | train_loss: 0.12613
2025-09-09 14:35:48,104 - INFO - [49/300] | train_loss: 0.10122
2025-09-09 14:35:50,754 - INFO - [50/300] | train_loss: 0.09556
2025-09-09 14:35:51,107 - INFO - ----------
2025-09-09 14:35:51,107 - INFO - evaluation dataset type: valid
2025-09-09 14:35:51,123 - INFO - node    precision | micro: 0.625000; macro: 0.577381; score: [0.71428571 0.5        1.         0.         0.5        0.75      ]
2025-09-09 14:35:51,123 - INFO - node    recall    | micro: 0.937500; macro: 0.777778; score: [1.         1.         0.66666667 0.         1.         1.        ]
2025-09-09 14:35:51,123 - INFO - node    f1        | micro: 0.750000; macro: 0.637302; score: [0.83333333 0.66666667 0.8        0.         0.66666667 0.85714286]
2025-09-09 14:35:51,139 - INFO - service precision | micro: 0.437500; macro: 0.411376; score: [0.33333333 0.25       0.33333333 0.28571429 1.         0.
 0.5        0.         1.        ]
2025-09-09 14:35:51,139 - INFO - service recall    | micro: 0.583333; macro: 0.561111; score: [1.   1.   0.25 0.4  0.4  0.   1.   0.   1.  ]
2025-09-09 14:35:51,140 - INFO - service f1        | micro: 0.500000; macro: 0.417460; score: [0.5        0.4        0.28571429 0.33333333 0.57142857 0.
 0.66666667 0.         1.        ]
2025-09-09 14:35:51,166 - INFO - pod     precision | micro: 0.361502; macro: 0.351773; score: [0.37037037 0.28947368 0.19444444 0.25       0.52       0.25
 0.38888889 0.11111111 0.79166667]
2025-09-09 14:35:51,166 - INFO - pod     recall    | micro: 0.663793; macro: 0.727352; score: [1.         1.         0.35       0.38095238 0.56521739 0.25
 1.         1.         1.        ]
2025-09-09 14:35:51,167 - INFO - pod     f1        | micro: 0.468085; macro: 0.441866; score: [0.54054054 0.44897959 0.25       0.30188679 0.54166667 0.25
 0.56       0.2        0.88372093]
2025-09-09 14:35:51,167 - INFO - ----------
2025-09-09 14:35:53,806 - INFO - [51/300] | train_loss: 0.10201
2025-09-09 14:35:56,468 - INFO - [52/300] | train_loss: 0.16451
2025-09-09 14:35:59,100 - INFO - [53/300] | train_loss: 0.14050
2025-09-09 14:36:01,698 - INFO - [54/300] | train_loss: 0.10211
2025-09-09 14:36:04,396 - INFO - [55/300] | train_loss: 0.09559
2025-09-09 14:36:07,103 - INFO - [56/300] | train_loss: 0.08265
2025-09-09 14:36:09,704 - INFO - [57/300] | train_loss: 0.06897
2025-09-09 14:36:12,359 - INFO - [58/300] | train_loss: 0.06993
2025-09-09 14:36:14,996 - INFO - [59/300] | train_loss: 0.06125
2025-09-09 14:36:17,541 - INFO - [60/300] | train_loss: 0.05895
2025-09-09 14:36:17,906 - INFO - ----------
2025-09-09 14:36:17,907 - INFO - evaluation dataset type: valid
2025-09-09 14:36:17,923 - INFO - node    precision | micro: 0.681818; macro: 0.646825; score: [0.71428571 0.5        1.         0.         0.66666667 1.        ]
2025-09-09 14:36:17,923 - INFO - node    recall    | micro: 0.937500; macro: 0.777778; score: [1.         1.         0.66666667 0.         1.         1.        ]
2025-09-09 14:36:17,923 - INFO - node    f1        | micro: 0.789474; macro: 0.683333; score: [0.83333333 0.66666667 0.8        0.         0.8        1.        ]
2025-09-09 14:36:17,939 - INFO - service precision | micro: 0.550000; macro: 0.461111; score: [1.   0.4  0.   0.25 0.5  0.   1.   0.   1.  ]
2025-09-09 14:36:17,939 - INFO - service recall    | micro: 0.458333; macro: 0.488889; score: [1.  1.  0.  0.2 0.2 0.  1.  0.  1. ]
2025-09-09 14:36:17,939 - INFO - service f1        | micro: 0.500000; macro: 0.453263; score: [1.         0.57142857 0.         0.22222222 0.28571429 0.
 1.         0.         1.        ]
2025-09-09 14:36:17,966 - INFO - pod     precision | micro: 0.417143; macro: 0.396740; score: [0.52631579 0.28947368 0.2        0.27586207 0.59090909 0.
 0.58333333 0.2        0.9047619 ]
2025-09-09 14:36:17,966 - INFO - pod     recall    | micro: 0.629310; macro: 0.682908; score: [1.         1.         0.2        0.38095238 0.56521739 0.
 1.         1.         1.        ]
2025-09-09 14:36:17,967 - INFO - pod     f1        | micro: 0.501718; macro: 0.472954; score: [0.68965517 0.44897959 0.2        0.32       0.57777778 0.
 0.73684211 0.33333333 0.95      ]
2025-09-09 14:36:17,967 - INFO - ----------
2025-09-09 14:36:20,459 - INFO - [61/300] | train_loss: 0.04973
2025-09-09 14:36:22,998 - INFO - [62/300] | train_loss: 0.05243
2025-09-09 14:36:25,663 - INFO - [63/300] | train_loss: 0.04695
2025-09-09 14:36:28,258 - INFO - [64/300] | train_loss: 0.04336
2025-09-09 14:36:30,961 - INFO - [65/300] | train_loss: 0.04684
2025-09-09 14:36:33,676 - INFO - [66/300] | train_loss: 0.04451
2025-09-09 14:36:36,261 - INFO - [67/300] | train_loss: 0.04270
2025-09-09 14:36:38,965 - INFO - [68/300] | train_loss: 0.04232
2025-09-09 14:36:41,661 - INFO - [69/300] | train_loss: 0.04135
2025-09-09 14:36:44,365 - INFO - [70/300] | train_loss: 0.03776
2025-09-09 14:36:44,687 - INFO - ----------
2025-09-09 14:36:44,687 - INFO - evaluation dataset type: valid
2025-09-09 14:36:44,703 - INFO - node    precision | micro: 0.789474; macro: 0.744048; score: [0.71428571 0.75       1.         0.         1.         1.        ]
2025-09-09 14:36:44,703 - INFO - node    recall    | micro: 0.937500; macro: 0.777778; score: [1.         1.         0.66666667 0.         1.         1.        ]
2025-09-09 14:36:44,703 - INFO - node    f1        | micro: 0.857143; macro: 0.748413; score: [0.83333333 0.85714286 0.8        0.         1.         1.        ]
2025-09-09 14:36:44,719 - INFO - service precision | micro: 0.785714; macro: 0.574074; score: [1.         0.66666667 0.         0.5        1.         0.
 1.         0.         1.        ]
2025-09-09 14:36:44,719 - INFO - service recall    | micro: 0.458333; macro: 0.488889; score: [1.  1.  0.  0.2 0.2 0.  1.  0.  1. ]
2025-09-09 14:36:44,720 - INFO - service f1        | micro: 0.578947; macro: 0.491005; score: [1.         0.8        0.         0.28571429 0.33333333 0.
 1.         0.         1.        ]
2025-09-09 14:36:44,746 - INFO - pod     precision | micro: 0.517986; macro: 0.490930; score: [0.66666667 0.33333333 0.28571429 0.2962963  0.75       0.
 0.63636364 0.5        0.95      ]
2025-09-09 14:36:44,747 - INFO - pod     recall    | micro: 0.620690; macro: 0.678077; score: [1.         1.         0.2        0.38095238 0.52173913 0.
 1.         1.         1.        ]
2025-09-09 14:36:44,747 - INFO - pod     f1        | micro: 0.564706; macro: 0.544757; score: [0.8        0.5        0.23529412 0.33333333 0.61538462 0.
 0.77777778 0.66666667 0.97435897]
2025-09-09 14:36:44,747 - INFO - ----------
2025-09-09 14:36:47,263 - INFO - [71/300] | train_loss: 0.04053
2025-09-09 14:36:49,705 - INFO - [72/300] | train_loss: 0.03575
2025-09-09 14:36:52,298 - INFO - [73/300] | train_loss: 0.03759
2025-09-09 14:36:54,947 - INFO - [74/300] | train_loss: 0.03506
2025-09-09 14:36:57,565 - INFO - [75/300] | train_loss: 0.03405
2025-09-09 14:37:00,156 - INFO - [76/300] | train_loss: 0.03115
2025-09-09 14:37:02,862 - INFO - [77/300] | train_loss: 0.03242
2025-09-09 14:37:05,485 - INFO - [78/300] | train_loss: 0.03220
2025-09-09 14:37:08,113 - INFO - [79/300] | train_loss: 0.03221
2025-09-09 14:37:10,789 - INFO - [80/300] | train_loss: 0.02957
2025-09-09 14:37:11,105 - INFO - ----------
2025-09-09 14:37:11,106 - INFO - evaluation dataset type: valid
2025-09-09 14:37:11,122 - INFO - node    precision | micro: 0.789474; macro: 0.744048; score: [0.71428571 0.75       1.         0.         1.         1.        ]
2025-09-09 14:37:11,122 - INFO - node    recall    | micro: 0.937500; macro: 0.777778; score: [1.         1.         0.66666667 0.         1.         1.        ]
2025-09-09 14:37:11,122 - INFO - node    f1        | micro: 0.857143; macro: 0.748413; score: [0.83333333 0.85714286 0.8        0.         1.         1.        ]
2025-09-09 14:37:11,138 - INFO - service precision | micro: 0.833333; macro: 0.574074; score: [1.         0.66666667 0.         0.5        1.         0.
 1.         0.         1.        ]
2025-09-09 14:37:11,138 - INFO - service recall    | micro: 0.416667; macro: 0.461111; score: [1.   1.   0.   0.2  0.2  0.   1.   0.   0.75]
2025-09-09 14:37:11,138 - INFO - service f1        | micro: 0.555556; macro: 0.475132; score: [1.         0.8        0.         0.28571429 0.33333333 0.
 1.         0.         0.85714286]
2025-09-09 14:37:11,166 - INFO - pod     precision | micro: 0.563492; macro: 0.540130; score: [0.66666667 0.37931034 0.30769231 0.32       0.6875     0.
 1.         0.5        1.        ]
2025-09-09 14:37:11,166 - INFO - pod     recall    | micro: 0.612069; macro: 0.673246; score: [1.         1.         0.2        0.38095238 0.47826087 0.
 1.         1.         1.        ]
2025-09-09 14:37:11,166 - INFO - pod     f1        | micro: 0.586777; macro: 0.574558; score: [0.8        0.55       0.24242424 0.34782609 0.56410256 0.
 1.         0.66666667 1.        ]
2025-09-09 14:37:11,166 - INFO - ----------
2025-09-09 14:37:13,604 - INFO - [81/300] | train_loss: 0.03226
2025-09-09 14:37:16,497 - INFO - [82/300] | train_loss: 0.03246
2025-09-09 14:37:19,098 - INFO - [83/300] | train_loss: 0.02918
2025-09-09 14:37:21,597 - INFO - [84/300] | train_loss: 0.02989
2025-09-09 14:37:24,203 - INFO - [85/300] | train_loss: 0.03305
2025-09-09 14:37:26,801 - INFO - [86/300] | train_loss: 0.02693
2025-09-09 14:37:29,403 - INFO - [87/300] | train_loss: 0.02792
2025-09-09 14:37:32,002 - INFO - [88/300] | train_loss: 0.03282
2025-09-09 14:37:34,596 - INFO - [89/300] | train_loss: 0.02723
2025-09-09 14:37:37,101 - INFO - [90/300] | train_loss: 0.03166
2025-09-09 14:37:37,395 - INFO - ----------
2025-09-09 14:37:37,395 - INFO - evaluation dataset type: valid
2025-09-09 14:37:37,411 - INFO - node    precision | micro: 0.789474; macro: 0.744048; score: [0.71428571 0.75       1.         0.         1.         1.        ]
2025-09-09 14:37:37,411 - INFO - node    recall    | micro: 0.937500; macro: 0.777778; score: [1.         1.         0.66666667 0.         1.         1.        ]
2025-09-09 14:37:37,411 - INFO - node    f1        | micro: 0.857143; macro: 0.748413; score: [0.83333333 0.85714286 0.8        0.         1.         1.        ]
2025-09-09 14:37:37,428 - INFO - service precision | micro: 0.785714; macro: 0.574074; score: [1.         0.66666667 0.         0.5        1.         0.
 1.         0.         1.        ]
2025-09-09 14:37:37,428 - INFO - service recall    | micro: 0.458333; macro: 0.488889; score: [1.  1.  0.  0.2 0.2 0.  1.  0.  1. ]
2025-09-09 14:37:37,428 - INFO - service f1        | micro: 0.578947; macro: 0.491005; score: [1.         0.8        0.         0.28571429 0.33333333 0.
 1.         0.         1.        ]
2025-09-09 14:37:37,455 - INFO - pod     precision | micro: 0.585938; macro: 0.625418; score: [0.71428571 0.5        0.31818182 0.2962963  0.8        0.
 1.         1.         1.        ]
2025-09-09 14:37:37,455 - INFO - pod     recall    | micro: 0.646552; macro: 0.694744; score: [1.         1.         0.35       0.38095238 0.52173913 0.
 1.         1.         1.        ]
2025-09-09 14:37:37,455 - INFO - pod     f1        | micro: 0.614754; macro: 0.644250; score: [0.83333333 0.66666667 0.33333333 0.33333333 0.63157895 0.
 1.         1.         1.        ]
2025-09-09 14:37:37,455 - INFO - ----------
2025-09-09 14:37:39,899 - INFO - [91/300] | train_loss: 0.03077
2025-09-09 14:37:42,500 - INFO - [92/300] | train_loss: 0.02935
2025-09-09 14:37:45,465 - INFO - [93/300] | train_loss: 0.03122
2025-09-09 14:37:48,098 - INFO - [94/300] | train_loss: 0.02475
2025-09-09 14:37:50,750 - INFO - [95/300] | train_loss: 0.02662
2025-09-09 14:37:53,401 - INFO - [96/300] | train_loss: 0.02525
2025-09-09 14:37:55,996 - INFO - [97/300] | train_loss: 0.02415
2025-09-09 14:37:59,167 - INFO - [98/300] | train_loss: 0.02307
2025-09-09 14:38:01,805 - INFO - [99/300] | train_loss: 0.02657
2025-09-09 14:38:04,406 - INFO - [100/300] | train_loss: 0.02589
2025-09-09 14:38:04,701 - INFO - ----------
2025-09-09 14:38:04,701 - INFO - evaluation dataset type: valid
2025-09-09 14:38:04,718 - INFO - node    precision | micro: 0.833333; macro: 0.785714; score: [0.71428571 1.         1.         0.         1.         1.        ]
2025-09-09 14:38:04,718 - INFO - node    recall    | micro: 0.937500; macro: 0.777778; score: [1.         1.         0.66666667 0.         1.         1.        ]
2025-09-09 14:38:04,718 - INFO - node    f1        | micro: 0.882353; macro: 0.772222; score: [0.83333333 1.         0.8        0.         1.         1.        ]
2025-09-09 14:38:04,734 - INFO - service precision | micro: 0.785714; macro: 0.555556; score: [1.         0.66666667 0.         0.33333333 1.         0.
 1.         0.         1.        ]
2025-09-09 14:38:04,734 - INFO - service recall    | micro: 0.458333; macro: 0.488889; score: [1.  1.  0.  0.2 0.2 0.  1.  0.  1. ]
2025-09-09 14:38:04,734 - INFO - service f1        | micro: 0.578947; macro: 0.487037; score: [1.         0.8        0.         0.25       0.33333333 0.
 1.         0.         1.        ]
2025-09-09 14:38:04,761 - INFO - pod     precision | micro: 0.638889; macro: 0.636416; score: [0.83333333 0.47826087 0.25       0.32       0.84615385 0.
 1.         1.         1.        ]
2025-09-09 14:38:04,762 - INFO - pod     recall    | micro: 0.594828; macro: 0.662135; score: [1.         1.         0.1        0.38095238 0.47826087 0.
 1.         1.         1.        ]
2025-09-09 14:38:04,762 - INFO - pod     f1        | micro: 0.616071; macro: 0.628660; score: [0.90909091 0.64705882 0.14285714 0.34782609 0.61111111 0.
 1.         1.         1.        ]
2025-09-09 14:38:04,762 - INFO - ----------
2025-09-09 14:38:07,207 - INFO - [101/300] | train_loss: 0.02175
2025-09-09 14:38:09,719 - INFO - [102/300] | train_loss: 0.02536
2025-09-09 14:38:12,299 - INFO - [103/300] | train_loss: 0.02075
2025-09-09 14:38:14,899 - INFO - [104/300] | train_loss: 0.02497
2025-09-09 14:38:17,507 - INFO - [105/300] | train_loss: 0.02939
2025-09-09 14:38:20,109 - INFO - [106/300] | train_loss: 0.04134
2025-09-09 14:38:22,768 - INFO - [107/300] | train_loss: 0.07555
2025-09-09 14:38:25,302 - INFO - [108/300] | train_loss: 0.06206
2025-09-09 14:38:27,895 - INFO - [109/300] | train_loss: 0.04951
2025-09-09 14:38:30,456 - INFO - [110/300] | train_loss: 0.04149
2025-09-09 14:38:31,000 - INFO - ----------
2025-09-09 14:38:31,000 - INFO - evaluation dataset type: valid
2025-09-09 14:38:31,016 - INFO - node    precision | micro: 0.750000; macro: 0.719048; score: [0.71428571 0.6        1.         0.         1.         1.        ]
2025-09-09 14:38:31,016 - INFO - node    recall    | micro: 0.937500; macro: 0.777778; score: [1.         1.         0.66666667 0.         1.         1.        ]
2025-09-09 14:38:31,016 - INFO - node    f1        | micro: 0.833333; macro: 0.730556; score: [0.83333333 0.75       0.8        0.         1.         1.        ]
2025-09-09 14:38:31,032 - INFO - service precision | micro: 0.600000; macro: 0.527778; score: [0.66666667 0.5        0.25       0.33333333 1.         0.
 1.         0.         1.        ]
2025-09-09 14:38:31,032 - INFO - service recall    | micro: 0.500000; macro: 0.516667; score: [1.   1.   0.25 0.2  0.2  0.   1.   0.   1.  ]
2025-09-09 14:38:31,033 - INFO - service f1        | micro: 0.545455; macro: 0.477778; score: [0.8        0.66666667 0.25       0.25       0.33333333 0.
 1.         0.         1.        ]
2025-09-09 14:38:31,060 - INFO - pod     precision | micro: 0.475309; macro: 0.579532; score: [0.58823529 0.47826087 0.31034483 0.25806452 0.58823529 0.11764706
 0.875      1.         1.        ]
2025-09-09 14:38:31,060 - INFO - pod     recall    | micro: 0.663793; macro: 0.751748; score: [1.         1.         0.45       0.38095238 0.43478261 0.5
 1.         1.         1.        ]
2025-09-09 14:38:31,060 - INFO - pod     f1        | micro: 0.553957; macro: 0.631850; score: [0.74074074 0.64705882 0.36734694 0.30769231 0.5        0.19047619
 0.93333333 1.         1.        ]
2025-09-09 14:38:31,060 - INFO - ----------
2025-09-09 14:38:33,589 - INFO - [111/300] | train_loss: 0.03454
2025-09-09 14:38:36,258 - INFO - [112/300] | train_loss: 0.03428
2025-09-09 14:38:38,900 - INFO - [113/300] | train_loss: 0.03128
2025-09-09 14:38:41,498 - INFO - [114/300] | train_loss: 0.02876
2025-09-09 14:38:44,102 - INFO - [115/300] | train_loss: 0.02792
2025-09-09 14:38:46,760 - INFO - [116/300] | train_loss: 0.02306
2025-09-09 14:38:49,297 - INFO - [117/300] | train_loss: 0.02282
2025-09-09 14:38:51,868 - INFO - [118/300] | train_loss: 0.02568
2025-09-09 14:38:54,503 - INFO - [119/300] | train_loss: 0.02241
2025-09-09 14:38:57,101 - INFO - [120/300] | train_loss: 0.02337
2025-09-09 14:38:57,400 - INFO - ----------
2025-09-09 14:38:57,400 - INFO - evaluation dataset type: valid
2025-09-09 14:38:57,416 - INFO - node    precision | micro: 0.750000; macro: 0.688492; score: [0.71428571 0.75       1.         0.         0.66666667 1.        ]
2025-09-09 14:38:57,416 - INFO - node    recall    | micro: 0.937500; macro: 0.777778; score: [1.         1.         0.66666667 0.         1.         1.        ]
2025-09-09 14:38:57,416 - INFO - node    f1        | micro: 0.833333; macro: 0.715079; score: [0.83333333 0.85714286 0.8        0.         0.8        1.        ]
2025-09-09 14:38:57,433 - INFO - service precision | micro: 0.687500; macro: 0.546296; score: [1.         0.66666667 0.         0.25       1.         0.
 1.         0.         1.        ]
2025-09-09 14:38:57,433 - INFO - service recall    | micro: 0.458333; macro: 0.488889; score: [1.  1.  0.  0.2 0.2 0.  1.  0.  1. ]
2025-09-09 14:38:57,433 - INFO - service f1        | micro: 0.550000; macro: 0.483951; score: [1.         0.8        0.         0.22222222 0.33333333 0.
 1.         0.         1.        ]
2025-09-09 14:38:57,460 - INFO - pod     precision | micro: 0.553846; macro: 0.600529; score: [0.625      0.47826087 0.33333333 0.27586207 0.69230769 0.
 1.         1.         1.        ]
2025-09-09 14:38:57,460 - INFO - pod     recall    | micro: 0.620690; macro: 0.680251; score: [1.         1.         0.35       0.38095238 0.39130435 0.
 1.         1.         1.        ]
2025-09-09 14:38:57,461 - INFO - pod     f1        | micro: 0.585366; macro: 0.619750; score: [0.76923077 0.64705882 0.34146341 0.32       0.5        0.
 1.         1.         1.        ]
2025-09-09 14:38:57,461 - INFO - ----------
2025-09-09 14:38:59,959 - INFO - [121/300] | train_loss: 0.02157
2025-09-09 14:39:02,663 - INFO - [122/300] | train_loss: 0.02135
2025-09-09 14:39:05,258 - INFO - [123/300] | train_loss: 0.01898
2025-09-09 14:39:07,900 - INFO - [124/300] | train_loss: 0.01983
2025-09-09 14:39:10,507 - INFO - [125/300] | train_loss: 0.02009
2025-09-09 14:39:13,104 - INFO - [126/300] | train_loss: 0.01818
2025-09-09 14:39:15,698 - INFO - [127/300] | train_loss: 0.01961
2025-09-09 14:39:18,306 - INFO - [128/300] | train_loss: 0.02308
2025-09-09 14:39:21,366 - INFO - [129/300] | train_loss: 0.02086
2025-09-09 14:39:24,103 - INFO - [130/300] | train_loss: 0.02312
2025-09-09 14:39:24,400 - INFO - ----------
2025-09-09 14:39:24,400 - INFO - evaluation dataset type: valid
2025-09-09 14:39:24,416 - INFO - node    precision | micro: 0.789474; macro: 0.744048; score: [0.71428571 0.75       1.         0.         1.         1.        ]
2025-09-09 14:39:24,416 - INFO - node    recall    | micro: 0.937500; macro: 0.777778; score: [1.         1.         0.66666667 0.         1.         1.        ]
2025-09-09 14:39:24,416 - INFO - node    f1        | micro: 0.857143; macro: 0.748413; score: [0.83333333 0.85714286 0.8        0.         1.         1.        ]
2025-09-09 14:39:24,432 - INFO - service precision | micro: 0.733333; macro: 0.592593; score: [1.         1.         0.         0.33333333 1.         0.
 1.         0.         1.        ]
2025-09-09 14:39:24,433 - INFO - service recall    | micro: 0.458333; macro: 0.488889; score: [1.  1.  0.  0.2 0.2 0.  1.  0.  1. ]
2025-09-09 14:39:24,433 - INFO - service f1        | micro: 0.564103; macro: 0.509259; score: [1.         1.         0.         0.25       0.33333333 0.
 1.         0.         1.        ]
2025-09-09 14:39:24,460 - INFO - pod     precision | micro: 0.532374; macro: 0.632516; score: [0.83333333 0.57894737 0.33333333 0.2962963  0.58823529 0.0625
 1.         1.         1.        ]
2025-09-09 14:39:24,460 - INFO - pod     recall    | micro: 0.637931; macro: 0.712859; score: [1.         1.         0.35       0.38095238 0.43478261 0.25
 1.         1.         1.        ]
2025-09-09 14:39:24,460 - INFO - pod     f1        | micro: 0.580392; macro: 0.657469; score: [0.90909091 0.73333333 0.34146341 0.33333333 0.5        0.1
 1.         1.         1.        ]
2025-09-09 14:39:24,460 - INFO - ----------
2025-09-09 14:39:26,959 - INFO - [131/300] | train_loss: 0.02268
2025-09-09 14:39:29,598 - INFO - [132/300] | train_loss: 0.02768
2025-09-09 14:39:32,205 - INFO - [133/300] | train_loss: 0.02204
2025-09-09 14:39:34,734 - INFO - [134/300] | train_loss: 0.02240
2025-09-09 14:39:37,395 - INFO - [135/300] | train_loss: 0.01885
2025-09-09 14:39:40,003 - INFO - [136/300] | train_loss: 0.02130
2025-09-09 14:39:42,700 - INFO - [137/300] | train_loss: 0.01779
2025-09-09 14:39:45,305 - INFO - [138/300] | train_loss: 0.01954
2025-09-09 14:39:47,985 - INFO - [139/300] | train_loss: 0.01763
2025-09-09 14:39:50,762 - INFO - [140/300] | train_loss: 0.01760
2025-09-09 14:39:51,098 - INFO - ----------
2025-09-09 14:39:51,098 - INFO - evaluation dataset type: valid
2025-09-09 14:39:51,114 - INFO - node    precision | micro: 0.789474; macro: 0.744048; score: [0.71428571 0.75       1.         0.         1.         1.        ]
2025-09-09 14:39:51,114 - INFO - node    recall    | micro: 0.937500; macro: 0.777778; score: [1.         1.         0.66666667 0.         1.         1.        ]
2025-09-09 14:39:51,114 - INFO - node    f1        | micro: 0.857143; macro: 0.748413; score: [0.83333333 0.85714286 0.8        0.         1.         1.        ]
2025-09-09 14:39:51,131 - INFO - service precision | micro: 0.705882; macro: 0.620370; score: [1.         1.         0.33333333 0.25       1.         0.
 1.         0.         1.        ]
2025-09-09 14:39:51,131 - INFO - service recall    | micro: 0.500000; macro: 0.516667; score: [1.   1.   0.25 0.2  0.2  0.   1.   0.   1.  ]
2025-09-09 14:39:51,131 - INFO - service f1        | micro: 0.585366; macro: 0.537919; score: [1.         1.         0.28571429 0.22222222 0.33333333 0.
 1.         0.         1.        ]
2025-09-09 14:39:51,158 - INFO - pod     precision | micro: 0.539007; macro: 0.605470; score: [0.71428571 0.52380952 0.32142857 0.26470588 0.625      0.
 1.         1.         1.        ]
2025-09-09 14:39:51,158 - INFO - pod     recall    | micro: 0.655172; macro: 0.701484; score: [1.         1.         0.45       0.42857143 0.43478261 0.
 1.         1.         1.        ]
2025-09-09 14:39:51,158 - INFO - pod     f1        | micro: 0.591440; macro: 0.637325; score: [0.83333333 0.6875     0.375      0.32727273 0.51282051 0.
 1.         1.         1.        ]
2025-09-09 14:39:51,158 - INFO - ----------
2025-09-09 14:39:53,599 - INFO - [141/300] | train_loss: 0.02138
2025-09-09 14:39:56,193 - INFO - [142/300] | train_loss: 0.01975
2025-09-09 14:39:58,755 - INFO - [143/300] | train_loss: 0.01838
2025-09-09 14:40:01,390 - INFO - [144/300] | train_loss: 0.02124
2025-09-09 14:40:04,065 - INFO - [145/300] | train_loss: 0.01777
2025-09-09 14:40:06,795 - INFO - [146/300] | train_loss: 0.01773
2025-09-09 14:40:09,402 - INFO - [147/300] | train_loss: 0.01567
2025-09-09 14:40:11,984 - INFO - [148/300] | train_loss: 0.01974
2025-09-09 14:40:14,596 - INFO - [149/300] | train_loss: 0.01537
2025-09-09 14:40:17,260 - INFO - [150/300] | train_loss: 0.01525
2025-09-09 14:40:17,596 - INFO - ----------
2025-09-09 14:40:17,596 - INFO - evaluation dataset type: valid
2025-09-09 14:40:17,612 - INFO - node    precision | micro: 0.789474; macro: 0.744048; score: [0.71428571 0.75       1.         0.         1.         1.        ]
2025-09-09 14:40:17,612 - INFO - node    recall    | micro: 0.937500; macro: 0.777778; score: [1.         1.         0.66666667 0.         1.         1.        ]
2025-09-09 14:40:17,612 - INFO - node    f1        | micro: 0.857143; macro: 0.748413; score: [0.83333333 0.85714286 0.8        0.         1.         1.        ]
2025-09-09 14:40:17,629 - INFO - service precision | micro: 0.846154; macro: 0.611111; score: [1.  1.  0.  0.5 1.  0.  1.  0.  1. ]
2025-09-09 14:40:17,629 - INFO - service recall    | micro: 0.458333; macro: 0.483333; score: [1.   1.   0.   0.2  0.4  0.   1.   0.   0.75]
2025-09-09 14:40:17,629 - INFO - service f1        | micro: 0.594595; macro: 0.523810; score: [1.         1.         0.         0.28571429 0.57142857 0.
 1.         0.         0.85714286]
2025-09-09 14:40:17,656 - INFO - pod     precision | micro: 0.605042; macro: 0.623738; score: [0.71428571 0.55       0.375      0.30769231 0.66666667 0.
 1.         1.         1.        ]
2025-09-09 14:40:17,656 - INFO - pod     recall    | micro: 0.620690; macro: 0.679526; score: [1.         1.         0.3        0.38095238 0.43478261 0.
 1.         1.         1.        ]
2025-09-09 14:40:17,656 - INFO - pod     f1        | micro: 0.612766; macro: 0.638121; score: [0.83333333 0.70967742 0.33333333 0.34042553 0.52631579 0.
 1.         1.         1.        ]
2025-09-09 14:40:17,656 - INFO - ----------
2025-09-09 14:40:20,119 - INFO - [151/300] | train_loss: 0.01716
2025-09-09 14:40:22,699 - INFO - [152/300] | train_loss: 0.01477
2025-09-09 14:40:25,297 - INFO - [153/300] | train_loss: 0.01482
2025-09-09 14:40:27,896 - INFO - [154/300] | train_loss: 0.01620
2025-09-09 14:40:30,459 - INFO - [155/300] | train_loss: 0.01664
2025-09-09 14:40:33,163 - INFO - [156/300] | train_loss: 0.01629
2025-09-09 14:40:35,805 - INFO - [157/300] | train_loss: 0.01531
2025-09-09 14:40:38,434 - INFO - [158/300] | train_loss: 0.01420
2025-09-09 14:40:41,014 - INFO - [159/300] | train_loss: 0.01662
2025-09-09 14:40:43,635 - INFO - [160/300] | train_loss: 0.01597
2025-09-09 14:40:43,969 - INFO - ----------
2025-09-09 14:40:43,969 - INFO - evaluation dataset type: valid
2025-09-09 14:40:43,985 - INFO - node    precision | micro: 0.750000; macro: 0.702381; score: [0.71428571 0.5        1.         0.         1.         1.        ]
2025-09-09 14:40:43,985 - INFO - node    recall    | micro: 0.937500; macro: 0.777778; score: [1.         1.         0.66666667 0.         1.         1.        ]
2025-09-09 14:40:43,985 - INFO - node    f1        | micro: 0.833333; macro: 0.716667; score: [0.83333333 0.66666667 0.8        0.         1.         1.        ]
2025-09-09 14:40:44,002 - INFO - service precision | micro: 0.833333; macro: 0.574074; score: [1.         0.66666667 0.         0.5        1.         0.
 1.         0.         1.        ]
2025-09-09 14:40:44,002 - INFO - service recall    | micro: 0.416667; macro: 0.461111; score: [1.   1.   0.   0.2  0.2  0.   1.   0.   0.75]
2025-09-09 14:40:44,002 - INFO - service f1        | micro: 0.555556; macro: 0.475132; score: [1.         0.8        0.         0.28571429 0.33333333 0.
 1.         0.         0.85714286]
2025-09-09 14:40:44,029 - INFO - pod     precision | micro: 0.654545; macro: 0.665653; score: [0.83333333 0.57894737 0.46153846 0.34782609 0.76923077 0.
 1.         1.         1.        ]
2025-09-09 14:40:44,029 - INFO - pod     recall    | micro: 0.620690; macro: 0.679526; score: [1.         1.         0.3        0.38095238 0.43478261 0.
 1.         1.         1.        ]
2025-09-09 14:40:44,029 - INFO - pod     f1        | micro: 0.637168; macro: 0.658361; score: [0.90909091 0.73333333 0.36363636 0.36363636 0.55555556 0.
 1.         1.         1.        ]
2025-09-09 14:40:44,029 - INFO - ----------
2025-09-09 14:40:46,501 - INFO - [161/300] | train_loss: 0.01414
2025-09-09 14:40:49,002 - INFO - [162/300] | train_loss: 0.01448
2025-09-09 14:40:51,564 - INFO - [163/300] | train_loss: 0.01369
2025-09-09 14:40:54,102 - INFO - [164/300] | train_loss: 0.01577
2025-09-09 14:40:56,706 - INFO - [165/300] | train_loss: 0.01543
2025-09-09 14:40:59,296 - INFO - [166/300] | train_loss: 0.01740
2025-09-09 14:41:01,864 - INFO - [167/300] | train_loss: 0.01560
2025-09-09 14:41:04,400 - INFO - [168/300] | train_loss: 0.01275
2025-09-09 14:41:06,899 - INFO - [169/300] | train_loss: 0.01387
2025-09-09 14:41:09,560 - INFO - [170/300] | train_loss: 0.01311
2025-09-09 14:41:09,900 - INFO - ----------
2025-09-09 14:41:09,901 - INFO - evaluation dataset type: valid
2025-09-09 14:41:09,917 - INFO - node    precision | micro: 0.714286; macro: 0.702381; score: [0.71428571 0.5        1.         0.         1.         1.        ]
2025-09-09 14:41:09,917 - INFO - node    recall    | micro: 0.937500; macro: 0.777778; score: [1.         1.         0.66666667 0.         1.         1.        ]
2025-09-09 14:41:09,917 - INFO - node    f1        | micro: 0.810811; macro: 0.716667; score: [0.83333333 0.66666667 0.8        0.         1.         1.        ]
2025-09-09 14:41:09,933 - INFO - service precision | micro: 0.750000; macro: 0.574074; score: [1.         0.66666667 0.         0.5        1.         0.
 1.         0.         1.        ]
2025-09-09 14:41:09,933 - INFO - service recall    | micro: 0.500000; macro: 0.511111; score: [1.  1.  0.  0.2 0.4 0.  1.  0.  1. ]
2025-09-09 14:41:09,934 - INFO - service f1        | micro: 0.600000; macro: 0.517460; score: [1.         0.8        0.         0.28571429 0.57142857 0.
 1.         0.         1.        ]
2025-09-09 14:41:09,960 - INFO - pod     precision | micro: 0.646018; macro: 0.670661; score: [0.83333333 0.64705882 0.38888889 0.33333333 0.83333333 0.
 1.         1.         1.        ]
2025-09-09 14:41:09,960 - INFO - pod     recall    | micro: 0.629310; macro: 0.685082; score: [1.         1.         0.35       0.38095238 0.43478261 0.
 1.         1.         1.        ]
2025-09-09 14:41:09,960 - INFO - pod     f1        | micro: 0.637555; macro: 0.665579; score: [0.90909091 0.78571429 0.36842105 0.35555556 0.57142857 0.
 1.         1.         1.        ]
2025-09-09 14:41:09,960 - INFO - ----------
2025-09-09 14:41:12,397 - INFO - [171/300] | train_loss: 0.01321
2025-09-09 14:41:14,997 - INFO - [172/300] | train_loss: 0.01421
2025-09-09 14:41:17,566 - INFO - [173/300] | train_loss: 0.01500
2025-09-09 14:41:20,210 - INFO - [174/300] | train_loss: 0.01797
2025-09-09 14:41:22,898 - INFO - [175/300] | train_loss: 0.01268
2025-09-09 14:41:25,504 - INFO - [176/300] | train_loss: 0.01713
2025-09-09 14:41:28,089 - INFO - [177/300] | train_loss: 0.01103
2025-09-09 14:41:30,663 - INFO - [178/300] | train_loss: 0.01255
2025-09-09 14:41:33,209 - INFO - [179/300] | train_loss: 0.01216
2025-09-09 14:41:36,094 - INFO - [180/300] | train_loss: 0.01383
2025-09-09 14:41:36,396 - INFO - ----------
2025-09-09 14:41:36,396 - INFO - evaluation dataset type: valid
2025-09-09 14:41:36,412 - INFO - node    precision | micro: 0.789474; macro: 0.744048; score: [0.71428571 0.75       1.         0.         1.         1.        ]
2025-09-09 14:41:36,412 - INFO - node    recall    | micro: 0.937500; macro: 0.777778; score: [1.         1.         0.66666667 0.         1.         1.        ]
2025-09-09 14:41:36,412 - INFO - node    f1        | micro: 0.857143; macro: 0.748413; score: [0.83333333 0.85714286 0.8        0.         1.         1.        ]
2025-09-09 14:41:36,430 - INFO - service precision | micro: 0.833333; macro: 0.611111; score: [1.  1.  0.  0.5 1.  0.  1.  0.  1. ]
2025-09-09 14:41:36,430 - INFO - service recall    | micro: 0.416667; macro: 0.461111; score: [1.   1.   0.   0.2  0.2  0.   1.   0.   0.75]
2025-09-09 14:41:36,431 - INFO - service f1        | micro: 0.555556; macro: 0.497354; score: [1.         1.         0.         0.28571429 0.33333333 0.
 1.         0.         0.85714286]
2025-09-09 14:41:36,458 - INFO - pod     precision | micro: 0.653061; macro: 0.648429; score: [0.90909091 0.57894737 0.33333333 0.34782609 0.66666667 0.
 1.         1.         1.        ]
2025-09-09 14:41:36,458 - INFO - pod     recall    | micro: 0.551724; macro: 0.639429; score: [1.         1.         0.2        0.38095238 0.17391304 0.
 1.         1.         1.        ]
2025-09-09 14:41:36,459 - INFO - pod     f1        | micro: 0.598131; macro: 0.619468; score: [0.95238095 0.73333333 0.25       0.36363636 0.27586207 0.
 1.         1.         1.        ]
2025-09-09 14:41:36,459 - INFO - ----------
2025-09-09 14:41:38,897 - INFO - [181/300] | train_loss: 0.01344
2025-09-09 14:41:41,396 - INFO - [182/300] | train_loss: 0.01364
2025-09-09 14:41:43,897 - INFO - [183/300] | train_loss: 0.01297
2025-09-09 14:41:46,509 - INFO - [184/300] | train_loss: 0.01336
2025-09-09 14:41:49,086 - INFO - [185/300] | train_loss: 0.01351
2025-09-09 14:41:51,688 - INFO - [186/300] | train_loss: 0.01430
2025-09-09 14:41:54,299 - INFO - [187/300] | train_loss: 0.01224
2025-09-09 14:41:56,899 - INFO - [188/300] | train_loss: 0.01075
2025-09-09 14:41:59,459 - INFO - [189/300] | train_loss: 0.01126
2025-09-09 14:42:02,061 - INFO - [190/300] | train_loss: 0.01479
2025-09-09 14:42:02,398 - INFO - ----------
2025-09-09 14:42:02,398 - INFO - evaluation dataset type: valid
2025-09-09 14:42:02,414 - INFO - node    precision | micro: 0.789474; macro: 0.744048; score: [0.71428571 0.75       1.         0.         1.         1.        ]
2025-09-09 14:42:02,414 - INFO - node    recall    | micro: 0.937500; macro: 0.777778; score: [1.         1.         0.66666667 0.         1.         1.        ]
2025-09-09 14:42:02,414 - INFO - node    f1        | micro: 0.857143; macro: 0.748413; score: [0.83333333 0.85714286 0.8        0.         1.         1.        ]
2025-09-09 14:42:02,431 - INFO - service precision | micro: 0.785714; macro: 0.611111; score: [1.  1.  0.  0.5 1.  0.  1.  0.  1. ]
2025-09-09 14:42:02,431 - INFO - service recall    | micro: 0.458333; macro: 0.488889; score: [1.  1.  0.  0.2 0.2 0.  1.  0.  1. ]
2025-09-09 14:42:02,431 - INFO - service f1        | micro: 0.578947; macro: 0.513228; score: [1.         1.         0.         0.28571429 0.33333333 0.
 1.         0.         1.        ]
2025-09-09 14:42:02,457 - INFO - pod     precision | micro: 0.635514; macro: 0.648855; score: [0.90909091 0.55       0.33333333 0.32       0.72727273 0.
 1.         1.         1.        ]
2025-09-09 14:42:02,458 - INFO - pod     recall    | micro: 0.586207; macro: 0.658753; score: [1.         1.         0.2        0.38095238 0.34782609 0.
 1.         1.         1.        ]
2025-09-09 14:42:02,458 - INFO - pod     f1        | micro: 0.609865; macro: 0.636719; score: [0.95238095 0.70967742 0.25       0.34782609 0.47058824 0.
 1.         1.         1.        ]
2025-09-09 14:42:02,458 - INFO - ----------
2025-09-09 14:42:04,896 - INFO - [191/300] | train_loss: 0.01323
2025-09-09 14:42:07,461 - INFO - [192/300] | train_loss: 0.01196
2025-09-09 14:42:09,997 - INFO - [193/300] | train_loss: 0.01344
2025-09-09 14:42:13,278 - INFO - [194/300] | train_loss: 0.01288
2025-09-09 14:42:16,004 - INFO - [195/300] | train_loss: 0.01284
2025-09-09 14:42:18,697 - INFO - [196/300] | train_loss: 0.01216
2025-09-09 14:42:21,201 - INFO - [197/300] | train_loss: 0.01282
2025-09-09 14:42:23,697 - INFO - [198/300] | train_loss: 0.01288
2025-09-09 14:42:26,263 - INFO - [199/300] | train_loss: 0.01137
2025-09-09 14:42:28,807 - INFO - [200/300] | train_loss: 0.01310
2025-09-09 14:42:29,107 - INFO - ----------
2025-09-09 14:42:29,107 - INFO - evaluation dataset type: valid
2025-09-09 14:42:29,123 - INFO - node    precision | micro: 0.833333; macro: 0.744048; score: [0.71428571 0.75       1.         0.         1.         1.        ]
2025-09-09 14:42:29,123 - INFO - node    recall    | micro: 0.937500; macro: 0.777778; score: [1.         1.         0.66666667 0.         1.         1.        ]
2025-09-09 14:42:29,123 - INFO - node    f1        | micro: 0.882353; macro: 0.748413; score: [0.83333333 0.85714286 0.8        0.         1.         1.        ]
2025-09-09 14:42:29,139 - INFO - service precision | micro: 0.800000; macro: 0.611111; score: [1.  1.  0.  0.5 1.  0.  1.  0.  1. ]
2025-09-09 14:42:29,139 - INFO - service recall    | micro: 0.500000; macro: 0.511111; score: [1.  1.  0.  0.2 0.4 0.  1.  0.  1. ]
2025-09-09 14:42:29,140 - INFO - service f1        | micro: 0.615385; macro: 0.539683; score: [1.         1.         0.         0.28571429 0.57142857 0.
 1.         0.         1.        ]
2025-09-09 14:42:29,166 - INFO - pod     precision | micro: 0.626087; macro: 0.654071; score: [0.83333333 0.57894737 0.33333333 0.30769231 0.83333333 0.
 1.         1.         1.        ]
2025-09-09 14:42:29,167 - INFO - pod     recall    | micro: 0.620690; macro: 0.679526; score: [1.         1.         0.3        0.38095238 0.43478261 0.
 1.         1.         1.        ]
2025-09-09 14:42:29,167 - INFO - pod     f1        | micro: 0.623377; macro: 0.652230; score: [0.90909091 0.73333333 0.31578947 0.34042553 0.57142857 0.
 1.         1.         1.        ]
2025-09-09 14:42:29,167 - INFO - ----------
2025-09-09 14:42:31,950 - INFO - [201/300] | train_loss: 0.01159
2025-09-09 14:42:34,593 - INFO - [202/300] | train_loss: 0.01058
2025-09-09 14:42:37,365 - INFO - [203/300] | train_loss: 0.01157
2025-09-09 14:42:39,996 - INFO - [204/300] | train_loss: 0.01033
2025-09-09 14:42:42,748 - INFO - [205/300] | train_loss: 0.01223
2025-09-09 14:42:45,364 - INFO - [206/300] | train_loss: 0.01201
2025-09-09 14:42:48,088 - INFO - [207/300] | train_loss: 0.01659
2025-09-09 14:42:50,699 - INFO - [208/300] | train_loss: 0.02231
2025-09-09 14:42:53,348 - INFO - [209/300] | train_loss: 0.01775
2025-09-09 14:42:55,897 - INFO - [210/300] | train_loss: 0.01749
2025-09-09 14:42:56,199 - INFO - ----------
2025-09-09 14:42:56,199 - INFO - evaluation dataset type: valid
2025-09-09 14:42:56,215 - INFO - node    precision | micro: 0.833333; macro: 0.785714; score: [0.71428571 1.         1.         0.         1.         1.        ]
2025-09-09 14:42:56,215 - INFO - node    recall    | micro: 0.937500; macro: 0.777778; score: [1.         1.         0.66666667 0.         1.         1.        ]
2025-09-09 14:42:56,215 - INFO - node    f1        | micro: 0.882353; macro: 0.772222; score: [0.83333333 1.         0.8        0.         1.         1.        ]
2025-09-09 14:42:56,231 - INFO - service precision | micro: 0.785714; macro: 0.611111; score: [1.  1.  0.  0.5 1.  0.  1.  0.  1. ]
2025-09-09 14:42:56,231 - INFO - service recall    | micro: 0.458333; macro: 0.488889; score: [1.  1.  0.  0.2 0.2 0.  1.  0.  1. ]
2025-09-09 14:42:56,231 - INFO - service f1        | micro: 0.578947; macro: 0.513228; score: [1.         1.         0.         0.28571429 0.33333333 0.
 1.         0.         1.        ]
2025-09-09 14:42:56,258 - INFO - pod     precision | micro: 0.610169; macro: 0.703266; score: [0.83333333 0.78571429 0.25       0.31034483 1.         0.2
 1.         1.         0.95      ]
2025-09-09 14:42:56,258 - INFO - pod     recall    | micro: 0.620690; macro: 0.724431; score: [1.         1.         0.2        0.42857143 0.39130435 0.5
 1.         1.         1.        ]
2025-09-09 14:42:56,258 - INFO - pod     f1        | micro: 0.615385; macro: 0.688210; score: [0.90909091 0.88       0.22222222 0.36       0.5625     0.28571429
 1.         1.         0.97435897]
2025-09-09 14:42:56,258 - INFO - ----------
2025-09-09 14:42:58,756 - INFO - [211/300] | train_loss: 0.02129
2025-09-09 14:43:01,302 - INFO - [212/300] | train_loss: 0.03476
2025-09-09 14:43:03,811 - INFO - [213/300] | train_loss: 0.02876
2025-09-09 14:43:06,450 - INFO - [214/300] | train_loss: 0.02348
2025-09-09 14:43:08,999 - INFO - [215/300] | train_loss: 0.02771
2025-09-09 14:43:11,611 - INFO - [216/300] | train_loss: 0.02841
2025-09-09 14:43:14,187 - INFO - [217/300] | train_loss: 0.03040
2025-09-09 14:43:16,797 - INFO - [218/300] | train_loss: 0.03561
2025-09-09 14:43:19,465 - INFO - [219/300] | train_loss: 0.02984
2025-09-09 14:43:22,106 - INFO - [220/300] | train_loss: 0.02339
2025-09-09 14:43:22,395 - INFO - ----------
2025-09-09 14:43:22,396 - INFO - evaluation dataset type: valid
2025-09-09 14:43:22,411 - INFO - node    precision | micro: 0.750000; macro: 0.719048; score: [0.71428571 0.6        1.         0.         1.         1.        ]
2025-09-09 14:43:22,412 - INFO - node    recall    | micro: 0.937500; macro: 0.777778; score: [1.         1.         0.66666667 0.         1.         1.        ]
2025-09-09 14:43:22,412 - INFO - node    f1        | micro: 0.833333; macro: 0.730556; score: [0.83333333 0.75       0.8        0.         1.         1.        ]
2025-09-09 14:43:22,428 - INFO - service precision | micro: 0.785714; macro: 0.648148; score: [1.         1.         0.33333333 0.5        1.         0.
 1.         0.         1.        ]
2025-09-09 14:43:22,428 - INFO - service recall    | micro: 0.458333; macro: 0.488889; score: [1.   1.   0.25 0.2  0.2  0.   1.   0.   0.75]
2025-09-09 14:43:22,428 - INFO - service f1        | micro: 0.578947; macro: 0.529101; score: [1.         1.         0.28571429 0.28571429 0.33333333 0.
 1.         0.         0.85714286]
2025-09-09 14:43:22,455 - INFO - pod     precision | micro: 0.557143; macro: 0.682474; score: [0.76923077 0.6875     0.31034483 0.28947368 0.8        0.28571429
 1.         1.         1.        ]
2025-09-09 14:43:22,455 - INFO - pod     recall    | micro: 0.672414; macro: 0.757960; score: [1.         1.         0.45       0.52380952 0.34782609 0.5
 1.         1.         1.        ]
2025-09-09 14:43:22,455 - INFO - pod     f1        | micro: 0.609375; macro: 0.697010; score: [0.86956522 0.81481481 0.36734694 0.37288136 0.48484848 0.36363636
 1.         1.         1.        ]
2025-09-09 14:43:22,455 - INFO - ----------
2025-09-09 14:43:24,794 - INFO - [221/300] | train_loss: 0.02697
2025-09-09 14:43:27,283 - INFO - [222/300] | train_loss: 0.02713
2025-09-09 14:43:29,701 - INFO - [223/300] | train_loss: 0.02031
2025-09-09 14:43:32,260 - INFO - [224/300] | train_loss: 0.01764
2025-09-09 14:43:35,201 - INFO - [225/300] | train_loss: 0.01514
2025-09-09 14:43:37,799 - INFO - [226/300] | train_loss: 0.01494
2025-09-09 14:43:40,547 - INFO - [227/300] | train_loss: 0.01488
2025-09-09 14:43:43,128 - INFO - [228/300] | train_loss: 0.01978
2025-09-09 14:43:45,804 - INFO - [229/300] | train_loss: 0.06398
2025-09-09 14:43:48,307 - INFO - [230/300] | train_loss: 0.05326
2025-09-09 14:43:48,601 - INFO - ----------
2025-09-09 14:43:48,601 - INFO - evaluation dataset type: valid
2025-09-09 14:43:48,617 - INFO - node    precision | micro: 0.714286; macro: 0.677381; score: [0.71428571 0.6        1.         0.         1.         0.75      ]
2025-09-09 14:43:48,617 - INFO - node    recall    | micro: 0.937500; macro: 0.777778; score: [1.         1.         0.66666667 0.         1.         1.        ]
2025-09-09 14:43:48,618 - INFO - node    f1        | micro: 0.810811; macro: 0.706746; score: [0.83333333 0.75       0.8        0.         1.         0.85714286]
2025-09-09 14:43:48,634 - INFO - service precision | micro: 0.354167; macro: 0.599206; score: [1.         1.         0.14285714 0.25       1.         0.
 1.         0.         1.        ]
2025-09-09 14:43:48,634 - INFO - service recall    | micro: 0.708333; macro: 0.644444; score: [1.  1.  1.  0.4 0.4 0.  1.  0.  1. ]
2025-09-09 14:43:48,634 - INFO - service f1        | micro: 0.472222; macro: 0.569902; score: [1.         1.         0.25       0.30769231 0.57142857 0.
 1.         0.         1.        ]
2025-09-09 14:43:48,661 - INFO - pod     precision | micro: 0.352174; macro: 0.602343; score: [0.58823529 0.64705882 0.16037736 0.23076923 0.85714286 0.0625
 0.875      1.         1.        ]
2025-09-09 14:43:48,661 - INFO - pod     recall    | micro: 0.698276; macro: 0.754382; score: [1.         1.         0.85       0.42857143 0.26086957 0.25
 1.         1.         1.        ]
2025-09-09 14:43:48,661 - INFO - pod     f1        | micro: 0.468208; macro: 0.614403; score: [0.74074074 0.78571429 0.26984127 0.3        0.4        0.1
 0.93333333 1.         1.        ]
2025-09-09 14:43:48,661 - INFO - ----------
2025-09-09 14:43:51,100 - INFO - [231/300] | train_loss: 0.05100
2025-09-09 14:43:53,696 - INFO - [232/300] | train_loss: 0.03966
2025-09-09 14:43:56,260 - INFO - [233/300] | train_loss: 0.03131
2025-09-09 14:43:58,803 - INFO - [234/300] | train_loss: 0.03345
2025-09-09 14:44:01,558 - INFO - [235/300] | train_loss: 0.02981
2025-09-09 14:44:04,159 - INFO - [236/300] | train_loss: 0.02531
2025-09-09 14:44:06,798 - INFO - [237/300] | train_loss: 0.02042
2025-09-09 14:44:09,393 - INFO - [238/300] | train_loss: 0.01901
2025-09-09 14:44:11,894 - INFO - [239/300] | train_loss: 0.01682
2025-09-09 14:44:14,458 - INFO - [240/300] | train_loss: 0.01488
2025-09-09 14:44:14,801 - INFO - ----------
2025-09-09 14:44:14,802 - INFO - evaluation dataset type: valid
2025-09-09 14:44:14,817 - INFO - node    precision | micro: 0.833333; macro: 0.744048; score: [0.71428571 0.75       1.         0.         1.         1.        ]
2025-09-09 14:44:14,818 - INFO - node    recall    | micro: 0.937500; macro: 0.777778; score: [1.         1.         0.66666667 0.         1.         1.        ]
2025-09-09 14:44:14,818 - INFO - node    f1        | micro: 0.882353; macro: 0.748413; score: [0.83333333 0.85714286 0.8        0.         1.         1.        ]
2025-09-09 14:44:14,834 - INFO - service precision | micro: 0.733333; macro: 0.574074; score: [1.         0.66666667 0.         0.5        1.         0.
 1.         0.         1.        ]
2025-09-09 14:44:14,834 - INFO - service recall    | micro: 0.458333; macro: 0.488889; score: [1.  1.  0.  0.2 0.2 0.  1.  0.  1. ]
2025-09-09 14:44:14,834 - INFO - service f1        | micro: 0.564103; macro: 0.491005; score: [1.         0.8        0.         0.28571429 0.33333333 0.
 1.         0.         1.        ]
2025-09-09 14:44:14,861 - INFO - pod     precision | micro: 0.610619; macro: 0.655220; score: [0.71428571 0.5        0.375      0.30769231 1.         0.
 1.         1.         1.        ]
2025-09-09 14:44:14,861 - INFO - pod     recall    | micro: 0.594828; macro: 0.665033; score: [1.         1.         0.3        0.38095238 0.30434783 0.
 1.         1.         1.        ]
2025-09-09 14:44:14,861 - INFO - pod     f1        | micro: 0.602620; macro: 0.626714; score: [0.83333333 0.66666667 0.33333333 0.34042553 0.46666667 0.
 1.         1.         1.        ]
2025-09-09 14:44:14,861 - INFO - ----------
2025-09-09 14:44:17,367 - INFO - [241/300] | train_loss: 0.01666
2025-09-09 14:44:19,984 - INFO - [242/300] | train_loss: 0.01690
2025-09-09 14:44:22,956 - INFO - [243/300] | train_loss: 0.01335
2025-09-09 14:44:25,609 - INFO - [244/300] | train_loss: 0.01317
2025-09-09 14:44:28,208 - INFO - [245/300] | train_loss: 0.01574
2025-09-09 14:44:30,802 - INFO - [246/300] | train_loss: 0.01479
2025-09-09 14:44:33,463 - INFO - [247/300] | train_loss: 0.01092
2025-09-09 14:44:36,106 - INFO - [248/300] | train_loss: 0.01166
2025-09-09 14:44:38,699 - INFO - [249/300] | train_loss: 0.01241
2025-09-09 14:44:41,296 - INFO - [250/300] | train_loss: 0.01248
2025-09-09 14:44:41,588 - INFO - ----------
2025-09-09 14:44:41,588 - INFO - evaluation dataset type: valid
2025-09-09 14:44:41,604 - INFO - node    precision | micro: 0.789474; macro: 0.744048; score: [0.71428571 0.75       1.         0.         1.         1.        ]
2025-09-09 14:44:41,604 - INFO - node    recall    | micro: 0.937500; macro: 0.777778; score: [1.         1.         0.66666667 0.         1.         1.        ]
2025-09-09 14:44:41,604 - INFO - node    f1        | micro: 0.857143; macro: 0.748413; score: [0.83333333 0.85714286 0.8        0.         1.         1.        ]
2025-09-09 14:44:41,620 - INFO - service precision | micro: 0.785714; macro: 0.648148; score: [1.         1.         0.5        0.33333333 1.         0.
 1.         0.         1.        ]
2025-09-09 14:44:41,620 - INFO - service recall    | micro: 0.458333; macro: 0.488889; score: [1.   1.   0.25 0.2  0.2  0.   1.   0.   0.75]
2025-09-09 14:44:41,621 - INFO - service f1        | micro: 0.578947; macro: 0.530423; score: [1.         1.         0.33333333 0.25       0.33333333 0.
 1.         0.         0.85714286]
2025-09-09 14:44:41,648 - INFO - pod     precision | micro: 0.683673; macro: 0.687948; score: [0.90909091 0.61111111 0.30769231 0.36363636 1.         0.
 1.         1.         1.        ]
2025-09-09 14:44:41,648 - INFO - pod     recall    | micro: 0.577586; macro: 0.653922; score: [1.         1.         0.2        0.38095238 0.30434783 0.
 1.         1.         1.        ]
2025-09-09 14:44:41,648 - INFO - pod     f1        | micro: 0.626168; macro: 0.643576; score: [0.95238095 0.75862069 0.24242424 0.37209302 0.46666667 0.
 1.         1.         1.        ]
2025-09-09 14:44:41,648 - INFO - ----------
2025-09-09 14:44:44,259 - INFO - [251/300] | train_loss: 0.01134
2025-09-09 14:44:46,961 - INFO - [252/300] | train_loss: 0.01081
2025-09-09 14:44:49,896 - INFO - [253/300] | train_loss: 0.01056
2025-09-09 14:44:52,867 - INFO - [254/300] | train_loss: 0.00967
2025-09-09 14:44:55,563 - INFO - [255/300] | train_loss: 0.01203
2025-09-09 14:44:58,352 - INFO - [256/300] | train_loss: 0.00977
2025-09-09 14:45:00,903 - INFO - [257/300] | train_loss: 0.00948
2025-09-09 14:45:03,470 - INFO - [258/300] | train_loss: 0.00946
2025-09-09 14:45:05,902 - INFO - [259/300] | train_loss: 0.01017
2025-09-09 14:45:08,404 - INFO - [260/300] | train_loss: 0.00983
2025-09-09 14:45:08,695 - INFO - ----------
2025-09-09 14:45:08,695 - INFO - evaluation dataset type: valid
2025-09-09 14:45:08,711 - INFO - node    precision | micro: 0.882353; macro: 0.763889; score: [0.83333333 0.75       1.         0.         1.         1.        ]
2025-09-09 14:45:08,711 - INFO - node    recall    | micro: 0.937500; macro: 0.777778; score: [1.         1.         0.66666667 0.         1.         1.        ]
2025-09-09 14:45:08,712 - INFO - node    f1        | micro: 0.909091; macro: 0.761039; score: [0.90909091 0.85714286 0.8        0.         1.         1.        ]
2025-09-09 14:45:08,728 - INFO - service precision | micro: 0.846154; macro: 0.666667; score: [1.  1.  0.5 0.5 1.  0.  1.  0.  1. ]
2025-09-09 14:45:08,728 - INFO - service recall    | micro: 0.458333; macro: 0.488889; score: [1.   1.   0.25 0.2  0.2  0.   1.   0.   0.75]
2025-09-09 14:45:08,728 - INFO - service f1        | micro: 0.594595; macro: 0.534392; score: [1.         1.         0.33333333 0.28571429 0.33333333 0.
 1.         0.         0.85714286]
2025-09-09 14:45:08,755 - INFO - pod     precision | micro: 0.690722; macro: 0.698732; score: [0.90909091 0.64705882 0.38461538 0.34782609 1.         0.
 1.         1.         1.        ]
2025-09-09 14:45:08,756 - INFO - pod     recall    | micro: 0.577586; macro: 0.654647; score: [1.         1.         0.25       0.38095238 0.26086957 0.
 1.         1.         1.        ]
2025-09-09 14:45:08,756 - INFO - pod     f1        | micro: 0.629108; macro: 0.646506; score: [0.95238095 0.78571429 0.3030303  0.36363636 0.4137931  0.
 1.         1.         1.        ]
2025-09-09 14:45:08,756 - INFO - ----------
2025-09-09 14:45:11,194 - INFO - [261/300] | train_loss: 0.00899
2025-09-09 14:45:13,985 - INFO - [262/300] | train_loss: 0.00912
2025-09-09 14:45:16,763 - INFO - [263/300] | train_loss: 0.01290
2025-09-09 14:45:19,308 - INFO - [264/300] | train_loss: 0.01527
2025-09-09 14:45:21,999 - INFO - [265/300] | train_loss: 0.01561
2025-09-09 14:45:24,557 - INFO - [266/300] | train_loss: 0.01498
2025-09-09 14:45:27,103 - INFO - [267/300] | train_loss: 0.01333
2025-09-09 14:45:29,705 - INFO - [268/300] | train_loss: 0.01071
2025-09-09 14:45:32,265 - INFO - [269/300] | train_loss: 0.01178
2025-09-09 14:45:35,065 - INFO - [270/300] | train_loss: 0.00942
2025-09-09 14:45:35,384 - INFO - ----------
2025-09-09 14:45:35,384 - INFO - evaluation dataset type: valid
2025-09-09 14:45:35,400 - INFO - node    precision | micro: 0.750000; macro: 0.702381; score: [0.71428571 0.5        1.         0.         1.         1.        ]
2025-09-09 14:45:35,400 - INFO - node    recall    | micro: 0.937500; macro: 0.777778; score: [1.         1.         0.66666667 0.         1.         1.        ]
2025-09-09 14:45:35,400 - INFO - node    f1        | micro: 0.833333; macro: 0.716667; score: [0.83333333 0.66666667 0.8        0.         1.         1.        ]
2025-09-09 14:45:35,416 - INFO - service precision | micro: 0.833333; macro: 0.611111; score: [1.  1.  0.  0.5 1.  0.  1.  0.  1. ]
2025-09-09 14:45:35,416 - INFO - service recall    | micro: 0.416667; macro: 0.461111; score: [1.   1.   0.   0.2  0.2  0.   1.   0.   0.75]
2025-09-09 14:45:35,416 - INFO - service f1        | micro: 0.555556; macro: 0.497354; score: [1.         1.         0.         0.28571429 0.33333333 0.
 1.         0.         0.85714286]
2025-09-09 14:45:35,443 - INFO - pod     precision | micro: 0.673469; macro: 0.692721; score: [0.90909091 0.61111111 0.33333333 0.38095238 1.         0.
 1.         1.         1.        ]
2025-09-09 14:45:35,443 - INFO - pod     recall    | micro: 0.568966; macro: 0.649091; score: [1.         1.         0.2        0.38095238 0.26086957 0.
 1.         1.         1.        ]
2025-09-09 14:45:35,443 - INFO - pod     f1        | micro: 0.616822; macro: 0.639527; score: [0.95238095 0.75862069 0.25       0.38095238 0.4137931  0.
 1.         1.         1.        ]
2025-09-09 14:45:35,443 - INFO - ----------
2025-09-09 14:45:37,990 - INFO - [271/300] | train_loss: 0.00903
2025-09-09 14:45:40,488 - INFO - [272/300] | train_loss: 0.00909
2025-09-09 14:45:42,998 - INFO - [273/300] | train_loss: 0.00904
2025-09-09 14:45:45,734 - INFO - [274/300] | train_loss: 0.00915
2025-09-09 14:45:48,402 - INFO - [275/300] | train_loss: 0.00804
2025-09-09 14:45:50,999 - INFO - [276/300] | train_loss: 0.00827
2025-09-09 14:45:53,698 - INFO - [277/300] | train_loss: 0.00843
2025-09-09 14:45:56,404 - INFO - [278/300] | train_loss: 0.01282
2025-09-09 14:45:59,091 - INFO - [279/300] | train_loss: 0.01039
2025-09-09 14:46:01,600 - INFO - [280/300] | train_loss: 0.01116
2025-09-09 14:46:01,899 - INFO - ----------
2025-09-09 14:46:01,899 - INFO - evaluation dataset type: valid
2025-09-09 14:46:01,915 - INFO - node    precision | micro: 0.789474; macro: 0.719048; score: [0.71428571 0.6        1.         0.         1.         1.        ]
2025-09-09 14:46:01,915 - INFO - node    recall    | micro: 0.937500; macro: 0.777778; score: [1.         1.         0.66666667 0.         1.         1.        ]
2025-09-09 14:46:01,916 - INFO - node    f1        | micro: 0.857143; macro: 0.730556; score: [0.83333333 0.75       0.8        0.         1.         1.        ]
2025-09-09 14:46:01,932 - INFO - service precision | micro: 0.733333; macro: 0.629630; score: [1.         1.         0.33333333 0.33333333 1.         0.
 1.         0.         1.        ]
2025-09-09 14:46:01,932 - INFO - service recall    | micro: 0.458333; macro: 0.488889; score: [1.   1.   0.25 0.2  0.2  0.   1.   0.   0.75]
2025-09-09 14:46:01,932 - INFO - service f1        | micro: 0.564103; macro: 0.525132; score: [1.         1.         0.28571429 0.25       0.33333333 0.
 1.         0.         0.85714286]
2025-09-09 14:46:01,959 - INFO - pod     precision | micro: 0.638889; macro: 0.711927; score: [0.90909091 0.64705882 0.375      0.33333333 1.         0.14285714
 1.         1.         1.        ]
2025-09-09 14:46:01,959 - INFO - pod     recall    | micro: 0.594828; macro: 0.687980; score: [1.         1.         0.3        0.38095238 0.26086957 0.25
 1.         1.         1.        ]
2025-09-09 14:46:01,959 - INFO - pod     f1        | micro: 0.616071; macro: 0.669177; score: [0.95238095 0.78571429 0.33333333 0.35555556 0.4137931  0.18181818
 1.         1.         1.        ]
2025-09-09 14:46:01,959 - INFO - ----------
2025-09-09 14:46:04,696 - INFO - [281/300] | train_loss: 0.01144
2025-09-09 14:46:07,210 - INFO - [282/300] | train_loss: 0.00860
2025-09-09 14:46:09,700 - INFO - [283/300] | train_loss: 0.00873
2025-09-09 14:46:12,299 - INFO - [284/300] | train_loss: 0.00942
2025-09-09 14:46:14,957 - INFO - [285/300] | train_loss: 0.00951
2025-09-09 14:46:17,609 - INFO - [286/300] | train_loss: 0.00822
2025-09-09 14:46:20,166 - INFO - [287/300] | train_loss: 0.00734
2025-09-09 14:46:22,843 - INFO - [288/300] | train_loss: 0.00933
2025-09-09 14:46:25,499 - INFO - [289/300] | train_loss: 0.00708
2025-09-09 14:46:28,197 - INFO - [290/300] | train_loss: 0.01121
2025-09-09 14:46:28,512 - INFO - ----------
2025-09-09 14:46:28,513 - INFO - evaluation dataset type: valid
2025-09-09 14:46:28,572 - INFO - node    precision | micro: 0.750000; macro: 0.729167; score: [0.625 0.75  1.    0.    1.    1.   ]
2025-09-09 14:46:28,573 - INFO - node    recall    | micro: 0.937500; macro: 0.777778; score: [1.         1.         0.66666667 0.         1.         1.        ]
2025-09-09 14:46:28,573 - INFO - node    f1        | micro: 0.833333; macro: 0.737729; score: [0.76923077 0.85714286 0.8        0.         1.         1.        ]
2025-09-09 14:46:28,589 - INFO - service precision | micro: 0.733333; macro: 0.629630; score: [1.         1.         0.33333333 0.33333333 1.         0.
 1.         0.         1.        ]
2025-09-09 14:46:28,589 - INFO - service recall    | micro: 0.458333; macro: 0.488889; score: [1.   1.   0.25 0.2  0.2  0.   1.   0.   0.75]
2025-09-09 14:46:28,589 - INFO - service f1        | micro: 0.564103; macro: 0.525132; score: [1.         1.         0.28571429 0.25       0.33333333 0.
 1.         0.         0.85714286]
2025-09-09 14:46:28,616 - INFO - pod     precision | micro: 0.606557; macro: 0.697760; score: [0.90909091 0.64705882 0.27586207 0.34782609 0.9        0.2
 1.         1.         1.        ]
2025-09-09 14:46:28,616 - INFO - pod     recall    | micro: 0.637931; macro: 0.713584; score: [1.         1.         0.4        0.38095238 0.39130435 0.25
 1.         1.         1.        ]
2025-09-09 14:46:28,616 - INFO - pod     f1        | micro: 0.621849; macro: 0.688438; score: [0.95238095 0.78571429 0.32653061 0.36363636 0.54545455 0.22222222
 1.         1.         1.        ]
2025-09-09 14:46:28,616 - INFO - ----------
2025-09-09 14:46:31,072 - INFO - [291/300] | train_loss: 0.00971
2025-09-09 14:46:33,698 - INFO - [292/300] | train_loss: 0.00902
2025-09-09 14:46:36,402 - INFO - [293/300] | train_loss: 0.00855
2025-09-09 14:46:39,059 - INFO - [294/300] | train_loss: 0.00837
2025-09-09 14:46:41,698 - INFO - [295/300] | train_loss: 0.00879
2025-09-09 14:46:44,298 - INFO - [296/300] | train_loss: 0.00984
2025-09-09 14:46:46,702 - INFO - [297/300] | train_loss: 0.01168
2025-09-09 14:46:49,200 - INFO - [298/300] | train_loss: 0.01258
2025-09-09 14:46:51,659 - INFO - [299/300] | train_loss: 0.01074
2025-09-09 14:46:52,985 - INFO - ----------
2025-09-09 14:46:52,985 - INFO - evaluation dataset type: test
2025-09-09 14:46:53,005 - INFO - node    precision | micro: 0.608247; macro: 0.683246; score: [0.7        0.77777778 1.         0.39130435 0.64705882 0.58333333]
2025-09-09 14:46:53,006 - INFO - node    recall    | micro: 0.880597; macro: 0.865741; score: [1.         1.         0.44444444 0.75       1.         1.        ]
2025-09-09 14:46:53,006 - INFO - node    f1        | micro: 0.719512; macro: 0.725126; score: [0.82352941 0.875      0.61538462 0.51428571 0.78571429 0.73684211]
2025-09-09 14:46:53,033 - INFO - service precision | micro: 0.811594; macro: 0.817957; score: [1.         0.9        0.8        0.36363636 0.75       0.88888889
 0.90909091 1.         0.75      ]
2025-09-09 14:46:53,033 - INFO - service recall    | micro: 0.636364; macro: 0.679630; score: [1.         1.         0.4        0.33333333 0.25       0.53333333
 1.         1.         0.6       ]
2025-09-09 14:46:53,033 - INFO - service f1        | micro: 0.713376; macro: 0.721027; score: [1.         0.94736842 0.53333333 0.34782609 0.375      0.66666667
 0.95238095 1.         0.66666667]
2025-09-09 14:46:53,107 - INFO - pod     precision | micro: 0.718427; macro: 0.762247; score: [0.94       0.80357143 0.67567568 0.43529412 0.62264151 0.60227273
 0.98076923 1.         0.8       ]
2025-09-09 14:46:53,107 - INFO - pod     recall    | micro: 0.792237; macro: 0.815870; score: [1.         0.97826087 0.51020408 0.59677419 0.58928571 0.77941176
 1.         1.         0.88888889]
2025-09-09 14:46:53,107 - INFO - pod     f1        | micro: 0.753529; macro: 0.783734; score: [0.96907216 0.88235294 0.58139535 0.50340136 0.60550459 0.67948718
 0.99029126 1.         0.84210526]
2025-09-09 14:46:53,108 - INFO - ----------
----GATNet----
GAT_name1:  GATv2Conv
GAT_name2:  GATConv
activ_fun1:  relu6
activ_fun2:  relu6
====================================================================================================
Layer (type:depth-idx)                                                      Param #
====================================================================================================
Sequential                                                                  --
├─RepresentationLearning: 1-1                                               --
│    └─ModuleDict: 2-1                                                      --
│    │    └─Linear: 3-1                                                     6,144
│    │    └─Linear: 3-2                                                     6,144
│    │    └─Linear: 3-3                                                     6,144
│    └─ModuleDict: 2-2                                                      --
│    │    └─PositionalEmbedding: 3-4                                        --
│    │    └─PositionalEmbedding: 3-5                                        --
│    │    └─PositionalEmbedding: 3-6                                        --
│    └─ModuleDict: 2-3                                                      --
│    │    └─TransformerEncoder: 3-7                                         6,304,768
│    │    └─TransformerEncoder: 3-8                                         6,304,768
│    │    └─TransformerEncoder: 3-9                                         6,304,768
├─FeatureIntegration: 1-2                                                   --
│    └─ModuleDict: 2-4                                                      --
│    │    └─SEAttention: 3-10                                               32,768
│    │    └─SEAttention: 3-11                                               32,768
│    │    └─SEAttention: 3-12                                               32,768
│    └─ModuleDict: 2-5                                                      --
│    │    └─Linear: 3-13                                                    8,651,264
│    │    └─Linear: 3-14                                                    16,777,728
│    │    └─Linear: 3-15                                                    11,010,560
├─FeatureFusion: 1-3                                                        --
│    └─GATNet: 2-6                                                          --
│    │    └─GATv2Conv: 3-16                                                 526,336
│    │    └─GATConv: 3-17                                                   65,920
│    └─ModuleDict: 2-7                                                      --
│    │    └─Linear: 3-18                                                    774
│    │    └─Linear: 3-19                                                    1,161
│    │    └─Linear: 3-20                                                    1,161
├─FaultClassifier: 1-4                                                      --
│    └─ModuleDict: 2-8                                                      --
│    │    └─Linear: 3-21                                                    774
│    │    └─Linear: 3-22                                                    1,161
│    │    └─Linear: 3-23                                                    1,161
====================================================================================================
Total params: 56,069,040
Trainable params: 56,069,040
Non-trainable params: 0
====================================================================================================
# new transformed data: metric, api
2025-09-09 14:46:59,420 - INFO - [0/300] | train_loss: 3.80292
2025-09-09 14:46:59,570 - INFO - ----------
2025-09-09 14:46:59,570 - INFO - evaluation dataset type: valid
2025-09-09 14:46:59,586 - INFO - node    precision | micro: 0.022670; macro: 0.055588; score: [0.04       0.0106383  0.00819672 0.         0.02469136 0.25      ]
2025-09-09 14:46:59,586 - INFO - node    recall    | micro: 0.562500; macro: 0.511111; score: [0.4        0.33333333 0.33333333 0.         1.         1.        ]
2025-09-09 14:46:59,586 - INFO - node    f1        | micro: 0.043584; macro: 0.092923; score: [0.07272727 0.02061856 0.016      0.         0.04819277 0.4       ]
2025-09-09 14:46:59,604 - INFO - service precision | micro: 0.007238; macro: 0.026790; score: [0.02777778 0.05128205 0.00294985 0.0083612  0.14285714 0.00174825
 0.00613497 0.         0.        ]
2025-09-09 14:46:59,604 - INFO - service recall    | micro: 0.541667; macro: 0.605556; score: [1.   1.   0.25 1.   0.2  1.   1.   0.   0.  ]
2025-09-09 14:46:59,605 - INFO - service f1        | micro: 0.014286; macro: 0.039598; score: [0.05405405 0.09756098 0.0058309  0.01658375 0.16666667 0.0034904
 0.01219512 0.         0.        ]
2025-09-09 14:46:59,635 - INFO - pod     precision | micro: 0.014169; macro: 0.187004; score: [0.69230769 0.66666667 0.04166667 0.00969883 0.01862631 0.
 0.21428571 0.03125    0.00853549]
2025-09-09 14:46:59,635 - INFO - pod     recall    | micro: 0.689655; macro: 0.687203; score: [0.9        0.72727273 0.1        0.9047619  0.69565217 0.
 0.85714286 1.         1.        ]
2025-09-09 14:46:59,636 - INFO - pod     f1        | micro: 0.027768; macro: 0.223661; score: [0.7826087  0.69565217 0.05882353 0.01919192 0.03628118 0.
 0.34285714 0.06060606 0.0169265 ]
2025-09-09 14:46:59,636 - INFO - ----------
2025-09-09 14:47:00,978 - INFO - [1/300] | train_loss: 2.69839
2025-09-09 14:47:02,380 - INFO - [2/300] | train_loss: 1.87973
2025-09-09 14:47:03,780 - INFO - [3/300] | train_loss: 1.42291
2025-09-09 14:47:05,184 - INFO - [4/300] | train_loss: 1.09409
2025-09-09 14:47:06,582 - INFO - [5/300] | train_loss: 0.90637
2025-09-09 14:47:07,976 - INFO - [6/300] | train_loss: 0.75256
2025-09-09 14:47:09,374 - INFO - [7/300] | train_loss: 0.65212
2025-09-09 14:47:10,766 - INFO - [8/300] | train_loss: 0.59352
2025-09-09 14:47:12,163 - INFO - [9/300] | train_loss: 0.51540
2025-09-09 14:47:13,561 - INFO - [10/300] | train_loss: 0.47022
2025-09-09 14:47:13,711 - INFO - ----------
2025-09-09 14:47:13,711 - INFO - evaluation dataset type: valid
2025-09-09 14:47:13,726 - INFO - node    precision | micro: 0.348837; macro: 0.374817; score: [0.38461538 0.21428571 0.5        0.         0.4        0.75      ]
2025-09-09 14:47:13,726 - INFO - node    recall    | micro: 0.937500; macro: 0.777778; score: [1.         1.         0.66666667 0.         1.         1.        ]
2025-09-09 14:47:13,726 - INFO - node    f1        | micro: 0.508475; macro: 0.484749; score: [0.55555556 0.35294118 0.57142857 0.         0.57142857 0.85714286]
2025-09-09 14:47:13,743 - INFO - service precision | micro: 0.165049; macro: 0.195269; score: [0.33333333 0.22222222 0.07142857 0.16666667 0.13043478 0.
 0.16666667 0.         0.66666667]
2025-09-09 14:47:13,743 - INFO - service recall    | micro: 0.708333; macro: 0.633333; score: [1.  1.  0.5 0.6 0.6 0.  1.  0.  1. ]
2025-09-09 14:47:13,743 - INFO - service f1        | micro: 0.267717; macro: 0.283278; score: [0.5        0.36363636 0.125      0.26086957 0.21428571 0.
 0.28571429 0.         0.8       ]
2025-09-09 14:47:13,771 - INFO - pod     precision | micro: 0.142615; macro: 0.213586; score: [0.69230769 0.26829268 0.11904762 0.07352941 0.13178295 0.
 0.21875    0.02272727 0.39583333]
2025-09-09 14:47:13,771 - INFO - pod     recall    | micro: 0.724138; macro: 0.735036; score: [0.9        1.         0.5        0.47619048 0.73913043 0.
 1.         1.         1.        ]
2025-09-09 14:47:13,771 - INFO - pod     f1        | micro: 0.238298; macro: 0.302183; score: [0.7826087  0.42307692 0.19230769 0.12738854 0.22368421 0.
 0.35897436 0.04444444 0.56716418]
2025-09-09 14:47:13,771 - INFO - ----------
2025-09-09 14:47:15,108 - INFO - [11/300] | train_loss: 0.41043
2025-09-09 14:47:16,501 - INFO - [12/300] | train_loss: 0.39862
2025-09-09 14:47:17,897 - INFO - [13/300] | train_loss: 0.34802
2025-09-09 14:47:19,301 - INFO - [14/300] | train_loss: 0.32636
2025-09-09 14:47:20,699 - INFO - [15/300] | train_loss: 0.28883
2025-09-09 14:47:22,131 - INFO - [16/300] | train_loss: 0.27704
2025-09-09 14:47:23,513 - INFO - [17/300] | train_loss: 0.26153
2025-09-09 14:47:24,937 - INFO - [18/300] | train_loss: 0.24456
2025-09-09 14:47:26,315 - INFO - [19/300] | train_loss: 0.23298
2025-09-09 14:47:27,711 - INFO - [20/300] | train_loss: 0.20761
2025-09-09 14:47:27,858 - INFO - ----------
2025-09-09 14:47:27,858 - INFO - evaluation dataset type: valid
2025-09-09 14:47:27,875 - INFO - node    precision | micro: 0.441176; macro: 0.469444; score: [0.5        0.25       0.66666667 0.         0.4        1.        ]
2025-09-09 14:47:27,876 - INFO - node    recall    | micro: 0.937500; macro: 0.777778; score: [1.         1.         0.66666667 0.         1.         1.        ]
2025-09-09 14:47:27,876 - INFO - node    f1        | micro: 0.600000; macro: 0.550794; score: [0.66666667 0.4        0.66666667 0.         0.57142857 1.        ]
2025-09-09 14:47:27,892 - INFO - service precision | micro: 0.280000; macro: 0.283333; score: [0.66666667 0.22222222 0.11111111 0.33333333 0.3        0.
 0.25       0.         0.66666667]
2025-09-09 14:47:27,892 - INFO - service recall    | micro: 0.583333; macro: 0.561111; score: [1.   1.   0.25 0.2  0.6  0.   1.   0.   1.  ]
2025-09-09 14:47:27,892 - INFO - service f1        | micro: 0.378378; macro: 0.351943; score: [0.8        0.36363636 0.15384615 0.25       0.4        0.
 0.4        0.         0.8       ]
2025-09-09 14:47:27,920 - INFO - pod     precision | micro: 0.239748; macro: 0.273082; score: [0.71428571 0.28205128 0.25714286 0.11764706 0.23913043 0.0625
 0.26923077 0.02857143 0.48717949]
2025-09-09 14:47:27,920 - INFO - pod     recall    | micro: 0.655172; macro: 0.745997; score: [1.         1.         0.45       0.28571429 0.47826087 0.5
 1.         1.         1.        ]
2025-09-09 14:47:27,920 - INFO - pod     f1        | micro: 0.351039; macro: 0.370244; score: [0.83333333 0.44       0.32727273 0.16666667 0.31884058 0.11111111
 0.42424242 0.05555556 0.65517241]
2025-09-09 14:47:27,920 - INFO - ----------
2025-09-09 14:47:29,349 - INFO - [21/300] | train_loss: 0.20235
2025-09-09 14:47:30,747 - INFO - [22/300] | train_loss: 0.18331
2025-09-09 14:47:32,146 - INFO - [23/300] | train_loss: 0.17402
2025-09-09 14:47:33,543 - INFO - [24/300] | train_loss: 0.16246
2025-09-09 14:47:34,941 - INFO - [25/300] | train_loss: 0.16078
2025-09-09 14:47:36,341 - INFO - [26/300] | train_loss: 0.14545
2025-09-09 14:47:37,739 - INFO - [27/300] | train_loss: 0.14299
2025-09-09 14:47:39,143 - INFO - [28/300] | train_loss: 0.12975
2025-09-09 14:47:40,543 - INFO - [29/300] | train_loss: 0.12205
2025-09-09 14:47:41,955 - INFO - [30/300] | train_loss: 0.12757
2025-09-09 14:47:42,094 - INFO - ----------
2025-09-09 14:47:42,095 - INFO - evaluation dataset type: valid
2025-09-09 14:47:42,111 - INFO - node    precision | micro: 0.625000; macro: 0.604167; score: [0.625 0.5   1.    0.    0.5   1.   ]
2025-09-09 14:47:42,111 - INFO - node    recall    | micro: 0.937500; macro: 0.777778; score: [1.         1.         0.66666667 0.         1.         1.        ]
2025-09-09 14:47:42,111 - INFO - node    f1        | micro: 0.750000; macro: 0.650427; score: [0.76923077 0.66666667 0.8        0.         0.66666667 1.        ]
2025-09-09 14:47:42,127 - INFO - service precision | micro: 0.423077; macro: 0.376543; score: [0.66666667 0.22222222 0.         0.5        1.         0.
 0.33333333 0.         0.66666667]
2025-09-09 14:47:42,128 - INFO - service recall    | micro: 0.458333; macro: 0.488889; score: [1.  1.  0.  0.2 0.2 0.  1.  0.  1. ]
2025-09-09 14:47:42,128 - INFO - service f1        | micro: 0.440000; macro: 0.342520; score: [0.8        0.36363636 0.         0.28571429 0.33333333 0.
 0.5        0.         0.8       ]
2025-09-09 14:47:42,154 - INFO - pod     precision | micro: 0.330144; macro: 0.318519; score: [0.83333333 0.28947368 0.29411765 0.17391304 0.3        0.
 0.28       0.0625     0.63333333]
2025-09-09 14:47:42,155 - INFO - pod     recall    | micro: 0.594828; macro: 0.662468; score: [1.         1.         0.25       0.19047619 0.52173913 0.
 1.         1.         1.        ]
2025-09-09 14:47:42,155 - INFO - pod     f1        | micro: 0.424615; macro: 0.391308; score: [0.90909091 0.44897959 0.27027027 0.18181818 0.38095238 0.
 0.4375     0.11764706 0.7755102 ]
2025-09-09 14:47:42,155 - INFO - ----------
2025-09-09 14:47:43,514 - INFO - [31/300] | train_loss: 0.15559
2025-09-09 14:47:44,908 - INFO - [32/300] | train_loss: 0.20922
2025-09-09 14:47:46,311 - INFO - [33/300] | train_loss: 0.20658
2025-09-09 14:47:47,717 - INFO - [34/300] | train_loss: 0.17536
2025-09-09 14:47:49,120 - INFO - [35/300] | train_loss: 0.14373
2025-09-09 14:47:50,521 - INFO - [36/300] | train_loss: 0.12732
2025-09-09 14:47:51,921 - INFO - [37/300] | train_loss: 0.11246
2025-09-09 14:47:53,327 - INFO - [38/300] | train_loss: 0.10954
2025-09-09 14:47:54,726 - INFO - [39/300] | train_loss: 0.10060
2025-09-09 14:47:56,127 - INFO - [40/300] | train_loss: 0.10258
2025-09-09 14:47:56,275 - INFO - ----------
2025-09-09 14:47:56,275 - INFO - evaluation dataset type: valid
2025-09-09 14:47:56,291 - INFO - node    precision | micro: 0.625000; macro: 0.604167; score: [0.625 0.5   1.    0.    0.5   1.   ]
2025-09-09 14:47:56,291 - INFO - node    recall    | micro: 0.937500; macro: 0.777778; score: [1.         1.         0.66666667 0.         1.         1.        ]
2025-09-09 14:47:56,291 - INFO - node    f1        | micro: 0.750000; macro: 0.650427; score: [0.76923077 0.66666667 0.8        0.         0.66666667 1.        ]
2025-09-09 14:47:56,307 - INFO - service precision | micro: 0.478261; macro: 0.481481; score: [1.         0.33333333 0.         0.5        1.         0.
 0.5        0.         1.        ]
2025-09-09 14:47:56,308 - INFO - service recall    | micro: 0.458333; macro: 0.488889; score: [1.  1.  0.  0.2 0.2 0.  1.  0.  1. ]
2025-09-09 14:47:56,308 - INFO - service f1        | micro: 0.468085; macro: 0.420635; score: [1.         0.5        0.         0.28571429 0.33333333 0.
 0.66666667 0.         1.        ]
2025-09-09 14:47:56,335 - INFO - pod     precision | micro: 0.330275; macro: 0.341782; score: [0.83333333 0.34375    0.16666667 0.18181818 0.42307692 0.05555556
 0.29166667 0.125      0.65517241]
2025-09-09 14:47:56,335 - INFO - pod     recall    | micro: 0.620690; macro: 0.701553; score: [1.         1.         0.3        0.28571429 0.47826087 0.25
 1.         1.         1.        ]
2025-09-09 14:47:56,335 - INFO - pod     f1        | micro: 0.431138; macro: 0.429180; score: [0.90909091 0.51162791 0.21428571 0.22222222 0.44897959 0.09090909
 0.4516129  0.22222222 0.79166667]
2025-09-09 14:47:56,335 - INFO - ----------
2025-09-09 14:47:57,677 - INFO - [41/300] | train_loss: 0.09309
2025-09-09 14:47:59,073 - INFO - [42/300] | train_loss: 0.08458
2025-09-09 14:48:00,473 - INFO - [43/300] | train_loss: 0.07932
2025-09-09 14:48:01,870 - INFO - [44/300] | train_loss: 0.07807
2025-09-09 14:48:03,269 - INFO - [45/300] | train_loss: 0.07553
2025-09-09 14:48:04,666 - INFO - [46/300] | train_loss: 0.07192
2025-09-09 14:48:06,061 - INFO - [47/300] | train_loss: 0.06919
2025-09-09 14:48:07,458 - INFO - [48/300] | train_loss: 0.06472
2025-09-09 14:48:08,856 - INFO - [49/300] | train_loss: 0.05895
2025-09-09 14:48:10,255 - INFO - [50/300] | train_loss: 0.06047
2025-09-09 14:48:10,404 - INFO - ----------
2025-09-09 14:48:10,404 - INFO - evaluation dataset type: valid
2025-09-09 14:48:10,419 - INFO - node    precision | micro: 0.625000; macro: 0.604167; score: [0.625 0.5   1.    0.    0.5   1.   ]
2025-09-09 14:48:10,420 - INFO - node    recall    | micro: 0.937500; macro: 0.777778; score: [1.         1.         0.66666667 0.         1.         1.        ]
2025-09-09 14:48:10,420 - INFO - node    f1        | micro: 0.750000; macro: 0.650427; score: [0.76923077 0.66666667 0.8        0.         0.66666667 1.        ]
2025-09-09 14:48:10,436 - INFO - service precision | micro: 0.647059; macro: 0.555556; score: [1.  0.5 0.  1.  1.  0.  0.5 0.  1. ]
2025-09-09 14:48:10,436 - INFO - service recall    | micro: 0.458333; macro: 0.483333; score: [1.   1.   0.   0.2  0.4  0.   1.   0.   0.75]
2025-09-09 14:48:10,436 - INFO - service f1        | micro: 0.536585; macro: 0.455026; score: [1.         0.66666667 0.         0.33333333 0.57142857 0.
 0.66666667 0.         0.85714286]
2025-09-09 14:48:10,463 - INFO - pod     precision | micro: 0.429487; macro: 0.400568; score: [0.83333333 0.42307692 0.22727273 0.25       0.64285714 0.
 0.35       0.2        0.67857143]
2025-09-09 14:48:10,463 - INFO - pod     recall    | micro: 0.577586; macro: 0.653267; score: [1.         1.         0.25       0.23809524 0.39130435 0.
 1.         1.         1.        ]
2025-09-09 14:48:10,463 - INFO - pod     f1        | micro: 0.492647; macro: 0.459170; score: [0.90909091 0.59459459 0.23809524 0.24390244 0.48648649 0.
 0.51851852 0.33333333 0.80851064]
2025-09-09 14:48:10,463 - INFO - ----------
2025-09-09 14:48:11,807 - INFO - [51/300] | train_loss: 0.05856
2025-09-09 14:48:13,210 - INFO - [52/300] | train_loss: 0.05461
2025-09-09 14:48:14,613 - INFO - [53/300] | train_loss: 0.05492
2025-09-09 14:48:16,015 - INFO - [54/300] | train_loss: 0.05748
2025-09-09 14:48:17,416 - INFO - [55/300] | train_loss: 0.05183
2025-09-09 14:48:18,817 - INFO - [56/300] | train_loss: 0.05172
2025-09-09 14:48:20,216 - INFO - [57/300] | train_loss: 0.05752
2025-09-09 14:48:21,616 - INFO - [58/300] | train_loss: 0.04815
2025-09-09 14:48:23,017 - INFO - [59/300] | train_loss: 0.05531
2025-09-09 14:48:24,420 - INFO - [60/300] | train_loss: 0.05631
2025-09-09 14:48:24,570 - INFO - ----------
2025-09-09 14:48:24,570 - INFO - evaluation dataset type: valid
2025-09-09 14:48:24,586 - INFO - node    precision | micro: 0.652174; macro: 0.619048; score: [0.71428571 0.5        1.         0.         0.5        1.        ]
2025-09-09 14:48:24,586 - INFO - node    recall    | micro: 0.937500; macro: 0.777778; score: [1.         1.         0.66666667 0.         1.         1.        ]
2025-09-09 14:48:24,586 - INFO - node    f1        | micro: 0.769231; macro: 0.661111; score: [0.83333333 0.66666667 0.8        0.         0.66666667 1.        ]
2025-09-09 14:48:24,602 - INFO - service precision | micro: 0.785714; macro: 0.629630; score: [1.         0.66666667 0.         1.         1.         0.
 1.         0.         1.        ]
2025-09-09 14:48:24,602 - INFO - service recall    | micro: 0.458333; macro: 0.488889; score: [1.  1.  0.  0.2 0.2 0.  1.  0.  1. ]
2025-09-09 14:48:24,602 - INFO - service f1        | micro: 0.578947; macro: 0.496296; score: [1.         0.8        0.         0.33333333 0.33333333 0.
 1.         0.         1.        ]
2025-09-09 14:48:24,629 - INFO - pod     precision | micro: 0.492754; macro: 0.480480; score: [0.83333333 0.5        0.25       0.25       0.88888889 0.
 0.53846154 0.2        0.86363636]
2025-09-09 14:48:24,629 - INFO - pod     recall    | micro: 0.586207; macro: 0.659547; score: [1.         1.         0.35       0.23809524 0.34782609 0.
 1.         1.         1.        ]
2025-09-09 14:48:24,630 - INFO - pod     f1        | micro: 0.535433; macro: 0.507943; score: [0.90909091 0.66666667 0.29166667 0.24390244 0.5        0.
 0.7        0.33333333 0.92682927]
2025-09-09 14:48:24,630 - INFO - ----------
2025-09-09 14:48:25,969 - INFO - [61/300] | train_loss: 0.05272
2025-09-09 14:48:27,367 - INFO - [62/300] | train_loss: 0.04868
2025-09-09 14:48:28,767 - INFO - [63/300] | train_loss: 0.04796
2025-09-09 14:48:30,166 - INFO - [64/300] | train_loss: 0.04300
2025-09-09 14:48:31,565 - INFO - [65/300] | train_loss: 0.04521
2025-09-09 14:48:32,968 - INFO - [66/300] | train_loss: 0.04453
2025-09-09 14:48:34,367 - INFO - [67/300] | train_loss: 0.04334
2025-09-09 14:48:35,764 - INFO - [68/300] | train_loss: 0.04437
2025-09-09 14:48:37,162 - INFO - [69/300] | train_loss: 0.03919
2025-09-09 14:48:38,560 - INFO - [70/300] | train_loss: 0.03930
2025-09-09 14:48:38,709 - INFO - ----------
2025-09-09 14:48:38,709 - INFO - evaluation dataset type: valid
2025-09-09 14:48:38,724 - INFO - node    precision | micro: 0.652174; macro: 0.619048; score: [0.71428571 0.5        1.         0.         0.5        1.        ]
2025-09-09 14:48:38,724 - INFO - node    recall    | micro: 0.937500; macro: 0.777778; score: [1.         1.         0.66666667 0.         1.         1.        ]
2025-09-09 14:48:38,724 - INFO - node    f1        | micro: 0.769231; macro: 0.661111; score: [0.83333333 0.66666667 0.8        0.         0.66666667 1.        ]
2025-09-09 14:48:38,740 - INFO - service precision | micro: 0.833333; macro: 0.629630; score: [1.         0.66666667 0.         1.         1.         0.
 1.         0.         1.        ]
2025-09-09 14:48:38,740 - INFO - service recall    | micro: 0.416667; macro: 0.461111; score: [1.   1.   0.   0.2  0.2  0.   1.   0.   0.75]
2025-09-09 14:48:38,740 - INFO - service f1        | micro: 0.555556; macro: 0.480423; score: [1.         0.8        0.         0.33333333 0.33333333 0.
 1.         0.         0.85714286]
2025-09-09 14:48:38,767 - INFO - pod     precision | micro: 0.558559; macro: 0.511492; score: [0.83333333 0.57894737 0.13043478 0.28571429 0.7        0.
 0.875      0.2        1.        ]
2025-09-09 14:48:38,767 - INFO - pod     recall    | micro: 0.534483; macro: 0.627203; score: [1.         1.         0.15       0.19047619 0.30434783 0.
 1.         1.         1.        ]
2025-09-09 14:48:38,767 - INFO - pod     f1        | micro: 0.546256; macro: 0.522382; score: [0.90909091 0.73333333 0.13953488 0.22857143 0.42424242 0.
 0.93333333 0.33333333 1.        ]
2025-09-09 14:48:38,767 - INFO - ----------
2025-09-09 14:48:40,106 - INFO - [71/300] | train_loss: 0.04325
2025-09-09 14:48:41,506 - INFO - [72/300] | train_loss: 0.03959
2025-09-09 14:48:42,914 - INFO - [73/300] | train_loss: 0.03861
2025-09-09 14:48:44,313 - INFO - [74/300] | train_loss: 0.03920
2025-09-09 14:48:45,710 - INFO - [75/300] | train_loss: 0.03873
2025-09-09 14:48:47,110 - INFO - [76/300] | train_loss: 0.03546
2025-09-09 14:48:48,513 - INFO - [77/300] | train_loss: 0.03542
2025-09-09 14:48:49,913 - INFO - [78/300] | train_loss: 0.03506
2025-09-09 14:48:51,312 - INFO - [79/300] | train_loss: 0.03766
2025-09-09 14:48:52,710 - INFO - [80/300] | train_loss: 0.03609
2025-09-09 14:48:52,859 - INFO - ----------
2025-09-09 14:48:52,859 - INFO - evaluation dataset type: valid
2025-09-09 14:48:52,875 - INFO - node    precision | micro: 0.714286; macro: 0.663492; score: [0.71428571 0.6        1.         0.         0.66666667 1.        ]
2025-09-09 14:48:52,875 - INFO - node    recall    | micro: 0.937500; macro: 0.777778; score: [1.         1.         0.66666667 0.         1.         1.        ]
2025-09-09 14:48:52,875 - INFO - node    f1        | micro: 0.810811; macro: 0.697222; score: [0.83333333 0.75       0.8        0.         0.8        1.        ]
2025-09-09 14:48:52,891 - INFO - service precision | micro: 0.916667; macro: 0.629630; score: [1.         0.66666667 0.         1.         1.         0.
 1.         0.         1.        ]
2025-09-09 14:48:52,892 - INFO - service recall    | micro: 0.458333; macro: 0.483333; score: [1.   1.   0.   0.2  0.4  0.   1.   0.   0.75]
2025-09-09 14:48:52,892 - INFO - service f1        | micro: 0.611111; macro: 0.506878; score: [1.         0.8        0.         0.33333333 0.57142857 0.
 1.         0.         0.85714286]
2025-09-09 14:48:52,919 - INFO - pod     precision | micro: 0.594828; macro: 0.556209; score: [0.83333333 0.64705882 0.28571429 0.3125     0.72727273 0.
 1.         0.2        1.        ]
2025-09-09 14:48:52,919 - INFO - pod     recall    | micro: 0.594828; macro: 0.665102; score: [1.         1.         0.4        0.23809524 0.34782609 0.
 1.         1.         1.        ]
2025-09-09 14:48:52,919 - INFO - pod     f1        | micro: 0.594828; macro: 0.566926; score: [0.90909091 0.78571429 0.33333333 0.27027027 0.47058824 0.
 1.         0.33333333 1.        ]
2025-09-09 14:48:52,919 - INFO - ----------
2025-09-09 14:48:54,255 - INFO - [81/300] | train_loss: 0.03497
2025-09-09 14:48:55,652 - INFO - [82/300] | train_loss: 0.03705
2025-09-09 14:48:57,049 - INFO - [83/300] | train_loss: 0.03407
2025-09-09 14:48:58,449 - INFO - [84/300] | train_loss: 0.02994
2025-09-09 14:48:59,850 - INFO - [85/300] | train_loss: 0.02990
2025-09-09 14:49:01,249 - INFO - [86/300] | train_loss: 0.03138
2025-09-09 14:49:02,647 - INFO - [87/300] | train_loss: 0.03203
2025-09-09 14:49:04,047 - INFO - [88/300] | train_loss: 0.04087
2025-09-09 14:49:05,446 - INFO - [89/300] | train_loss: 0.03352
2025-09-09 14:49:06,846 - INFO - [90/300] | train_loss: 0.04285
2025-09-09 14:49:06,995 - INFO - ----------
2025-09-09 14:49:06,995 - INFO - evaluation dataset type: valid
2025-09-09 14:49:07,011 - INFO - node    precision | micro: 0.681818; macro: 0.635714; score: [0.71428571 0.6        1.         0.         0.5        1.        ]
2025-09-09 14:49:07,011 - INFO - node    recall    | micro: 0.937500; macro: 0.777778; score: [1.         1.         0.66666667 0.         1.         1.        ]
2025-09-09 14:49:07,011 - INFO - node    f1        | micro: 0.789474; macro: 0.675000; score: [0.83333333 0.75       0.8        0.         0.66666667 1.        ]
2025-09-09 14:49:07,027 - INFO - service precision | micro: 0.733333; macro: 0.629630; score: [1.         0.66666667 0.         1.         1.         0.
 1.         0.         1.        ]
2025-09-09 14:49:07,027 - INFO - service recall    | micro: 0.458333; macro: 0.488889; score: [1.  1.  0.  0.2 0.2 0.  1.  0.  1. ]
2025-09-09 14:49:07,027 - INFO - service f1        | micro: 0.564103; macro: 0.496296; score: [1.         0.8        0.         0.33333333 0.33333333 0.
 1.         0.         1.        ]
2025-09-09 14:49:07,054 - INFO - pod     precision | micro: 0.544715; macro: 0.549929; score: [0.90909091 0.57894737 0.26666667 0.17647059 0.81818182 0.
 1.         0.2        1.        ]
2025-09-09 14:49:07,054 - INFO - pod     recall    | micro: 0.577586; macro: 0.653002; score: [1.         1.         0.2        0.28571429 0.39130435 0.
 1.         1.         1.        ]
2025-09-09 14:49:07,054 - INFO - pod     f1        | micro: 0.560669; macro: 0.555024; score: [0.95238095 0.73333333 0.22857143 0.21818182 0.52941176 0.
 1.         0.33333333 1.        ]
2025-09-09 14:49:07,054 - INFO - ----------
2025-09-09 14:49:08,391 - INFO - [91/300] | train_loss: 0.04164
2025-09-09 14:49:09,788 - INFO - [92/300] | train_loss: 0.03762
2025-09-09 14:49:11,188 - INFO - [93/300] | train_loss: 0.03704
2025-09-09 14:49:12,590 - INFO - [94/300] | train_loss: 0.04186
2025-09-09 14:49:13,994 - INFO - [95/300] | train_loss: 0.03598
2025-09-09 14:49:15,394 - INFO - [96/300] | train_loss: 0.03614
2025-09-09 14:49:16,798 - INFO - [97/300] | train_loss: 0.03117
2025-09-09 14:49:18,205 - INFO - [98/300] | train_loss: 0.03258
2025-09-09 14:49:19,609 - INFO - [99/300] | train_loss: 0.03516
2025-09-09 14:49:21,016 - INFO - [100/300] | train_loss: 0.03044
2025-09-09 14:49:21,165 - INFO - ----------
2025-09-09 14:49:21,165 - INFO - evaluation dataset type: valid
2025-09-09 14:49:21,181 - INFO - node    precision | micro: 0.714286; macro: 0.655556; score: [0.83333333 0.6        1.         0.         0.5        1.        ]
2025-09-09 14:49:21,181 - INFO - node    recall    | micro: 0.937500; macro: 0.777778; score: [1.         1.         0.66666667 0.         1.         1.        ]
2025-09-09 14:49:21,181 - INFO - node    f1        | micro: 0.810811; macro: 0.687626; score: [0.90909091 0.75       0.8        0.         0.66666667 1.        ]
2025-09-09 14:49:21,197 - INFO - service precision | micro: 0.909091; macro: 0.629630; score: [1.         0.66666667 0.         1.         1.         0.
 1.         0.         1.        ]
2025-09-09 14:49:21,197 - INFO - service recall    | micro: 0.416667; macro: 0.461111; score: [1.   1.   0.   0.2  0.2  0.   1.   0.   0.75]
2025-09-09 14:49:21,198 - INFO - service f1        | micro: 0.571429; macro: 0.480423; score: [1.         0.8        0.         0.33333333 0.33333333 0.
 1.         0.         0.85714286]
2025-09-09 14:49:21,224 - INFO - pod     precision | micro: 0.704545; macro: 0.602884; score: [0.90909091 0.6875     0.22222222 0.35714286 1.         0.
 1.         0.25       1.        ]
2025-09-09 14:49:21,225 - INFO - pod     recall    | micro: 0.534483; macro: 0.626938; score: [1.         1.         0.1        0.23809524 0.30434783 0.
 1.         1.         1.        ]
2025-09-09 14:49:21,225 - INFO - pod     f1        | micro: 0.607843; macro: 0.561945; score: [0.95238095 0.81481481 0.13793103 0.28571429 0.46666667 0.
 1.         0.4        1.        ]
2025-09-09 14:49:21,225 - INFO - ----------
2025-09-09 14:49:22,568 - INFO - [101/300] | train_loss: 0.02626
2025-09-09 14:49:23,969 - INFO - [102/300] | train_loss: 0.02435
2025-09-09 14:49:25,370 - INFO - [103/300] | train_loss: 0.02812
2025-09-09 14:49:26,772 - INFO - [104/300] | train_loss: 0.02862
2025-09-09 14:49:28,173 - INFO - [105/300] | train_loss: 0.02661
2025-09-09 14:49:29,574 - INFO - [106/300] | train_loss: 0.02420
2025-09-09 14:49:30,973 - INFO - [107/300] | train_loss: 0.02693
2025-09-09 14:49:32,374 - INFO - [108/300] | train_loss: 0.02615
2025-09-09 14:49:33,776 - INFO - [109/300] | train_loss: 0.02528
2025-09-09 14:49:35,180 - INFO - [110/300] | train_loss: 0.02321
2025-09-09 14:49:35,329 - INFO - ----------
2025-09-09 14:49:35,329 - INFO - evaluation dataset type: valid
2025-09-09 14:49:35,345 - INFO - node    precision | micro: 0.750000; macro: 0.683333; score: [0.83333333 0.6        1.         0.         0.66666667 1.        ]
2025-09-09 14:49:35,345 - INFO - node    recall    | micro: 0.937500; macro: 0.777778; score: [1.         1.         0.66666667 0.         1.         1.        ]
2025-09-09 14:49:35,345 - INFO - node    f1        | micro: 0.833333; macro: 0.709848; score: [0.90909091 0.75       0.8        0.         0.8        1.        ]
2025-09-09 14:49:35,361 - INFO - service precision | micro: 0.900000; macro: 0.518519; score: [1.         0.66666667 0.         0.         1.         0.
 1.         0.         1.        ]
2025-09-09 14:49:35,361 - INFO - service recall    | micro: 0.375000; macro: 0.438889; score: [1.   1.   0.   0.   0.2  0.   1.   0.   0.75]
2025-09-09 14:49:35,361 - INFO - service f1        | micro: 0.529412; macro: 0.443386; score: [1.         0.8        0.         0.         0.33333333 0.
 1.         0.         0.85714286]
2025-09-09 14:49:35,388 - INFO - pod     precision | micro: 0.696629; macro: 0.623150; score: [0.90909091 0.64705882 0.23076923 0.57142857 1.         0.
 1.         0.25       1.        ]
2025-09-09 14:49:35,388 - INFO - pod     recall    | micro: 0.534483; macro: 0.627203; score: [1.         1.         0.15       0.19047619 0.30434783 0.
 1.         1.         1.        ]
2025-09-09 14:49:35,388 - INFO - pod     f1        | micro: 0.604878; macro: 0.563588; score: [0.95238095 0.78571429 0.18181818 0.28571429 0.46666667 0.
 1.         0.4        1.        ]
2025-09-09 14:49:35,388 - INFO - ----------
2025-09-09 14:49:36,731 - INFO - [111/300] | train_loss: 0.02292
2025-09-09 14:49:38,133 - INFO - [112/300] | train_loss: 0.02407
2025-09-09 14:49:39,537 - INFO - [113/300] | train_loss: 0.02401
2025-09-09 14:49:40,939 - INFO - [114/300] | train_loss: 0.02175
2025-09-09 14:49:42,341 - INFO - [115/300] | train_loss: 0.02231
2025-09-09 14:49:43,745 - INFO - [116/300] | train_loss: 0.02743
2025-09-09 14:49:45,148 - INFO - [117/300] | train_loss: 0.02225
2025-09-09 14:49:46,551 - INFO - [118/300] | train_loss: 0.02293
2025-09-09 14:49:47,953 - INFO - [119/300] | train_loss: 0.02267
2025-09-09 14:49:49,353 - INFO - [120/300] | train_loss: 0.02447
2025-09-09 14:49:49,503 - INFO - ----------
2025-09-09 14:49:49,503 - INFO - evaluation dataset type: valid
2025-09-09 14:49:49,518 - INFO - node    precision | micro: 0.714286; macro: 0.660714; score: [0.71428571 0.75       1.         0.         0.5        1.        ]
2025-09-09 14:49:49,518 - INFO - node    recall    | micro: 0.937500; macro: 0.777778; score: [1.         1.         0.66666667 0.         1.         1.        ]
2025-09-09 14:49:49,519 - INFO - node    f1        | micro: 0.810811; macro: 0.692857; score: [0.83333333 0.85714286 0.8        0.         0.66666667 1.        ]
2025-09-09 14:49:49,534 - INFO - service precision | micro: 0.846154; macro: 0.611111; score: [1.  0.5 0.  1.  1.  0.  1.  0.  1. ]
2025-09-09 14:49:49,535 - INFO - service recall    | micro: 0.458333; macro: 0.488889; score: [1.  1.  0.  0.2 0.2 0.  1.  0.  1. ]
2025-09-09 14:49:49,535 - INFO - service f1        | micro: 0.594595; macro: 0.481481; score: [1.         0.66666667 0.         0.33333333 0.33333333 0.
 1.         0.         1.        ]
2025-09-09 14:49:49,561 - INFO - pod     precision | micro: 0.676190; macro: 0.618984; score: [0.90909091 0.64705882 0.47058824 0.29411765 1.         0.
 1.         0.25       1.        ]
2025-09-09 14:49:49,561 - INFO - pod     recall    | micro: 0.612069; macro: 0.674764; score: [1.         1.         0.4        0.23809524 0.43478261 0.
 1.         1.         1.        ]
2025-09-09 14:49:49,562 - INFO - pod     f1        | micro: 0.642534; macro: 0.604416; score: [0.95238095 0.78571429 0.43243243 0.26315789 0.60606061 0.
 1.         0.4        1.        ]
2025-09-09 14:49:49,562 - INFO - ----------
2025-09-09 14:49:50,906 - INFO - [121/300] | train_loss: 0.02383
2025-09-09 14:49:52,312 - INFO - [122/300] | train_loss: 0.02315
2025-09-09 14:49:53,716 - INFO - [123/300] | train_loss: 0.02254
2025-09-09 14:49:55,116 - INFO - [124/300] | train_loss: 0.02163
2025-09-09 14:49:56,521 - INFO - [125/300] | train_loss: 0.01901
2025-09-09 14:49:57,924 - INFO - [126/300] | train_loss: 0.02158
2025-09-09 14:49:59,328 - INFO - [127/300] | train_loss: 0.02174
2025-09-09 14:50:00,730 - INFO - [128/300] | train_loss: 0.02208
2025-09-09 14:50:02,129 - INFO - [129/300] | train_loss: 0.01895
2025-09-09 14:50:03,528 - INFO - [130/300] | train_loss: 0.02063
2025-09-09 14:50:03,678 - INFO - ----------
2025-09-09 14:50:03,678 - INFO - evaluation dataset type: valid
2025-09-09 14:50:03,693 - INFO - node    precision | micro: 0.714286; macro: 0.660714; score: [0.71428571 0.75       1.         0.         0.5        1.        ]
2025-09-09 14:50:03,693 - INFO - node    recall    | micro: 0.937500; macro: 0.777778; score: [1.         1.         0.66666667 0.         1.         1.        ]
2025-09-09 14:50:03,694 - INFO - node    f1        | micro: 0.810811; macro: 0.692857; score: [0.83333333 0.85714286 0.8        0.         0.66666667 1.        ]
2025-09-09 14:50:03,710 - INFO - service precision | micro: 0.785714; macro: 0.611111; score: [1.  0.5 0.  1.  1.  0.  1.  0.  1. ]
2025-09-09 14:50:03,710 - INFO - service recall    | micro: 0.458333; macro: 0.488889; score: [1.  1.  0.  0.2 0.2 0.  1.  0.  1. ]
2025-09-09 14:50:03,710 - INFO - service f1        | micro: 0.578947; macro: 0.481481; score: [1.         0.66666667 0.         0.33333333 0.33333333 0.
 1.         0.         1.        ]
2025-09-09 14:50:03,737 - INFO - pod     precision | micro: 0.635514; macro: 0.616354; score: [0.90909091 0.73333333 0.21428571 0.35714286 1.         0.
 1.         0.33333333 1.        ]
2025-09-09 14:50:03,737 - INFO - pod     recall    | micro: 0.586207; macro: 0.658822; score: [1.         1.         0.3        0.23809524 0.39130435 0.
 1.         1.         1.        ]
2025-09-09 14:50:03,737 - INFO - pod     f1        | micro: 0.609865; macro: 0.599639; score: [0.95238095 0.84615385 0.25       0.28571429 0.5625     0.
 1.         0.5        1.        ]
2025-09-09 14:50:03,737 - INFO - ----------
2025-09-09 14:50:05,073 - INFO - [131/300] | train_loss: 0.02637
2025-09-09 14:50:06,470 - INFO - [132/300] | train_loss: 0.02289
2025-09-09 14:50:07,870 - INFO - [133/300] | train_loss: 0.02144
2025-09-09 14:50:09,267 - INFO - [134/300] | train_loss: 0.01919
2025-09-09 14:50:10,665 - INFO - [135/300] | train_loss: 0.02350
2025-09-09 14:50:12,065 - INFO - [136/300] | train_loss: 0.02529
2025-09-09 14:50:13,464 - INFO - [137/300] | train_loss: 0.02090
2025-09-09 14:50:14,865 - INFO - [138/300] | train_loss: 0.02136
2025-09-09 14:50:16,264 - INFO - [139/300] | train_loss: 0.02004
2025-09-09 14:50:17,664 - INFO - [140/300] | train_loss: 0.01999
2025-09-09 14:50:17,813 - INFO - ----------
2025-09-09 14:50:17,813 - INFO - evaluation dataset type: valid
2025-09-09 14:50:17,828 - INFO - node    precision | micro: 0.750000; macro: 0.688492; score: [0.71428571 0.75       1.         0.         0.66666667 1.        ]
2025-09-09 14:50:17,828 - INFO - node    recall    | micro: 0.937500; macro: 0.777778; score: [1.         1.         0.66666667 0.         1.         1.        ]
2025-09-09 14:50:17,829 - INFO - node    f1        | micro: 0.833333; macro: 0.715079; score: [0.83333333 0.85714286 0.8        0.         0.8        1.        ]
2025-09-09 14:50:17,844 - INFO - service precision | micro: 0.916667; macro: 0.629630; score: [1.         0.66666667 0.         1.         1.         0.
 1.         0.         1.        ]
2025-09-09 14:50:17,845 - INFO - service recall    | micro: 0.458333; macro: 0.488889; score: [1.  1.  0.  0.2 0.2 0.  1.  0.  1. ]
2025-09-09 14:50:17,845 - INFO - service f1        | micro: 0.611111; macro: 0.496296; score: [1.         0.8        0.         0.33333333 0.33333333 0.
 1.         0.         1.        ]
2025-09-09 14:50:17,871 - INFO - pod     precision | micro: 0.729412; macro: 0.623497; score: [0.90909091 0.78571429 0.16666667 0.5        1.         0.
 1.         0.25       1.        ]
2025-09-09 14:50:17,871 - INFO - pod     recall    | micro: 0.534483; macro: 0.626938; score: [1.         1.         0.1        0.23809524 0.30434783 0.
 1.         1.         1.        ]
2025-09-09 14:50:17,872 - INFO - pod     f1        | micro: 0.616915; macro: 0.571848; score: [0.95238095 0.88       0.125      0.32258065 0.46666667 0.
 1.         0.4        1.        ]
2025-09-09 14:50:17,872 - INFO - ----------
2025-09-09 14:50:19,206 - INFO - [141/300] | train_loss: 0.01894
2025-09-09 14:50:20,605 - INFO - [142/300] | train_loss: 0.01999
2025-09-09 14:50:22,003 - INFO - [143/300] | train_loss: 0.01835
2025-09-09 14:50:23,403 - INFO - [144/300] | train_loss: 0.01746
2025-09-09 14:50:24,803 - INFO - [145/300] | train_loss: 0.01834
2025-09-09 14:50:26,202 - INFO - [146/300] | train_loss: 0.01682
2025-09-09 14:50:27,602 - INFO - [147/300] | train_loss: 0.01459
2025-09-09 14:50:29,003 - INFO - [148/300] | train_loss: 0.01497
2025-09-09 14:50:30,400 - INFO - [149/300] | train_loss: 0.01670
2025-09-09 14:50:31,802 - INFO - [150/300] | train_loss: 0.01499
2025-09-09 14:50:31,955 - INFO - ----------
2025-09-09 14:50:31,956 - INFO - evaluation dataset type: valid
2025-09-09 14:50:31,971 - INFO - node    precision | micro: 0.714286; macro: 0.688492; score: [0.71428571 0.75       1.         0.         0.66666667 1.        ]
2025-09-09 14:50:31,972 - INFO - node    recall    | micro: 0.937500; macro: 0.777778; score: [1.         1.         0.66666667 0.         1.         1.        ]
2025-09-09 14:50:31,972 - INFO - node    f1        | micro: 0.810811; macro: 0.715079; score: [0.83333333 0.85714286 0.8        0.         0.8        1.        ]
2025-09-09 14:50:31,988 - INFO - service precision | micro: 0.916667; macro: 0.629630; score: [1.         0.66666667 0.         1.         1.         0.
 1.         0.         1.        ]
2025-09-09 14:50:31,988 - INFO - service recall    | micro: 0.458333; macro: 0.488889; score: [1.  1.  0.  0.2 0.2 0.  1.  0.  1. ]
2025-09-09 14:50:31,988 - INFO - service f1        | micro: 0.611111; macro: 0.496296; score: [1.         0.8        0.         0.33333333 0.33333333 0.
 1.         0.         1.        ]
2025-09-09 14:50:32,015 - INFO - pod     precision | micro: 0.773810; macro: 0.730880; score: [0.90909091 0.78571429 0.42857143 0.45454545 1.         0.
 1.         1.         1.        ]
2025-09-09 14:50:32,015 - INFO - pod     recall    | micro: 0.560345; macro: 0.644329; score: [1.         1.         0.3        0.23809524 0.26086957 0.
 1.         1.         1.        ]
2025-09-09 14:50:32,015 - INFO - pod     f1        | micro: 0.650000; macro: 0.656846; score: [0.95238095 0.88       0.35294118 0.3125     0.4137931  0.
 1.         1.         1.        ]
2025-09-09 14:50:32,015 - INFO - ----------
2025-09-09 14:50:33,359 - INFO - [151/300] | train_loss: 0.01816
2025-09-09 14:50:34,759 - INFO - [152/300] | train_loss: 0.01657
2025-09-09 14:50:36,161 - INFO - [153/300] | train_loss: 0.01564
2025-09-09 14:50:37,561 - INFO - [154/300] | train_loss: 0.01393
2025-09-09 14:50:38,964 - INFO - [155/300] | train_loss: 0.01717
2025-09-09 14:50:40,365 - INFO - [156/300] | train_loss: 0.01880
2025-09-09 14:50:41,768 - INFO - [157/300] | train_loss: 0.01469
2025-09-09 14:50:43,167 - INFO - [158/300] | train_loss: 0.01856
2025-09-09 14:50:44,570 - INFO - [159/300] | train_loss: 0.01631
2025-09-09 14:50:45,969 - INFO - [160/300] | train_loss: 0.01756
2025-09-09 14:50:46,120 - INFO - ----------
2025-09-09 14:50:46,120 - INFO - evaluation dataset type: valid
2025-09-09 14:50:46,135 - INFO - node    precision | micro: 0.681818; macro: 0.635714; score: [0.71428571 0.6        1.         0.         0.5        1.        ]
2025-09-09 14:50:46,135 - INFO - node    recall    | micro: 0.937500; macro: 0.777778; score: [1.         1.         0.66666667 0.         1.         1.        ]
2025-09-09 14:50:46,136 - INFO - node    f1        | micro: 0.789474; macro: 0.675000; score: [0.83333333 0.75       0.8        0.         0.66666667 1.        ]
2025-09-09 14:50:46,152 - INFO - service precision | micro: 0.846154; macro: 0.629630; score: [1.         0.66666667 0.         1.         1.         0.
 1.         0.         1.        ]
2025-09-09 14:50:46,152 - INFO - service recall    | micro: 0.458333; macro: 0.488889; score: [1.  1.  0.  0.2 0.2 0.  1.  0.  1. ]
2025-09-09 14:50:46,152 - INFO - service f1        | micro: 0.594595; macro: 0.496296; score: [1.         0.8        0.         0.33333333 0.33333333 0.
 1.         0.         1.        ]
2025-09-09 14:50:46,178 - INFO - pod     precision | micro: 0.683673; macro: 0.650700; score: [0.90909091 0.78571429 0.30434783 0.35714286 1.         0.
 1.         0.5        1.        ]
2025-09-09 14:50:46,179 - INFO - pod     recall    | micro: 0.577586; macro: 0.654716; score: [1.         1.         0.35       0.23809524 0.30434783 0.
 1.         1.         1.        ]
2025-09-09 14:50:46,179 - INFO - pod     f1        | micro: 0.626168; macro: 0.619668; score: [0.95238095 0.88       0.3255814  0.28571429 0.46666667 0.
 1.         0.66666667 1.        ]
2025-09-09 14:50:46,179 - INFO - ----------
2025-09-09 14:50:47,522 - INFO - [161/300] | train_loss: 0.01744
2025-09-09 14:50:48,922 - INFO - [162/300] | train_loss: 0.01649
2025-09-09 14:50:50,321 - INFO - [163/300] | train_loss: 0.02050
2025-09-09 14:50:51,720 - INFO - [164/300] | train_loss: 0.02589
2025-09-09 14:50:53,120 - INFO - [165/300] | train_loss: 0.02865
2025-09-09 14:50:54,518 - INFO - [166/300] | train_loss: 0.02738
2025-09-09 14:50:55,919 - INFO - [167/300] | train_loss: 0.03856
2025-09-09 14:50:57,318 - INFO - [168/300] | train_loss: 0.04989
2025-09-09 14:50:58,717 - INFO - [169/300] | train_loss: 0.06105
2025-09-09 14:51:00,116 - INFO - [170/300] | train_loss: 0.17447
2025-09-09 14:51:00,267 - INFO - ----------
2025-09-09 14:51:00,267 - INFO - evaluation dataset type: valid
2025-09-09 14:51:00,283 - INFO - node    precision | micro: 0.424242; macro: 0.536869; score: [0.45454545 0.66666667 0.5        0.         1.         0.6       ]
2025-09-09 14:51:00,283 - INFO - node    recall    | micro: 0.875000; macro: 0.722222; score: [1.         0.66666667 0.66666667 0.         1.         1.        ]
2025-09-09 14:51:00,283 - INFO - node    f1        | micro: 0.571429; macro: 0.602183; score: [0.625      0.66666667 0.57142857 0.         1.         0.75      ]
2025-09-09 14:51:00,299 - INFO - service precision | micro: 0.053922; macro: 0.445190; score: [0.5        0.5        0.         1.         1.         0.00671141
 0.25       0.         0.75      ]
2025-09-09 14:51:00,300 - INFO - service recall    | micro: 0.458333; macro: 0.572222; score: [1.   1.   0.   0.2  0.2  1.   1.   0.   0.75]
2025-09-09 14:51:00,300 - INFO - service f1        | micro: 0.096491; macro: 0.351481; score: [0.66666667 0.66666667 0.         0.33333333 0.33333333 0.01333333
 0.4        0.         0.75      ]
2025-09-09 14:51:00,327 - INFO - pod     precision | micro: 0.092875; macro: 0.287204; score: [0.43478261 0.73333333 0.04790419 0.26315789 0.43478261 0.00907029
 0.18918919 0.04761905 0.425     ]
2025-09-09 14:51:00,327 - INFO - pod     recall    | micro: 0.629310; macro: 0.774179; score: [1.         1.         0.4        0.23809524 0.43478261 1.
 1.         1.         0.89473684]
2025-09-09 14:51:00,327 - INFO - pod     f1        | micro: 0.161863; macro: 0.358433; score: [0.60606061 0.84615385 0.0855615  0.25       0.43478261 0.01797753
 0.31818182 0.09090909 0.57627119]
2025-09-09 14:51:00,328 - INFO - ----------
2025-09-09 14:51:01,662 - INFO - [171/300] | train_loss: 0.22468
2025-09-09 14:51:03,057 - INFO - [172/300] | train_loss: 0.16638
2025-09-09 14:51:04,460 - INFO - [173/300] | train_loss: 0.12602
2025-09-09 14:51:05,858 - INFO - [174/300] | train_loss: 0.11852
2025-09-09 14:51:07,254 - INFO - [175/300] | train_loss: 0.08925
2025-09-09 14:51:08,652 - INFO - [176/300] | train_loss: 0.07574
2025-09-09 14:51:10,050 - INFO - [177/300] | train_loss: 0.04808
2025-09-09 14:51:11,446 - INFO - [178/300] | train_loss: 0.04458
2025-09-09 14:51:12,842 - INFO - [179/300] | train_loss: 0.03047
2025-09-09 14:51:14,237 - INFO - [180/300] | train_loss: 0.03613
2025-09-09 14:51:14,386 - INFO - ----------
2025-09-09 14:51:14,386 - INFO - evaluation dataset type: valid
2025-09-09 14:51:14,401 - INFO - node    precision | micro: 0.777778; macro: 0.702381; score: [0.71428571 1.         1.         0.         0.5        1.        ]
2025-09-09 14:51:14,401 - INFO - node    recall    | micro: 0.875000; macro: 0.722222; score: [1.         0.66666667 0.66666667 0.         1.         1.        ]
2025-09-09 14:51:14,402 - INFO - node    f1        | micro: 0.823529; macro: 0.683333; score: [0.83333333 0.8        0.8        0.         0.66666667 1.        ]
2025-09-09 14:51:14,418 - INFO - service precision | micro: 0.769231; macro: 0.629630; score: [1.         0.66666667 0.         1.         1.         0.
 1.         0.         1.        ]
2025-09-09 14:51:14,418 - INFO - service recall    | micro: 0.416667; macro: 0.461111; score: [1.   1.   0.   0.2  0.2  0.   1.   0.   0.75]
2025-09-09 14:51:14,418 - INFO - service f1        | micro: 0.540541; macro: 0.480423; score: [1.         0.8        0.         0.33333333 0.33333333 0.
 1.         0.         0.85714286]
2025-09-09 14:51:14,445 - INFO - pod     precision | micro: 0.614679; macro: 0.656321; score: [0.90909091 0.52380952 0.27777778 0.45454545 0.66666667 0.125
 1.         1.         0.95      ]
2025-09-09 14:51:14,445 - INFO - pod     recall    | micro: 0.577586; macro: 0.676213; score: [1.         1.         0.25       0.23809524 0.34782609 0.25
 1.         1.         1.        ]
2025-09-09 14:51:14,446 - INFO - pod     f1        | micro: 0.595556; macro: 0.645967; score: [0.95238095 0.6875     0.26315789 0.3125     0.45714286 0.16666667
 1.         1.         0.97435897]
2025-09-09 14:51:14,446 - INFO - ----------
2025-09-09 14:51:15,786 - INFO - [181/300] | train_loss: 0.02477
2025-09-09 14:51:17,183 - INFO - [182/300] | train_loss: 0.02052
2025-09-09 14:51:18,579 - INFO - [183/300] | train_loss: 0.02192
2025-09-09 14:51:19,974 - INFO - [184/300] | train_loss: 0.02112
2025-09-09 14:51:21,371 - INFO - [185/300] | train_loss: 0.02050
2025-09-09 14:51:22,768 - INFO - [186/300] | train_loss: 0.01900
2025-09-09 14:51:24,168 - INFO - [187/300] | train_loss: 0.01989
2025-09-09 14:51:25,561 - INFO - [188/300] | train_loss: 0.01849
2025-09-09 14:51:26,958 - INFO - [189/300] | train_loss: 0.01672
2025-09-09 14:51:28,357 - INFO - [190/300] | train_loss: 0.01573
2025-09-09 14:51:28,506 - INFO - ----------
2025-09-09 14:51:28,506 - INFO - evaluation dataset type: valid
2025-09-09 14:51:28,521 - INFO - node    precision | micro: 0.833333; macro: 0.730159; score: [0.71428571 1.         1.         0.         0.66666667 1.        ]
2025-09-09 14:51:28,521 - INFO - node    recall    | micro: 0.937500; macro: 0.777778; score: [1.         1.         0.66666667 0.         1.         1.        ]
2025-09-09 14:51:28,521 - INFO - node    f1        | micro: 0.882353; macro: 0.738889; score: [0.83333333 1.         0.8        0.         0.8        1.        ]
2025-09-09 14:51:28,537 - INFO - service precision | micro: 0.833333; macro: 0.611111; score: [1.  0.5 0.  1.  1.  0.  1.  0.  1. ]
2025-09-09 14:51:28,537 - INFO - service recall    | micro: 0.416667; macro: 0.461111; score: [1.   1.   0.   0.2  0.2  0.   1.   0.   0.75]
2025-09-09 14:51:28,538 - INFO - service f1        | micro: 0.555556; macro: 0.465608; score: [1.         0.66666667 0.         0.33333333 0.33333333 0.
 1.         0.         0.85714286]
2025-09-09 14:51:28,564 - INFO - pod     precision | micro: 0.649485; macro: 0.679683; score: [0.83333333 0.47826087 0.25       0.55555556 1.         0.
 1.         1.         1.        ]
2025-09-09 14:51:28,564 - INFO - pod     recall    | micro: 0.543103; macro: 0.633218; score: [1.         1.         0.2        0.23809524 0.26086957 0.
 1.         1.         1.        ]
2025-09-09 14:51:28,565 - INFO - pod     f1        | micro: 0.591549; macro: 0.613944; score: [0.90909091 0.64705882 0.22222222 0.33333333 0.4137931  0.
 1.         1.         1.        ]
2025-09-09 14:51:28,565 - INFO - ----------
2025-09-09 14:51:29,899 - INFO - [191/300] | train_loss: 0.01576
2025-09-09 14:51:31,298 - INFO - [192/300] | train_loss: 0.01398
2025-09-09 14:51:32,696 - INFO - [193/300] | train_loss: 0.01473
2025-09-09 14:51:34,092 - INFO - [194/300] | train_loss: 0.01601
2025-09-09 14:51:35,488 - INFO - [195/300] | train_loss: 0.01228
2025-09-09 14:51:36,891 - INFO - [196/300] | train_loss: 0.01306
2025-09-09 14:51:38,286 - INFO - [197/300] | train_loss: 0.01474
2025-09-09 14:51:39,680 - INFO - [198/300] | train_loss: 0.01998
2025-09-09 14:51:41,075 - INFO - [199/300] | train_loss: 0.01463
2025-09-09 14:51:42,473 - INFO - [200/300] | train_loss: 0.01624
2025-09-09 14:51:42,622 - INFO - ----------
2025-09-09 14:51:42,622 - INFO - evaluation dataset type: valid
2025-09-09 14:51:42,637 - INFO - node    precision | micro: 0.652174; macro: 0.634259; score: [0.55555556 0.75       1.         0.         0.5        1.        ]
2025-09-09 14:51:42,637 - INFO - node    recall    | micro: 0.937500; macro: 0.777778; score: [1.         1.         0.66666667 0.         1.         1.        ]
2025-09-09 14:51:42,637 - INFO - node    f1        | micro: 0.769231; macro: 0.673016; score: [0.71428571 0.85714286 0.8        0.         0.66666667 1.        ]
2025-09-09 14:51:42,653 - INFO - service precision | micro: 0.846154; macro: 0.629630; score: [1.         0.66666667 0.         1.         1.         0.
 1.         0.         1.        ]
2025-09-09 14:51:42,654 - INFO - service recall    | micro: 0.458333; macro: 0.483333; score: [1.   1.   0.   0.2  0.4  0.   1.   0.   0.75]
2025-09-09 14:51:42,654 - INFO - service f1        | micro: 0.594595; macro: 0.506878; score: [1.         0.8        0.         0.33333333 0.57142857 0.
 1.         0.         0.85714286]
2025-09-09 14:51:42,680 - INFO - pod     precision | micro: 0.670000; macro: 0.701894; score: [0.83333333 0.6875     0.3        0.45454545 0.875      0.16666667
 1.         1.         1.        ]
2025-09-09 14:51:42,680 - INFO - pod     recall    | micro: 0.577586; macro: 0.676938; score: [1.         1.         0.3        0.23809524 0.30434783 0.25
 1.         1.         1.        ]
2025-09-09 14:51:42,680 - INFO - pod     f1        | micro: 0.620370; macro: 0.665335; score: [0.90909091 0.81481481 0.3        0.3125     0.4516129  0.2
 1.         1.         1.        ]
2025-09-09 14:51:42,680 - INFO - ----------
2025-09-09 14:51:44,016 - INFO - [201/300] | train_loss: 0.01290
2025-09-09 14:51:45,411 - INFO - [202/300] | train_loss: 0.01156
2025-09-09 14:51:46,809 - INFO - [203/300] | train_loss: 0.01269
2025-09-09 14:51:48,204 - INFO - [204/300] | train_loss: 0.01421
2025-09-09 14:51:49,601 - INFO - [205/300] | train_loss: 0.01350
2025-09-09 14:51:50,999 - INFO - [206/300] | train_loss: 0.01188
2025-09-09 14:51:52,401 - INFO - [207/300] | train_loss: 0.01172
2025-09-09 14:51:53,798 - INFO - [208/300] | train_loss: 0.01474
2025-09-09 14:51:55,196 - INFO - [209/300] | train_loss: 0.01618
2025-09-09 14:51:56,594 - INFO - [210/300] | train_loss: 0.01402
2025-09-09 14:51:56,742 - INFO - ----------
2025-09-09 14:51:56,742 - INFO - evaluation dataset type: valid
2025-09-09 14:51:56,757 - INFO - node    precision | micro: 0.789474; macro: 0.702381; score: [0.71428571 1.         1.         0.         0.5        1.        ]
2025-09-09 14:51:56,757 - INFO - node    recall    | micro: 0.937500; macro: 0.777778; score: [1.         1.         0.66666667 0.         1.         1.        ]
2025-09-09 14:51:56,758 - INFO - node    f1        | micro: 0.857143; macro: 0.716667; score: [0.83333333 1.         0.8        0.         0.66666667 1.        ]
2025-09-09 14:51:56,774 - INFO - service precision | micro: 0.833333; macro: 0.611111; score: [1.  0.5 0.  1.  1.  0.  1.  0.  1. ]
2025-09-09 14:51:56,774 - INFO - service recall    | micro: 0.416667; macro: 0.461111; score: [1.   1.   0.   0.2  0.2  0.   1.   0.   0.75]
2025-09-09 14:51:56,774 - INFO - service f1        | micro: 0.555556; macro: 0.465608; score: [1.         0.66666667 0.         0.33333333 0.33333333 0.
 1.         0.         0.85714286]
2025-09-09 14:51:56,801 - INFO - pod     precision | micro: 0.695652; macro: 0.699288; score: [0.90909091 0.57894737 0.25       0.55555556 1.         0.
 1.         1.         1.        ]
2025-09-09 14:51:56,801 - INFO - pod     recall    | micro: 0.551724; macro: 0.638049; score: [1.         1.         0.2        0.23809524 0.30434783 0.
 1.         1.         1.        ]
2025-09-09 14:51:56,801 - INFO - pod     f1        | micro: 0.615385; macro: 0.634215; score: [0.95238095 0.73333333 0.22222222 0.33333333 0.46666667 0.
 1.         1.         1.        ]
2025-09-09 14:51:56,801 - INFO - ----------
2025-09-09 14:51:58,135 - INFO - [211/300] | train_loss: 0.01291
2025-09-09 14:51:59,533 - INFO - [212/300] | train_loss: 0.01330
2025-09-09 14:52:00,930 - INFO - [213/300] | train_loss: 0.01099
2025-09-09 14:52:02,325 - INFO - [214/300] | train_loss: 0.01572
2025-09-09 14:52:03,722 - INFO - [215/300] | train_loss: 0.01515
2025-09-09 14:52:05,143 - INFO - [216/300] | train_loss: 0.01342
2025-09-09 14:52:06,550 - INFO - [217/300] | train_loss: 0.01189
2025-09-09 14:52:07,952 - INFO - [218/300] | train_loss: 0.01266
2025-09-09 14:52:09,351 - INFO - [219/300] | train_loss: 0.01113
2025-09-09 14:52:10,747 - INFO - [220/300] | train_loss: 0.01081
2025-09-09 14:52:10,895 - INFO - ----------
2025-09-09 14:52:10,896 - INFO - evaluation dataset type: valid
2025-09-09 14:52:10,911 - INFO - node    precision | micro: 0.736842; macro: 0.646825; score: [0.71428571 0.66666667 1.         0.         0.5        1.        ]
2025-09-09 14:52:10,911 - INFO - node    recall    | micro: 0.875000; macro: 0.722222; score: [1.         0.66666667 0.66666667 0.         1.         1.        ]
2025-09-09 14:52:10,912 - INFO - node    f1        | micro: 0.800000; macro: 0.661111; score: [0.83333333 0.66666667 0.8        0.         0.66666667 1.        ]
2025-09-09 14:52:10,928 - INFO - service precision | micro: 0.833333; macro: 0.611111; score: [1.  0.5 0.  1.  1.  0.  1.  0.  1. ]
2025-09-09 14:52:10,928 - INFO - service recall    | micro: 0.416667; macro: 0.461111; score: [1.   1.   0.   0.2  0.2  0.   1.   0.   0.75]
2025-09-09 14:52:10,928 - INFO - service f1        | micro: 0.555556; macro: 0.465608; score: [1.         0.66666667 0.         0.33333333 0.33333333 0.
 1.         0.         0.85714286]
2025-09-09 14:52:10,955 - INFO - pod     precision | micro: 0.732558; macro: 0.723335; score: [0.90909091 0.57894737 0.30769231 0.71428571 1.         0.
 1.         1.         1.        ]
2025-09-09 14:52:10,955 - INFO - pod     recall    | micro: 0.543103; macro: 0.633218; score: [1.         1.         0.2        0.23809524 0.26086957 0.
 1.         1.         1.        ]
2025-09-09 14:52:10,955 - INFO - pod     f1        | micro: 0.623762; macro: 0.633230; score: [0.95238095 0.73333333 0.24242424 0.35714286 0.4137931  0.
 1.         1.         1.        ]
2025-09-09 14:52:10,955 - INFO - ----------
2025-09-09 14:52:12,295 - INFO - [221/300] | train_loss: 0.01151
2025-09-09 14:52:13,690 - INFO - [222/300] | train_loss: 0.00975
2025-09-09 14:52:15,091 - INFO - [223/300] | train_loss: 0.00957
2025-09-09 14:52:16,487 - INFO - [224/300] | train_loss: 0.01237
2025-09-09 14:52:17,885 - INFO - [225/300] | train_loss: 0.01367
2025-09-09 14:52:19,286 - INFO - [226/300] | train_loss: 0.02240
2025-09-09 14:52:20,685 - INFO - [227/300] | train_loss: 0.01433
2025-09-09 14:52:22,097 - INFO - [228/300] | train_loss: 0.01468
2025-09-09 14:52:23,498 - INFO - [229/300] | train_loss: 0.01443
2025-09-09 14:52:24,890 - INFO - [230/300] | train_loss: 0.01251
2025-09-09 14:52:25,038 - INFO - ----------
2025-09-09 14:52:25,038 - INFO - evaluation dataset type: valid
2025-09-09 14:52:25,053 - INFO - node    precision | micro: 0.777778; macro: 0.702381; score: [0.71428571 1.         1.         0.         0.5        1.        ]
2025-09-09 14:52:25,053 - INFO - node    recall    | micro: 0.875000; macro: 0.722222; score: [1.         0.66666667 0.66666667 0.         1.         1.        ]
2025-09-09 14:52:25,054 - INFO - node    f1        | micro: 0.823529; macro: 0.683333; score: [0.83333333 0.8        0.8        0.         0.66666667 1.        ]
2025-09-09 14:52:25,070 - INFO - service precision | micro: 1.000000; macro: 0.666667; score: [1. 1. 0. 1. 1. 0. 1. 0. 1.]
2025-09-09 14:52:25,070 - INFO - service recall    | micro: 0.416667; macro: 0.461111; score: [1.   1.   0.   0.2  0.2  0.   1.   0.   0.75]
2025-09-09 14:52:25,070 - INFO - service f1        | micro: 0.588235; macro: 0.502646; score: [1.         1.         0.         0.33333333 0.33333333 0.
 1.         0.         0.85714286]
2025-09-09 14:52:25,097 - INFO - pod     precision | micro: 0.771084; macro: 0.740883; score: [0.90909091 0.84615385 0.35714286 0.55555556 1.         0.
 1.         1.         1.        ]
2025-09-09 14:52:25,097 - INFO - pod     recall    | micro: 0.551724; macro: 0.638774; score: [1.         1.         0.25       0.23809524 0.26086957 0.
 1.         1.         1.        ]
2025-09-09 14:52:25,098 - INFO - pod     f1        | micro: 0.643216; macro: 0.656699; score: [0.95238095 0.91666667 0.29411765 0.33333333 0.4137931  0.
 1.         1.         1.        ]
2025-09-09 14:52:25,098 - INFO - ----------
2025-09-09 14:52:26,430 - INFO - [231/300] | train_loss: 0.01368
2025-09-09 14:52:27,826 - INFO - [232/300] | train_loss: 0.01323
2025-09-09 14:52:29,223 - INFO - [233/300] | train_loss: 0.01196
2025-09-09 14:52:30,622 - INFO - [234/300] | train_loss: 0.01307
2025-09-09 14:52:32,028 - INFO - [235/300] | train_loss: 0.01192
2025-09-09 14:52:33,423 - INFO - [236/300] | train_loss: 0.00985
2025-09-09 14:52:34,824 - INFO - [237/300] | train_loss: 0.01009
2025-09-09 14:52:36,222 - INFO - [238/300] | train_loss: 0.01107
2025-09-09 14:52:37,622 - INFO - [239/300] | train_loss: 0.01022
2025-09-09 14:52:39,025 - INFO - [240/300] | train_loss: 0.00968
2025-09-09 14:52:39,172 - INFO - ----------
2025-09-09 14:52:39,172 - INFO - evaluation dataset type: valid
2025-09-09 14:52:39,188 - INFO - node    precision | micro: 0.736842; macro: 0.646825; score: [0.71428571 0.66666667 1.         0.         0.5        1.        ]
2025-09-09 14:52:39,188 - INFO - node    recall    | micro: 0.875000; macro: 0.722222; score: [1.         0.66666667 0.66666667 0.         1.         1.        ]
2025-09-09 14:52:39,188 - INFO - node    f1        | micro: 0.800000; macro: 0.661111; score: [0.83333333 0.66666667 0.8        0.         0.66666667 1.        ]
2025-09-09 14:52:39,204 - INFO - service precision | micro: 0.818182; macro: 0.500000; score: [1.  0.5 0.  0.  1.  0.  1.  0.  1. ]
2025-09-09 14:52:39,205 - INFO - service recall    | micro: 0.375000; macro: 0.438889; score: [1.   1.   0.   0.   0.2  0.   1.   0.   0.75]
2025-09-09 14:52:39,205 - INFO - service f1        | micro: 0.514286; macro: 0.428571; score: [1.         0.66666667 0.         0.         0.33333333 0.
 1.         0.         0.85714286]
2025-09-09 14:52:39,231 - INFO - pod     precision | micro: 0.750000; macro: 0.684934; score: [0.90909091 0.73333333 0.30769231 0.71428571 1.         0.
 1.         0.5        1.        ]
2025-09-09 14:52:39,232 - INFO - pod     recall    | micro: 0.543103; macro: 0.633218; score: [1.         1.         0.2        0.23809524 0.26086957 0.
 1.         1.         1.        ]
2025-09-09 14:52:39,232 - INFO - pod     f1        | micro: 0.630000; macro: 0.608729; score: [0.95238095 0.84615385 0.24242424 0.35714286 0.4137931  0.
 1.         0.66666667 1.        ]
2025-09-09 14:52:39,232 - INFO - ----------
2025-09-09 14:52:40,575 - INFO - [241/300] | train_loss: 0.01194
2025-09-09 14:52:41,976 - INFO - [242/300] | train_loss: 0.01005
2025-09-09 14:52:43,381 - INFO - [243/300] | train_loss: 0.01294
2025-09-09 14:52:44,778 - INFO - [244/300] | train_loss: 0.01622
2025-09-09 14:52:46,178 - INFO - [245/300] | train_loss: 0.00938
2025-09-09 14:52:47,578 - INFO - [246/300] | train_loss: 0.01321
2025-09-09 14:52:48,977 - INFO - [247/300] | train_loss: 0.01236
2025-09-09 14:52:50,392 - INFO - [248/300] | train_loss: 0.01031
2025-09-09 14:52:51,798 - INFO - [249/300] | train_loss: 0.01138
2025-09-09 14:52:53,198 - INFO - [250/300] | train_loss: 0.01035
2025-09-09 14:52:53,347 - INFO - ----------
2025-09-09 14:52:53,347 - INFO - evaluation dataset type: valid
2025-09-09 14:52:53,363 - INFO - node    precision | micro: 0.823529; macro: 0.730159; score: [0.71428571 0.66666667 1.         0.         1.         1.        ]
2025-09-09 14:52:53,363 - INFO - node    recall    | micro: 0.875000; macro: 0.722222; score: [1.         0.66666667 0.66666667 0.         1.         1.        ]
2025-09-09 14:52:53,363 - INFO - node    f1        | micro: 0.848485; macro: 0.716667; score: [0.83333333 0.66666667 0.8        0.         1.         1.        ]
2025-09-09 14:52:53,379 - INFO - service precision | micro: 0.833333; macro: 0.611111; score: [1.  0.5 0.  1.  1.  0.  1.  0.  1. ]
2025-09-09 14:52:53,379 - INFO - service recall    | micro: 0.416667; macro: 0.461111; score: [1.   1.   0.   0.2  0.2  0.   1.   0.   0.75]
2025-09-09 14:52:53,380 - INFO - service f1        | micro: 0.555556; macro: 0.465608; score: [1.         0.66666667 0.         0.33333333 0.33333333 0.
 1.         0.         0.85714286]
2025-09-09 14:52:53,406 - INFO - pod     precision | micro: 0.790123; macro: 0.746072; score: [0.90909091 0.91666667 0.33333333 0.55555556 1.         0.
 1.         1.         1.        ]
2025-09-09 14:52:53,407 - INFO - pod     recall    | micro: 0.551724; macro: 0.638774; score: [1.         1.         0.25       0.23809524 0.26086957 0.
 1.         1.         1.        ]
2025-09-09 14:52:53,407 - INFO - pod     f1        | micro: 0.649746; macro: 0.660194; score: [0.95238095 0.95652174 0.28571429 0.33333333 0.4137931  0.
 1.         1.         1.        ]
2025-09-09 14:52:53,407 - INFO - ----------
2025-09-09 14:52:54,746 - INFO - [251/300] | train_loss: 0.01188
2025-09-09 14:52:56,142 - INFO - [252/300] | train_loss: 0.00923
2025-09-09 14:52:57,541 - INFO - [253/300] | train_loss: 0.00969
2025-09-09 14:52:58,938 - INFO - [254/300] | train_loss: 0.00995
2025-09-09 14:53:00,372 - INFO - [255/300] | train_loss: 0.00909
2025-09-09 14:53:01,770 - INFO - [256/300] | train_loss: 0.00942
2025-09-09 14:53:03,169 - INFO - [257/300] | train_loss: 0.00946
2025-09-09 14:53:04,568 - INFO - [258/300] | train_loss: 0.01048
2025-09-09 14:53:05,969 - INFO - [259/300] | train_loss: 0.00792
2025-09-09 14:53:07,370 - INFO - [260/300] | train_loss: 0.00917
2025-09-09 14:53:07,519 - INFO - ----------
2025-09-09 14:53:07,519 - INFO - evaluation dataset type: valid
2025-09-09 14:53:07,535 - INFO - node    precision | micro: 0.750000; macro: 0.660714; score: [0.71428571 0.75       1.         0.         0.5        1.        ]
2025-09-09 14:53:07,535 - INFO - node    recall    | micro: 0.937500; macro: 0.777778; score: [1.         1.         0.66666667 0.         1.         1.        ]
2025-09-09 14:53:07,535 - INFO - node    f1        | micro: 0.833333; macro: 0.692857; score: [0.83333333 0.85714286 0.8        0.         0.66666667 1.        ]
2025-09-09 14:53:07,551 - INFO - service precision | micro: 0.769231; macro: 0.611111; score: [1.  0.5 0.  1.  1.  0.  1.  0.  1. ]
2025-09-09 14:53:07,552 - INFO - service recall    | micro: 0.416667; macro: 0.461111; score: [1.   1.   0.   0.2  0.2  0.   1.   0.   0.75]
2025-09-09 14:53:07,552 - INFO - service f1        | micro: 0.540541; macro: 0.465608; score: [1.         0.66666667 0.         0.33333333 0.33333333 0.
 1.         0.         0.85714286]
2025-09-09 14:53:07,578 - INFO - pod     precision | micro: 0.747126; macro: 0.739899; score: [0.90909091 0.91666667 0.27777778 0.55555556 1.         0.
 1.         1.         1.        ]
2025-09-09 14:53:07,578 - INFO - pod     recall    | micro: 0.560345; macro: 0.643605; score: [1.         1.         0.25       0.23809524 0.30434783 0.
 1.         1.         1.        ]
2025-09-09 14:53:07,579 - INFO - pod     f1        | micro: 0.640394; macro: 0.663562; score: [0.95238095 0.95652174 0.26315789 0.33333333 0.46666667 0.
 1.         1.         1.        ]
2025-09-09 14:53:07,579 - INFO - ----------
2025-09-09 14:53:08,915 - INFO - [261/300] | train_loss: 0.00884
2025-09-09 14:53:10,315 - INFO - [262/300] | train_loss: 0.00930
2025-09-09 14:53:11,715 - INFO - [263/300] | train_loss: 0.00928
2025-09-09 14:53:13,114 - INFO - [264/300] | train_loss: 0.01023
2025-09-09 14:53:14,515 - INFO - [265/300] | train_loss: 0.00952
2025-09-09 14:53:15,915 - INFO - [266/300] | train_loss: 0.00944
2025-09-09 14:53:17,316 - INFO - [267/300] | train_loss: 0.01070
2025-09-09 14:53:18,719 - INFO - [268/300] | train_loss: 0.00926
2025-09-09 14:53:20,118 - INFO - [269/300] | train_loss: 0.01277
2025-09-09 14:53:21,516 - INFO - [270/300] | train_loss: 0.00968
2025-09-09 14:53:21,664 - INFO - ----------
2025-09-09 14:53:21,665 - INFO - evaluation dataset type: valid
2025-09-09 14:53:21,680 - INFO - node    precision | micro: 0.789474; macro: 0.688492; score: [0.71428571 0.75       1.         0.         0.66666667 1.        ]
2025-09-09 14:53:21,680 - INFO - node    recall    | micro: 0.937500; macro: 0.777778; score: [1.         1.         0.66666667 0.         1.         1.        ]
2025-09-09 14:53:21,680 - INFO - node    f1        | micro: 0.857143; macro: 0.715079; score: [0.83333333 0.85714286 0.8        0.         0.8        1.        ]
2025-09-09 14:53:21,696 - INFO - service precision | micro: 0.909091; macro: 0.629630; score: [1.         0.66666667 0.         1.         1.         0.
 1.         0.         1.        ]
2025-09-09 14:53:21,696 - INFO - service recall    | micro: 0.416667; macro: 0.461111; score: [1.   1.   0.   0.2  0.2  0.   1.   0.   0.75]
2025-09-09 14:53:21,696 - INFO - service f1        | micro: 0.571429; macro: 0.480423; score: [1.         0.8        0.         0.33333333 0.33333333 0.
 1.         0.         0.85714286]
2025-09-09 14:53:21,723 - INFO - pod     precision | micro: 0.722222; macro: 0.739338; score: [0.90909091 0.91666667 0.27272727 0.55555556 1.         0.
 1.         1.         1.        ]
2025-09-09 14:53:21,723 - INFO - pod     recall    | micro: 0.560345; macro: 0.644329; score: [1.         1.         0.3        0.23809524 0.26086957 0.
 1.         1.         1.        ]
2025-09-09 14:53:21,723 - INFO - pod     f1        | micro: 0.631068; macro: 0.660194; score: [0.95238095 0.95652174 0.28571429 0.33333333 0.4137931  0.
 1.         1.         1.        ]
2025-09-09 14:53:21,723 - INFO - ----------
2025-09-09 14:53:23,057 - INFO - [271/300] | train_loss: 0.01046
2025-09-09 14:53:24,455 - INFO - [272/300] | train_loss: 0.00974
2025-09-09 14:53:25,857 - INFO - [273/300] | train_loss: 0.00936
2025-09-09 14:53:27,257 - INFO - [274/300] | train_loss: 0.00913
2025-09-09 14:53:28,655 - INFO - [275/300] | train_loss: 0.00874
2025-09-09 14:53:30,055 - INFO - [276/300] | train_loss: 0.00876
2025-09-09 14:53:31,454 - INFO - [277/300] | train_loss: 0.01093
2025-09-09 14:53:32,855 - INFO - [278/300] | train_loss: 0.00883
2025-09-09 14:53:34,255 - INFO - [279/300] | train_loss: 0.01163
2025-09-09 14:53:35,658 - INFO - [280/300] | train_loss: 0.00996
2025-09-09 14:53:35,805 - INFO - ----------
2025-09-09 14:53:35,805 - INFO - evaluation dataset type: valid
2025-09-09 14:53:35,821 - INFO - node    precision | micro: 0.736842; macro: 0.674603; score: [0.71428571 0.66666667 1.         0.         0.66666667 1.        ]
2025-09-09 14:53:35,821 - INFO - node    recall    | micro: 0.875000; macro: 0.722222; score: [1.         0.66666667 0.66666667 0.         1.         1.        ]
2025-09-09 14:53:35,821 - INFO - node    f1        | micro: 0.800000; macro: 0.683333; score: [0.83333333 0.66666667 0.8        0.         0.8        1.        ]
2025-09-09 14:53:35,837 - INFO - service precision | micro: 0.909091; macro: 0.629630; score: [1.         0.66666667 0.         1.         1.         0.
 1.         0.         1.        ]
2025-09-09 14:53:35,837 - INFO - service recall    | micro: 0.416667; macro: 0.461111; score: [1.   1.   0.   0.2  0.2  0.   1.   0.   0.75]
2025-09-09 14:53:35,837 - INFO - service f1        | micro: 0.571429; macro: 0.480423; score: [1.         0.8        0.         0.33333333 0.33333333 0.
 1.         0.         0.85714286]
2025-09-09 14:53:35,864 - INFO - pod     precision | micro: 0.826667; macro: 0.755874; score: [0.90909091 0.84615385 0.33333333 0.71428571 1.         0.
 1.         1.         1.        ]
2025-09-09 14:53:35,864 - INFO - pod     recall    | micro: 0.534483; macro: 0.627663; score: [1.         1.         0.15       0.23809524 0.26086957 0.
 1.         1.         1.        ]
2025-09-09 14:53:35,864 - INFO - pod     f1        | micro: 0.649215; macro: 0.649653; score: [0.95238095 0.91666667 0.20689655 0.35714286 0.4137931  0.
 1.         1.         1.        ]
2025-09-09 14:53:35,864 - INFO - ----------
2025-09-09 14:53:37,199 - INFO - [281/300] | train_loss: 0.01296
2025-09-09 14:53:38,596 - INFO - [282/300] | train_loss: 0.01181
2025-09-09 14:53:39,993 - INFO - [283/300] | train_loss: 0.01247
2025-09-09 14:53:41,392 - INFO - [284/300] | train_loss: 0.01335
2025-09-09 14:53:42,792 - INFO - [285/300] | train_loss: 0.01521
2025-09-09 14:53:44,189 - INFO - [286/300] | train_loss: 0.01176
2025-09-09 14:53:45,590 - INFO - [287/300] | train_loss: 0.01595
2025-09-09 14:53:46,984 - INFO - [288/300] | train_loss: 0.01162
2025-09-09 14:53:48,382 - INFO - [289/300] | train_loss: 0.01096
2025-09-09 14:53:49,783 - INFO - [290/300] | train_loss: 0.01287
2025-09-09 14:53:49,932 - INFO - ----------
2025-09-09 14:53:49,932 - INFO - evaluation dataset type: valid
2025-09-09 14:53:49,947 - INFO - node    precision | micro: 0.750000; macro: 0.663492; score: [0.71428571 0.6        1.         0.         0.66666667 1.        ]
2025-09-09 14:53:49,948 - INFO - node    recall    | micro: 0.937500; macro: 0.777778; score: [1.         1.         0.66666667 0.         1.         1.        ]
2025-09-09 14:53:49,948 - INFO - node    f1        | micro: 0.833333; macro: 0.697222; score: [0.83333333 0.75       0.8        0.         0.8        1.        ]
2025-09-09 14:53:49,964 - INFO - service precision | micro: 0.909091; macro: 0.629630; score: [1.         0.66666667 0.         1.         1.         0.
 1.         0.         1.        ]
2025-09-09 14:53:49,964 - INFO - service recall    | micro: 0.416667; macro: 0.461111; score: [1.   1.   0.   0.2  0.2  0.   1.   0.   0.75]
2025-09-09 14:53:49,964 - INFO - service f1        | micro: 0.571429; macro: 0.480423; score: [1.         0.8        0.         0.33333333 0.33333333 0.
 1.         0.         0.85714286]
2025-09-09 14:53:49,991 - INFO - pod     precision | micro: 0.759036; macro: 0.726773; score: [0.90909091 0.84615385 0.28571429 0.5        1.         0.
 1.         1.         1.        ]
2025-09-09 14:53:49,991 - INFO - pod     recall    | micro: 0.543103; macro: 0.633218; score: [1.         1.         0.2        0.23809524 0.26086957 0.
 1.         1.         1.        ]
2025-09-09 14:53:49,991 - INFO - pod     f1        | micro: 0.633166; macro: 0.648968; score: [0.95238095 0.91666667 0.23529412 0.32258065 0.4137931  0.
 1.         1.         1.        ]
2025-09-09 14:53:49,991 - INFO - ----------
2025-09-09 14:53:51,332 - INFO - [291/300] | train_loss: 0.01243
2025-09-09 14:53:52,729 - INFO - [292/300] | train_loss: 0.00944
2025-09-09 14:53:54,127 - INFO - [293/300] | train_loss: 0.00988
2025-09-09 14:53:55,525 - INFO - [294/300] | train_loss: 0.00895
2025-09-09 14:53:56,924 - INFO - [295/300] | train_loss: 0.00871
2025-09-09 14:53:58,327 - INFO - [296/300] | train_loss: 0.01577
2025-09-09 14:53:59,728 - INFO - [297/300] | train_loss: 0.01087
2025-09-09 14:54:01,126 - INFO - [298/300] | train_loss: 0.00947
2025-09-09 14:54:02,526 - INFO - [299/300] | train_loss: 0.00970
2025-09-09 14:54:03,139 - INFO - ----------
2025-09-09 14:54:03,139 - INFO - evaluation dataset type: test
2025-09-09 14:54:03,159 - INFO - node    precision | micro: 0.670455; macro: 0.720649; score: [0.77777778 0.7        1.         0.42857143 0.73333333 0.68421053]
2025-09-09 14:54:03,159 - INFO - node    recall    | micro: 0.880597; macro: 0.872354; score: [1.         1.         0.55555556 0.75       1.         0.92857143]
2025-09-09 14:54:03,159 - INFO - node    f1        | micro: 0.761290; macro: 0.765384; score: [0.875      0.82352941 0.71428571 0.54545455 0.84615385 0.78787879]
2025-09-09 14:54:03,186 - INFO - service precision | micro: 0.717647; macro: 0.730245; score: [1.         0.75       0.27272727 0.625      0.8        0.61538462
 0.90909091 1.         0.6       ]
2025-09-09 14:54:03,186 - INFO - service recall    | micro: 0.693182; macro: 0.724074; score: [1.         1.         0.3        0.41666667 0.66666667 0.53333333
 1.         1.         0.6       ]
2025-09-09 14:54:03,187 - INFO - service f1        | micro: 0.705202; macro: 0.721549; score: [1.         0.85714286 0.28571429 0.5        0.72727273 0.57142857
 0.95238095 1.         0.6       ]
2025-09-09 14:54:03,261 - INFO - pod     precision | micro: 0.644860; macro: 0.703997; score: [0.94       0.78571429 0.26       0.46153846 0.69090909 0.6091954
 0.98076923 0.94117647 0.66666667]
2025-09-09 14:54:03,261 - INFO - pod     recall    | micro: 0.787671; macro: 0.813097; score: [1.         0.95652174 0.53061224 0.48387097 0.67857143 0.77941176
 1.         1.         0.88888889]
2025-09-09 14:54:03,261 - INFO - pod     f1        | micro: 0.709147; macro: 0.749300; score: [0.96907216 0.8627451  0.34899329 0.47244094 0.68468468 0.68387097
 0.99029126 0.96969697 0.76190476]
2025-09-09 14:54:03,261 - INFO - ----------
----GATNet----
GAT_name1:  GATv2Conv
GAT_name2:  GATConv
activ_fun1:  relu6
activ_fun2:  relu6
====================================================================================================
Layer (type:depth-idx)                                                      Param #
====================================================================================================
Sequential                                                                  --
├─RepresentationLearning: 1-1                                               --
│    └─ModuleDict: 2-1                                                      --
│    │    └─Linear: 3-1                                                     6,144
│    └─ModuleDict: 2-2                                                      --
│    │    └─PositionalEmbedding: 3-2                                        --
│    └─ModuleDict: 2-3                                                      --
│    │    └─TransformerEncoder: 3-3                                         6,304,768
├─FeatureIntegration: 1-2                                                   --
│    └─ModuleDict: 2-4                                                      --
│    │    └─SEAttention: 3-4                                                32,768
│    │    └─SEAttention: 3-5                                                32,768
│    │    └─SEAttention: 3-6                                                32,768
│    └─ModuleDict: 2-5                                                      --
│    │    └─Linear: 3-7                                                     8,651,264
│    │    └─Linear: 3-8                                                     1,049,088
│    │    └─Linear: 3-9                                                     7,078,400
├─FeatureFusion: 1-3                                                        --
│    └─GATNet: 2-6                                                          --
│    │    └─GATv2Conv: 3-10                                                 526,336
│    │    └─GATConv: 3-11                                                   65,920
│    └─ModuleDict: 2-7                                                      --
│    │    └─Linear: 3-12                                                    774
│    │    └─Linear: 3-13                                                    1,161
│    │    └─Linear: 3-14                                                    1,161
├─FaultClassifier: 1-4                                                      --
│    └─ModuleDict: 2-8                                                      --
│    │    └─Linear: 3-15                                                    774
│    │    └─Linear: 3-16                                                    1,161
│    │    └─Linear: 3-17                                                    1,161
====================================================================================================
Total params: 23,786,416
Trainable params: 23,786,416
Non-trainable params: 0
====================================================================================================
# new transformed data: trace, metric, api
2025-09-09 14:54:11,100 - INFO - [0/300] | train_loss: 3.71517
2025-09-09 14:54:11,385 - INFO - ----------
2025-09-09 14:54:11,386 - INFO - evaluation dataset type: valid
2025-09-09 14:54:11,402 - INFO - node    precision | micro: 0.016155; macro: 0.029764; score: [0.03125    0.00515464 0.00840336 0.         0.06060606 0.07317073]
2025-09-09 14:54:11,402 - INFO - node    recall    | micro: 0.625000; macro: 0.544444; score: [0.6        0.33333333 0.33333333 0.         1.         1.        ]
2025-09-09 14:54:11,402 - INFO - node    f1        | micro: 0.031496; macro: 0.056100; score: [0.05940594 0.01015228 0.01639344 0.         0.11428571 0.13636364]
2025-09-09 14:54:11,419 - INFO - service precision | micro: 0.011091; macro: 0.038912; score: [0.00543478 0.00508906 0.         0.08571429 0.04285714 0.
 0.11111111 0.         0.1       ]
2025-09-09 14:54:11,419 - INFO - service recall    | micro: 0.500000; macro: 0.494444; score: [1.   1.   0.   0.6  0.6  0.   1.   0.   0.25]
2025-09-09 14:54:11,420 - INFO - service f1        | micro: 0.021700; macro: 0.065977; score: [0.01081081 0.01012658 0.         0.15       0.08       0.
 0.2        0.         0.14285714]
2025-09-09 14:54:11,449 - INFO - pod     precision | micro: 0.018945; macro: 0.118061; score: [0.45       0.36       0.00364964 0.         0.0591133  0.
 0.16666667 0.00934579 0.0137781 ]
2025-09-09 14:54:11,450 - INFO - pod     recall    | micro: 0.517241; macro: 0.598880; score: [0.9        0.81818182 0.15       0.         0.52173913 0.
 1.         1.         1.        ]
2025-09-09 14:54:11,450 - INFO - pod     f1        | micro: 0.036552; macro: 0.171637; score: [0.6        0.5        0.00712589 0.         0.10619469 0.
 0.28571429 0.01851852 0.02718169]
2025-09-09 14:54:11,450 - INFO - ----------
2025-09-09 14:54:13,804 - INFO - [1/300] | train_loss: 2.46778
2025-09-09 14:54:16,191 - INFO - [2/300] | train_loss: 1.68547
2025-09-09 14:54:18,600 - INFO - [3/300] | train_loss: 1.28217
2025-09-09 14:54:21,000 - INFO - [4/300] | train_loss: 1.04041
2025-09-09 14:54:23,405 - INFO - [5/300] | train_loss: 0.83065
2025-09-09 14:54:25,805 - INFO - [6/300] | train_loss: 0.70852
2025-09-09 14:54:28,202 - INFO - [7/300] | train_loss: 0.60924
2025-09-09 14:54:30,590 - INFO - [8/300] | train_loss: 0.53591
2025-09-09 14:54:32,990 - INFO - [9/300] | train_loss: 0.47891
2025-09-09 14:54:35,388 - INFO - [10/300] | train_loss: 0.43326
2025-09-09 14:54:35,668 - INFO - ----------
2025-09-09 14:54:35,668 - INFO - evaluation dataset type: valid
2025-09-09 14:54:35,688 - INFO - node    precision | micro: 0.306122; macro: 0.351190; score: [0.35714286 0.25       0.5        0.         0.4        0.6       ]
2025-09-09 14:54:35,688 - INFO - node    recall    | micro: 0.937500; macro: 0.777778; score: [1.         1.         0.66666667 0.         1.         1.        ]
2025-09-09 14:54:35,688 - INFO - node    f1        | micro: 0.461538; macro: 0.469862; score: [0.52631579 0.4        0.57142857 0.         0.57142857 0.75      ]
2025-09-09 14:54:35,707 - INFO - service precision | micro: 0.233333; macro: 0.206349; score: [0.28571429 0.25       0.15       0.         0.4        0.
 0.2        0.         0.57142857]
2025-09-09 14:54:35,707 - INFO - service recall    | micro: 0.583333; macro: 0.572222; score: [1.   1.   0.75 0.   0.4  0.   1.   0.   1.  ]
2025-09-09 14:54:35,708 - INFO - service f1        | micro: 0.333333; macro: 0.283895; score: [0.44444444 0.4        0.25       0.         0.4        0.
 0.33333333 0.         0.72727273]
2025-09-09 14:54:35,739 - INFO - pod     precision | micro: 0.168880; macro: 0.179600; score: [0.25641026 0.25       0.12121212 0.14754098 0.2238806  0.01612903
 0.16666667 0.03030303 0.40425532]
2025-09-09 14:54:35,739 - INFO - pod     recall    | micro: 0.767241; macro: 0.792305; score: [1.         1.         0.8        0.42857143 0.65217391 0.25
 1.         1.         1.        ]
2025-09-09 14:54:35,739 - INFO - pod     f1        | micro: 0.276827; macro: 0.280237; score: [0.40816327 0.4        0.21052632 0.2195122  0.33333333 0.03030303
 0.28571429 0.05882353 0.57575758]
2025-09-09 14:54:35,739 - INFO - ----------
2025-09-09 14:54:38,104 - INFO - [11/300] | train_loss: 0.38286
2025-09-09 14:54:40,514 - INFO - [12/300] | train_loss: 0.33612
2025-09-09 14:54:42,898 - INFO - [13/300] | train_loss: 0.33117
2025-09-09 14:54:45,285 - INFO - [14/300] | train_loss: 0.29112
2025-09-09 14:54:47,697 - INFO - [15/300] | train_loss: 0.27039
2025-09-09 14:54:50,100 - INFO - [16/300] | train_loss: 0.25024
2025-09-09 14:54:52,495 - INFO - [17/300] | train_loss: 0.22671
2025-09-09 14:54:54,890 - INFO - [18/300] | train_loss: 0.20191
2025-09-09 14:54:57,309 - INFO - [19/300] | train_loss: 0.20165
2025-09-09 14:54:59,691 - INFO - [20/300] | train_loss: 0.18759
2025-09-09 14:54:59,993 - INFO - ----------
2025-09-09 14:54:59,993 - INFO - evaluation dataset type: valid
2025-09-09 14:55:00,010 - INFO - node    precision | micro: 0.454545; macro: 0.519444; score: [0.41666667 0.3        1.         0.         0.4        1.        ]
2025-09-09 14:55:00,011 - INFO - node    recall    | micro: 0.937500; macro: 0.777778; score: [1.         1.         0.66666667 0.         1.         1.        ]
2025-09-09 14:55:00,011 - INFO - node    f1        | micro: 0.612245; macro: 0.570200; score: [0.58823529 0.46153846 0.8        0.         0.57142857 1.        ]
2025-09-09 14:55:00,027 - INFO - service precision | micro: 0.325581; macro: 0.316667; score: [0.4        0.25       0.2        0.         0.66666667 0.
 0.33333333 0.         1.        ]
2025-09-09 14:55:00,027 - INFO - service recall    | micro: 0.583333; macro: 0.572222; score: [1.   1.   0.75 0.   0.4  0.   1.   0.   1.  ]
2025-09-09 14:55:00,027 - INFO - service f1        | micro: 0.417910; macro: 0.365246; score: [0.57142857 0.4        0.31578947 0.         0.5        0.
 0.5        0.         1.        ]
2025-09-09 14:55:00,055 - INFO - pod     precision | micro: 0.243094; macro: 0.244960; score: [0.41666667 0.25581395 0.18888889 0.16666667 0.3125     0.03571429
 0.2        0.05263158 0.57575758]
2025-09-09 14:55:00,055 - INFO - pod     recall    | micro: 0.758621; macro: 0.787279; score: [1.         1.         0.85       0.33333333 0.65217391 0.25
 1.         1.         1.        ]
2025-09-09 14:55:00,055 - INFO - pod     f1        | micro: 0.368201; macro: 0.352899; score: [0.58823529 0.40740741 0.30909091 0.22222222 0.42253521 0.0625
 0.33333333 0.1        0.73076923]
2025-09-09 14:55:00,055 - INFO - ----------
2025-09-09 14:55:02,491 - INFO - [21/300] | train_loss: 0.17953
2025-09-09 14:55:04,901 - INFO - [22/300] | train_loss: 0.16205
2025-09-09 14:55:07,315 - INFO - [23/300] | train_loss: 0.16137
2025-09-09 14:55:09,708 - INFO - [24/300] | train_loss: 0.13909
2025-09-09 14:55:12,096 - INFO - [25/300] | train_loss: 0.13751
2025-09-09 14:55:14,504 - INFO - [26/300] | train_loss: 0.13182
2025-09-09 14:55:16,900 - INFO - [27/300] | train_loss: 0.11978
2025-09-09 14:55:19,302 - INFO - [28/300] | train_loss: 0.11972
2025-09-09 14:55:21,704 - INFO - [29/300] | train_loss: 0.11831
2025-09-09 14:55:24,105 - INFO - [30/300] | train_loss: 0.10238
2025-09-09 14:55:24,407 - INFO - ----------
2025-09-09 14:55:24,407 - INFO - evaluation dataset type: valid
2025-09-09 14:55:24,424 - INFO - node    precision | micro: 0.517241; macro: 0.554924; score: [0.45454545 0.375      1.         0.         0.5        1.        ]
2025-09-09 14:55:24,424 - INFO - node    recall    | micro: 0.937500; macro: 0.777778; score: [1.         1.         0.66666667 0.         1.         1.        ]
2025-09-09 14:55:24,424 - INFO - node    f1        | micro: 0.666667; macro: 0.606187; score: [0.625      0.54545455 0.8        0.         0.66666667 1.        ]
2025-09-09 14:55:24,443 - INFO - service precision | micro: 0.500000; macro: 0.470370; score: [0.66666667 0.4        0.33333333 0.5        1.         0.
 0.33333333 0.         1.        ]
2025-09-09 14:55:24,443 - INFO - service recall    | micro: 0.500000; macro: 0.516667; score: [1.   1.   0.25 0.2  0.2  0.   1.   0.   1.  ]
2025-09-09 14:55:24,443 - INFO - service f1        | micro: 0.500000; macro: 0.419577; score: [0.8        0.57142857 0.28571429 0.28571429 0.33333333 0.
 0.5        0.         1.        ]
2025-09-09 14:55:24,478 - INFO - pod     precision | micro: 0.336170; macro: 0.345231; score: [0.90909091 0.26829268 0.35897436 0.18181818 0.40740741 0.
 0.29166667 0.07692308 0.61290323]
2025-09-09 14:55:24,478 - INFO - pod     recall    | micro: 0.681034; macro: 0.718219; score: [1.         1.         0.7        0.28571429 0.47826087 0.
 1.         1.         1.        ]
2025-09-09 14:55:24,478 - INFO - pod     f1        | micro: 0.450142; macro: 0.429636; score: [0.95238095 0.42307692 0.47457627 0.22222222 0.44       0.
 0.4516129  0.14285714 0.76      ]
2025-09-09 14:55:24,478 - INFO - ----------
2025-09-09 14:55:26,787 - INFO - [31/300] | train_loss: 0.09631
2025-09-09 14:55:29,200 - INFO - [32/300] | train_loss: 0.10134
2025-09-09 14:55:31,592 - INFO - [33/300] | train_loss: 0.09148
2025-09-09 14:55:34,012 - INFO - [34/300] | train_loss: 0.08858
2025-09-09 14:55:36,398 - INFO - [35/300] | train_loss: 0.08355
2025-09-09 14:55:38,800 - INFO - [36/300] | train_loss: 0.08750
2025-09-09 14:55:41,216 - INFO - [37/300] | train_loss: 0.07743
2025-09-09 14:55:43,605 - INFO - [38/300] | train_loss: 0.07529
2025-09-09 14:55:45,998 - INFO - [39/300] | train_loss: 0.07363
2025-09-09 14:55:48,394 - INFO - [40/300] | train_loss: 0.06697
2025-09-09 14:55:48,684 - INFO - ----------
2025-09-09 14:55:48,684 - INFO - evaluation dataset type: valid
2025-09-09 14:55:48,700 - INFO - node    precision | micro: 0.555556; macro: 0.571429; score: [0.5        0.42857143 1.         0.         0.5        1.        ]
2025-09-09 14:55:48,701 - INFO - node    recall    | micro: 0.937500; macro: 0.777778; score: [1.         1.         0.66666667 0.         1.         1.        ]
2025-09-09 14:55:48,701 - INFO - node    f1        | micro: 0.697674; macro: 0.622222; score: [0.66666667 0.6        0.8        0.         0.66666667 1.        ]
2025-09-09 14:55:48,717 - INFO - service precision | micro: 0.541667; macro: 0.425926; score: [0.66666667 0.33333333 0.5        0.         1.         0.
 0.33333333 0.         1.        ]
2025-09-09 14:55:48,717 - INFO - service recall    | micro: 0.541667; macro: 0.544444; score: [1.  1.  0.5 0.  0.4 0.  1.  0.  1. ]
2025-09-09 14:55:48,717 - INFO - service f1        | micro: 0.541667; macro: 0.430159; score: [0.8        0.5        0.5        0.         0.57142857 0.
 0.5        0.         1.        ]
2025-09-09 14:55:48,743 - INFO - pod     precision | micro: 0.421053; macro: 0.420210; score: [0.90909091 0.2972973  0.41463415 0.16666667 0.43478261 0.1
 0.46666667 0.16666667 0.82608696]
2025-09-09 14:55:48,744 - INFO - pod     recall    | micro: 0.689655; macro: 0.747251; score: [1.         1.         0.85       0.19047619 0.43478261 0.25
 1.         1.         1.        ]
2025-09-09 14:55:48,744 - INFO - pod     f1        | micro: 0.522876; macro: 0.505594; score: [0.95238095 0.45833333 0.55737705 0.17777778 0.43478261 0.14285714
 0.63636364 0.28571429 0.9047619 ]
2025-09-09 14:55:48,744 - INFO - ----------
2025-09-09 14:55:51,000 - INFO - [41/300] | train_loss: 0.06511
2025-09-09 14:55:53,396 - INFO - [42/300] | train_loss: 0.06522
2025-09-09 14:55:55,828 - INFO - [43/300] | train_loss: 0.06556
2025-09-09 14:55:58,209 - INFO - [44/300] | train_loss: 0.05773
2025-09-09 14:56:00,768 - INFO - [45/300] | train_loss: 0.05379
2025-09-09 14:56:03,207 - INFO - [46/300] | train_loss: 0.05754
2025-09-09 14:56:05,602 - INFO - [47/300] | train_loss: 0.05953
2025-09-09 14:56:08,003 - INFO - [48/300] | train_loss: 0.06161
2025-09-09 14:56:10,458 - INFO - [49/300] | train_loss: 0.05174
2025-09-09 14:56:12,799 - INFO - [50/300] | train_loss: 0.04849
2025-09-09 14:56:13,102 - INFO - ----------
2025-09-09 14:56:13,102 - INFO - evaluation dataset type: valid
2025-09-09 14:56:13,118 - INFO - node    precision | micro: 0.681818; macro: 0.646825; score: [0.71428571 0.5        1.         0.         0.66666667 1.        ]
2025-09-09 14:56:13,118 - INFO - node    recall    | micro: 0.937500; macro: 0.777778; score: [1.         1.         0.66666667 0.         1.         1.        ]
2025-09-09 14:56:13,118 - INFO - node    f1        | micro: 0.789474; macro: 0.683333; score: [0.83333333 0.66666667 0.8        0.         0.8        1.        ]
2025-09-09 14:56:13,134 - INFO - service precision | micro: 0.521739; macro: 0.527778; score: [1.   0.25 0.5  0.   1.   0.   1.   0.   1.  ]
2025-09-09 14:56:13,134 - INFO - service recall    | micro: 0.500000; macro: 0.522222; score: [1.  1.  0.5 0.  0.2 0.  1.  0.  1. ]
2025-09-09 14:56:13,134 - INFO - service f1        | micro: 0.510638; macro: 0.470370; score: [1.         0.4        0.5        0.         0.33333333 0.
 1.         0.         1.        ]
2025-09-09 14:56:13,161 - INFO - pod     precision | micro: 0.441989; macro: 0.466632; score: [0.90909091 0.35483871 0.36170213 0.14814815 0.52380952 0.
 0.53846154 0.5        0.86363636]
2025-09-09 14:56:13,161 - INFO - pod     recall    | micro: 0.689655; macro: 0.724304; score: [1.         1.         0.85       0.19047619 0.47826087 0.
 1.         1.         1.        ]
2025-09-09 14:56:13,161 - INFO - pod     f1        | micro: 0.538721; macro: 0.549313; score: [0.95238095 0.52380952 0.50746269 0.16666667 0.5        0.
 0.7        0.66666667 0.92682927]
2025-09-09 14:56:13,161 - INFO - ----------
2025-09-09 14:56:15,500 - INFO - [51/300] | train_loss: 0.05694
2025-09-09 14:56:17,896 - INFO - [52/300] | train_loss: 0.04803
2025-09-09 14:56:20,299 - INFO - [53/300] | train_loss: 0.04953
2025-09-09 14:56:22,700 - INFO - [54/300] | train_loss: 0.04782
2025-09-09 14:56:25,099 - INFO - [55/300] | train_loss: 0.04181
2025-09-09 14:56:27,504 - INFO - [56/300] | train_loss: 0.04177
2025-09-09 14:56:29,900 - INFO - [57/300] | train_loss: 0.03924
2025-09-09 14:56:32,300 - INFO - [58/300] | train_loss: 0.03799
2025-09-09 14:56:34,808 - INFO - [59/300] | train_loss: 0.03827
2025-09-09 14:56:37,199 - INFO - [60/300] | train_loss: 0.03689
2025-09-09 14:56:37,487 - INFO - ----------
2025-09-09 14:56:37,487 - INFO - evaluation dataset type: valid
2025-09-09 14:56:37,505 - INFO - node    precision | micro: 0.681818; macro: 0.646825; score: [0.71428571 0.5        1.         0.         0.66666667 1.        ]
2025-09-09 14:56:37,505 - INFO - node    recall    | micro: 0.937500; macro: 0.777778; score: [1.         1.         0.66666667 0.         1.         1.        ]
2025-09-09 14:56:37,505 - INFO - node    f1        | micro: 0.789474; macro: 0.683333; score: [0.83333333 0.66666667 0.8        0.         0.8        1.        ]
2025-09-09 14:56:37,522 - INFO - service precision | micro: 0.687500; macro: 0.592593; score: [1.         0.33333333 1.         0.         1.         0.
 1.         0.         1.        ]
2025-09-09 14:56:37,522 - INFO - service recall    | micro: 0.458333; macro: 0.494444; score: [1.   1.   0.25 0.   0.2  0.   1.   0.   1.  ]
2025-09-09 14:56:37,522 - INFO - service f1        | micro: 0.550000; macro: 0.470370; score: [1.         0.5        0.4        0.         0.33333333 0.
 1.         0.         1.        ]
2025-09-09 14:56:37,550 - INFO - pod     precision | micro: 0.539007; macro: 0.540469; score: [0.83333333 0.37931034 0.56521739 0.16666667 0.83333333 0.
 0.63636364 0.5        0.95      ]
2025-09-09 14:56:37,550 - INFO - pod     recall    | micro: 0.655172; macro: 0.702542; score: [1.         1.         0.65       0.23809524 0.43478261 0.
 1.         1.         1.        ]
2025-09-09 14:56:37,550 - INFO - pod     f1        | micro: 0.591440; macro: 0.583339; score: [0.90909091 0.55       0.60465116 0.19607843 0.57142857 0.
 0.77777778 0.66666667 0.97435897]
2025-09-09 14:56:37,550 - INFO - ----------
2025-09-09 14:56:39,904 - INFO - [61/300] | train_loss: 0.04085
2025-09-09 14:56:42,304 - INFO - [62/300] | train_loss: 0.03645
2025-09-09 14:56:44,705 - INFO - [63/300] | train_loss: 0.03554
2025-09-09 14:56:47,292 - INFO - [64/300] | train_loss: 0.03652
2025-09-09 14:56:49,703 - INFO - [65/300] | train_loss: 0.03263
2025-09-09 14:56:52,101 - INFO - [66/300] | train_loss: 0.03665
2025-09-09 14:56:54,485 - INFO - [67/300] | train_loss: 0.03436
2025-09-09 14:56:56,901 - INFO - [68/300] | train_loss: 0.03780
2025-09-09 14:56:59,297 - INFO - [69/300] | train_loss: 0.03689
2025-09-09 14:57:01,704 - INFO - [70/300] | train_loss: 0.04100
2025-09-09 14:57:01,985 - INFO - ----------
2025-09-09 14:57:01,985 - INFO - evaluation dataset type: valid
2025-09-09 14:57:02,001 - INFO - node    precision | micro: 0.625000; macro: 0.604167; score: [0.625 0.5   1.    0.    0.5   1.   ]
2025-09-09 14:57:02,001 - INFO - node    recall    | micro: 0.937500; macro: 0.777778; score: [1.         1.         0.66666667 0.         1.         1.        ]
2025-09-09 14:57:02,001 - INFO - node    f1        | micro: 0.750000; macro: 0.650427; score: [0.76923077 0.66666667 0.8        0.         0.66666667 1.        ]
2025-09-09 14:57:02,018 - INFO - service precision | micro: 0.538462; macro: 0.457672; score: [0.66666667 0.28571429 0.5        0.33333333 1.         0.
 0.33333333 0.         1.        ]
2025-09-09 14:57:02,018 - INFO - service recall    | micro: 0.583333; macro: 0.566667; score: [1.  1.  0.5 0.2 0.4 0.  1.  0.  1. ]
2025-09-09 14:57:02,018 - INFO - service f1        | micro: 0.560000; macro: 0.451764; score: [0.8        0.44444444 0.5        0.25       0.57142857 0.
 0.5        0.         1.        ]
2025-09-09 14:57:02,045 - INFO - pod     precision | micro: 0.461929; macro: 0.484757; score: [0.90909091 0.40740741 0.41463415 0.20512821 0.56666667 0.08333333
 0.53846154 0.33333333 0.9047619 ]
2025-09-09 14:57:02,045 - INFO - pod     recall    | micro: 0.784483; macro: 0.802231; score: [1.         1.         0.85       0.38095238 0.73913043 0.25
 1.         1.         1.        ]
2025-09-09 14:57:02,045 - INFO - pod     f1        | micro: 0.581470; macro: 0.585765; score: [0.95238095 0.57894737 0.55737705 0.26666667 0.64150943 0.125
 0.7        0.5        0.95      ]
2025-09-09 14:57:02,045 - INFO - ----------
2025-09-09 14:57:04,402 - INFO - [71/300] | train_loss: 0.03383
2025-09-09 14:57:06,824 - INFO - [72/300] | train_loss: 0.04452
2025-09-09 14:57:09,204 - INFO - [73/300] | train_loss: 0.04212
2025-09-09 14:57:11,599 - INFO - [74/300] | train_loss: 0.03903
2025-09-09 14:57:13,989 - INFO - [75/300] | train_loss: 0.03909
2025-09-09 14:57:16,395 - INFO - [76/300] | train_loss: 0.03536
2025-09-09 14:57:18,810 - INFO - [77/300] | train_loss: 0.03266
2025-09-09 14:57:21,199 - INFO - [78/300] | train_loss: 0.03122
2025-09-09 14:57:23,601 - INFO - [79/300] | train_loss: 0.02917
2025-09-09 14:57:26,001 - INFO - [80/300] | train_loss: 0.03093
2025-09-09 14:57:26,285 - INFO - ----------
2025-09-09 14:57:26,285 - INFO - evaluation dataset type: valid
2025-09-09 14:57:26,301 - INFO - node    precision | micro: 0.681818; macro: 0.646825; score: [0.71428571 0.5        1.         0.         0.66666667 1.        ]
2025-09-09 14:57:26,301 - INFO - node    recall    | micro: 0.937500; macro: 0.777778; score: [1.         1.         0.66666667 0.         1.         1.        ]
2025-09-09 14:57:26,301 - INFO - node    f1        | micro: 0.789474; macro: 0.683333; score: [0.83333333 0.66666667 0.8        0.         0.8        1.        ]
2025-09-09 14:57:26,318 - INFO - service precision | micro: 0.550000; macro: 0.531746; score: [1.         0.28571429 0.5        0.         1.         0.
 1.         0.         1.        ]
2025-09-09 14:57:26,318 - INFO - service recall    | micro: 0.458333; macro: 0.494444; score: [1.   1.   0.25 0.   0.2  0.   1.   0.   1.  ]
2025-09-09 14:57:26,318 - INFO - service f1        | micro: 0.500000; macro: 0.456790; score: [1.         0.44444444 0.33333333 0.         0.33333333 0.
 1.         0.         1.        ]
2025-09-09 14:57:26,345 - INFO - pod     precision | micro: 0.544218; macro: 0.609900; score: [0.90909091 0.52380952 0.46875    0.16666667 0.85714286 0.
 0.7        1.         0.86363636]
2025-09-09 14:57:26,345 - INFO - pod     recall    | micro: 0.689655; macro: 0.723315; score: [1.         1.         0.75       0.23809524 0.52173913 0.
 1.         1.         1.        ]
2025-09-09 14:57:26,345 - INFO - pod     f1        | micro: 0.608365; macro: 0.645766; score: [0.95238095 0.6875     0.57692308 0.19607843 0.64864865 0.
 0.82352941 1.         0.92682927]
2025-09-09 14:57:26,345 - INFO - ----------
2025-09-09 14:57:28,703 - INFO - [81/300] | train_loss: 0.02993
2025-09-09 14:57:31,155 - INFO - [82/300] | train_loss: 0.02991
2025-09-09 14:57:33,502 - INFO - [83/300] | train_loss: 0.04034
2025-09-09 14:57:35,899 - INFO - [84/300] | train_loss: 0.03366
2025-09-09 14:57:38,362 - INFO - [85/300] | train_loss: 0.02774
2025-09-09 14:57:40,689 - INFO - [86/300] | train_loss: 0.02547
2025-09-09 14:57:43,101 - INFO - [87/300] | train_loss: 0.02879
2025-09-09 14:57:45,550 - INFO - [88/300] | train_loss: 0.02730
2025-09-09 14:57:48,201 - INFO - [89/300] | train_loss: 0.02509
2025-09-09 14:57:50,605 - INFO - [90/300] | train_loss: 0.02618
2025-09-09 14:57:50,898 - INFO - ----------
2025-09-09 14:57:50,899 - INFO - evaluation dataset type: valid
2025-09-09 14:57:50,914 - INFO - node    precision | micro: 0.750000; macro: 0.688492; score: [0.71428571 0.75       1.         0.         0.66666667 1.        ]
2025-09-09 14:57:50,915 - INFO - node    recall    | micro: 0.937500; macro: 0.777778; score: [1.         1.         0.66666667 0.         1.         1.        ]
2025-09-09 14:57:50,915 - INFO - node    f1        | micro: 0.833333; macro: 0.715079; score: [0.83333333 0.85714286 0.8        0.         0.8        1.        ]
2025-09-09 14:57:50,931 - INFO - service precision | micro: 0.647059; macro: 0.507407; score: [1.         0.4        0.66666667 0.         1.         0.
 0.5        0.         1.        ]
2025-09-09 14:57:50,931 - INFO - service recall    | micro: 0.458333; macro: 0.494444; score: [1.   1.   0.5  0.   0.2  0.   1.   0.   0.75]
2025-09-09 14:57:50,931 - INFO - service f1        | micro: 0.536585; macro: 0.444444; score: [1.         0.57142857 0.57142857 0.         0.33333333 0.
 0.66666667 0.         0.85714286]
2025-09-09 14:57:50,958 - INFO - pod     precision | micro: 0.537415; macro: 0.620354; score: [0.90909091 0.55       0.35294118 0.1        0.84615385 0.
 0.875      1.         0.95      ]
2025-09-09 14:57:50,958 - INFO - pod     recall    | micro: 0.681034; macro: 0.719278; score: [1.         1.         0.9        0.0952381  0.47826087 0.
 1.         1.         1.        ]
2025-09-09 14:57:50,958 - INFO - pod     f1        | micro: 0.600760; macro: 0.642829; score: [0.95238095 0.70967742 0.50704225 0.09756098 0.61111111 0.
 0.93333333 1.         0.97435897]
2025-09-09 14:57:50,958 - INFO - ----------
2025-09-09 14:57:53,298 - INFO - [91/300] | train_loss: 0.02525
2025-09-09 14:57:55,706 - INFO - [92/300] | train_loss: 0.02228
2025-09-09 14:57:58,200 - INFO - [93/300] | train_loss: 0.02488
2025-09-09 14:58:00,608 - INFO - [94/300] | train_loss: 0.02147
2025-09-09 14:58:03,001 - INFO - [95/300] | train_loss: 0.02206
2025-09-09 14:58:05,400 - INFO - [96/300] | train_loss: 0.02534
2025-09-09 14:58:07,968 - INFO - [97/300] | train_loss: 0.02271
2025-09-09 14:58:10,391 - INFO - [98/300] | train_loss: 0.02115
2025-09-09 14:58:12,802 - INFO - [99/300] | train_loss: 0.01993
2025-09-09 14:58:15,197 - INFO - [100/300] | train_loss: 0.02298
2025-09-09 14:58:15,485 - INFO - ----------
2025-09-09 14:58:15,485 - INFO - evaluation dataset type: valid
2025-09-09 14:58:15,501 - INFO - node    precision | micro: 0.714286; macro: 0.660714; score: [0.71428571 0.75       1.         0.         0.5        1.        ]
2025-09-09 14:58:15,501 - INFO - node    recall    | micro: 0.937500; macro: 0.777778; score: [1.         1.         0.66666667 0.         1.         1.        ]
2025-09-09 14:58:15,501 - INFO - node    f1        | micro: 0.810811; macro: 0.692857; score: [0.83333333 0.85714286 0.8        0.         0.66666667 1.        ]
2025-09-09 14:58:15,517 - INFO - service precision | micro: 0.687500; macro: 0.544444; score: [1.  0.4 0.5 0.  1.  0.  1.  0.  1. ]
2025-09-09 14:58:15,518 - INFO - service recall    | micro: 0.458333; macro: 0.494444; score: [1.   1.   0.25 0.   0.2  0.   1.   0.   1.  ]
2025-09-09 14:58:15,518 - INFO - service f1        | micro: 0.550000; macro: 0.470899; score: [1.         0.57142857 0.33333333 0.         0.33333333 0.
 1.         0.         1.        ]
2025-09-09 14:58:15,545 - INFO - pod     precision | micro: 0.654545; macro: 0.654181; score: [0.90909091 0.61111111 0.58333333 0.         0.90909091 0.
 0.875      1.         1.        ]
2025-09-09 14:58:15,545 - INFO - pod     recall    | micro: 0.620690; macro: 0.681643; score: [1.         1.         0.7        0.         0.43478261 0.
 1.         1.         1.        ]
2025-09-09 14:58:15,545 - INFO - pod     f1        | micro: 0.637168; macro: 0.652104; score: [0.95238095 0.75862069 0.63636364 0.         0.58823529 0.
 0.93333333 1.         1.        ]
2025-09-09 14:58:15,545 - INFO - ----------
2025-09-09 14:58:17,901 - INFO - [101/300] | train_loss: 0.02151
2025-09-09 14:58:20,390 - INFO - [102/300] | train_loss: 0.02036
2025-09-09 14:58:22,791 - INFO - [103/300] | train_loss: 0.01973
2025-09-09 14:58:25,200 - INFO - [104/300] | train_loss: 0.01770
2025-09-09 14:58:27,670 - INFO - [105/300] | train_loss: 0.01688
2025-09-09 14:58:30,101 - INFO - [106/300] | train_loss: 0.02235
2025-09-09 14:58:32,665 - INFO - [107/300] | train_loss: 0.01954
2025-09-09 14:58:35,066 - INFO - [108/300] | train_loss: 0.02206
2025-09-09 14:58:37,588 - INFO - [109/300] | train_loss: 0.02617
2025-09-09 14:58:39,999 - INFO - [110/300] | train_loss: 0.03124
2025-09-09 14:58:40,293 - INFO - ----------
2025-09-09 14:58:40,293 - INFO - evaluation dataset type: valid
2025-09-09 14:58:40,308 - INFO - node    precision | micro: 0.681818; macro: 0.646825; score: [0.71428571 0.5        1.         0.         0.66666667 1.        ]
2025-09-09 14:58:40,309 - INFO - node    recall    | micro: 0.937500; macro: 0.777778; score: [1.         1.         0.66666667 0.         1.         1.        ]
2025-09-09 14:58:40,309 - INFO - node    f1        | micro: 0.789474; macro: 0.683333; score: [0.83333333 0.66666667 0.8        0.         0.8        1.        ]
2025-09-09 14:58:40,325 - INFO - service precision | micro: 0.733333; macro: 0.544444; score: [1.  0.4 0.5 0.  1.  0.  1.  0.  1. ]
2025-09-09 14:58:40,325 - INFO - service recall    | micro: 0.458333; macro: 0.494444; score: [1.   1.   0.25 0.   0.2  0.   1.   0.   1.  ]
2025-09-09 14:58:40,325 - INFO - service f1        | micro: 0.564103; macro: 0.470899; score: [1.         0.57142857 0.33333333 0.         0.33333333 0.
 1.         0.         1.        ]
2025-09-09 14:58:40,352 - INFO - pod     precision | micro: 0.648649; macro: 0.656078; score: [0.90909091 0.57894737 0.46666667 0.         1.         0.
 1.         1.         0.95      ]
2025-09-09 14:58:40,352 - INFO - pod     recall    | micro: 0.620690; macro: 0.681643; score: [1.         1.         0.7        0.         0.43478261 0.
 1.         1.         1.        ]
2025-09-09 14:58:40,352 - INFO - pod     f1        | micro: 0.634361; macro: 0.647348; score: [0.95238095 0.73333333 0.56       0.         0.60606061 0.
 1.         1.         0.97435897]
2025-09-09 14:58:40,352 - INFO - ----------
2025-09-09 14:58:42,702 - INFO - [111/300] | train_loss: 0.01943
2025-09-09 14:58:45,104 - INFO - [112/300] | train_loss: 0.01722
2025-09-09 14:58:47,602 - INFO - [113/300] | train_loss: 0.01556
2025-09-09 14:58:50,086 - INFO - [114/300] | train_loss: 0.01786
2025-09-09 14:58:53,002 - INFO - [115/300] | train_loss: 0.01692
2025-09-09 14:58:55,408 - INFO - [116/300] | train_loss: 0.01587
2025-09-09 14:58:57,804 - INFO - [117/300] | train_loss: 0.03065
2025-09-09 14:59:00,262 - INFO - [118/300] | train_loss: 0.03610
2025-09-09 14:59:02,608 - INFO - [119/300] | train_loss: 0.02547
2025-09-09 14:59:05,059 - INFO - [120/300] | train_loss: 0.02397
2025-09-09 14:59:05,300 - INFO - ----------
2025-09-09 14:59:05,300 - INFO - evaluation dataset type: valid
2025-09-09 14:59:05,316 - INFO - node    precision | micro: 0.789474; macro: 0.738889; score: [0.83333333 0.6        1.         0.         1.         1.        ]
2025-09-09 14:59:05,316 - INFO - node    recall    | micro: 0.937500; macro: 0.777778; score: [1.         1.         0.66666667 0.         1.         1.        ]
2025-09-09 14:59:05,316 - INFO - node    f1        | micro: 0.857143; macro: 0.743182; score: [0.90909091 0.75       0.8        0.         1.         1.        ]
2025-09-09 14:59:05,332 - INFO - service precision | micro: 0.631579; macro: 0.527778; score: [1.   0.5  0.5  0.25 0.5  0.   1.   0.   1.  ]
2025-09-09 14:59:05,332 - INFO - service recall    | micro: 0.500000; macro: 0.516667; score: [1.   1.   0.25 0.2  0.2  0.   1.   0.   1.  ]
2025-09-09 14:59:05,332 - INFO - service f1        | micro: 0.558140; macro: 0.500882; score: [1.         0.66666667 0.33333333 0.22222222 0.28571429 0.
 1.         0.         1.        ]
2025-09-09 14:59:05,359 - INFO - pod     precision | micro: 0.503145; macro: 0.622939; score: [0.90909091 0.52380952 0.325      0.2        0.56521739 0.08333333
 1.         1.         1.        ]
2025-09-09 14:59:05,360 - INFO - pod     recall    | micro: 0.689655; macro: 0.744813; score: [1.         1.         0.65       0.23809524 0.56521739 0.25
 1.         1.         1.        ]
2025-09-09 14:59:05,360 - INFO - pod     f1        | micro: 0.581818; macro: 0.664536; score: [0.95238095 0.6875     0.43333333 0.2173913  0.56521739 0.125
 1.         1.         1.        ]
2025-09-09 14:59:05,360 - INFO - ----------
2025-09-09 14:59:07,863 - INFO - [121/300] | train_loss: 0.02636
2025-09-09 14:59:10,203 - INFO - [122/300] | train_loss: 0.02193
2025-09-09 14:59:12,800 - INFO - [123/300] | train_loss: 0.02123
2025-09-09 14:59:15,201 - INFO - [124/300] | train_loss: 0.01898
2025-09-09 14:59:17,710 - INFO - [125/300] | train_loss: 0.01960
2025-09-09 14:59:20,465 - INFO - [126/300] | train_loss: 0.01811
2025-09-09 14:59:22,799 - INFO - [127/300] | train_loss: 0.01640
2025-09-09 14:59:25,186 - INFO - [128/300] | train_loss: 0.01704
2025-09-09 14:59:27,603 - INFO - [129/300] | train_loss: 0.01910
2025-09-09 14:59:30,360 - INFO - [130/300] | train_loss: 0.01581
2025-09-09 14:59:30,600 - INFO - ----------
2025-09-09 14:59:30,600 - INFO - evaluation dataset type: valid
2025-09-09 14:59:30,616 - INFO - node    precision | micro: 0.750000; macro: 0.719048; score: [0.71428571 0.6        1.         0.         1.         1.        ]
2025-09-09 14:59:30,616 - INFO - node    recall    | micro: 0.937500; macro: 0.777778; score: [1.         1.         0.66666667 0.         1.         1.        ]
2025-09-09 14:59:30,616 - INFO - node    f1        | micro: 0.833333; macro: 0.730556; score: [0.83333333 0.75       0.8        0.         1.         1.        ]
2025-09-09 14:59:30,632 - INFO - service precision | micro: 0.764706; macro: 0.629630; score: [1.         0.5        0.66666667 0.5        1.         0.
 1.         0.         1.        ]
2025-09-09 14:59:30,632 - INFO - service recall    | micro: 0.541667; macro: 0.544444; score: [1.  1.  0.5 0.2 0.2 0.  1.  0.  1. ]
2025-09-09 14:59:30,632 - INFO - service f1        | micro: 0.634146; macro: 0.539683; score: [1.         0.66666667 0.57142857 0.28571429 0.33333333 0.
 1.         0.         1.        ]
2025-09-09 14:59:30,659 - INFO - pod     precision | micro: 0.604839; macro: 0.661487; score: [0.90909091 0.57894737 0.40625    0.2        0.90909091 0.
 1.         1.         0.95      ]
2025-09-09 14:59:30,659 - INFO - pod     recall    | micro: 0.646552; macro: 0.697251; score: [1.         1.         0.65       0.19047619 0.43478261 0.
 1.         1.         1.        ]
2025-09-09 14:59:30,659 - INFO - pod     f1        | micro: 0.625000; macro: 0.660381; score: [0.95238095 0.73333333 0.5        0.19512195 0.58823529 0.
 1.         1.         0.97435897]
2025-09-09 14:59:30,659 - INFO - ----------
2025-09-09 14:59:33,001 - INFO - [131/300] | train_loss: 0.01701
2025-09-09 14:59:35,399 - INFO - [132/300] | train_loss: 0.01729
2025-09-09 14:59:37,903 - INFO - [133/300] | train_loss: 0.01718
2025-09-09 14:59:40,302 - INFO - [134/300] | train_loss: 0.01632
2025-09-09 14:59:42,701 - INFO - [135/300] | train_loss: 0.01456
2025-09-09 14:59:45,199 - INFO - [136/300] | train_loss: 0.01479
2025-09-09 14:59:47,596 - INFO - [137/300] | train_loss: 0.01657
2025-09-09 14:59:49,999 - INFO - [138/300] | train_loss: 0.02063
2025-09-09 14:59:52,401 - INFO - [139/300] | train_loss: 0.01874
2025-09-09 14:59:54,807 - INFO - [140/300] | train_loss: 0.02742
2025-09-09 14:59:55,085 - INFO - ----------
2025-09-09 14:59:55,085 - INFO - evaluation dataset type: valid
2025-09-09 14:59:55,101 - INFO - node    precision | micro: 0.681818; macro: 0.692593; score: [0.55555556 0.6        1.         0.         1.         1.        ]
2025-09-09 14:59:55,101 - INFO - node    recall    | micro: 0.937500; macro: 0.777778; score: [1.         1.         0.66666667 0.         1.         1.        ]
2025-09-09 14:59:55,101 - INFO - node    f1        | micro: 0.789474; macro: 0.710714; score: [0.71428571 0.75       0.8        0.         1.         1.        ]
2025-09-09 14:59:55,117 - INFO - service precision | micro: 0.185567; macro: 0.424034; score: [0.5        0.33333333 0.05797101 0.125      0.8        0.
 1.         0.         1.        ]
2025-09-09 14:59:55,117 - INFO - service recall    | micro: 0.750000; macro: 0.666667; score: [1.  1.  1.  0.2 0.8 0.  1.  0.  1. ]
2025-09-09 14:59:55,117 - INFO - service f1        | micro: 0.297521; macro: 0.470011; score: [0.66666667 0.5        0.10958904 0.15384615 0.8        0.
 1.         0.         1.        ]
2025-09-09 14:59:55,145 - INFO - pod     precision | micro: 0.238095; macro: 0.431097; score: [0.71428571 0.55       0.09313725 0.19512195 0.54285714 0.02083333
 0.7        0.2        0.86363636]
2025-09-09 14:59:55,145 - INFO - pod     recall    | micro: 0.818966; macro: 0.823004; score: [1.         1.         0.95       0.38095238 0.82608696 0.25
 1.         1.         1.        ]
2025-09-09 14:59:55,145 - INFO - pod     f1        | micro: 0.368932; macro: 0.527560; score: [0.83333333 0.70967742 0.16964286 0.25806452 0.65517241 0.03846154
 0.82352941 0.33333333 0.92682927]
2025-09-09 14:59:55,145 - INFO - ----------
2025-09-09 14:59:57,399 - INFO - [141/300] | train_loss: 0.04798
2025-09-09 14:59:59,800 - INFO - [142/300] | train_loss: 0.03776
2025-09-09 15:00:02,201 - INFO - [143/300] | train_loss: 0.08344
2025-09-09 15:00:04,599 - INFO - [144/300] | train_loss: 0.11169
2025-09-09 15:00:07,005 - INFO - [145/300] | train_loss: 0.11311
2025-09-09 15:00:09,405 - INFO - [146/300] | train_loss: 0.19794
2025-09-09 15:00:11,800 - INFO - [147/300] | train_loss: 0.14431
2025-09-09 15:00:14,200 - INFO - [148/300] | train_loss: 0.09815
2025-09-09 15:00:16,606 - INFO - [149/300] | train_loss: 0.09112
2025-09-09 15:00:18,989 - INFO - [150/300] | train_loss: 0.05565
2025-09-09 15:00:19,285 - INFO - ----------
2025-09-09 15:00:19,285 - INFO - evaluation dataset type: valid
2025-09-09 15:00:19,300 - INFO - node    precision | micro: 0.500000; macro: 0.548611; score: [0.41666667 0.375      1.         0.         0.5        1.        ]
2025-09-09 15:00:19,300 - INFO - node    recall    | micro: 0.937500; macro: 0.777778; score: [1.         1.         0.66666667 0.         1.         1.        ]
2025-09-09 15:00:19,300 - INFO - node    f1        | micro: 0.652174; macro: 0.600059; score: [0.58823529 0.54545455 0.8        0.         0.66666667 1.        ]
2025-09-09 15:00:19,317 - INFO - service precision | micro: 0.611111; macro: 0.544444; score: [1.  0.4 0.5 0.  1.  0.  1.  0.  1. ]
2025-09-09 15:00:19,317 - INFO - service recall    | micro: 0.458333; macro: 0.494444; score: [1.   1.   0.25 0.   0.2  0.   1.   0.   1.  ]
2025-09-09 15:00:19,317 - INFO - service f1        | micro: 0.523810; macro: 0.470899; score: [1.         0.57142857 0.33333333 0.         0.33333333 0.
 1.         0.         1.        ]
2025-09-09 15:00:19,343 - INFO - pod     precision | micro: 0.578512; macro: 0.642429; score: [0.90909091 0.5        0.5625     0.04347826 0.84615385 0.14285714
 0.77777778 1.         1.        ]
2025-09-09 15:00:19,344 - INFO - pod     recall    | micro: 0.603448; macro: 0.691764; score: [1.         1.         0.45       0.04761905 0.47826087 0.25
 1.         1.         1.        ]
2025-09-09 15:00:19,344 - INFO - pod     f1        | micro: 0.590717; macro: 0.648048; score: [0.95238095 0.66666667 0.5        0.04545455 0.61111111 0.18181818
 0.875      1.         1.        ]
2025-09-09 15:00:19,344 - INFO - ----------
2025-09-09 15:00:21,592 - INFO - [151/300] | train_loss: 0.04808
2025-09-09 15:00:24,007 - INFO - [152/300] | train_loss: 0.04069
2025-09-09 15:00:26,472 - INFO - [153/300] | train_loss: 0.03277
2025-09-09 15:00:28,801 - INFO - [154/300] | train_loss: 0.02919
2025-09-09 15:00:31,198 - INFO - [155/300] | train_loss: 0.02413
2025-09-09 15:00:33,593 - INFO - [156/300] | train_loss: 0.02392
2025-09-09 15:00:36,005 - INFO - [157/300] | train_loss: 0.02320
2025-09-09 15:00:38,391 - INFO - [158/300] | train_loss: 0.01868
2025-09-09 15:00:40,794 - INFO - [159/300] | train_loss: 0.02199
2025-09-09 15:00:43,201 - INFO - [160/300] | train_loss: 0.01980
2025-09-09 15:00:43,500 - INFO - ----------
2025-09-09 15:00:43,500 - INFO - evaluation dataset type: valid
2025-09-09 15:00:43,516 - INFO - node    precision | micro: 0.576923; macro: 0.580688; score: [0.55555556 0.42857143 1.         0.         0.5        1.        ]
2025-09-09 15:00:43,516 - INFO - node    recall    | micro: 0.937500; macro: 0.777778; score: [1.         1.         0.66666667 0.         1.         1.        ]
2025-09-09 15:00:43,516 - INFO - node    f1        | micro: 0.714286; macro: 0.630159; score: [0.71428571 0.6        0.8        0.         0.66666667 1.        ]
2025-09-09 15:00:43,532 - INFO - service precision | micro: 0.687500; macro: 0.555556; score: [1.  0.5 0.5 0.  1.  0.  1.  0.  1. ]
2025-09-09 15:00:43,532 - INFO - service recall    | micro: 0.458333; macro: 0.494444; score: [1.   1.   0.25 0.   0.2  0.   1.   0.   1.  ]
2025-09-09 15:00:43,533 - INFO - service f1        | micro: 0.550000; macro: 0.481481; score: [1.         0.66666667 0.33333333 0.         0.33333333 0.
 1.         0.         1.        ]
2025-09-09 15:00:43,559 - INFO - pod     precision | micro: 0.539683; macro: 0.601539; score: [0.90909091 0.52380952 0.33333333 0.04761905 0.6        0.
 1.         1.         1.        ]
2025-09-09 15:00:43,559 - INFO - pod     recall    | micro: 0.586207; macro: 0.659880; score: [1.         1.         0.5        0.04761905 0.39130435 0.
 1.         1.         1.        ]
2025-09-09 15:00:43,559 - INFO - pod     f1        | micro: 0.561983; macro: 0.617909; score: [0.95238095 0.6875     0.4        0.04761905 0.47368421 0.
 1.         1.         1.        ]
2025-09-09 15:00:43,559 - INFO - ----------
2025-09-09 15:00:45,998 - INFO - [161/300] | train_loss: 0.01863
2025-09-09 15:00:48,408 - INFO - [162/300] | train_loss: 0.01861
2025-09-09 15:00:50,973 - INFO - [163/300] | train_loss: 0.01733
2025-09-09 15:00:53,566 - INFO - [164/300] | train_loss: 0.01738
2025-09-09 15:00:55,891 - INFO - [165/300] | train_loss: 0.01298
2025-09-09 15:00:58,303 - INFO - [166/300] | train_loss: 0.01493
2025-09-09 15:01:00,695 - INFO - [167/300] | train_loss: 0.01685
2025-09-09 15:01:03,101 - INFO - [168/300] | train_loss: 0.01326
2025-09-09 15:01:05,492 - INFO - [169/300] | train_loss: 0.01260
2025-09-09 15:01:07,899 - INFO - [170/300] | train_loss: 0.01376
2025-09-09 15:01:08,185 - INFO - ----------
2025-09-09 15:01:08,185 - INFO - evaluation dataset type: valid
2025-09-09 15:01:08,201 - INFO - node    precision | micro: 0.625000; macro: 0.620370; score: [0.55555556 0.5        1.         0.         0.66666667 1.        ]
2025-09-09 15:01:08,201 - INFO - node    recall    | micro: 0.937500; macro: 0.777778; score: [1.         1.         0.66666667 0.         1.         1.        ]
2025-09-09 15:01:08,201 - INFO - node    f1        | micro: 0.750000; macro: 0.663492; score: [0.71428571 0.66666667 0.8        0.         0.8        1.        ]
2025-09-09 15:01:08,217 - INFO - service precision | micro: 0.611111; macro: 0.544444; score: [1.  0.4 0.5 0.  1.  0.  1.  0.  1. ]
2025-09-09 15:01:08,217 - INFO - service recall    | micro: 0.458333; macro: 0.494444; score: [1.   1.   0.25 0.   0.2  0.   1.   0.   1.  ]
2025-09-09 15:01:08,218 - INFO - service f1        | micro: 0.523810; macro: 0.470899; score: [1.         0.57142857 0.33333333 0.         0.33333333 0.
 1.         0.         1.        ]
2025-09-09 15:01:08,244 - INFO - pod     precision | micro: 0.569106; macro: 0.610150; score: [0.90909091 0.55       0.44       0.         0.6875     0.
 1.         1.         0.9047619 ]
2025-09-09 15:01:08,244 - INFO - pod     recall    | micro: 0.603448; macro: 0.669807; score: [1.         1.         0.55       0.         0.47826087 0.
 1.         1.         1.        ]
2025-09-09 15:01:08,244 - INFO - pod     f1        | micro: 0.585774; macro: 0.629450; score: [0.95238095 0.70967742 0.48888889 0.         0.56410256 0.
 1.         1.         0.95      ]
2025-09-09 15:01:08,244 - INFO - ----------
2025-09-09 15:01:10,667 - INFO - [171/300] | train_loss: 0.01417
2025-09-09 15:01:13,003 - INFO - [172/300] | train_loss: 0.01339
2025-09-09 15:01:15,405 - INFO - [173/300] | train_loss: 0.01283
2025-09-09 15:01:17,804 - INFO - [174/300] | train_loss: 0.01182
2025-09-09 15:01:20,204 - INFO - [175/300] | train_loss: 0.01247
2025-09-09 15:01:22,603 - INFO - [176/300] | train_loss: 0.01138
2025-09-09 15:01:25,007 - INFO - [177/300] | train_loss: 0.01204
2025-09-09 15:01:27,513 - INFO - [178/300] | train_loss: 0.01165
2025-09-09 15:01:29,899 - INFO - [179/300] | train_loss: 0.01191
2025-09-09 15:01:32,291 - INFO - [180/300] | train_loss: 0.01050
2025-09-09 15:01:32,599 - INFO - ----------
2025-09-09 15:01:32,599 - INFO - evaluation dataset type: valid
2025-09-09 15:01:32,615 - INFO - node    precision | micro: 0.652174; macro: 0.631944; score: [0.625      0.5        1.         0.         0.66666667 1.        ]
2025-09-09 15:01:32,615 - INFO - node    recall    | micro: 0.937500; macro: 0.777778; score: [1.         1.         0.66666667 0.         1.         1.        ]
2025-09-09 15:01:32,615 - INFO - node    f1        | micro: 0.769231; macro: 0.672650; score: [0.76923077 0.66666667 0.8        0.         0.8        1.        ]
2025-09-09 15:01:32,631 - INFO - service precision | micro: 0.578947; macro: 0.525926; score: [1.         0.4        0.33333333 0.         1.         0.
 1.         0.         1.        ]
2025-09-09 15:01:32,631 - INFO - service recall    | micro: 0.458333; macro: 0.494444; score: [1.   1.   0.25 0.   0.2  0.   1.   0.   1.  ]
2025-09-09 15:01:32,632 - INFO - service f1        | micro: 0.511628; macro: 0.465608; score: [1.         0.57142857 0.28571429 0.         0.33333333 0.
 1.         0.         1.        ]
2025-09-09 15:01:32,659 - INFO - pod     precision | micro: 0.605042; macro: 0.628612; score: [0.90909091 0.5        0.57894737 0.         0.76470588 0.
 1.         1.         0.9047619 ]
2025-09-09 15:01:32,659 - INFO - pod     recall    | micro: 0.620690; macro: 0.679469; score: [1.         1.         0.55       0.         0.56521739 0.
 1.         1.         1.        ]
2025-09-09 15:01:32,659 - INFO - pod     f1        | micro: 0.612766; macro: 0.642572; score: [0.95238095 0.66666667 0.56410256 0.         0.65       0.
 1.         1.         0.95      ]
2025-09-09 15:01:32,659 - INFO - ----------
2025-09-09 15:01:35,000 - INFO - [181/300] | train_loss: 0.01245
2025-09-09 15:01:37,387 - INFO - [182/300] | train_loss: 0.01374
2025-09-09 15:01:39,803 - INFO - [183/300] | train_loss: 0.01245
2025-09-09 15:01:42,206 - INFO - [184/300] | train_loss: 0.01191
2025-09-09 15:01:44,704 - INFO - [185/300] | train_loss: 0.01283
2025-09-09 15:01:47,170 - INFO - [186/300] | train_loss: 0.01078
2025-09-09 15:01:49,525 - INFO - [187/300] | train_loss: 0.01135
2025-09-09 15:01:51,970 - INFO - [188/300] | train_loss: 0.01157
2025-09-09 15:01:54,501 - INFO - [189/300] | train_loss: 0.01335
2025-09-09 15:01:57,002 - INFO - [190/300] | train_loss: 0.01097
2025-09-09 15:01:57,297 - INFO - ----------
2025-09-09 15:01:57,297 - INFO - evaluation dataset type: valid
2025-09-09 15:01:57,313 - INFO - node    precision | micro: 0.681818; macro: 0.648611; score: [0.625      0.6        1.         0.         0.66666667 1.        ]
2025-09-09 15:01:57,313 - INFO - node    recall    | micro: 0.937500; macro: 0.777778; score: [1.         1.         0.66666667 0.         1.         1.        ]
2025-09-09 15:01:57,313 - INFO - node    f1        | micro: 0.789474; macro: 0.686538; score: [0.76923077 0.75       0.8        0.         0.8        1.        ]
2025-09-09 15:01:57,329 - INFO - service precision | micro: 0.647059; macro: 0.555556; score: [1.         0.66666667 0.33333333 0.         1.         0.
 1.         0.         1.        ]
2025-09-09 15:01:57,330 - INFO - service recall    | micro: 0.458333; macro: 0.494444; score: [1.   1.   0.25 0.   0.2  0.   1.   0.   1.  ]
2025-09-09 15:01:57,330 - INFO - service f1        | micro: 0.536585; macro: 0.491005; score: [1.         0.8        0.28571429 0.         0.33333333 0.
 1.         0.         1.        ]
2025-09-09 15:01:57,357 - INFO - pod     precision | micro: 0.584000; macro: 0.619389; score: [0.90909091 0.52380952 0.5        0.         0.73684211 0.
 1.         1.         0.9047619 ]
2025-09-09 15:01:57,357 - INFO - pod     recall    | micro: 0.629310; macro: 0.684300; score: [1.         1.         0.55       0.         0.60869565 0.
 1.         1.         1.        ]
2025-09-09 15:01:57,357 - INFO - pod     f1        | micro: 0.605809; macro: 0.642262; score: [0.95238095 0.6875     0.52380952 0.         0.66666667 0.
 1.         1.         0.95      ]
2025-09-09 15:01:57,357 - INFO - ----------
2025-09-09 15:01:59,698 - INFO - [191/300] | train_loss: 0.01170
2025-09-09 15:02:02,152 - INFO - [192/300] | train_loss: 0.01401
2025-09-09 15:02:04,503 - INFO - [193/300] | train_loss: 0.01224
2025-09-09 15:02:07,257 - INFO - [194/300] | train_loss: 0.01019
2025-09-09 15:02:09,666 - INFO - [195/300] | train_loss: 0.01226
2025-09-09 15:02:12,103 - INFO - [196/300] | train_loss: 0.01060
2025-09-09 15:02:14,497 - INFO - [197/300] | train_loss: 0.01246
2025-09-09 15:02:16,964 - INFO - [198/300] | train_loss: 0.01213
2025-09-09 15:02:19,305 - INFO - [199/300] | train_loss: 0.01064
2025-09-09 15:02:21,704 - INFO - [200/300] | train_loss: 0.01271
2025-09-09 15:02:21,996 - INFO - ----------
2025-09-09 15:02:21,997 - INFO - evaluation dataset type: valid
2025-09-09 15:02:22,012 - INFO - node    precision | micro: 0.714286; macro: 0.673611; score: [0.625      0.75       1.         0.         0.66666667 1.        ]
2025-09-09 15:02:22,012 - INFO - node    recall    | micro: 0.937500; macro: 0.777778; score: [1.         1.         0.66666667 0.         1.         1.        ]
2025-09-09 15:02:22,013 - INFO - node    f1        | micro: 0.810811; macro: 0.704396; score: [0.76923077 0.85714286 0.8        0.         0.8        1.        ]
2025-09-09 15:02:22,029 - INFO - service precision | micro: 0.611111; macro: 0.525926; score: [1.         0.4        0.33333333 0.         1.         0.
 1.         0.         1.        ]
2025-09-09 15:02:22,029 - INFO - service recall    | micro: 0.458333; macro: 0.494444; score: [1.   1.   0.25 0.   0.2  0.   1.   0.   1.  ]
2025-09-09 15:02:22,029 - INFO - service f1        | micro: 0.523810; macro: 0.465608; score: [1.         0.57142857 0.28571429 0.         0.33333333 0.
 1.         0.         1.        ]
2025-09-09 15:02:22,056 - INFO - pod     precision | micro: 0.551471; macro: 0.599578; score: [0.90909091 0.5        0.38235294 0.         0.7        0.
 1.         1.         0.9047619 ]
2025-09-09 15:02:22,056 - INFO - pod     recall    | micro: 0.646552; macro: 0.695411; score: [1.         1.         0.65       0.         0.60869565 0.
 1.         1.         1.        ]
2025-09-09 15:02:22,056 - INFO - pod     f1        | micro: 0.595238; macro: 0.633521; score: [0.95238095 0.66666667 0.48148148 0.         0.65116279 0.
 1.         1.         0.95      ]
2025-09-09 15:02:22,056 - INFO - ----------
2025-09-09 15:02:24,389 - INFO - [201/300] | train_loss: 0.01063
2025-09-09 15:02:26,791 - INFO - [202/300] | train_loss: 0.01075
2025-09-09 15:02:29,201 - INFO - [203/300] | train_loss: 0.01999
2025-09-09 15:02:31,589 - INFO - [204/300] | train_loss: 0.01220
2025-09-09 15:02:33,999 - INFO - [205/300] | train_loss: 0.01254
2025-09-09 15:02:36,389 - INFO - [206/300] | train_loss: 0.01023
2025-09-09 15:02:38,790 - INFO - [207/300] | train_loss: 0.01124
2025-09-09 15:02:41,190 - INFO - [208/300] | train_loss: 0.01070
2025-09-09 15:02:43,659 - INFO - [209/300] | train_loss: 0.01269
2025-09-09 15:02:46,241 - INFO - [210/300] | train_loss: 0.01109
2025-09-09 15:02:46,499 - INFO - ----------
2025-09-09 15:02:46,499 - INFO - evaluation dataset type: valid
2025-09-09 15:02:46,515 - INFO - node    precision | micro: 0.681818; macro: 0.645833; score: [0.625 0.75  1.    0.    0.5   1.   ]
2025-09-09 15:02:46,515 - INFO - node    recall    | micro: 0.937500; macro: 0.777778; score: [1.         1.         0.66666667 0.         1.         1.        ]
2025-09-09 15:02:46,515 - INFO - node    f1        | micro: 0.789474; macro: 0.682173; score: [0.76923077 0.85714286 0.8        0.         0.66666667 1.        ]
2025-09-09 15:02:46,531 - INFO - service precision | micro: 0.647059; macro: 0.544444; score: [1.  0.4 0.5 0.  1.  0.  1.  0.  1. ]
2025-09-09 15:02:46,531 - INFO - service recall    | micro: 0.458333; macro: 0.494444; score: [1.   1.   0.25 0.   0.2  0.   1.   0.   1.  ]
2025-09-09 15:02:46,531 - INFO - service f1        | micro: 0.536585; macro: 0.470899; score: [1.         0.57142857 0.33333333 0.         0.33333333 0.
 1.         0.         1.        ]
2025-09-09 15:02:46,558 - INFO - pod     precision | micro: 0.610169; macro: 0.625096; score: [0.90909091 0.52380952 0.47826087 0.         0.76470588 0.
 1.         1.         0.95      ]
2025-09-09 15:02:46,558 - INFO - pod     recall    | micro: 0.620690; macro: 0.679469; score: [1.         1.         0.55       0.         0.56521739 0.
 1.         1.         1.        ]
2025-09-09 15:02:46,558 - INFO - pod     f1        | micro: 0.615385; macro: 0.641763; score: [0.95238095 0.6875     0.51162791 0.         0.65       0.
 1.         1.         0.97435897]
2025-09-09 15:02:46,558 - INFO - ----------
2025-09-09 15:02:48,895 - INFO - [211/300] | train_loss: 0.01218
2025-09-09 15:02:51,298 - INFO - [212/300] | train_loss: 0.01067
2025-09-09 15:02:53,702 - INFO - [213/300] | train_loss: 0.01433
2025-09-09 15:02:56,088 - INFO - [214/300] | train_loss: 0.01111
2025-09-09 15:02:58,504 - INFO - [215/300] | train_loss: 0.01138
2025-09-09 15:03:00,969 - INFO - [216/300] | train_loss: 0.01795
2025-09-09 15:03:03,294 - INFO - [217/300] | train_loss: 0.01134
2025-09-09 15:03:05,765 - INFO - [218/300] | train_loss: 0.01160
2025-09-09 15:03:08,712 - INFO - [219/300] | train_loss: 0.01153
2025-09-09 15:03:11,248 - INFO - [220/300] | train_loss: 0.01218
2025-09-09 15:03:11,502 - INFO - ----------
2025-09-09 15:03:11,503 - INFO - evaluation dataset type: valid
2025-09-09 15:03:11,518 - INFO - node    precision | micro: 0.714286; macro: 0.673611; score: [0.625      0.75       1.         0.         0.66666667 1.        ]
2025-09-09 15:03:11,518 - INFO - node    recall    | micro: 0.937500; macro: 0.777778; score: [1.         1.         0.66666667 0.         1.         1.        ]
2025-09-09 15:03:11,519 - INFO - node    f1        | micro: 0.810811; macro: 0.704396; score: [0.76923077 0.85714286 0.8        0.         0.8        1.        ]
2025-09-09 15:03:11,535 - INFO - service precision | micro: 0.647059; macro: 0.544444; score: [1.  0.4 0.5 0.  1.  0.  1.  0.  1. ]
2025-09-09 15:03:11,535 - INFO - service recall    | micro: 0.458333; macro: 0.494444; score: [1.   1.   0.25 0.   0.2  0.   1.   0.   1.  ]
2025-09-09 15:03:11,535 - INFO - service f1        | micro: 0.536585; macro: 0.470899; score: [1.         0.57142857 0.33333333 0.         0.33333333 0.
 1.         0.         1.        ]
2025-09-09 15:03:11,562 - INFO - pod     precision | micro: 0.568182; macro: 0.610390; score: [0.90909091 0.52380952 0.39393939 0.         0.66666667 0.
 1.         1.         1.        ]
2025-09-09 15:03:11,562 - INFO - pod     recall    | micro: 0.646552; macro: 0.695411; score: [1.         1.         0.65       0.         0.60869565 0.
 1.         1.         1.        ]
2025-09-09 15:03:11,562 - INFO - pod     f1        | micro: 0.604839; macro: 0.640757; score: [0.95238095 0.6875     0.49056604 0.         0.63636364 0.
 1.         1.         1.        ]
2025-09-09 15:03:11,562 - INFO - ----------
2025-09-09 15:03:13,902 - INFO - [221/300] | train_loss: 0.01063
2025-09-09 15:03:16,288 - INFO - [222/300] | train_loss: 0.01451
2025-09-09 15:03:18,698 - INFO - [223/300] | train_loss: 0.01164
2025-09-09 15:03:21,097 - INFO - [224/300] | train_loss: 0.00975
2025-09-09 15:03:23,499 - INFO - [225/300] | train_loss: 0.00984
2025-09-09 15:03:25,901 - INFO - [226/300] | train_loss: 0.00858
2025-09-09 15:03:28,300 - INFO - [227/300] | train_loss: 0.01051
2025-09-09 15:03:30,701 - INFO - [228/300] | train_loss: 0.01038
2025-09-09 15:03:33,106 - INFO - [229/300] | train_loss: 0.01511
2025-09-09 15:03:35,503 - INFO - [230/300] | train_loss: 0.01177
2025-09-09 15:03:35,786 - INFO - ----------
2025-09-09 15:03:35,786 - INFO - evaluation dataset type: valid
2025-09-09 15:03:35,802 - INFO - node    precision | micro: 0.714286; macro: 0.673611; score: [0.625      0.75       1.         0.         0.66666667 1.        ]
2025-09-09 15:03:35,802 - INFO - node    recall    | micro: 0.937500; macro: 0.777778; score: [1.         1.         0.66666667 0.         1.         1.        ]
2025-09-09 15:03:35,802 - INFO - node    f1        | micro: 0.810811; macro: 0.704396; score: [0.76923077 0.85714286 0.8        0.         0.8        1.        ]
2025-09-09 15:03:35,818 - INFO - service precision | micro: 0.588235; macro: 0.544444; score: [1.  0.4 0.5 0.  1.  0.  1.  0.  1. ]
2025-09-09 15:03:35,819 - INFO - service recall    | micro: 0.416667; macro: 0.466667; score: [1.   1.   0.25 0.   0.2  0.   1.   0.   0.75]
2025-09-09 15:03:35,819 - INFO - service f1        | micro: 0.487805; macro: 0.455026; score: [1.         0.57142857 0.33333333 0.         0.33333333 0.
 1.         0.         0.85714286]
2025-09-09 15:03:35,845 - INFO - pod     precision | micro: 0.582677; macro: 0.628624; score: [0.90909091 0.55       0.375      0.         0.82352941 0.
 1.         1.         1.        ]
2025-09-09 15:03:35,846 - INFO - pod     recall    | micro: 0.637931; macro: 0.689855; score: [1.         1.         0.6        0.         0.60869565 0.
 1.         1.         1.        ]
2025-09-09 15:03:35,846 - INFO - pod     f1        | micro: 0.609053; macro: 0.647066; score: [0.95238095 0.70967742 0.46153846 0.         0.7        0.
 1.         1.         1.        ]
2025-09-09 15:03:35,846 - INFO - ----------
2025-09-09 15:03:38,200 - INFO - [231/300] | train_loss: 0.01235
2025-09-09 15:03:40,602 - INFO - [232/300] | train_loss: 0.01389
2025-09-09 15:03:42,985 - INFO - [233/300] | train_loss: 0.01332
2025-09-09 15:03:45,411 - INFO - [234/300] | train_loss: 0.01963
2025-09-09 15:03:47,862 - INFO - [235/300] | train_loss: 0.01638
2025-09-09 15:03:50,291 - INFO - [236/300] | train_loss: 0.01424
2025-09-09 15:03:52,752 - INFO - [237/300] | train_loss: 0.01241
2025-09-09 15:03:55,098 - INFO - [238/300] | train_loss: 0.01381
2025-09-09 15:03:57,498 - INFO - [239/300] | train_loss: 0.00885
2025-09-09 15:03:59,898 - INFO - [240/300] | train_loss: 0.01013
2025-09-09 15:04:00,199 - INFO - ----------
2025-09-09 15:04:00,199 - INFO - evaluation dataset type: valid
2025-09-09 15:04:00,215 - INFO - node    precision | micro: 0.714286; macro: 0.673611; score: [0.625      0.75       1.         0.         0.66666667 1.        ]
2025-09-09 15:04:00,215 - INFO - node    recall    | micro: 0.937500; macro: 0.777778; score: [1.         1.         0.66666667 0.         1.         1.        ]
2025-09-09 15:04:00,215 - INFO - node    f1        | micro: 0.810811; macro: 0.704396; score: [0.76923077 0.85714286 0.8        0.         0.8        1.        ]
2025-09-09 15:04:00,231 - INFO - service precision | micro: 0.714286; macro: 0.600000; score: [1.  0.4 1.  0.  1.  0.  1.  0.  1. ]
2025-09-09 15:04:00,231 - INFO - service recall    | micro: 0.416667; macro: 0.466667; score: [1.   1.   0.25 0.   0.2  0.   1.   0.   0.75]
2025-09-09 15:04:00,231 - INFO - service f1        | micro: 0.526316; macro: 0.462434; score: [1.         0.57142857 0.4        0.         0.33333333 0.
 1.         0.         0.85714286]
2025-09-09 15:04:00,258 - INFO - pod     precision | micro: 0.634783; macro: 0.641134; score: [0.90909091 0.61111111 0.5        0.         0.75       0.
 1.         1.         1.        ]
2025-09-09 15:04:00,258 - INFO - pod     recall    | micro: 0.629310; macro: 0.685749; score: [1.         1.         0.65       0.         0.52173913 0.
 1.         1.         1.        ]
2025-09-09 15:04:00,258 - INFO - pod     f1        | micro: 0.632035; macro: 0.654623; score: [0.95238095 0.75862069 0.56521739 0.         0.61538462 0.
 1.         1.         1.        ]
2025-09-09 15:04:00,258 - INFO - ----------
2025-09-09 15:04:02,597 - INFO - [241/300] | train_loss: 0.01028
2025-09-09 15:04:05,002 - INFO - [242/300] | train_loss: 0.00972
2025-09-09 15:04:07,398 - INFO - [243/300] | train_loss: 0.01019
2025-09-09 15:04:09,789 - INFO - [244/300] | train_loss: 0.01318
2025-09-09 15:04:12,199 - INFO - [245/300] | train_loss: 0.00968
2025-09-09 15:04:14,662 - INFO - [246/300] | train_loss: 0.01014
2025-09-09 15:04:17,204 - INFO - [247/300] | train_loss: 0.01009
2025-09-09 15:04:19,597 - INFO - [248/300] | train_loss: 0.00939
2025-09-09 15:04:22,001 - INFO - [249/300] | train_loss: 0.00936
2025-09-09 15:04:24,401 - INFO - [250/300] | train_loss: 0.01004
2025-09-09 15:04:24,686 - INFO - ----------
2025-09-09 15:04:24,686 - INFO - evaluation dataset type: valid
2025-09-09 15:04:24,703 - INFO - node    precision | micro: 0.750000; macro: 0.715278; score: [0.625      1.         1.         0.         0.66666667 1.        ]
2025-09-09 15:04:24,703 - INFO - node    recall    | micro: 0.937500; macro: 0.777778; score: [1.         1.         0.66666667 0.         1.         1.        ]
2025-09-09 15:04:24,703 - INFO - node    f1        | micro: 0.833333; macro: 0.728205; score: [0.76923077 1.         0.8        0.         0.8        1.        ]
2025-09-09 15:04:24,719 - INFO - service precision | micro: 0.769231; macro: 0.600000; score: [1.  0.4 1.  0.  1.  0.  1.  0.  1. ]
2025-09-09 15:04:24,719 - INFO - service recall    | micro: 0.416667; macro: 0.466667; score: [1.   1.   0.25 0.   0.2  0.   1.   0.   0.75]
2025-09-09 15:04:24,719 - INFO - service f1        | micro: 0.540541; macro: 0.462434; score: [1.         0.57142857 0.4        0.         0.33333333 0.
 1.         0.         0.85714286]
2025-09-09 15:04:24,746 - INFO - pod     precision | micro: 0.645455; macro: 0.649465; score: [0.90909091 0.57894737 0.5        0.         0.85714286 0.
 1.         1.         1.        ]
2025-09-09 15:04:24,746 - INFO - pod     recall    | micro: 0.612069; macro: 0.674638; score: [1.         1.         0.55       0.         0.52173913 0.
 1.         1.         1.        ]
2025-09-09 15:04:24,746 - INFO - pod     f1        | micro: 0.628319; macro: 0.650908; score: [0.95238095 0.73333333 0.52380952 0.         0.64864865 0.
 1.         1.         1.        ]
2025-09-09 15:04:24,746 - INFO - ----------
2025-09-09 15:04:27,095 - INFO - [251/300] | train_loss: 0.00903
2025-09-09 15:04:29,561 - INFO - [252/300] | train_loss: 0.00991
2025-09-09 15:04:32,001 - INFO - [253/300] | train_loss: 0.00848
2025-09-09 15:04:34,402 - INFO - [254/300] | train_loss: 0.01117
2025-09-09 15:04:36,814 - INFO - [255/300] | train_loss: 0.01640
2025-09-09 15:04:39,185 - INFO - [256/300] | train_loss: 0.01093
2025-09-09 15:04:41,599 - INFO - [257/300] | train_loss: 0.01218
2025-09-09 15:04:44,069 - INFO - [258/300] | train_loss: 0.01061
2025-09-09 15:04:46,594 - INFO - [259/300] | train_loss: 0.00970
2025-09-09 15:04:49,502 - INFO - [260/300] | train_loss: 0.01825
2025-09-09 15:04:49,784 - INFO - ----------
2025-09-09 15:04:49,784 - INFO - evaluation dataset type: valid
2025-09-09 15:04:49,801 - INFO - node    precision | micro: 0.625000; macro: 0.620370; score: [0.55555556 0.5        1.         0.         0.66666667 1.        ]
2025-09-09 15:04:49,801 - INFO - node    recall    | micro: 0.937500; macro: 0.777778; score: [1.         1.         0.66666667 0.         1.         1.        ]
2025-09-09 15:04:49,801 - INFO - node    f1        | micro: 0.750000; macro: 0.663492; score: [0.71428571 0.66666667 0.8        0.         0.8        1.        ]
2025-09-09 15:04:49,817 - INFO - service precision | micro: 0.666667; macro: 0.525926; score: [1.         0.4        0.33333333 0.         1.         0.
 1.         0.         1.        ]
2025-09-09 15:04:49,817 - INFO - service recall    | micro: 0.416667; macro: 0.466667; score: [1.   1.   0.25 0.   0.2  0.   1.   0.   0.75]
2025-09-09 15:04:49,817 - INFO - service f1        | micro: 0.512821; macro: 0.449735; score: [1.         0.57142857 0.28571429 0.         0.33333333 0.
 1.         0.         0.85714286]
2025-09-09 15:04:49,844 - INFO - pod     precision | micro: 0.611570; macro: 0.622211; score: [0.90909091 0.61111111 0.34285714 0.         0.73684211 0.
 1.         1.         1.        ]
2025-09-09 15:04:49,844 - INFO - pod     recall    | micro: 0.637931; macro: 0.689855; score: [1.         1.         0.6        0.         0.60869565 0.
 1.         1.         1.        ]
2025-09-09 15:04:49,844 - INFO - pod     f1        | micro: 0.624473; macro: 0.646004; score: [0.95238095 0.75862069 0.43636364 0.         0.66666667 0.
 1.         1.         1.        ]
2025-09-09 15:04:49,844 - INFO - ----------
2025-09-09 15:04:52,685 - INFO - [261/300] | train_loss: 0.01069
2025-09-09 15:04:55,210 - INFO - [262/300] | train_loss: 0.01102
2025-09-09 15:04:57,600 - INFO - [263/300] | train_loss: 0.01065
2025-09-09 15:05:00,098 - INFO - [264/300] | train_loss: 0.01022
2025-09-09 15:05:02,485 - INFO - [265/300] | train_loss: 0.00962
2025-09-09 15:05:04,901 - INFO - [266/300] | train_loss: 0.00881
2025-09-09 15:05:07,292 - INFO - [267/300] | train_loss: 0.00887
2025-09-09 15:05:09,695 - INFO - [268/300] | train_loss: 0.00835
2025-09-09 15:05:12,175 - INFO - [269/300] | train_loss: 0.01296
2025-09-09 15:05:14,589 - INFO - [270/300] | train_loss: 0.00979
2025-09-09 15:05:14,896 - INFO - ----------
2025-09-09 15:05:14,896 - INFO - evaluation dataset type: valid
2025-09-09 15:05:14,912 - INFO - node    precision | micro: 0.833333; macro: 0.763889; score: [0.83333333 0.75       1.         0.         1.         1.        ]
2025-09-09 15:05:14,912 - INFO - node    recall    | micro: 0.937500; macro: 0.777778; score: [1.         1.         0.66666667 0.         1.         1.        ]
2025-09-09 15:05:14,912 - INFO - node    f1        | micro: 0.882353; macro: 0.761039; score: [0.90909091 0.85714286 0.8        0.         1.         1.        ]
2025-09-09 15:05:14,928 - INFO - service precision | micro: 0.769231; macro: 0.600000; score: [1.  0.4 1.  0.  1.  0.  1.  0.  1. ]
2025-09-09 15:05:14,928 - INFO - service recall    | micro: 0.416667; macro: 0.466667; score: [1.   1.   0.25 0.   0.2  0.   1.   0.   0.75]
2025-09-09 15:05:14,929 - INFO - service f1        | micro: 0.540541; macro: 0.462434; score: [1.         0.57142857 0.4        0.         0.33333333 0.
 1.         0.         0.85714286]
2025-09-09 15:05:14,955 - INFO - pod     precision | micro: 0.712871; macro: 0.668852; score: [0.90909091 0.6875     0.5        0.         0.92307692 0.
 1.         1.         1.        ]
2025-09-09 15:05:14,956 - INFO - pod     recall    | micro: 0.620690; macro: 0.680193; score: [1.         1.         0.6        0.         0.52173913 0.
 1.         1.         1.        ]
2025-09-09 15:05:14,956 - INFO - pod     f1        | micro: 0.663594; macro: 0.664369; score: [0.95238095 0.81481481 0.54545455 0.         0.66666667 0.
 1.         1.         1.        ]
2025-09-09 15:05:14,956 - INFO - ----------
2025-09-09 15:05:17,305 - INFO - [271/300] | train_loss: 0.01308
2025-09-09 15:05:19,699 - INFO - [272/300] | train_loss: 0.01042
2025-09-09 15:05:22,150 - INFO - [273/300] | train_loss: 0.01201
2025-09-09 15:05:24,491 - INFO - [274/300] | train_loss: 0.01218
2025-09-09 15:05:26,900 - INFO - [275/300] | train_loss: 0.01034
2025-09-09 15:05:29,288 - INFO - [276/300] | train_loss: 0.00967
2025-09-09 15:05:31,695 - INFO - [277/300] | train_loss: 0.01067
2025-09-09 15:05:34,099 - INFO - [278/300] | train_loss: 0.01100
2025-09-09 15:05:36,514 - INFO - [279/300] | train_loss: 0.01073
2025-09-09 15:05:38,901 - INFO - [280/300] | train_loss: 0.00951
2025-09-09 15:05:39,211 - INFO - ----------
2025-09-09 15:05:39,211 - INFO - evaluation dataset type: valid
2025-09-09 15:05:39,271 - INFO - node    precision | micro: 0.681818; macro: 0.635714; score: [0.71428571 0.6        1.         0.         0.5        1.        ]
2025-09-09 15:05:39,271 - INFO - node    recall    | micro: 0.937500; macro: 0.777778; score: [1.         1.         0.66666667 0.         1.         1.        ]
2025-09-09 15:05:39,271 - INFO - node    f1        | micro: 0.789474; macro: 0.675000; score: [0.83333333 0.75       0.8        0.         0.66666667 1.        ]
2025-09-09 15:05:39,287 - INFO - service precision | micro: 0.769231; macro: 0.600000; score: [1.  0.4 1.  0.  1.  0.  1.  0.  1. ]
2025-09-09 15:05:39,287 - INFO - service recall    | micro: 0.416667; macro: 0.466667; score: [1.   1.   0.25 0.   0.2  0.   1.   0.   0.75]
2025-09-09 15:05:39,287 - INFO - service f1        | micro: 0.540541; macro: 0.462434; score: [1.         0.57142857 0.4        0.         0.33333333 0.
 1.         0.         0.85714286]
2025-09-09 15:05:39,314 - INFO - pod     precision | micro: 0.679612; macro: 0.751804; score: [0.90909091 0.52380952 0.5        0.         0.83333333 1.
 1.         1.         1.        ]
2025-09-09 15:05:39,314 - INFO - pod     recall    | micro: 0.603448; macro: 0.692754; score: [1.         1.         0.55       0.         0.43478261 0.25
 1.         1.         1.        ]
2025-09-09 15:05:39,314 - INFO - pod     f1        | micro: 0.639269; macro: 0.681680; score: [0.95238095 0.6875     0.52380952 0.         0.57142857 0.4
 1.         1.         1.        ]
2025-09-09 15:05:39,314 - INFO - ----------
2025-09-09 15:05:41,796 - INFO - [281/300] | train_loss: 0.00933
2025-09-09 15:05:45,363 - INFO - [282/300] | train_loss: 0.01198
2025-09-09 15:05:47,697 - INFO - [283/300] | train_loss: 0.01896
2025-09-09 15:05:50,086 - INFO - [284/300] | train_loss: 0.01343
2025-09-09 15:05:52,503 - INFO - [285/300] | train_loss: 0.01963
2025-09-09 15:05:54,897 - INFO - [286/300] | train_loss: 0.01119
2025-09-09 15:05:57,303 - INFO - [287/300] | train_loss: 0.01245
2025-09-09 15:05:59,700 - INFO - [288/300] | train_loss: 0.01089
2025-09-09 15:06:02,099 - INFO - [289/300] | train_loss: 0.01077
2025-09-09 15:06:04,499 - INFO - [290/300] | train_loss: 0.04367
2025-09-09 15:06:04,795 - INFO - ----------
2025-09-09 15:06:04,795 - INFO - evaluation dataset type: valid
2025-09-09 15:06:04,811 - INFO - node    precision | micro: 0.652174; macro: 0.620833; score: [0.625 0.6   1.    0.    0.5   1.   ]
2025-09-09 15:06:04,811 - INFO - node    recall    | micro: 0.937500; macro: 0.777778; score: [1.         1.         0.66666667 0.         1.         1.        ]
2025-09-09 15:06:04,811 - INFO - node    f1        | micro: 0.769231; macro: 0.664316; score: [0.76923077 0.75       0.8        0.         0.66666667 1.        ]
2025-09-09 15:06:04,827 - INFO - service precision | micro: 0.312500; macro: 0.496296; score: [1.         0.33333333 0.13333333 0.         1.         0.
 1.         0.         1.        ]
2025-09-09 15:06:04,828 - INFO - service recall    | micro: 0.625000; macro: 0.600000; score: [1.  1.  1.  0.  0.4 0.  1.  0.  1. ]
2025-09-09 15:06:04,828 - INFO - service f1        | micro: 0.416667; macro: 0.478525; score: [1.         0.5        0.23529412 0.         0.57142857 0.
 1.         0.         1.        ]
2025-09-09 15:06:04,855 - INFO - pod     precision | micro: 0.283988; macro: 0.619041; score: [0.76923077 0.64705882 0.1097561  0.18421053 0.75       0.11111111
 1.         1.         1.        ]
2025-09-09 15:06:04,855 - INFO - pod     recall    | micro: 0.810345; macro: 0.843156; score: [1.         1.         0.9        0.66666667 0.52173913 0.5
 1.         1.         1.        ]
2025-09-09 15:06:04,855 - INFO - pod     f1        | micro: 0.420582; macro: 0.659644; score: [0.86956522 0.78571429 0.19565217 0.28865979 0.61538462 0.18181818
 1.         1.         1.        ]
2025-09-09 15:06:04,855 - INFO - ----------
2025-09-09 15:06:07,295 - INFO - [291/300] | train_loss: 0.06787
2025-09-09 15:06:09,701 - INFO - [292/300] | train_loss: 0.04212
2025-09-09 15:06:12,087 - INFO - [293/300] | train_loss: 0.03485
2025-09-09 15:06:14,503 - INFO - [294/300] | train_loss: 0.02770
2025-09-09 15:06:16,898 - INFO - [295/300] | train_loss: 0.02350
2025-09-09 15:06:19,289 - INFO - [296/300] | train_loss: 0.02138
2025-09-09 15:06:21,686 - INFO - [297/300] | train_loss: 0.03978
2025-09-09 15:06:24,096 - INFO - [298/300] | train_loss: 0.16223
2025-09-09 15:06:26,817 - INFO - [299/300] | train_loss: 0.10295
2025-09-09 15:06:28,095 - INFO - ----------
2025-09-09 15:06:28,095 - INFO - evaluation dataset type: test
2025-09-09 15:06:28,116 - INFO - node    precision | micro: 0.229167; macro: 0.426595; score: [0.51851852 0.07692308 0.72727273 0.10434783 0.52380952 0.60869565]
2025-09-09 15:06:28,117 - INFO - node    recall    | micro: 0.985075; macro: 0.981481; score: [1.         1.         0.88888889 1.         1.         1.        ]
2025-09-09 15:06:28,117 - INFO - node    f1        | micro: 0.371831; macro: 0.543170; score: [0.68292683 0.14285714 0.8        0.18897638 0.6875     0.75675676]
2025-09-09 15:06:28,144 - INFO - service precision | micro: 0.152505; macro: 0.373800; score: [0.47368421 0.23076923 0.0326087  0.2        0.47619048 0.20689655
 0.625      0.83333333 0.28571429]
2025-09-09 15:06:28,144 - INFO - service recall    | micro: 0.795455; macro: 0.814815; score: [1.         1.         0.9        0.16666667 0.83333333 0.8
 1.         0.83333333 0.8       ]
2025-09-09 15:06:28,144 - INFO - service f1        | micro: 0.255941; macro: 0.469006; score: [0.64285714 0.375      0.06293706 0.18181818 0.60606061 0.32876712
 0.76923077 0.83333333 0.42105263]
2025-09-09 15:06:28,220 - INFO - pod     precision | micro: 0.188124; macro: 0.428768; score: [0.68115942 0.2371134  0.04646465 0.31404959 0.42105263 0.13876652
 0.76119403 0.82051282 0.43859649]
2025-09-09 15:06:28,220 - INFO - pod     recall    | micro: 0.904110; macro: 0.917913; score: [1.         1.         0.93877551 0.61290323 0.85714286 0.92647059
 1.         1.         0.92592593]
2025-09-09 15:06:28,220 - INFO - pod     f1        | micro: 0.311443; macro: 0.540518; score: [0.81034483 0.38333333 0.08854668 0.41530055 0.56470588 0.24137931
 0.86440678 0.90140845 0.5952381 ]
2025-09-09 15:06:28,220 - INFO - ----------
----GATNet----
GAT_name1:  GATv2Conv
GAT_name2:  GATConv
activ_fun1:  relu6
activ_fun2:  relu6
====================================================================================================
Layer (type:depth-idx)                                                      Param #
====================================================================================================
Sequential                                                                  --
├─RepresentationLearning: 1-1                                               --
│    └─ModuleDict: 2-1                                                      --
│    │    └─Linear: 3-1                                                     6,144
│    │    └─Linear: 3-2                                                     6,144
│    │    └─Linear: 3-3                                                     6,144
│    └─ModuleDict: 2-2                                                      --
│    │    └─PositionalEmbedding: 3-4                                        --
│    │    └─PositionalEmbedding: 3-5                                        --
│    │    └─PositionalEmbedding: 3-6                                        --
│    └─ModuleDict: 2-3                                                      --
│    │    └─TransformerEncoder: 3-7                                         6,304,768
│    │    └─TransformerEncoder: 3-8                                         6,304,768
│    │    └─TransformerEncoder: 3-9                                         6,304,768
├─FeatureIntegration: 1-2                                                   --
│    └─ModuleDict: 2-4                                                      --
│    │    └─SEAttention: 3-10                                               32,768
│    │    └─SEAttention: 3-11                                               32,768
│    │    └─SEAttention: 3-12                                               32,768
│    └─ModuleDict: 2-5                                                      --
│    │    └─Linear: 3-13                                                    8,651,264
│    │    └─Linear: 3-14                                                    16,777,728
│    │    └─Linear: 3-15                                                    8,651,264
├─FeatureFusion: 1-3                                                        --
│    └─GATNet: 2-6                                                          --
│    │    └─GATv2Conv: 3-16                                                 526,336
│    │    └─GATConv: 3-17                                                   65,920
│    └─ModuleDict: 2-7                                                      --
│    │    └─Linear: 3-18                                                    774
│    │    └─Linear: 3-19                                                    1,161
│    │    └─Linear: 3-20                                                    1,161
├─FaultClassifier: 1-4                                                      --
│    └─ModuleDict: 2-8                                                      --
│    │    └─Linear: 3-21                                                    774
│    │    └─Linear: 3-22                                                    1,161
│    │    └─Linear: 3-23                                                    1,161
====================================================================================================
Total params: 53,709,744
Trainable params: 53,709,744
Non-trainable params: 0
====================================================================================================
# new transformed data: trace, metric, log
2025-09-09 15:06:36,094 - INFO - [0/300] | train_loss: 3.84411
2025-09-09 15:06:36,370 - INFO - ----------
2025-09-09 15:06:36,370 - INFO - evaluation dataset type: valid
2025-09-09 15:06:36,386 - INFO - node    precision | micro: 0.015027; macro: 0.019428; score: [0.04494382 0.00537634 0.00862069 0.         0.01652893 0.04109589]
2025-09-09 15:06:36,386 - INFO - node    recall    | micro: 0.687500; macro: 0.577778; score: [0.8        0.33333333 0.33333333 0.         1.         1.        ]
2025-09-09 15:06:36,386 - INFO - node    f1        | micro: 0.029412; macro: 0.037327; score: [0.08510638 0.01058201 0.01680672 0.         0.03252033 0.07894737]
2025-09-09 15:06:36,404 - INFO - service precision | micro: 0.006274; macro: 0.028391; score: [0.01388889 0.00451467 0.00666667 0.         0.2        0.
 0.02325581 0.         0.00719424]
2025-09-09 15:06:36,404 - INFO - service recall    | micro: 0.625000; macro: 0.600000; score: [1.  1.  1.  0.  0.4 0.  1.  0.  1. ]
2025-09-09 15:06:36,405 - INFO - service f1        | micro: 0.012422; macro: 0.041782; score: [0.02739726 0.00898876 0.01324503 0.         0.26666667 0.
 0.04545455 0.         0.01428571]
2025-09-09 15:06:36,436 - INFO - pod     precision | micro: 0.010720; macro: 0.029755; score: [0.02304147 0.00625355 0.01204819 0.03246753 0.09677419 0.
 0.09090909 0.00130039 0.005     ]
2025-09-09 15:06:36,437 - INFO - pod     recall    | micro: 0.551724; macro: 0.627102; score: [1.         1.         0.25       0.71428571 0.52173913 0.
 1.         1.         0.15789474]
2025-09-09 15:06:36,437 - INFO - pod     f1        | micro: 0.021032; macro: 0.053866; score: [0.04504505 0.01242938 0.02298851 0.0621118  0.16326531 0.
 0.16666667 0.0025974  0.00969305]
2025-09-09 15:06:36,437 - INFO - ----------
2025-09-09 15:06:38,644 - INFO - [1/300] | train_loss: 2.82200
2025-09-09 15:06:40,970 - INFO - [2/300] | train_loss: 2.06051
2025-09-09 15:06:43,291 - INFO - [3/300] | train_loss: 1.60529
2025-09-09 15:06:45,606 - INFO - [4/300] | train_loss: 1.17423
2025-09-09 15:06:47,926 - INFO - [5/300] | train_loss: 0.93470
2025-09-09 15:06:50,231 - INFO - [6/300] | train_loss: 0.72465
2025-09-09 15:06:52,543 - INFO - [7/300] | train_loss: 0.60498
2025-09-09 15:06:54,860 - INFO - [8/300] | train_loss: 0.51944
2025-09-09 15:06:57,203 - INFO - [9/300] | train_loss: 0.45818
2025-09-09 15:06:59,510 - INFO - [10/300] | train_loss: 0.41610
2025-09-09 15:06:59,791 - INFO - ----------
2025-09-09 15:06:59,791 - INFO - evaluation dataset type: valid
2025-09-09 15:06:59,809 - INFO - node    precision | micro: 0.340909; macro: 0.359557; score: [0.38461538 0.27272727 0.5        0.         0.4        0.6       ]
2025-09-09 15:06:59,809 - INFO - node    recall    | micro: 0.937500; macro: 0.777778; score: [1.         1.         0.66666667 0.         1.         1.        ]
2025-09-09 15:06:59,809 - INFO - node    f1        | micro: 0.500000; macro: 0.479497; score: [0.55555556 0.42857143 0.57142857 0.         0.57142857 0.75      ]
2025-09-09 15:06:59,826 - INFO - service precision | micro: 0.197183; macro: 0.232804; score: [0.4        0.2        0.0952381  0.4        0.5        0.
 0.16666667 0.         0.33333333]
2025-09-09 15:06:59,826 - INFO - service recall    | micro: 0.583333; macro: 0.550000; score: [1.   1.   0.5  0.4  0.8  0.   1.   0.   0.25]
2025-09-09 15:06:59,826 - INFO - service f1        | micro: 0.294737; macro: 0.294619; score: [0.57142857 0.33333333 0.16       0.4        0.61538462 0.
 0.28571429 0.         0.28571429]
2025-09-09 15:06:59,853 - INFO - pod     precision | micro: 0.172161; macro: 0.175916; score: [0.23809524 0.24444444 0.16216216 0.17204301 0.16504854 0.015625
 0.24137931 0.02777778 0.31666667]
2025-09-09 15:06:59,853 - INFO - pod     recall    | micro: 0.810345; macro: 0.816782; score: [1.         1.         0.6        0.76190476 0.73913043 0.25
 1.         1.         1.        ]
2025-09-09 15:06:59,854 - INFO - pod     f1        | micro: 0.283988; macro: 0.281856; score: [0.38461538 0.39285714 0.25531915 0.28070175 0.26984127 0.02941176
 0.38888889 0.05405405 0.48101266]
2025-09-09 15:06:59,854 - INFO - ----------
2025-09-09 15:07:02,093 - INFO - [11/300] | train_loss: 0.41433
2025-09-09 15:07:04,413 - INFO - [12/300] | train_loss: 0.39831
2025-09-09 15:07:06,730 - INFO - [13/300] | train_loss: 0.33419
2025-09-09 15:07:09,045 - INFO - [14/300] | train_loss: 0.31512
2025-09-09 15:07:11,356 - INFO - [15/300] | train_loss: 0.27284
2025-09-09 15:07:13,671 - INFO - [16/300] | train_loss: 0.24438
2025-09-09 15:07:15,992 - INFO - [17/300] | train_loss: 0.22438
2025-09-09 15:07:18,314 - INFO - [18/300] | train_loss: 0.21078
2025-09-09 15:07:20,637 - INFO - [19/300] | train_loss: 0.20538
2025-09-09 15:07:22,969 - INFO - [20/300] | train_loss: 0.19206
2025-09-09 15:07:23,244 - INFO - ----------
2025-09-09 15:07:23,244 - INFO - evaluation dataset type: valid
2025-09-09 15:07:23,261 - INFO - node    precision | micro: 0.375000; macro: 0.469444; score: [0.41666667 0.33333333 0.66666667 0.         0.4        1.        ]
2025-09-09 15:07:23,261 - INFO - node    recall    | micro: 0.937500; macro: 0.777778; score: [1.         1.         0.66666667 0.         1.         1.        ]
2025-09-09 15:07:23,261 - INFO - node    f1        | micro: 0.535714; macro: 0.554388; score: [0.58823529 0.5        0.66666667 0.         0.57142857 1.        ]
2025-09-09 15:07:23,277 - INFO - service precision | micro: 0.260870; macro: 0.250890; score: [0.5        0.25       0.18181818 0.14285714 0.6        0.
 0.25       0.         0.33333333]
2025-09-09 15:07:23,277 - INFO - service recall    | micro: 0.500000; macro: 0.505556; score: [1.   1.   0.5  0.2  0.6  0.   1.   0.   0.25]
2025-09-09 15:07:23,277 - INFO - service f1        | micro: 0.342857; macro: 0.309524; score: [0.66666667 0.4        0.26666667 0.16666667 0.6        0.
 0.4        0.         0.28571429]
2025-09-09 15:07:23,305 - INFO - pod     precision | micro: 0.241975; macro: 0.232656; score: [0.37037037 0.26190476 0.24242424 0.23880597 0.23943662 0.03225806
 0.29166667 0.03703704 0.38      ]
2025-09-09 15:07:23,305 - INFO - pod     recall    | micro: 0.844828; macro: 0.839004; score: [1.         1.         0.8        0.76190476 0.73913043 0.25
 1.         1.         1.        ]
2025-09-09 15:07:23,305 - INFO - pod     f1        | micro: 0.376200; macro: 0.353775; score: [0.54054054 0.41509434 0.37209302 0.36363636 0.36170213 0.05714286
 0.4516129  0.07142857 0.55072464]
2025-09-09 15:07:23,305 - INFO - ----------
2025-09-09 15:07:25,516 - INFO - [21/300] | train_loss: 0.18614
2025-09-09 15:07:27,839 - INFO - [22/300] | train_loss: 0.15916
2025-09-09 15:07:30,167 - INFO - [23/300] | train_loss: 0.16378
2025-09-09 15:07:32,490 - INFO - [24/300] | train_loss: 0.15018
2025-09-09 15:07:34,810 - INFO - [25/300] | train_loss: 0.14421
2025-09-09 15:07:37,130 - INFO - [26/300] | train_loss: 0.12569
2025-09-09 15:07:39,443 - INFO - [27/300] | train_loss: 0.12351
2025-09-09 15:07:41,755 - INFO - [28/300] | train_loss: 0.12610
2025-09-09 15:07:44,076 - INFO - [29/300] | train_loss: 0.12416
2025-09-09 15:07:46,390 - INFO - [30/300] | train_loss: 0.11134
2025-09-09 15:07:46,666 - INFO - ----------
2025-09-09 15:07:46,666 - INFO - evaluation dataset type: valid
2025-09-09 15:07:46,682 - INFO - node    precision | micro: 0.576923; macro: 0.580688; score: [0.55555556 0.42857143 1.         0.         0.5        1.        ]
2025-09-09 15:07:46,682 - INFO - node    recall    | micro: 0.937500; macro: 0.777778; score: [1.         1.         0.66666667 0.         1.         1.        ]
2025-09-09 15:07:46,682 - INFO - node    f1        | micro: 0.714286; macro: 0.630159; score: [0.71428571 0.6        0.8        0.         0.66666667 1.        ]
2025-09-09 15:07:46,698 - INFO - service precision | micro: 0.500000; macro: 0.451852; score: [0.66666667 0.33333333 0.4        0.66666667 0.5        0.
 0.5        0.         1.        ]
2025-09-09 15:07:46,698 - INFO - service recall    | micro: 0.541667; macro: 0.538889; score: [1.   1.   0.5  0.4  0.2  0.   1.   0.   0.75]
2025-09-09 15:07:46,699 - INFO - service f1        | micro: 0.520000; macro: 0.450441; score: [0.8        0.5        0.44444444 0.5        0.28571429 0.
 0.66666667 0.         0.85714286]
2025-09-09 15:07:46,726 - INFO - pod     precision | micro: 0.305466; macro: 0.316266; score: [0.625      0.275      0.30434783 0.25       0.28571429 0.
 0.35       0.05263158 0.7037037 ]
2025-09-09 15:07:46,726 - INFO - pod     recall    | micro: 0.818966; macro: 0.799655; score: [1.         1.         0.7        0.71428571 0.7826087  0.
 1.         1.         1.        ]
2025-09-09 15:07:46,726 - INFO - pod     f1        | micro: 0.444965; macro: 0.428714; score: [0.76923077 0.43137255 0.42424242 0.37037037 0.41860465 0.
 0.51851852 0.1        0.82608696]
2025-09-09 15:07:46,726 - INFO - ----------
2025-09-09 15:07:48,938 - INFO - [31/300] | train_loss: 0.10655
2025-09-09 15:07:51,253 - INFO - [32/300] | train_loss: 0.10754
2025-09-09 15:07:53,572 - INFO - [33/300] | train_loss: 0.10089
2025-09-09 15:07:55,889 - INFO - [34/300] | train_loss: 0.10063
2025-09-09 15:07:58,203 - INFO - [35/300] | train_loss: 0.08768
2025-09-09 15:08:00,519 - INFO - [36/300] | train_loss: 0.08495
2025-09-09 15:08:02,834 - INFO - [37/300] | train_loss: 0.08658
2025-09-09 15:08:05,161 - INFO - [38/300] | train_loss: 0.08374
2025-09-09 15:08:07,478 - INFO - [39/300] | train_loss: 0.08904
2025-09-09 15:08:09,797 - INFO - [40/300] | train_loss: 0.08423
2025-09-09 15:08:10,073 - INFO - ----------
2025-09-09 15:08:10,073 - INFO - evaluation dataset type: valid
2025-09-09 15:08:10,089 - INFO - node    precision | micro: 0.600000; macro: 0.592262; score: [0.625      0.42857143 1.         0.         0.5        1.        ]
2025-09-09 15:08:10,089 - INFO - node    recall    | micro: 0.937500; macro: 0.777778; score: [1.         1.         0.66666667 0.         1.         1.        ]
2025-09-09 15:08:10,090 - INFO - node    f1        | micro: 0.731707; macro: 0.639316; score: [0.76923077 0.6        0.8        0.         0.66666667 1.        ]
2025-09-09 15:08:10,106 - INFO - service precision | micro: 0.560000; macro: 0.594444; score: [1.   0.4  0.2  0.75 1.   0.   1.   0.   1.  ]
2025-09-09 15:08:10,106 - INFO - service recall    | micro: 0.583333; macro: 0.561111; score: [1.   1.   0.25 0.6  0.2  0.   1.   0.   1.  ]
2025-09-09 15:08:10,106 - INFO - service f1        | micro: 0.571429; macro: 0.532628; score: [1.         0.57142857 0.22222222 0.66666667 0.33333333 0.
 1.         0.         1.        ]
2025-09-09 15:08:10,133 - INFO - pod     precision | micro: 0.330909; macro: 0.415693; score: [0.90909091 0.2972973  0.25       0.3255814  0.46428571 0.04081633
 0.4375     0.06666667 0.95      ]
2025-09-09 15:08:10,133 - INFO - pod     recall    | micro: 0.784483; macro: 0.825765; score: [1.         1.         0.7        0.66666667 0.56521739 0.5
 1.         1.         1.        ]
2025-09-09 15:08:10,134 - INFO - pod     f1        | micro: 0.465473; macro: 0.501107; score: [0.95238095 0.45833333 0.36842105 0.4375     0.50980392 0.0754717
 0.60869565 0.125      0.97435897]
2025-09-09 15:08:10,134 - INFO - ----------
2025-09-09 15:08:12,334 - INFO - [41/300] | train_loss: 0.08653
2025-09-09 15:08:14,649 - INFO - [42/300] | train_loss: 0.07943
2025-09-09 15:08:16,963 - INFO - [43/300] | train_loss: 0.07648
2025-09-09 15:08:19,291 - INFO - [44/300] | train_loss: 0.08028
2025-09-09 15:08:21,617 - INFO - [45/300] | train_loss: 0.06712
2025-09-09 15:08:23,945 - INFO - [46/300] | train_loss: 0.06469
2025-09-09 15:08:26,258 - INFO - [47/300] | train_loss: 0.06857
2025-09-09 15:08:28,573 - INFO - [48/300] | train_loss: 0.07480
2025-09-09 15:08:30,888 - INFO - [49/300] | train_loss: 0.08142
2025-09-09 15:08:33,204 - INFO - [50/300] | train_loss: 0.08205
2025-09-09 15:08:33,480 - INFO - ----------
2025-09-09 15:08:33,480 - INFO - evaluation dataset type: valid
2025-09-09 15:08:33,495 - INFO - node    precision | micro: 0.652174; macro: 0.631944; score: [0.625      0.5        1.         0.         0.66666667 1.        ]
2025-09-09 15:08:33,495 - INFO - node    recall    | micro: 0.937500; macro: 0.777778; score: [1.         1.         0.66666667 0.         1.         1.        ]
2025-09-09 15:08:33,496 - INFO - node    f1        | micro: 0.769231; macro: 0.672650; score: [0.76923077 0.66666667 0.8        0.         0.8        1.        ]
2025-09-09 15:08:33,512 - INFO - service precision | micro: 0.423077; macro: 0.411111; score: [0.5 0.4 0.4 0.  0.4 0.  1.  0.  1. ]
2025-09-09 15:08:33,512 - INFO - service recall    | micro: 0.458333; macro: 0.488889; score: [1.  1.  0.5 0.  0.4 0.  1.  0.  0.5]
2025-09-09 15:08:33,512 - INFO - service f1        | micro: 0.440000; macro: 0.416578; score: [0.66666667 0.57142857 0.44444444 0.         0.4        0.
 1.         0.         0.66666667]
2025-09-09 15:08:33,539 - INFO - pod     precision | micro: 0.363636; macro: 0.416216; score: [0.83333333 0.36666667 0.31111111 0.24615385 0.33333333 0.04545455
 0.53846154 0.16666667 0.9047619 ]
2025-09-09 15:08:33,539 - INFO - pod     recall    | micro: 0.793103; macro: 0.808569; score: [1.         1.         0.7        0.76190476 0.56521739 0.25
 1.         1.         1.        ]
2025-09-09 15:08:33,540 - INFO - pod     f1        | micro: 0.498645; macro: 0.520059; score: [0.90909091 0.53658537 0.43076923 0.37209302 0.41935484 0.07692308
 0.7        0.28571429 0.95      ]
2025-09-09 15:08:33,540 - INFO - ----------
2025-09-09 15:08:35,758 - INFO - [51/300] | train_loss: 0.07649
2025-09-09 15:08:38,076 - INFO - [52/300] | train_loss: 0.07389
2025-09-09 15:08:40,402 - INFO - [53/300] | train_loss: 0.07316
2025-09-09 15:08:42,723 - INFO - [54/300] | train_loss: 0.05720
2025-09-09 15:08:45,041 - INFO - [55/300] | train_loss: 0.05738
2025-09-09 15:08:47,358 - INFO - [56/300] | train_loss: 0.05612
2025-09-09 15:08:49,681 - INFO - [57/300] | train_loss: 0.05155
2025-09-09 15:08:51,995 - INFO - [58/300] | train_loss: 0.04427
2025-09-09 15:08:54,311 - INFO - [59/300] | train_loss: 0.05442
2025-09-09 15:08:56,630 - INFO - [60/300] | train_loss: 0.04461
2025-09-09 15:08:56,918 - INFO - ----------
2025-09-09 15:08:56,918 - INFO - evaluation dataset type: valid
2025-09-09 15:08:56,933 - INFO - node    precision | micro: 0.714286; macro: 0.702381; score: [0.71428571 0.5        1.         0.         1.         1.        ]
2025-09-09 15:08:56,933 - INFO - node    recall    | micro: 0.937500; macro: 0.777778; score: [1.         1.         0.66666667 0.         1.         1.        ]
2025-09-09 15:08:56,934 - INFO - node    f1        | micro: 0.810811; macro: 0.716667; score: [0.83333333 0.66666667 0.8        0.         1.         1.        ]
2025-09-09 15:08:56,950 - INFO - service precision | micro: 0.545455; macro: 0.509259; score: [0.66666667 0.33333333 0.25       0.33333333 1.         0.
 1.         0.         1.        ]
2025-09-09 15:08:56,950 - INFO - service recall    | micro: 0.500000; macro: 0.516667; score: [1.   1.   0.25 0.2  0.2  0.   1.   0.   1.  ]
2025-09-09 15:08:56,950 - INFO - service f1        | micro: 0.521739; macro: 0.459259; score: [0.8        0.5        0.25       0.25       0.33333333 0.
 1.         0.         1.        ]
2025-09-09 15:08:56,977 - INFO - pod     precision | micro: 0.406091; macro: 0.430804; score: [0.90909091 0.37931034 0.30232558 0.19512195 0.40740741 0.
 0.63636364 0.14285714 0.9047619 ]
2025-09-09 15:08:56,977 - INFO - pod     recall    | micro: 0.689655; macro: 0.723246; score: [1.         1.         0.65       0.38095238 0.47826087 0.
 1.         1.         1.        ]
2025-09-09 15:08:56,977 - INFO - pod     f1        | micro: 0.511182; macro: 0.510102; score: [0.95238095 0.55       0.41269841 0.25806452 0.44       0.
 0.77777778 0.25       0.95      ]
2025-09-09 15:08:56,977 - INFO - ----------
2025-09-09 15:08:59,186 - INFO - [61/300] | train_loss: 0.04153
2025-09-09 15:09:01,503 - INFO - [62/300] | train_loss: 0.03881
2025-09-09 15:09:03,836 - INFO - [63/300] | train_loss: 0.04479
2025-09-09 15:09:06,164 - INFO - [64/300] | train_loss: 0.04024
2025-09-09 15:09:08,492 - INFO - [65/300] | train_loss: 0.04148
2025-09-09 15:09:10,812 - INFO - [66/300] | train_loss: 0.04336
2025-09-09 15:09:13,132 - INFO - [67/300] | train_loss: 0.03716
2025-09-09 15:09:15,454 - INFO - [68/300] | train_loss: 0.03328
2025-09-09 15:09:17,772 - INFO - [69/300] | train_loss: 0.03635
2025-09-09 15:09:20,095 - INFO - [70/300] | train_loss: 0.03408
2025-09-09 15:09:20,374 - INFO - ----------
2025-09-09 15:09:20,374 - INFO - evaluation dataset type: valid
2025-09-09 15:09:20,390 - INFO - node    precision | micro: 0.789474; macro: 0.744048; score: [0.71428571 0.75       1.         0.         1.         1.        ]
2025-09-09 15:09:20,390 - INFO - node    recall    | micro: 0.937500; macro: 0.777778; score: [1.         1.         0.66666667 0.         1.         1.        ]
2025-09-09 15:09:20,391 - INFO - node    f1        | micro: 0.857143; macro: 0.748413; score: [0.83333333 0.85714286 0.8        0.         1.         1.        ]
2025-09-09 15:09:20,407 - INFO - service precision | micro: 0.555556; macro: 0.535185; score: [0.66666667 0.4        0.25       0.5        1.         0.
 1.         0.         1.        ]
2025-09-09 15:09:20,407 - INFO - service recall    | micro: 0.416667; macro: 0.461111; score: [1.   1.   0.25 0.2  0.2  0.   1.   0.   0.5 ]
2025-09-09 15:09:20,407 - INFO - service f1        | micro: 0.476190; macro: 0.434127; score: [0.8        0.57142857 0.25       0.28571429 0.33333333 0.
 1.         0.         0.66666667]
2025-09-09 15:09:20,434 - INFO - pod     precision | micro: 0.506667; macro: 0.490810; score: [0.90909091 0.40740741 0.48       0.24137931 0.52941176 0.
 0.7        0.2        0.95      ]
2025-09-09 15:09:20,434 - INFO - pod     recall    | micro: 0.655172; macro: 0.702738; score: [1.         1.         0.6        0.33333333 0.39130435 0.
 1.         1.         1.        ]
2025-09-09 15:09:20,434 - INFO - pod     f1        | micro: 0.571429; macro: 0.547320; score: [0.95238095 0.57894737 0.53333333 0.28       0.45       0.
 0.82352941 0.33333333 0.97435897]
2025-09-09 15:09:20,434 - INFO - ----------
2025-09-09 15:09:22,645 - INFO - [71/300] | train_loss: 0.03428
2025-09-09 15:09:25,051 - INFO - [72/300] | train_loss: 0.04053
2025-09-09 15:09:27,380 - INFO - [73/300] | train_loss: 0.03386
2025-09-09 15:09:29,709 - INFO - [74/300] | train_loss: 0.03371
2025-09-09 15:09:32,049 - INFO - [75/300] | train_loss: 0.03374
2025-09-09 15:09:34,367 - INFO - [76/300] | train_loss: 0.03316
2025-09-09 15:09:36,693 - INFO - [77/300] | train_loss: 0.03173
2025-09-09 15:09:39,017 - INFO - [78/300] | train_loss: 0.02650
2025-09-09 15:09:41,354 - INFO - [79/300] | train_loss: 0.03191
2025-09-09 15:09:43,673 - INFO - [80/300] | train_loss: 0.02866
2025-09-09 15:09:43,949 - INFO - ----------
2025-09-09 15:09:43,949 - INFO - evaluation dataset type: valid
2025-09-09 15:09:43,965 - INFO - node    precision | micro: 0.625000; macro: 0.702381; score: [0.71428571 0.5        1.         0.         1.         1.        ]
2025-09-09 15:09:43,965 - INFO - node    recall    | micro: 0.937500; macro: 0.777778; score: [1.         1.         0.66666667 0.         1.         1.        ]
2025-09-09 15:09:43,965 - INFO - node    f1        | micro: 0.750000; macro: 0.716667; score: [0.83333333 0.66666667 0.8        0.         1.         1.        ]
2025-09-09 15:09:43,982 - INFO - service precision | micro: 0.578947; macro: 0.525926; score: [0.5        0.4        0.33333333 0.5        1.         0.
 1.         0.         1.        ]
2025-09-09 15:09:43,982 - INFO - service recall    | micro: 0.458333; macro: 0.488889; score: [1.   1.   0.25 0.2  0.2  0.   1.   0.   0.75]
2025-09-09 15:09:43,982 - INFO - service f1        | micro: 0.511628; macro: 0.444444; score: [0.66666667 0.57142857 0.28571429 0.28571429 0.33333333 0.
 1.         0.         0.85714286]
2025-09-09 15:09:44,009 - INFO - pod     precision | micro: 0.573529; macro: 0.564601; score: [0.83333333 0.42307692 0.5        0.33333333 0.66666667 0.
 0.875      0.5        0.95      ]
2025-09-09 15:09:44,009 - INFO - pod     recall    | micro: 0.672414; macro: 0.712859; score: [1.         1.         0.6        0.38095238 0.43478261 0.
 1.         1.         1.        ]
2025-09-09 15:09:44,009 - INFO - pod     f1        | micro: 0.619048; macro: 0.611708; score: [0.90909091 0.59459459 0.54545455 0.35555556 0.52631579 0.
 0.93333333 0.66666667 0.97435897]
2025-09-09 15:09:44,009 - INFO - ----------
2025-09-09 15:09:46,226 - INFO - [81/300] | train_loss: 0.03153
2025-09-09 15:09:48,564 - INFO - [82/300] | train_loss: 0.02957
2025-09-09 15:09:50,877 - INFO - [83/300] | train_loss: 0.02770
2025-09-09 15:09:53,195 - INFO - [84/300] | train_loss: 0.02549
2025-09-09 15:09:55,515 - INFO - [85/300] | train_loss: 0.02548
2025-09-09 15:09:57,836 - INFO - [86/300] | train_loss: 0.02233
2025-09-09 15:10:00,147 - INFO - [87/300] | train_loss: 0.02151
2025-09-09 15:10:02,474 - INFO - [88/300] | train_loss: 0.02143
2025-09-09 15:10:04,846 - INFO - [89/300] | train_loss: 0.02583
2025-09-09 15:10:07,174 - INFO - [90/300] | train_loss: 0.02257
2025-09-09 15:10:07,449 - INFO - ----------
2025-09-09 15:10:07,449 - INFO - evaluation dataset type: valid
2025-09-09 15:10:07,466 - INFO - node    precision | micro: 0.714286; macro: 0.702381; score: [0.71428571 0.5        1.         0.         1.         1.        ]
2025-09-09 15:10:07,466 - INFO - node    recall    | micro: 0.937500; macro: 0.777778; score: [1.         1.         0.66666667 0.         1.         1.        ]
2025-09-09 15:10:07,466 - INFO - node    f1        | micro: 0.810811; macro: 0.716667; score: [0.83333333 0.66666667 0.8        0.         1.         1.        ]
2025-09-09 15:10:07,483 - INFO - service precision | micro: 0.650000; macro: 0.555556; score: [0.66666667 0.5        0.33333333 0.5        1.         0.
 1.         0.         1.        ]
2025-09-09 15:10:07,483 - INFO - service recall    | micro: 0.541667; macro: 0.538889; score: [1.   1.   0.25 0.4  0.2  0.   1.   0.   1.  ]
2025-09-09 15:10:07,484 - INFO - service f1        | micro: 0.590909; macro: 0.503351; score: [0.8        0.66666667 0.28571429 0.44444444 0.33333333 0.
 1.         0.         1.        ]
2025-09-09 15:10:07,511 - INFO - pod     precision | micro: 0.567376; macro: 0.557566; score: [0.90909091 0.44       0.52173913 0.3030303  0.76923077 0.
 0.875      0.25       0.95      ]
2025-09-09 15:10:07,511 - INFO - pod     recall    | micro: 0.689655; macro: 0.723441; score: [1.         1.         0.6        0.47619048 0.43478261 0.
 1.         1.         1.        ]
2025-09-09 15:10:07,511 - INFO - pod     f1        | micro: 0.622568; macro: 0.595028; score: [0.95238095 0.61111111 0.55813953 0.37037037 0.55555556 0.
 0.93333333 0.4        0.97435897]
2025-09-09 15:10:07,511 - INFO - ----------
2025-09-09 15:10:09,720 - INFO - [91/300] | train_loss: 0.02528
2025-09-09 15:10:12,036 - INFO - [92/300] | train_loss: 0.02183
2025-09-09 15:10:14,355 - INFO - [93/300] | train_loss: 0.02767
2025-09-09 15:10:16,666 - INFO - [94/300] | train_loss: 0.02438
2025-09-09 15:10:18,979 - INFO - [95/300] | train_loss: 0.02505
2025-09-09 15:10:21,298 - INFO - [96/300] | train_loss: 0.02377
2025-09-09 15:10:23,622 - INFO - [97/300] | train_loss: 0.02637
2025-09-09 15:10:25,933 - INFO - [98/300] | train_loss: 0.02874
2025-09-09 15:10:28,251 - INFO - [99/300] | train_loss: 0.02677
2025-09-09 15:10:30,571 - INFO - [100/300] | train_loss: 0.02757
2025-09-09 15:10:30,849 - INFO - ----------
2025-09-09 15:10:30,849 - INFO - evaluation dataset type: valid
2025-09-09 15:10:30,866 - INFO - node    precision | micro: 0.789474; macro: 0.738889; score: [0.83333333 0.6        1.         0.         1.         1.        ]
2025-09-09 15:10:30,866 - INFO - node    recall    | micro: 0.937500; macro: 0.777778; score: [1.         1.         0.66666667 0.         1.         1.        ]
2025-09-09 15:10:30,866 - INFO - node    f1        | micro: 0.857143; macro: 0.743182; score: [0.90909091 0.75       0.8        0.         1.         1.        ]
2025-09-09 15:10:30,882 - INFO - service precision | micro: 0.750000; macro: 0.611111; score: [1.  0.5 0.  1.  1.  0.  1.  0.  1. ]
2025-09-09 15:10:30,882 - INFO - service recall    | micro: 0.375000; macro: 0.433333; score: [1.  1.  0.  0.2 0.2 0.  1.  0.  0.5]
2025-09-09 15:10:30,882 - INFO - service f1        | micro: 0.500000; macro: 0.444444; score: [1.         0.66666667 0.         0.33333333 0.33333333 0.
 1.         0.         0.66666667]
2025-09-09 15:10:30,909 - INFO - pod     precision | micro: 0.663717; macro: 0.690841; score: [0.90909091 0.5        0.52631579 0.42105263 0.91666667 0.
 1.         1.         0.94444444]
2025-09-09 15:10:30,909 - INFO - pod     recall    | micro: 0.646552; macro: 0.694883; score: [1.         1.         0.5        0.38095238 0.47826087 0.
 1.         1.         0.89473684]
2025-09-09 15:10:30,910 - INFO - pod     f1        | micro: 0.655022; macro: 0.675484; score: [0.95238095 0.66666667 0.51282051 0.4        0.62857143 0.
 1.         1.         0.91891892]
2025-09-09 15:10:30,910 - INFO - ----------
2025-09-09 15:10:33,111 - INFO - [101/300] | train_loss: 0.02881
2025-09-09 15:10:35,437 - INFO - [102/300] | train_loss: 0.02570
2025-09-09 15:10:37,761 - INFO - [103/300] | train_loss: 0.03265
2025-09-09 15:10:40,081 - INFO - [104/300] | train_loss: 0.03183
2025-09-09 15:10:42,398 - INFO - [105/300] | train_loss: 0.02856
2025-09-09 15:10:44,724 - INFO - [106/300] | train_loss: 0.02562
2025-09-09 15:10:47,041 - INFO - [107/300] | train_loss: 0.02573
2025-09-09 15:10:49,364 - INFO - [108/300] | train_loss: 0.02741
2025-09-09 15:10:51,695 - INFO - [109/300] | train_loss: 0.03072
2025-09-09 15:10:54,024 - INFO - [110/300] | train_loss: 0.02439
2025-09-09 15:10:54,297 - INFO - ----------
2025-09-09 15:10:54,297 - INFO - evaluation dataset type: valid
2025-09-09 15:10:54,314 - INFO - node    precision | micro: 0.789474; macro: 0.744048; score: [0.71428571 0.75       1.         0.         1.         1.        ]
2025-09-09 15:10:54,314 - INFO - node    recall    | micro: 0.937500; macro: 0.777778; score: [1.         1.         0.66666667 0.         1.         1.        ]
2025-09-09 15:10:54,314 - INFO - node    f1        | micro: 0.857143; macro: 0.748413; score: [0.83333333 0.85714286 0.8        0.         1.         1.        ]
2025-09-09 15:10:54,331 - INFO - service precision | micro: 0.666667; macro: 0.637037; score: [1.         0.4        0.33333333 1.         1.         0.
 1.         0.         1.        ]
2025-09-09 15:10:54,331 - INFO - service recall    | micro: 0.500000; macro: 0.516667; score: [1.   1.   0.25 0.2  0.2  0.   1.   0.   1.  ]
2025-09-09 15:10:54,331 - INFO - service f1        | micro: 0.571429; macro: 0.502646; score: [1.         0.57142857 0.28571429 0.33333333 0.33333333 0.
 1.         0.         1.        ]
2025-09-09 15:10:54,358 - INFO - pod     precision | micro: 0.503067; macro: 0.644206; score: [0.90909091 0.42307692 0.38235294 0.3        0.73333333 0.05
 1.         1.         1.        ]
2025-09-09 15:10:54,359 - INFO - pod     recall    | micro: 0.706897; macro: 0.756315; score: [1.         1.         0.65       0.42857143 0.47826087 0.25
 1.         1.         1.        ]
2025-09-09 15:10:54,359 - INFO - pod     f1        | micro: 0.587814; macro: 0.671520; score: [0.95238095 0.59459459 0.48148148 0.35294118 0.57894737 0.08333333
 1.         1.         1.        ]
2025-09-09 15:10:54,359 - INFO - ----------
2025-09-09 15:10:56,684 - INFO - [111/300] | train_loss: 0.02511
2025-09-09 15:10:59,060 - INFO - [112/300] | train_loss: 0.02167
2025-09-09 15:11:01,404 - INFO - [113/300] | train_loss: 0.02424
2025-09-09 15:11:03,722 - INFO - [114/300] | train_loss: 0.03231
2025-09-09 15:11:06,041 - INFO - [115/300] | train_loss: 0.05699
2025-09-09 15:11:08,362 - INFO - [116/300] | train_loss: 0.19050
2025-09-09 15:11:10,674 - INFO - [117/300] | train_loss: 0.13853
2025-09-09 15:11:12,994 - INFO - [118/300] | train_loss: 0.09700
2025-09-09 15:11:15,308 - INFO - [119/300] | train_loss: 0.07566
2025-09-09 15:11:17,630 - INFO - [120/300] | train_loss: 0.07719
2025-09-09 15:11:17,908 - INFO - ----------
2025-09-09 15:11:17,909 - INFO - evaluation dataset type: valid
2025-09-09 15:11:17,924 - INFO - node    precision | micro: 0.937500; macro: 0.833333; score: [1. 1. 1. 0. 1. 1.]
2025-09-09 15:11:17,925 - INFO - node    recall    | micro: 0.937500; macro: 0.777778; score: [1.         1.         0.66666667 0.         1.         1.        ]
2025-09-09 15:11:17,925 - INFO - node    f1        | micro: 0.937500; macro: 0.800000; score: [1.  1.  0.8 0.  1.  1. ]
2025-09-09 15:11:17,941 - INFO - service precision | micro: 0.636364; macro: 0.537037; score: [1.         0.5        0.33333333 0.5        1.         0.
 0.5        0.         1.        ]
2025-09-09 15:11:17,941 - INFO - service recall    | micro: 0.583333; macro: 0.566667; score: [1.  1.  0.5 0.2 0.4 0.  1.  0.  1. ]
2025-09-09 15:11:17,942 - INFO - service f1        | micro: 0.608696; macro: 0.510053; score: [1.         0.66666667 0.4        0.28571429 0.57142857 0.
 0.66666667 0.         1.        ]
2025-09-09 15:11:17,968 - INFO - pod     precision | micro: 0.427083; macro: 0.510206; score: [0.83333333 0.47826087 0.26086957 0.35714286 0.6875     0.03030303
 0.77777778 0.16666667 1.        ]
2025-09-09 15:11:17,969 - INFO - pod     recall    | micro: 0.706897; macro: 0.756050; score: [1.         1.         0.6        0.47619048 0.47826087 0.25
 1.         1.         1.        ]
2025-09-09 15:11:17,969 - INFO - pod     f1        | micro: 0.532468; macro: 0.567424; score: [0.90909091 0.64705882 0.36363636 0.40816327 0.56410256 0.05405405
 0.875      0.28571429 1.        ]
2025-09-09 15:11:17,969 - INFO - ----------
2025-09-09 15:11:20,174 - INFO - [121/300] | train_loss: 0.04720
2025-09-09 15:11:22,491 - INFO - [122/300] | train_loss: 0.04495
2025-09-09 15:11:24,804 - INFO - [123/300] | train_loss: 0.03339
2025-09-09 15:11:27,120 - INFO - [124/300] | train_loss: 0.03455
2025-09-09 15:11:29,431 - INFO - [125/300] | train_loss: 0.04063
2025-09-09 15:11:31,737 - INFO - [126/300] | train_loss: 0.02941
2025-09-09 15:11:34,052 - INFO - [127/300] | train_loss: 0.02853
2025-09-09 15:11:36,368 - INFO - [128/300] | train_loss: 0.02790
2025-09-09 15:11:38,681 - INFO - [129/300] | train_loss: 0.02525
2025-09-09 15:11:40,995 - INFO - [130/300] | train_loss: 0.02093
2025-09-09 15:11:41,273 - INFO - ----------
2025-09-09 15:11:41,273 - INFO - evaluation dataset type: valid
2025-09-09 15:11:41,288 - INFO - node    precision | micro: 0.750000; macro: 0.719048; score: [0.71428571 0.6        1.         0.         1.         1.        ]
2025-09-09 15:11:41,288 - INFO - node    recall    | micro: 0.937500; macro: 0.777778; score: [1.         1.         0.66666667 0.         1.         1.        ]
2025-09-09 15:11:41,288 - INFO - node    f1        | micro: 0.833333; macro: 0.730556; score: [0.83333333 0.75       0.8        0.         1.         1.        ]
2025-09-09 15:11:41,305 - INFO - service precision | micro: 0.611111; macro: 0.518519; score: [0.66666667 0.5        0.         0.5        1.         0.
 1.         0.         1.        ]
2025-09-09 15:11:41,305 - INFO - service recall    | micro: 0.458333; macro: 0.488889; score: [1.  1.  0.  0.2 0.2 0.  1.  0.  1. ]
2025-09-09 15:11:41,305 - INFO - service f1        | micro: 0.523810; macro: 0.453968; score: [0.8        0.66666667 0.         0.28571429 0.33333333 0.
 1.         0.         1.        ]
2025-09-09 15:11:41,332 - INFO - pod     precision | micro: 0.545455; macro: 0.649521; score: [0.90909091 0.44       0.32142857 0.34482759 0.76923077 0.11111111
 1.         1.         0.95      ]
2025-09-09 15:11:41,332 - INFO - pod     recall    | micro: 0.672414; macro: 0.734553; score: [1.         1.         0.45       0.47619048 0.43478261 0.25
 1.         1.         1.        ]
2025-09-09 15:11:41,332 - INFO - pod     f1        | micro: 0.602317; macro: 0.669139; score: [0.95238095 0.61111111 0.375      0.4        0.55555556 0.15384615
 1.         1.         0.97435897]
2025-09-09 15:11:41,332 - INFO - ----------
2025-09-09 15:11:43,533 - INFO - [131/300] | train_loss: 0.02190
2025-09-09 15:11:45,866 - INFO - [132/300] | train_loss: 0.01857
2025-09-09 15:11:48,187 - INFO - [133/300] | train_loss: 0.01917
2025-09-09 15:11:50,502 - INFO - [134/300] | train_loss: 0.02155
2025-09-09 15:11:52,812 - INFO - [135/300] | train_loss: 0.01923
2025-09-09 15:11:55,126 - INFO - [136/300] | train_loss: 0.01694
2025-09-09 15:11:57,434 - INFO - [137/300] | train_loss: 0.01553
2025-09-09 15:11:59,742 - INFO - [138/300] | train_loss: 0.01897
2025-09-09 15:12:02,062 - INFO - [139/300] | train_loss: 0.01394
2025-09-09 15:12:04,387 - INFO - [140/300] | train_loss: 0.01505
2025-09-09 15:12:04,657 - INFO - ----------
2025-09-09 15:12:04,657 - INFO - evaluation dataset type: valid
2025-09-09 15:12:04,673 - INFO - node    precision | micro: 0.789474; macro: 0.744048; score: [0.71428571 0.75       1.         0.         1.         1.        ]
2025-09-09 15:12:04,673 - INFO - node    recall    | micro: 0.937500; macro: 0.777778; score: [1.         1.         0.66666667 0.         1.         1.        ]
2025-09-09 15:12:04,673 - INFO - node    f1        | micro: 0.857143; macro: 0.748413; score: [0.83333333 0.85714286 0.8        0.         1.         1.        ]
2025-09-09 15:12:04,689 - INFO - service precision | micro: 0.666667; macro: 0.583333; score: [1.   0.5  0.25 0.5  1.   0.   1.   0.   1.  ]
2025-09-09 15:12:04,689 - INFO - service recall    | micro: 0.500000; macro: 0.516667; score: [1.   1.   0.25 0.2  0.2  0.   1.   0.   1.  ]
2025-09-09 15:12:04,689 - INFO - service f1        | micro: 0.571429; macro: 0.503968; score: [1.         0.66666667 0.25       0.28571429 0.33333333 0.
 1.         0.         1.        ]
2025-09-09 15:12:04,716 - INFO - pod     precision | micro: 0.618644; macro: 0.652057; score: [0.90909091 0.47826087 0.35       0.34782609 0.83333333 0.
 1.         1.         0.95      ]
2025-09-09 15:12:04,717 - INFO - pod     recall    | micro: 0.629310; macro: 0.685082; score: [1.         1.         0.35       0.38095238 0.43478261 0.
 1.         1.         1.        ]
2025-09-09 15:12:04,717 - INFO - pod     f1        | micro: 0.623932; macro: 0.650985; score: [0.95238095 0.64705882 0.35       0.36363636 0.57142857 0.
 1.         1.         0.97435897]
2025-09-09 15:12:04,717 - INFO - ----------
2025-09-09 15:12:06,917 - INFO - [141/300] | train_loss: 0.01373
2025-09-09 15:12:09,231 - INFO - [142/300] | train_loss: 0.01804
2025-09-09 15:12:11,560 - INFO - [143/300] | train_loss: 0.01729
2025-09-09 15:12:13,877 - INFO - [144/300] | train_loss: 0.01469
2025-09-09 15:12:16,193 - INFO - [145/300] | train_loss: 0.01922
2025-09-09 15:12:18,505 - INFO - [146/300] | train_loss: 0.01687
2025-09-09 15:12:20,824 - INFO - [147/300] | train_loss: 0.01744
2025-09-09 15:12:23,144 - INFO - [148/300] | train_loss: 0.02146
2025-09-09 15:12:25,465 - INFO - [149/300] | train_loss: 0.02778
2025-09-09 15:12:27,794 - INFO - [150/300] | train_loss: 0.02314
2025-09-09 15:12:28,069 - INFO - ----------
2025-09-09 15:12:28,069 - INFO - evaluation dataset type: valid
2025-09-09 15:12:28,085 - INFO - node    precision | micro: 0.714286; macro: 0.702381; score: [0.71428571 0.5        1.         0.         1.         1.        ]
2025-09-09 15:12:28,085 - INFO - node    recall    | micro: 0.937500; macro: 0.777778; score: [1.         1.         0.66666667 0.         1.         1.        ]
2025-09-09 15:12:28,086 - INFO - node    f1        | micro: 0.810811; macro: 0.716667; score: [0.83333333 0.66666667 0.8        0.         1.         1.        ]
2025-09-09 15:12:28,102 - INFO - service precision | micro: 0.666667; macro: 0.547619; score: [1.         0.5        0.42857143 0.         1.         0.
 1.         0.         1.        ]
2025-09-09 15:12:28,102 - INFO - service recall    | micro: 0.500000; macro: 0.522222; score: [1.   1.   0.75 0.   0.2  0.   1.   0.   0.75]
2025-09-09 15:12:28,102 - INFO - service f1        | micro: 0.571429; macro: 0.489177; score: [1.         0.66666667 0.54545455 0.         0.33333333 0.
 1.         0.         0.85714286]
2025-09-09 15:12:28,129 - INFO - pod     precision | micro: 0.580420; macro: 0.673664; score: [0.90909091 0.40740741 0.35416667 0.69230769 0.75       0.
 1.         1.         0.95      ]
2025-09-09 15:12:28,129 - INFO - pod     recall    | micro: 0.715517; macro: 0.741097; score: [1.         1.         0.85       0.42857143 0.39130435 0.
 1.         1.         1.        ]
2025-09-09 15:12:28,129 - INFO - pod     f1        | micro: 0.640927; macro: 0.672154; score: [0.95238095 0.57894737 0.5        0.52941176 0.51428571 0.
 1.         1.         0.97435897]
2025-09-09 15:12:28,129 - INFO - ----------
2025-09-09 15:12:30,326 - INFO - [151/300] | train_loss: 0.02275
2025-09-09 15:12:32,640 - INFO - [152/300] | train_loss: 0.01840
2025-09-09 15:12:34,955 - INFO - [153/300] | train_loss: 0.01528
2025-09-09 15:12:37,281 - INFO - [154/300] | train_loss: 0.01797
2025-09-09 15:12:39,596 - INFO - [155/300] | train_loss: 0.01337
2025-09-09 15:12:41,916 - INFO - [156/300] | train_loss: 0.01754
2025-09-09 15:12:44,237 - INFO - [157/300] | train_loss: 0.01641
2025-09-09 15:12:46,543 - INFO - [158/300] | train_loss: 0.01466
2025-09-09 15:12:48,871 - INFO - [159/300] | train_loss: 0.01510
2025-09-09 15:12:51,194 - INFO - [160/300] | train_loss: 0.01726
2025-09-09 15:12:51,470 - INFO - ----------
2025-09-09 15:12:51,470 - INFO - evaluation dataset type: valid
2025-09-09 15:12:51,486 - INFO - node    precision | micro: 0.789474; macro: 0.744048; score: [0.71428571 0.75       1.         0.         1.         1.        ]
2025-09-09 15:12:51,486 - INFO - node    recall    | micro: 0.937500; macro: 0.777778; score: [1.         1.         0.66666667 0.         1.         1.        ]
2025-09-09 15:12:51,486 - INFO - node    f1        | micro: 0.857143; macro: 0.748413; score: [0.83333333 0.85714286 0.8        0.         1.         1.        ]
2025-09-09 15:12:51,503 - INFO - service precision | micro: 0.631579; macro: 0.590741; score: [0.66666667 0.4        0.25       1.         1.         0.
 1.         0.         1.        ]
2025-09-09 15:12:51,503 - INFO - service recall    | micro: 0.500000; macro: 0.516667; score: [1.   1.   0.25 0.2  0.2  0.   1.   0.   1.  ]
2025-09-09 15:12:51,503 - INFO - service f1        | micro: 0.558140; macro: 0.476455; score: [0.8        0.57142857 0.25       0.33333333 0.33333333 0.
 1.         0.         1.        ]
2025-09-09 15:12:51,530 - INFO - pod     precision | micro: 0.595745; macro: 0.610744; score: [0.90909091 0.44       0.37837838 0.55       0.76923077 0.25
 1.         0.25       0.95      ]
2025-09-09 15:12:51,530 - INFO - pod     recall    | micro: 0.724138; macro: 0.767621; score: [1.         1.         0.7        0.52380952 0.43478261 0.25
 1.         1.         1.        ]
2025-09-09 15:12:51,530 - INFO - pod     f1        | micro: 0.653696; macro: 0.641247; score: [0.95238095 0.61111111 0.49122807 0.53658537 0.55555556 0.25
 1.         0.4        0.97435897]
2025-09-09 15:12:51,530 - INFO - ----------
2025-09-09 15:12:53,726 - INFO - [161/300] | train_loss: 0.02529
2025-09-09 15:12:56,059 - INFO - [162/300] | train_loss: 0.02291
2025-09-09 15:12:58,378 - INFO - [163/300] | train_loss: 0.01323
2025-09-09 15:13:00,697 - INFO - [164/300] | train_loss: 0.01278
2025-09-09 15:13:03,016 - INFO - [165/300] | train_loss: 0.01293
2025-09-09 15:13:05,332 - INFO - [166/300] | train_loss: 0.01651
2025-09-09 15:13:07,655 - INFO - [167/300] | train_loss: 0.01562
2025-09-09 15:13:09,966 - INFO - [168/300] | train_loss: 0.01980
2025-09-09 15:13:12,280 - INFO - [169/300] | train_loss: 0.01774
2025-09-09 15:13:14,599 - INFO - [170/300] | train_loss: 0.01431
2025-09-09 15:13:14,876 - INFO - ----------
2025-09-09 15:13:14,876 - INFO - evaluation dataset type: valid
2025-09-09 15:13:14,892 - INFO - node    precision | micro: 0.882353; macro: 0.805556; score: [0.83333333 1.         1.         0.         1.         1.        ]
2025-09-09 15:13:14,892 - INFO - node    recall    | micro: 0.937500; macro: 0.777778; score: [1.         1.         0.66666667 0.         1.         1.        ]
2025-09-09 15:13:14,892 - INFO - node    f1        | micro: 0.909091; macro: 0.784848; score: [0.90909091 1.         0.8        0.         1.         1.        ]
2025-09-09 15:13:14,908 - INFO - service precision | micro: 0.687500; macro: 0.638889; score: [1.   0.5  0.25 1.   1.   0.   1.   0.   1.  ]
2025-09-09 15:13:14,908 - INFO - service recall    | micro: 0.458333; macro: 0.488889; score: [1.   1.   0.25 0.2  0.2  0.   1.   0.   0.75]
2025-09-09 15:13:14,909 - INFO - service f1        | micro: 0.550000; macro: 0.493386; score: [1.         0.66666667 0.25       0.33333333 0.33333333 0.
 1.         0.         0.85714286]
2025-09-09 15:13:14,935 - INFO - pod     precision | micro: 0.532468; macro: 0.573412; score: [0.90909091 0.39285714 0.30434783 0.52941176 0.625      0.25
 1.         0.2        0.95      ]
2025-09-09 15:13:14,935 - INFO - pod     recall    | micro: 0.706897; macro: 0.757039; score: [1.         1.         0.7        0.42857143 0.43478261 0.25
 1.         1.         1.        ]
2025-09-09 15:13:14,936 - INFO - pod     f1        | micro: 0.607407; macro: 0.609436; score: [0.95238095 0.56410256 0.42424242 0.47368421 0.51282051 0.25
 1.         0.33333333 0.97435897]
2025-09-09 15:13:14,936 - INFO - ----------
2025-09-09 15:13:17,141 - INFO - [171/300] | train_loss: 0.01666
2025-09-09 15:13:19,457 - INFO - [172/300] | train_loss: 0.01167
2025-09-09 15:13:21,775 - INFO - [173/300] | train_loss: 0.01333
2025-09-09 15:13:24,088 - INFO - [174/300] | train_loss: 0.01328
2025-09-09 15:13:26,406 - INFO - [175/300] | train_loss: 0.01521
2025-09-09 15:13:28,735 - INFO - [176/300] | train_loss: 0.01496
2025-09-09 15:13:31,113 - INFO - [177/300] | train_loss: 0.01334
2025-09-09 15:13:33,440 - INFO - [178/300] | train_loss: 0.01422
2025-09-09 15:13:35,771 - INFO - [179/300] | train_loss: 0.01637
2025-09-09 15:13:38,081 - INFO - [180/300] | train_loss: 0.01257
2025-09-09 15:13:38,358 - INFO - ----------
2025-09-09 15:13:38,358 - INFO - evaluation dataset type: valid
2025-09-09 15:13:38,374 - INFO - node    precision | micro: 0.750000; macro: 0.719048; score: [0.71428571 0.6        1.         0.         1.         1.        ]
2025-09-09 15:13:38,374 - INFO - node    recall    | micro: 0.937500; macro: 0.777778; score: [1.         1.         0.66666667 0.         1.         1.        ]
2025-09-09 15:13:38,374 - INFO - node    f1        | micro: 0.833333; macro: 0.730556; score: [0.83333333 0.75       0.8        0.         1.         1.        ]
2025-09-09 15:13:38,390 - INFO - service precision | micro: 0.714286; macro: 0.592593; score: [0.66666667 0.66666667 0.         1.         1.         0.
 1.         0.         1.        ]
2025-09-09 15:13:38,390 - INFO - service recall    | micro: 0.416667; macro: 0.461111; score: [1.   1.   0.   0.2  0.2  0.   1.   0.   0.75]
2025-09-09 15:13:38,390 - INFO - service f1        | micro: 0.526316; macro: 0.458201; score: [0.8        0.8        0.         0.33333333 0.33333333 0.
 1.         0.         0.85714286]
2025-09-09 15:13:38,417 - INFO - pod     precision | micro: 0.669643; macro: 0.609190; score: [0.90909091 0.55       0.42105263 0.5        0.76923077 0.
 1.         0.33333333 1.        ]
2025-09-09 15:13:38,417 - INFO - pod     recall    | micro: 0.646552; macro: 0.695928; score: [1.         1.         0.4        0.42857143 0.43478261 0.
 1.         1.         1.        ]
2025-09-09 15:13:38,417 - INFO - pod     f1        | micro: 0.657895; macro: 0.621045; score: [0.95238095 0.70967742 0.41025641 0.46153846 0.55555556 0.
 1.         0.5        1.        ]
2025-09-09 15:13:38,417 - INFO - ----------
2025-09-09 15:13:40,612 - INFO - [181/300] | train_loss: 0.01444
2025-09-09 15:13:42,924 - INFO - [182/300] | train_loss: 0.01417
2025-09-09 15:13:45,235 - INFO - [183/300] | train_loss: 0.01681
2025-09-09 15:13:47,544 - INFO - [184/300] | train_loss: 0.01244
2025-09-09 15:13:49,855 - INFO - [185/300] | train_loss: 0.01302
2025-09-09 15:13:52,173 - INFO - [186/300] | train_loss: 0.01208
2025-09-09 15:13:54,492 - INFO - [187/300] | train_loss: 0.01076
2025-09-09 15:13:56,806 - INFO - [188/300] | train_loss: 0.01361
2025-09-09 15:13:59,137 - INFO - [189/300] | train_loss: 0.01100
2025-09-09 15:14:01,460 - INFO - [190/300] | train_loss: 0.01595
2025-09-09 15:14:01,736 - INFO - ----------
2025-09-09 15:14:01,736 - INFO - evaluation dataset type: valid
2025-09-09 15:14:01,751 - INFO - node    precision | micro: 0.750000; macro: 0.719048; score: [0.71428571 0.6        1.         0.         1.         1.        ]
2025-09-09 15:14:01,752 - INFO - node    recall    | micro: 0.937500; macro: 0.777778; score: [1.         1.         0.66666667 0.         1.         1.        ]
2025-09-09 15:14:01,752 - INFO - node    f1        | micro: 0.833333; macro: 0.730556; score: [0.83333333 0.75       0.8        0.         1.         1.        ]
2025-09-09 15:14:01,768 - INFO - service precision | micro: 0.750000; macro: 0.685185; score: [1.         0.66666667 0.5        1.         1.         0.
 1.         0.         1.        ]
2025-09-09 15:14:01,768 - INFO - service recall    | micro: 0.500000; macro: 0.516667; score: [1.   1.   0.75 0.2  0.2  0.   1.   0.   0.5 ]
2025-09-09 15:14:01,768 - INFO - service f1        | micro: 0.600000; macro: 0.525926; score: [1.         0.8        0.6        0.33333333 0.33333333 0.
 1.         0.         0.66666667]
2025-09-09 15:14:01,795 - INFO - pod     precision | micro: 0.551948; macro: 0.581591; score: [0.83333333 0.45833333 0.35555556 0.38709677 0.75       0.
 1.         0.5        0.95      ]
2025-09-09 15:14:01,796 - INFO - pod     recall    | micro: 0.732759; macro: 0.751415; score: [1.         1.         0.8        0.57142857 0.39130435 0.
 1.         1.         1.        ]
2025-09-09 15:14:01,796 - INFO - pod     f1        | micro: 0.629630; macro: 0.627424; score: [0.90909091 0.62857143 0.49230769 0.46153846 0.51428571 0.
 1.         0.66666667 0.97435897]
2025-09-09 15:14:01,796 - INFO - ----------
2025-09-09 15:14:03,995 - INFO - [191/300] | train_loss: 0.01262
2025-09-09 15:14:06,313 - INFO - [192/300] | train_loss: 0.01306
2025-09-09 15:14:08,629 - INFO - [193/300] | train_loss: 0.01107
2025-09-09 15:14:10,958 - INFO - [194/300] | train_loss: 0.01366
2025-09-09 15:14:13,276 - INFO - [195/300] | train_loss: 0.01407
2025-09-09 15:14:15,597 - INFO - [196/300] | train_loss: 0.01170
2025-09-09 15:14:17,923 - INFO - [197/300] | train_loss: 0.01204
2025-09-09 15:14:20,242 - INFO - [198/300] | train_loss: 0.01253
2025-09-09 15:14:22,567 - INFO - [199/300] | train_loss: 0.01209
2025-09-09 15:14:24,881 - INFO - [200/300] | train_loss: 0.01026
2025-09-09 15:14:25,159 - INFO - ----------
2025-09-09 15:14:25,159 - INFO - evaluation dataset type: valid
2025-09-09 15:14:25,175 - INFO - node    precision | micro: 0.750000; macro: 0.719048; score: [0.71428571 0.6        1.         0.         1.         1.        ]
2025-09-09 15:14:25,175 - INFO - node    recall    | micro: 0.937500; macro: 0.777778; score: [1.         1.         0.66666667 0.         1.         1.        ]
2025-09-09 15:14:25,175 - INFO - node    f1        | micro: 0.833333; macro: 0.730556; score: [0.83333333 0.75       0.8        0.         1.         1.        ]
2025-09-09 15:14:25,191 - INFO - service precision | micro: 0.785714; macro: 0.592593; score: [0.66666667 0.66666667 0.         1.         1.         0.
 1.         0.         1.        ]
2025-09-09 15:14:25,191 - INFO - service recall    | micro: 0.458333; macro: 0.488889; score: [1.  1.  0.  0.2 0.2 0.  1.  0.  1. ]
2025-09-09 15:14:25,191 - INFO - service f1        | micro: 0.578947; macro: 0.474074; score: [0.8        0.8        0.         0.33333333 0.33333333 0.
 1.         0.         1.        ]
2025-09-09 15:14:25,218 - INFO - pod     precision | micro: 0.657658; macro: 0.680556; score: [0.66666667 0.55       0.375      0.53333333 1.         0.
 1.         1.         1.        ]
2025-09-09 15:14:25,218 - INFO - pod     recall    | micro: 0.629310; macro: 0.686531; score: [1.         1.         0.45       0.38095238 0.34782609 0.
 1.         1.         1.        ]
2025-09-09 15:14:25,219 - INFO - pod     f1        | micro: 0.643172; macro: 0.653260; score: [0.8        0.70967742 0.40909091 0.44444444 0.51612903 0.
 1.         1.         1.        ]
2025-09-09 15:14:25,219 - INFO - ----------
2025-09-09 15:14:27,413 - INFO - [201/300] | train_loss: 0.01718
2025-09-09 15:14:29,728 - INFO - [202/300] | train_loss: 0.01879
2025-09-09 15:14:32,045 - INFO - [203/300] | train_loss: 0.01035
2025-09-09 15:14:34,369 - INFO - [204/300] | train_loss: 0.00957
2025-09-09 15:14:36,679 - INFO - [205/300] | train_loss: 0.01230
2025-09-09 15:14:38,999 - INFO - [206/300] | train_loss: 0.01088
2025-09-09 15:14:41,316 - INFO - [207/300] | train_loss: 0.00886
2025-09-09 15:14:43,638 - INFO - [208/300] | train_loss: 0.01122
2025-09-09 15:14:45,981 - INFO - [209/300] | train_loss: 0.01184
2025-09-09 15:14:48,300 - INFO - [210/300] | train_loss: 0.01106
2025-09-09 15:14:48,575 - INFO - ----------
2025-09-09 15:14:48,575 - INFO - evaluation dataset type: valid
2025-09-09 15:14:48,590 - INFO - node    precision | micro: 0.750000; macro: 0.719048; score: [0.71428571 0.6        1.         0.         1.         1.        ]
2025-09-09 15:14:48,591 - INFO - node    recall    | micro: 0.937500; macro: 0.777778; score: [1.         1.         0.66666667 0.         1.         1.        ]
2025-09-09 15:14:48,591 - INFO - node    f1        | micro: 0.833333; macro: 0.730556; score: [0.83333333 0.75       0.8        0.         1.         1.        ]
2025-09-09 15:14:48,607 - INFO - service precision | micro: 0.647059; macro: 0.601852; score: [0.66666667 0.5        0.25       1.         1.         0.
 1.         0.         1.        ]
2025-09-09 15:14:48,607 - INFO - service recall    | micro: 0.458333; macro: 0.488889; score: [1.   1.   0.25 0.2  0.2  0.   1.   0.   0.75]
2025-09-09 15:14:48,607 - INFO - service f1        | micro: 0.536585; macro: 0.471164; score: [0.8        0.66666667 0.25       0.33333333 0.33333333 0.
 1.         0.         0.85714286]
2025-09-09 15:14:48,634 - INFO - pod     precision | micro: 0.557971; macro: 0.586810; score: [0.90909091 0.42307692 0.31578947 0.4        0.9        0.
 1.         0.33333333 1.        ]
2025-09-09 15:14:48,634 - INFO - pod     recall    | micro: 0.663793; macro: 0.708029; score: [1.         1.         0.6        0.38095238 0.39130435 0.
 1.         1.         1.        ]
2025-09-09 15:14:48,634 - INFO - pod     f1        | micro: 0.606299; macro: 0.599607; score: [0.95238095 0.59459459 0.4137931  0.3902439  0.54545455 0.
 1.         0.5        1.        ]
2025-09-09 15:14:48,634 - INFO - ----------
2025-09-09 15:14:50,836 - INFO - [211/300] | train_loss: 0.01200
2025-09-09 15:14:53,164 - INFO - [212/300] | train_loss: 0.02098
2025-09-09 15:14:55,485 - INFO - [213/300] | train_loss: 0.01266
2025-09-09 15:14:57,821 - INFO - [214/300] | train_loss: 0.01071
2025-09-09 15:15:00,149 - INFO - [215/300] | train_loss: 0.01118
2025-09-09 15:15:02,478 - INFO - [216/300] | train_loss: 0.01124
2025-09-09 15:15:04,812 - INFO - [217/300] | train_loss: 0.01120
2025-09-09 15:15:07,127 - INFO - [218/300] | train_loss: 0.00943
2025-09-09 15:15:09,439 - INFO - [219/300] | train_loss: 0.00997
2025-09-09 15:15:11,750 - INFO - [220/300] | train_loss: 0.01059
2025-09-09 15:15:12,028 - INFO - ----------
2025-09-09 15:15:12,028 - INFO - evaluation dataset type: valid
2025-09-09 15:15:12,044 - INFO - node    precision | micro: 0.789474; macro: 0.738889; score: [0.83333333 0.6        1.         0.         1.         1.        ]
2025-09-09 15:15:12,044 - INFO - node    recall    | micro: 0.937500; macro: 0.777778; score: [1.         1.         0.66666667 0.         1.         1.        ]
2025-09-09 15:15:12,044 - INFO - node    f1        | micro: 0.857143; macro: 0.743182; score: [0.90909091 0.75       0.8        0.         1.         1.        ]
2025-09-09 15:15:12,060 - INFO - service precision | micro: 0.705882; macro: 0.620370; score: [0.66666667 0.66666667 0.25       1.         1.         0.
 1.         0.         1.        ]
2025-09-09 15:15:12,060 - INFO - service recall    | micro: 0.500000; macro: 0.516667; score: [1.   1.   0.25 0.2  0.2  0.   1.   0.   1.  ]
2025-09-09 15:15:12,060 - INFO - service f1        | micro: 0.585366; macro: 0.501852; score: [0.8        0.8        0.25       0.33333333 0.33333333 0.
 1.         0.         1.        ]
2025-09-09 15:15:12,087 - INFO - pod     precision | micro: 0.609375; macro: 0.666425; score: [0.66666667 0.5        0.35483871 0.52631579 1.         0.
 1.         1.         0.95      ]
2025-09-09 15:15:12,087 - INFO - pod     recall    | micro: 0.672414; macro: 0.713055; score: [1.         1.         0.55       0.47619048 0.39130435 0.
 1.         1.         1.        ]
2025-09-09 15:15:12,087 - INFO - pod     f1        | micro: 0.639344; macro: 0.659433; score: [0.8        0.66666667 0.43137255 0.5        0.5625     0.
 1.         1.         0.97435897]
2025-09-09 15:15:12,087 - INFO - ----------
2025-09-09 15:15:14,286 - INFO - [221/300] | train_loss: 0.01030
2025-09-09 15:15:16,607 - INFO - [222/300] | train_loss: 0.01052
2025-09-09 15:15:18,915 - INFO - [223/300] | train_loss: 0.01112
2025-09-09 15:15:21,233 - INFO - [224/300] | train_loss: 0.01374
2025-09-09 15:15:23,557 - INFO - [225/300] | train_loss: 0.01704
2025-09-09 15:15:25,874 - INFO - [226/300] | train_loss: 0.01726
2025-09-09 15:15:28,188 - INFO - [227/300] | train_loss: 0.01958
2025-09-09 15:15:30,503 - INFO - [228/300] | train_loss: 0.02118
2025-09-09 15:15:32,907 - INFO - [229/300] | train_loss: 0.02306
2025-09-09 15:15:35,226 - INFO - [230/300] | train_loss: 0.03552
2025-09-09 15:15:35,501 - INFO - ----------
2025-09-09 15:15:35,501 - INFO - evaluation dataset type: valid
2025-09-09 15:15:35,516 - INFO - node    precision | micro: 0.789474; macro: 0.744048; score: [0.71428571 0.75       1.         0.         1.         1.        ]
2025-09-09 15:15:35,517 - INFO - node    recall    | micro: 0.937500; macro: 0.777778; score: [1.         1.         0.66666667 0.         1.         1.        ]
2025-09-09 15:15:35,517 - INFO - node    f1        | micro: 0.857143; macro: 0.748413; score: [0.83333333 0.85714286 0.8        0.         1.         1.        ]
2025-09-09 15:15:35,533 - INFO - service precision | micro: 0.611111; macro: 0.500000; score: [0.66666667 0.33333333 0.         0.5        1.         0.
 1.         0.         1.        ]
2025-09-09 15:15:35,533 - INFO - service recall    | micro: 0.458333; macro: 0.488889; score: [1.  1.  0.  0.2 0.2 0.  1.  0.  1. ]
2025-09-09 15:15:35,534 - INFO - service f1        | micro: 0.523810; macro: 0.435450; score: [0.8        0.5        0.         0.28571429 0.33333333 0.
 1.         0.         1.        ]
2025-09-09 15:15:35,560 - INFO - pod     precision | micro: 0.622047; macro: 0.588283; score: [0.76923077 0.57894737 0.41666667 0.39285714 0.73684211 0.25
 1.         0.2        0.95      ]
2025-09-09 15:15:35,560 - INFO - pod     recall    | micro: 0.681034; macro: 0.736945; score: [1.         1.         0.25       0.52380952 0.60869565 0.25
 1.         1.         1.        ]
2025-09-09 15:15:35,561 - INFO - pod     f1        | micro: 0.650206; macro: 0.620971; score: [0.86956522 0.73333333 0.3125     0.44897959 0.66666667 0.25
 1.         0.33333333 0.97435897]
2025-09-09 15:15:35,561 - INFO - ----------
2025-09-09 15:15:37,759 - INFO - [231/300] | train_loss: 0.03693
2025-09-09 15:15:40,074 - INFO - [232/300] | train_loss: 0.02519
2025-09-09 15:15:42,392 - INFO - [233/300] | train_loss: 0.02037
2025-09-09 15:15:44,704 - INFO - [234/300] | train_loss: 0.02122
2025-09-09 15:15:47,017 - INFO - [235/300] | train_loss: 0.01668
2025-09-09 15:15:49,336 - INFO - [236/300] | train_loss: 0.01391
2025-09-09 15:15:51,654 - INFO - [237/300] | train_loss: 0.02513
2025-09-09 15:15:54,069 - INFO - [238/300] | train_loss: 0.01797
2025-09-09 15:15:56,399 - INFO - [239/300] | train_loss: 0.01264
2025-09-09 15:15:58,737 - INFO - [240/300] | train_loss: 0.01481
2025-09-09 15:15:59,012 - INFO - ----------
2025-09-09 15:15:59,013 - INFO - evaluation dataset type: valid
2025-09-09 15:15:59,028 - INFO - node    precision | micro: 0.789474; macro: 0.744048; score: [0.71428571 0.75       1.         0.         1.         1.        ]
2025-09-09 15:15:59,029 - INFO - node    recall    | micro: 0.937500; macro: 0.777778; score: [1.         1.         0.66666667 0.         1.         1.        ]
2025-09-09 15:15:59,029 - INFO - node    f1        | micro: 0.857143; macro: 0.748413; score: [0.83333333 0.85714286 0.8        0.         1.         1.        ]
2025-09-09 15:15:59,045 - INFO - service precision | micro: 0.684211; macro: 0.644444; score: [1.  0.4 0.4 1.  1.  0.  1.  0.  1. ]
2025-09-09 15:15:59,045 - INFO - service recall    | micro: 0.541667; macro: 0.544444; score: [1.  1.  0.5 0.2 0.2 0.  1.  0.  1. ]
2025-09-09 15:15:59,045 - INFO - service f1        | micro: 0.604651; macro: 0.520282; score: [1.         0.57142857 0.44444444 0.33333333 0.33333333 0.
 1.         0.         1.        ]
2025-09-09 15:15:59,072 - INFO - pod     precision | micro: 0.574627; macro: 0.703347; score: [0.90909091 0.45833333 0.31428571 0.47619048 1.         0.22222222
 1.         1.         0.95      ]
2025-09-09 15:15:59,072 - INFO - pod     recall    | micro: 0.663793; macro: 0.754118; score: [1.         1.         0.55       0.47619048 0.26086957 0.5
 1.         1.         1.        ]
2025-09-09 15:15:59,072 - INFO - pod     f1        | micro: 0.616000; macro: 0.683665; score: [0.95238095 0.62857143 0.4        0.47619048 0.4137931  0.30769231
 1.         1.         0.97435897]
2025-09-09 15:15:59,072 - INFO - ----------
2025-09-09 15:16:01,285 - INFO - [241/300] | train_loss: 0.01558
2025-09-09 15:16:03,624 - INFO - [242/300] | train_loss: 0.01284
2025-09-09 15:16:05,964 - INFO - [243/300] | train_loss: 0.01932
2025-09-09 15:16:08,281 - INFO - [244/300] | train_loss: 0.01455
2025-09-09 15:16:10,595 - INFO - [245/300] | train_loss: 0.02002
2025-09-09 15:16:12,909 - INFO - [246/300] | train_loss: 0.01877
2025-09-09 15:16:15,224 - INFO - [247/300] | train_loss: 0.02625
2025-09-09 15:16:17,538 - INFO - [248/300] | train_loss: 0.01412
2025-09-09 15:16:19,848 - INFO - [249/300] | train_loss: 0.01470
2025-09-09 15:16:22,164 - INFO - [250/300] | train_loss: 0.01370
2025-09-09 15:16:22,442 - INFO - ----------
2025-09-09 15:16:22,442 - INFO - evaluation dataset type: valid
2025-09-09 15:16:22,457 - INFO - node    precision | micro: 0.750000; macro: 0.719048; score: [0.71428571 0.6        1.         0.         1.         1.        ]
2025-09-09 15:16:22,457 - INFO - node    recall    | micro: 0.937500; macro: 0.777778; score: [1.         1.         0.66666667 0.         1.         1.        ]
2025-09-09 15:16:22,457 - INFO - node    f1        | micro: 0.833333; macro: 0.730556; score: [0.83333333 0.75       0.8        0.         1.         1.        ]
2025-09-09 15:16:22,473 - INFO - service precision | micro: 0.684211; macro: 0.600000; score: [1.  0.4 0.5 0.5 1.  0.  1.  0.  1. ]
2025-09-09 15:16:22,473 - INFO - service recall    | micro: 0.541667; macro: 0.538889; score: [1.   1.   0.5  0.2  0.4  0.   1.   0.   0.75]
2025-09-09 15:16:22,474 - INFO - service f1        | micro: 0.604651; macro: 0.531746; score: [1.         0.57142857 0.5        0.28571429 0.57142857 0.
 1.         0.         0.85714286]
2025-09-09 15:16:22,500 - INFO - pod     precision | micro: 0.583333; macro: 0.650628; score: [0.90909091 0.47826087 0.34210526 0.47619048 0.65       0.
 1.         1.         1.        ]
2025-09-09 15:16:22,500 - INFO - pod     recall    | micro: 0.724138; macro: 0.743490; score: [1.         1.         0.65       0.47619048 0.56521739 0.
 1.         1.         1.        ]
2025-09-09 15:16:22,501 - INFO - pod     f1        | micro: 0.646154; macro: 0.680951; score: [0.95238095 0.64705882 0.44827586 0.47619048 0.60465116 0.
 1.         1.         1.        ]
2025-09-09 15:16:22,501 - INFO - ----------
2025-09-09 15:16:24,696 - INFO - [251/300] | train_loss: 0.02089
2025-09-09 15:16:27,011 - INFO - [252/300] | train_loss: 0.01140
2025-09-09 15:16:29,330 - INFO - [253/300] | train_loss: 0.01059
2025-09-09 15:16:31,641 - INFO - [254/300] | train_loss: 0.00953
2025-09-09 15:16:33,957 - INFO - [255/300] | train_loss: 0.01016
2025-09-09 15:16:36,279 - INFO - [256/300] | train_loss: 0.00955
2025-09-09 15:16:38,592 - INFO - [257/300] | train_loss: 0.00797
2025-09-09 15:16:40,901 - INFO - [258/300] | train_loss: 0.00902
2025-09-09 15:16:43,210 - INFO - [259/300] | train_loss: 0.00863
2025-09-09 15:16:45,526 - INFO - [260/300] | train_loss: 0.01161
2025-09-09 15:16:45,808 - INFO - ----------
2025-09-09 15:16:45,808 - INFO - evaluation dataset type: valid
2025-09-09 15:16:45,824 - INFO - node    precision | micro: 0.750000; macro: 0.719048; score: [0.71428571 0.6        1.         0.         1.         1.        ]
2025-09-09 15:16:45,824 - INFO - node    recall    | micro: 0.937500; macro: 0.777778; score: [1.         1.         0.66666667 0.         1.         1.        ]
2025-09-09 15:16:45,824 - INFO - node    f1        | micro: 0.833333; macro: 0.730556; score: [0.83333333 0.75       0.8        0.         1.         1.        ]
2025-09-09 15:16:45,840 - INFO - service precision | micro: 0.722222; macro: 0.637037; score: [0.66666667 0.66666667 0.4        1.         1.         0.
 1.         0.         1.        ]
2025-09-09 15:16:45,840 - INFO - service recall    | micro: 0.541667; macro: 0.544444; score: [1.  1.  0.5 0.2 0.2 0.  1.  0.  1. ]
2025-09-09 15:16:45,841 - INFO - service f1        | micro: 0.619048; macro: 0.523457; score: [0.8        0.8        0.44444444 0.33333333 0.33333333 0.
 1.         0.         1.        ]
2025-09-09 15:16:45,867 - INFO - pod     precision | micro: 0.618321; macro: 0.707095; score: [0.90909091 0.52380952 0.31428571 0.5        0.91666667 0.25
 1.         1.         0.95      ]
2025-09-09 15:16:45,867 - INFO - pod     recall    | micro: 0.698276; macro: 0.750495; score: [1.         1.         0.55       0.47619048 0.47826087 0.25
 1.         1.         1.        ]
2025-09-09 15:16:45,868 - INFO - pod     f1        | micro: 0.655870; macro: 0.708957; score: [0.95238095 0.6875     0.4        0.48780488 0.62857143 0.25
 1.         1.         0.97435897]
2025-09-09 15:16:45,868 - INFO - ----------
2025-09-09 15:16:48,077 - INFO - [261/300] | train_loss: 0.00870
2025-09-09 15:16:50,395 - INFO - [262/300] | train_loss: 0.01273
2025-09-09 15:16:52,712 - INFO - [263/300] | train_loss: 0.00895
2025-09-09 15:16:55,031 - INFO - [264/300] | train_loss: 0.00991
2025-09-09 15:16:57,346 - INFO - [265/300] | train_loss: 0.00820
2025-09-09 15:16:59,666 - INFO - [266/300] | train_loss: 0.00929
2025-09-09 15:17:01,977 - INFO - [267/300] | train_loss: 0.01090
2025-09-09 15:17:04,291 - INFO - [268/300] | train_loss: 0.01257
2025-09-09 15:17:06,613 - INFO - [269/300] | train_loss: 0.01181
2025-09-09 15:17:08,927 - INFO - [270/300] | train_loss: 0.01170
2025-09-09 15:17:09,203 - INFO - ----------
2025-09-09 15:17:09,204 - INFO - evaluation dataset type: valid
2025-09-09 15:17:09,219 - INFO - node    precision | micro: 0.833333; macro: 0.763889; score: [0.83333333 0.75       1.         0.         1.         1.        ]
2025-09-09 15:17:09,219 - INFO - node    recall    | micro: 0.937500; macro: 0.777778; score: [1.         1.         0.66666667 0.         1.         1.        ]
2025-09-09 15:17:09,219 - INFO - node    f1        | micro: 0.882353; macro: 0.761039; score: [0.90909091 0.85714286 0.8        0.         1.         1.        ]
2025-09-09 15:17:09,235 - INFO - service precision | micro: 0.684211; macro: 0.583333; score: [0.66666667 0.66666667 0.25       0.66666667 1.         0.
 1.         0.         1.        ]
2025-09-09 15:17:09,235 - INFO - service recall    | micro: 0.541667; macro: 0.538889; score: [1.   1.   0.25 0.4  0.2  0.   1.   0.   1.  ]
2025-09-09 15:17:09,235 - INFO - service f1        | micro: 0.604651; macro: 0.520370; score: [0.8        0.8        0.25       0.5        0.33333333 0.
 1.         0.         1.        ]
2025-09-09 15:17:09,262 - INFO - pod     precision | micro: 0.594595; macro: 0.799615; score: [0.90909091 0.57894737 0.35135135 0.35714286 1.         1.
 1.         1.         1.        ]
2025-09-09 15:17:09,262 - INFO - pod     recall    | micro: 0.758621; macro: 0.788061; score: [1.         1.         0.65       0.71428571 0.47826087 0.25
 1.         1.         1.        ]
2025-09-09 15:17:09,262 - INFO - pod     f1        | micro: 0.666667; macro: 0.740567; score: [0.95238095 0.73333333 0.45614035 0.47619048 0.64705882 0.4
 1.         1.         1.        ]
2025-09-09 15:17:09,262 - INFO - ----------
2025-09-09 15:17:11,465 - INFO - [271/300] | train_loss: 0.00945
2025-09-09 15:17:13,782 - INFO - [272/300] | train_loss: 0.00930
2025-09-09 15:17:16,101 - INFO - [273/300] | train_loss: 0.02338
2025-09-09 15:17:18,417 - INFO - [274/300] | train_loss: 0.02455
2025-09-09 15:17:20,735 - INFO - [275/300] | train_loss: 0.01750
2025-09-09 15:17:23,069 - INFO - [276/300] | train_loss: 0.02300
2025-09-09 15:17:25,389 - INFO - [277/300] | train_loss: 0.05993
2025-09-09 15:17:27,714 - INFO - [278/300] | train_loss: 0.04779
2025-09-09 15:17:30,077 - INFO - [279/300] | train_loss: 0.03727
2025-09-09 15:17:32,508 - INFO - [280/300] | train_loss: 0.03004
2025-09-09 15:17:32,784 - INFO - ----------
2025-09-09 15:17:32,785 - INFO - evaluation dataset type: valid
2025-09-09 15:17:32,800 - INFO - node    precision | micro: 0.714286; macro: 0.710317; score: [0.83333333 0.42857143 1.         0.         1.         1.        ]
2025-09-09 15:17:32,800 - INFO - node    recall    | micro: 0.937500; macro: 0.777778; score: [1.         1.         0.66666667 0.         1.         1.        ]
2025-09-09 15:17:32,800 - INFO - node    f1        | micro: 0.810811; macro: 0.718182; score: [0.90909091 0.6        0.8        0.         1.         1.        ]
2025-09-09 15:17:32,816 - INFO - service precision | micro: 0.483871; macro: 0.400265; score: [0.5        0.4        0.28571429 0.5        0.75       0.
 0.5        0.         0.66666667]
2025-09-09 15:17:32,817 - INFO - service recall    | micro: 0.625000; macro: 0.588889; score: [1.  1.  0.5 0.2 0.6 0.  1.  0.  1. ]
2025-09-09 15:17:32,817 - INFO - service f1        | micro: 0.545455; macro: 0.446753; score: [0.66666667 0.57142857 0.36363636 0.28571429 0.66666667 0.
 0.66666667 0.         0.8       ]
2025-09-09 15:17:32,844 - INFO - pod     precision | micro: 0.432692; macro: 0.577664; score: [0.71428571 0.47826087 0.28571429 0.45833333 0.46666667 0.03571429
 1.         1.         0.76      ]
2025-09-09 15:17:32,845 - INFO - pod     recall    | micro: 0.775862; macro: 0.798056; score: [1.         1.         0.8        0.52380952 0.60869565 0.25
 1.         1.         1.        ]
2025-09-09 15:17:32,845 - INFO - pod     f1        | micro: 0.555556; macro: 0.649419; score: [0.83333333 0.64705882 0.42105263 0.48888889 0.52830189 0.0625
 1.         1.         0.86363636]
2025-09-09 15:17:32,845 - INFO - ----------
2025-09-09 15:17:35,062 - INFO - [281/300] | train_loss: 0.02626
2025-09-09 15:17:37,470 - INFO - [282/300] | train_loss: 0.01868
2025-09-09 15:17:39,818 - INFO - [283/300] | train_loss: 0.01455
2025-09-09 15:17:42,141 - INFO - [284/300] | train_loss: 0.01440
2025-09-09 15:17:44,462 - INFO - [285/300] | train_loss: 0.01158
2025-09-09 15:17:46,800 - INFO - [286/300] | train_loss: 0.01309
2025-09-09 15:17:49,114 - INFO - [287/300] | train_loss: 0.01070
2025-09-09 15:17:51,426 - INFO - [288/300] | train_loss: 0.00949
2025-09-09 15:17:53,749 - INFO - [289/300] | train_loss: 0.01048
2025-09-09 15:17:56,063 - INFO - [290/300] | train_loss: 0.00938
2025-09-09 15:17:56,338 - INFO - ----------
2025-09-09 15:17:56,339 - INFO - evaluation dataset type: valid
2025-09-09 15:17:56,355 - INFO - node    precision | micro: 0.833333; macro: 0.785714; score: [0.71428571 1.         1.         0.         1.         1.        ]
2025-09-09 15:17:56,355 - INFO - node    recall    | micro: 0.937500; macro: 0.777778; score: [1.         1.         0.66666667 0.         1.         1.        ]
2025-09-09 15:17:56,356 - INFO - node    f1        | micro: 0.882353; macro: 0.772222; score: [0.83333333 1.         0.8        0.         1.         1.        ]
2025-09-09 15:17:56,372 - INFO - service precision | micro: 0.687500; macro: 0.637037; score: [1.         0.4        0.33333333 1.         1.         0.
 1.         0.         1.        ]
2025-09-09 15:17:56,372 - INFO - service recall    | micro: 0.458333; macro: 0.488889; score: [1.   1.   0.25 0.2  0.2  0.   1.   0.   0.75]
2025-09-09 15:17:56,372 - INFO - service f1        | micro: 0.550000; macro: 0.486772; score: [1.         0.57142857 0.28571429 0.33333333 0.33333333 0.
 1.         0.         0.85714286]
2025-09-09 15:17:56,399 - INFO - pod     precision | micro: 0.648438; macro: 0.703777; score: [0.83333333 0.6875     0.37837838 0.43478261 1.         0.
 1.         1.         1.        ]
2025-09-09 15:17:56,399 - INFO - pod     recall    | micro: 0.715517; macro: 0.739383; score: [1.         1.         0.7        0.47619048 0.47826087 0.
 1.         1.         1.        ]
2025-09-09 15:17:56,399 - INFO - pod     f1        | micro: 0.680328; macro: 0.701860; score: [0.90909091 0.81481481 0.49122807 0.45454545 0.64705882 0.
 1.         1.         1.        ]
2025-09-09 15:17:56,399 - INFO - ----------
2025-09-09 15:17:58,595 - INFO - [291/300] | train_loss: 0.00831
2025-09-09 15:18:00,905 - INFO - [292/300] | train_loss: 0.00936
2025-09-09 15:18:03,211 - INFO - [293/300] | train_loss: 0.00914
2025-09-09 15:18:05,523 - INFO - [294/300] | train_loss: 0.00796
2025-09-09 15:18:07,848 - INFO - [295/300] | train_loss: 0.00840
2025-09-09 15:18:10,165 - INFO - [296/300] | train_loss: 0.00900
2025-09-09 15:18:12,481 - INFO - [297/300] | train_loss: 0.00971
2025-09-09 15:18:14,791 - INFO - [298/300] | train_loss: 0.01522
2025-09-09 15:18:17,106 - INFO - [299/300] | train_loss: 0.00767
2025-09-09 15:18:18,188 - INFO - ----------
2025-09-09 15:18:18,188 - INFO - evaluation dataset type: test
2025-09-09 15:18:18,208 - INFO - node    precision | micro: 0.681319; macro: 0.735071; score: [0.73684211 0.77777778 1.         0.47826087 0.73333333 0.68421053]
2025-09-09 15:18:18,208 - INFO - node    recall    | micro: 0.925373; macro: 0.918651; score: [1.         1.         0.66666667 0.91666667 1.         0.92857143]
2025-09-09 15:18:18,209 - INFO - node    f1        | micro: 0.784810; macro: 0.797681; score: [0.84848485 0.875      0.8        0.62857143 0.84615385 0.78787879]
2025-09-09 15:18:18,235 - INFO - service precision | micro: 0.785714; macro: 0.805580; score: [1.         0.9        0.54545455 0.57142857 1.         0.8
 0.83333333 1.         0.6       ]
2025-09-09 15:18:18,235 - INFO - service recall    | micro: 0.750000; macro: 0.775926; score: [1.         1.         0.6        0.66666667 0.58333333 0.53333333
 1.         1.         0.6       ]
2025-09-09 15:18:18,236 - INFO - service f1        | micro: 0.767442; macro: 0.780013; score: [1.         0.94736842 0.57142857 0.61538462 0.73684211 0.64
 0.90909091 1.         0.6       ]
2025-09-09 15:18:18,309 - INFO - pod     precision | micro: 0.704887; macro: 0.758862; score: [0.97916667 0.78947368 0.50724638 0.45192308 0.75       0.64285714
 0.98076923 0.96969697 0.75862069]
2025-09-09 15:18:18,310 - INFO - pod     recall    | micro: 0.856164; macro: 0.867727; score: [1.         0.97826087 0.71428571 0.75806452 0.75       0.79411765
 1.         1.         0.81481481]
2025-09-09 15:18:18,310 - INFO - pod     f1        | micro: 0.773196; macro: 0.804877; score: [0.98947368 0.87378641 0.59322034 0.56626506 0.75       0.71052632
 0.99029126 0.98461538 0.78571429]
2025-09-09 15:18:18,310 - INFO - ----------
----GATNet----
GAT_name1:  GATv2Conv
GAT_name2:  GATConv
activ_fun1:  relu6
activ_fun2:  relu6
====================================================================================================
Layer (type:depth-idx)                                                      Param #
====================================================================================================
Sequential                                                                  --
├─RepresentationLearning: 1-1                                               --
│    └─ModuleDict: 2-1                                                      --
│    │    └─Linear: 3-1                                                     6,144
│    │    └─Linear: 3-2                                                     6,144
│    │    └─Linear: 3-3                                                     6,144
│    └─ModuleDict: 2-2                                                      --
│    │    └─PositionalEmbedding: 3-4                                        --
│    │    └─PositionalEmbedding: 3-5                                        --
│    │    └─PositionalEmbedding: 3-6                                        --
│    └─ModuleDict: 2-3                                                      --
│    │    └─TransformerEncoder: 3-7                                         6,304,768
│    │    └─TransformerEncoder: 3-8                                         6,304,768
│    │    └─TransformerEncoder: 3-9                                         6,304,768
├─FeatureIntegration: 1-2                                                   --
│    └─ModuleDict: 2-4                                                      --
│    │    └─SEAttention: 3-10                                               32,768
│    │    └─SEAttention: 3-11                                               32,768
│    │    └─SEAttention: 3-12                                               32,768
│    └─ModuleDict: 2-5                                                      --
│    │    └─Linear: 3-13                                                    8,651,264
│    │    └─Linear: 3-14                                                    1,049,088
│    │    └─Linear: 3-15                                                    12,583,424
├─FeatureFusion: 1-3                                                        --
│    └─GATNet: 2-6                                                          --
│    │    └─GATv2Conv: 3-16                                                 526,336
│    │    └─GATConv: 3-17                                                   65,920
│    └─ModuleDict: 2-7                                                      --
│    │    └─Linear: 3-18                                                    774
│    │    └─Linear: 3-19                                                    1,161
│    │    └─Linear: 3-20                                                    1,161
├─FaultClassifier: 1-4                                                      --
│    └─ModuleDict: 2-8                                                      --
│    │    └─Linear: 3-21                                                    774
│    │    └─Linear: 3-22                                                    1,161
│    │    └─Linear: 3-23                                                    1,161
====================================================================================================
Total params: 41,913,264
Trainable params: 41,913,264
Non-trainable params: 0
====================================================================================================
# Holistic data: trace, metric, log
2025-09-09 15:18:25,324 - INFO - [0/300] | train_loss: 3.76852
2025-09-09 15:18:25,509 - INFO - ----------
2025-09-09 15:18:25,510 - INFO - evaluation dataset type: valid
2025-09-09 15:18:25,526 - INFO - node    precision | micro: 0.033766; macro: 0.050050; score: [0.13333333 0.01869159 0.01639344 0.         0.06666667 0.06521739]
2025-09-09 15:18:25,526 - INFO - node    recall    | micro: 0.812500; macro: 0.688889; score: [0.8        0.66666667 0.66666667 0.         1.         1.        ]
2025-09-09 15:18:25,526 - INFO - node    f1        | micro: 0.064838; macro: 0.090731; score: [0.22857143 0.03636364 0.032      0.         0.125      0.12244898]
2025-09-09 15:18:25,544 - INFO - service precision | micro: 0.008598; macro: 0.018901; score: [0.0078125  0.01785714 0.         0.00946372 0.01552795 0.00169205
 0.1        0.         0.01775148]
2025-09-09 15:18:25,544 - INFO - service recall    | micro: 0.666667; macro: 0.650000; score: [1.   0.5  0.   0.6  1.   1.   1.   0.   0.75]
2025-09-09 15:18:25,544 - INFO - service f1        | micro: 0.016976; macro: 0.035453; score: [0.01550388 0.03448276 0.         0.01863354 0.03058104 0.00337838
 0.18181818 0.         0.03468208]
2025-09-09 15:18:25,573 - INFO - pod     precision | micro: 0.016024; macro: 0.133765; score: [0.44444444 0.02803738 0.00883392 0.28571429 0.08391608 0.
 0.35294118 0.         0.        ]
2025-09-09 15:18:25,574 - INFO - pod     recall    | micro: 0.508621; macro: 0.465282; score: [0.8        0.81818182 1.         0.19047619 0.52173913 0.
 0.85714286 0.         0.        ]
2025-09-09 15:18:25,574 - INFO - pod     f1        | micro: 0.031069; macro: 0.168479; score: [0.57142857 0.05421687 0.01751313 0.22857143 0.14457831 0.
 0.5        0.         0.        ]
2025-09-09 15:18:25,574 - INFO - ----------
2025-09-09 15:18:27,313 - INFO - [1/300] | train_loss: 2.66347
2025-09-09 15:18:29,107 - INFO - [2/300] | train_loss: 1.83331
2025-09-09 15:18:30,904 - INFO - [3/300] | train_loss: 1.30551
2025-09-09 15:18:32,735 - INFO - [4/300] | train_loss: 1.00770
2025-09-09 15:18:34,545 - INFO - [5/300] | train_loss: 0.77104
2025-09-09 15:18:36,338 - INFO - [6/300] | train_loss: 0.63298
2025-09-09 15:18:38,119 - INFO - [7/300] | train_loss: 0.53188
2025-09-09 15:18:39,925 - INFO - [8/300] | train_loss: 0.46830
2025-09-09 15:18:41,730 - INFO - [9/300] | train_loss: 0.40880
2025-09-09 15:18:43,552 - INFO - [10/300] | train_loss: 0.35562
2025-09-09 15:18:43,748 - INFO - ----------
2025-09-09 15:18:43,749 - INFO - evaluation dataset type: valid
2025-09-09 15:18:43,768 - INFO - node    precision | micro: 0.358974; macro: 0.388636; score: [0.5        0.18181818 0.5        0.         0.4        0.75      ]
2025-09-09 15:18:43,768 - INFO - node    recall    | micro: 0.875000; macro: 0.722222; score: [1.         0.66666667 0.66666667 0.         1.         1.        ]
2025-09-09 15:18:43,768 - INFO - node    f1        | micro: 0.509091; macro: 0.492063; score: [0.66666667 0.28571429 0.57142857 0.         0.57142857 0.85714286]
2025-09-09 15:18:43,787 - INFO - service precision | micro: 0.200000; macro: 0.188467; score: [0.33333333 0.2        0.12903226 0.27272727 0.25       0.
 0.11111111 0.         0.4       ]
2025-09-09 15:18:43,787 - INFO - service recall    | micro: 0.791667; macro: 0.688889; score: [1.  1.  1.  0.6 0.6 0.  1.  0.  1. ]
2025-09-09 15:18:43,787 - INFO - service f1        | micro: 0.319328; macro: 0.284586; score: [0.5        0.33333333 0.22857143 0.375      0.35294118 0.
 0.2        0.         0.57142857]
2025-09-09 15:18:43,817 - INFO - pod     precision | micro: 0.182692; macro: 0.188004; score: [0.21276596 0.23913043 0.12396694 0.22033898 0.22352941 0.
 0.18421053 0.03571429 0.45238095]
2025-09-09 15:18:43,818 - INFO - pod     recall    | micro: 0.818966; macro: 0.799459; score: [1.         1.         0.75       0.61904762 0.82608696 0.
 1.         1.         1.        ]
2025-09-09 15:18:43,818 - INFO - pod     f1        | micro: 0.298742; macro: 0.292165; score: [0.35087719 0.38596491 0.21276596 0.325      0.35185185 0.
 0.31111111 0.06896552 0.62295082]
2025-09-09 15:18:43,818 - INFO - ----------
2025-09-09 15:18:45,553 - INFO - [11/300] | train_loss: 0.35717
2025-09-09 15:18:47,331 - INFO - [12/300] | train_loss: 0.33269
2025-09-09 15:18:49,111 - INFO - [13/300] | train_loss: 0.28813
2025-09-09 15:18:50,886 - INFO - [14/300] | train_loss: 0.25805
2025-09-09 15:18:52,661 - INFO - [15/300] | train_loss: 0.24546
2025-09-09 15:18:54,442 - INFO - [16/300] | train_loss: 0.21789
2025-09-09 15:18:56,237 - INFO - [17/300] | train_loss: 0.21352
2025-09-09 15:18:58,017 - INFO - [18/300] | train_loss: 0.19126
2025-09-09 15:18:59,809 - INFO - [19/300] | train_loss: 0.17649
2025-09-09 15:19:01,587 - INFO - [20/300] | train_loss: 0.18169
2025-09-09 15:19:01,774 - INFO - ----------
2025-09-09 15:19:01,774 - INFO - evaluation dataset type: valid
2025-09-09 15:19:01,790 - INFO - node    precision | micro: 0.500000; macro: 0.559259; score: [0.55555556 0.3        1.         0.         0.5        1.        ]
2025-09-09 15:19:01,790 - INFO - node    recall    | micro: 0.937500; macro: 0.777778; score: [1.         1.         0.66666667 0.         1.         1.        ]
2025-09-09 15:19:01,791 - INFO - node    f1        | micro: 0.652174; macro: 0.607082; score: [0.71428571 0.46153846 0.8        0.         0.66666667 1.        ]
2025-09-09 15:19:01,807 - INFO - service precision | micro: 0.178947; macro: 0.215841; score: [0.5        0.2        0.08888889 0.28571429 0.27272727 0.
 0.16666667 0.         0.42857143]
2025-09-09 15:19:01,807 - INFO - service recall    | micro: 0.708333; macro: 0.638889; score: [1.   1.   1.   0.4  0.6  0.   1.   0.   0.75]
2025-09-09 15:19:01,807 - INFO - service f1        | micro: 0.285714; macro: 0.300307; score: [0.66666667 0.33333333 0.16326531 0.33333333 0.375      0.
 0.28571429 0.         0.54545455]
2025-09-09 15:19:01,835 - INFO - pod     precision | micro: 0.168350; macro: 0.211500; score: [0.27027027 0.28947368 0.07627119 0.14736842 0.21505376 0.
 0.23333333 0.05882353 0.61290323]
2025-09-09 15:19:01,835 - INFO - pod     recall    | micro: 0.862069; macro: 0.826248; score: [1.         1.         0.9        0.66666667 0.86956522 0.
 1.         1.         1.        ]
2025-09-09 15:19:01,835 - INFO - pod     f1        | micro: 0.281690; macro: 0.316759; score: [0.42553191 0.44897959 0.140625   0.24137931 0.34482759 0.
 0.37837838 0.11111111 0.76      ]
2025-09-09 15:19:01,835 - INFO - ----------
2025-09-09 15:19:03,566 - INFO - [21/300] | train_loss: 0.18720
2025-09-09 15:19:05,359 - INFO - [22/300] | train_loss: 0.17821
2025-09-09 15:19:07,137 - INFO - [23/300] | train_loss: 0.15804
2025-09-09 15:19:08,931 - INFO - [24/300] | train_loss: 0.14659
2025-09-09 15:19:10,709 - INFO - [25/300] | train_loss: 0.13715
2025-09-09 15:19:12,490 - INFO - [26/300] | train_loss: 0.12735
2025-09-09 15:19:14,278 - INFO - [27/300] | train_loss: 0.12222
2025-09-09 15:19:16,051 - INFO - [28/300] | train_loss: 0.11464
2025-09-09 15:19:17,827 - INFO - [29/300] | train_loss: 0.11438
2025-09-09 15:19:19,605 - INFO - [30/300] | train_loss: 0.10539
2025-09-09 15:19:19,793 - INFO - ----------
2025-09-09 15:19:19,793 - INFO - evaluation dataset type: valid
2025-09-09 15:19:19,809 - INFO - node    precision | micro: 0.600000; macro: 0.592262; score: [0.625      0.42857143 1.         0.         0.5        1.        ]
2025-09-09 15:19:19,809 - INFO - node    recall    | micro: 0.937500; macro: 0.777778; score: [1.         1.         0.66666667 0.         1.         1.        ]
2025-09-09 15:19:19,809 - INFO - node    f1        | micro: 0.731707; macro: 0.639316; score: [0.76923077 0.6        0.8        0.         0.66666667 1.        ]
2025-09-09 15:19:19,825 - INFO - service precision | micro: 0.333333; macro: 0.316138; score: [0.66666667 0.28571429 0.21428571 0.4        0.6        0.
 0.25       0.         0.42857143]
2025-09-09 15:19:19,825 - INFO - service recall    | micro: 0.666667; macro: 0.611111; score: [1.   1.   0.75 0.4  0.6  0.   1.   0.   0.75]
2025-09-09 15:19:19,825 - INFO - service f1        | micro: 0.444444; macro: 0.391470; score: [0.8        0.44444444 0.33333333 0.4        0.6        0.
 0.4        0.         0.54545455]
2025-09-09 15:19:19,853 - INFO - pod     precision | micro: 0.320896; macro: 0.301285; score: [0.45454545 0.36666667 0.20588235 0.23076923 0.33333333 0.
 0.29166667 0.125      0.7037037 ]
2025-09-09 15:19:19,853 - INFO - pod     recall    | micro: 0.741379; macro: 0.753416; score: [1.         1.         0.7        0.42857143 0.65217391 0.
 1.         1.         1.        ]
2025-09-09 15:19:19,853 - INFO - pod     f1        | micro: 0.447917; macro: 0.413430; score: [0.625      0.53658537 0.31818182 0.3        0.44117647 0.
 0.4516129  0.22222222 0.82608696]
2025-09-09 15:19:19,853 - INFO - ----------
2025-09-09 15:19:21,578 - INFO - [31/300] | train_loss: 0.09989
2025-09-09 15:19:23,356 - INFO - [32/300] | train_loss: 0.11076
2025-09-09 15:19:25,141 - INFO - [33/300] | train_loss: 0.09252
2025-09-09 15:19:26,917 - INFO - [34/300] | train_loss: 0.09100
2025-09-09 15:19:28,764 - INFO - [35/300] | train_loss: 0.08970
2025-09-09 15:19:30,544 - INFO - [36/300] | train_loss: 0.08426
2025-09-09 15:19:32,322 - INFO - [37/300] | train_loss: 0.08336
2025-09-09 15:19:34,100 - INFO - [38/300] | train_loss: 0.08419
2025-09-09 15:19:35,878 - INFO - [39/300] | train_loss: 0.07909
2025-09-09 15:19:37,661 - INFO - [40/300] | train_loss: 0.07680
2025-09-09 15:19:37,845 - INFO - ----------
2025-09-09 15:19:37,845 - INFO - evaluation dataset type: valid
2025-09-09 15:19:37,861 - INFO - node    precision | micro: 0.652174; macro: 0.619048; score: [0.71428571 0.5        1.         0.         0.5        1.        ]
2025-09-09 15:19:37,861 - INFO - node    recall    | micro: 0.937500; macro: 0.777778; score: [1.         1.         0.66666667 0.         1.         1.        ]
2025-09-09 15:19:37,861 - INFO - node    f1        | micro: 0.769231; macro: 0.661111; score: [0.83333333 0.66666667 0.8        0.         0.66666667 1.        ]
2025-09-09 15:19:37,877 - INFO - service precision | micro: 0.428571; macro: 0.354630; score: [0.66666667 0.4        0.375      0.4        0.5        0.
 0.25       0.         0.6       ]
2025-09-09 15:19:37,878 - INFO - service recall    | micro: 0.625000; macro: 0.588889; score: [1.   1.   0.75 0.4  0.4  0.   1.   0.   0.75]
2025-09-09 15:19:37,878 - INFO - service f1        | micro: 0.508475; macro: 0.420282; score: [0.8        0.57142857 0.5        0.4        0.44444444 0.
 0.4        0.         0.66666667]
2025-09-09 15:19:37,905 - INFO - pod     precision | micro: 0.364807; macro: 0.358009; score: [0.55555556 0.39285714 0.20779221 0.29166667 0.37837838 0.
 0.4375     0.16666667 0.79166667]
2025-09-09 15:19:37,905 - INFO - pod     recall    | micro: 0.732759; macro: 0.749114; score: [1.         1.         0.8        0.33333333 0.60869565 0.
 1.         1.         1.        ]
2025-09-09 15:19:37,905 - INFO - pod     f1        | micro: 0.487106; macro: 0.462688; score: [0.71428571 0.56410256 0.32989691 0.31111111 0.46666667 0.
 0.60869565 0.28571429 0.88372093]
2025-09-09 15:19:37,905 - INFO - ----------
2025-09-09 15:19:39,634 - INFO - [41/300] | train_loss: 0.07393
2025-09-09 15:19:41,416 - INFO - [42/300] | train_loss: 0.07819
2025-09-09 15:19:43,195 - INFO - [43/300] | train_loss: 0.06841
2025-09-09 15:19:44,979 - INFO - [44/300] | train_loss: 0.07120
2025-09-09 15:19:46,761 - INFO - [45/300] | train_loss: 0.06440
2025-09-09 15:19:48,555 - INFO - [46/300] | train_loss: 0.06113
2025-09-09 15:19:50,336 - INFO - [47/300] | train_loss: 0.06223
2025-09-09 15:19:52,118 - INFO - [48/300] | train_loss: 0.06181
2025-09-09 15:19:53,892 - INFO - [49/300] | train_loss: 0.05779
2025-09-09 15:19:55,673 - INFO - [50/300] | train_loss: 0.05760
2025-09-09 15:19:55,858 - INFO - ----------
2025-09-09 15:19:55,858 - INFO - evaluation dataset type: valid
2025-09-09 15:19:55,874 - INFO - node    precision | micro: 0.666667; macro: 0.619048; score: [0.71428571 0.5        1.         0.         0.5        1.        ]
2025-09-09 15:19:55,874 - INFO - node    recall    | micro: 0.875000; macro: 0.722222; score: [1.         0.66666667 0.66666667 0.         1.         1.        ]
2025-09-09 15:19:55,874 - INFO - node    f1        | micro: 0.756757; macro: 0.645238; score: [0.83333333 0.57142857 0.8        0.         0.66666667 1.        ]
2025-09-09 15:19:55,890 - INFO - service precision | micro: 0.500000; macro: 0.400000; score: [0.66666667 0.5        0.5        0.5        0.5        0.
 0.33333333 0.         0.6       ]
2025-09-09 15:19:55,891 - INFO - service recall    | micro: 0.625000; macro: 0.588889; score: [1.   1.   0.75 0.4  0.4  0.   1.   0.   0.75]
2025-09-09 15:19:55,891 - INFO - service f1        | micro: 0.555556; macro: 0.458025; score: [0.8        0.66666667 0.6        0.44444444 0.44444444 0.
 0.5        0.         0.66666667]
2025-09-09 15:19:55,918 - INFO - pod     precision | micro: 0.422111; macro: 0.409692; score: [0.52631579 0.52380952 0.23809524 0.33333333 0.40625    0.
 0.58333333 0.25       0.82608696]
2025-09-09 15:19:55,918 - INFO - pod     recall    | micro: 0.724138; macro: 0.744019; score: [1.         1.         0.75       0.38095238 0.56521739 0.
 1.         1.         1.        ]
2025-09-09 15:19:55,918 - INFO - pod     f1        | micro: 0.533333; macro: 0.512054; score: [0.68965517 0.6875     0.36144578 0.35555556 0.47272727 0.
 0.73684211 0.4        0.9047619 ]
2025-09-09 15:19:55,918 - INFO - ----------
2025-09-09 15:19:57,644 - INFO - [51/300] | train_loss: 0.05624
2025-09-09 15:19:59,436 - INFO - [52/300] | train_loss: 0.05485
2025-09-09 15:20:01,223 - INFO - [53/300] | train_loss: 0.06036
2025-09-09 15:20:03,004 - INFO - [54/300] | train_loss: 0.05601
2025-09-09 15:20:04,783 - INFO - [55/300] | train_loss: 0.05170
2025-09-09 15:20:06,559 - INFO - [56/300] | train_loss: 0.04634
2025-09-09 15:20:08,356 - INFO - [57/300] | train_loss: 0.05240
2025-09-09 15:20:10,134 - INFO - [58/300] | train_loss: 0.06506
2025-09-09 15:20:11,921 - INFO - [59/300] | train_loss: 0.11938
2025-09-09 15:20:13,696 - INFO - [60/300] | train_loss: 0.06345
2025-09-09 15:20:13,884 - INFO - ----------
2025-09-09 15:20:13,885 - INFO - evaluation dataset type: valid
2025-09-09 15:20:13,900 - INFO - node    precision | micro: 0.666667; macro: 0.619048; score: [0.71428571 0.5        1.         0.         0.5        1.        ]
2025-09-09 15:20:13,900 - INFO - node    recall    | micro: 0.875000; macro: 0.722222; score: [1.         0.66666667 0.66666667 0.         1.         1.        ]
2025-09-09 15:20:13,900 - INFO - node    f1        | micro: 0.756757; macro: 0.645238; score: [0.83333333 0.57142857 0.8        0.         0.66666667 1.        ]
2025-09-09 15:20:13,916 - INFO - service precision | micro: 0.404762; macro: 0.409877; score: [0.66666667 0.5        0.22222222 0.4        0.4        0.
 0.5        0.         1.        ]
2025-09-09 15:20:13,916 - INFO - service recall    | micro: 0.708333; macro: 0.644444; score: [1.  1.  1.  0.4 0.4 0.  1.  0.  1. ]
2025-09-09 15:20:13,917 - INFO - service f1        | micro: 0.515152; macro: 0.477441; score: [0.8        0.66666667 0.36363636 0.4        0.4        0.
 0.66666667 0.         1.        ]
2025-09-09 15:20:13,943 - INFO - pod     precision | micro: 0.305466; macro: 0.401430; score: [0.41666667 0.55       0.13138686 0.32       0.35087719 0.09090909
 0.63636364 0.16666667 0.95      ]
2025-09-09 15:20:13,944 - INFO - pod     recall    | micro: 0.818966; macro: 0.822280; score: [1.         1.         0.9        0.38095238 0.86956522 0.25
 1.         1.         1.        ]
2025-09-09 15:20:13,944 - INFO - pod     f1        | micro: 0.444965; macro: 0.505136; score: [0.58823529 0.70967742 0.22929936 0.34782609 0.5        0.13333333
 0.77777778 0.28571429 0.97435897]
2025-09-09 15:20:13,944 - INFO - ----------
2025-09-09 15:20:15,670 - INFO - [61/300] | train_loss: 0.07239
2025-09-09 15:20:17,442 - INFO - [62/300] | train_loss: 0.06901
2025-09-09 15:20:19,214 - INFO - [63/300] | train_loss: 0.05585
2025-09-09 15:20:20,991 - INFO - [64/300] | train_loss: 0.05015
2025-09-09 15:20:22,766 - INFO - [65/300] | train_loss: 0.05069
2025-09-09 15:20:24,549 - INFO - [66/300] | train_loss: 0.04225
2025-09-09 15:20:26,346 - INFO - [67/300] | train_loss: 0.04350
2025-09-09 15:20:28,124 - INFO - [68/300] | train_loss: 0.04176
2025-09-09 15:20:29,916 - INFO - [69/300] | train_loss: 0.03958
2025-09-09 15:20:31,694 - INFO - [70/300] | train_loss: 0.03845
2025-09-09 15:20:31,881 - INFO - ----------
2025-09-09 15:20:31,881 - INFO - evaluation dataset type: valid
2025-09-09 15:20:31,897 - INFO - node    precision | micro: 0.652174; macro: 0.619048; score: [0.71428571 0.5        1.         0.         0.5        1.        ]
2025-09-09 15:20:31,897 - INFO - node    recall    | micro: 0.937500; macro: 0.777778; score: [1.         1.         0.66666667 0.         1.         1.        ]
2025-09-09 15:20:31,897 - INFO - node    f1        | micro: 0.769231; macro: 0.661111; score: [0.83333333 0.66666667 0.8        0.         0.66666667 1.        ]
2025-09-09 15:20:31,914 - INFO - service precision | micro: 0.555556; macro: 0.456481; score: [0.66666667 0.66666667 0.375      0.4        0.5        0.
 0.5        0.         1.        ]
2025-09-09 15:20:31,914 - INFO - service recall    | micro: 0.625000; macro: 0.594444; score: [1.   1.   0.75 0.4  0.2  0.   1.   0.   1.  ]
2025-09-09 15:20:31,914 - INFO - service f1        | micro: 0.588235; macro: 0.494709; score: [0.8        0.8        0.5        0.4        0.28571429 0.
 0.66666667 0.         1.        ]
2025-09-09 15:20:31,942 - INFO - pod     precision | micro: 0.522293; macro: 0.565337; score: [0.55555556 0.6875     0.29166667 0.33333333 0.56521739 0.25
 1.         0.5        0.9047619 ]
2025-09-09 15:20:31,942 - INFO - pod     recall    | micro: 0.706897; macro: 0.755659; score: [1.         1.         0.7        0.28571429 0.56521739 0.25
 1.         1.         1.        ]
2025-09-09 15:20:31,942 - INFO - pod     f1        | micro: 0.600733; macro: 0.631160; score: [0.71428571 0.81481481 0.41176471 0.30769231 0.56521739 0.25
 1.         0.66666667 0.95      ]
2025-09-09 15:20:31,942 - INFO - ----------
2025-09-09 15:20:33,681 - INFO - [71/300] | train_loss: 0.03888
2025-09-09 15:20:35,459 - INFO - [72/300] | train_loss: 0.03532
2025-09-09 15:20:37,251 - INFO - [73/300] | train_loss: 0.03652
2025-09-09 15:20:39,029 - INFO - [74/300] | train_loss: 0.03576
2025-09-09 15:20:40,814 - INFO - [75/300] | train_loss: 0.03368
2025-09-09 15:20:42,595 - INFO - [76/300] | train_loss: 0.03126
2025-09-09 15:20:44,376 - INFO - [77/300] | train_loss: 0.03402
2025-09-09 15:20:46,147 - INFO - [78/300] | train_loss: 0.03385
2025-09-09 15:20:47,941 - INFO - [79/300] | train_loss: 0.03939
2025-09-09 15:20:49,721 - INFO - [80/300] | train_loss: 0.03798
2025-09-09 15:20:49,922 - INFO - ----------
2025-09-09 15:20:49,922 - INFO - evaluation dataset type: valid
2025-09-09 15:20:49,938 - INFO - node    precision | micro: 0.700000; macro: 0.638889; score: [0.83333333 0.5        1.         0.         0.5        1.        ]
2025-09-09 15:20:49,938 - INFO - node    recall    | micro: 0.875000; macro: 0.722222; score: [1.         0.66666667 0.66666667 0.         1.         1.        ]
2025-09-09 15:20:49,938 - INFO - node    f1        | micro: 0.777778; macro: 0.657864; score: [0.90909091 0.57142857 0.8        0.         0.66666667 1.        ]
2025-09-09 15:20:49,954 - INFO - service precision | micro: 0.785714; macro: 0.648148; score: [1.         1.         0.33333333 0.5        1.         0.
 1.         0.         1.        ]
2025-09-09 15:20:49,954 - INFO - service recall    | micro: 0.458333; macro: 0.488889; score: [1.   1.   0.25 0.2  0.2  0.   1.   0.   0.75]
2025-09-09 15:20:49,955 - INFO - service f1        | micro: 0.578947; macro: 0.529101; score: [1.         1.         0.28571429 0.28571429 0.33333333 0.
 1.         0.         0.85714286]
2025-09-09 15:20:49,981 - INFO - pod     precision | micro: 0.611111; macro: 0.581963; score: [0.71428571 0.73333333 0.38235294 0.30769231 0.6        0.
 1.         0.5        1.        ]
2025-09-09 15:20:49,982 - INFO - pod     recall    | micro: 0.663793; macro: 0.706913; score: [1.         1.         0.65       0.19047619 0.52173913 0.
 1.         1.         1.        ]
2025-09-09 15:20:49,982 - INFO - pod     f1        | micro: 0.636364; macro: 0.624563; score: [0.83333333 0.84615385 0.48148148 0.23529412 0.55813953 0.
 1.         0.66666667 1.        ]
2025-09-09 15:20:49,982 - INFO - ----------
2025-09-09 15:20:51,704 - INFO - [81/300] | train_loss: 0.03294
2025-09-09 15:20:53,533 - INFO - [82/300] | train_loss: 0.04056
2025-09-09 15:20:55,308 - INFO - [83/300] | train_loss: 0.03297
2025-09-09 15:20:57,089 - INFO - [84/300] | train_loss: 0.03366
2025-09-09 15:20:58,873 - INFO - [85/300] | train_loss: 0.03328
2025-09-09 15:21:00,654 - INFO - [86/300] | train_loss: 0.03192
2025-09-09 15:21:02,440 - INFO - [87/300] | train_loss: 0.03414
2025-09-09 15:21:04,220 - INFO - [88/300] | train_loss: 0.03328
2025-09-09 15:21:05,998 - INFO - [89/300] | train_loss: 0.03092
2025-09-09 15:21:07,784 - INFO - [90/300] | train_loss: 0.03324
2025-09-09 15:21:07,970 - INFO - ----------
2025-09-09 15:21:07,970 - INFO - evaluation dataset type: valid
2025-09-09 15:21:07,985 - INFO - node    precision | micro: 0.681818; macro: 0.638889; score: [0.83333333 0.5        1.         0.         0.5        1.        ]
2025-09-09 15:21:07,985 - INFO - node    recall    | micro: 0.937500; macro: 0.777778; score: [1.         1.         0.66666667 0.         1.         1.        ]
2025-09-09 15:21:07,985 - INFO - node    f1        | micro: 0.789474; macro: 0.673737; score: [0.90909091 0.66666667 0.8        0.         0.66666667 1.        ]
2025-09-09 15:21:08,001 - INFO - service precision | micro: 0.424242; macro: 0.483796; score: [0.66666667 1.         0.1875     0.5        0.5        0.
 0.5        0.         1.        ]
2025-09-09 15:21:08,001 - INFO - service recall    | micro: 0.583333; macro: 0.566667; score: [1.   1.   0.75 0.4  0.2  0.   1.   0.   0.75]
2025-09-09 15:21:08,002 - INFO - service f1        | micro: 0.491228; macro: 0.483774; score: [0.8        1.         0.3        0.44444444 0.28571429 0.
 0.66666667 0.         0.85714286]
2025-09-09 15:21:08,028 - INFO - pod     precision | micro: 0.506329; macro: 0.539058; score: [0.625      0.78571429 0.22413793 0.35       0.66666667 0.
 1.         0.25       0.95      ]
2025-09-09 15:21:08,028 - INFO - pod     recall    | micro: 0.689655; macro: 0.722786; score: [1.         1.         0.65       0.33333333 0.52173913 0.
 1.         1.         1.        ]
2025-09-09 15:21:08,029 - INFO - pod     f1        | micro: 0.583942; macro: 0.587084; score: [0.76923077 0.88       0.33333333 0.34146341 0.58536585 0.
 1.         0.4        0.97435897]
2025-09-09 15:21:08,029 - INFO - ----------
2025-09-09 15:21:09,757 - INFO - [91/300] | train_loss: 0.03137
2025-09-09 15:21:11,543 - INFO - [92/300] | train_loss: 0.02640
2025-09-09 15:21:13,321 - INFO - [93/300] | train_loss: 0.02400
2025-09-09 15:21:15,104 - INFO - [94/300] | train_loss: 0.02325
2025-09-09 15:21:16,889 - INFO - [95/300] | train_loss: 0.02549
2025-09-09 15:21:18,666 - INFO - [96/300] | train_loss: 0.02628
2025-09-09 15:21:20,440 - INFO - [97/300] | train_loss: 0.02828
2025-09-09 15:21:22,225 - INFO - [98/300] | train_loss: 0.02409
2025-09-09 15:21:23,999 - INFO - [99/300] | train_loss: 0.02164
2025-09-09 15:21:25,784 - INFO - [100/300] | train_loss: 0.02435
2025-09-09 15:21:25,971 - INFO - ----------
2025-09-09 15:21:25,971 - INFO - evaluation dataset type: valid
2025-09-09 15:21:25,986 - INFO - node    precision | micro: 0.736842; macro: 0.666667; score: [0.83333333 0.5        1.         0.         0.66666667 1.        ]
2025-09-09 15:21:25,986 - INFO - node    recall    | micro: 0.875000; macro: 0.722222; score: [1.         0.66666667 0.66666667 0.         1.         1.        ]
2025-09-09 15:21:25,987 - INFO - node    f1        | micro: 0.800000; macro: 0.680087; score: [0.90909091 0.57142857 0.8        0.         0.8        1.        ]
2025-09-09 15:21:26,003 - INFO - service precision | micro: 0.722222; macro: 0.622222; score: [1.  0.5 0.6 0.5 1.  0.  1.  0.  1. ]
2025-09-09 15:21:26,003 - INFO - service recall    | micro: 0.541667; macro: 0.544444; score: [1.   1.   0.75 0.2  0.2  0.   1.   0.   0.75]
2025-09-09 15:21:26,003 - INFO - service f1        | micro: 0.619048; macro: 0.534392; score: [1.         0.66666667 0.66666667 0.28571429 0.33333333 0.
 1.         0.         0.85714286]
2025-09-09 15:21:26,030 - INFO - pod     precision | micro: 0.586957; macro: 0.646469; score: [0.83333333 0.73333333 0.30952381 0.33333333 0.60869565 0.
 1.         1.         1.        ]
2025-09-09 15:21:26,030 - INFO - pod     recall    | micro: 0.698276; macro: 0.727157; score: [1.         1.         0.65       0.28571429 0.60869565 0.
 1.         1.         1.        ]
2025-09-09 15:21:26,030 - INFO - pod     f1        | micro: 0.637795; macro: 0.676776; score: [0.90909091 0.84615385 0.41935484 0.30769231 0.60869565 0.
 1.         1.         1.        ]
2025-09-09 15:21:26,030 - INFO - ----------
2025-09-09 15:21:27,763 - INFO - [101/300] | train_loss: 0.02653
2025-09-09 15:21:29,544 - INFO - [102/300] | train_loss: 0.02313
2025-09-09 15:21:31,361 - INFO - [103/300] | train_loss: 0.02359
2025-09-09 15:21:33,143 - INFO - [104/300] | train_loss: 0.02392
2025-09-09 15:21:34,920 - INFO - [105/300] | train_loss: 0.02504
2025-09-09 15:21:36,696 - INFO - [106/300] | train_loss: 0.02341
2025-09-09 15:21:38,477 - INFO - [107/300] | train_loss: 0.02240
2025-09-09 15:21:40,252 - INFO - [108/300] | train_loss: 0.01926
2025-09-09 15:21:42,034 - INFO - [109/300] | train_loss: 0.02285
2025-09-09 15:21:43,808 - INFO - [110/300] | train_loss: 0.02169
2025-09-09 15:21:43,997 - INFO - ----------
2025-09-09 15:21:43,997 - INFO - evaluation dataset type: valid
2025-09-09 15:21:44,012 - INFO - node    precision | micro: 0.681818; macro: 0.638889; score: [0.83333333 0.5        1.         0.         0.5        1.        ]
2025-09-09 15:21:44,012 - INFO - node    recall    | micro: 0.937500; macro: 0.777778; score: [1.         1.         0.66666667 0.         1.         1.        ]
2025-09-09 15:21:44,012 - INFO - node    f1        | micro: 0.789474; macro: 0.673737; score: [0.90909091 0.66666667 0.8        0.         0.66666667 1.        ]
2025-09-09 15:21:44,028 - INFO - service precision | micro: 0.650000; macro: 0.618519; score: [0.66666667 1.         0.5        0.4        1.         0.
 1.         0.         1.        ]
2025-09-09 15:21:44,029 - INFO - service recall    | micro: 0.541667; macro: 0.538889; score: [1.   1.   0.5  0.4  0.2  0.   1.   0.   0.75]
2025-09-09 15:21:44,029 - INFO - service f1        | micro: 0.590909; macro: 0.543386; score: [0.8        1.         0.5        0.4        0.33333333 0.
 1.         0.         0.85714286]
2025-09-09 15:21:44,056 - INFO - pod     precision | micro: 0.615385; macro: 0.604929; score: [0.83333333 0.78571429 0.34285714 0.31578947 0.66666667 0.
 1.         0.5        1.        ]
2025-09-09 15:21:44,056 - INFO - pod     recall    | micro: 0.689655; macro: 0.721601; score: [1.         1.         0.6        0.28571429 0.60869565 0.
 1.         1.         1.        ]
2025-09-09 15:21:44,056 - INFO - pod     f1        | micro: 0.650407; macro: 0.647609; score: [0.90909091 0.88       0.43636364 0.3        0.63636364 0.
 1.         0.66666667 1.        ]
2025-09-09 15:21:44,056 - INFO - ----------
2025-09-09 15:21:45,783 - INFO - [111/300] | train_loss: 0.02371
2025-09-09 15:21:47,570 - INFO - [112/300] | train_loss: 0.02371
2025-09-09 15:21:49,343 - INFO - [113/300] | train_loss: 0.02445
2025-09-09 15:21:51,123 - INFO - [114/300] | train_loss: 0.02258
2025-09-09 15:21:52,906 - INFO - [115/300] | train_loss: 0.02324
2025-09-09 15:21:54,693 - INFO - [116/300] | train_loss: 0.02443
2025-09-09 15:21:56,479 - INFO - [117/300] | train_loss: 0.03345
2025-09-09 15:21:58,261 - INFO - [118/300] | train_loss: 0.04449
2025-09-09 15:22:00,040 - INFO - [119/300] | train_loss: 0.03516
2025-09-09 15:22:01,817 - INFO - [120/300] | train_loss: 0.02662
2025-09-09 15:22:02,005 - INFO - ----------
2025-09-09 15:22:02,005 - INFO - evaluation dataset type: valid
2025-09-09 15:22:02,020 - INFO - node    precision | micro: 0.736842; macro: 0.666667; score: [0.83333333 0.66666667 1.         0.         0.5        1.        ]
2025-09-09 15:22:02,021 - INFO - node    recall    | micro: 0.875000; macro: 0.722222; score: [1.         0.66666667 0.66666667 0.         1.         1.        ]
2025-09-09 15:22:02,021 - INFO - node    f1        | micro: 0.800000; macro: 0.673737; score: [0.90909091 0.66666667 0.8        0.         0.66666667 1.        ]
2025-09-09 15:22:02,037 - INFO - service precision | micro: 0.535714; macro: 0.506878; score: [0.66666667 0.4        0.42857143 0.4        0.66666667 0.
 1.         0.         1.        ]
2025-09-09 15:22:02,037 - INFO - service recall    | micro: 0.625000; macro: 0.588889; score: [1.   1.   0.75 0.4  0.4  0.   1.   0.   0.75]
2025-09-09 15:22:02,037 - INFO - service f1        | micro: 0.576923; macro: 0.519336; score: [0.8        0.57142857 0.54545455 0.4        0.5        0.
 1.         0.         0.85714286]
2025-09-09 15:22:02,064 - INFO - pod     precision | micro: 0.477273; macro: 0.540716; score: [0.83333333 0.57894737 0.27083333 0.2        0.53333333 0.
 1.         0.5        0.95      ]
2025-09-09 15:22:02,064 - INFO - pod     recall    | micro: 0.724138; macro: 0.742110; score: [1.         1.         0.65       0.33333333 0.69565217 0.
 1.         1.         1.        ]
2025-09-09 15:22:02,064 - INFO - pod     f1        | micro: 0.575342; macro: 0.613286; score: [0.90909091 0.73333333 0.38235294 0.25       0.60377358 0.
 1.         0.66666667 0.97435897]
2025-09-09 15:22:02,064 - INFO - ----------
2025-09-09 15:22:03,796 - INFO - [121/300] | train_loss: 0.03061
2025-09-09 15:22:05,575 - INFO - [122/300] | train_loss: 0.03131
2025-09-09 15:22:07,355 - INFO - [123/300] | train_loss: 0.02699
2025-09-09 15:22:09,135 - INFO - [124/300] | train_loss: 0.03587
2025-09-09 15:22:10,917 - INFO - [125/300] | train_loss: 0.03922
2025-09-09 15:22:12,699 - INFO - [126/300] | train_loss: 0.04093
2025-09-09 15:22:14,479 - INFO - [127/300] | train_loss: 0.03521
2025-09-09 15:22:16,257 - INFO - [128/300] | train_loss: 0.03544
2025-09-09 15:22:18,051 - INFO - [129/300] | train_loss: 0.02635
2025-09-09 15:22:19,831 - INFO - [130/300] | train_loss: 0.02648
2025-09-09 15:22:20,018 - INFO - ----------
2025-09-09 15:22:20,018 - INFO - evaluation dataset type: valid
2025-09-09 15:22:20,033 - INFO - node    precision | micro: 0.777778; macro: 0.666667; score: [0.83333333 0.66666667 1.         0.         0.5        1.        ]
2025-09-09 15:22:20,034 - INFO - node    recall    | micro: 0.875000; macro: 0.722222; score: [1.         0.66666667 0.66666667 0.         1.         1.        ]
2025-09-09 15:22:20,034 - INFO - node    f1        | micro: 0.823529; macro: 0.673737; score: [0.90909091 0.66666667 0.8        0.         0.66666667 1.        ]
2025-09-09 15:22:20,050 - INFO - service precision | micro: 0.777778; macro: 0.666667; score: [1.   1.   0.75 0.25 1.   0.   1.   0.   1.  ]
2025-09-09 15:22:20,050 - INFO - service recall    | micro: 0.583333; macro: 0.566667; score: [1.   1.   0.75 0.2  0.4  0.   1.   0.   0.75]
2025-09-09 15:22:20,050 - INFO - service f1        | micro: 0.666667; macro: 0.600088; score: [1.         1.         0.75       0.22222222 0.57142857 0.
 1.         0.         0.85714286]
2025-09-09 15:22:20,077 - INFO - pod     precision | micro: 0.595588; macro: 0.629381; score: [0.83333333 0.84615385 0.4516129  0.16666667 0.86666667 0.
 1.         0.5        1.        ]
2025-09-09 15:22:20,077 - INFO - pod     recall    | micro: 0.698276; macro: 0.727881; score: [1.         1.         0.7        0.28571429 0.56521739 0.
 1.         1.         1.        ]
2025-09-09 15:22:20,077 - INFO - pod     f1        | micro: 0.642857; macro: 0.659576; score: [0.90909091 0.91666667 0.54901961 0.21052632 0.68421053 0.
 1.         0.66666667 1.        ]
2025-09-09 15:22:20,077 - INFO - ----------
2025-09-09 15:22:21,813 - INFO - [131/300] | train_loss: 0.02430
2025-09-09 15:22:23,601 - INFO - [132/300] | train_loss: 0.02513
2025-09-09 15:22:25,395 - INFO - [133/300] | train_loss: 0.02291
2025-09-09 15:22:27,181 - INFO - [134/300] | train_loss: 0.03260
2025-09-09 15:22:28,956 - INFO - [135/300] | train_loss: 0.02495
2025-09-09 15:22:30,723 - INFO - [136/300] | train_loss: 0.02260
2025-09-09 15:22:32,494 - INFO - [137/300] | train_loss: 0.02273
2025-09-09 15:22:34,331 - INFO - [138/300] | train_loss: 0.02115
2025-09-09 15:22:36,103 - INFO - [139/300] | train_loss: 0.02868
2025-09-09 15:22:37,883 - INFO - [140/300] | train_loss: 0.02231
2025-09-09 15:22:38,077 - INFO - ----------
2025-09-09 15:22:38,077 - INFO - evaluation dataset type: valid
2025-09-09 15:22:38,092 - INFO - node    precision | micro: 0.700000; macro: 0.638889; score: [0.83333333 0.5        1.         0.         0.5        1.        ]
2025-09-09 15:22:38,092 - INFO - node    recall    | micro: 0.875000; macro: 0.722222; score: [1.         0.66666667 0.66666667 0.         1.         1.        ]
2025-09-09 15:22:38,092 - INFO - node    f1        | micro: 0.777778; macro: 0.657864; score: [0.90909091 0.57142857 0.8        0.         0.66666667 1.        ]
2025-09-09 15:22:38,108 - INFO - service precision | micro: 0.736842; macro: 0.666667; score: [1.   1.   0.75 0.25 1.   0.   1.   0.   1.  ]
2025-09-09 15:22:38,108 - INFO - service recall    | micro: 0.583333; macro: 0.566667; score: [1.   1.   0.75 0.2  0.4  0.   1.   0.   0.75]
2025-09-09 15:22:38,109 - INFO - service f1        | micro: 0.651163; macro: 0.600088; score: [1.         1.         0.75       0.22222222 0.57142857 0.
 1.         0.         0.85714286]
2025-09-09 15:22:38,135 - INFO - pod     precision | micro: 0.592308; macro: 0.589792; score: [0.83333333 0.84615385 0.39285714 0.18518519 0.8125     0.
 1.         0.33333333 0.9047619 ]
2025-09-09 15:22:38,135 - INFO - pod     recall    | micro: 0.663793; macro: 0.705924; score: [1.         1.         0.55       0.23809524 0.56521739 0.
 1.         1.         1.        ]
2025-09-09 15:22:38,135 - INFO - pod     f1        | micro: 0.626016; macro: 0.623232; score: [0.90909091 0.91666667 0.45833333 0.20833333 0.66666667 0.
 1.         0.5        0.95      ]
2025-09-09 15:22:38,136 - INFO - ----------
2025-09-09 15:22:39,869 - INFO - [141/300] | train_loss: 0.01951
2025-09-09 15:22:41,658 - INFO - [142/300] | train_loss: 0.02121
2025-09-09 15:22:43,443 - INFO - [143/300] | train_loss: 0.02034
2025-09-09 15:22:45,220 - INFO - [144/300] | train_loss: 0.01753
2025-09-09 15:22:46,992 - INFO - [145/300] | train_loss: 0.01847
2025-09-09 15:22:48,773 - INFO - [146/300] | train_loss: 0.02056
2025-09-09 15:22:50,549 - INFO - [147/300] | train_loss: 0.02441
2025-09-09 15:22:52,337 - INFO - [148/300] | train_loss: 0.01650
2025-09-09 15:22:54,114 - INFO - [149/300] | train_loss: 0.01755
2025-09-09 15:22:55,889 - INFO - [150/300] | train_loss: 0.01792
2025-09-09 15:22:56,074 - INFO - ----------
2025-09-09 15:22:56,074 - INFO - evaluation dataset type: valid
2025-09-09 15:22:56,089 - INFO - node    precision | micro: 0.750000; macro: 0.655556; score: [0.83333333 0.6        1.         0.         0.5        1.        ]
2025-09-09 15:22:56,089 - INFO - node    recall    | micro: 0.937500; macro: 0.777778; score: [1.         1.         0.66666667 0.         1.         1.        ]
2025-09-09 15:22:56,089 - INFO - node    f1        | micro: 0.833333; macro: 0.687626; score: [0.90909091 0.75       0.8        0.         0.66666667 1.        ]
2025-09-09 15:22:56,105 - INFO - service precision | micro: 0.722222; macro: 0.650000; score: [1.   1.   0.6  0.25 1.   0.   1.   0.   1.  ]
2025-09-09 15:22:56,105 - INFO - service recall    | micro: 0.541667; macro: 0.544444; score: [1.   1.   0.75 0.2  0.2  0.   1.   0.   0.75]
2025-09-09 15:22:56,106 - INFO - service f1        | micro: 0.619048; macro: 0.564374; score: [1.         1.         0.66666667 0.22222222 0.33333333 0.
 1.         0.         0.85714286]
2025-09-09 15:22:56,132 - INFO - pod     precision | micro: 0.634146; macro: 0.657454; score: [0.83333333 1.         0.34375    0.24       1.         0.
 1.         0.5        1.        ]
2025-09-09 15:22:56,132 - INFO - pod     recall    | micro: 0.672414; macro: 0.711215; score: [1.         1.         0.55       0.28571429 0.56521739 0.
 1.         1.         1.        ]
2025-09-09 15:22:56,133 - INFO - pod     f1        | micro: 0.652720; macro: 0.664658; score: [0.90909091 1.         0.42307692 0.26086957 0.72222222 0.
 1.         0.66666667 1.        ]
2025-09-09 15:22:56,133 - INFO - ----------
2025-09-09 15:22:57,872 - INFO - [151/300] | train_loss: 0.01672
2025-09-09 15:22:59,675 - INFO - [152/300] | train_loss: 0.01525
2025-09-09 15:23:01,466 - INFO - [153/300] | train_loss: 0.01773
2025-09-09 15:23:03,275 - INFO - [154/300] | train_loss: 0.01676
2025-09-09 15:23:05,065 - INFO - [155/300] | train_loss: 0.01694
2025-09-09 15:23:06,862 - INFO - [156/300] | train_loss: 0.01612
2025-09-09 15:23:08,641 - INFO - [157/300] | train_loss: 0.01465
2025-09-09 15:23:10,424 - INFO - [158/300] | train_loss: 0.01636
2025-09-09 15:23:12,267 - INFO - [159/300] | train_loss: 0.01550
2025-09-09 15:23:14,049 - INFO - [160/300] | train_loss: 0.01415
2025-09-09 15:23:14,235 - INFO - ----------
2025-09-09 15:23:14,236 - INFO - evaluation dataset type: valid
2025-09-09 15:23:14,251 - INFO - node    precision | micro: 0.750000; macro: 0.683333; score: [0.83333333 0.6        1.         0.         0.66666667 1.        ]
2025-09-09 15:23:14,251 - INFO - node    recall    | micro: 0.937500; macro: 0.777778; score: [1.         1.         0.66666667 0.         1.         1.        ]
2025-09-09 15:23:14,251 - INFO - node    f1        | micro: 0.833333; macro: 0.709848; score: [0.90909091 0.75       0.8        0.         0.8        1.        ]
2025-09-09 15:23:14,267 - INFO - service precision | micro: 0.785714; macro: 0.648148; score: [1.         1.         0.5        0.33333333 1.         0.
 1.         0.         1.        ]
2025-09-09 15:23:14,268 - INFO - service recall    | micro: 0.458333; macro: 0.488889; score: [1.   1.   0.25 0.2  0.2  0.   1.   0.   0.75]
2025-09-09 15:23:14,268 - INFO - service f1        | micro: 0.578947; macro: 0.530423; score: [1.         1.         0.33333333 0.25       0.33333333 0.
 1.         0.         0.85714286]
2025-09-09 15:23:14,295 - INFO - pod     precision | micro: 0.706422; macro: 0.672346; score: [0.83333333 1.         0.44       0.27777778 1.         0.
 1.         0.5        1.        ]
2025-09-09 15:23:14,295 - INFO - pod     recall    | micro: 0.663793; macro: 0.705924; score: [1.         1.         0.55       0.23809524 0.56521739 0.
 1.         1.         1.        ]
2025-09-09 15:23:14,295 - INFO - pod     f1        | micro: 0.684444; macro: 0.671475; score: [0.90909091 1.         0.48888889 0.25641026 0.72222222 0.
 1.         0.66666667 1.        ]
2025-09-09 15:23:14,295 - INFO - ----------
2025-09-09 15:23:16,046 - INFO - [161/300] | train_loss: 0.01351
2025-09-09 15:23:17,806 - INFO - [162/300] | train_loss: 0.01307
2025-09-09 15:23:19,586 - INFO - [163/300] | train_loss: 0.01451
2025-09-09 15:23:21,358 - INFO - [164/300] | train_loss: 0.01342
2025-09-09 15:23:23,187 - INFO - [165/300] | train_loss: 0.01366
2025-09-09 15:23:25,031 - INFO - [166/300] | train_loss: 0.01722
2025-09-09 15:23:26,829 - INFO - [167/300] | train_loss: 0.01475
2025-09-09 15:23:28,608 - INFO - [168/300] | train_loss: 0.01620
2025-09-09 15:23:30,381 - INFO - [169/300] | train_loss: 0.01381
2025-09-09 15:23:32,154 - INFO - [170/300] | train_loss: 0.01419
2025-09-09 15:23:32,342 - INFO - ----------
2025-09-09 15:23:32,343 - INFO - evaluation dataset type: valid
2025-09-09 15:23:32,358 - INFO - node    precision | micro: 0.777778; macro: 0.722222; score: [0.83333333 1.         1.         0.         0.5        1.        ]
2025-09-09 15:23:32,358 - INFO - node    recall    | micro: 0.875000; macro: 0.722222; score: [1.         0.66666667 0.66666667 0.         1.         1.        ]
2025-09-09 15:23:32,358 - INFO - node    f1        | micro: 0.823529; macro: 0.695960; score: [0.90909091 0.8        0.8        0.         0.66666667 1.        ]
2025-09-09 15:23:32,374 - INFO - service precision | micro: 0.857143; macro: 0.722222; score: [1.  1.  0.5 1.  1.  0.  1.  0.  1. ]
2025-09-09 15:23:32,375 - INFO - service recall    | micro: 0.500000; macro: 0.516667; score: [1.   1.   0.5  0.2  0.2  0.   1.   0.   0.75]
2025-09-09 15:23:32,375 - INFO - service f1        | micro: 0.631579; macro: 0.558201; score: [1.         1.         0.5        0.33333333 0.33333333 0.
 1.         0.         0.85714286]
2025-09-09 15:23:32,401 - INFO - pod     precision | micro: 0.697248; macro: 0.669192; score: [0.90909091 1.         0.36363636 0.25       1.         0.
 1.         0.5        1.        ]
2025-09-09 15:23:32,402 - INFO - pod     recall    | micro: 0.655172; macro: 0.700897; score: [1.         1.         0.6        0.14285714 0.56521739 0.
 1.         1.         1.        ]
2025-09-09 15:23:32,402 - INFO - pod     f1        | micro: 0.675556; macro: 0.663991; score: [0.95238095 1.         0.45283019 0.18181818 0.72222222 0.
 1.         0.66666667 1.        ]
2025-09-09 15:23:32,402 - INFO - ----------
2025-09-09 15:23:34,140 - INFO - [171/300] | train_loss: 0.01408
2025-09-09 15:23:35,924 - INFO - [172/300] | train_loss: 0.01379
2025-09-09 15:23:37,707 - INFO - [173/300] | train_loss: 0.01449
2025-09-09 15:23:39,486 - INFO - [174/300] | train_loss: 0.01387
2025-09-09 15:23:41,282 - INFO - [175/300] | train_loss: 0.01234
2025-09-09 15:23:43,064 - INFO - [176/300] | train_loss: 0.01424
2025-09-09 15:23:44,847 - INFO - [177/300] | train_loss: 0.01438
2025-09-09 15:23:46,625 - INFO - [178/300] | train_loss: 0.01451
2025-09-09 15:23:48,403 - INFO - [179/300] | train_loss: 0.01245
2025-09-09 15:23:50,180 - INFO - [180/300] | train_loss: 0.01358
2025-09-09 15:23:50,369 - INFO - ----------
2025-09-09 15:23:50,369 - INFO - evaluation dataset type: valid
2025-09-09 15:23:50,384 - INFO - node    precision | micro: 0.875000; macro: 0.750000; score: [0.83333333 1.         1.         0.         0.66666667 1.        ]
2025-09-09 15:23:50,384 - INFO - node    recall    | micro: 0.875000; macro: 0.722222; score: [1.         0.66666667 0.66666667 0.         1.         1.        ]
2025-09-09 15:23:50,385 - INFO - node    f1        | micro: 0.875000; macro: 0.718182; score: [0.90909091 0.8        0.8        0.         0.8        1.        ]
2025-09-09 15:23:50,401 - INFO - service precision | micro: 0.705882; macro: 0.611111; score: [1.  0.5 0.5 0.5 1.  0.  1.  0.  1. ]
2025-09-09 15:23:50,401 - INFO - service recall    | micro: 0.500000; macro: 0.516667; score: [1.   1.   0.5  0.2  0.2  0.   1.   0.   0.75]
2025-09-09 15:23:50,401 - INFO - service f1        | micro: 0.585366; macro: 0.515873; score: [1.         0.66666667 0.5        0.28571429 0.33333333 0.
 1.         0.         0.85714286]
2025-09-09 15:23:50,428 - INFO - pod     precision | micro: 0.666667; macro: 0.633619; score: [1.         0.57894737 0.39285714 0.23076923 1.         0.
 1.         0.5        1.        ]
2025-09-09 15:23:50,428 - INFO - pod     recall    | micro: 0.637931; macro: 0.690511; score: [1.         1.         0.55       0.14285714 0.52173913 0.
 1.         1.         1.        ]
2025-09-09 15:23:50,428 - INFO - pod     f1        | micro: 0.651982; macro: 0.635613; score: [1.         0.73333333 0.45833333 0.17647059 0.68571429 0.
 1.         0.66666667 1.        ]
2025-09-09 15:23:50,428 - INFO - ----------
2025-09-09 15:23:52,169 - INFO - [181/300] | train_loss: 0.01433
2025-09-09 15:23:53,950 - INFO - [182/300] | train_loss: 0.01315
2025-09-09 15:23:55,726 - INFO - [183/300] | train_loss: 0.01233
2025-09-09 15:23:57,507 - INFO - [184/300] | train_loss: 0.01145
2025-09-09 15:23:59,284 - INFO - [185/300] | train_loss: 0.01128
2025-09-09 15:24:01,063 - INFO - [186/300] | train_loss: 0.01434
2025-09-09 15:24:02,843 - INFO - [187/300] | train_loss: 0.01550
2025-09-09 15:24:04,633 - INFO - [188/300] | train_loss: 0.01748
2025-09-09 15:24:06,447 - INFO - [189/300] | train_loss: 0.01907
2025-09-09 15:24:08,240 - INFO - [190/300] | train_loss: 0.02527
2025-09-09 15:24:08,436 - INFO - ----------
2025-09-09 15:24:08,437 - INFO - evaluation dataset type: valid
2025-09-09 15:24:08,453 - INFO - node    precision | micro: 0.750000; macro: 0.655556; score: [0.83333333 0.6        1.         0.         0.5        1.        ]
2025-09-09 15:24:08,453 - INFO - node    recall    | micro: 0.937500; macro: 0.777778; score: [1.         1.         0.66666667 0.         1.         1.        ]
2025-09-09 15:24:08,453 - INFO - node    f1        | micro: 0.833333; macro: 0.687626; score: [0.90909091 0.75       0.8        0.         0.66666667 1.        ]
2025-09-09 15:24:08,469 - INFO - service precision | micro: 0.615385; macro: 0.692308; score: [1.         1.         0.23076923 1.         1.         0.
 1.         0.         1.        ]
2025-09-09 15:24:08,469 - INFO - service recall    | micro: 0.666667; macro: 0.616667; score: [1.   1.   0.75 0.2  0.6  0.   1.   0.   1.  ]
2025-09-09 15:24:08,469 - INFO - service f1        | micro: 0.640000; macro: 0.604031; score: [1.         1.         0.35294118 0.33333333 0.75       0.
 1.         0.         1.        ]
2025-09-09 15:24:08,496 - INFO - pod     precision | micro: 0.451977; macro: 0.600709; score: [0.83333333 0.73333333 0.15789474 0.5        0.68181818 0.
 1.         0.5        1.        ]
2025-09-09 15:24:08,496 - INFO - pod     recall    | micro: 0.689655; macro: 0.721935; score: [1.         1.         0.75       0.0952381  0.65217391 0.
 1.         1.         1.        ]
2025-09-09 15:24:08,496 - INFO - pod     f1        | micro: 0.546075; macro: 0.612161; score: [0.90909091 0.84615385 0.26086957 0.16       0.66666667 0.
 1.         0.66666667 1.        ]
2025-09-09 15:24:08,496 - INFO - ----------
2025-09-09 15:24:10,229 - INFO - [191/300] | train_loss: 0.06756
2025-09-09 15:24:12,008 - INFO - [192/300] | train_loss: 0.05953
2025-09-09 15:24:13,797 - INFO - [193/300] | train_loss: 0.04433
2025-09-09 15:24:15,587 - INFO - [194/300] | train_loss: 0.08896
2025-09-09 15:24:17,365 - INFO - [195/300] | train_loss: 0.04907
2025-09-09 15:24:19,143 - INFO - [196/300] | train_loss: 0.06826
2025-09-09 15:24:20,935 - INFO - [197/300] | train_loss: 0.08078
2025-09-09 15:24:22,737 - INFO - [198/300] | train_loss: 0.05178
2025-09-09 15:24:24,515 - INFO - [199/300] | train_loss: 0.04740
2025-09-09 15:24:26,293 - INFO - [200/300] | train_loss: 0.03841
2025-09-09 15:24:26,477 - INFO - ----------
2025-09-09 15:24:26,477 - INFO - evaluation dataset type: valid
2025-09-09 15:24:26,492 - INFO - node    precision | micro: 0.666667; macro: 0.602381; score: [0.71428571 0.4        1.         0.         0.5        1.        ]
2025-09-09 15:24:26,492 - INFO - node    recall    | micro: 0.875000; macro: 0.722222; score: [1.         0.66666667 0.66666667 0.         1.         1.        ]
2025-09-09 15:24:26,492 - INFO - node    f1        | micro: 0.756757; macro: 0.633333; score: [0.83333333 0.5        0.8        0.         0.66666667 1.        ]
2025-09-09 15:24:26,508 - INFO - service precision | micro: 0.500000; macro: 0.429630; score: [0.5        0.66666667 0.33333333 0.2        0.66666667 0.
 0.5        0.         1.        ]
2025-09-09 15:24:26,508 - INFO - service recall    | micro: 0.625000; macro: 0.594444; score: [1.   1.   0.75 0.2  0.4  0.   1.   0.   1.  ]
2025-09-09 15:24:26,509 - INFO - service f1        | micro: 0.555556; macro: 0.477208; score: [0.66666667 0.8        0.46153846 0.2        0.5        0.
 0.66666667 0.         1.        ]
2025-09-09 15:24:26,535 - INFO - pod     precision | micro: 0.444444; macro: 0.513676; score: [0.76923077 0.52380952 0.28571429 0.19512195 0.77777778 0.
 1.         0.16666667 0.9047619 ]
2025-09-09 15:24:26,535 - INFO - pod     recall    | micro: 0.724138; macro: 0.743294; score: [1.         1.         0.7        0.38095238 0.60869565 0.
 1.         1.         1.        ]
2025-09-09 15:24:26,535 - INFO - pod     f1        | micro: 0.550820; macro: 0.571063; score: [0.86956522 0.6875     0.4057971  0.25806452 0.68292683 0.
 1.         0.28571429 0.95      ]
2025-09-09 15:24:26,535 - INFO - ----------
2025-09-09 15:24:28,259 - INFO - [201/300] | train_loss: 0.03128
2025-09-09 15:24:30,042 - INFO - [202/300] | train_loss: 0.02977
2025-09-09 15:24:31,821 - INFO - [203/300] | train_loss: 0.02767
2025-09-09 15:24:33,602 - INFO - [204/300] | train_loss: 0.02118
2025-09-09 15:24:35,385 - INFO - [205/300] | train_loss: 0.02443
2025-09-09 15:24:37,160 - INFO - [206/300] | train_loss: 0.02232
2025-09-09 15:24:38,944 - INFO - [207/300] | train_loss: 0.02215
2025-09-09 15:24:40,724 - INFO - [208/300] | train_loss: 0.01900
2025-09-09 15:24:42,505 - INFO - [209/300] | train_loss: 0.01459
2025-09-09 15:24:44,286 - INFO - [210/300] | train_loss: 0.01507
2025-09-09 15:24:44,469 - INFO - ----------
2025-09-09 15:24:44,469 - INFO - evaluation dataset type: valid
2025-09-09 15:24:44,484 - INFO - node    precision | micro: 0.823529; macro: 0.722222; score: [0.83333333 1.         1.         0.         0.5        1.        ]
2025-09-09 15:24:44,484 - INFO - node    recall    | micro: 0.875000; macro: 0.722222; score: [1.         0.66666667 0.66666667 0.         1.         1.        ]
2025-09-09 15:24:44,485 - INFO - node    f1        | micro: 0.848485; macro: 0.695960; score: [0.90909091 0.8        0.8        0.         0.66666667 1.        ]
2025-09-09 15:24:44,501 - INFO - service precision | micro: 0.714286; macro: 0.612963; score: [1.         0.66666667 0.6        0.25       1.         0.
 1.         0.         1.        ]
2025-09-09 15:24:44,501 - INFO - service recall    | micro: 0.625000; macro: 0.594444; score: [1.   1.   0.75 0.2  0.4  0.   1.   0.   1.  ]
2025-09-09 15:24:44,501 - INFO - service f1        | micro: 0.666667; macro: 0.584480; score: [1.         0.8        0.66666667 0.22222222 0.57142857 0.
 1.         0.         1.        ]
2025-09-09 15:24:44,528 - INFO - pod     precision | micro: 0.536913; macro: 0.552858; score: [0.83333333 0.61111111 0.28888889 0.2173913  0.875      0.
 1.         0.2        0.95      ]
2025-09-09 15:24:44,528 - INFO - pod     recall    | micro: 0.689655; macro: 0.721866; score: [1.         1.         0.65       0.23809524 0.60869565 0.
 1.         1.         1.        ]
2025-09-09 15:24:44,528 - INFO - pod     f1        | micro: 0.603774; macro: 0.591181; score: [0.90909091 0.75862069 0.4        0.22727273 0.71794872 0.
 1.         0.33333333 0.97435897]
2025-09-09 15:24:44,528 - INFO - ----------
2025-09-09 15:24:46,275 - INFO - [211/300] | train_loss: 0.01538
2025-09-09 15:24:48,053 - INFO - [212/300] | train_loss: 0.01545
2025-09-09 15:24:49,836 - INFO - [213/300] | train_loss: 0.01586
2025-09-09 15:24:51,617 - INFO - [214/300] | train_loss: 0.01226
2025-09-09 15:24:53,395 - INFO - [215/300] | train_loss: 0.01624
2025-09-09 15:24:55,176 - INFO - [216/300] | train_loss: 0.01713
2025-09-09 15:24:56,957 - INFO - [217/300] | train_loss: 0.01391
2025-09-09 15:24:58,738 - INFO - [218/300] | train_loss: 0.01125
2025-09-09 15:25:00,556 - INFO - [219/300] | train_loss: 0.01468
2025-09-09 15:25:02,346 - INFO - [220/300] | train_loss: 0.01187
2025-09-09 15:25:02,535 - INFO - ----------
2025-09-09 15:25:02,535 - INFO - evaluation dataset type: valid
2025-09-09 15:25:02,550 - INFO - node    precision | micro: 0.823529; macro: 0.730159; score: [0.71428571 1.         1.         0.         0.66666667 1.        ]
2025-09-09 15:25:02,551 - INFO - node    recall    | micro: 0.875000; macro: 0.722222; score: [1.         0.66666667 0.66666667 0.         1.         1.        ]
2025-09-09 15:25:02,551 - INFO - node    f1        | micro: 0.848485; macro: 0.705556; score: [0.83333333 0.8        0.8        0.         0.8        1.        ]
2025-09-09 15:25:02,567 - INFO - service precision | micro: 0.647059; macro: 0.583333; score: [1.         0.66666667 0.33333333 0.25       1.         0.
 1.         0.         1.        ]
2025-09-09 15:25:02,567 - INFO - service recall    | micro: 0.458333; macro: 0.488889; score: [1.   1.   0.25 0.2  0.2  0.   1.   0.   0.75]
2025-09-09 15:25:02,567 - INFO - service f1        | micro: 0.536585; macro: 0.499824; score: [1.         0.8        0.28571429 0.22222222 0.33333333 0.
 1.         0.         0.85714286]
2025-09-09 15:25:02,594 - INFO - pod     precision | micro: 0.632479; macro: 0.605209; score: [0.90909091 0.61111111 0.37931034 0.26666667 1.         0.
 1.         0.33333333 0.94736842]
2025-09-09 15:25:02,594 - INFO - pod     recall    | micro: 0.637931; macro: 0.689954; score: [1.         1.         0.55       0.19047619 0.52173913 0.
 1.         1.         0.94736842]
2025-09-09 15:25:02,594 - INFO - pod     f1        | micro: 0.635193; macro: 0.612810; score: [0.95238095 0.75862069 0.44897959 0.22222222 0.68571429 0.
 1.         0.5        0.94736842]
2025-09-09 15:25:02,594 - INFO - ----------
2025-09-09 15:25:04,323 - INFO - [221/300] | train_loss: 0.01489
2025-09-09 15:25:06,172 - INFO - [222/300] | train_loss: 0.01763
2025-09-09 15:25:07,946 - INFO - [223/300] | train_loss: 0.01399
2025-09-09 15:25:09,721 - INFO - [224/300] | train_loss: 0.01659
2025-09-09 15:25:11,511 - INFO - [225/300] | train_loss: 0.01400
2025-09-09 15:25:13,280 - INFO - [226/300] | train_loss: 0.01061
2025-09-09 15:25:15,062 - INFO - [227/300] | train_loss: 0.01572
2025-09-09 15:25:16,843 - INFO - [228/300] | train_loss: 0.01131
2025-09-09 15:25:18,622 - INFO - [229/300] | train_loss: 0.01109
2025-09-09 15:25:20,400 - INFO - [230/300] | train_loss: 0.01114
2025-09-09 15:25:20,585 - INFO - ----------
2025-09-09 15:25:20,585 - INFO - evaluation dataset type: valid
2025-09-09 15:25:20,600 - INFO - node    precision | micro: 0.789474; macro: 0.680556; score: [0.83333333 0.75       1.         0.         0.5        1.        ]
2025-09-09 15:25:20,600 - INFO - node    recall    | micro: 0.937500; macro: 0.777778; score: [1.         1.         0.66666667 0.         1.         1.        ]
2025-09-09 15:25:20,600 - INFO - node    f1        | micro: 0.857143; macro: 0.705483; score: [0.90909091 0.85714286 0.8        0.         0.66666667 1.        ]
2025-09-09 15:25:20,616 - INFO - service precision | micro: 0.769231; macro: 0.648148; score: [1.         1.         0.33333333 0.5        1.         0.
 1.         0.         1.        ]
2025-09-09 15:25:20,616 - INFO - service recall    | micro: 0.416667; macro: 0.461111; score: [1.   1.   0.25 0.2  0.2  0.   1.   0.   0.5 ]
2025-09-09 15:25:20,616 - INFO - service f1        | micro: 0.540541; macro: 0.507937; score: [1.         1.         0.28571429 0.28571429 0.33333333 0.
 1.         0.         0.66666667]
2025-09-09 15:25:20,642 - INFO - pod     precision | micro: 0.669643; macro: 0.622926; score: [0.83333333 0.64705882 0.39285714 0.28571429 1.         0.
 1.         0.5        0.94736842]
2025-09-09 15:25:20,643 - INFO - pod     recall    | micro: 0.646552; macro: 0.694785; score: [1.         1.         0.55       0.19047619 0.56521739 0.
 1.         1.         0.94736842]
2025-09-09 15:25:20,643 - INFO - pod     f1        | micro: 0.657895; macro: 0.635330; score: [0.90909091 0.78571429 0.45833333 0.22857143 0.72222222 0.
 1.         0.66666667 0.94736842]
2025-09-09 15:25:20,643 - INFO - ----------
2025-09-09 15:25:22,368 - INFO - [231/300] | train_loss: 0.00994
2025-09-09 15:25:24,183 - INFO - [232/300] | train_loss: 0.01075
2025-09-09 15:25:25,972 - INFO - [233/300] | train_loss: 0.01015
2025-09-09 15:25:27,752 - INFO - [234/300] | train_loss: 0.00966
2025-09-09 15:25:29,536 - INFO - [235/300] | train_loss: 0.01017
2025-09-09 15:25:31,314 - INFO - [236/300] | train_loss: 0.01037
2025-09-09 15:25:33,095 - INFO - [237/300] | train_loss: 0.01072
2025-09-09 15:25:34,871 - INFO - [238/300] | train_loss: 0.01235
2025-09-09 15:25:36,656 - INFO - [239/300] | train_loss: 0.00977
2025-09-09 15:25:38,434 - INFO - [240/300] | train_loss: 0.00951
2025-09-09 15:25:38,620 - INFO - ----------
2025-09-09 15:25:38,620 - INFO - evaluation dataset type: valid
2025-09-09 15:25:38,635 - INFO - node    precision | micro: 0.875000; macro: 0.750000; score: [0.83333333 1.         1.         0.         0.66666667 1.        ]
2025-09-09 15:25:38,636 - INFO - node    recall    | micro: 0.875000; macro: 0.722222; score: [1.         0.66666667 0.66666667 0.         1.         1.        ]
2025-09-09 15:25:38,636 - INFO - node    f1        | micro: 0.875000; macro: 0.718182; score: [0.90909091 0.8        0.8        0.         0.8        1.        ]
2025-09-09 15:25:38,651 - INFO - service precision | micro: 0.785714; macro: 0.574074; score: [1.         0.66666667 0.5        0.         1.         0.
 1.         0.         1.        ]
2025-09-09 15:25:38,651 - INFO - service recall    | micro: 0.458333; macro: 0.494444; score: [1.   1.   0.5  0.   0.2  0.   1.   0.   0.75]
2025-09-09 15:25:38,652 - INFO - service f1        | micro: 0.578947; macro: 0.498942; score: [1.         0.8        0.5        0.         0.33333333 0.
 1.         0.         0.85714286]
2025-09-09 15:25:38,678 - INFO - pod     precision | micro: 0.638655; macro: 0.628973; score: [0.90909091 0.61111111 0.35483871 0.28571429 1.         0.
 1.         0.5        1.        ]
2025-09-09 15:25:38,678 - INFO - pod     recall    | micro: 0.655172; macro: 0.700633; score: [1.         1.         0.55       0.19047619 0.56521739 0.
 1.         1.         1.        ]
2025-09-09 15:25:38,678 - INFO - pod     f1        | micro: 0.646809; macro: 0.639982; score: [0.95238095 0.75862069 0.43137255 0.22857143 0.72222222 0.
 1.         0.66666667 1.        ]
2025-09-09 15:25:38,678 - INFO - ----------
2025-09-09 15:25:40,405 - INFO - [241/300] | train_loss: 0.01621
2025-09-09 15:25:42,189 - INFO - [242/300] | train_loss: 0.00943
2025-09-09 15:25:43,966 - INFO - [243/300] | train_loss: 0.01232
2025-09-09 15:25:45,751 - INFO - [244/300] | train_loss: 0.00938
2025-09-09 15:25:47,528 - INFO - [245/300] | train_loss: 0.02083
2025-09-09 15:25:49,314 - INFO - [246/300] | train_loss: 0.01058
2025-09-09 15:25:51,093 - INFO - [247/300] | train_loss: 0.00976
2025-09-09 15:25:52,873 - INFO - [248/300] | train_loss: 0.01123
2025-09-09 15:25:54,660 - INFO - [249/300] | train_loss: 0.01135
2025-09-09 15:25:56,456 - INFO - [250/300] | train_loss: 0.01183
2025-09-09 15:25:56,645 - INFO - ----------
2025-09-09 15:25:56,645 - INFO - evaluation dataset type: valid
2025-09-09 15:25:56,660 - INFO - node    precision | micro: 0.875000; macro: 0.750000; score: [0.83333333 1.         1.         0.         0.66666667 1.        ]
2025-09-09 15:25:56,661 - INFO - node    recall    | micro: 0.875000; macro: 0.722222; score: [1.         0.66666667 0.66666667 0.         1.         1.        ]
2025-09-09 15:25:56,661 - INFO - node    f1        | micro: 0.875000; macro: 0.718182; score: [0.90909091 0.8        0.8        0.         0.8        1.        ]
2025-09-09 15:25:56,677 - INFO - service precision | micro: 0.857143; macro: 0.703704; score: [1.         1.         0.33333333 1.         1.         0.
 1.         0.         1.        ]
2025-09-09 15:25:56,677 - INFO - service recall    | micro: 0.500000; macro: 0.516667; score: [1.   1.   0.25 0.2  0.2  0.   1.   0.   1.  ]
2025-09-09 15:25:56,677 - INFO - service f1        | micro: 0.631579; macro: 0.550265; score: [1.         1.         0.28571429 0.33333333 0.33333333 0.
 1.         0.         1.        ]
2025-09-09 15:25:56,704 - INFO - pod     precision | micro: 0.666667; macro: 0.636050; score: [0.83333333 0.73333333 0.35483871 0.35294118 1.         0.
 1.         0.5        0.95      ]
2025-09-09 15:25:56,704 - INFO - pod     recall    | micro: 0.672414; macro: 0.711215; score: [1.         1.         0.55       0.28571429 0.56521739 0.
 1.         1.         1.        ]
2025-09-09 15:25:56,704 - INFO - pod     f1        | micro: 0.669528; macro: 0.651739; score: [0.90909091 0.84615385 0.43137255 0.31578947 0.72222222 0.
 1.         0.66666667 0.97435897]
2025-09-09 15:25:56,704 - INFO - ----------
2025-09-09 15:25:58,472 - INFO - [251/300] | train_loss: 0.00929
2025-09-09 15:26:00,251 - INFO - [252/300] | train_loss: 0.01258
2025-09-09 15:26:02,028 - INFO - [253/300] | train_loss: 0.01273
2025-09-09 15:26:03,823 - INFO - [254/300] | train_loss: 0.01125
2025-09-09 15:26:05,663 - INFO - [255/300] | train_loss: 0.01271
2025-09-09 15:26:07,467 - INFO - [256/300] | train_loss: 0.01195
2025-09-09 15:26:09,259 - INFO - [257/300] | train_loss: 0.01825
2025-09-09 15:26:11,037 - INFO - [258/300] | train_loss: 0.01191
2025-09-09 15:26:12,822 - INFO - [259/300] | train_loss: 0.01141
2025-09-09 15:26:14,614 - INFO - [260/300] | train_loss: 0.01067
2025-09-09 15:26:14,864 - INFO - ----------
2025-09-09 15:26:14,864 - INFO - evaluation dataset type: valid
2025-09-09 15:26:14,880 - INFO - node    precision | micro: 0.777778; macro: 0.730159; score: [0.71428571 1.         1.         0.         0.66666667 1.        ]
2025-09-09 15:26:14,880 - INFO - node    recall    | micro: 0.875000; macro: 0.722222; score: [1.         0.66666667 0.66666667 0.         1.         1.        ]
2025-09-09 15:26:14,880 - INFO - node    f1        | micro: 0.823529; macro: 0.705556; score: [0.83333333 0.8        0.8        0.         0.8        1.        ]
2025-09-09 15:26:14,896 - INFO - service precision | micro: 0.750000; macro: 0.648148; score: [1.         1.         0.5        0.33333333 1.         0.
 1.         0.         1.        ]
2025-09-09 15:26:14,896 - INFO - service recall    | micro: 0.625000; macro: 0.594444; score: [1.   1.   0.75 0.2  0.4  0.   1.   0.   1.  ]
2025-09-09 15:26:14,896 - INFO - service f1        | micro: 0.681818; macro: 0.602381; score: [1.         1.         0.6        0.25       0.57142857 0.
 1.         0.         1.        ]
2025-09-09 15:26:14,923 - INFO - pod     precision | micro: 0.626016; macro: 0.619651; score: [0.83333333 0.6875     0.33333333 0.29411765 0.92857143 0.
 1.         0.5        1.        ]
2025-09-09 15:26:14,923 - INFO - pod     recall    | micro: 0.663793; macro: 0.705631; score: [1.         1.         0.6        0.23809524 0.56521739 0.
 1.         1.         0.94736842]
2025-09-09 15:26:14,923 - INFO - pod     f1        | micro: 0.644351; macro: 0.639775; score: [0.90909091 0.81481481 0.42857143 0.26315789 0.7027027  0.
 1.         0.66666667 0.97297297]
2025-09-09 15:26:14,923 - INFO - ----------
2025-09-09 15:26:16,662 - INFO - [261/300] | train_loss: 0.00895
2025-09-09 15:26:18,455 - INFO - [262/300] | train_loss: 0.01026
2025-09-09 15:26:20,237 - INFO - [263/300] | train_loss: 0.00964
2025-09-09 15:26:22,020 - INFO - [264/300] | train_loss: 0.00976
2025-09-09 15:26:23,875 - INFO - [265/300] | train_loss: 0.00904
2025-09-09 15:26:25,661 - INFO - [266/300] | train_loss: 0.01020
2025-09-09 15:26:27,440 - INFO - [267/300] | train_loss: 0.00937
2025-09-09 15:26:29,228 - INFO - [268/300] | train_loss: 0.01156
2025-09-09 15:26:31,005 - INFO - [269/300] | train_loss: 0.01428
2025-09-09 15:26:32,790 - INFO - [270/300] | train_loss: 0.01141
2025-09-09 15:26:32,976 - INFO - ----------
2025-09-09 15:26:32,976 - INFO - evaluation dataset type: valid
2025-09-09 15:26:32,991 - INFO - node    precision | micro: 0.736842; macro: 0.677778; score: [1.         0.4        1.         0.         0.66666667 1.        ]
2025-09-09 15:26:32,992 - INFO - node    recall    | micro: 0.875000; macro: 0.722222; score: [1.         0.66666667 0.66666667 0.         1.         1.        ]
2025-09-09 15:26:32,992 - INFO - node    f1        | micro: 0.800000; macro: 0.683333; score: [1.  0.5 0.8 0.  0.8 1. ]
2025-09-09 15:26:33,008 - INFO - service precision | micro: 0.823529; macro: 0.696296; score: [1.         0.66666667 0.6        1.         1.         0.
 1.         0.         1.        ]
2025-09-09 15:26:33,008 - INFO - service recall    | micro: 0.583333; macro: 0.572222; score: [1.   1.   0.75 0.2  0.2  0.   1.   0.   1.  ]
2025-09-09 15:26:33,008 - INFO - service f1        | micro: 0.682927; macro: 0.570370; score: [1.         0.8        0.66666667 0.33333333 0.33333333 0.
 1.         0.         1.        ]
2025-09-09 15:26:33,034 - INFO - pod     precision | micro: 0.669565; macro: 0.638576; score: [0.83333333 0.6875     0.35135135 0.375      1.         0.
 1.         0.5        1.        ]
2025-09-09 15:26:33,035 - INFO - pod     recall    | micro: 0.663793; macro: 0.706453; score: [1.         1.         0.65       0.14285714 0.56521739 0.
 1.         1.         1.        ]
2025-09-09 15:26:33,035 - INFO - pod     f1        | micro: 0.666667; macro: 0.641759; score: [0.90909091 0.81481481 0.45614035 0.20689655 0.72222222 0.
 1.         0.66666667 1.        ]
2025-09-09 15:26:33,035 - INFO - ----------
2025-09-09 15:26:34,784 - INFO - [271/300] | train_loss: 0.01802
2025-09-09 15:26:36,556 - INFO - [272/300] | train_loss: 0.01001
2025-09-09 15:26:38,334 - INFO - [273/300] | train_loss: 0.01022
2025-09-09 15:26:40,155 - INFO - [274/300] | train_loss: 0.00968
2025-09-09 15:26:41,939 - INFO - [275/300] | train_loss: 0.01059
2025-09-09 15:26:43,728 - INFO - [276/300] | train_loss: 0.01201
2025-09-09 15:26:45,503 - INFO - [277/300] | train_loss: 0.00889
2025-09-09 15:26:47,283 - INFO - [278/300] | train_loss: 0.00914
2025-09-09 15:26:49,061 - INFO - [279/300] | train_loss: 0.00857
2025-09-09 15:26:50,842 - INFO - [280/300] | train_loss: 0.01152
2025-09-09 15:26:51,030 - INFO - ----------
2025-09-09 15:26:51,030 - INFO - evaluation dataset type: valid
2025-09-09 15:26:51,045 - INFO - node    precision | micro: 0.875000; macro: 0.750000; score: [0.83333333 1.         1.         0.         0.66666667 1.        ]
2025-09-09 15:26:51,046 - INFO - node    recall    | micro: 0.875000; macro: 0.722222; score: [1.         0.66666667 0.66666667 0.         1.         1.        ]
2025-09-09 15:26:51,046 - INFO - node    f1        | micro: 0.875000; macro: 0.718182; score: [0.90909091 0.8        0.8        0.         0.8        1.        ]
2025-09-09 15:26:51,062 - INFO - service precision | micro: 0.800000; macro: 0.574074; score: [1.         0.66666667 0.5        0.         1.         0.
 1.         0.         1.        ]
2025-09-09 15:26:51,062 - INFO - service recall    | micro: 0.500000; macro: 0.522222; score: [1.  1.  0.5 0.  0.2 0.  1.  0.  1. ]
2025-09-09 15:26:51,062 - INFO - service f1        | micro: 0.615385; macro: 0.514815; score: [1.         0.8        0.5        0.         0.33333333 0.
 1.         0.         1.        ]
2025-09-09 15:26:51,089 - INFO - pod     precision | micro: 0.697248; macro: 0.637326; score: [0.83333333 0.6875     0.40740741 0.30769231 1.         0.
 1.         0.5        1.        ]
2025-09-09 15:26:51,089 - INFO - pod     recall    | micro: 0.655172; macro: 0.700633; score: [1.         1.         0.55       0.19047619 0.56521739 0.
 1.         1.         1.        ]
2025-09-09 15:26:51,089 - INFO - pod     f1        | micro: 0.675556; macro: 0.646242; score: [0.90909091 0.81481481 0.46808511 0.23529412 0.72222222 0.
 1.         0.66666667 1.        ]
2025-09-09 15:26:51,089 - INFO - ----------
2025-09-09 15:26:52,831 - INFO - [281/300] | train_loss: 0.00946
2025-09-09 15:26:54,643 - INFO - [282/300] | train_loss: 0.00912
2025-09-09 15:26:56,418 - INFO - [283/300] | train_loss: 0.01115
2025-09-09 15:26:58,199 - INFO - [284/300] | train_loss: 0.01061
2025-09-09 15:26:59,979 - INFO - [285/300] | train_loss: 0.01074
2025-09-09 15:27:01,765 - INFO - [286/300] | train_loss: 0.00995
2025-09-09 15:27:03,541 - INFO - [287/300] | train_loss: 0.01062
2025-09-09 15:27:05,368 - INFO - [288/300] | train_loss: 0.00947
2025-09-09 15:27:07,147 - INFO - [289/300] | train_loss: 0.01034
2025-09-09 15:27:08,932 - INFO - [290/300] | train_loss: 0.00907
2025-09-09 15:27:09,136 - INFO - ----------
2025-09-09 15:27:09,136 - INFO - evaluation dataset type: valid
2025-09-09 15:27:09,176 - INFO - node    precision | micro: 0.789474; macro: 0.730159; score: [0.71428571 1.         1.         0.         0.66666667 1.        ]
2025-09-09 15:27:09,176 - INFO - node    recall    | micro: 0.937500; macro: 0.777778; score: [1.         1.         0.66666667 0.         1.         1.        ]
2025-09-09 15:27:09,176 - INFO - node    f1        | micro: 0.857143; macro: 0.738889; score: [0.83333333 1.         0.8        0.         0.8        1.        ]
2025-09-09 15:27:09,192 - INFO - service precision | micro: 0.866667; macro: 0.601852; score: [1.         0.66666667 0.75       0.         1.         0.
 1.         0.         1.        ]
2025-09-09 15:27:09,192 - INFO - service recall    | micro: 0.541667; macro: 0.544444; score: [1.   1.   0.75 0.   0.4  0.   1.   0.   0.75]
2025-09-09 15:27:09,192 - INFO - service f1        | micro: 0.666667; macro: 0.553175; score: [1.         0.8        0.75       0.         0.57142857 0.
 1.         0.         0.85714286]
2025-09-09 15:27:09,219 - INFO - pod     precision | micro: 0.675439; macro: 0.644571; score: [0.83333333 0.6875     0.36363636 0.41666667 1.         0.
 1.         0.5        1.        ]
2025-09-09 15:27:09,219 - INFO - pod     recall    | micro: 0.663793; macro: 0.705631; score: [1.         1.         0.6        0.23809524 0.56521739 0.
 1.         1.         0.94736842]
2025-09-09 15:27:09,219 - INFO - pod     f1        | micro: 0.669565; macro: 0.649070; score: [0.90909091 0.81481481 0.45283019 0.3030303  0.72222222 0.
 1.         0.66666667 0.97297297]
2025-09-09 15:27:09,220 - INFO - ----------
2025-09-09 15:27:10,958 - INFO - [291/300] | train_loss: 0.00879
2025-09-09 15:27:12,744 - INFO - [292/300] | train_loss: 0.01025
2025-09-09 15:27:14,534 - INFO - [293/300] | train_loss: 0.01741
2025-09-09 15:27:16,354 - INFO - [294/300] | train_loss: 0.00937
2025-09-09 15:27:18,140 - INFO - [295/300] | train_loss: 0.01270
2025-09-09 15:27:19,941 - INFO - [296/300] | train_loss: 0.02459
2025-09-09 15:27:21,723 - INFO - [297/300] | train_loss: 0.01301
2025-09-09 15:27:23,513 - INFO - [298/300] | train_loss: 0.01574
2025-09-09 15:27:25,312 - INFO - [299/300] | train_loss: 0.02764
2025-09-09 15:27:26,172 - INFO - ----------
2025-09-09 15:27:26,172 - INFO - evaluation dataset type: test
2025-09-09 15:27:26,192 - INFO - node    precision | micro: 0.600000; macro: 0.621236; score: [0.77777778 0.375      0.75       0.39130435 0.73333333 0.7       ]
2025-09-09 15:27:26,192 - INFO - node    recall    | micro: 0.895522; macro: 0.878968; score: [1.         0.85714286 0.66666667 0.75       1.         1.        ]
2025-09-09 15:27:26,192 - INFO - node    f1        | micro: 0.718563; macro: 0.714432; score: [0.875      0.52173913 0.70588235 0.51428571 0.84615385 0.82352941]
2025-09-09 15:27:26,219 - INFO - service precision | micro: 0.715909; macro: 0.758267; score: [1.         0.75       0.42857143 0.3125     1.         0.66666667
 1.         1.         0.66666667]
2025-09-09 15:27:26,219 - INFO - service recall    | micro: 0.715909; macro: 0.722222; score: [1.         1.         0.3        0.41666667 0.58333333 0.8
 1.         1.         0.4       ]
2025-09-09 15:27:26,219 - INFO - service f1        | micro: 0.715909; macro: 0.725705; score: [1.         0.85714286 0.35294118 0.35714286 0.73684211 0.72727273
 1.         1.         0.5       ]
2025-09-09 15:27:26,293 - INFO - pod     precision | micro: 0.650000; macro: 0.758556; score: [0.97916667 0.80357143 0.45098039 0.32291667 0.96774194 0.44186047
 0.98076923 1.         0.88      ]
2025-09-09 15:27:26,293 - INFO - pod     recall    | micro: 0.771689; macro: 0.792935; score: [1.         0.97826087 0.46938776 0.5        0.53571429 0.83823529
 1.         1.         0.81481481]
2025-09-09 15:27:26,293 - INFO - pod     f1        | micro: 0.705637; macro: 0.758779; score: [0.98947368 0.88235294 0.46       0.39240506 0.68965517 0.5786802
 0.99029126 1.         0.84615385]
2025-09-09 15:27:26,293 - INFO - ----------
----GATNet----
GAT_name1:  GATv2Conv
GAT_name2:  GATConv
activ_fun1:  relu6
activ_fun2:  relu6
====================================================================================================
Layer (type:depth-idx)                                                      Param #
====================================================================================================
Sequential                                                                  --
├─RepresentationLearning: 1-1                                               --
│    └─ModuleDict: 2-1                                                      --
│    │    └─Linear: 3-1                                                     6,144
│    │    └─Linear: 3-2                                                     6,144
│    │    └─Linear: 3-3                                                     6,144
│    └─ModuleDict: 2-2                                                      --
│    │    └─PositionalEmbedding: 3-4                                        --
│    │    └─PositionalEmbedding: 3-5                                        --
│    │    └─PositionalEmbedding: 3-6                                        --
│    └─ModuleDict: 2-3                                                      --
│    │    └─TransformerEncoder: 3-7                                         6,304,768
│    │    └─TransformerEncoder: 3-8                                         6,304,768
│    │    └─TransformerEncoder: 3-9                                         6,304,768
├─FeatureIntegration: 1-2                                                   --
│    └─ModuleDict: 2-4                                                      --
│    │    └─SEAttention: 3-10                                               32,768
│    │    └─SEAttention: 3-11                                               32,768
│    │    └─SEAttention: 3-12                                               32,768
│    └─ModuleDict: 2-5                                                      --
│    │    └─Linear: 3-13                                                    6,291,968
│    │    └─Linear: 3-14                                                    2,097,664
│    │    └─Linear: 3-15                                                    8,913,408
├─FeatureFusion: 1-3                                                        --
│    └─GATNet: 2-6                                                          --
│    │    └─GATv2Conv: 3-16                                                 526,336
│    │    └─GATConv: 3-17                                                   65,920
│    └─ModuleDict: 2-7                                                      --
│    │    └─Linear: 3-18                                                    774
│    │    └─Linear: 3-19                                                    1,161
│    │    └─Linear: 3-20                                                    1,161
├─FaultClassifier: 1-4                                                      --
│    └─ModuleDict: 2-8                                                      --
│    │    └─Linear: 3-21                                                    774
│    │    └─Linear: 3-22                                                    1,161
│    │    └─Linear: 3-23                                                    1,161
====================================================================================================
Total params: 36,932,528
Trainable params: 36,932,528
Non-trainable params: 0
====================================================================================================



nohup: ignoring input
---Main Experiment---
---Main Experiment  a_rca_trainer---
# head 4, --orl_te_in_channels 512
# SEattention
# deterministic
# new transformed data: trace, metric, log
2025-09-09 17:01:11,205 - INFO - [0/300] | train_loss: 3.84411
2025-09-09 17:01:11,479 - INFO - ----------
2025-09-09 17:01:11,480 - INFO - evaluation dataset type: valid
2025-09-09 17:01:11,496 - INFO - node    precision | micro: 0.015027; macro: 0.019428; score: [0.04494382 0.00537634 0.00862069 0.         0.01652893 0.04109589]
2025-09-09 17:01:11,496 - INFO - node    recall    | micro: 0.687500; macro: 0.577778; score: [0.8        0.33333333 0.33333333 0.         1.         1.        ]
2025-09-09 17:01:11,496 - INFO - node    f1        | micro: 0.029412; macro: 0.037327; score: [0.08510638 0.01058201 0.01680672 0.         0.03252033 0.07894737]
2025-09-09 17:01:11,514 - INFO - service precision | micro: 0.006274; macro: 0.028391; score: [0.01388889 0.00451467 0.00666667 0.         0.2        0.
 0.02325581 0.         0.00719424]
2025-09-09 17:01:11,514 - INFO - service recall    | micro: 0.625000; macro: 0.600000; score: [1.  1.  1.  0.  0.4 0.  1.  0.  1. ]
2025-09-09 17:01:11,514 - INFO - service f1        | micro: 0.012422; macro: 0.041782; score: [0.02739726 0.00898876 0.01324503 0.         0.26666667 0.
 0.04545455 0.         0.01428571]
2025-09-09 17:01:11,547 - INFO - pod     precision | micro: 0.010720; macro: 0.029755; score: [0.02304147 0.00625355 0.01204819 0.03246753 0.09677419 0.
 0.09090909 0.00130039 0.005     ]
2025-09-09 17:01:11,548 - INFO - pod     recall    | micro: 0.551724; macro: 0.627102; score: [1.         1.         0.25       0.71428571 0.52173913 0.
 1.         1.         0.15789474]
2025-09-09 17:01:11,548 - INFO - pod     f1        | micro: 0.021032; macro: 0.053866; score: [0.04504505 0.01242938 0.02298851 0.0621118  0.16326531 0.
 0.16666667 0.0025974  0.00969305]
2025-09-09 17:01:11,548 - INFO - ----------
2025-09-09 17:01:13,727 - INFO - [1/300] | train_loss: 2.82200
2025-09-09 17:01:16,052 - INFO - [2/300] | train_loss: 2.06051
2025-09-09 17:01:18,372 - INFO - [3/300] | train_loss: 1.60529
2025-09-09 17:01:20,692 - INFO - [4/300] | train_loss: 1.17423
2025-09-09 17:01:23,018 - INFO - [5/300] | train_loss: 0.93470
2025-09-09 17:01:25,349 - INFO - [6/300] | train_loss: 0.72465
2025-09-09 17:01:27,675 - INFO - [7/300] | train_loss: 0.60498
2025-09-09 17:01:29,999 - INFO - [8/300] | train_loss: 0.51944
2025-09-09 17:01:32,322 - INFO - [9/300] | train_loss: 0.45818
2025-09-09 17:01:34,648 - INFO - [10/300] | train_loss: 0.41610
2025-09-09 17:01:34,920 - INFO - ----------
2025-09-09 17:01:34,921 - INFO - evaluation dataset type: valid
2025-09-09 17:01:34,938 - INFO - node    precision | micro: 0.340909; macro: 0.359557; score: [0.38461538 0.27272727 0.5        0.         0.4        0.6       ]
2025-09-09 17:01:34,938 - INFO - node    recall    | micro: 0.937500; macro: 0.777778; score: [1.         1.         0.66666667 0.         1.         1.        ]
2025-09-09 17:01:34,938 - INFO - node    f1        | micro: 0.500000; macro: 0.479497; score: [0.55555556 0.42857143 0.57142857 0.         0.57142857 0.75      ]
2025-09-09 17:01:34,954 - INFO - service precision | micro: 0.197183; macro: 0.232804; score: [0.4        0.2        0.0952381  0.4        0.5        0.
 0.16666667 0.         0.33333333]
2025-09-09 17:01:34,954 - INFO - service recall    | micro: 0.583333; macro: 0.550000; score: [1.   1.   0.5  0.4  0.8  0.   1.   0.   0.25]
2025-09-09 17:01:34,954 - INFO - service f1        | micro: 0.294737; macro: 0.294619; score: [0.57142857 0.33333333 0.16       0.4        0.61538462 0.
 0.28571429 0.         0.28571429]
2025-09-09 17:01:34,982 - INFO - pod     precision | micro: 0.172161; macro: 0.175916; score: [0.23809524 0.24444444 0.16216216 0.17204301 0.16504854 0.015625
 0.24137931 0.02777778 0.31666667]
2025-09-09 17:01:34,982 - INFO - pod     recall    | micro: 0.810345; macro: 0.816782; score: [1.         1.         0.6        0.76190476 0.73913043 0.25
 1.         1.         1.        ]
2025-09-09 17:01:34,982 - INFO - pod     f1        | micro: 0.283988; macro: 0.281856; score: [0.38461538 0.39285714 0.25531915 0.28070175 0.26984127 0.02941176
 0.38888889 0.05405405 0.48101266]
2025-09-09 17:01:34,982 - INFO - ----------
2025-09-09 17:01:37,297 - INFO - [11/300] | train_loss: 0.41433
2025-09-09 17:01:39,614 - INFO - [12/300] | train_loss: 0.39831
2025-09-09 17:01:41,949 - INFO - [13/300] | train_loss: 0.33419
2025-09-09 17:01:44,282 - INFO - [14/300] | train_loss: 0.31512
2025-09-09 17:01:46,617 - INFO - [15/300] | train_loss: 0.27284
2025-09-09 17:01:48,951 - INFO - [16/300] | train_loss: 0.24438
2025-09-09 17:01:51,299 - INFO - [17/300] | train_loss: 0.22438
2025-09-09 17:01:53,635 - INFO - [18/300] | train_loss: 0.21078
2025-09-09 17:01:55,965 - INFO - [19/300] | train_loss: 0.20538
2025-09-09 17:01:58,300 - INFO - [20/300] | train_loss: 0.19206
2025-09-09 17:01:58,574 - INFO - ----------
2025-09-09 17:01:58,574 - INFO - evaluation dataset type: valid
2025-09-09 17:01:58,590 - INFO - node    precision | micro: 0.375000; macro: 0.469444; score: [0.41666667 0.33333333 0.66666667 0.         0.4        1.        ]
2025-09-09 17:01:58,590 - INFO - node    recall    | micro: 0.937500; macro: 0.777778; score: [1.         1.         0.66666667 0.         1.         1.        ]
2025-09-09 17:01:58,590 - INFO - node    f1        | micro: 0.535714; macro: 0.554388; score: [0.58823529 0.5        0.66666667 0.         0.57142857 1.        ]
2025-09-09 17:01:58,606 - INFO - service precision | micro: 0.260870; macro: 0.250890; score: [0.5        0.25       0.18181818 0.14285714 0.6        0.
 0.25       0.         0.33333333]
2025-09-09 17:01:58,607 - INFO - service recall    | micro: 0.500000; macro: 0.505556; score: [1.   1.   0.5  0.2  0.6  0.   1.   0.   0.25]
2025-09-09 17:01:58,607 - INFO - service f1        | micro: 0.342857; macro: 0.309524; score: [0.66666667 0.4        0.26666667 0.16666667 0.6        0.
 0.4        0.         0.28571429]
2025-09-09 17:01:58,634 - INFO - pod     precision | micro: 0.241975; macro: 0.232656; score: [0.37037037 0.26190476 0.24242424 0.23880597 0.23943662 0.03225806
 0.29166667 0.03703704 0.38      ]
2025-09-09 17:01:58,634 - INFO - pod     recall    | micro: 0.844828; macro: 0.839004; score: [1.         1.         0.8        0.76190476 0.73913043 0.25
 1.         1.         1.        ]
2025-09-09 17:01:58,635 - INFO - pod     f1        | micro: 0.376200; macro: 0.353775; score: [0.54054054 0.41509434 0.37209302 0.36363636 0.36170213 0.05714286
 0.4516129  0.07142857 0.55072464]
2025-09-09 17:01:58,635 - INFO - ----------
2025-09-09 17:02:00,853 - INFO - [21/300] | train_loss: 0.18614
2025-09-09 17:02:03,184 - INFO - [22/300] | train_loss: 0.15916
2025-09-09 17:02:05,522 - INFO - [23/300] | train_loss: 0.16378
2025-09-09 17:02:07,849 - INFO - [24/300] | train_loss: 0.15018
2025-09-09 17:02:10,174 - INFO - [25/300] | train_loss: 0.14421
2025-09-09 17:02:12,502 - INFO - [26/300] | train_loss: 0.12569
2025-09-09 17:02:14,841 - INFO - [27/300] | train_loss: 0.12351
2025-09-09 17:02:17,181 - INFO - [28/300] | train_loss: 0.12610
2025-09-09 17:02:19,512 - INFO - [29/300] | train_loss: 0.12416
2025-09-09 17:02:21,870 - INFO - [30/300] | train_loss: 0.11134
2025-09-09 17:02:22,143 - INFO - ----------
2025-09-09 17:02:22,143 - INFO - evaluation dataset type: valid
2025-09-09 17:02:22,164 - INFO - node    precision | micro: 0.576923; macro: 0.580688; score: [0.55555556 0.42857143 1.         0.         0.5        1.        ]
2025-09-09 17:02:22,164 - INFO - node    recall    | micro: 0.937500; macro: 0.777778; score: [1.         1.         0.66666667 0.         1.         1.        ]
2025-09-09 17:02:22,164 - INFO - node    f1        | micro: 0.714286; macro: 0.630159; score: [0.71428571 0.6        0.8        0.         0.66666667 1.        ]
2025-09-09 17:02:22,185 - INFO - service precision | micro: 0.500000; macro: 0.451852; score: [0.66666667 0.33333333 0.4        0.66666667 0.5        0.
 0.5        0.         1.        ]
2025-09-09 17:02:22,186 - INFO - service recall    | micro: 0.541667; macro: 0.538889; score: [1.   1.   0.5  0.4  0.2  0.   1.   0.   0.75]
2025-09-09 17:02:22,186 - INFO - service f1        | micro: 0.520000; macro: 0.450441; score: [0.8        0.5        0.44444444 0.5        0.28571429 0.
 0.66666667 0.         0.85714286]
2025-09-09 17:02:22,220 - INFO - pod     precision | micro: 0.305466; macro: 0.316266; score: [0.625      0.275      0.30434783 0.25       0.28571429 0.
 0.35       0.05263158 0.7037037 ]
2025-09-09 17:02:22,220 - INFO - pod     recall    | micro: 0.818966; macro: 0.799655; score: [1.         1.         0.7        0.71428571 0.7826087  0.
 1.         1.         1.        ]
2025-09-09 17:02:22,220 - INFO - pod     f1        | micro: 0.444965; macro: 0.428714; score: [0.76923077 0.43137255 0.42424242 0.37037037 0.41860465 0.
 0.51851852 0.1        0.82608696]
2025-09-09 17:02:22,220 - INFO - ----------
2025-09-09 17:02:24,466 - INFO - [31/300] | train_loss: 0.10655
2025-09-09 17:02:26,819 - INFO - [32/300] | train_loss: 0.10754
2025-09-09 17:02:29,156 - INFO - [33/300] | train_loss: 0.10089
2025-09-09 17:02:31,490 - INFO - [34/300] | train_loss: 0.10063
2025-09-09 17:02:33,831 - INFO - [35/300] | train_loss: 0.08768
2025-09-09 17:02:36,174 - INFO - [36/300] | train_loss: 0.08495
2025-09-09 17:02:38,508 - INFO - [37/300] | train_loss: 0.08658
2025-09-09 17:02:40,844 - INFO - [38/300] | train_loss: 0.08374
2025-09-09 17:02:43,176 - INFO - [39/300] | train_loss: 0.08904
2025-09-09 17:02:45,514 - INFO - [40/300] | train_loss: 0.08423
2025-09-09 17:02:45,789 - INFO - ----------
2025-09-09 17:02:45,789 - INFO - evaluation dataset type: valid
2025-09-09 17:02:45,805 - INFO - node    precision | micro: 0.600000; macro: 0.592262; score: [0.625      0.42857143 1.         0.         0.5        1.        ]
2025-09-09 17:02:45,805 - INFO - node    recall    | micro: 0.937500; macro: 0.777778; score: [1.         1.         0.66666667 0.         1.         1.        ]
2025-09-09 17:02:45,805 - INFO - node    f1        | micro: 0.731707; macro: 0.639316; score: [0.76923077 0.6        0.8        0.         0.66666667 1.        ]
2025-09-09 17:02:45,822 - INFO - service precision | micro: 0.560000; macro: 0.594444; score: [1.   0.4  0.2  0.75 1.   0.   1.   0.   1.  ]
2025-09-09 17:02:45,822 - INFO - service recall    | micro: 0.583333; macro: 0.561111; score: [1.   1.   0.25 0.6  0.2  0.   1.   0.   1.  ]
2025-09-09 17:02:45,822 - INFO - service f1        | micro: 0.571429; macro: 0.532628; score: [1.         0.57142857 0.22222222 0.66666667 0.33333333 0.
 1.         0.         1.        ]
2025-09-09 17:02:45,849 - INFO - pod     precision | micro: 0.330909; macro: 0.415693; score: [0.90909091 0.2972973  0.25       0.3255814  0.46428571 0.04081633
 0.4375     0.06666667 0.95      ]
2025-09-09 17:02:45,849 - INFO - pod     recall    | micro: 0.784483; macro: 0.825765; score: [1.         1.         0.7        0.66666667 0.56521739 0.5
 1.         1.         1.        ]
2025-09-09 17:02:45,849 - INFO - pod     f1        | micro: 0.465473; macro: 0.501107; score: [0.95238095 0.45833333 0.36842105 0.4375     0.50980392 0.0754717
 0.60869565 0.125      0.97435897]
2025-09-09 17:02:45,849 - INFO - ----------
2025-09-09 17:02:48,046 - INFO - [41/300] | train_loss: 0.08653
2025-09-09 17:02:50,383 - INFO - [42/300] | train_loss: 0.07943
2025-09-09 17:02:52,716 - INFO - [43/300] | train_loss: 0.07648
2025-09-09 17:02:55,051 - INFO - [44/300] | train_loss: 0.08028
2025-09-09 17:02:57,380 - INFO - [45/300] | train_loss: 0.06712
2025-09-09 17:02:59,709 - INFO - [46/300] | train_loss: 0.06469
2025-09-09 17:03:02,042 - INFO - [47/300] | train_loss: 0.06857
2025-09-09 17:03:04,374 - INFO - [48/300] | train_loss: 0.07480
2025-09-09 17:03:06,708 - INFO - [49/300] | train_loss: 0.08142
2025-09-09 17:03:09,042 - INFO - [50/300] | train_loss: 0.08205
2025-09-09 17:03:09,315 - INFO - ----------
2025-09-09 17:03:09,315 - INFO - evaluation dataset type: valid
2025-09-09 17:03:09,330 - INFO - node    precision | micro: 0.652174; macro: 0.631944; score: [0.625      0.5        1.         0.         0.66666667 1.        ]
2025-09-09 17:03:09,331 - INFO - node    recall    | micro: 0.937500; macro: 0.777778; score: [1.         1.         0.66666667 0.         1.         1.        ]
2025-09-09 17:03:09,331 - INFO - node    f1        | micro: 0.769231; macro: 0.672650; score: [0.76923077 0.66666667 0.8        0.         0.8        1.        ]
2025-09-09 17:03:09,347 - INFO - service precision | micro: 0.423077; macro: 0.411111; score: [0.5 0.4 0.4 0.  0.4 0.  1.  0.  1. ]
2025-09-09 17:03:09,347 - INFO - service recall    | micro: 0.458333; macro: 0.488889; score: [1.  1.  0.5 0.  0.4 0.  1.  0.  0.5]
2025-09-09 17:03:09,347 - INFO - service f1        | micro: 0.440000; macro: 0.416578; score: [0.66666667 0.57142857 0.44444444 0.         0.4        0.
 1.         0.         0.66666667]
2025-09-09 17:03:09,374 - INFO - pod     precision | micro: 0.363636; macro: 0.416216; score: [0.83333333 0.36666667 0.31111111 0.24615385 0.33333333 0.04545455
 0.53846154 0.16666667 0.9047619 ]
2025-09-09 17:03:09,374 - INFO - pod     recall    | micro: 0.793103; macro: 0.808569; score: [1.         1.         0.7        0.76190476 0.56521739 0.25
 1.         1.         1.        ]
2025-09-09 17:03:09,374 - INFO - pod     f1        | micro: 0.498645; macro: 0.520059; score: [0.90909091 0.53658537 0.43076923 0.37209302 0.41935484 0.07692308
 0.7        0.28571429 0.95      ]
2025-09-09 17:03:09,374 - INFO - ----------
2025-09-09 17:03:11,575 - INFO - [51/300] | train_loss: 0.07649
2025-09-09 17:03:13,910 - INFO - [52/300] | train_loss: 0.07389
2025-09-09 17:03:16,249 - INFO - [53/300] | train_loss: 0.07316
2025-09-09 17:03:18,575 - INFO - [54/300] | train_loss: 0.05720
2025-09-09 17:03:20,910 - INFO - [55/300] | train_loss: 0.05738
2025-09-09 17:03:23,246 - INFO - [56/300] | train_loss: 0.05612
2025-09-09 17:03:25,581 - INFO - [57/300] | train_loss: 0.05155
2025-09-09 17:03:27,907 - INFO - [58/300] | train_loss: 0.04427
2025-09-09 17:03:30,239 - INFO - [59/300] | train_loss: 0.05442
2025-09-09 17:03:32,570 - INFO - [60/300] | train_loss: 0.04461
2025-09-09 17:03:32,841 - INFO - ----------
2025-09-09 17:03:32,842 - INFO - evaluation dataset type: valid
2025-09-09 17:03:32,857 - INFO - node    precision | micro: 0.714286; macro: 0.702381; score: [0.71428571 0.5        1.         0.         1.         1.        ]
2025-09-09 17:03:32,857 - INFO - node    recall    | micro: 0.937500; macro: 0.777778; score: [1.         1.         0.66666667 0.         1.         1.        ]
2025-09-09 17:03:32,857 - INFO - node    f1        | micro: 0.810811; macro: 0.716667; score: [0.83333333 0.66666667 0.8        0.         1.         1.        ]
2025-09-09 17:03:32,873 - INFO - service precision | micro: 0.545455; macro: 0.509259; score: [0.66666667 0.33333333 0.25       0.33333333 1.         0.
 1.         0.         1.        ]
2025-09-09 17:03:32,873 - INFO - service recall    | micro: 0.500000; macro: 0.516667; score: [1.   1.   0.25 0.2  0.2  0.   1.   0.   1.  ]
2025-09-09 17:03:32,874 - INFO - service f1        | micro: 0.521739; macro: 0.459259; score: [0.8        0.5        0.25       0.25       0.33333333 0.
 1.         0.         1.        ]
2025-09-09 17:03:32,900 - INFO - pod     precision | micro: 0.406091; macro: 0.430804; score: [0.90909091 0.37931034 0.30232558 0.19512195 0.40740741 0.
 0.63636364 0.14285714 0.9047619 ]
2025-09-09 17:03:32,900 - INFO - pod     recall    | micro: 0.689655; macro: 0.723246; score: [1.         1.         0.65       0.38095238 0.47826087 0.
 1.         1.         1.        ]
2025-09-09 17:03:32,900 - INFO - pod     f1        | micro: 0.511182; macro: 0.510102; score: [0.95238095 0.55       0.41269841 0.25806452 0.44       0.
 0.77777778 0.25       0.95      ]
2025-09-09 17:03:32,901 - INFO - ----------
2025-09-09 17:03:35,101 - INFO - [61/300] | train_loss: 0.04153
2025-09-09 17:03:37,438 - INFO - [62/300] | train_loss: 0.03881
2025-09-09 17:03:39,773 - INFO - [63/300] | train_loss: 0.04479
2025-09-09 17:03:42,106 - INFO - [64/300] | train_loss: 0.04024
2025-09-09 17:03:44,445 - INFO - [65/300] | train_loss: 0.04148
2025-09-09 17:03:46,771 - INFO - [66/300] | train_loss: 0.04336
2025-09-09 17:03:49,102 - INFO - [67/300] | train_loss: 0.03716
2025-09-09 17:03:51,435 - INFO - [68/300] | train_loss: 0.03328
2025-09-09 17:03:53,766 - INFO - [69/300] | train_loss: 0.03635
2025-09-09 17:03:56,095 - INFO - [70/300] | train_loss: 0.03408
2025-09-09 17:03:56,369 - INFO - ----------
2025-09-09 17:03:56,369 - INFO - evaluation dataset type: valid
2025-09-09 17:03:56,385 - INFO - node    precision | micro: 0.789474; macro: 0.744048; score: [0.71428571 0.75       1.         0.         1.         1.        ]
2025-09-09 17:03:56,385 - INFO - node    recall    | micro: 0.937500; macro: 0.777778; score: [1.         1.         0.66666667 0.         1.         1.        ]
2025-09-09 17:03:56,385 - INFO - node    f1        | micro: 0.857143; macro: 0.748413; score: [0.83333333 0.85714286 0.8        0.         1.         1.        ]
2025-09-09 17:03:56,401 - INFO - service precision | micro: 0.555556; macro: 0.535185; score: [0.66666667 0.4        0.25       0.5        1.         0.
 1.         0.         1.        ]
2025-09-09 17:03:56,401 - INFO - service recall    | micro: 0.416667; macro: 0.461111; score: [1.   1.   0.25 0.2  0.2  0.   1.   0.   0.5 ]
2025-09-09 17:03:56,401 - INFO - service f1        | micro: 0.476190; macro: 0.434127; score: [0.8        0.57142857 0.25       0.28571429 0.33333333 0.
 1.         0.         0.66666667]
2025-09-09 17:03:56,428 - INFO - pod     precision | micro: 0.506667; macro: 0.490810; score: [0.90909091 0.40740741 0.48       0.24137931 0.52941176 0.
 0.7        0.2        0.95      ]
2025-09-09 17:03:56,428 - INFO - pod     recall    | micro: 0.655172; macro: 0.702738; score: [1.         1.         0.6        0.33333333 0.39130435 0.
 1.         1.         1.        ]
2025-09-09 17:03:56,429 - INFO - pod     f1        | micro: 0.571429; macro: 0.547320; score: [0.95238095 0.57894737 0.53333333 0.28       0.45       0.
 0.82352941 0.33333333 0.97435897]
2025-09-09 17:03:56,429 - INFO - ----------
2025-09-09 17:03:58,634 - INFO - [71/300] | train_loss: 0.03428
2025-09-09 17:04:00,993 - INFO - [72/300] | train_loss: 0.04053
2025-09-09 17:04:03,322 - INFO - [73/300] | train_loss: 0.03386
2025-09-09 17:04:05,685 - INFO - [74/300] | train_loss: 0.03371
2025-09-09 17:04:08,046 - INFO - [75/300] | train_loss: 0.03374
2025-09-09 17:04:10,384 - INFO - [76/300] | train_loss: 0.03316
2025-09-09 17:04:12,719 - INFO - [77/300] | train_loss: 0.03173
2025-09-09 17:04:15,063 - INFO - [78/300] | train_loss: 0.02650
2025-09-09 17:04:17,400 - INFO - [79/300] | train_loss: 0.03191
2025-09-09 17:04:19,729 - INFO - [80/300] | train_loss: 0.02866
2025-09-09 17:04:20,001 - INFO - ----------
2025-09-09 17:04:20,002 - INFO - evaluation dataset type: valid
2025-09-09 17:04:20,017 - INFO - node    precision | micro: 0.625000; macro: 0.702381; score: [0.71428571 0.5        1.         0.         1.         1.        ]
2025-09-09 17:04:20,017 - INFO - node    recall    | micro: 0.937500; macro: 0.777778; score: [1.         1.         0.66666667 0.         1.         1.        ]
2025-09-09 17:04:20,017 - INFO - node    f1        | micro: 0.750000; macro: 0.716667; score: [0.83333333 0.66666667 0.8        0.         1.         1.        ]
2025-09-09 17:04:20,034 - INFO - service precision | micro: 0.578947; macro: 0.525926; score: [0.5        0.4        0.33333333 0.5        1.         0.
 1.         0.         1.        ]
2025-09-09 17:04:20,034 - INFO - service recall    | micro: 0.458333; macro: 0.488889; score: [1.   1.   0.25 0.2  0.2  0.   1.   0.   0.75]
2025-09-09 17:04:20,034 - INFO - service f1        | micro: 0.511628; macro: 0.444444; score: [0.66666667 0.57142857 0.28571429 0.28571429 0.33333333 0.
 1.         0.         0.85714286]
2025-09-09 17:04:20,061 - INFO - pod     precision | micro: 0.573529; macro: 0.564601; score: [0.83333333 0.42307692 0.5        0.33333333 0.66666667 0.
 0.875      0.5        0.95      ]
2025-09-09 17:04:20,061 - INFO - pod     recall    | micro: 0.672414; macro: 0.712859; score: [1.         1.         0.6        0.38095238 0.43478261 0.
 1.         1.         1.        ]
2025-09-09 17:04:20,061 - INFO - pod     f1        | micro: 0.619048; macro: 0.611708; score: [0.90909091 0.59459459 0.54545455 0.35555556 0.52631579 0.
 0.93333333 0.66666667 0.97435897]
2025-09-09 17:04:20,061 - INFO - ----------
2025-09-09 17:04:22,268 - INFO - [81/300] | train_loss: 0.03153
2025-09-09 17:04:24,600 - INFO - [82/300] | train_loss: 0.02957
2025-09-09 17:04:26,938 - INFO - [83/300] | train_loss: 0.02770
2025-09-09 17:04:29,273 - INFO - [84/300] | train_loss: 0.02549
2025-09-09 17:04:31,603 - INFO - [85/300] | train_loss: 0.02548
2025-09-09 17:04:33,934 - INFO - [86/300] | train_loss: 0.02233
2025-09-09 17:04:36,274 - INFO - [87/300] | train_loss: 0.02151
2025-09-09 17:04:38,614 - INFO - [88/300] | train_loss: 0.02143
2025-09-09 17:04:40,950 - INFO - [89/300] | train_loss: 0.02583
2025-09-09 17:04:43,280 - INFO - [90/300] | train_loss: 0.02257
2025-09-09 17:04:43,556 - INFO - ----------
2025-09-09 17:04:43,556 - INFO - evaluation dataset type: valid
2025-09-09 17:04:43,572 - INFO - node    precision | micro: 0.714286; macro: 0.702381; score: [0.71428571 0.5        1.         0.         1.         1.        ]
2025-09-09 17:04:43,572 - INFO - node    recall    | micro: 0.937500; macro: 0.777778; score: [1.         1.         0.66666667 0.         1.         1.        ]
2025-09-09 17:04:43,572 - INFO - node    f1        | micro: 0.810811; macro: 0.716667; score: [0.83333333 0.66666667 0.8        0.         1.         1.        ]
2025-09-09 17:04:43,588 - INFO - service precision | micro: 0.650000; macro: 0.555556; score: [0.66666667 0.5        0.33333333 0.5        1.         0.
 1.         0.         1.        ]
2025-09-09 17:04:43,588 - INFO - service recall    | micro: 0.541667; macro: 0.538889; score: [1.   1.   0.25 0.4  0.2  0.   1.   0.   1.  ]
2025-09-09 17:04:43,588 - INFO - service f1        | micro: 0.590909; macro: 0.503351; score: [0.8        0.66666667 0.28571429 0.44444444 0.33333333 0.
 1.         0.         1.        ]
2025-09-09 17:04:43,615 - INFO - pod     precision | micro: 0.567376; macro: 0.557566; score: [0.90909091 0.44       0.52173913 0.3030303  0.76923077 0.
 0.875      0.25       0.95      ]
2025-09-09 17:04:43,615 - INFO - pod     recall    | micro: 0.689655; macro: 0.723441; score: [1.         1.         0.6        0.47619048 0.43478261 0.
 1.         1.         1.        ]
2025-09-09 17:04:43,615 - INFO - pod     f1        | micro: 0.622568; macro: 0.595028; score: [0.95238095 0.61111111 0.55813953 0.37037037 0.55555556 0.
 0.93333333 0.4        0.97435897]
2025-09-09 17:04:43,615 - INFO - ----------
2025-09-09 17:04:45,805 - INFO - [91/300] | train_loss: 0.02528
2025-09-09 17:04:48,142 - INFO - [92/300] | train_loss: 0.02183
2025-09-09 17:04:50,475 - INFO - [93/300] | train_loss: 0.02767
2025-09-09 17:04:52,814 - INFO - [94/300] | train_loss: 0.02438
2025-09-09 17:04:55,164 - INFO - [95/300] | train_loss: 0.02505
2025-09-09 17:04:57,483 - INFO - [96/300] | train_loss: 0.02377
2025-09-09 17:04:59,821 - INFO - [97/300] | train_loss: 0.02637
2025-09-09 17:05:02,149 - INFO - [98/300] | train_loss: 0.02874
2025-09-09 17:05:04,482 - INFO - [99/300] | train_loss: 0.02677
2025-09-09 17:05:06,811 - INFO - [100/300] | train_loss: 0.02757
2025-09-09 17:05:07,086 - INFO - ----------
2025-09-09 17:05:07,086 - INFO - evaluation dataset type: valid
2025-09-09 17:05:07,101 - INFO - node    precision | micro: 0.789474; macro: 0.738889; score: [0.83333333 0.6        1.         0.         1.         1.        ]
2025-09-09 17:05:07,101 - INFO - node    recall    | micro: 0.937500; macro: 0.777778; score: [1.         1.         0.66666667 0.         1.         1.        ]
2025-09-09 17:05:07,101 - INFO - node    f1        | micro: 0.857143; macro: 0.743182; score: [0.90909091 0.75       0.8        0.         1.         1.        ]
2025-09-09 17:05:07,118 - INFO - service precision | micro: 0.750000; macro: 0.611111; score: [1.  0.5 0.  1.  1.  0.  1.  0.  1. ]
2025-09-09 17:05:07,118 - INFO - service recall    | micro: 0.375000; macro: 0.433333; score: [1.  1.  0.  0.2 0.2 0.  1.  0.  0.5]
2025-09-09 17:05:07,118 - INFO - service f1        | micro: 0.500000; macro: 0.444444; score: [1.         0.66666667 0.         0.33333333 0.33333333 0.
 1.         0.         0.66666667]
2025-09-09 17:05:07,144 - INFO - pod     precision | micro: 0.663717; macro: 0.690841; score: [0.90909091 0.5        0.52631579 0.42105263 0.91666667 0.
 1.         1.         0.94444444]
2025-09-09 17:05:07,144 - INFO - pod     recall    | micro: 0.646552; macro: 0.694883; score: [1.         1.         0.5        0.38095238 0.47826087 0.
 1.         1.         0.89473684]
2025-09-09 17:05:07,145 - INFO - pod     f1        | micro: 0.655022; macro: 0.675484; score: [0.95238095 0.66666667 0.51282051 0.4        0.62857143 0.
 1.         1.         0.91891892]
2025-09-09 17:05:07,145 - INFO - ----------
2025-09-09 17:05:09,346 - INFO - [101/300] | train_loss: 0.02881
2025-09-09 17:05:11,675 - INFO - [102/300] | train_loss: 0.02570
2025-09-09 17:05:14,017 - INFO - [103/300] | train_loss: 0.03265
2025-09-09 17:05:16,354 - INFO - [104/300] | train_loss: 0.03183
2025-09-09 17:05:18,690 - INFO - [105/300] | train_loss: 0.02856
2025-09-09 17:05:21,025 - INFO - [106/300] | train_loss: 0.02562
2025-09-09 17:05:23,364 - INFO - [107/300] | train_loss: 0.02573
2025-09-09 17:05:25,708 - INFO - [108/300] | train_loss: 0.02741
2025-09-09 17:05:28,046 - INFO - [109/300] | train_loss: 0.03072
2025-09-09 17:05:30,386 - INFO - [110/300] | train_loss: 0.02439
2025-09-09 17:05:30,660 - INFO - ----------
2025-09-09 17:05:30,660 - INFO - evaluation dataset type: valid
2025-09-09 17:05:30,676 - INFO - node    precision | micro: 0.789474; macro: 0.744048; score: [0.71428571 0.75       1.         0.         1.         1.        ]
2025-09-09 17:05:30,676 - INFO - node    recall    | micro: 0.937500; macro: 0.777778; score: [1.         1.         0.66666667 0.         1.         1.        ]
2025-09-09 17:05:30,676 - INFO - node    f1        | micro: 0.857143; macro: 0.748413; score: [0.83333333 0.85714286 0.8        0.         1.         1.        ]
2025-09-09 17:05:30,692 - INFO - service precision | micro: 0.666667; macro: 0.637037; score: [1.         0.4        0.33333333 1.         1.         0.
 1.         0.         1.        ]
2025-09-09 17:05:30,693 - INFO - service recall    | micro: 0.500000; macro: 0.516667; score: [1.   1.   0.25 0.2  0.2  0.   1.   0.   1.  ]
2025-09-09 17:05:30,693 - INFO - service f1        | micro: 0.571429; macro: 0.502646; score: [1.         0.57142857 0.28571429 0.33333333 0.33333333 0.
 1.         0.         1.        ]
2025-09-09 17:05:30,719 - INFO - pod     precision | micro: 0.503067; macro: 0.644206; score: [0.90909091 0.42307692 0.38235294 0.3        0.73333333 0.05
 1.         1.         1.        ]
2025-09-09 17:05:30,719 - INFO - pod     recall    | micro: 0.706897; macro: 0.756315; score: [1.         1.         0.65       0.42857143 0.47826087 0.25
 1.         1.         1.        ]
2025-09-09 17:05:30,720 - INFO - pod     f1        | micro: 0.587814; macro: 0.671520; score: [0.95238095 0.59459459 0.48148148 0.35294118 0.57894737 0.08333333
 1.         1.         1.        ]
2025-09-09 17:05:30,720 - INFO - ----------
2025-09-09 17:05:32,917 - INFO - [111/300] | train_loss: 0.02511
2025-09-09 17:05:35,250 - INFO - [112/300] | train_loss: 0.02167
2025-09-09 17:05:37,588 - INFO - [113/300] | train_loss: 0.02424
2025-09-09 17:05:39,926 - INFO - [114/300] | train_loss: 0.03231
2025-09-09 17:05:42,261 - INFO - [115/300] | train_loss: 0.05699
2025-09-09 17:05:44,598 - INFO - [116/300] | train_loss: 0.19050
2025-09-09 17:05:46,931 - INFO - [117/300] | train_loss: 0.13853
2025-09-09 17:05:49,262 - INFO - [118/300] | train_loss: 0.09700
2025-09-09 17:05:51,590 - INFO - [119/300] | train_loss: 0.07566
2025-09-09 17:05:53,922 - INFO - [120/300] | train_loss: 0.07719
2025-09-09 17:05:54,196 - INFO - ----------
2025-09-09 17:05:54,196 - INFO - evaluation dataset type: valid
2025-09-09 17:05:54,212 - INFO - node    precision | micro: 0.937500; macro: 0.833333; score: [1. 1. 1. 0. 1. 1.]
2025-09-09 17:05:54,212 - INFO - node    recall    | micro: 0.937500; macro: 0.777778; score: [1.         1.         0.66666667 0.         1.         1.        ]
2025-09-09 17:05:54,212 - INFO - node    f1        | micro: 0.937500; macro: 0.800000; score: [1.  1.  0.8 0.  1.  1. ]
2025-09-09 17:05:54,228 - INFO - service precision | micro: 0.636364; macro: 0.537037; score: [1.         0.5        0.33333333 0.5        1.         0.
 0.5        0.         1.        ]
2025-09-09 17:05:54,228 - INFO - service recall    | micro: 0.583333; macro: 0.566667; score: [1.  1.  0.5 0.2 0.4 0.  1.  0.  1. ]
2025-09-09 17:05:54,228 - INFO - service f1        | micro: 0.608696; macro: 0.510053; score: [1.         0.66666667 0.4        0.28571429 0.57142857 0.
 0.66666667 0.         1.        ]
2025-09-09 17:05:54,255 - INFO - pod     precision | micro: 0.427083; macro: 0.510206; score: [0.83333333 0.47826087 0.26086957 0.35714286 0.6875     0.03030303
 0.77777778 0.16666667 1.        ]
2025-09-09 17:05:54,255 - INFO - pod     recall    | micro: 0.706897; macro: 0.756050; score: [1.         1.         0.6        0.47619048 0.47826087 0.25
 1.         1.         1.        ]
2025-09-09 17:05:54,255 - INFO - pod     f1        | micro: 0.532468; macro: 0.567424; score: [0.90909091 0.64705882 0.36363636 0.40816327 0.56410256 0.05405405
 0.875      0.28571429 1.        ]
2025-09-09 17:05:54,255 - INFO - ----------
2025-09-09 17:05:56,449 - INFO - [121/300] | train_loss: 0.04720
2025-09-09 17:05:58,783 - INFO - [122/300] | train_loss: 0.04495
2025-09-09 17:06:01,141 - INFO - [123/300] | train_loss: 0.03339
2025-09-09 17:06:03,470 - INFO - [124/300] | train_loss: 0.03455
2025-09-09 17:06:05,806 - INFO - [125/300] | train_loss: 0.04063
2025-09-09 17:06:08,137 - INFO - [126/300] | train_loss: 0.02941
2025-09-09 17:06:10,464 - INFO - [127/300] | train_loss: 0.02853
2025-09-09 17:06:12,792 - INFO - [128/300] | train_loss: 0.02790
2025-09-09 17:06:15,122 - INFO - [129/300] | train_loss: 0.02525
2025-09-09 17:06:17,461 - INFO - [130/300] | train_loss: 0.02093
2025-09-09 17:06:17,735 - INFO - ----------
2025-09-09 17:06:17,735 - INFO - evaluation dataset type: valid
2025-09-09 17:06:17,750 - INFO - node    precision | micro: 0.750000; macro: 0.719048; score: [0.71428571 0.6        1.         0.         1.         1.        ]
2025-09-09 17:06:17,751 - INFO - node    recall    | micro: 0.937500; macro: 0.777778; score: [1.         1.         0.66666667 0.         1.         1.        ]
2025-09-09 17:06:17,751 - INFO - node    f1        | micro: 0.833333; macro: 0.730556; score: [0.83333333 0.75       0.8        0.         1.         1.        ]
2025-09-09 17:06:17,767 - INFO - service precision | micro: 0.611111; macro: 0.518519; score: [0.66666667 0.5        0.         0.5        1.         0.
 1.         0.         1.        ]
2025-09-09 17:06:17,767 - INFO - service recall    | micro: 0.458333; macro: 0.488889; score: [1.  1.  0.  0.2 0.2 0.  1.  0.  1. ]
2025-09-09 17:06:17,767 - INFO - service f1        | micro: 0.523810; macro: 0.453968; score: [0.8        0.66666667 0.         0.28571429 0.33333333 0.
 1.         0.         1.        ]
2025-09-09 17:06:17,794 - INFO - pod     precision | micro: 0.545455; macro: 0.649521; score: [0.90909091 0.44       0.32142857 0.34482759 0.76923077 0.11111111
 1.         1.         0.95      ]
2025-09-09 17:06:17,794 - INFO - pod     recall    | micro: 0.672414; macro: 0.734553; score: [1.         1.         0.45       0.47619048 0.43478261 0.25
 1.         1.         1.        ]
2025-09-09 17:06:17,794 - INFO - pod     f1        | micro: 0.602317; macro: 0.669139; score: [0.95238095 0.61111111 0.375      0.4        0.55555556 0.15384615
 1.         1.         0.97435897]
2025-09-09 17:06:17,794 - INFO - ----------
2025-09-09 17:06:19,990 - INFO - [131/300] | train_loss: 0.02190
2025-09-09 17:06:22,322 - INFO - [132/300] | train_loss: 0.01857
2025-09-09 17:06:24,655 - INFO - [133/300] | train_loss: 0.01917
2025-09-09 17:06:26,986 - INFO - [134/300] | train_loss: 0.02155
2025-09-09 17:06:29,415 - INFO - [135/300] | train_loss: 0.01923
2025-09-09 17:06:31,747 - INFO - [136/300] | train_loss: 0.01694
2025-09-09 17:06:34,077 - INFO - [137/300] | train_loss: 0.01553
2025-09-09 17:06:36,408 - INFO - [138/300] | train_loss: 0.01897
2025-09-09 17:06:38,739 - INFO - [139/300] | train_loss: 0.01394
2025-09-09 17:06:41,066 - INFO - [140/300] | train_loss: 0.01505
2025-09-09 17:06:41,341 - INFO - ----------
2025-09-09 17:06:41,342 - INFO - evaluation dataset type: valid
2025-09-09 17:06:41,357 - INFO - node    precision | micro: 0.789474; macro: 0.744048; score: [0.71428571 0.75       1.         0.         1.         1.        ]
2025-09-09 17:06:41,357 - INFO - node    recall    | micro: 0.937500; macro: 0.777778; score: [1.         1.         0.66666667 0.         1.         1.        ]
2025-09-09 17:06:41,357 - INFO - node    f1        | micro: 0.857143; macro: 0.748413; score: [0.83333333 0.85714286 0.8        0.         1.         1.        ]
2025-09-09 17:06:41,373 - INFO - service precision | micro: 0.666667; macro: 0.583333; score: [1.   0.5  0.25 0.5  1.   0.   1.   0.   1.  ]
2025-09-09 17:06:41,373 - INFO - service recall    | micro: 0.500000; macro: 0.516667; score: [1.   1.   0.25 0.2  0.2  0.   1.   0.   1.  ]
2025-09-09 17:06:41,373 - INFO - service f1        | micro: 0.571429; macro: 0.503968; score: [1.         0.66666667 0.25       0.28571429 0.33333333 0.
 1.         0.         1.        ]
2025-09-09 17:06:41,400 - INFO - pod     precision | micro: 0.618644; macro: 0.652057; score: [0.90909091 0.47826087 0.35       0.34782609 0.83333333 0.
 1.         1.         0.95      ]
2025-09-09 17:06:41,400 - INFO - pod     recall    | micro: 0.629310; macro: 0.685082; score: [1.         1.         0.35       0.38095238 0.43478261 0.
 1.         1.         1.        ]
2025-09-09 17:06:41,400 - INFO - pod     f1        | micro: 0.623932; macro: 0.650985; score: [0.95238095 0.64705882 0.35       0.36363636 0.57142857 0.
 1.         1.         0.97435897]
2025-09-09 17:06:41,400 - INFO - ----------
2025-09-09 17:06:43,592 - INFO - [141/300] | train_loss: 0.01373
2025-09-09 17:06:45,935 - INFO - [142/300] | train_loss: 0.01804
2025-09-09 17:06:48,263 - INFO - [143/300] | train_loss: 0.01729
2025-09-09 17:06:50,604 - INFO - [144/300] | train_loss: 0.01469
2025-09-09 17:06:52,934 - INFO - [145/300] | train_loss: 0.01922
2025-09-09 17:06:55,277 - INFO - [146/300] | train_loss: 0.01687
2025-09-09 17:06:57,609 - INFO - [147/300] | train_loss: 0.01744
2025-09-09 17:06:59,946 - INFO - [148/300] | train_loss: 0.02146
2025-09-09 17:07:02,282 - INFO - [149/300] | train_loss: 0.02778
2025-09-09 17:07:04,644 - INFO - [150/300] | train_loss: 0.02314
2025-09-09 17:07:04,920 - INFO - ----------
2025-09-09 17:07:04,920 - INFO - evaluation dataset type: valid
2025-09-09 17:07:04,936 - INFO - node    precision | micro: 0.714286; macro: 0.702381; score: [0.71428571 0.5        1.         0.         1.         1.        ]
2025-09-09 17:07:04,936 - INFO - node    recall    | micro: 0.937500; macro: 0.777778; score: [1.         1.         0.66666667 0.         1.         1.        ]
2025-09-09 17:07:04,936 - INFO - node    f1        | micro: 0.810811; macro: 0.716667; score: [0.83333333 0.66666667 0.8        0.         1.         1.        ]
2025-09-09 17:07:04,952 - INFO - service precision | micro: 0.666667; macro: 0.547619; score: [1.         0.5        0.42857143 0.         1.         0.
 1.         0.         1.        ]
2025-09-09 17:07:04,952 - INFO - service recall    | micro: 0.500000; macro: 0.522222; score: [1.   1.   0.75 0.   0.2  0.   1.   0.   0.75]
2025-09-09 17:07:04,952 - INFO - service f1        | micro: 0.571429; macro: 0.489177; score: [1.         0.66666667 0.54545455 0.         0.33333333 0.
 1.         0.         0.85714286]
2025-09-09 17:07:04,979 - INFO - pod     precision | micro: 0.580420; macro: 0.673664; score: [0.90909091 0.40740741 0.35416667 0.69230769 0.75       0.
 1.         1.         0.95      ]
2025-09-09 17:07:04,979 - INFO - pod     recall    | micro: 0.715517; macro: 0.741097; score: [1.         1.         0.85       0.42857143 0.39130435 0.
 1.         1.         1.        ]
2025-09-09 17:07:04,979 - INFO - pod     f1        | micro: 0.640927; macro: 0.672154; score: [0.95238095 0.57894737 0.5        0.52941176 0.51428571 0.
 1.         1.         0.97435897]
2025-09-09 17:07:04,979 - INFO - ----------
2025-09-09 17:07:07,178 - INFO - [151/300] | train_loss: 0.02275
2025-09-09 17:07:09,505 - INFO - [152/300] | train_loss: 0.01840
2025-09-09 17:07:11,837 - INFO - [153/300] | train_loss: 0.01528
2025-09-09 17:07:14,174 - INFO - [154/300] | train_loss: 0.01797
2025-09-09 17:07:16,502 - INFO - [155/300] | train_loss: 0.01337
2025-09-09 17:07:18,847 - INFO - [156/300] | train_loss: 0.01754
2025-09-09 17:07:21,166 - INFO - [157/300] | train_loss: 0.01641
2025-09-09 17:07:23,497 - INFO - [158/300] | train_loss: 0.01466
2025-09-09 17:07:25,829 - INFO - [159/300] | train_loss: 0.01510
2025-09-09 17:07:28,159 - INFO - [160/300] | train_loss: 0.01726
2025-09-09 17:07:28,434 - INFO - ----------
2025-09-09 17:07:28,434 - INFO - evaluation dataset type: valid
2025-09-09 17:07:28,450 - INFO - node    precision | micro: 0.789474; macro: 0.744048; score: [0.71428571 0.75       1.         0.         1.         1.        ]
2025-09-09 17:07:28,450 - INFO - node    recall    | micro: 0.937500; macro: 0.777778; score: [1.         1.         0.66666667 0.         1.         1.        ]
2025-09-09 17:07:28,450 - INFO - node    f1        | micro: 0.857143; macro: 0.748413; score: [0.83333333 0.85714286 0.8        0.         1.         1.        ]
2025-09-09 17:07:28,466 - INFO - service precision | micro: 0.631579; macro: 0.590741; score: [0.66666667 0.4        0.25       1.         1.         0.
 1.         0.         1.        ]
2025-09-09 17:07:28,466 - INFO - service recall    | micro: 0.500000; macro: 0.516667; score: [1.   1.   0.25 0.2  0.2  0.   1.   0.   1.  ]
2025-09-09 17:07:28,467 - INFO - service f1        | micro: 0.558140; macro: 0.476455; score: [0.8        0.57142857 0.25       0.33333333 0.33333333 0.
 1.         0.         1.        ]
2025-09-09 17:07:28,494 - INFO - pod     precision | micro: 0.595745; macro: 0.610744; score: [0.90909091 0.44       0.37837838 0.55       0.76923077 0.25
 1.         0.25       0.95      ]
2025-09-09 17:07:28,494 - INFO - pod     recall    | micro: 0.724138; macro: 0.767621; score: [1.         1.         0.7        0.52380952 0.43478261 0.25
 1.         1.         1.        ]
2025-09-09 17:07:28,494 - INFO - pod     f1        | micro: 0.653696; macro: 0.641247; score: [0.95238095 0.61111111 0.49122807 0.53658537 0.55555556 0.25
 1.         0.4        0.97435897]
2025-09-09 17:07:28,494 - INFO - ----------
2025-09-09 17:07:30,698 - INFO - [161/300] | train_loss: 0.02529
2025-09-09 17:07:33,033 - INFO - [162/300] | train_loss: 0.02291
2025-09-09 17:07:35,376 - INFO - [163/300] | train_loss: 0.01323
2025-09-09 17:07:37,710 - INFO - [164/300] | train_loss: 0.01278
2025-09-09 17:07:40,042 - INFO - [165/300] | train_loss: 0.01293
2025-09-09 17:07:42,374 - INFO - [166/300] | train_loss: 0.01651
2025-09-09 17:07:44,703 - INFO - [167/300] | train_loss: 0.01562
2025-09-09 17:07:47,031 - INFO - [168/300] | train_loss: 0.01980
2025-09-09 17:07:49,380 - INFO - [169/300] | train_loss: 0.01774
2025-09-09 17:07:51,721 - INFO - [170/300] | train_loss: 0.01431
2025-09-09 17:07:51,998 - INFO - ----------
2025-09-09 17:07:51,998 - INFO - evaluation dataset type: valid
2025-09-09 17:07:52,014 - INFO - node    precision | micro: 0.882353; macro: 0.805556; score: [0.83333333 1.         1.         0.         1.         1.        ]
2025-09-09 17:07:52,014 - INFO - node    recall    | micro: 0.937500; macro: 0.777778; score: [1.         1.         0.66666667 0.         1.         1.        ]
2025-09-09 17:07:52,014 - INFO - node    f1        | micro: 0.909091; macro: 0.784848; score: [0.90909091 1.         0.8        0.         1.         1.        ]
2025-09-09 17:07:52,030 - INFO - service precision | micro: 0.687500; macro: 0.638889; score: [1.   0.5  0.25 1.   1.   0.   1.   0.   1.  ]
2025-09-09 17:07:52,030 - INFO - service recall    | micro: 0.458333; macro: 0.488889; score: [1.   1.   0.25 0.2  0.2  0.   1.   0.   0.75]
2025-09-09 17:07:52,030 - INFO - service f1        | micro: 0.550000; macro: 0.493386; score: [1.         0.66666667 0.25       0.33333333 0.33333333 0.
 1.         0.         0.85714286]
2025-09-09 17:07:52,057 - INFO - pod     precision | micro: 0.532468; macro: 0.573412; score: [0.90909091 0.39285714 0.30434783 0.52941176 0.625      0.25
 1.         0.2        0.95      ]
2025-09-09 17:07:52,057 - INFO - pod     recall    | micro: 0.706897; macro: 0.757039; score: [1.         1.         0.7        0.42857143 0.43478261 0.25
 1.         1.         1.        ]
2025-09-09 17:07:52,057 - INFO - pod     f1        | micro: 0.607407; macro: 0.609436; score: [0.95238095 0.56410256 0.42424242 0.47368421 0.51282051 0.25
 1.         0.33333333 0.97435897]
2025-09-09 17:07:52,057 - INFO - ----------
2025-09-09 17:07:54,253 - INFO - [171/300] | train_loss: 0.01666
2025-09-09 17:07:56,584 - INFO - [172/300] | train_loss: 0.01167
2025-09-09 17:07:58,933 - INFO - [173/300] | train_loss: 0.01333
2025-09-09 17:08:01,268 - INFO - [174/300] | train_loss: 0.01328
2025-09-09 17:08:03,608 - INFO - [175/300] | train_loss: 0.01521
2025-09-09 17:08:05,950 - INFO - [176/300] | train_loss: 0.01496
2025-09-09 17:08:08,286 - INFO - [177/300] | train_loss: 0.01334
2025-09-09 17:08:10,633 - INFO - [178/300] | train_loss: 0.01422
2025-09-09 17:08:12,966 - INFO - [179/300] | train_loss: 0.01637
2025-09-09 17:08:15,312 - INFO - [180/300] | train_loss: 0.01257
2025-09-09 17:08:15,587 - INFO - ----------
2025-09-09 17:08:15,587 - INFO - evaluation dataset type: valid
2025-09-09 17:08:15,602 - INFO - node    precision | micro: 0.750000; macro: 0.719048; score: [0.71428571 0.6        1.         0.         1.         1.        ]
2025-09-09 17:08:15,602 - INFO - node    recall    | micro: 0.937500; macro: 0.777778; score: [1.         1.         0.66666667 0.         1.         1.        ]
2025-09-09 17:08:15,602 - INFO - node    f1        | micro: 0.833333; macro: 0.730556; score: [0.83333333 0.75       0.8        0.         1.         1.        ]
2025-09-09 17:08:15,619 - INFO - service precision | micro: 0.714286; macro: 0.592593; score: [0.66666667 0.66666667 0.         1.         1.         0.
 1.         0.         1.        ]
2025-09-09 17:08:15,619 - INFO - service recall    | micro: 0.416667; macro: 0.461111; score: [1.   1.   0.   0.2  0.2  0.   1.   0.   0.75]
2025-09-09 17:08:15,619 - INFO - service f1        | micro: 0.526316; macro: 0.458201; score: [0.8        0.8        0.         0.33333333 0.33333333 0.
 1.         0.         0.85714286]
2025-09-09 17:08:15,645 - INFO - pod     precision | micro: 0.669643; macro: 0.609190; score: [0.90909091 0.55       0.42105263 0.5        0.76923077 0.
 1.         0.33333333 1.        ]
2025-09-09 17:08:15,646 - INFO - pod     recall    | micro: 0.646552; macro: 0.695928; score: [1.         1.         0.4        0.42857143 0.43478261 0.
 1.         1.         1.        ]
2025-09-09 17:08:15,646 - INFO - pod     f1        | micro: 0.657895; macro: 0.621045; score: [0.95238095 0.70967742 0.41025641 0.46153846 0.55555556 0.
 1.         0.5        1.        ]
2025-09-09 17:08:15,646 - INFO - ----------
2025-09-09 17:08:17,846 - INFO - [181/300] | train_loss: 0.01444
2025-09-09 17:08:20,176 - INFO - [182/300] | train_loss: 0.01417
2025-09-09 17:08:22,515 - INFO - [183/300] | train_loss: 0.01681
2025-09-09 17:08:24,846 - INFO - [184/300] | train_loss: 0.01244
2025-09-09 17:08:27,182 - INFO - [185/300] | train_loss: 0.01302
2025-09-09 17:08:29,513 - INFO - [186/300] | train_loss: 0.01208
2025-09-09 17:08:31,846 - INFO - [187/300] | train_loss: 0.01076
2025-09-09 17:08:34,188 - INFO - [188/300] | train_loss: 0.01361
2025-09-09 17:08:36,523 - INFO - [189/300] | train_loss: 0.01100
2025-09-09 17:08:38,852 - INFO - [190/300] | train_loss: 0.01595
2025-09-09 17:08:39,126 - INFO - ----------
2025-09-09 17:08:39,126 - INFO - evaluation dataset type: valid
2025-09-09 17:08:39,141 - INFO - node    precision | micro: 0.750000; macro: 0.719048; score: [0.71428571 0.6        1.         0.         1.         1.        ]
2025-09-09 17:08:39,141 - INFO - node    recall    | micro: 0.937500; macro: 0.777778; score: [1.         1.         0.66666667 0.         1.         1.        ]
2025-09-09 17:08:39,142 - INFO - node    f1        | micro: 0.833333; macro: 0.730556; score: [0.83333333 0.75       0.8        0.         1.         1.        ]
2025-09-09 17:08:39,157 - INFO - service precision | micro: 0.750000; macro: 0.685185; score: [1.         0.66666667 0.5        1.         1.         0.
 1.         0.         1.        ]
2025-09-09 17:08:39,158 - INFO - service recall    | micro: 0.500000; macro: 0.516667; score: [1.   1.   0.75 0.2  0.2  0.   1.   0.   0.5 ]
2025-09-09 17:08:39,158 - INFO - service f1        | micro: 0.600000; macro: 0.525926; score: [1.         0.8        0.6        0.33333333 0.33333333 0.
 1.         0.         0.66666667]
2025-09-09 17:08:39,186 - INFO - pod     precision | micro: 0.551948; macro: 0.581591; score: [0.83333333 0.45833333 0.35555556 0.38709677 0.75       0.
 1.         0.5        0.95      ]
2025-09-09 17:08:39,186 - INFO - pod     recall    | micro: 0.732759; macro: 0.751415; score: [1.         1.         0.8        0.57142857 0.39130435 0.
 1.         1.         1.        ]
2025-09-09 17:08:39,186 - INFO - pod     f1        | micro: 0.629630; macro: 0.627424; score: [0.90909091 0.62857143 0.49230769 0.46153846 0.51428571 0.
 1.         0.66666667 0.97435897]
2025-09-09 17:08:39,186 - INFO - ----------
2025-09-09 17:08:41,382 - INFO - [191/300] | train_loss: 0.01262
2025-09-09 17:08:43,738 - INFO - [192/300] | train_loss: 0.01306
2025-09-09 17:08:46,078 - INFO - [193/300] | train_loss: 0.01107
2025-09-09 17:08:48,470 - INFO - [194/300] | train_loss: 0.01366
2025-09-09 17:08:50,808 - INFO - [195/300] | train_loss: 0.01407
2025-09-09 17:08:53,138 - INFO - [196/300] | train_loss: 0.01170
2025-09-09 17:08:55,479 - INFO - [197/300] | train_loss: 0.01204
2025-09-09 17:08:57,815 - INFO - [198/300] | train_loss: 0.01253
2025-09-09 17:09:00,151 - INFO - [199/300] | train_loss: 0.01209
2025-09-09 17:09:02,479 - INFO - [200/300] | train_loss: 0.01026
2025-09-09 17:09:02,754 - INFO - ----------
2025-09-09 17:09:02,755 - INFO - evaluation dataset type: valid
2025-09-09 17:09:02,770 - INFO - node    precision | micro: 0.750000; macro: 0.719048; score: [0.71428571 0.6        1.         0.         1.         1.        ]
2025-09-09 17:09:02,770 - INFO - node    recall    | micro: 0.937500; macro: 0.777778; score: [1.         1.         0.66666667 0.         1.         1.        ]
2025-09-09 17:09:02,770 - INFO - node    f1        | micro: 0.833333; macro: 0.730556; score: [0.83333333 0.75       0.8        0.         1.         1.        ]
2025-09-09 17:09:02,786 - INFO - service precision | micro: 0.785714; macro: 0.592593; score: [0.66666667 0.66666667 0.         1.         1.         0.
 1.         0.         1.        ]
2025-09-09 17:09:02,786 - INFO - service recall    | micro: 0.458333; macro: 0.488889; score: [1.  1.  0.  0.2 0.2 0.  1.  0.  1. ]
2025-09-09 17:09:02,787 - INFO - service f1        | micro: 0.578947; macro: 0.474074; score: [0.8        0.8        0.         0.33333333 0.33333333 0.
 1.         0.         1.        ]
2025-09-09 17:09:02,813 - INFO - pod     precision | micro: 0.657658; macro: 0.680556; score: [0.66666667 0.55       0.375      0.53333333 1.         0.
 1.         1.         1.        ]
2025-09-09 17:09:02,813 - INFO - pod     recall    | micro: 0.629310; macro: 0.686531; score: [1.         1.         0.45       0.38095238 0.34782609 0.
 1.         1.         1.        ]
2025-09-09 17:09:02,813 - INFO - pod     f1        | micro: 0.643172; macro: 0.653260; score: [0.8        0.70967742 0.40909091 0.44444444 0.51612903 0.
 1.         1.         1.        ]
2025-09-09 17:09:02,813 - INFO - ----------
2025-09-09 17:09:05,067 - INFO - [201/300] | train_loss: 0.01718
2025-09-09 17:09:07,403 - INFO - [202/300] | train_loss: 0.01879
2025-09-09 17:09:09,734 - INFO - [203/300] | train_loss: 0.01035
2025-09-09 17:09:12,060 - INFO - [204/300] | train_loss: 0.00957
2025-09-09 17:09:14,395 - INFO - [205/300] | train_loss: 0.01230
2025-09-09 17:09:16,727 - INFO - [206/300] | train_loss: 0.01088
2025-09-09 17:09:19,056 - INFO - [207/300] | train_loss: 0.00886
2025-09-09 17:09:21,394 - INFO - [208/300] | train_loss: 0.01122
2025-09-09 17:09:23,725 - INFO - [209/300] | train_loss: 0.01184
2025-09-09 17:09:26,065 - INFO - [210/300] | train_loss: 0.01106
2025-09-09 17:09:26,337 - INFO - ----------
2025-09-09 17:09:26,337 - INFO - evaluation dataset type: valid
2025-09-09 17:09:26,352 - INFO - node    precision | micro: 0.750000; macro: 0.719048; score: [0.71428571 0.6        1.         0.         1.         1.        ]
2025-09-09 17:09:26,352 - INFO - node    recall    | micro: 0.937500; macro: 0.777778; score: [1.         1.         0.66666667 0.         1.         1.        ]
2025-09-09 17:09:26,352 - INFO - node    f1        | micro: 0.833333; macro: 0.730556; score: [0.83333333 0.75       0.8        0.         1.         1.        ]
2025-09-09 17:09:26,368 - INFO - service precision | micro: 0.647059; macro: 0.601852; score: [0.66666667 0.5        0.25       1.         1.         0.
 1.         0.         1.        ]
2025-09-09 17:09:26,368 - INFO - service recall    | micro: 0.458333; macro: 0.488889; score: [1.   1.   0.25 0.2  0.2  0.   1.   0.   0.75]
2025-09-09 17:09:26,369 - INFO - service f1        | micro: 0.536585; macro: 0.471164; score: [0.8        0.66666667 0.25       0.33333333 0.33333333 0.
 1.         0.         0.85714286]
2025-09-09 17:09:26,395 - INFO - pod     precision | micro: 0.557971; macro: 0.586810; score: [0.90909091 0.42307692 0.31578947 0.4        0.9        0.
 1.         0.33333333 1.        ]
2025-09-09 17:09:26,395 - INFO - pod     recall    | micro: 0.663793; macro: 0.708029; score: [1.         1.         0.6        0.38095238 0.39130435 0.
 1.         1.         1.        ]
2025-09-09 17:09:26,395 - INFO - pod     f1        | micro: 0.606299; macro: 0.599607; score: [0.95238095 0.59459459 0.4137931  0.3902439  0.54545455 0.
 1.         0.5        1.        ]
2025-09-09 17:09:26,395 - INFO - ----------
2025-09-09 17:09:28,589 - INFO - [211/300] | train_loss: 0.01200
2025-09-09 17:09:30,918 - INFO - [212/300] | train_loss: 0.02098
2025-09-09 17:09:33,249 - INFO - [213/300] | train_loss: 0.01266
2025-09-09 17:09:35,587 - INFO - [214/300] | train_loss: 0.01071
2025-09-09 17:09:37,924 - INFO - [215/300] | train_loss: 0.01118
2025-09-09 17:09:40,258 - INFO - [216/300] | train_loss: 0.01124
2025-09-09 17:09:42,586 - INFO - [217/300] | train_loss: 0.01120
2025-09-09 17:09:44,923 - INFO - [218/300] | train_loss: 0.00943
2025-09-09 17:09:47,254 - INFO - [219/300] | train_loss: 0.00997
2025-09-09 17:09:49,586 - INFO - [220/300] | train_loss: 0.01059
2025-09-09 17:09:49,860 - INFO - ----------
2025-09-09 17:09:49,860 - INFO - evaluation dataset type: valid
2025-09-09 17:09:49,876 - INFO - node    precision | micro: 0.789474; macro: 0.738889; score: [0.83333333 0.6        1.         0.         1.         1.        ]
2025-09-09 17:09:49,876 - INFO - node    recall    | micro: 0.937500; macro: 0.777778; score: [1.         1.         0.66666667 0.         1.         1.        ]
2025-09-09 17:09:49,876 - INFO - node    f1        | micro: 0.857143; macro: 0.743182; score: [0.90909091 0.75       0.8        0.         1.         1.        ]
2025-09-09 17:09:49,892 - INFO - service precision | micro: 0.705882; macro: 0.620370; score: [0.66666667 0.66666667 0.25       1.         1.         0.
 1.         0.         1.        ]
2025-09-09 17:09:49,892 - INFO - service recall    | micro: 0.500000; macro: 0.516667; score: [1.   1.   0.25 0.2  0.2  0.   1.   0.   1.  ]
2025-09-09 17:09:49,892 - INFO - service f1        | micro: 0.585366; macro: 0.501852; score: [0.8        0.8        0.25       0.33333333 0.33333333 0.
 1.         0.         1.        ]
2025-09-09 17:09:49,919 - INFO - pod     precision | micro: 0.609375; macro: 0.666425; score: [0.66666667 0.5        0.35483871 0.52631579 1.         0.
 1.         1.         0.95      ]
2025-09-09 17:09:49,919 - INFO - pod     recall    | micro: 0.672414; macro: 0.713055; score: [1.         1.         0.55       0.47619048 0.39130435 0.
 1.         1.         1.        ]
2025-09-09 17:09:49,919 - INFO - pod     f1        | micro: 0.639344; macro: 0.659433; score: [0.8        0.66666667 0.43137255 0.5        0.5625     0.
 1.         1.         0.97435897]
2025-09-09 17:09:49,919 - INFO - ----------
2025-09-09 17:09:52,121 - INFO - [221/300] | train_loss: 0.01030
2025-09-09 17:09:54,454 - INFO - [222/300] | train_loss: 0.01052
2025-09-09 17:09:56,784 - INFO - [223/300] | train_loss: 0.01112
2025-09-09 17:09:59,120 - INFO - [224/300] | train_loss: 0.01374
2025-09-09 17:10:01,451 - INFO - [225/300] | train_loss: 0.01704
2025-09-09 17:10:03,786 - INFO - [226/300] | train_loss: 0.01726
2025-09-09 17:10:06,125 - INFO - [227/300] | train_loss: 0.01958
2025-09-09 17:10:08,466 - INFO - [228/300] | train_loss: 0.02118
2025-09-09 17:10:10,799 - INFO - [229/300] | train_loss: 0.02306
2025-09-09 17:10:13,130 - INFO - [230/300] | train_loss: 0.03552
2025-09-09 17:10:13,404 - INFO - ----------
2025-09-09 17:10:13,405 - INFO - evaluation dataset type: valid
2025-09-09 17:10:13,420 - INFO - node    precision | micro: 0.789474; macro: 0.744048; score: [0.71428571 0.75       1.         0.         1.         1.        ]
2025-09-09 17:10:13,420 - INFO - node    recall    | micro: 0.937500; macro: 0.777778; score: [1.         1.         0.66666667 0.         1.         1.        ]
2025-09-09 17:10:13,420 - INFO - node    f1        | micro: 0.857143; macro: 0.748413; score: [0.83333333 0.85714286 0.8        0.         1.         1.        ]
2025-09-09 17:10:13,436 - INFO - service precision | micro: 0.611111; macro: 0.500000; score: [0.66666667 0.33333333 0.         0.5        1.         0.
 1.         0.         1.        ]
2025-09-09 17:10:13,437 - INFO - service recall    | micro: 0.458333; macro: 0.488889; score: [1.  1.  0.  0.2 0.2 0.  1.  0.  1. ]
2025-09-09 17:10:13,437 - INFO - service f1        | micro: 0.523810; macro: 0.435450; score: [0.8        0.5        0.         0.28571429 0.33333333 0.
 1.         0.         1.        ]
2025-09-09 17:10:13,464 - INFO - pod     precision | micro: 0.622047; macro: 0.588283; score: [0.76923077 0.57894737 0.41666667 0.39285714 0.73684211 0.25
 1.         0.2        0.95      ]
2025-09-09 17:10:13,464 - INFO - pod     recall    | micro: 0.681034; macro: 0.736945; score: [1.         1.         0.25       0.52380952 0.60869565 0.25
 1.         1.         1.        ]
2025-09-09 17:10:13,464 - INFO - pod     f1        | micro: 0.650206; macro: 0.620971; score: [0.86956522 0.73333333 0.3125     0.44897959 0.66666667 0.25
 1.         0.33333333 0.97435897]
2025-09-09 17:10:13,464 - INFO - ----------
2025-09-09 17:10:15,675 - INFO - [231/300] | train_loss: 0.03693
2025-09-09 17:10:18,006 - INFO - [232/300] | train_loss: 0.02519
2025-09-09 17:10:20,345 - INFO - [233/300] | train_loss: 0.02037
2025-09-09 17:10:22,692 - INFO - [234/300] | train_loss: 0.02122
2025-09-09 17:10:25,028 - INFO - [235/300] | train_loss: 0.01668
2025-09-09 17:10:27,362 - INFO - [236/300] | train_loss: 0.01391
2025-09-09 17:10:29,727 - INFO - [237/300] | train_loss: 0.02513
2025-09-09 17:10:32,053 - INFO - [238/300] | train_loss: 0.01797
2025-09-09 17:10:34,392 - INFO - [239/300] | train_loss: 0.01264
2025-09-09 17:10:36,722 - INFO - [240/300] | train_loss: 0.01481
2025-09-09 17:10:36,995 - INFO - ----------
2025-09-09 17:10:36,995 - INFO - evaluation dataset type: valid
2025-09-09 17:10:37,011 - INFO - node    precision | micro: 0.789474; macro: 0.744048; score: [0.71428571 0.75       1.         0.         1.         1.        ]
2025-09-09 17:10:37,011 - INFO - node    recall    | micro: 0.937500; macro: 0.777778; score: [1.         1.         0.66666667 0.         1.         1.        ]
2025-09-09 17:10:37,011 - INFO - node    f1        | micro: 0.857143; macro: 0.748413; score: [0.83333333 0.85714286 0.8        0.         1.         1.        ]
2025-09-09 17:10:37,027 - INFO - service precision | micro: 0.684211; macro: 0.644444; score: [1.  0.4 0.4 1.  1.  0.  1.  0.  1. ]
2025-09-09 17:10:37,027 - INFO - service recall    | micro: 0.541667; macro: 0.544444; score: [1.  1.  0.5 0.2 0.2 0.  1.  0.  1. ]
2025-09-09 17:10:37,027 - INFO - service f1        | micro: 0.604651; macro: 0.520282; score: [1.         0.57142857 0.44444444 0.33333333 0.33333333 0.
 1.         0.         1.        ]
2025-09-09 17:10:37,054 - INFO - pod     precision | micro: 0.574627; macro: 0.703347; score: [0.90909091 0.45833333 0.31428571 0.47619048 1.         0.22222222
 1.         1.         0.95      ]
2025-09-09 17:10:37,054 - INFO - pod     recall    | micro: 0.663793; macro: 0.754118; score: [1.         1.         0.55       0.47619048 0.26086957 0.5
 1.         1.         1.        ]
2025-09-09 17:10:37,054 - INFO - pod     f1        | micro: 0.616000; macro: 0.683665; score: [0.95238095 0.62857143 0.4        0.47619048 0.4137931  0.30769231
 1.         1.         0.97435897]
2025-09-09 17:10:37,054 - INFO - ----------
2025-09-09 17:10:39,252 - INFO - [241/300] | train_loss: 0.01558
2025-09-09 17:10:41,584 - INFO - [242/300] | train_loss: 0.01284
2025-09-09 17:10:43,911 - INFO - [243/300] | train_loss: 0.01932
2025-09-09 17:10:46,242 - INFO - [244/300] | train_loss: 0.01455
2025-09-09 17:10:48,573 - INFO - [245/300] | train_loss: 0.02002
2025-09-09 17:10:50,901 - INFO - [246/300] | train_loss: 0.01877
2025-09-09 17:10:53,238 - INFO - [247/300] | train_loss: 0.02625
2025-09-09 17:10:55,574 - INFO - [248/300] | train_loss: 0.01412
2025-09-09 17:10:57,917 - INFO - [249/300] | train_loss: 0.01470
2025-09-09 17:11:00,245 - INFO - [250/300] | train_loss: 0.01370
2025-09-09 17:11:00,519 - INFO - ----------
2025-09-09 17:11:00,519 - INFO - evaluation dataset type: valid
2025-09-09 17:11:00,534 - INFO - node    precision | micro: 0.750000; macro: 0.719048; score: [0.71428571 0.6        1.         0.         1.         1.        ]
2025-09-09 17:11:00,534 - INFO - node    recall    | micro: 0.937500; macro: 0.777778; score: [1.         1.         0.66666667 0.         1.         1.        ]
2025-09-09 17:11:00,535 - INFO - node    f1        | micro: 0.833333; macro: 0.730556; score: [0.83333333 0.75       0.8        0.         1.         1.        ]
2025-09-09 17:11:00,550 - INFO - service precision | micro: 0.684211; macro: 0.600000; score: [1.  0.4 0.5 0.5 1.  0.  1.  0.  1. ]
2025-09-09 17:11:00,551 - INFO - service recall    | micro: 0.541667; macro: 0.538889; score: [1.   1.   0.5  0.2  0.4  0.   1.   0.   0.75]
2025-09-09 17:11:00,551 - INFO - service f1        | micro: 0.604651; macro: 0.531746; score: [1.         0.57142857 0.5        0.28571429 0.57142857 0.
 1.         0.         0.85714286]
2025-09-09 17:11:00,577 - INFO - pod     precision | micro: 0.583333; macro: 0.650628; score: [0.90909091 0.47826087 0.34210526 0.47619048 0.65       0.
 1.         1.         1.        ]
2025-09-09 17:11:00,577 - INFO - pod     recall    | micro: 0.724138; macro: 0.743490; score: [1.         1.         0.65       0.47619048 0.56521739 0.
 1.         1.         1.        ]
2025-09-09 17:11:00,578 - INFO - pod     f1        | micro: 0.646154; macro: 0.680951; score: [0.95238095 0.64705882 0.44827586 0.47619048 0.60465116 0.
 1.         1.         1.        ]
2025-09-09 17:11:00,578 - INFO - ----------
2025-09-09 17:11:02,772 - INFO - [251/300] | train_loss: 0.02089
2025-09-09 17:11:05,110 - INFO - [252/300] | train_loss: 0.01140
2025-09-09 17:11:07,462 - INFO - [253/300] | train_loss: 0.01059
2025-09-09 17:11:09,796 - INFO - [254/300] | train_loss: 0.00953
2025-09-09 17:11:12,131 - INFO - [255/300] | train_loss: 0.01016
2025-09-09 17:11:14,472 - INFO - [256/300] | train_loss: 0.00955
2025-09-09 17:11:16,822 - INFO - [257/300] | train_loss: 0.00797
2025-09-09 17:11:19,164 - INFO - [258/300] | train_loss: 0.00902
2025-09-09 17:11:21,513 - INFO - [259/300] | train_loss: 0.00863
2025-09-09 17:11:23,853 - INFO - [260/300] | train_loss: 0.01161
2025-09-09 17:11:24,131 - INFO - ----------
2025-09-09 17:11:24,131 - INFO - evaluation dataset type: valid
2025-09-09 17:11:24,146 - INFO - node    precision | micro: 0.750000; macro: 0.719048; score: [0.71428571 0.6        1.         0.         1.         1.        ]
2025-09-09 17:11:24,146 - INFO - node    recall    | micro: 0.937500; macro: 0.777778; score: [1.         1.         0.66666667 0.         1.         1.        ]
2025-09-09 17:11:24,146 - INFO - node    f1        | micro: 0.833333; macro: 0.730556; score: [0.83333333 0.75       0.8        0.         1.         1.        ]
2025-09-09 17:11:24,162 - INFO - service precision | micro: 0.722222; macro: 0.637037; score: [0.66666667 0.66666667 0.4        1.         1.         0.
 1.         0.         1.        ]
2025-09-09 17:11:24,163 - INFO - service recall    | micro: 0.541667; macro: 0.544444; score: [1.  1.  0.5 0.2 0.2 0.  1.  0.  1. ]
2025-09-09 17:11:24,163 - INFO - service f1        | micro: 0.619048; macro: 0.523457; score: [0.8        0.8        0.44444444 0.33333333 0.33333333 0.
 1.         0.         1.        ]
2025-09-09 17:11:24,189 - INFO - pod     precision | micro: 0.618321; macro: 0.707095; score: [0.90909091 0.52380952 0.31428571 0.5        0.91666667 0.25
 1.         1.         0.95      ]
2025-09-09 17:11:24,189 - INFO - pod     recall    | micro: 0.698276; macro: 0.750495; score: [1.         1.         0.55       0.47619048 0.47826087 0.25
 1.         1.         1.        ]
2025-09-09 17:11:24,189 - INFO - pod     f1        | micro: 0.655870; macro: 0.708957; score: [0.95238095 0.6875     0.4        0.48780488 0.62857143 0.25
 1.         1.         0.97435897]
2025-09-09 17:11:24,189 - INFO - ----------
2025-09-09 17:11:26,384 - INFO - [261/300] | train_loss: 0.00870
2025-09-09 17:11:28,709 - INFO - [262/300] | train_loss: 0.01273
2025-09-09 17:11:31,045 - INFO - [263/300] | train_loss: 0.00895
2025-09-09 17:11:33,373 - INFO - [264/300] | train_loss: 0.00991
2025-09-09 17:11:35,707 - INFO - [265/300] | train_loss: 0.00820
2025-09-09 17:11:38,032 - INFO - [266/300] | train_loss: 0.00929
2025-09-09 17:11:40,371 - INFO - [267/300] | train_loss: 0.01090
2025-09-09 17:11:42,710 - INFO - [268/300] | train_loss: 0.01257
2025-09-09 17:11:45,037 - INFO - [269/300] | train_loss: 0.01181
2025-09-09 17:11:47,365 - INFO - [270/300] | train_loss: 0.01170
2025-09-09 17:11:47,638 - INFO - ----------
2025-09-09 17:11:47,638 - INFO - evaluation dataset type: valid
2025-09-09 17:11:47,653 - INFO - node    precision | micro: 0.833333; macro: 0.763889; score: [0.83333333 0.75       1.         0.         1.         1.        ]
2025-09-09 17:11:47,654 - INFO - node    recall    | micro: 0.937500; macro: 0.777778; score: [1.         1.         0.66666667 0.         1.         1.        ]
2025-09-09 17:11:47,654 - INFO - node    f1        | micro: 0.882353; macro: 0.761039; score: [0.90909091 0.85714286 0.8        0.         1.         1.        ]
2025-09-09 17:11:47,670 - INFO - service precision | micro: 0.684211; macro: 0.583333; score: [0.66666667 0.66666667 0.25       0.66666667 1.         0.
 1.         0.         1.        ]
2025-09-09 17:11:47,670 - INFO - service recall    | micro: 0.541667; macro: 0.538889; score: [1.   1.   0.25 0.4  0.2  0.   1.   0.   1.  ]
2025-09-09 17:11:47,670 - INFO - service f1        | micro: 0.604651; macro: 0.520370; score: [0.8        0.8        0.25       0.5        0.33333333 0.
 1.         0.         1.        ]
2025-09-09 17:11:47,697 - INFO - pod     precision | micro: 0.594595; macro: 0.799615; score: [0.90909091 0.57894737 0.35135135 0.35714286 1.         1.
 1.         1.         1.        ]
2025-09-09 17:11:47,698 - INFO - pod     recall    | micro: 0.758621; macro: 0.788061; score: [1.         1.         0.65       0.71428571 0.47826087 0.25
 1.         1.         1.        ]
2025-09-09 17:11:47,698 - INFO - pod     f1        | micro: 0.666667; macro: 0.740567; score: [0.95238095 0.73333333 0.45614035 0.47619048 0.64705882 0.4
 1.         1.         1.        ]
2025-09-09 17:11:47,698 - INFO - ----------
2025-09-09 17:11:49,899 - INFO - [271/300] | train_loss: 0.00945
2025-09-09 17:11:52,234 - INFO - [272/300] | train_loss: 0.00930
2025-09-09 17:11:54,565 - INFO - [273/300] | train_loss: 0.02338
2025-09-09 17:11:56,899 - INFO - [274/300] | train_loss: 0.02455
2025-09-09 17:11:59,239 - INFO - [275/300] | train_loss: 0.01750
2025-09-09 17:12:01,570 - INFO - [276/300] | train_loss: 0.02300
2025-09-09 17:12:03,906 - INFO - [277/300] | train_loss: 0.05993
2025-09-09 17:12:06,242 - INFO - [278/300] | train_loss: 0.04779
2025-09-09 17:12:08,578 - INFO - [279/300] | train_loss: 0.03727
2025-09-09 17:12:10,916 - INFO - [280/300] | train_loss: 0.03004
2025-09-09 17:12:11,183 - INFO - ----------
2025-09-09 17:12:11,183 - INFO - evaluation dataset type: valid
2025-09-09 17:12:11,199 - INFO - node    precision | micro: 0.714286; macro: 0.710317; score: [0.83333333 0.42857143 1.         0.         1.         1.        ]
2025-09-09 17:12:11,199 - INFO - node    recall    | micro: 0.937500; macro: 0.777778; score: [1.         1.         0.66666667 0.         1.         1.        ]
2025-09-09 17:12:11,199 - INFO - node    f1        | micro: 0.810811; macro: 0.718182; score: [0.90909091 0.6        0.8        0.         1.         1.        ]
2025-09-09 17:12:11,215 - INFO - service precision | micro: 0.483871; macro: 0.400265; score: [0.5        0.4        0.28571429 0.5        0.75       0.
 0.5        0.         0.66666667]
2025-09-09 17:12:11,215 - INFO - service recall    | micro: 0.625000; macro: 0.588889; score: [1.  1.  0.5 0.2 0.6 0.  1.  0.  1. ]
2025-09-09 17:12:11,215 - INFO - service f1        | micro: 0.545455; macro: 0.446753; score: [0.66666667 0.57142857 0.36363636 0.28571429 0.66666667 0.
 0.66666667 0.         0.8       ]
2025-09-09 17:12:11,242 - INFO - pod     precision | micro: 0.432692; macro: 0.577664; score: [0.71428571 0.47826087 0.28571429 0.45833333 0.46666667 0.03571429
 1.         1.         0.76      ]
2025-09-09 17:12:11,242 - INFO - pod     recall    | micro: 0.775862; macro: 0.798056; score: [1.         1.         0.8        0.52380952 0.60869565 0.25
 1.         1.         1.        ]
2025-09-09 17:12:11,242 - INFO - pod     f1        | micro: 0.555556; macro: 0.649419; score: [0.83333333 0.64705882 0.42105263 0.48888889 0.52830189 0.0625
 1.         1.         0.86363636]
2025-09-09 17:12:11,242 - INFO - ----------
2025-09-09 17:12:13,448 - INFO - [281/300] | train_loss: 0.02626
2025-09-09 17:12:15,787 - INFO - [282/300] | train_loss: 0.01868
2025-09-09 17:12:18,119 - INFO - [283/300] | train_loss: 0.01455
2025-09-09 17:12:20,452 - INFO - [284/300] | train_loss: 0.01440
2025-09-09 17:12:22,785 - INFO - [285/300] | train_loss: 0.01158
2025-09-09 17:12:25,119 - INFO - [286/300] | train_loss: 0.01309
2025-09-09 17:12:27,448 - INFO - [287/300] | train_loss: 0.01070
2025-09-09 17:12:29,782 - INFO - [288/300] | train_loss: 0.00949
2025-09-09 17:12:32,113 - INFO - [289/300] | train_loss: 0.01048
2025-09-09 17:12:34,462 - INFO - [290/300] | train_loss: 0.00938
2025-09-09 17:12:34,733 - INFO - ----------
2025-09-09 17:12:34,733 - INFO - evaluation dataset type: valid
2025-09-09 17:12:34,749 - INFO - node    precision | micro: 0.833333; macro: 0.785714; score: [0.71428571 1.         1.         0.         1.         1.        ]
2025-09-09 17:12:34,749 - INFO - node    recall    | micro: 0.937500; macro: 0.777778; score: [1.         1.         0.66666667 0.         1.         1.        ]
2025-09-09 17:12:34,749 - INFO - node    f1        | micro: 0.882353; macro: 0.772222; score: [0.83333333 1.         0.8        0.         1.         1.        ]
2025-09-09 17:12:34,765 - INFO - service precision | micro: 0.687500; macro: 0.637037; score: [1.         0.4        0.33333333 1.         1.         0.
 1.         0.         1.        ]
2025-09-09 17:12:34,765 - INFO - service recall    | micro: 0.458333; macro: 0.488889; score: [1.   1.   0.25 0.2  0.2  0.   1.   0.   0.75]
2025-09-09 17:12:34,765 - INFO - service f1        | micro: 0.550000; macro: 0.486772; score: [1.         0.57142857 0.28571429 0.33333333 0.33333333 0.
 1.         0.         0.85714286]
2025-09-09 17:12:34,791 - INFO - pod     precision | micro: 0.648438; macro: 0.703777; score: [0.83333333 0.6875     0.37837838 0.43478261 1.         0.
 1.         1.         1.        ]
2025-09-09 17:12:34,792 - INFO - pod     recall    | micro: 0.715517; macro: 0.739383; score: [1.         1.         0.7        0.47619048 0.47826087 0.
 1.         1.         1.        ]
2025-09-09 17:12:34,792 - INFO - pod     f1        | micro: 0.680328; macro: 0.701860; score: [0.90909091 0.81481481 0.49122807 0.45454545 0.64705882 0.
 1.         1.         1.        ]
2025-09-09 17:12:34,792 - INFO - ----------
2025-09-09 17:12:37,007 - INFO - [291/300] | train_loss: 0.00831
2025-09-09 17:12:39,343 - INFO - [292/300] | train_loss: 0.00936
2025-09-09 17:12:41,678 - INFO - [293/300] | train_loss: 0.00914
2025-09-09 17:12:44,024 - INFO - [294/300] | train_loss: 0.00796
2025-09-09 17:12:46,412 - INFO - [295/300] | train_loss: 0.00840
2025-09-09 17:12:48,751 - INFO - [296/300] | train_loss: 0.00900
2025-09-09 17:12:51,084 - INFO - [297/300] | train_loss: 0.00971
2025-09-09 17:12:53,427 - INFO - [298/300] | train_loss: 0.01522
2025-09-09 17:12:55,769 - INFO - [299/300] | train_loss: 0.00767
2025-09-09 17:12:56,862 - INFO - ----------
2025-09-09 17:12:56,862 - INFO - evaluation dataset type: test
2025-09-09 17:12:56,883 - INFO - node    precision | micro: 0.681319; macro: 0.735071; score: [0.73684211 0.77777778 1.         0.47826087 0.73333333 0.68421053]
2025-09-09 17:12:56,883 - INFO - node    recall    | micro: 0.925373; macro: 0.918651; score: [1.         1.         0.66666667 0.91666667 1.         0.92857143]
2025-09-09 17:12:56,883 - INFO - node    f1        | micro: 0.784810; macro: 0.797681; score: [0.84848485 0.875      0.8        0.62857143 0.84615385 0.78787879]
2025-09-09 17:12:56,910 - INFO - service precision | micro: 0.785714; macro: 0.805580; score: [1.         0.9        0.54545455 0.57142857 1.         0.8
 0.83333333 1.         0.6       ]
2025-09-09 17:12:56,910 - INFO - service recall    | micro: 0.750000; macro: 0.775926; score: [1.         1.         0.6        0.66666667 0.58333333 0.53333333
 1.         1.         0.6       ]
2025-09-09 17:12:56,910 - INFO - service f1        | micro: 0.767442; macro: 0.780013; score: [1.         0.94736842 0.57142857 0.61538462 0.73684211 0.64
 0.90909091 1.         0.6       ]
2025-09-09 17:12:56,985 - INFO - pod     precision | micro: 0.704887; macro: 0.758862; score: [0.97916667 0.78947368 0.50724638 0.45192308 0.75       0.64285714
 0.98076923 0.96969697 0.75862069]
2025-09-09 17:12:56,986 - INFO - pod     recall    | micro: 0.856164; macro: 0.867727; score: [1.         0.97826087 0.71428571 0.75806452 0.75       0.79411765
 1.         1.         0.81481481]
2025-09-09 17:12:56,986 - INFO - pod     f1        | micro: 0.773196; macro: 0.804877; score: [0.98947368 0.87378641 0.59322034 0.56626506 0.75       0.71052632
 0.99029126 0.98461538 0.78571429]
2025-09-09 17:12:56,986 - INFO - ----------
----GATNet----
GAT_name1:  GATv2Conv
GAT_name2:  GATConv
activ_fun1:  relu6
activ_fun2:  relu6

