nohup: ignoring input
phase two
--window_size 17
# IncluRCA Training: trace, metric, log, api
2025-10-23 22:05:36,181 - INFO - [0/300] | train_loss: 3.15282
2025-10-23 22:05:36,812 - INFO - ----------
2025-10-23 22:05:36,813 - INFO - evaluation dataset type: valid
2025-10-23 22:05:36,834 - INFO - node    precision | micro: 0.004785; macro: 0.000587; score: [0.         0.         0.         0.         0.         0.
 0.         0.00763359 0.         0.         0.         0.
 0.        ]
2025-10-23 22:05:36,835 - INFO - node    recall    | micro: 0.400000; macro: 0.076923; score: [0. 0. 0. 0. 0. 0. 0. 1. 0. 0. 0. 0. 0.]
2025-10-23 22:05:36,835 - INFO - node    f1        | micro: 0.009456; macro: 0.001166; score: [0.         0.         0.         0.         0.         0.
 0.         0.01515152 0.         0.         0.         0.
 0.        ]
2025-10-23 22:05:36,853 - INFO - service precision | micro: 0.006900; macro: 0.003711; score: [0.00404858 0.00932401 0.         0.0078534  0.00952381 0.00943396
 0.00806452 0.         0.         0.         0.         0.
 0.        ]
2025-10-23 22:05:36,853 - INFO - service recall    | micro: 0.761905; macro: 0.461538; score: [1. 1. 0. 1. 1. 1. 1. 0. 0. 0. 0. 0. 0.]
2025-10-23 22:05:36,853 - INFO - service f1        | micro: 0.013675; macro: 0.007360; score: [0.00806452 0.01847575 0.         0.01558442 0.01886792 0.01869159
 0.016      0.         0.         0.         0.         0.
 0.        ]
2025-10-23 22:05:36,868 - INFO - tidb    precision | micro: 0.047009; macro: 0.007232; score: [0.         0.         0.02564103 0.         0.         0.
 0.         0.         0.         0.         0.06837607 0.
 0.        ]
2025-10-23 22:05:36,868 - INFO - tidb    recall    | micro: 1.000000; macro: 0.153846; score: [0. 0. 1. 0. 0. 0. 0. 0. 0. 0. 1. 0. 0.]
2025-10-23 22:05:36,868 - INFO - tidb    f1        | micro: 0.089796; macro: 0.013692; score: [0.    0.    0.05  0.    0.    0.    0.    0.    0.    0.    0.128 0.
 0.   ]
2025-10-23 22:05:36,895 - INFO - pod     precision | micro: 0.008493; macro: 0.005024; score: [0.00488998 0.01578947 0.         0.00588813 0.01167315 0.01442308
 0.00825309 0.         0.         0.         0.         0.00440044
 0.        ]
2025-10-23 22:05:36,895 - INFO - pod     recall    | micro: 0.676923; macro: 0.434982; score: [1.         0.75       0.         0.66666667 0.66666667 1.
 1.         0.         0.         0.         0.         0.57142857
 0.        ]
2025-10-23 22:05:36,895 - INFO - pod     f1        | micro: 0.016775; macro: 0.009909; score: [0.00973236 0.03092784 0.         0.01167315 0.02294455 0.02843602
 0.01637108 0.         0.         0.         0.         0.00873362
 0.        ]
2025-10-23 22:05:36,895 - INFO - ----------
2025-10-23 22:05:46,782 - INFO - [1/300] | train_loss: 2.39395
2025-10-23 22:05:56,997 - INFO - [2/300] | train_loss: 2.03450
2025-10-23 22:06:06,711 - INFO - [3/300] | train_loss: 1.72868
2025-10-23 22:06:16,277 - INFO - [4/300] | train_loss: 1.44087
2025-10-23 22:06:25,676 - INFO - [5/300] | train_loss: 1.30153
2025-10-23 22:06:36,163 - INFO - [6/300] | train_loss: 1.15032
2025-10-23 22:06:45,560 - INFO - [7/300] | train_loss: 1.00941
2025-10-23 22:06:55,166 - INFO - [8/300] | train_loss: 0.95602
2025-10-23 22:07:04,576 - INFO - [9/300] | train_loss: 0.86096
2025-10-23 22:07:14,876 - INFO - [10/300] | train_loss: 0.77415
2025-10-23 22:07:15,912 - INFO - ----------
2025-10-23 22:07:15,912 - INFO - evaluation dataset type: valid
2025-10-23 22:07:15,930 - INFO - node    precision | micro: 0.006993; macro: 0.002079; score: [0.         0.         0.         0.         0.         0.
 0.         0.         0.         0.02702703 0.         0.
 0.        ]
2025-10-23 22:07:15,930 - INFO - node    recall    | micro: 0.200000; macro: 0.038462; score: [0.  0.  0.  0.  0.  0.  0.  0.  0.  0.5 0.  0.  0. ]
2025-10-23 22:07:15,930 - INFO - node    f1        | micro: 0.013514; macro: 0.003945; score: [0.         0.         0.         0.         0.         0.
 0.         0.         0.         0.05128205 0.         0.
 0.        ]
2025-10-23 22:07:15,947 - INFO - service precision | micro: 0.045775; macro: 0.022731; score: [0.04166667 0.05660377 0.         0.02816901 0.08333333 0.04225352
 0.04347826 0.         0.         0.         0.         0.
 0.        ]
2025-10-23 22:07:15,947 - INFO - service recall    | micro: 0.619048; macro: 0.378205; score: [1.         0.75       0.         0.66666667 1.         1.
 0.5        0.         0.         0.         0.         0.
 0.        ]
2025-10-23 22:07:15,947 - INFO - service f1        | micro: 0.085246; macro: 0.042634; score: [0.08       0.10526316 0.         0.05405405 0.15384615 0.08108108
 0.08       0.         0.         0.         0.         0.
 0.        ]
2025-10-23 22:07:15,961 - INFO - tidb    precision | micro: 0.078740; macro: 0.013595; score: [0.         0.         0.03947368 0.         0.         0.
 0.         0.         0.         0.         0.1372549  0.
 0.        ]
2025-10-23 22:07:15,961 - INFO - tidb    recall    | micro: 0.909091; macro: 0.144231; score: [0.    0.    1.    0.    0.    0.    0.    0.    0.    0.    0.875 0.
 0.   ]
2025-10-23 22:07:15,962 - INFO - tidb    f1        | micro: 0.144928; macro: 0.024095; score: [0.         0.         0.07594937 0.         0.         0.
 0.         0.         0.         0.         0.23728814 0.
 0.        ]
2025-10-23 22:07:15,985 - INFO - pod     precision | micro: 0.048101; macro: 0.028346; score: [0.025      0.0703125  0.         0.03076923 0.0625     0.04379562
 0.07228916 0.         0.         0.         0.         0.06382979
 0.        ]
2025-10-23 22:07:15,985 - INFO - pod     recall    | micro: 0.584615; macro: 0.359890; score: [0.5        0.75       0.         0.66666667 0.66666667 0.66666667
 1.         0.         0.         0.         0.         0.42857143
 0.        ]
2025-10-23 22:07:15,985 - INFO - pod     f1        | micro: 0.088889; macro: 0.052110; score: [0.04761905 0.12857143 0.         0.05882353 0.11428571 0.08219178
 0.13483146 0.         0.         0.         0.         0.11111111
 0.        ]
2025-10-23 22:07:15,985 - INFO - ----------
2025-10-23 22:07:25,722 - INFO - [11/300] | train_loss: 0.74643
2025-10-23 22:07:35,129 - INFO - [12/300] | train_loss: 0.68725
2025-10-23 22:07:44,776 - INFO - [13/300] | train_loss: 0.68566
2025-10-23 22:07:55,072 - INFO - [14/300] | train_loss: 0.60667
2025-10-23 22:08:05,190 - INFO - [15/300] | train_loss: 0.56864
2025-10-23 22:08:14,967 - INFO - [16/300] | train_loss: 0.53649
2025-10-23 22:08:24,879 - INFO - [17/300] | train_loss: 0.48843
2025-10-23 22:08:34,493 - INFO - [18/300] | train_loss: 0.46716
2025-10-23 22:08:44,541 - INFO - [19/300] | train_loss: 0.41584
2025-10-23 22:08:54,667 - INFO - [20/300] | train_loss: 0.37691
2025-10-23 22:08:55,403 - INFO - ----------
2025-10-23 22:08:55,403 - INFO - evaluation dataset type: valid
2025-10-23 22:08:55,422 - INFO - node    precision | micro: 0.014286; macro: 0.002849; score: [0.         0.         0.         0.         0.         0.
 0.         0.         0.         0.03703704 0.         0.
 0.        ]
2025-10-23 22:08:55,422 - INFO - node    recall    | micro: 0.200000; macro: 0.038462; score: [0.  0.  0.  0.  0.  0.  0.  0.  0.  0.5 0.  0.  0. ]
2025-10-23 22:08:55,422 - INFO - node    f1        | micro: 0.026667; macro: 0.005305; score: [0.         0.         0.         0.         0.         0.
 0.         0.         0.         0.06896552 0.         0.
 0.        ]
2025-10-23 22:08:55,439 - INFO - service precision | micro: 0.111111; macro: 0.041304; score: [0.         0.         0.         0.08695652 0.2        0.16666667
 0.08333333 0.         0.         0.         0.         0.
 0.        ]
2025-10-23 22:08:55,440 - INFO - service recall    | micro: 0.380952; macro: 0.217949; score: [0.         0.         0.         0.66666667 1.         0.66666667
 0.5        0.         0.         0.         0.         0.
 0.        ]
2025-10-23 22:08:55,440 - INFO - service f1        | micro: 0.172043; macro: 0.068977; score: [0.         0.         0.         0.15384615 0.33333333 0.26666667
 0.14285714 0.         0.         0.         0.         0.
 0.        ]
2025-10-23 22:08:55,454 - INFO - tidb    precision | micro: 0.200000; macro: 0.033167; score: [0.         0.         0.11538462 0.         0.         0.
 0.         0.         0.         0.         0.31578947 0.
 0.        ]
2025-10-23 22:08:55,454 - INFO - tidb    recall    | micro: 0.818182; macro: 0.134615; score: [0.   0.   1.   0.   0.   0.   0.   0.   0.   0.   0.75 0.   0.  ]
2025-10-23 22:08:55,454 - INFO - tidb    f1        | micro: 0.321429; macro: 0.050103; score: [0.         0.         0.20689655 0.         0.         0.
 0.         0.         0.         0.         0.44444444 0.
 0.        ]
2025-10-23 22:08:55,477 - INFO - pod     precision | micro: 0.093645; macro: 0.067231; score: [0.025      0.07142857 0.         0.06122449 0.16666667 0.15384615
 0.0625     0.         0.         0.         0.         0.33333333
 0.        ]
2025-10-23 22:08:55,477 - INFO - pod     recall    | micro: 0.430769; macro: 0.268010; score: [0.25       0.08333333 0.         0.66666667 0.88888889 0.66666667
 0.5        0.         0.         0.         0.         0.42857143
 0.        ]
2025-10-23 22:08:55,477 - INFO - pod     f1        | micro: 0.153846; macro: 0.096257; score: [0.04545455 0.07692308 0.         0.11214953 0.28070175 0.25
 0.11111111 0.         0.         0.         0.         0.375
 0.        ]
2025-10-23 22:08:55,477 - INFO - ----------
2025-10-23 22:09:04,978 - INFO - [21/300] | train_loss: 0.34864
2025-10-23 22:09:14,681 - INFO - [22/300] | train_loss: 0.32567
2025-10-23 22:09:25,265 - INFO - [23/300] | train_loss: 0.30583
2025-10-23 22:09:35,466 - INFO - [24/300] | train_loss: 0.29441
2025-10-23 22:09:45,121 - INFO - [25/300] | train_loss: 0.26310
2025-10-23 22:09:54,558 - INFO - [26/300] | train_loss: 0.24513
2025-10-23 22:10:05,279 - INFO - [27/300] | train_loss: 0.25914
2025-10-23 22:10:15,253 - INFO - [28/300] | train_loss: 0.26319
2025-10-23 22:10:24,769 - INFO - [29/300] | train_loss: 0.25259
2025-10-23 22:10:35,350 - INFO - [30/300] | train_loss: 0.23040
2025-10-23 22:10:36,208 - INFO - ----------
2025-10-23 22:10:36,208 - INFO - evaluation dataset type: valid
2025-10-23 22:10:36,226 - INFO - node    precision | micro: 0.017857; macro: 0.003497; score: [0.         0.         0.         0.         0.         0.
 0.         0.         0.         0.04545455 0.         0.
 0.        ]
2025-10-23 22:10:36,226 - INFO - node    recall    | micro: 0.200000; macro: 0.038462; score: [0.  0.  0.  0.  0.  0.  0.  0.  0.  0.5 0.  0.  0. ]
2025-10-23 22:10:36,226 - INFO - node    f1        | micro: 0.032787; macro: 0.006410; score: [0.         0.         0.         0.         0.         0.
 0.         0.         0.         0.08333333 0.         0.
 0.        ]
2025-10-23 22:10:36,243 - INFO - service precision | micro: 0.086207; macro: 0.030628; score: [0.         0.         0.         0.0625     0.15384615 0.09090909
 0.09090909 0.         0.         0.         0.         0.
 0.        ]
2025-10-23 22:10:36,243 - INFO - service recall    | micro: 0.238095; macro: 0.141026; score: [0.         0.         0.         0.33333333 0.66666667 0.33333333
 0.5        0.         0.         0.         0.         0.
 0.        ]
2025-10-23 22:10:36,243 - INFO - service f1        | micro: 0.126582; macro: 0.050151; score: [0.         0.         0.         0.10526316 0.25       0.14285714
 0.15384615 0.         0.         0.         0.         0.
 0.        ]
2025-10-23 22:10:36,258 - INFO - tidb    precision | micro: 0.170732; macro: 0.030525; score: [0.         0.         0.11111111 0.         0.         0.
 0.         0.         0.         0.         0.28571429 0.
 0.        ]
2025-10-23 22:10:36,258 - INFO - tidb    recall    | micro: 0.636364; macro: 0.115385; score: [0.  0.  1.  0.  0.  0.  0.  0.  0.  0.  0.5 0.  0. ]
2025-10-23 22:10:36,258 - INFO - tidb    f1        | micro: 0.269231; macro: 0.043357; score: [0.         0.         0.2        0.         0.         0.
 0.         0.         0.         0.         0.36363636 0.
 0.        ]
2025-10-23 22:10:36,281 - INFO - pod     precision | micro: 0.112676; macro: 0.075464; score: [0.04       0.16666667 0.         0.08955224 0.15       0.15789474
 0.07692308 0.         0.         0.         0.         0.3
 0.        ]
2025-10-23 22:10:36,281 - INFO - pod     recall    | micro: 0.369231; macro: 0.231685; score: [0.25       0.16666667 0.         0.66666667 0.66666667 0.33333333
 0.5        0.         0.         0.         0.         0.42857143
 0.        ]
2025-10-23 22:10:36,281 - INFO - pod     f1        | micro: 0.172662; macro: 0.102999; score: [0.06896552 0.16666667 0.         0.15789474 0.24489796 0.21428571
 0.13333333 0.         0.         0.         0.         0.35294118
 0.        ]
2025-10-23 22:10:36,281 - INFO - ----------
2025-10-23 22:10:46,070 - INFO - [31/300] | train_loss: 0.22040
2025-10-23 22:10:56,553 - INFO - [32/300] | train_loss: 0.23662
2025-10-23 22:11:06,072 - INFO - [33/300] | train_loss: 0.24253
2025-10-23 22:11:16,593 - INFO - [34/300] | train_loss: 0.19787
2025-10-23 22:11:26,173 - INFO - [35/300] | train_loss: 0.19961
2025-10-23 22:11:36,192 - INFO - [36/300] | train_loss: 0.18265
2025-10-23 22:11:45,975 - INFO - [37/300] | train_loss: 0.17934
2025-10-23 22:11:55,787 - INFO - [38/300] | train_loss: 0.17734
2025-10-23 22:12:05,941 - INFO - [39/300] | train_loss: 0.17067
2025-10-23 22:12:16,531 - INFO - [40/300] | train_loss: 0.16302
2025-10-23 22:12:17,398 - INFO - ----------
2025-10-23 22:12:17,399 - INFO - evaluation dataset type: valid
2025-10-23 22:12:17,417 - INFO - node    precision | micro: 0.026316; macro: 0.004525; score: [0.         0.         0.         0.         0.         0.
 0.         0.         0.         0.05882353 0.         0.
 0.        ]
2025-10-23 22:12:17,417 - INFO - node    recall    | micro: 0.200000; macro: 0.038462; score: [0.  0.  0.  0.  0.  0.  0.  0.  0.  0.5 0.  0.  0. ]
2025-10-23 22:12:17,417 - INFO - node    f1        | micro: 0.046512; macro: 0.008097; score: [0.         0.         0.         0.         0.         0.
 0.         0.         0.         0.10526316 0.         0.
 0.        ]
2025-10-23 22:12:17,434 - INFO - service precision | micro: 0.104167; macro: 0.038720; score: [0.         0.         0.         0.11764706 0.1        0.28571429
 0.         0.         0.         0.         0.         0.
 0.        ]
2025-10-23 22:12:17,434 - INFO - service recall    | micro: 0.238095; macro: 0.128205; score: [0.         0.         0.         0.66666667 0.33333333 0.66666667
 0.         0.         0.         0.         0.         0.
 0.        ]
2025-10-23 22:12:17,434 - INFO - service f1        | micro: 0.144928; macro: 0.057988; score: [0.         0.         0.         0.2        0.15384615 0.4
 0.         0.         0.         0.         0.         0.
 0.        ]
2025-10-23 22:12:17,448 - INFO - tidb    precision | micro: 0.200000; macro: 0.032051; score: [0.         0.         0.15       0.         0.         0.
 0.         0.         0.         0.         0.26666667 0.
 0.        ]
2025-10-23 22:12:17,448 - INFO - tidb    recall    | micro: 0.636364; macro: 0.115385; score: [0.  0.  1.  0.  0.  0.  0.  0.  0.  0.  0.5 0.  0. ]
2025-10-23 22:12:17,448 - INFO - tidb    f1        | micro: 0.304348; macro: 0.046823; score: [0.         0.         0.26086957 0.         0.         0.
 0.         0.         0.         0.         0.34782609 0.
 0.        ]
2025-10-23 22:12:17,472 - INFO - pod     precision | micro: 0.123348; macro: 0.096547; score: [0.03125    0.375      0.         0.07594937 0.2195122  0.17647059
 0.07692308 0.         0.         0.         0.         0.3
 0.        ]
2025-10-23 22:12:17,472 - INFO - pod     recall    | micro: 0.430769; macro: 0.263736; score: [0.25       0.25       0.         0.66666667 1.         0.33333333
 0.5        0.         0.         0.         0.         0.42857143
 0.        ]
2025-10-23 22:12:17,472 - INFO - pod     f1        | micro: 0.191781; macro: 0.120689; score: [0.05555556 0.3        0.         0.13636364 0.36       0.23076923
 0.13333333 0.         0.         0.         0.         0.35294118
 0.        ]
2025-10-23 22:12:17,472 - INFO - ----------
2025-10-23 22:12:28,066 - INFO - [41/300] | train_loss: 0.20304
2025-10-23 22:12:38,499 - INFO - [42/300] | train_loss: 0.19176
2025-10-23 22:12:48,749 - INFO - [43/300] | train_loss: 0.17496
2025-10-23 22:12:57,853 - INFO - [44/300] | train_loss: 0.18250
2025-10-23 22:13:07,693 - INFO - [45/300] | train_loss: 0.19656
2025-10-23 22:13:17,582 - INFO - [46/300] | train_loss: 0.18629
2025-10-23 22:13:27,644 - INFO - [47/300] | train_loss: 0.17745
2025-10-23 22:13:37,668 - INFO - [48/300] | train_loss: 0.17695
2025-10-23 22:13:48,268 - INFO - [49/300] | train_loss: 0.16564
2025-10-23 22:13:57,652 - INFO - [50/300] | train_loss: 0.17874
2025-10-23 22:13:58,382 - INFO - ----------
2025-10-23 22:13:58,382 - INFO - evaluation dataset type: valid
2025-10-23 22:13:58,399 - INFO - node    precision | micro: 0.030303; macro: 0.005917; score: [0.         0.         0.         0.         0.         0.
 0.         0.         0.         0.07692308 0.         0.
 0.        ]
2025-10-23 22:13:58,399 - INFO - node    recall    | micro: 0.200000; macro: 0.038462; score: [0.  0.  0.  0.  0.  0.  0.  0.  0.  0.5 0.  0.  0. ]
2025-10-23 22:13:58,400 - INFO - node    f1        | micro: 0.052632; macro: 0.010256; score: [0.         0.         0.         0.         0.         0.
 0.         0.         0.         0.13333333 0.         0.
 0.        ]
2025-10-23 22:13:58,416 - INFO - service precision | micro: 0.113208; macro: 0.047161; score: [0.         0.         0.         0.0952381  0.25       0.14285714
 0.125      0.         0.         0.         0.         0.
 0.        ]
2025-10-23 22:13:58,416 - INFO - service recall    | micro: 0.285714; macro: 0.166667; score: [0.         0.         0.         0.66666667 0.66666667 0.33333333
 0.5        0.         0.         0.         0.         0.
 0.        ]
2025-10-23 22:13:58,416 - INFO - service f1        | micro: 0.162162; macro: 0.071562; score: [0.         0.         0.         0.16666667 0.36363636 0.2
 0.2        0.         0.         0.         0.         0.
 0.        ]
2025-10-23 22:13:58,431 - INFO - tidb    precision | micro: 0.212121; macro: 0.036630; score: [0.         0.         0.14285714 0.         0.         0.
 0.         0.         0.         0.         0.33333333 0.
 0.        ]
2025-10-23 22:13:58,431 - INFO - tidb    recall    | micro: 0.636364; macro: 0.115385; score: [0.  0.  1.  0.  0.  0.  0.  0.  0.  0.  0.5 0.  0. ]
2025-10-23 22:13:58,432 - INFO - tidb    f1        | micro: 0.318182; macro: 0.050000; score: [0.   0.   0.25 0.   0.   0.   0.   0.   0.   0.   0.4  0.   0.  ]
2025-10-23 22:13:58,454 - INFO - pod     precision | micro: 0.131068; macro: 0.104571; score: [0.04       0.4        0.         0.07407407 0.28125    0.23076923
 0.08333333 0.         0.         0.         0.         0.25
 0.        ]
2025-10-23 22:13:58,455 - INFO - pod     recall    | micro: 0.415385; macro: 0.257326; score: [0.25       0.16666667 0.         0.66666667 1.         0.33333333
 0.5        0.         0.         0.         0.         0.42857143
 0.        ]
2025-10-23 22:13:58,455 - INFO - pod     f1        | micro: 0.199262; macro: 0.123692; score: [0.06896552 0.23529412 0.         0.13333333 0.43902439 0.27272727
 0.14285714 0.         0.         0.         0.         0.31578947
 0.        ]
2025-10-23 22:13:58,455 - INFO - ----------
2025-10-23 22:14:08,107 - INFO - [51/300] | train_loss: 0.16632
2025-10-23 22:14:18,047 - INFO - [52/300] | train_loss: 0.18000
2025-10-23 22:14:28,661 - INFO - [53/300] | train_loss: 0.15440
2025-10-23 22:14:38,674 - INFO - [54/300] | train_loss: 0.14117
2025-10-23 22:14:49,368 - INFO - [55/300] | train_loss: 0.14940
2025-10-23 22:14:59,378 - INFO - [56/300] | train_loss: 0.15695
2025-10-23 22:15:08,884 - INFO - [57/300] | train_loss: 0.13561
2025-10-23 22:15:18,678 - INFO - [58/300] | train_loss: 0.12739
2025-10-23 22:15:29,582 - INFO - [59/300] | train_loss: 0.12002
2025-10-23 22:15:39,878 - INFO - [60/300] | train_loss: 0.12246
2025-10-23 22:15:40,571 - INFO - ----------
2025-10-23 22:15:40,571 - INFO - evaluation dataset type: valid
2025-10-23 22:15:40,589 - INFO - node    precision | micro: 0.026316; macro: 0.007692; score: [0.  0.  0.  0.  0.  0.  0.  0.  0.  0.1 0.  0.  0. ]
2025-10-23 22:15:40,589 - INFO - node    recall    | micro: 0.200000; macro: 0.038462; score: [0.  0.  0.  0.  0.  0.  0.  0.  0.  0.5 0.  0.  0. ]
2025-10-23 22:15:40,589 - INFO - node    f1        | micro: 0.046512; macro: 0.012821; score: [0.         0.         0.         0.         0.         0.
 0.         0.         0.         0.16666667 0.         0.
 0.        ]
2025-10-23 22:15:40,607 - INFO - service precision | micro: 0.162162; macro: 0.053083; score: [0.         0.         0.         0.125      0.22222222 0.2
 0.14285714 0.         0.         0.         0.         0.
 0.        ]
2025-10-23 22:15:40,607 - INFO - service recall    | micro: 0.285714; macro: 0.166667; score: [0.         0.         0.         0.33333333 0.66666667 0.66666667
 0.5        0.         0.         0.         0.         0.
 0.        ]
2025-10-23 22:15:40,607 - INFO - service f1        | micro: 0.206897; macro: 0.080390; score: [0.         0.         0.         0.18181818 0.33333333 0.30769231
 0.22222222 0.         0.         0.         0.         0.
 0.        ]
2025-10-23 22:15:40,621 - INFO - tidb    precision | micro: 0.275862; macro: 0.041790; score: [0.         0.         0.23076923 0.         0.         0.
 0.         0.         0.         0.         0.3125     0.
 0.        ]
2025-10-23 22:15:40,622 - INFO - tidb    recall    | micro: 0.727273; macro: 0.125000; score: [0.    0.    1.    0.    0.    0.    0.    0.    0.    0.    0.625 0.
 0.   ]
2025-10-23 22:15:40,622 - INFO - tidb    f1        | micro: 0.400000; macro: 0.060897; score: [0.         0.         0.375      0.         0.         0.
 0.         0.         0.         0.         0.41666667 0.
 0.        ]
2025-10-23 22:15:40,644 - INFO - pod     precision | micro: 0.145078; macro: 0.108124; score: [0.05555556 0.33333333 0.         0.08333333 0.20454545 0.15384615
 0.075      0.         0.         0.         0.         0.5
 0.        ]
2025-10-23 22:15:40,645 - INFO - pod     recall    | micro: 0.430769; macro: 0.263736; score: [0.25       0.25       0.         0.33333333 1.         0.66666667
 0.5        0.         0.         0.         0.         0.42857143
 0.        ]
2025-10-23 22:15:40,645 - INFO - pod     f1        | micro: 0.217054; macro: 0.130119; score: [0.09090909 0.28571429 0.         0.13333333 0.33962264 0.25
 0.13043478 0.         0.         0.         0.         0.46153846
 0.        ]
2025-10-23 22:15:40,645 - INFO - ----------
2025-10-23 22:15:50,767 - INFO - [61/300] | train_loss: 0.12619
2025-10-23 22:16:00,947 - INFO - [62/300] | train_loss: 0.12984
2025-10-23 22:16:10,796 - INFO - [63/300] | train_loss: 0.12745
2025-10-23 22:16:21,475 - INFO - [64/300] | train_loss: 0.12833
2025-10-23 22:16:31,172 - INFO - [65/300] | train_loss: 0.12948
2025-10-23 22:16:41,365 - INFO - [66/300] | train_loss: 0.13863
2025-10-23 22:16:51,647 - INFO - [67/300] | train_loss: 0.13285
2025-10-23 22:17:02,061 - INFO - [68/300] | train_loss: 0.12810
2025-10-23 22:17:13,050 - INFO - [69/300] | train_loss: 0.12630
2025-10-23 22:17:23,976 - INFO - [70/300] | train_loss: 0.11933
2025-10-23 22:17:24,999 - INFO - ----------
2025-10-23 22:17:24,999 - INFO - evaluation dataset type: valid
2025-10-23 22:17:25,018 - INFO - node    precision | micro: 0.066667; macro: 0.012821; score: [0.         0.         0.         0.         0.         0.
 0.         0.         0.         0.16666667 0.         0.
 0.        ]
2025-10-23 22:17:25,018 - INFO - node    recall    | micro: 0.200000; macro: 0.038462; score: [0.  0.  0.  0.  0.  0.  0.  0.  0.  0.5 0.  0.  0. ]
2025-10-23 22:17:25,019 - INFO - node    f1        | micro: 0.100000; macro: 0.019231; score: [0.   0.   0.   0.   0.   0.   0.   0.   0.   0.25 0.   0.   0.  ]
2025-10-23 22:17:25,035 - INFO - service precision | micro: 0.142857; macro: 0.068522; score: [0.         0.18181818 0.         0.08       0.375      0.14285714
 0.11111111 0.         0.         0.         0.         0.
 0.        ]
2025-10-23 22:17:25,035 - INFO - service recall    | micro: 0.428571; macro: 0.230769; score: [0.         0.5        0.         0.66666667 1.         0.33333333
 0.5        0.         0.         0.         0.         0.
 0.        ]
2025-10-23 22:17:25,035 - INFO - service f1        | micro: 0.214286; macro: 0.102831; score: [0.         0.26666667 0.         0.14285714 0.54545455 0.2
 0.18181818 0.         0.         0.         0.         0.
 0.        ]
2025-10-23 22:17:25,049 - INFO - tidb    precision | micro: 0.280000; macro: 0.042957; score: [0.         0.         0.27272727 0.         0.         0.
 0.         0.         0.         0.         0.28571429 0.
 0.        ]
2025-10-23 22:17:25,050 - INFO - tidb    recall    | micro: 0.636364; macro: 0.115385; score: [0.  0.  1.  0.  0.  0.  0.  0.  0.  0.  0.5 0.  0. ]
2025-10-23 22:17:25,050 - INFO - tidb    f1        | micro: 0.388889; macro: 0.060939; score: [0.         0.         0.42857143 0.         0.         0.
 0.         0.         0.         0.         0.36363636 0.
 0.        ]
2025-10-23 22:17:25,072 - INFO - pod     precision | micro: 0.134884; macro: 0.099923; score: [0.04545455 0.33333333 0.         0.06976744 0.24137931 0.1875
 0.08823529 0.         0.         0.         0.         0.33333333
 0.        ]
2025-10-23 22:17:25,073 - INFO - pod     recall    | micro: 0.446154; macro: 0.265873; score: [0.25       0.5        0.         0.66666667 0.77777778 0.33333333
 0.5        0.         0.         0.         0.         0.42857143
 0.        ]
2025-10-23 22:17:25,073 - INFO - pod     f1        | micro: 0.207143; macro: 0.133589; score: [0.07692308 0.4        0.         0.12631579 0.36842105 0.24
 0.15       0.         0.         0.         0.         0.375
 0.        ]
2025-10-23 22:17:25,073 - INFO - ----------
2025-10-23 22:17:35,594 - INFO - [71/300] | train_loss: 0.10670
2025-10-23 22:17:46,462 - INFO - [72/300] | train_loss: 0.12433
2025-10-23 22:17:56,112 - INFO - [73/300] | train_loss: 0.13365
2025-10-23 22:18:06,573 - INFO - [74/300] | train_loss: 0.13305
2025-10-23 22:18:16,575 - INFO - [75/300] | train_loss: 0.11612
2025-10-23 22:18:26,087 - INFO - [76/300] | train_loss: 0.10360
2025-10-23 22:18:36,410 - INFO - [77/300] | train_loss: 0.12644
2025-10-23 22:18:46,876 - INFO - [78/300] | train_loss: 0.11974
2025-10-23 22:18:56,762 - INFO - [79/300] | train_loss: 0.11189
2025-10-23 22:19:05,255 - INFO - [80/300] | train_loss: 0.09853
2025-10-23 22:19:05,901 - INFO - ----------
2025-10-23 22:19:05,901 - INFO - evaluation dataset type: valid
2025-10-23 22:19:05,917 - INFO - node    precision | micro: 0.142857; macro: 0.019231; score: [0.   0.   0.   0.   0.   0.   0.   0.   0.   0.25 0.   0.   0.  ]
2025-10-23 22:19:05,918 - INFO - node    recall    | micro: 0.200000; macro: 0.038462; score: [0.  0.  0.  0.  0.  0.  0.  0.  0.  0.5 0.  0.  0. ]
2025-10-23 22:19:05,918 - INFO - node    f1        | micro: 0.166667; macro: 0.025641; score: [0.         0.         0.         0.         0.         0.
 0.         0.         0.         0.33333333 0.         0.
 0.        ]
2025-10-23 22:19:05,934 - INFO - service precision | micro: 0.117647; macro: 0.039194; score: [0.         0.         0.         0.         0.2        0.16666667
 0.14285714 0.         0.         0.         0.         0.
 0.        ]
2025-10-23 22:19:05,934 - INFO - service recall    | micro: 0.190476; macro: 0.115385; score: [0.         0.         0.         0.         0.66666667 0.33333333
 0.5        0.         0.         0.         0.         0.
 0.        ]
2025-10-23 22:19:05,934 - INFO - service f1        | micro: 0.145455; macro: 0.057857; score: [0.         0.         0.         0.         0.30769231 0.22222222
 0.22222222 0.         0.         0.         0.         0.
 0.        ]
2025-10-23 22:19:05,948 - INFO - tidb    precision | micro: 0.291667; macro: 0.045055; score: [0.         0.         0.3        0.         0.         0.
 0.         0.         0.         0.         0.28571429 0.
 0.        ]
2025-10-23 22:19:05,948 - INFO - tidb    recall    | micro: 0.636364; macro: 0.115385; score: [0.  0.  1.  0.  0.  0.  0.  0.  0.  0.  0.5 0.  0. ]
2025-10-23 22:19:05,948 - INFO - tidb    f1        | micro: 0.400000; macro: 0.063475; score: [0.         0.         0.46153846 0.         0.         0.
 0.         0.         0.         0.         0.36363636 0.
 0.        ]
2025-10-23 22:19:05,970 - INFO - pod     precision | micro: 0.153374; macro: 0.111649; score: [0.05263158 0.33333333 0.         0.15       0.15789474 0.16666667
 0.09090909 0.         0.         0.         0.         0.5
 0.        ]
2025-10-23 22:19:05,970 - INFO - pod     recall    | micro: 0.384615; macro: 0.238095; score: [0.25       0.25       0.         0.66666667 0.33333333 0.66666667
 0.5        0.         0.         0.         0.         0.42857143
 0.        ]
2025-10-23 22:19:05,971 - INFO - pod     f1        | micro: 0.219298; macro: 0.131839; score: [0.08695652 0.28571429 0.         0.24489796 0.21428571 0.26666667
 0.15384615 0.         0.         0.         0.         0.46153846
 0.        ]
2025-10-23 22:19:05,971 - INFO - ----------
2025-10-23 22:19:14,865 - INFO - [81/300] | train_loss: 0.10023
2025-10-23 22:19:23,458 - INFO - [82/300] | train_loss: 0.10545
2025-10-23 22:19:32,042 - INFO - [83/300] | train_loss: 0.09975
2025-10-23 22:19:41,972 - INFO - [84/300] | train_loss: 0.09340
2025-10-23 22:19:52,774 - INFO - [85/300] | train_loss: 0.10144
2025-10-23 22:20:02,578 - INFO - [86/300] | train_loss: 0.08840
2025-10-23 22:20:12,952 - INFO - [87/300] | train_loss: 0.08108
2025-10-23 22:20:22,971 - INFO - [88/300] | train_loss: 0.08496
2025-10-23 22:20:33,073 - INFO - [89/300] | train_loss: 0.07662
2025-10-23 22:20:42,694 - INFO - [90/300] | train_loss: 0.07327
2025-10-23 22:20:43,502 - INFO - ----------
2025-10-23 22:20:43,503 - INFO - evaluation dataset type: valid
2025-10-23 22:20:43,522 - INFO - node    precision | micro: 0.047619; macro: 0.007692; score: [0.  0.  0.  0.  0.  0.  0.  0.  0.  0.1 0.  0.  0. ]
2025-10-23 22:20:43,522 - INFO - node    recall    | micro: 0.200000; macro: 0.038462; score: [0.  0.  0.  0.  0.  0.  0.  0.  0.  0.5 0.  0.  0. ]
2025-10-23 22:20:43,522 - INFO - node    f1        | micro: 0.076923; macro: 0.012821; score: [0.         0.         0.         0.         0.         0.
 0.         0.         0.         0.16666667 0.         0.
 0.        ]
2025-10-23 22:20:43,539 - INFO - service precision | micro: 0.238095; macro: 0.098718; score: [0.         0.         0.         0.2        0.66666667 0.25
 0.16666667 0.         0.         0.         0.         0.
 0.        ]
2025-10-23 22:20:43,539 - INFO - service recall    | micro: 0.238095; macro: 0.141026; score: [0.         0.         0.         0.33333333 0.66666667 0.33333333
 0.5        0.         0.         0.         0.         0.
 0.        ]
2025-10-23 22:20:43,539 - INFO - service f1        | micro: 0.238095; macro: 0.111722; score: [0.         0.         0.         0.25       0.66666667 0.28571429
 0.25       0.         0.         0.         0.         0.
 0.        ]
2025-10-23 22:20:43,553 - INFO - tidb    precision | micro: 0.280000; macro: 0.042957; score: [0.         0.         0.27272727 0.         0.         0.
 0.         0.         0.         0.         0.28571429 0.
 0.        ]
2025-10-23 22:20:43,553 - INFO - tidb    recall    | micro: 0.636364; macro: 0.115385; score: [0.  0.  1.  0.  0.  0.  0.  0.  0.  0.  0.5 0.  0. ]
2025-10-23 22:20:43,553 - INFO - tidb    f1        | micro: 0.388889; macro: 0.060939; score: [0.         0.         0.42857143 0.         0.         0.
 0.         0.         0.         0.         0.36363636 0.
 0.        ]
2025-10-23 22:20:43,576 - INFO - pod     precision | micro: 0.175439; macro: 0.155045; score: [0.02857143 0.5        0.         0.13636364 0.5        0.21428571
 0.13636364 0.         0.         0.         0.         0.5
 0.        ]
2025-10-23 22:20:43,576 - INFO - pod     recall    | micro: 0.307692; macro: 0.195360; score: [0.25       0.25       0.         0.33333333 0.44444444 0.33333333
 0.5        0.         0.         0.         0.         0.42857143
 0.        ]
2025-10-23 22:20:43,576 - INFO - pod     f1        | micro: 0.223464; macro: 0.152727; score: [0.05128205 0.33333333 0.         0.19354839 0.47058824 0.26086957
 0.21428571 0.         0.         0.         0.         0.46153846
 0.        ]
2025-10-23 22:20:43,577 - INFO - ----------
2025-10-23 22:20:53,755 - INFO - [91/300] | train_loss: 0.08466
2025-10-23 22:21:04,253 - INFO - [92/300] | train_loss: 0.07966
2025-10-23 22:21:14,192 - INFO - [93/300] | train_loss: 0.09735
2025-10-23 22:21:25,448 - INFO - [94/300] | train_loss: 0.09301
2025-10-23 22:21:35,825 - INFO - [95/300] | train_loss: 0.08218
2025-10-23 22:21:46,176 - INFO - [96/300] | train_loss: 0.10454
2025-10-23 22:21:56,081 - INFO - [97/300] | train_loss: 0.09723
2025-10-23 22:22:06,074 - INFO - [98/300] | train_loss: 0.08682
2025-10-23 22:22:16,148 - INFO - [99/300] | train_loss: 0.09082
2025-10-23 22:22:27,185 - INFO - [100/300] | train_loss: 0.08387
2025-10-23 22:22:27,917 - INFO - ----------
2025-10-23 22:22:27,918 - INFO - evaluation dataset type: valid
2025-10-23 22:22:27,935 - INFO - node    precision | micro: 0.111111; macro: 0.025641; score: [0.         0.         0.         0.         0.         0.
 0.         0.         0.         0.33333333 0.         0.
 0.        ]
2025-10-23 22:22:27,935 - INFO - node    recall    | micro: 0.200000; macro: 0.038462; score: [0.  0.  0.  0.  0.  0.  0.  0.  0.  0.5 0.  0.  0. ]
2025-10-23 22:22:27,935 - INFO - node    f1        | micro: 0.142857; macro: 0.030769; score: [0.  0.  0.  0.  0.  0.  0.  0.  0.  0.4 0.  0.  0. ]
2025-10-23 22:22:27,951 - INFO - service precision | micro: 0.142857; macro: 0.064103; score: [0.         0.         0.         0.         0.33333333 0.33333333
 0.16666667 0.         0.         0.         0.         0.
 0.        ]
2025-10-23 22:22:27,951 - INFO - service recall    | micro: 0.142857; macro: 0.089744; score: [0.         0.         0.         0.         0.33333333 0.33333333
 0.5        0.         0.         0.         0.         0.
 0.        ]
2025-10-23 22:22:27,951 - INFO - service f1        | micro: 0.142857; macro: 0.070513; score: [0.         0.         0.         0.         0.33333333 0.33333333
 0.25       0.         0.         0.         0.         0.
 0.        ]
2025-10-23 22:22:27,965 - INFO - tidb    precision | micro: 0.235294; macro: 0.036859; score: [0.         0.         0.16666667 0.         0.         0.
 0.         0.         0.         0.         0.3125     0.
 0.        ]
2025-10-23 22:22:27,965 - INFO - tidb    recall    | micro: 0.727273; macro: 0.125000; score: [0.    0.    1.    0.    0.    0.    0.    0.    0.    0.    0.625 0.
 0.   ]
2025-10-23 22:22:27,965 - INFO - tidb    f1        | micro: 0.355556; macro: 0.054029; score: [0.         0.         0.28571429 0.         0.         0.
 0.         0.         0.         0.         0.41666667 0.
 0.        ]
2025-10-23 22:22:27,988 - INFO - pod     precision | micro: 0.168317; macro: 0.135989; score: [0.08333333 0.375      0.         0.         0.33333333 0.33333333
 0.14285714 0.         0.         0.         0.         0.5
 0.        ]
2025-10-23 22:22:27,988 - INFO - pod     recall    | micro: 0.261538; macro: 0.169719; score: [0.25       0.25       0.         0.         0.44444444 0.33333333
 0.5        0.         0.         0.         0.         0.42857143
 0.        ]
2025-10-23 22:22:27,988 - INFO - pod     f1        | micro: 0.204819; macro: 0.140234; score: [0.125      0.3        0.         0.         0.38095238 0.33333333
 0.22222222 0.         0.         0.         0.         0.46153846
 0.        ]
2025-10-23 22:22:27,988 - INFO - ----------
2025-10-23 22:22:37,556 - INFO - [101/300] | train_loss: 0.08051
2025-10-23 22:22:47,876 - INFO - [102/300] | train_loss: 0.07411
2025-10-23 22:22:58,279 - INFO - [103/300] | train_loss: 0.07318
2025-10-23 22:23:08,138 - INFO - [104/300] | train_loss: 0.07179
2025-10-23 22:23:18,392 - INFO - [105/300] | train_loss: 0.07343
2025-10-23 22:23:28,407 - INFO - [106/300] | train_loss: 0.07235
2025-10-23 22:23:38,753 - INFO - [107/300] | train_loss: 0.07310
2025-10-23 22:23:48,381 - INFO - [108/300] | train_loss: 0.07029
2025-10-23 22:23:58,570 - INFO - [109/300] | train_loss: 0.06745
2025-10-23 22:24:08,185 - INFO - [110/300] | train_loss: 0.06706
2025-10-23 22:24:09,115 - INFO - ----------
2025-10-23 22:24:09,115 - INFO - evaluation dataset type: valid
2025-10-23 22:24:09,133 - INFO - node    precision | micro: 0.076923; macro: 0.019231; score: [0.   0.   0.   0.   0.   0.   0.   0.   0.   0.25 0.   0.   0.  ]
2025-10-23 22:24:09,133 - INFO - node    recall    | micro: 0.200000; macro: 0.038462; score: [0.  0.  0.  0.  0.  0.  0.  0.  0.  0.5 0.  0.  0. ]
2025-10-23 22:24:09,133 - INFO - node    f1        | micro: 0.111111; macro: 0.025641; score: [0.         0.         0.         0.         0.         0.
 0.         0.         0.         0.33333333 0.         0.
 0.        ]
2025-10-23 22:24:09,149 - INFO - service precision | micro: 0.137931; macro: 0.052778; score: [0.         0.         0.         0.11111111 0.2        0.25
 0.125      0.         0.         0.         0.         0.
 0.        ]
2025-10-23 22:24:09,150 - INFO - service recall    | micro: 0.190476; macro: 0.115385; score: [0.         0.         0.         0.33333333 0.33333333 0.33333333
 0.5        0.         0.         0.         0.         0.
 0.        ]
2025-10-23 22:24:09,150 - INFO - service f1        | micro: 0.160000; macro: 0.069414; score: [0.         0.         0.         0.16666667 0.25       0.28571429
 0.2        0.         0.         0.         0.         0.
 0.        ]
2025-10-23 22:24:09,163 - INFO - tidb    precision | micro: 0.275862; macro: 0.039676; score: [0.         0.         0.2        0.         0.         0.
 0.         0.         0.         0.         0.31578947 0.
 0.        ]
2025-10-23 22:24:09,163 - INFO - tidb    recall    | micro: 0.727273; macro: 0.108974; score: [0.         0.         0.66666667 0.         0.         0.
 0.         0.         0.         0.         0.75       0.
 0.        ]
2025-10-23 22:24:09,164 - INFO - tidb    f1        | micro: 0.400000; macro: 0.057857; score: [0.         0.         0.30769231 0.         0.         0.
 0.         0.         0.         0.         0.44444444 0.
 0.        ]
2025-10-23 22:24:09,186 - INFO - pod     precision | micro: 0.173913; macro: 0.141828; score: [0.05263158 0.5        0.         0.08571429 0.30769231 0.27272727
 0.125      0.         0.         0.         0.         0.5
 0.        ]
2025-10-23 22:24:09,186 - INFO - pod     recall    | micro: 0.307692; macro: 0.195360; score: [0.25       0.25       0.         0.33333333 0.44444444 0.33333333
 0.5        0.         0.         0.         0.         0.42857143
 0.        ]
2025-10-23 22:24:09,186 - INFO - pod     f1        | micro: 0.222222; macro: 0.144756; score: [0.08695652 0.33333333 0.         0.13636364 0.36363636 0.3
 0.2        0.         0.         0.         0.         0.46153846
 0.        ]
2025-10-23 22:24:09,186 - INFO - ----------
2025-10-23 22:24:19,577 - INFO - [111/300] | train_loss: 0.08468
2025-10-23 22:24:29,666 - INFO - [112/300] | train_loss: 0.07954
2025-10-23 22:24:39,795 - INFO - [113/300] | train_loss: 0.08449
2025-10-23 22:24:49,378 - INFO - [114/300] | train_loss: 0.09367
2025-10-23 22:25:00,441 - INFO - [115/300] | train_loss: 0.10943
2025-10-23 22:25:10,574 - INFO - [116/300] | train_loss: 0.09372
2025-10-23 22:25:21,736 - INFO - [117/300] | train_loss: 0.09479
2025-10-23 22:25:31,851 - INFO - [118/300] | train_loss: 0.08101
2025-10-23 22:25:40,925 - INFO - [119/300] | train_loss: 0.07704
2025-10-23 22:25:51,572 - INFO - [120/300] | train_loss: 0.07056
2025-10-23 22:25:52,307 - INFO - ----------
2025-10-23 22:25:52,307 - INFO - evaluation dataset type: valid
2025-10-23 22:25:52,325 - INFO - node    precision | micro: 0.142857; macro: 0.038462; score: [0.  0.  0.  0.  0.  0.  0.  0.  0.  0.5 0.  0.  0. ]
2025-10-23 22:25:52,325 - INFO - node    recall    | micro: 0.200000; macro: 0.038462; score: [0.  0.  0.  0.  0.  0.  0.  0.  0.  0.5 0.  0.  0. ]
2025-10-23 22:25:52,325 - INFO - node    f1        | micro: 0.166667; macro: 0.038462; score: [0.  0.  0.  0.  0.  0.  0.  0.  0.  0.5 0.  0.  0. ]
2025-10-23 22:25:52,342 - INFO - service precision | micro: 0.181818; macro: 0.086538; score: [0.         0.         0.         0.125      0.5        0.33333333
 0.16666667 0.         0.         0.         0.         0.
 0.        ]
2025-10-23 22:25:52,342 - INFO - service recall    | micro: 0.190476; macro: 0.115385; score: [0.         0.         0.         0.33333333 0.33333333 0.33333333
 0.5        0.         0.         0.         0.         0.
 0.        ]
2025-10-23 22:25:52,342 - INFO - service f1        | micro: 0.186047; macro: 0.089627; score: [0.         0.         0.         0.18181818 0.4        0.33333333
 0.25       0.         0.         0.         0.         0.
 0.        ]
2025-10-23 22:25:52,356 - INFO - tidb    precision | micro: 0.260870; macro: 0.039744; score: [0.         0.         0.25       0.         0.         0.
 0.         0.         0.         0.         0.26666667 0.
 0.        ]
2025-10-23 22:25:52,356 - INFO - tidb    recall    | micro: 0.545455; macro: 0.089744; score: [0.         0.         0.66666667 0.         0.         0.
 0.         0.         0.         0.         0.5        0.
 0.        ]
2025-10-23 22:25:52,356 - INFO - tidb    f1        | micro: 0.352941; macro: 0.054728; score: [0.         0.         0.36363636 0.         0.         0.
 0.         0.         0.         0.         0.34782609 0.
 0.        ]
2025-10-23 22:25:52,378 - INFO - pod     precision | micro: 0.175824; macro: 0.127961; score: [0.14285714 0.         0.         0.09677419 0.6        0.1875
 0.13636364 0.         0.         0.         0.         0.5
 0.        ]
2025-10-23 22:25:52,379 - INFO - pod     recall    | micro: 0.246154; macro: 0.167582; score: [0.25       0.         0.         0.33333333 0.33333333 0.33333333
 0.5        0.         0.         0.         0.         0.42857143
 0.        ]
2025-10-23 22:25:52,379 - INFO - pod     f1        | micro: 0.205128; macro: 0.128940; score: [0.18181818 0.         0.         0.15       0.42857143 0.24
 0.21428571 0.         0.         0.         0.         0.46153846
 0.        ]
2025-10-23 22:25:52,379 - INFO - ----------
2025-10-23 22:26:02,777 - INFO - [121/300] | train_loss: 0.06583
2025-10-23 22:26:13,086 - INFO - [122/300] | train_loss: 0.06228
2025-10-23 22:26:22,982 - INFO - [123/300] | train_loss: 0.06162
2025-10-23 22:26:32,980 - INFO - [124/300] | train_loss: 0.06081
2025-10-23 22:26:43,016 - INFO - [125/300] | train_loss: 0.05693
2025-10-23 22:26:52,841 - INFO - [126/300] | train_loss: 0.07394
2025-10-23 22:27:03,578 - INFO - [127/300] | train_loss: 0.06989
2025-10-23 22:27:13,955 - INFO - [128/300] | train_loss: 0.06578
2025-10-23 22:27:23,942 - INFO - [129/300] | train_loss: 0.06636
2025-10-23 22:27:34,557 - INFO - [130/300] | train_loss: 0.06307
2025-10-23 22:27:35,504 - INFO - ----------
2025-10-23 22:27:35,504 - INFO - evaluation dataset type: valid
2025-10-23 22:27:35,521 - INFO - node    precision | micro: 0.066667; macro: 0.019231; score: [0.   0.   0.   0.   0.   0.   0.   0.   0.   0.25 0.   0.   0.  ]
2025-10-23 22:27:35,521 - INFO - node    recall    | micro: 0.200000; macro: 0.038462; score: [0.  0.  0.  0.  0.  0.  0.  0.  0.  0.5 0.  0.  0. ]
2025-10-23 22:27:35,522 - INFO - node    f1        | micro: 0.100000; macro: 0.025641; score: [0.         0.         0.         0.         0.         0.
 0.         0.         0.         0.33333333 0.         0.
 0.        ]
2025-10-23 22:27:35,539 - INFO - service precision | micro: 0.187500; macro: 0.076923; score: [0.         0.         0.         0.5        0.         0.33333333
 0.16666667 0.         0.         0.         0.         0.
 0.        ]
2025-10-23 22:27:35,539 - INFO - service recall    | micro: 0.142857; macro: 0.089744; score: [0.         0.         0.         0.33333333 0.         0.33333333
 0.5        0.         0.         0.         0.         0.
 0.        ]
2025-10-23 22:27:35,539 - INFO - service f1        | micro: 0.162162; macro: 0.075641; score: [0.         0.         0.         0.4        0.         0.33333333
 0.25       0.         0.         0.         0.         0.
 0.        ]
2025-10-23 22:27:35,553 - INFO - tidb    precision | micro: 0.318182; macro: 0.048718; score: [0.         0.         0.3        0.         0.         0.
 0.         0.         0.         0.         0.33333333 0.
 0.        ]
2025-10-23 22:27:35,553 - INFO - tidb    recall    | micro: 0.636364; macro: 0.115385; score: [0.  0.  1.  0.  0.  0.  0.  0.  0.  0.  0.5 0.  0. ]
2025-10-23 22:27:35,553 - INFO - tidb    f1        | micro: 0.424242; macro: 0.066272; score: [0.         0.         0.46153846 0.         0.         0.
 0.         0.         0.         0.         0.4        0.
 0.        ]
2025-10-23 22:27:35,576 - INFO - pod     precision | micro: 0.259740; macro: 0.182669; score: [0.05882353 0.5        0.         0.3        0.44444444 0.42857143
 0.14285714 0.         0.         0.         0.         0.5
 0.        ]
2025-10-23 22:27:35,576 - INFO - pod     recall    | micro: 0.307692; macro: 0.195360; score: [0.25       0.25       0.         0.33333333 0.44444444 0.33333333
 0.5        0.         0.         0.         0.         0.42857143
 0.        ]
2025-10-23 22:27:35,576 - INFO - pod     f1        | micro: 0.281690; macro: 0.172890; score: [0.0952381  0.33333333 0.         0.31578947 0.44444444 0.375
 0.22222222 0.         0.         0.         0.         0.46153846
 0.        ]
2025-10-23 22:27:35,576 - INFO - ----------
2025-10-23 22:27:45,887 - INFO - [131/300] | train_loss: 0.06549
2025-10-23 22:27:56,085 - INFO - [132/300] | train_loss: 0.06192
2025-10-23 22:28:06,488 - INFO - [133/300] | train_loss: 0.05733
2025-10-23 22:28:16,691 - INFO - [134/300] | train_loss: 0.05129
2025-10-23 22:28:26,752 - INFO - [135/300] | train_loss: 0.05217
2025-10-23 22:28:36,779 - INFO - [136/300] | train_loss: 0.05093
2025-10-23 22:28:47,216 - INFO - [137/300] | train_loss: 0.05812
2025-10-23 22:28:57,961 - INFO - [138/300] | train_loss: 0.05573
2025-10-23 22:29:09,200 - INFO - [139/300] | train_loss: 0.06402
2025-10-23 22:29:20,640 - INFO - [140/300] | train_loss: 0.06855
2025-10-23 22:29:21,492 - INFO - ----------
2025-10-23 22:29:21,492 - INFO - evaluation dataset type: valid
2025-10-23 22:29:21,510 - INFO - node    precision | micro: 0.076923; macro: 0.076923; score: [0. 0. 0. 0. 0. 0. 0. 0. 0. 1. 0. 0. 0.]
2025-10-23 22:29:21,510 - INFO - node    recall    | micro: 0.200000; macro: 0.038462; score: [0.  0.  0.  0.  0.  0.  0.  0.  0.  0.5 0.  0.  0. ]
2025-10-23 22:29:21,510 - INFO - node    f1        | micro: 0.111111; macro: 0.051282; score: [0.         0.         0.         0.         0.         0.
 0.         0.         0.         0.66666667 0.         0.
 0.        ]
2025-10-23 22:29:21,528 - INFO - service precision | micro: 0.230769; macro: 0.098718; score: [0.         0.33333333 0.         0.16666667 0.25       0.33333333
 0.2        0.         0.         0.         0.         0.
 0.        ]
2025-10-23 22:29:21,528 - INFO - service recall    | micro: 0.285714; macro: 0.160256; score: [0.         0.25       0.         0.33333333 0.33333333 0.66666667
 0.5        0.         0.         0.         0.         0.
 0.        ]
2025-10-23 22:29:21,528 - INFO - service f1        | micro: 0.255319; macro: 0.117216; score: [0.         0.28571429 0.         0.22222222 0.28571429 0.44444444
 0.28571429 0.         0.         0.         0.         0.
 0.        ]
2025-10-23 22:29:21,543 - INFO - tidb    precision | micro: 0.318182; macro: 0.048718; score: [0.         0.         0.3        0.         0.         0.
 0.         0.         0.         0.         0.33333333 0.
 0.        ]
2025-10-23 22:29:21,543 - INFO - tidb    recall    | micro: 0.636364; macro: 0.115385; score: [0.  0.  1.  0.  0.  0.  0.  0.  0.  0.  0.5 0.  0. ]
2025-10-23 22:29:21,543 - INFO - tidb    f1        | micro: 0.424242; macro: 0.066272; score: [0.         0.         0.46153846 0.         0.         0.
 0.         0.         0.         0.         0.4        0.
 0.        ]
2025-10-23 22:29:21,565 - INFO - pod     precision | micro: 0.206612; macro: 0.144032; score: [0.08333333 0.6        0.         0.16666667 0.26315789 0.14814815
 0.11111111 0.         0.         0.         0.         0.5
 0.        ]
2025-10-23 22:29:21,566 - INFO - pod     recall    | micro: 0.384615; macro: 0.231685; score: [0.25       0.5        0.         0.33333333 0.55555556 0.44444444
 0.5        0.         0.         0.         0.         0.42857143
 0.        ]
2025-10-23 22:29:21,566 - INFO - pod     f1        | micro: 0.268817; macro: 0.162723; score: [0.125      0.54545455 0.         0.22222222 0.35714286 0.22222222
 0.18181818 0.         0.         0.         0.         0.46153846
 0.        ]
2025-10-23 22:29:21,566 - INFO - ----------
2025-10-23 22:29:32,288 - INFO - [141/300] | train_loss: 0.08188
2025-10-23 22:29:42,523 - INFO - [142/300] | train_loss: 0.11562
2025-10-23 22:29:53,144 - INFO - [143/300] | train_loss: 0.15347
2025-10-23 22:30:03,800 - INFO - [144/300] | train_loss: 0.17662
2025-10-23 22:30:14,288 - INFO - [145/300] | train_loss: 0.29295
2025-10-23 22:30:25,061 - INFO - [146/300] | train_loss: 0.25831
2025-10-23 22:30:35,420 - INFO - [147/300] | train_loss: 0.21203
2025-10-23 22:30:46,284 - INFO - [148/300] | train_loss: 0.22570
2025-10-23 22:30:56,819 - INFO - [149/300] | train_loss: 0.17730
2025-10-23 22:31:07,691 - INFO - [150/300] | train_loss: 0.17004
2025-10-23 22:31:08,708 - INFO - ----------
2025-10-23 22:31:08,708 - INFO - evaluation dataset type: valid
2025-10-23 22:31:08,725 - INFO - node    precision | micro: 0.105263; macro: 0.044872; score: [0.         0.         0.         0.         0.         0.
 0.         0.08333333 0.         0.5        0.         0.
 0.        ]
2025-10-23 22:31:08,725 - INFO - node    recall    | micro: 0.400000; macro: 0.076923; score: [0.  0.  0.  0.  0.  0.  0.  0.5 0.  0.5 0.  0.  0. ]
2025-10-23 22:31:08,726 - INFO - node    f1        | micro: 0.166667; macro: 0.049451; score: [0.         0.         0.         0.         0.         0.
 0.         0.14285714 0.         0.5        0.         0.
 0.        ]
2025-10-23 22:31:08,743 - INFO - service precision | micro: 0.079646; macro: 0.044099; score: [0.         0.04166667 0.         0.06666667 0.2        0.15384615
 0.11111111 0.         0.         0.         0.         0.
 0.        ]
2025-10-23 22:31:08,743 - INFO - service recall    | micro: 0.428571; macro: 0.230769; score: [0.         0.5        0.         0.66666667 0.66666667 0.66666667
 0.5        0.         0.         0.         0.         0.
 0.        ]
2025-10-23 22:31:08,743 - INFO - service f1        | micro: 0.134328; macro: 0.072127; score: [0.         0.07692308 0.         0.12121212 0.30769231 0.25
 0.18181818 0.         0.         0.         0.         0.
 0.        ]
2025-10-23 22:31:08,757 - INFO - tidb    precision | micro: 0.214286; macro: 0.032347; score: [0.         0.         0.15384615 0.         0.         0.
 0.         0.         0.         0.         0.26666667 0.
 0.        ]
2025-10-23 22:31:08,757 - INFO - tidb    recall    | micro: 0.545455; macro: 0.089744; score: [0.         0.         0.66666667 0.         0.         0.
 0.         0.         0.         0.         0.5        0.
 0.        ]
2025-10-23 22:31:08,757 - INFO - tidb    f1        | micro: 0.307692; macro: 0.045987; score: [0.         0.         0.25       0.         0.         0.
 0.         0.         0.         0.         0.34782609 0.
 0.        ]
2025-10-23 22:31:08,780 - INFO - pod     precision | micro: 0.086053; macro: 0.066667; score: [0.02702703 0.05309735 0.         0.07594937 0.16666667 0.10344828
 0.10714286 0.         0.         0.         0.         0.33333333
 0.        ]
2025-10-23 22:31:08,780 - INFO - pod     recall    | micro: 0.446154; macro: 0.265873; score: [0.25       0.5        0.         0.66666667 0.77777778 0.33333333
 0.5        0.         0.         0.         0.         0.42857143
 0.        ]
2025-10-23 22:31:08,780 - INFO - pod     f1        | micro: 0.144279; macro: 0.097309; score: [0.04878049 0.096      0.         0.13636364 0.2745098  0.15789474
 0.17647059 0.         0.         0.         0.         0.375
 0.        ]
2025-10-23 22:31:08,781 - INFO - ----------
2025-10-23 22:31:19,901 - INFO - [151/300] | train_loss: 0.14496
2025-10-23 22:31:30,197 - INFO - [152/300] | train_loss: 0.21685
2025-10-23 22:31:39,643 - INFO - [153/300] | train_loss: 0.16663
2025-10-23 22:31:50,149 - INFO - [154/300] | train_loss: 0.11686
2025-10-23 22:31:59,776 - INFO - [155/300] | train_loss: 0.12383
2025-10-23 22:32:09,575 - INFO - [156/300] | train_loss: 0.11243
2025-10-23 22:32:19,590 - INFO - [157/300] | train_loss: 0.16442
2025-10-23 22:32:29,480 - INFO - [158/300] | train_loss: 0.17585
2025-10-23 22:32:38,995 - INFO - [159/300] | train_loss: 0.14767
2025-10-23 22:32:49,281 - INFO - [160/300] | train_loss: 0.11991
2025-10-23 22:32:50,016 - INFO - ----------
2025-10-23 22:32:50,016 - INFO - evaluation dataset type: valid
2025-10-23 22:32:50,033 - INFO - node    precision | micro: 0.117647; macro: 0.045455; score: [0.         0.         0.         0.         0.         0.
 0.         0.09090909 0.         0.5        0.         0.
 0.        ]
2025-10-23 22:32:50,034 - INFO - node    recall    | micro: 0.400000; macro: 0.076923; score: [0.  0.  0.  0.  0.  0.  0.  0.5 0.  0.5 0.  0.  0. ]
2025-10-23 22:32:50,034 - INFO - node    f1        | micro: 0.181818; macro: 0.050296; score: [0.         0.         0.         0.         0.         0.
 0.         0.15384615 0.         0.5        0.         0.
 0.        ]
2025-10-23 22:32:50,053 - INFO - service precision | micro: 0.172414; macro: 0.073260; score: [0.         0.         0.         0.16666667 0.5        0.14285714
 0.14285714 0.         0.         0.         0.         0.
 0.        ]
2025-10-23 22:32:50,053 - INFO - service recall    | micro: 0.238095; macro: 0.141026; score: [0.         0.         0.         0.33333333 0.66666667 0.33333333
 0.5        0.         0.         0.         0.         0.
 0.        ]
2025-10-23 22:32:50,053 - INFO - service f1        | micro: 0.200000; macro: 0.093529; score: [0.         0.         0.         0.22222222 0.57142857 0.2
 0.22222222 0.         0.         0.         0.         0.
 0.        ]
2025-10-23 22:32:50,068 - INFO - tidb    precision | micro: 0.206897; macro: 0.031502; score: [0.         0.         0.14285714 0.         0.         0.
 0.         0.         0.         0.         0.26666667 0.
 0.        ]
2025-10-23 22:32:50,068 - INFO - tidb    recall    | micro: 0.545455; macro: 0.089744; score: [0.         0.         0.66666667 0.         0.         0.
 0.         0.         0.         0.         0.5        0.
 0.        ]
2025-10-23 22:32:50,068 - INFO - tidb    f1        | micro: 0.300000; macro: 0.044855; score: [0.         0.         0.23529412 0.         0.         0.
 0.         0.         0.         0.         0.34782609 0.
 0.        ]
2025-10-23 22:32:50,094 - INFO - pod     precision | micro: 0.177305; macro: 0.123668; score: [0.04347826 0.33333333 0.         0.25       0.26086957 0.12
 0.1        0.         0.         0.         0.         0.5
 0.        ]
2025-10-23 22:32:50,094 - INFO - pod     recall    | micro: 0.384615; macro: 0.238095; score: [0.25       0.25       0.         0.66666667 0.66666667 0.33333333
 0.5        0.         0.         0.         0.         0.42857143
 0.        ]
2025-10-23 22:32:50,094 - INFO - pod     f1        | micro: 0.242718; macro: 0.146392; score: [0.07407407 0.28571429 0.         0.36363636 0.375      0.17647059
 0.16666667 0.         0.         0.         0.         0.46153846
 0.        ]
2025-10-23 22:32:50,094 - INFO - ----------
2025-10-23 22:33:00,416 - INFO - [161/300] | train_loss: 0.09210
2025-10-23 22:33:11,068 - INFO - [162/300] | train_loss: 0.08823
2025-10-23 22:33:21,180 - INFO - [163/300] | train_loss: 0.08920
2025-10-23 22:33:31,590 - INFO - [164/300] | train_loss: 0.08522
2025-10-23 22:33:41,885 - INFO - [165/300] | train_loss: 0.08257
2025-10-23 22:33:51,988 - INFO - [166/300] | train_loss: 0.08694
2025-10-23 22:34:02,668 - INFO - [167/300] | train_loss: 0.07922
2025-10-23 22:34:13,140 - INFO - [168/300] | train_loss: 0.07637
2025-10-23 22:34:23,853 - INFO - [169/300] | train_loss: 0.06895
2025-10-23 22:34:33,573 - INFO - [170/300] | train_loss: 0.06908
2025-10-23 22:34:34,398 - INFO - ----------
2025-10-23 22:34:34,398 - INFO - evaluation dataset type: valid
2025-10-23 22:34:34,415 - INFO - node    precision | micro: 0.111111; macro: 0.038462; score: [0.  0.  0.  0.  0.  0.  0.  0.  0.  0.5 0.  0.  0. ]
2025-10-23 22:34:34,415 - INFO - node    recall    | micro: 0.200000; macro: 0.038462; score: [0.  0.  0.  0.  0.  0.  0.  0.  0.  0.5 0.  0.  0. ]
2025-10-23 22:34:34,415 - INFO - node    f1        | micro: 0.142857; macro: 0.038462; score: [0.  0.  0.  0.  0.  0.  0.  0.  0.  0.5 0.  0.  0. ]
2025-10-23 22:34:34,431 - INFO - service precision | micro: 0.250000; macro: 0.157143; score: [0.         0.         0.         0.4        1.         0.5
 0.14285714 0.         0.         0.         0.         0.
 0.        ]
2025-10-23 22:34:34,431 - INFO - service recall    | micro: 0.238095; macro: 0.141026; score: [0.         0.         0.         0.66666667 0.33333333 0.33333333
 0.5        0.         0.         0.         0.         0.
 0.        ]
2025-10-23 22:34:34,431 - INFO - service f1        | micro: 0.243902; macro: 0.124786; score: [0.         0.         0.         0.5        0.5        0.4
 0.22222222 0.         0.         0.         0.         0.
 0.        ]
2025-10-23 22:34:34,444 - INFO - tidb    precision | micro: 0.291667; macro: 0.042735; score: [0.         0.         0.22222222 0.         0.         0.
 0.         0.         0.         0.         0.33333333 0.
 0.        ]
2025-10-23 22:34:34,445 - INFO - tidb    recall    | micro: 0.636364; macro: 0.099359; score: [0.         0.         0.66666667 0.         0.         0.
 0.         0.         0.         0.         0.625      0.
 0.        ]
2025-10-23 22:34:34,445 - INFO - tidb    f1        | micro: 0.400000; macro: 0.059086; score: [0.         0.         0.33333333 0.         0.         0.
 0.         0.         0.         0.         0.43478261 0.
 0.        ]
2025-10-23 22:34:34,467 - INFO - pod     precision | micro: 0.155340; macro: 0.119802; score: [0.03225806 0.         0.         0.1875     0.42857143 0.27272727
 0.13636364 0.         0.         0.         0.         0.5
 0.        ]
2025-10-23 22:34:34,467 - INFO - pod     recall    | micro: 0.246154; macro: 0.167582; score: [0.25       0.         0.         0.33333333 0.33333333 0.33333333
 0.5        0.         0.         0.         0.         0.42857143
 0.        ]
2025-10-23 22:34:34,468 - INFO - pod     f1        | micro: 0.190476; macro: 0.126767; score: [0.05714286 0.         0.         0.24       0.375      0.3
 0.21428571 0.         0.         0.         0.         0.46153846
 0.        ]
2025-10-23 22:34:34,468 - INFO - ----------
2025-10-23 22:34:43,072 - INFO - [171/300] | train_loss: 0.05972
2025-10-23 22:34:51,961 - INFO - [172/300] | train_loss: 0.05643
2025-10-23 22:35:00,874 - INFO - [173/300] | train_loss: 0.05519
2025-10-23 22:35:09,762 - INFO - [174/300] | train_loss: 0.05395
2025-10-23 22:35:19,157 - INFO - [175/300] | train_loss: 0.05466
2025-10-23 22:35:29,763 - INFO - [176/300] | train_loss: 0.05162
2025-10-23 22:35:39,679 - INFO - [177/300] | train_loss: 0.05554
2025-10-23 22:35:50,074 - INFO - [178/300] | train_loss: 0.05095
2025-10-23 22:36:00,171 - INFO - [179/300] | train_loss: 0.06453
2025-10-23 22:36:10,653 - INFO - [180/300] | train_loss: 0.07124
2025-10-23 22:36:11,412 - INFO - ----------
2025-10-23 22:36:11,412 - INFO - evaluation dataset type: valid
2025-10-23 22:36:11,431 - INFO - node    precision | micro: 0.187500; macro: 0.052448; score: [0.         0.         0.         0.         0.         0.
 0.         0.18181818 0.         0.5        0.         0.
 0.        ]
2025-10-23 22:36:11,431 - INFO - node    recall    | micro: 0.600000; macro: 0.115385; score: [0.  0.  0.  0.  0.  0.  0.  1.  0.  0.5 0.  0.  0. ]
2025-10-23 22:36:11,431 - INFO - node    f1        | micro: 0.285714; macro: 0.062130; score: [0.         0.         0.         0.         0.         0.
 0.         0.30769231 0.         0.5        0.         0.
 0.        ]
2025-10-23 22:36:11,448 - INFO - service precision | micro: 0.150000; macro: 0.049573; score: [0.         0.         0.         0.2        0.         0.33333333
 0.11111111 0.         0.         0.         0.         0.
 0.        ]
2025-10-23 22:36:11,448 - INFO - service recall    | micro: 0.142857; macro: 0.089744; score: [0.         0.         0.         0.33333333 0.         0.33333333
 0.5        0.         0.         0.         0.         0.
 0.        ]
2025-10-23 22:36:11,448 - INFO - service f1        | micro: 0.146341; macro: 0.058858; score: [0.         0.         0.         0.25       0.         0.33333333
 0.18181818 0.         0.         0.         0.         0.
 0.        ]
2025-10-23 22:36:11,462 - INFO - tidb    precision | micro: 0.222222; macro: 0.034188; score: [0.         0.         0.11111111 0.         0.         0.
 0.         0.         0.         0.         0.33333333 0.
 0.        ]
2025-10-23 22:36:11,462 - INFO - tidb    recall    | micro: 0.727273; macro: 0.108974; score: [0.         0.         0.66666667 0.         0.         0.
 0.         0.         0.         0.         0.75       0.
 0.        ]
2025-10-23 22:36:11,462 - INFO - tidb    f1        | micro: 0.340426; macro: 0.050155; score: [0.         0.         0.19047619 0.         0.         0.
 0.         0.         0.         0.         0.46153846 0.
 0.        ]
2025-10-23 22:36:11,485 - INFO - pod     precision | micro: 0.166667; macro: 0.127820; score: [0.04       0.         0.         0.15789474 0.5        0.33333333
 0.13043478 0.         0.         0.         0.         0.5
 0.        ]
2025-10-23 22:36:11,485 - INFO - pod     recall    | micro: 0.230769; macro: 0.159035; score: [0.25       0.         0.         0.33333333 0.22222222 0.33333333
 0.5        0.         0.         0.         0.         0.42857143
 0.        ]
2025-10-23 22:36:11,485 - INFO - pod     f1        | micro: 0.193548; macro: 0.122516; score: [0.06896552 0.         0.         0.21428571 0.30769231 0.33333333
 0.20689655 0.         0.         0.         0.         0.46153846
 0.        ]
2025-10-23 22:36:11,485 - INFO - ----------
2025-10-23 22:36:22,714 - INFO - [181/300] | train_loss: 0.06376
2025-10-23 22:36:33,471 - INFO - [182/300] | train_loss: 0.07519
2025-10-23 22:36:43,489 - INFO - [183/300] | train_loss: 0.05969
2025-10-23 22:36:53,754 - INFO - [184/300] | train_loss: 0.05634
2025-10-23 22:37:04,387 - INFO - [185/300] | train_loss: 0.05825
2025-10-23 22:37:14,580 - INFO - [186/300] | train_loss: 0.05920
2025-10-23 22:37:24,479 - INFO - [187/300] | train_loss: 0.07028
2025-10-23 22:37:34,827 - INFO - [188/300] | train_loss: 0.07747
2025-10-23 22:37:44,980 - INFO - [189/300] | train_loss: 0.07136
2025-10-23 22:37:55,283 - INFO - [190/300] | train_loss: 0.09037
2025-10-23 22:37:56,262 - INFO - ----------
2025-10-23 22:37:56,262 - INFO - evaluation dataset type: valid
2025-10-23 22:37:56,279 - INFO - node    precision | micro: 0.090909; macro: 0.025641; score: [0.         0.         0.         0.         0.         0.
 0.         0.         0.         0.33333333 0.         0.
 0.        ]
2025-10-23 22:37:56,279 - INFO - node    recall    | micro: 0.200000; macro: 0.038462; score: [0.  0.  0.  0.  0.  0.  0.  0.  0.  0.5 0.  0.  0. ]
2025-10-23 22:37:56,279 - INFO - node    f1        | micro: 0.125000; macro: 0.030769; score: [0.  0.  0.  0.  0.  0.  0.  0.  0.  0.4 0.  0.  0. ]
2025-10-23 22:37:56,296 - INFO - service precision | micro: 0.136364; macro: 0.053419; score: [0.         0.         0.         0.33333333 0.         0.25
 0.11111111 0.         0.         0.         0.         0.
 0.        ]
2025-10-23 22:37:56,296 - INFO - service recall    | micro: 0.142857; macro: 0.089744; score: [0.         0.         0.         0.33333333 0.         0.33333333
 0.5        0.         0.         0.         0.         0.
 0.        ]
2025-10-23 22:37:56,296 - INFO - service f1        | micro: 0.139535; macro: 0.061605; score: [0.         0.         0.         0.33333333 0.         0.28571429
 0.18181818 0.         0.         0.         0.         0.
 0.        ]
2025-10-23 22:37:56,312 - INFO - tidb    precision | micro: 0.125000; macro: 0.019648; score: [0.         0.         0.07894737 0.         0.         0.
 0.         0.         0.         0.         0.17647059 0.
 0.        ]
2025-10-23 22:37:56,312 - INFO - tidb    recall    | micro: 0.818182; macro: 0.134615; score: [0.   0.   1.   0.   0.   0.   0.   0.   0.   0.   0.75 0.   0.  ]
2025-10-23 22:37:56,312 - INFO - tidb    f1        | micro: 0.216867; macro: 0.033235; score: [0.         0.         0.14634146 0.         0.         0.
 0.         0.         0.         0.         0.28571429 0.
 0.        ]
2025-10-23 22:37:56,338 - INFO - pod     precision | micro: 0.128000; macro: 0.098611; score: [0.03448276 0.         0.         0.15789474 0.375      0.11111111
 0.10344828 0.         0.         0.         0.         0.5
 0.        ]
2025-10-23 22:37:56,338 - INFO - pod     recall    | micro: 0.246154; macro: 0.167582; score: [0.25       0.         0.         0.33333333 0.33333333 0.33333333
 0.5        0.         0.         0.         0.         0.42857143
 0.        ]
2025-10-23 22:37:56,338 - INFO - pod     f1        | micro: 0.168421; macro: 0.109805; score: [0.06060606 0.         0.         0.21428571 0.35294118 0.16666667
 0.17142857 0.         0.         0.         0.         0.46153846
 0.        ]
2025-10-23 22:37:56,338 - INFO - ----------
2025-10-23 22:38:06,866 - INFO - [191/300] | train_loss: 0.10224
2025-10-23 22:38:17,277 - INFO - [192/300] | train_loss: 0.09343
2025-10-23 22:38:28,296 - INFO - [193/300] | train_loss: 0.10310
2025-10-23 22:38:38,693 - INFO - [194/300] | train_loss: 0.07912
2025-10-23 22:38:49,385 - INFO - [195/300] | train_loss: 0.08568
2025-10-23 22:38:59,780 - INFO - [196/300] | train_loss: 0.07408
2025-10-23 22:39:10,584 - INFO - [197/300] | train_loss: 0.07070
2025-10-23 22:39:20,888 - INFO - [198/300] | train_loss: 0.06059
2025-10-23 22:39:31,379 - INFO - [199/300] | train_loss: 0.05434
2025-10-23 22:39:40,967 - INFO - [200/300] | train_loss: 0.05566
2025-10-23 22:39:41,813 - INFO - ----------
2025-10-23 22:39:41,813 - INFO - evaluation dataset type: valid
2025-10-23 22:39:41,830 - INFO - node    precision | micro: 0.064516; macro: 0.012121; score: [0.         0.         0.         0.         0.         0.
 0.         0.09090909 0.         0.06666667 0.         0.
 0.        ]
2025-10-23 22:39:41,830 - INFO - node    recall    | micro: 0.400000; macro: 0.076923; score: [0.  0.  0.  0.  0.  0.  0.  0.5 0.  0.5 0.  0.  0. ]
2025-10-23 22:39:41,830 - INFO - node    f1        | micro: 0.111111; macro: 0.020884; score: [0.         0.         0.         0.         0.         0.
 0.         0.15384615 0.         0.11764706 0.         0.
 0.        ]
2025-10-23 22:39:41,847 - INFO - service precision | micro: 0.166667; macro: 0.055861; score: [0.         0.         0.         0.25       0.         0.33333333
 0.14285714 0.         0.         0.         0.         0.
 0.        ]
2025-10-23 22:39:41,847 - INFO - service recall    | micro: 0.142857; macro: 0.089744; score: [0.         0.         0.         0.33333333 0.         0.33333333
 0.5        0.         0.         0.         0.         0.
 0.        ]
2025-10-23 22:39:41,847 - INFO - service f1        | micro: 0.153846; macro: 0.064713; score: [0.         0.         0.         0.28571429 0.         0.33333333
 0.22222222 0.         0.         0.         0.         0.
 0.        ]
2025-10-23 22:39:41,861 - INFO - tidb    precision | micro: 0.304348; macro: 0.046746; score: [0.         0.         0.3        0.         0.         0.
 0.         0.         0.         0.         0.30769231 0.
 0.        ]
2025-10-23 22:39:41,861 - INFO - tidb    recall    | micro: 0.636364; macro: 0.115385; score: [0.  0.  1.  0.  0.  0.  0.  0.  0.  0.  0.5 0.  0. ]
2025-10-23 22:39:41,861 - INFO - tidb    f1        | micro: 0.411765; macro: 0.064807; score: [0.         0.         0.46153846 0.         0.         0.
 0.         0.         0.         0.         0.38095238 0.
 0.        ]
2025-10-23 22:39:41,883 - INFO - pod     precision | micro: 0.240964; macro: 0.166120; score: [0.06666667 0.27272727 0.         0.23076923 0.66666667 0.27272727
 0.15       0.         0.         0.         0.         0.5
 0.        ]
2025-10-23 22:39:41,884 - INFO - pod     recall    | micro: 0.307692; macro: 0.195360; score: [0.25       0.25       0.         0.33333333 0.44444444 0.33333333
 0.5        0.         0.         0.         0.         0.42857143
 0.        ]
2025-10-23 22:39:41,884 - INFO - pod     f1        | micro: 0.270270; macro: 0.166500; score: [0.10526316 0.26086957 0.         0.27272727 0.53333333 0.3
 0.23076923 0.         0.         0.         0.         0.46153846
 0.        ]
2025-10-23 22:39:41,884 - INFO - ----------
2025-10-23 22:39:52,466 - INFO - [201/300] | train_loss: 0.05890
2025-10-23 22:40:02,984 - INFO - [202/300] | train_loss: 0.06054
2025-10-23 22:40:13,187 - INFO - [203/300] | train_loss: 0.06059
2025-10-23 22:40:23,617 - INFO - [204/300] | train_loss: 0.05730
2025-10-23 22:40:34,076 - INFO - [205/300] | train_loss: 0.07907
2025-10-23 22:40:43,842 - INFO - [206/300] | train_loss: 0.06285
2025-10-23 22:40:54,065 - INFO - [207/300] | train_loss: 0.06765
2025-10-23 22:41:04,448 - INFO - [208/300] | train_loss: 0.06196
2025-10-23 22:41:13,861 - INFO - [209/300] | train_loss: 0.05593
2025-10-23 22:41:23,947 - INFO - [210/300] | train_loss: 0.05787
2025-10-23 22:41:24,649 - INFO - ----------
2025-10-23 22:41:24,650 - INFO - evaluation dataset type: valid
2025-10-23 22:41:24,666 - INFO - node    precision | micro: 0.076923; macro: 0.025641; score: [0.         0.         0.         0.         0.         0.
 0.         0.         0.         0.33333333 0.         0.
 0.        ]
2025-10-23 22:41:24,666 - INFO - node    recall    | micro: 0.200000; macro: 0.038462; score: [0.  0.  0.  0.  0.  0.  0.  0.  0.  0.5 0.  0.  0. ]
2025-10-23 22:41:24,666 - INFO - node    f1        | micro: 0.111111; macro: 0.030769; score: [0.  0.  0.  0.  0.  0.  0.  0.  0.  0.4 0.  0.  0. ]
2025-10-23 22:41:24,683 - INFO - service precision | micro: 0.176471; macro: 0.076923; score: [0.         0.         0.         0.33333333 0.         0.5
 0.16666667 0.         0.         0.         0.         0.
 0.        ]
2025-10-23 22:41:24,683 - INFO - service recall    | micro: 0.142857; macro: 0.089744; score: [0.         0.         0.         0.33333333 0.         0.33333333
 0.5        0.         0.         0.         0.         0.
 0.        ]
2025-10-23 22:41:24,683 - INFO - service f1        | micro: 0.157895; macro: 0.075641; score: [0.         0.         0.         0.33333333 0.         0.4
 0.25       0.         0.         0.         0.         0.
 0.        ]
2025-10-23 22:41:24,696 - INFO - tidb    precision | micro: 0.259259; macro: 0.039730; score: [0.         0.         0.23076923 0.         0.         0.
 0.         0.         0.         0.         0.28571429 0.
 0.        ]
2025-10-23 22:41:24,697 - INFO - tidb    recall    | micro: 0.636364; macro: 0.115385; score: [0.  0.  1.  0.  0.  0.  0.  0.  0.  0.  0.5 0.  0. ]
2025-10-23 22:41:24,697 - INFO - tidb    f1        | micro: 0.368421; macro: 0.056818; score: [0.         0.         0.375      0.         0.         0.
 0.         0.         0.         0.         0.36363636 0.
 0.        ]
2025-10-23 22:41:24,722 - INFO - pod     precision | micro: 0.253012; macro: 0.163492; score: [0.11111111 0.4        0.         0.21428571 0.4        0.375
 0.125      0.         0.         0.         0.         0.5
 0.        ]
2025-10-23 22:41:24,722 - INFO - pod     recall    | micro: 0.323077; macro: 0.197497; score: [0.25       0.5        0.         0.33333333 0.22222222 0.33333333
 0.5        0.         0.         0.         0.         0.42857143
 0.        ]
2025-10-23 22:41:24,722 - INFO - pod     f1        | micro: 0.283784; macro: 0.166104; score: [0.15384615 0.44444444 0.         0.26086957 0.28571429 0.35294118
 0.2        0.         0.         0.         0.         0.46153846
 0.        ]
2025-10-23 22:41:24,722 - INFO - ----------
2025-10-23 22:41:34,181 - INFO - [211/300] | train_loss: 0.05201
2025-10-23 22:41:44,855 - INFO - [212/300] | train_loss: 0.05213
2025-10-23 22:41:54,500 - INFO - [213/300] | train_loss: 0.05228
2025-10-23 22:42:04,732 - INFO - [214/300] | train_loss: 0.05270
2025-10-23 22:42:15,183 - INFO - [215/300] | train_loss: 0.08269
2025-10-23 22:42:25,696 - INFO - [216/300] | train_loss: 0.09905
2025-10-23 22:42:35,793 - INFO - [217/300] | train_loss: 0.12328
2025-10-23 22:42:45,911 - INFO - [218/300] | train_loss: 0.10722
2025-10-23 22:42:55,781 - INFO - [219/300] | train_loss: 0.11889
2025-10-23 22:43:05,807 - INFO - [220/300] | train_loss: 0.13684
2025-10-23 22:43:06,700 - INFO - ----------
2025-10-23 22:43:06,700 - INFO - evaluation dataset type: valid
2025-10-23 22:43:06,719 - INFO - node    precision | micro: 0.040000; macro: 0.019231; score: [0.   0.   0.   0.   0.   0.   0.   0.   0.   0.25 0.   0.   0.  ]
2025-10-23 22:43:06,719 - INFO - node    recall    | micro: 0.200000; macro: 0.038462; score: [0.  0.  0.  0.  0.  0.  0.  0.  0.  0.5 0.  0.  0. ]
2025-10-23 22:43:06,719 - INFO - node    f1        | micro: 0.066667; macro: 0.025641; score: [0.         0.         0.         0.         0.         0.
 0.         0.         0.         0.33333333 0.         0.
 0.        ]
2025-10-23 22:43:06,737 - INFO - service precision | micro: 0.145833; macro: 0.076224; score: [0.         0.4        0.         0.09090909 0.16666667 0.16666667
 0.16666667 0.         0.         0.         0.         0.
 0.        ]
2025-10-23 22:43:06,737 - INFO - service recall    | micro: 0.333333; macro: 0.179487; score: [0.         0.5        0.         0.66666667 0.33333333 0.33333333
 0.5        0.         0.         0.         0.         0.
 0.        ]
2025-10-23 22:43:06,737 - INFO - service f1        | micro: 0.202899; macro: 0.099915; score: [0.         0.44444444 0.         0.16       0.22222222 0.22222222
 0.25       0.         0.         0.         0.         0.
 0.        ]
2025-10-23 22:43:06,802 - INFO - tidb    precision | micro: 0.250000; macro: 0.037655; score: [0.         0.         0.18181818 0.         0.         0.
 0.         0.         0.         0.         0.30769231 0.
 0.        ]
2025-10-23 22:43:06,802 - INFO - tidb    recall    | micro: 0.545455; macro: 0.089744; score: [0.         0.         0.66666667 0.         0.         0.
 0.         0.         0.         0.         0.5        0.
 0.        ]
2025-10-23 22:43:06,802 - INFO - tidb    f1        | micro: 0.342857; macro: 0.051282; score: [0.         0.         0.28571429 0.         0.         0.
 0.         0.         0.         0.         0.38095238 0.
 0.        ]
2025-10-23 22:43:06,825 - INFO - pod     precision | micro: 0.168675; macro: 0.132232; score: [0.04545455 0.4        0.         0.10344828 0.5        0.11111111
 0.13043478 0.         0.         0.         0.         0.42857143
 0.        ]
2025-10-23 22:43:06,825 - INFO - pod     recall    | micro: 0.430769; macro: 0.257326; score: [0.25       0.5        0.         0.66666667 0.66666667 0.33333333
 0.5        0.         0.         0.         0.         0.42857143
 0.        ]
2025-10-23 22:43:06,826 - INFO - pod     f1        | micro: 0.242424; macro: 0.159541; score: [0.07692308 0.44444444 0.         0.17910448 0.57142857 0.16666667
 0.20689655 0.         0.         0.         0.         0.42857143
 0.        ]
2025-10-23 22:43:06,826 - INFO - ----------
2025-10-23 22:43:16,975 - INFO - [221/300] | train_loss: 0.12205
2025-10-23 22:43:27,168 - INFO - [222/300] | train_loss: 0.13469
2025-10-23 22:43:36,975 - INFO - [223/300] | train_loss: 0.11902
2025-10-23 22:43:47,834 - INFO - [224/300] | train_loss: 0.13117
2025-10-23 22:43:58,198 - INFO - [225/300] | train_loss: 0.08392
2025-10-23 22:44:08,287 - INFO - [226/300] | train_loss: 0.06991
2025-10-23 22:44:17,779 - INFO - [227/300] | train_loss: 0.06563
2025-10-23 22:44:28,279 - INFO - [228/300] | train_loss: 0.07266
2025-10-23 22:44:38,338 - INFO - [229/300] | train_loss: 0.06417
2025-10-23 22:44:48,580 - INFO - [230/300] | train_loss: 0.06139
2025-10-23 22:44:49,367 - INFO - ----------
2025-10-23 22:44:49,367 - INFO - evaluation dataset type: valid
2025-10-23 22:44:49,385 - INFO - node    precision | micro: 0.111111; macro: 0.038462; score: [0.  0.  0.  0.  0.  0.  0.  0.  0.  0.5 0.  0.  0. ]
2025-10-23 22:44:49,385 - INFO - node    recall    | micro: 0.200000; macro: 0.038462; score: [0.  0.  0.  0.  0.  0.  0.  0.  0.  0.5 0.  0.  0. ]
2025-10-23 22:44:49,385 - INFO - node    f1        | micro: 0.142857; macro: 0.038462; score: [0.  0.  0.  0.  0.  0.  0.  0.  0.  0.5 0.  0.  0. ]
2025-10-23 22:44:49,402 - INFO - service precision | micro: 0.129032; macro: 0.039270; score: [0.         0.         0.         0.11764706 0.         0.25
 0.14285714 0.         0.         0.         0.         0.
 0.        ]
2025-10-23 22:44:49,402 - INFO - service recall    | micro: 0.190476; macro: 0.115385; score: [0.         0.         0.         0.66666667 0.         0.33333333
 0.5        0.         0.         0.         0.         0.
 0.        ]
2025-10-23 22:44:49,403 - INFO - service f1        | micro: 0.153846; macro: 0.054457; score: [0.         0.         0.         0.2        0.         0.28571429
 0.22222222 0.         0.         0.         0.         0.
 0.        ]
2025-10-23 22:44:49,417 - INFO - tidb    precision | micro: 0.350000; macro: 0.053114; score: [0.         0.         0.33333333 0.         0.         0.
 0.         0.         0.         0.         0.35714286 0.
 0.        ]
2025-10-23 22:44:49,417 - INFO - tidb    recall    | micro: 0.636364; macro: 0.099359; score: [0.         0.         0.66666667 0.         0.         0.
 0.         0.         0.         0.         0.625      0.
 0.        ]
2025-10-23 22:44:49,418 - INFO - tidb    f1        | micro: 0.451613; macro: 0.069153; score: [0.         0.         0.44444444 0.         0.         0.
 0.         0.         0.         0.         0.45454545 0.
 0.        ]
2025-10-23 22:44:49,443 - INFO - pod     precision | micro: 0.171875; macro: 0.138916; score: [0.04545455 0.5        0.         0.15384615 0.33333333 0.15789474
 0.11538462 0.         0.         0.         0.         0.5
 0.        ]
2025-10-23 22:44:49,443 - INFO - pod     recall    | micro: 0.338462; macro: 0.212454; score: [0.25       0.25       0.         0.66666667 0.33333333 0.33333333
 0.5        0.         0.         0.         0.         0.42857143
 0.        ]
2025-10-23 22:44:49,443 - INFO - pod     f1        | micro: 0.227979; macro: 0.142840; score: [0.07692308 0.33333333 0.         0.25       0.33333333 0.21428571
 0.1875     0.         0.         0.         0.         0.46153846
 0.        ]
2025-10-23 22:44:49,443 - INFO - ----------
2025-10-23 22:45:00,196 - INFO - [231/300] | train_loss: 0.06232
2025-10-23 22:45:11,286 - INFO - [232/300] | train_loss: 0.05751
2025-10-23 22:45:21,681 - INFO - [233/300] | train_loss: 0.05264
2025-10-23 22:45:31,581 - INFO - [234/300] | train_loss: 0.05289
2025-10-23 22:45:41,381 - INFO - [235/300] | train_loss: 0.04659
2025-10-23 22:45:51,167 - INFO - [236/300] | train_loss: 0.04559
2025-10-23 22:46:01,955 - INFO - [237/300] | train_loss: 0.05608
2025-10-23 22:46:11,955 - INFO - [238/300] | train_loss: 0.06158
2025-10-23 22:46:22,443 - INFO - [239/300] | train_loss: 0.06226
2025-10-23 22:46:32,551 - INFO - [240/300] | train_loss: 0.05551
2025-10-23 22:46:33,310 - INFO - ----------
2025-10-23 22:46:33,310 - INFO - evaluation dataset type: valid
2025-10-23 22:46:33,328 - INFO - node    precision | micro: 0.100000; macro: 0.025641; score: [0.         0.         0.         0.         0.         0.
 0.         0.         0.         0.33333333 0.         0.
 0.        ]
2025-10-23 22:46:33,328 - INFO - node    recall    | micro: 0.200000; macro: 0.038462; score: [0.  0.  0.  0.  0.  0.  0.  0.  0.  0.5 0.  0.  0. ]
2025-10-23 22:46:33,329 - INFO - node    f1        | micro: 0.133333; macro: 0.030769; score: [0.  0.  0.  0.  0.  0.  0.  0.  0.  0.4 0.  0.  0. ]
2025-10-23 22:46:33,344 - INFO - service precision | micro: 0.187500; macro: 0.066667; score: [0.         0.         0.         0.33333333 0.         0.33333333
 0.2        0.         0.         0.         0.         0.
 0.        ]
2025-10-23 22:46:33,345 - INFO - service recall    | micro: 0.142857; macro: 0.089744; score: [0.         0.         0.         0.33333333 0.         0.33333333
 0.5        0.         0.         0.         0.         0.
 0.        ]
2025-10-23 22:46:33,345 - INFO - service f1        | micro: 0.162162; macro: 0.073260; score: [0.         0.         0.         0.33333333 0.         0.33333333
 0.28571429 0.         0.         0.         0.         0.
 0.        ]
2025-10-23 22:46:33,358 - INFO - tidb    precision | micro: 0.346154; macro: 0.052790; score: [0.         0.         0.33333333 0.         0.         0.
 0.         0.         0.         0.         0.35294118 0.
 0.        ]
2025-10-23 22:46:33,358 - INFO - tidb    recall    | micro: 0.818182; macro: 0.134615; score: [0.   0.   1.   0.   0.   0.   0.   0.   0.   0.   0.75 0.   0.  ]
2025-10-23 22:46:33,358 - INFO - tidb    f1        | micro: 0.486486; macro: 0.075385; score: [0.   0.   0.5  0.   0.   0.   0.   0.   0.   0.   0.48 0.   0.  ]
2025-10-23 22:46:33,380 - INFO - pod     precision | micro: 0.183673; macro: 0.163662; score: [0.03703704 1.         0.         0.23076923 0.26666667 0.17647059
 0.16666667 0.         0.         0.         0.         0.25
 0.        ]
2025-10-23 22:46:33,380 - INFO - pod     recall    | micro: 0.276923; macro: 0.173382; score: [0.25       0.25       0.         0.33333333 0.44444444 0.33333333
 0.5        0.         0.         0.         0.         0.14285714
 0.        ]
2025-10-23 22:46:33,381 - INFO - pod     f1        | micro: 0.220859; macro: 0.133320; score: [0.06451613 0.4        0.         0.27272727 0.33333333 0.23076923
 0.25       0.         0.         0.         0.         0.18181818
 0.        ]
2025-10-23 22:46:33,381 - INFO - ----------
2025-10-23 22:46:44,014 - INFO - [241/300] | train_loss: 0.05072
2025-10-23 22:46:54,249 - INFO - [242/300] | train_loss: 0.04960
2025-10-23 22:47:04,854 - INFO - [243/300] | train_loss: 0.04906
2025-10-23 22:47:14,163 - INFO - [244/300] | train_loss: 0.04448
2025-10-23 22:47:23,371 - INFO - [245/300] | train_loss: 0.04088
2025-10-23 22:47:32,873 - INFO - [246/300] | train_loss: 0.04114
2025-10-23 22:47:43,225 - INFO - [247/300] | train_loss: 0.04172
2025-10-23 22:47:53,372 - INFO - [248/300] | train_loss: 0.03978
2025-10-23 22:48:03,304 - INFO - [249/300] | train_loss: 0.04985
2025-10-23 22:48:13,573 - INFO - [250/300] | train_loss: 0.05145
2025-10-23 22:48:14,307 - INFO - ----------
2025-10-23 22:48:14,307 - INFO - evaluation dataset type: valid
2025-10-23 22:48:14,325 - INFO - node    precision | micro: 0.100000; macro: 0.038462; score: [0.  0.  0.  0.  0.  0.  0.  0.  0.  0.5 0.  0.  0. ]
2025-10-23 22:48:14,326 - INFO - node    recall    | micro: 0.200000; macro: 0.038462; score: [0.  0.  0.  0.  0.  0.  0.  0.  0.  0.5 0.  0.  0. ]
2025-10-23 22:48:14,326 - INFO - node    f1        | micro: 0.133333; macro: 0.038462; score: [0.  0.  0.  0.  0.  0.  0.  0.  0.  0.5 0.  0.  0. ]
2025-10-23 22:48:14,342 - INFO - service precision | micro: 0.133333; macro: 0.034615; score: [0.   0.   0.   0.25 0.   0.2  0.   0.   0.   0.   0.   0.   0.  ]
2025-10-23 22:48:14,342 - INFO - service recall    | micro: 0.095238; macro: 0.051282; score: [0.         0.         0.         0.33333333 0.         0.33333333
 0.         0.         0.         0.         0.         0.
 0.        ]
2025-10-23 22:48:14,342 - INFO - service f1        | micro: 0.111111; macro: 0.041209; score: [0.         0.         0.         0.28571429 0.         0.25
 0.         0.         0.         0.         0.         0.
 0.        ]
2025-10-23 22:48:14,356 - INFO - tidb    precision | micro: 0.318182; macro: 0.049310; score: [0.         0.         0.33333333 0.         0.         0.
 0.         0.         0.         0.         0.30769231 0.
 0.        ]
2025-10-23 22:48:14,356 - INFO - tidb    recall    | micro: 0.636364; macro: 0.115385; score: [0.  0.  1.  0.  0.  0.  0.  0.  0.  0.  0.5 0.  0. ]
2025-10-23 22:48:14,356 - INFO - tidb    f1        | micro: 0.424242; macro: 0.067766; score: [0.         0.         0.5        0.         0.         0.
 0.         0.         0.         0.         0.38095238 0.
 0.        ]
2025-10-23 22:48:14,379 - INFO - pod     precision | micro: 0.220000; macro: 0.078800; score: [0.2        0.         0.         0.42857143 0.         0.33333333
 0.0625     0.         0.         0.         0.         0.
 0.        ]
2025-10-23 22:48:14,379 - INFO - pod     recall    | micro: 0.169231; macro: 0.108974; score: [0.25       0.         0.         0.66666667 0.         0.33333333
 0.16666667 0.         0.         0.         0.         0.
 0.        ]
2025-10-23 22:48:14,379 - INFO - pod     f1        | micro: 0.191304; macro: 0.089862; score: [0.22222222 0.         0.         0.52173913 0.         0.33333333
 0.09090909 0.         0.         0.         0.         0.
 0.        ]
2025-10-23 22:48:14,379 - INFO - ----------
2025-10-23 22:48:24,133 - INFO - [251/300] | train_loss: 0.05104
2025-10-23 22:48:34,425 - INFO - [252/300] | train_loss: 0.05513
2025-10-23 22:48:44,774 - INFO - [253/300] | train_loss: 0.04854
2025-10-23 22:48:55,186 - INFO - [254/300] | train_loss: 0.04822
2025-10-23 22:49:05,086 - INFO - [255/300] | train_loss: 0.05157
2025-10-23 22:49:15,569 - INFO - [256/300] | train_loss: 0.05485
2025-10-23 22:49:25,893 - INFO - [257/300] | train_loss: 0.05792
2025-10-23 22:49:36,375 - INFO - [258/300] | train_loss: 0.05567
2025-10-23 22:49:46,793 - INFO - [259/300] | train_loss: 0.04400
2025-10-23 22:49:57,401 - INFO - [260/300] | train_loss: 0.04238
2025-10-23 22:49:58,399 - INFO - ----------
2025-10-23 22:49:58,399 - INFO - evaluation dataset type: valid
2025-10-23 22:49:58,417 - INFO - node    precision | micro: 0.090909; macro: 0.038462; score: [0.  0.  0.  0.  0.  0.  0.  0.  0.  0.5 0.  0.  0. ]
2025-10-23 22:49:58,418 - INFO - node    recall    | micro: 0.200000; macro: 0.038462; score: [0.  0.  0.  0.  0.  0.  0.  0.  0.  0.5 0.  0.  0. ]
2025-10-23 22:49:58,418 - INFO - node    f1        | micro: 0.125000; macro: 0.038462; score: [0.  0.  0.  0.  0.  0.  0.  0.  0.  0.5 0.  0.  0. ]
2025-10-23 22:49:58,435 - INFO - service precision | micro: 0.176471; macro: 0.055861; score: [0.         0.         0.         0.25       0.         0.33333333
 0.14285714 0.         0.         0.         0.         0.
 0.        ]
2025-10-23 22:49:58,435 - INFO - service recall    | micro: 0.142857; macro: 0.089744; score: [0.         0.         0.         0.33333333 0.         0.33333333
 0.5        0.         0.         0.         0.         0.
 0.        ]
2025-10-23 22:49:58,436 - INFO - service f1        | micro: 0.157895; macro: 0.064713; score: [0.         0.         0.         0.28571429 0.         0.33333333
 0.22222222 0.         0.         0.         0.         0.
 0.        ]
2025-10-23 22:49:58,449 - INFO - tidb    precision | micro: 0.333333; macro: 0.054945; score: [0.         0.         0.42857143 0.         0.         0.
 0.         0.         0.         0.         0.28571429 0.
 0.        ]
2025-10-23 22:49:58,450 - INFO - tidb    recall    | micro: 0.636364; macro: 0.115385; score: [0.  0.  1.  0.  0.  0.  0.  0.  0.  0.  0.5 0.  0. ]
2025-10-23 22:49:58,450 - INFO - tidb    f1        | micro: 0.437500; macro: 0.074126; score: [0.         0.         0.6        0.         0.         0.
 0.         0.         0.         0.         0.36363636 0.
 0.        ]
2025-10-23 22:49:58,473 - INFO - pod     precision | micro: 0.162791; macro: 0.113764; score: [0.03846154 0.         0.         0.25       0.25       0.33333333
 0.10714286 0.         0.         0.         0.         0.5
 0.        ]
2025-10-23 22:49:58,473 - INFO - pod     recall    | micro: 0.215385; macro: 0.150488; score: [0.25       0.         0.         0.33333333 0.11111111 0.33333333
 0.5        0.         0.         0.         0.         0.42857143
 0.        ]
2025-10-23 22:49:58,473 - INFO - pod     f1        | micro: 0.185430; macro: 0.113659; score: [0.06666667 0.         0.         0.28571429 0.15384615 0.33333333
 0.17647059 0.         0.         0.         0.         0.46153846
 0.        ]
2025-10-23 22:49:58,473 - INFO - ----------
2025-10-23 22:50:08,787 - INFO - [261/300] | train_loss: 0.04198
2025-10-23 22:50:17,559 - INFO - [262/300] | train_loss: 0.04159
2025-10-23 22:50:26,265 - INFO - [263/300] | train_loss: 0.04171
2025-10-23 22:50:35,568 - INFO - [264/300] | train_loss: 0.05310
2025-10-23 22:50:44,598 - INFO - [265/300] | train_loss: 0.05027
2025-10-23 22:50:53,557 - INFO - [266/300] | train_loss: 0.05830
2025-10-23 22:51:03,570 - INFO - [267/300] | train_loss: 0.04601
2025-10-23 22:51:13,781 - INFO - [268/300] | train_loss: 0.04361
2025-10-23 22:51:23,880 - INFO - [269/300] | train_loss: 0.04164
2025-10-23 22:51:34,159 - INFO - [270/300] | train_loss: 0.03901
2025-10-23 22:51:35,492 - INFO - ----------
2025-10-23 22:51:35,492 - INFO - evaluation dataset type: valid
2025-10-23 22:51:35,509 - INFO - node    precision | micro: 0.083333; macro: 0.038462; score: [0.  0.  0.  0.  0.  0.  0.  0.  0.  0.5 0.  0.  0. ]
2025-10-23 22:51:35,510 - INFO - node    recall    | micro: 0.200000; macro: 0.038462; score: [0.  0.  0.  0.  0.  0.  0.  0.  0.  0.5 0.  0.  0. ]
2025-10-23 22:51:35,510 - INFO - node    f1        | micro: 0.117647; macro: 0.038462; score: [0.  0.  0.  0.  0.  0.  0.  0.  0.  0.5 0.  0.  0. ]
2025-10-23 22:51:35,527 - INFO - service precision | micro: 0.187500; macro: 0.064103; score: [0.         0.         0.         0.33333333 0.         0.33333333
 0.16666667 0.         0.         0.         0.         0.
 0.        ]
2025-10-23 22:51:35,527 - INFO - service recall    | micro: 0.142857; macro: 0.089744; score: [0.         0.         0.         0.33333333 0.         0.33333333
 0.5        0.         0.         0.         0.         0.
 0.        ]
2025-10-23 22:51:35,527 - INFO - service f1        | micro: 0.162162; macro: 0.070513; score: [0.         0.         0.         0.33333333 0.         0.33333333
 0.25       0.         0.         0.         0.         0.
 0.        ]
2025-10-23 22:51:35,541 - INFO - tidb    precision | micro: 0.350000; macro: 0.053613; score: [0.         0.         0.33333333 0.         0.         0.
 0.         0.         0.         0.         0.36363636 0.
 0.        ]
2025-10-23 22:51:35,541 - INFO - tidb    recall    | micro: 0.636364; macro: 0.115385; score: [0.  0.  1.  0.  0.  0.  0.  0.  0.  0.  0.5 0.  0. ]
2025-10-23 22:51:35,541 - INFO - tidb    f1        | micro: 0.451613; macro: 0.070850; score: [0.         0.         0.5        0.         0.         0.
 0.         0.         0.         0.         0.42105263 0.
 0.        ]
2025-10-23 22:51:35,564 - INFO - pod     precision | micro: 0.193548; macro: 0.114960; score: [0.09090909 0.42857143 0.         0.25       0.25       0.375
 0.1        0.         0.         0.         0.         0.
 0.        ]
2025-10-23 22:51:35,564 - INFO - pod     recall    | micro: 0.184615; macro: 0.115385; score: [0.25       0.25       0.         0.22222222 0.11111111 0.33333333
 0.33333333 0.         0.         0.         0.         0.
 0.        ]
2025-10-23 22:51:35,564 - INFO - pod     f1        | micro: 0.188976; macro: 0.103465; score: [0.13333333 0.31578947 0.         0.23529412 0.15384615 0.35294118
 0.15384615 0.         0.         0.         0.         0.
 0.        ]
2025-10-23 22:51:35,564 - INFO - ----------
2025-10-23 22:51:45,749 - INFO - [271/300] | train_loss: 0.04133
2025-10-23 22:51:55,603 - INFO - [272/300] | train_loss: 0.04044
2025-10-23 22:52:06,384 - INFO - [273/300] | train_loss: 0.04420
2025-10-23 22:52:16,576 - INFO - [274/300] | train_loss: 0.04880
2025-10-23 22:52:26,349 - INFO - [275/300] | train_loss: 0.05454
2025-10-23 22:52:36,982 - INFO - [276/300] | train_loss: 0.11004
2025-10-23 22:52:46,920 - INFO - [277/300] | train_loss: 0.15924
2025-10-23 22:52:57,282 - INFO - [278/300] | train_loss: 0.17976
2025-10-23 22:53:06,873 - INFO - [279/300] | train_loss: 0.16672
2025-10-23 22:53:16,786 - INFO - [280/300] | train_loss: 0.14661
2025-10-23 22:53:17,614 - INFO - ----------
2025-10-23 22:53:17,614 - INFO - evaluation dataset type: valid
2025-10-23 22:53:17,632 - INFO - node    precision | micro: 0.030303; macro: 0.007021; score: [0.         0.         0.         0.         0.         0.
 0.         0.05555556 0.         0.03571429 0.         0.
 0.        ]
2025-10-23 22:53:17,632 - INFO - node    recall    | micro: 0.600000; macro: 0.115385; score: [0.  0.  0.  0.  0.  0.  0.  1.  0.  0.5 0.  0.  0. ]
2025-10-23 22:53:17,632 - INFO - node    f1        | micro: 0.057692; macro: 0.013225; score: [0.         0.         0.         0.         0.         0.
 0.         0.10526316 0.         0.06666667 0.         0.
 0.        ]
2025-10-23 22:53:17,649 - INFO - service precision | micro: 0.049180; macro: 0.026709; score: [0.         0.         0.         0.16666667 0.         0.05555556
 0.125      0.         0.         0.         0.         0.
 0.        ]
2025-10-23 22:53:17,649 - INFO - service recall    | micro: 0.142857; macro: 0.089744; score: [0.         0.         0.         0.33333333 0.         0.33333333
 0.5        0.         0.         0.         0.         0.
 0.        ]
2025-10-23 22:53:17,649 - INFO - service f1        | micro: 0.073171; macro: 0.039805; score: [0.         0.         0.         0.22222222 0.         0.0952381
 0.2        0.         0.         0.         0.         0.
 0.        ]
2025-10-23 22:53:17,662 - INFO - tidb    precision | micro: 0.155556; macro: 0.029422; score: [0.         0.         0.09677419 0.         0.         0.
 0.         0.         0.         0.         0.28571429 0.
 0.        ]
2025-10-23 22:53:17,663 - INFO - tidb    recall    | micro: 0.636364; macro: 0.115385; score: [0.  0.  1.  0.  0.  0.  0.  0.  0.  0.  0.5 0.  0. ]
2025-10-23 22:53:17,663 - INFO - tidb    f1        | micro: 0.250000; macro: 0.041547; score: [0.         0.         0.17647059 0.         0.         0.
 0.         0.         0.         0.         0.36363636 0.
 0.        ]
2025-10-23 22:53:17,686 - INFO - pod     precision | micro: 0.105991; macro: 0.070998; score: [0.01449275 0.         0.         0.18181818 0.29166667 0.06
 0.125      0.         0.         0.         0.         0.25
 0.        ]
2025-10-23 22:53:17,686 - INFO - pod     recall    | micro: 0.353846; macro: 0.227411; score: [0.25       0.         0.         0.66666667 0.77777778 0.33333333
 0.5        0.         0.         0.         0.         0.42857143
 0.        ]
2025-10-23 22:53:17,686 - INFO - pod     f1        | micro: 0.163121; macro: 0.104218; score: [0.02739726 0.         0.         0.28571429 0.42424242 0.10169492
 0.2        0.         0.         0.         0.         0.31578947
 0.        ]
2025-10-23 22:53:17,686 - INFO - ----------
2025-10-23 22:53:28,413 - INFO - [281/300] | train_loss: 0.20324
2025-10-23 22:53:38,883 - INFO - [282/300] | train_loss: 0.19414
2025-10-23 22:53:50,198 - INFO - [283/300] | train_loss: 0.17848
2025-10-23 22:53:59,458 - INFO - [284/300] | train_loss: 0.14117
2025-10-23 22:54:10,349 - INFO - [285/300] | train_loss: 0.09534
2025-10-23 22:54:20,310 - INFO - [286/300] | train_loss: 0.09168
2025-10-23 22:54:29,901 - INFO - [287/300] | train_loss: 0.08423
2025-10-23 22:54:40,157 - INFO - [288/300] | train_loss: 0.08015
2025-10-23 22:54:49,938 - INFO - [289/300] | train_loss: 0.06790
2025-10-23 22:55:00,145 - INFO - [290/300] | train_loss: 0.05952
2025-10-23 22:55:00,841 - INFO - ----------
2025-10-23 22:55:00,841 - INFO - evaluation dataset type: valid
2025-10-23 22:55:00,858 - INFO - node    precision | micro: 0.058824; macro: 0.015385; score: [0.  0.  0.  0.  0.  0.  0.  0.  0.  0.2 0.  0.  0. ]
2025-10-23 22:55:00,858 - INFO - node    recall    | micro: 0.200000; macro: 0.038462; score: [0.  0.  0.  0.  0.  0.  0.  0.  0.  0.5 0.  0.  0. ]
2025-10-23 22:55:00,858 - INFO - node    f1        | micro: 0.090909; macro: 0.021978; score: [0.         0.         0.         0.         0.         0.
 0.         0.         0.         0.28571429 0.         0.
 0.        ]
2025-10-23 22:55:00,874 - INFO - service precision | micro: 0.076923; macro: 0.036630; score: [0.         0.         0.         0.         0.         0.33333333
 0.14285714 0.         0.         0.         0.         0.
 0.        ]
2025-10-23 22:55:00,874 - INFO - service recall    | micro: 0.095238; macro: 0.064103; score: [0.         0.         0.         0.         0.         0.33333333
 0.5        0.         0.         0.         0.         0.
 0.        ]
2025-10-23 22:55:00,874 - INFO - service f1        | micro: 0.085106; macro: 0.042735; score: [0.         0.         0.         0.         0.         0.33333333
 0.22222222 0.         0.         0.         0.         0.
 0.        ]
2025-10-23 22:55:00,888 - INFO - tidb    precision | micro: 0.320000; macro: 0.048452; score: [0.         0.         0.27272727 0.         0.         0.
 0.         0.         0.         0.         0.35714286 0.
 0.        ]
2025-10-23 22:55:00,888 - INFO - tidb    recall    | micro: 0.727273; macro: 0.125000; score: [0.    0.    1.    0.    0.    0.    0.    0.    0.    0.    0.625 0.
 0.   ]
2025-10-23 22:55:00,888 - INFO - tidb    f1        | micro: 0.444444; macro: 0.067932; score: [0.         0.         0.42857143 0.         0.         0.
 0.         0.         0.         0.         0.45454545 0.
 0.        ]
2025-10-23 22:55:00,912 - INFO - pod     precision | micro: 0.144231; macro: 0.093233; score: [0.04347826 0.11538462 0.         0.25       0.4        0.27272727
 0.13043478 0.         0.         0.         0.         0.
 0.        ]
2025-10-23 22:55:00,912 - INFO - pod     recall    | micro: 0.230769; macro: 0.145299; score: [0.25       0.25       0.         0.33333333 0.22222222 0.33333333
 0.5        0.         0.         0.         0.         0.
 0.        ]
2025-10-23 22:55:00,912 - INFO - pod     f1        | micro: 0.177515; macro: 0.100792; score: [0.07407407 0.15789474 0.         0.28571429 0.28571429 0.3
 0.20689655 0.         0.         0.         0.         0.
 0.        ]
2025-10-23 22:55:00,912 - INFO - ----------
2025-10-23 22:55:11,676 - INFO - [291/300] | train_loss: 0.05620
2025-10-23 22:55:21,485 - INFO - [292/300] | train_loss: 0.05249
2025-10-23 22:55:31,911 - INFO - [293/300] | train_loss: 0.05336
2025-10-23 22:55:42,271 - INFO - [294/300] | train_loss: 0.04869
2025-10-23 22:55:52,885 - INFO - [295/300] | train_loss: 0.04858
2025-10-23 22:56:03,088 - INFO - [296/300] | train_loss: 0.06374
2025-10-23 22:56:12,958 - INFO - [297/300] | train_loss: 0.05331
2025-10-23 22:56:23,187 - INFO - [298/300] | train_loss: 0.05006
2025-10-23 22:56:34,195 - INFO - [299/300] | train_loss: 0.04851
2025-10-23 22:56:37,605 - INFO - ----------
2025-10-23 22:56:37,605 - INFO - evaluation dataset type: test
2025-10-23 22:56:37,632 - INFO - node    precision | micro: 0.557692; macro: 0.132189; score: [0.         0.         0.         0.         0.         0.
 0.         0.38095238 0.4        0.9375     0.         0.
 0.        ]
2025-10-23 22:56:37,632 - INFO - node    recall    | micro: 0.852941; macro: 0.191346; score: [0.     0.     0.     0.     0.     0.     0.     0.8    0.75   0.9375
 0.     0.     0.    ]
2025-10-23 22:56:37,633 - INFO - node    f1        | micro: 0.674419; macro: 0.151951; score: [0.         0.         0.         0.         0.         0.
 0.         0.51612903 0.52173913 0.9375     0.         0.
 0.        ]
2025-10-23 22:56:37,663 - INFO - service precision | micro: 0.789474; macro: 0.423471; score: [0.75       1.         0.         0.75       1.         0.8
 0.53846154 0.         0.         0.         0.         0.66666667
 0.        ]
2025-10-23 22:56:37,663 - INFO - service recall    | micro: 0.705882; macro: 0.389417; score: [0.9        0.76190476 0.         0.63157895 0.66666667 0.72727273
 0.875      0.         0.         0.         0.         0.5
 0.        ]
2025-10-23 22:56:37,663 - INFO - service f1        | micro: 0.745342; macro: 0.397597; score: [0.81818182 0.86486486 0.         0.68571429 0.8        0.76190476
 0.66666667 0.         0.         0.         0.         0.57142857
 0.        ]
2025-10-23 22:56:37,681 - INFO - tidb    precision | micro: 0.330935; macro: 0.050820; score: [0.         0.         0.34722222 0.         0.         0.
 0.         0.         0.         0.         0.31343284 0.
 0.        ]
2025-10-23 22:56:37,681 - INFO - tidb    recall    | micro: 0.821429; macro: 0.126374; score: [0.         0.         0.89285714 0.         0.         0.
 0.         0.         0.         0.         0.75       0.
 0.        ]
2025-10-23 22:56:37,681 - INFO - tidb    f1        | micro: 0.471795; macro: 0.072470; score: [0.         0.         0.5        0.         0.         0.
 0.         0.         0.         0.         0.44210526 0.
 0.        ]
2025-10-23 22:56:37,747 - INFO - pod     precision | micro: 0.646302; macro: 0.390324; score: [0.48684211 0.94117647 0.         0.65       0.91304348 0.70588235
 0.47727273 0.         0.         0.         0.         0.5
 0.4       ]
2025-10-23 22:56:37,748 - INFO - pod     recall    | micro: 0.738971; macro: 0.420994; score: [0.90243902 0.76190476 0.         0.68421053 0.77777778 0.72727273
 0.875      0.         0.         0.         0.         0.5625
 0.18181818]
2025-10-23 22:56:37,748 - INFO - pod     f1        | micro: 0.689537; macro: 0.391902; score: [0.63247863 0.84210526 0.         0.66666667 0.84       0.71641791
 0.61764706 0.         0.         0.         0.         0.52941176
 0.25      ]
2025-10-23 22:56:37,748 - INFO - ----------
----GATNet----
GAT_name1:  GATv2Conv
GAT_name2:  GATConv
activ_fun1:  relu6
activ_fun2:  relu6
--window_size 17
# IncluRCA Training: trace, metric, log, api
d_localizer
2025-10-23 22:56:46,215 - INFO - [0/100] | train_loss: 0.08609
2025-10-23 22:56:51,603 - INFO - [10/100] | train_loss: 1.30225
2025-10-23 22:56:56,819 - INFO - [20/100] | train_loss: 0.93107
2025-10-23 22:57:02,028 - INFO - [30/100] | train_loss: 0.73795
2025-10-23 22:57:07,301 - INFO - [40/100] | train_loss: 0.69992
2025-10-23 22:57:12,697 - INFO - [50/100] | train_loss: 0.70205
2025-10-23 22:57:18,144 - INFO - [60/100] | train_loss: 0.70110
2025-10-23 22:57:23,455 - INFO - [70/100] | train_loss: 0.71289
2025-10-23 22:57:28,800 - INFO - [80/100] | train_loss: 0.72584
2025-10-23 22:57:34,072 - INFO - [90/100] | train_loss: 0.72250
2025-10-23 22:57:39,335 - INFO - [0/100] | train_loss: 0.05651
2025-10-23 22:57:44,627 - INFO - [10/100] | train_loss: 1.22211
2025-10-23 22:57:49,966 - INFO - [20/100] | train_loss: 0.81905
2025-10-23 22:57:55,228 - INFO - [30/100] | train_loss: 0.55175
2025-10-23 22:58:00,588 - INFO - [40/100] | train_loss: 0.47254
2025-10-23 22:58:05,953 - INFO - [50/100] | train_loss: 0.45940
2025-10-23 22:58:11,226 - INFO - [60/100] | train_loss: 0.45212
2025-10-23 22:58:16,618 - INFO - [70/100] | train_loss: 0.43666
2025-10-23 22:58:21,929 - INFO - [80/100] | train_loss: 0.43383
2025-10-23 22:58:27,324 - INFO - [90/100] | train_loss: 0.43752
2025-10-23 22:58:32,607 - INFO - [0/100] | train_loss: 0.08512
2025-10-23 22:58:37,895 - INFO - [10/100] | train_loss: 1.22369
2025-10-23 22:58:43,139 - INFO - [20/100] | train_loss: 0.81929
2025-10-23 22:58:48,514 - INFO - [30/100] | train_loss: 0.56405
2025-10-23 22:58:53,967 - INFO - [40/100] | train_loss: 0.48015
2025-10-23 22:58:59,425 - INFO - [50/100] | train_loss: 0.46238
2025-10-23 22:59:04,722 - INFO - [60/100] | train_loss: 0.45293
2025-10-23 22:59:09,948 - INFO - [70/100] | train_loss: 0.44941
2025-10-23 22:59:15,363 - INFO - [80/100] | train_loss: 0.44033
2025-10-23 22:59:20,703 - INFO - [90/100] | train_loss: 0.44127
2025-10-23 22:59:26,018 - INFO - [0/100] | train_loss: 0.07660
2025-10-23 22:59:31,291 - INFO - [10/100] | train_loss: 1.23592
2025-10-23 22:59:36,562 - INFO - [20/100] | train_loss: 0.83305
2025-10-23 22:59:41,916 - INFO - [30/100] | train_loss: 0.65691
2025-10-23 22:59:47,337 - INFO - [40/100] | train_loss: 0.47757
2025-10-23 22:59:52,741 - INFO - [50/100] | train_loss: 0.45851
2025-10-23 22:59:58,242 - INFO - [60/100] | train_loss: 0.44676
2025-10-23 23:00:03,819 - INFO - [70/100] | train_loss: 0.43438
2025-10-23 23:00:09,222 - INFO - [80/100] | train_loss: 0.43245
2025-10-23 23:00:14,529 - INFO - [90/100] | train_loss: 0.43893
2025-10-23 23:00:19,715 - INFO - ----------
2025-10-23 23:00:19,715 - INFO - sample 0/192 | d1: cartservice; level: service; fault_type: code error
2025-10-23 23:00:19,715 - INFO - sample 0/192 | predict d1: [('cartservice', 4.826387228426437), ('cartservice-0', 3.8748979625381463), ('cartservice-2', 3.8519087525222178), ('cartservice-1', 2.905326771097773), ('frontend', 2.892388731800607)]
2025-10-23 23:00:19,715 - INFO - sample 0/192 | predict d2: [('cartservice/rrt_max', 2.83281837171241), ('cartservice/rrt', 2.6724003037963406), ('cartservice/client_error', 2.3139325944446405), ('cartservice/error', 2.3059609433341777), ('<duration>; hipstershop.CartService/AddItem; type: downstream', 2.299646001651613)]
2025-10-23 23:00:19,715 - INFO - ----------
2025-10-23 23:00:20,074 - INFO - [0/100] | train_loss: 0.05556
2025-10-23 23:00:25,408 - INFO - [10/100] | train_loss: 1.72714
2025-10-23 23:00:30,640 - INFO - [20/100] | train_loss: 1.17308
2025-10-23 23:00:35,853 - INFO - [30/100] | train_loss: 0.98484
2025-10-23 23:00:41,192 - INFO - [40/100] | train_loss: 0.92099
2025-10-23 23:00:46,468 - INFO - [50/100] | train_loss: 0.87422
2025-10-23 23:00:51,691 - INFO - [60/100] | train_loss: 0.86747
2025-10-23 23:00:56,975 - INFO - [70/100] | train_loss: 0.86607
2025-10-23 23:01:02,271 - INFO - [80/100] | train_loss: 0.80014
2025-10-23 23:01:07,555 - INFO - [90/100] | train_loss: 0.78544
2025-10-23 23:01:12,839 - INFO - [0/100] | train_loss: 0.02970
2025-10-23 23:01:18,111 - INFO - [10/100] | train_loss: 1.72675
2025-10-23 23:01:23,330 - INFO - [20/100] | train_loss: 1.25841
2025-10-23 23:01:28,588 - INFO - [30/100] | train_loss: 0.95456
2025-10-23 23:01:33,818 - INFO - [40/100] | train_loss: 0.89411
2025-10-23 23:01:39,045 - INFO - [50/100] | train_loss: 0.91837
2025-10-23 23:01:44,327 - INFO - [60/100] | train_loss: 0.82320
2025-10-23 23:01:49,594 - INFO - [70/100] | train_loss: 0.79057
2025-10-23 23:01:54,814 - INFO - [80/100] | train_loss: 0.78021
2025-10-23 23:02:00,076 - INFO - [90/100] | train_loss: 0.75790
2025-10-23 23:02:05,354 - INFO - [0/100] | train_loss: 0.04393
2025-10-23 23:02:10,654 - INFO - [10/100] | train_loss: 1.51714
2025-10-23 23:02:15,890 - INFO - [20/100] | train_loss: 1.22106
2025-10-23 23:02:21,107 - INFO - [30/100] | train_loss: 0.86865
2025-10-23 23:02:26,328 - INFO - [40/100] | train_loss: 0.77045
2025-10-23 23:02:31,534 - INFO - [50/100] | train_loss: 0.72320
2025-10-23 23:02:36,740 - INFO - [60/100] | train_loss: 0.71349
2025-10-23 23:02:41,939 - INFO - [70/100] | train_loss: 0.65563
2025-10-23 23:02:47,050 - INFO - [80/100] | train_loss: 0.59330
2025-10-23 23:02:52,246 - INFO - [90/100] | train_loss: 0.56929
2025-10-23 23:02:57,493 - INFO - [0/100] | train_loss: 0.04045
2025-10-23 23:03:02,725 - INFO - [10/100] | train_loss: 1.56329
2025-10-23 23:03:07,940 - INFO - [20/100] | train_loss: 1.24223
2025-10-23 23:03:13,131 - INFO - [30/100] | train_loss: 1.00786
2025-10-23 23:03:18,338 - INFO - [40/100] | train_loss: 0.91026
2025-10-23 23:03:23,610 - INFO - [50/100] | train_loss: 0.87605
2025-10-23 23:03:29,037 - INFO - [60/100] | train_loss: 0.84071
2025-10-23 23:03:34,346 - INFO - [70/100] | train_loss: 0.82496
2025-10-23 23:03:39,631 - INFO - [80/100] | train_loss: 0.79288
2025-10-23 23:03:44,890 - INFO - [90/100] | train_loss: 0.75833
2025-10-23 23:03:49,968 - INFO - ----------
2025-10-23 23:03:49,968 - INFO - sample 1/192 | d1: recommendationservice; level: service; fault_type: network corrupt
2025-10-23 23:03:49,968 - INFO - sample 1/192 | predict d1: [('recommendationservice', 4.8912526144682005), ('recommendationservice-0', 3.9006329597498395), ('productcatalogservice', 3.8921731024908155), ('recommendationservice-2', 2.9737189439710474), ('recommendationservice-1', 2.944721782498345)]
2025-10-23 23:03:49,968 - INFO - sample 1/192 | predict d2: [('recommendationservice/request', 3.0084150640506913), ('<intensity>; /hipstershop.RecommendationService/ListRecommendations; type: downstream', 3.0023622451366982), ('recommendationservice/client_error', 2.97828819222023), ('<intensity>; hipstershop.RecommendationService/ListRecommendations; type: current', 2.9763782897310023), ('recommendationservice/client_error_ratio', 2.859483438700444)]
2025-10-23 23:03:49,968 - INFO - ----------
2025-10-23 23:03:50,335 - INFO - [0/100] | train_loss: 0.06093
2025-10-23 23:03:55,632 - INFO - [10/100] | train_loss: 1.29990
2025-10-23 23:04:00,886 - INFO - [20/100] | train_loss: 0.90740
2025-10-23 23:04:06,163 - INFO - [30/100] | train_loss: 0.67701
2025-10-23 23:04:11,412 - INFO - [40/100] | train_loss: 0.61094
2025-10-23 23:04:16,633 - INFO - [50/100] | train_loss: 0.60735
2025-10-23 23:04:21,937 - INFO - [60/100] | train_loss: 0.61512
2025-10-23 23:04:27,208 - INFO - [70/100] | train_loss: 0.62845
2025-10-23 23:04:32,466 - INFO - [80/100] | train_loss: 0.63067
2025-10-23 23:04:37,650 - INFO - [90/100] | train_loss: 0.63003
2025-10-23 23:04:42,715 - INFO - ----------
2025-10-23 23:04:42,715 - INFO - sample 2/192 | d1: cartservice; level: service; fault_type: code error
2025-10-23 23:04:42,716 - INFO - sample 2/192 | predict d1: [('adservice', 0.10684821551750456), ('adservice-0', 0.10684821551750456), ('tidb-tikv', 0.1068274899451076), ('tidb-pd', 0.10681533910905028), ('adservice-2', 0.10681307358731384)]
2025-10-23 23:04:42,716 - INFO - sample 2/192 | predict d2: [('productcatalogservice/rrt_max', 0.07794596685297694), ('<duration>; hipstershop.ProductCatalogService/ListProducts; type: downstream', 0.07672258511530305), ('productcatalogservice/response', 0.07342818063376022), ('productcatalogservice/request', 0.0634025883681435), ('tidb-tikv/threadpool_readpool_cpu', 0.06028824676391409)]
2025-10-23 23:04:42,716 - INFO - ----------
2025-10-23 23:04:43,079 - INFO - [0/100] | train_loss: 0.05507
2025-10-23 23:04:48,273 - INFO - [10/100] | train_loss: 1.29864
2025-10-23 23:04:53,468 - INFO - [20/100] | train_loss: 0.92050
2025-10-23 23:04:58,656 - INFO - [30/100] | train_loss: 0.67933
2025-10-23 23:05:03,903 - INFO - [40/100] | train_loss: 0.60798
2025-10-23 23:05:09,321 - INFO - [50/100] | train_loss: 0.60415
2025-10-23 23:05:14,601 - INFO - [60/100] | train_loss: 0.60641
2025-10-23 23:05:19,871 - INFO - [70/100] | train_loss: 0.61857
2025-10-23 23:05:25,103 - INFO - [80/100] | train_loss: 0.62090
2025-10-23 23:05:30,443 - INFO - [90/100] | train_loss: 0.61953
2025-10-23 23:05:35,549 - INFO - ----------
2025-10-23 23:05:35,549 - INFO - sample 3/192 | d1: aiops-k8s-05; level: node; fault_type: node disk fill
2025-10-23 23:05:35,549 - INFO - sample 3/192 | predict d1: [('tidb-tikv', 0.04333434766917166), ('tidb-tidb', 0.04333434766917166), ('tidb-pd', 0.0433244829765298), ('adservice', 0.04331817000051319), ('adservice-2', 0.04331369697393628)]
2025-10-23 23:05:35,549 - INFO - sample 3/192 | predict d2: [('productcatalogservice/client_error', 0.031429268599088456), ('productcatalogservice/rrt_max', 0.029382836241210297), ('tidb-tikv/grpc_qps', 0.023537242098311317), ('tidb-tikv/read_mbps', 0.023289839665958212), ('tidb-pd/store_unhealth_count', 0.022973234839148926)]
2025-10-23 23:05:35,549 - INFO - ----------
2025-10-23 23:05:35,911 - INFO - [0/100] | train_loss: 0.05818
2025-10-23 23:05:41,129 - INFO - [10/100] | train_loss: 1.27557
2025-10-23 23:05:46,284 - INFO - [20/100] | train_loss: 0.88478
2025-10-23 23:05:51,406 - INFO - [30/100] | train_loss: 0.70359
2025-10-23 23:05:56,506 - INFO - [40/100] | train_loss: 0.66252
2025-10-23 23:06:01,599 - INFO - [50/100] | train_loss: 0.66192
2025-10-23 23:06:06,707 - INFO - [60/100] | train_loss: 0.66330
2025-10-23 23:06:11,836 - INFO - [70/100] | train_loss: 0.66775
2025-10-23 23:06:16,958 - INFO - [80/100] | train_loss: 0.67976
2025-10-23 23:06:22,045 - INFO - [90/100] | train_loss: 0.67667
2025-10-23 23:06:27,124 - INFO - [0/100] | train_loss: 0.08220
2025-10-23 23:06:32,160 - INFO - [10/100] | train_loss: 1.22622
2025-10-23 23:06:37,397 - INFO - [20/100] | train_loss: 0.82295
2025-10-23 23:06:42,663 - INFO - [30/100] | train_loss: 0.55233
2025-10-23 23:06:47,955 - INFO - [40/100] | train_loss: 0.47759
2025-10-23 23:06:53,221 - INFO - [50/100] | train_loss: 0.42448
2025-10-23 23:06:58,460 - INFO - [60/100] | train_loss: 0.44178
2025-10-23 23:07:03,738 - INFO - [70/100] | train_loss: 0.40051
2025-10-23 23:07:09,130 - INFO - [80/100] | train_loss: 0.40498
2025-10-23 23:07:14,554 - INFO - [90/100] | train_loss: 0.39074
2025-10-23 23:07:19,841 - INFO - [0/100] | train_loss: 0.03083
2025-10-23 23:07:25,051 - INFO - [10/100] | train_loss: 1.18476
2025-10-23 23:07:30,292 - INFO - [20/100] | train_loss: 0.76887
2025-10-23 23:07:35,753 - INFO - [30/100] | train_loss: 0.51530
2025-10-23 23:07:41,044 - INFO - [40/100] | train_loss: 0.44546
2025-10-23 23:07:46,291 - INFO - [50/100] | train_loss: 0.40670
2025-10-23 23:07:51,497 - INFO - [60/100] | train_loss: 0.40182
2025-10-23 23:07:56,682 - INFO - [70/100] | train_loss: 0.39559
2025-10-23 23:08:01,851 - INFO - [80/100] | train_loss: 0.39071
2025-10-23 23:08:07,048 - INFO - [90/100] | train_loss: 0.40024
2025-10-23 23:08:12,250 - INFO - [0/100] | train_loss: 0.11875
2025-10-23 23:08:17,702 - INFO - [10/100] | train_loss: 1.25229
2025-10-23 23:08:22,908 - INFO - [20/100] | train_loss: 0.85967
2025-10-23 23:08:28,105 - INFO - [30/100] | train_loss: 0.57733
2025-10-23 23:08:33,382 - INFO - [40/100] | train_loss: 0.46087
2025-10-23 23:08:38,809 - INFO - [50/100] | train_loss: 0.42682
2025-10-23 23:08:44,038 - INFO - [60/100] | train_loss: 0.41803
2025-10-23 23:08:49,265 - INFO - [70/100] | train_loss: 0.40046
2025-10-23 23:08:54,499 - INFO - [80/100] | train_loss: 0.39247
2025-10-23 23:08:59,714 - INFO - [90/100] | train_loss: 0.39619
2025-10-23 23:09:04,891 - INFO - ----------
2025-10-23 23:09:04,891 - INFO - sample 4/192 | d1: shippingservice; level: service; fault_type: cpu stress
2025-10-23 23:09:04,891 - INFO - sample 4/192 | predict d1: [('shippingservice', 4.903540600103774), ('shippingservice-2', 3.9316065157468394), ('checkoutservice', 3.9105953034066587), ('shippingservice-0', 2.9515577511437594), ('shippingservice-1', 2.94126890907641)]
2025-10-23 23:09:04,891 - INFO - sample 4/192 | predict d2: [('shippingservice/rrt', 3.1000806791499933), ('shippingservice/response', 2.965304788326584), ('shippingservice/client_error_ratio', 2.937208466653768), ('shippingservice/request', 2.9112398476552634), ('shippingservice/timeout', 2.8947923669597806)]
2025-10-23 23:09:04,891 - INFO - ----------
2025-10-23 23:09:05,253 - INFO - [0/100] | train_loss: 0.11778
2025-10-23 23:09:10,550 - INFO - [10/100] | train_loss: 1.33667
2025-10-23 23:09:15,775 - INFO - [20/100] | train_loss: 0.96890
2025-10-23 23:09:21,111 - INFO - [30/100] | train_loss: 0.74524
2025-10-23 23:09:26,214 - INFO - [40/100] | train_loss: 0.69903
2025-10-23 23:09:31,402 - INFO - [50/100] | train_loss: 0.67040
2025-10-23 23:09:36,602 - INFO - [60/100] | train_loss: 0.65379
2025-10-23 23:09:41,787 - INFO - [70/100] | train_loss: 0.65583
2025-10-23 23:09:47,152 - INFO - [80/100] | train_loss: 0.66683
2025-10-23 23:09:52,369 - INFO - [90/100] | train_loss: 0.66978
2025-10-23 23:09:57,555 - INFO - [0/100] | train_loss: 0.11563
2025-10-23 23:10:02,882 - INFO - [10/100] | train_loss: 1.33933
2025-10-23 23:10:08,126 - INFO - [20/100] | train_loss: 0.97280
2025-10-23 23:10:13,524 - INFO - [30/100] | train_loss: 0.74774
2025-10-23 23:10:18,774 - INFO - [40/100] | train_loss: 0.70389
2025-10-23 23:10:24,029 - INFO - [50/100] | train_loss: 0.68452
2025-10-23 23:10:29,294 - INFO - [60/100] | train_loss: 0.69396
2025-10-23 23:10:34,567 - INFO - [70/100] | train_loss: 0.69176
2025-10-23 23:10:40,027 - INFO - [80/100] | train_loss: 0.69405
2025-10-23 23:10:45,330 - INFO - [90/100] | train_loss: 0.69893
2025-10-23 23:10:50,366 - INFO - ----------
2025-10-23 23:10:50,367 - INFO - sample 5/192 | d1: tidb-tidb; level: tidb; fault_type: pod failure
2025-10-23 23:10:50,367 - INFO - sample 5/192 | predict d1: [('tidb-tikv', 2.414529120829229), ('tidb-tidb', 2.0623027939781196), ('productcatalogservice', 1.4761795014747747), ('adservice', 1.4761255326120306), ('tidb-pd', 1.4758533591991352)]
2025-10-23 23:10:50,367 - INFO - sample 5/192 | predict d2: [('productcatalogservice/client_error_ratio', 1.1626767478531406), ('<intensity>; hipstershop.ProductCatalogService/ListProducts; type: downstream', 1.146921631070228), ('productcatalogservice/rrt_max', 1.1355744032771895), ('tidb-tikv/server_is_up', 1.124369503971792), ('tidb-tikv/cpu_usage', 1.0201186413964933)]
2025-10-23 23:10:50,367 - INFO - ----------
2025-10-23 23:10:50,724 - INFO - [0/100] | train_loss: 0.03704
2025-10-23 23:10:55,985 - INFO - [10/100] | train_loss: 1.26523
2025-10-23 23:11:01,218 - INFO - [20/100] | train_loss: 0.85679
2025-10-23 23:11:06,468 - INFO - [30/100] | train_loss: 0.62295
2025-10-23 23:11:11,677 - INFO - [40/100] | train_loss: 0.56093
2025-10-23 23:11:16,842 - INFO - [50/100] | train_loss: 0.55746
2025-10-23 23:11:22,222 - INFO - [60/100] | train_loss: 0.55872
2025-10-23 23:11:27,420 - INFO - [70/100] | train_loss: 0.56588
2025-10-23 23:11:32,800 - INFO - [80/100] | train_loss: 0.57285
2025-10-23 23:11:38,034 - INFO - [90/100] | train_loss: 0.57547
2025-10-23 23:11:43,447 - INFO - [0/100] | train_loss: 0.04159
2025-10-23 23:11:48,647 - INFO - [10/100] | train_loss: 1.27107
2025-10-23 23:11:53,946 - INFO - [20/100] | train_loss: 0.87627
2025-10-23 23:11:59,134 - INFO - [30/100] | train_loss: 0.65172
2025-10-23 23:12:04,331 - INFO - [40/100] | train_loss: 0.60048
2025-10-23 23:12:09,657 - INFO - [50/100] | train_loss: 0.60454
2025-10-23 23:12:14,891 - INFO - [60/100] | train_loss: 0.61415
2025-10-23 23:12:19,994 - INFO - [70/100] | train_loss: 0.62300
2025-10-23 23:12:25,231 - INFO - [80/100] | train_loss: 0.62908
2025-10-23 23:12:30,511 - INFO - [90/100] | train_loss: 0.62829
2025-10-23 23:12:35,565 - INFO - ----------
2025-10-23 23:12:35,565 - INFO - sample 6/192 | d1: tidb-tikv; level: tidb; fault_type: io fault
2025-10-23 23:12:35,565 - INFO - sample 6/192 | predict d1: [('tidb-tikv', 2.924857628780167), ('tidb-tidb', 2.9206297755407817), ('productcatalogservice', 1.9282490041293698), ('tidb-pd', 1.9272965862158529), ('productcatalogservice-1', 1.9272370230264428)]
2025-10-23 23:12:35,565 - INFO - sample 6/192 | predict d2: [('productcatalogservice/rrt_max', 1.389900446319409), ('tidb-tikv/qps', 1.1477877302331123), ('tidb-tikv/server_is_up', 1.1348480339384324), ('tidb-tikv/grpc_qps', 1.0633645774793408), ('tidb-tikv/threadpool_readpool_cpu', 1.0567605891677871)]
2025-10-23 23:12:35,565 - INFO - ----------
2025-10-23 23:12:35,924 - INFO - [0/100] | train_loss: 0.06929
2025-10-23 23:12:41,284 - INFO - [10/100] | train_loss: 1.28865
2025-10-23 23:12:46,470 - INFO - [20/100] | train_loss: 0.90237
2025-10-23 23:12:51,632 - INFO - [30/100] | train_loss: 0.68591
2025-10-23 23:12:56,917 - INFO - [40/100] | train_loss: 0.64869
2025-10-23 23:13:02,158 - INFO - [50/100] | train_loss: 0.62771
2025-10-23 23:13:07,514 - INFO - [60/100] | train_loss: 0.63998
2025-10-23 23:13:12,722 - INFO - [70/100] | train_loss: 0.62966
2025-10-23 23:13:18,165 - INFO - [80/100] | train_loss: 0.63730
2025-10-23 23:13:23,429 - INFO - [90/100] | train_loss: 0.66126
2025-10-23 23:13:28,620 - INFO - ----------
2025-10-23 23:13:28,620 - INFO - sample 7/192 | d1: checkoutservice; level: service; fault_type: dns error
2025-10-23 23:13:28,620 - INFO - sample 7/192 | predict d1: [('emailservice-2', 0.1652831108122541), ('checkoutservice', 0.1652793567411841), ('currencyservice', 0.1652651881503715), ('emailservice-0', 0.1652647643036378), ('checkoutservice-1', 0.165251998443682)]
2025-10-23 23:13:28,620 - INFO - sample 7/192 | predict d2: [('<intensity>; /hipstershop.EmailService/SendOrderConfirmation; type: downstream', 0.13325414340372177), ('emailservice/error', 0.12145150542504624), ('<duration>; hipstershop.EmailService/SendOrderConfirmation; type: upstream', 0.12092554190327842), ('<intensity>; hipstershop.EmailService/SendOrderConfirmation; type: upstream', 0.12077692307357957), ('emailservice/rrt_max', 0.11821755484683649)]
2025-10-23 23:13:28,620 - INFO - ----------
2025-10-23 23:13:28,985 - INFO - [0/100] | train_loss: 0.05779
2025-10-23 23:13:34,284 - INFO - [10/100] | train_loss: 1.28789
2025-10-23 23:13:39,521 - INFO - [20/100] | train_loss: 0.89691
2025-10-23 23:13:44,746 - INFO - [30/100] | train_loss: 0.67897
2025-10-23 23:13:49,942 - INFO - [40/100] | train_loss: 0.61794
2025-10-23 23:13:55,363 - INFO - [50/100] | train_loss: 0.60921
2025-10-23 23:14:00,577 - INFO - [60/100] | train_loss: 0.60794
2025-10-23 23:14:05,762 - INFO - [70/100] | train_loss: 0.60486
2025-10-23 23:14:10,978 - INFO - [80/100] | train_loss: 0.61271
2025-10-23 23:14:16,390 - INFO - [90/100] | train_loss: 0.61827
2025-10-23 23:14:21,644 - INFO - [0/100] | train_loss: 0.06755
2025-10-23 23:14:27,016 - INFO - [10/100] | train_loss: 1.26893
2025-10-23 23:14:32,201 - INFO - [20/100] | train_loss: 0.87094
2025-10-23 23:14:37,560 - INFO - [30/100] | train_loss: 0.60327
2025-10-23 23:14:42,815 - INFO - [40/100] | train_loss: 0.54342
2025-10-23 23:14:48,122 - INFO - [50/100] | train_loss: 0.47199
2025-10-23 23:14:53,536 - INFO - [60/100] | train_loss: 0.45247
2025-10-23 23:14:58,777 - INFO - [70/100] | train_loss: 0.44921
2025-10-23 23:15:04,152 - INFO - [80/100] | train_loss: 0.43840
2025-10-23 23:15:09,378 - INFO - [90/100] | train_loss: 0.44254
2025-10-23 23:15:14,545 - INFO - [0/100] | train_loss: 0.06119
2025-10-23 23:15:19,766 - INFO - [10/100] | train_loss: 1.23334
2025-10-23 23:15:24,976 - INFO - [20/100] | train_loss: 0.84696
2025-10-23 23:15:30,199 - INFO - [30/100] | train_loss: 0.60272
2025-10-23 23:15:35,498 - INFO - [40/100] | train_loss: 0.50048
2025-10-23 23:15:40,748 - INFO - [50/100] | train_loss: 0.47606
2025-10-23 23:15:45,971 - INFO - [60/100] | train_loss: 0.46445
2025-10-23 23:15:51,397 - INFO - [70/100] | train_loss: 0.45704
2025-10-23 23:15:56,714 - INFO - [80/100] | train_loss: 0.44983
2025-10-23 23:16:02,127 - INFO - [90/100] | train_loss: 0.44371
2025-10-23 23:16:07,411 - INFO - [0/100] | train_loss: 0.06203
2025-10-23 23:16:12,669 - INFO - [10/100] | train_loss: 1.26975
2025-10-23 23:16:17,929 - INFO - [20/100] | train_loss: 0.87499
2025-10-23 23:16:23,311 - INFO - [30/100] | train_loss: 0.61953
2025-10-23 23:16:28,570 - INFO - [40/100] | train_loss: 0.51242
2025-10-23 23:16:33,893 - INFO - [50/100] | train_loss: 0.50174
2025-10-23 23:16:39,395 - INFO - [60/100] | train_loss: 0.47729
2025-10-23 23:16:44,701 - INFO - [70/100] | train_loss: 0.45875
2025-10-23 23:16:49,993 - INFO - [80/100] | train_loss: 0.46893
2025-10-23 23:16:55,501 - INFO - [90/100] | train_loss: 0.59239
2025-10-23 23:17:00,592 - INFO - ----------
2025-10-23 23:17:00,592 - INFO - sample 8/192 | d1: emailservice; level: service; fault_type: target port misconfig
2025-10-23 23:17:00,592 - INFO - sample 8/192 | predict d1: [('emailservice-1', 4.3922425716483), ('emailservice', 4.3350853296673755), ('checkoutservice', 3.496930496371192), ('emailservice-0', 2.6297933257105006), ('emailservice-2', 2.6222147099851827)]
2025-10-23 23:17:00,592 - INFO - sample 8/192 | predict d2: [('emailservice/error', 2.7297804948884448), ('checkoutservice/rrt', 2.6073407642477164), ('<duration>; hipstershop.EmailService/SendOrderConfirmation; type: upstream', 2.5932374914367244), ('<duration>; hipstershop.EmailService/SendOrderConfirmation; type: downstream', 2.5046226223033656), ('emailservice/response', 2.4999682015929032)]
2025-10-23 23:17:00,592 - INFO - ----------
2025-10-23 23:17:00,954 - INFO - [0/100] | train_loss: 0.09476
2025-10-23 23:17:06,222 - INFO - [10/100] | train_loss: 1.31278
2025-10-23 23:17:11,449 - INFO - [20/100] | train_loss: 0.94843
2025-10-23 23:17:16,712 - INFO - [30/100] | train_loss: 0.66041
2025-10-23 23:17:21,991 - INFO - [40/100] | train_loss: 0.54078
2025-10-23 23:17:27,227 - INFO - [50/100] | train_loss: 0.52908
2025-10-23 23:17:32,504 - INFO - [60/100] | train_loss: 0.48416
2025-10-23 23:17:37,781 - INFO - [70/100] | train_loss: 0.46102
2025-10-23 23:17:42,984 - INFO - [80/100] | train_loss: 0.47958
2025-10-23 23:17:48,255 - INFO - [90/100] | train_loss: 0.55921
2025-10-23 23:17:53,568 - INFO - ----------
2025-10-23 23:17:53,568 - INFO - sample 9/192 | d1: productcatalogservice; level: service; fault_type: memory stress
2025-10-23 23:17:53,568 - INFO - sample 9/192 | predict d1: [('emailservice', 0.33527267100097724), ('emailservice-0', 0.33527267100097724), ('checkoutservice', 0.3352026531293699), ('emailservice-2', 0.0022840545238583254), ('emailservice-1', 0.0022589210882378585)]
2025-10-23 23:17:53,568 - INFO - sample 9/192 | predict d2: [('<duration>; hipstershop.EmailService/SendOrderConfirmation; type: downstream', 0.25249076272050175), ('emailservice/timeout', 0.2464920016906227), ('emailservice/response', 0.24417925907923), ('<duration>; hipstershop.EmailService/SendOrderConfirmation; type: upstream', 0.24329898554454843), ('<duration>; hipstershop.EmailService/SendOrderConfirmation; type: current', 0.24230064739188073)]
2025-10-23 23:17:53,568 - INFO - ----------
2025-10-23 23:17:53,932 - INFO - [0/100] | train_loss: 0.06708
2025-10-23 23:17:59,231 - INFO - [10/100] | train_loss: 1.28398
2025-10-23 23:18:04,695 - INFO - [20/100] | train_loss: 0.87083
2025-10-23 23:18:09,949 - INFO - [30/100] | train_loss: 0.67548
2025-10-23 23:18:15,053 - INFO - [40/100] | train_loss: 0.58125
2025-10-23 23:18:20,288 - INFO - [50/100] | train_loss: 0.56286
2025-10-23 23:18:25,516 - INFO - [60/100] | train_loss: 0.48884
2025-10-23 23:18:30,707 - INFO - [70/100] | train_loss: 0.47117
2025-10-23 23:18:35,906 - INFO - [80/100] | train_loss: 0.46878
2025-10-23 23:18:41,163 - INFO - [90/100] | train_loss: 0.46180
2025-10-23 23:18:46,481 - INFO - [0/100] | train_loss: 0.07314
2025-10-23 23:18:51,759 - INFO - [10/100] | train_loss: 1.27830
2025-10-23 23:18:57,061 - INFO - [20/100] | train_loss: 0.89661
2025-10-23 23:19:02,524 - INFO - [30/100] | train_loss: 0.66455
2025-10-23 23:19:07,761 - INFO - [40/100] | train_loss: 0.57129
2025-10-23 23:19:13,188 - INFO - [50/100] | train_loss: 0.65096
2025-10-23 23:19:18,456 - INFO - [60/100] | train_loss: 0.49766
2025-10-23 23:19:23,725 - INFO - [70/100] | train_loss: 0.57183
2025-10-23 23:19:29,003 - INFO - [80/100] | train_loss: 0.49211
2025-10-23 23:19:34,255 - INFO - [90/100] | train_loss: 0.47368
2025-10-23 23:19:39,271 - INFO - ----------
2025-10-23 23:19:39,271 - INFO - sample 10/192 | d1: aiops-k8s-06; level: node; fault_type: node cpu
2025-10-23 23:19:39,271 - INFO - sample 10/192 | predict d1: [('emailservice-1', 1.14125157948701), ('emailservice', 1.0799099552212077), ('checkoutservice', 1.0798006304140308), ('emailservice-0', 1.0332389492214982), ('emailservice-2', 0.007328377695896171)]
2025-10-23 23:19:39,271 - INFO - sample 10/192 | predict d2: [('<intensity>; hipstershop.EmailService/SendOrderConfirmation; type: downstream', 0.816198511961364), ('checkoutservice/rrt', 0.7812030760889037), ('checkoutservice/request', 0.7595984700789522), ('emailservice/request', 0.7462409769245504), ('checkoutservice/rrt_max', 0.7447433482752608)]
2025-10-23 23:19:39,271 - INFO - ----------
2025-10-23 23:19:39,636 - INFO - [0/100] | train_loss: 0.07442
2025-10-23 23:19:44,931 - INFO - [10/100] | train_loss: 1.35129
2025-10-23 23:19:50,462 - INFO - [20/100] | train_loss: 0.93104
2025-10-23 23:19:55,868 - INFO - [30/100] | train_loss: 0.71188
2025-10-23 23:20:01,395 - INFO - [40/100] | train_loss: 0.64210
2025-10-23 23:20:06,679 - INFO - [50/100] | train_loss: 0.64266
2025-10-23 23:20:11,930 - INFO - [60/100] | train_loss: 0.68304
2025-10-23 23:20:17,222 - INFO - [70/100] | train_loss: 0.66342
2025-10-23 23:20:22,484 - INFO - [80/100] | train_loss: 0.65656
2025-10-23 23:20:27,685 - INFO - [90/100] | train_loss: 0.65954
2025-10-23 23:20:32,709 - INFO - ----------
2025-10-23 23:20:32,709 - INFO - sample 11/192 | d1: checkoutservice; level: service; fault_type: code error
2025-10-23 23:20:32,709 - INFO - sample 11/192 | predict d1: [('tidb-tikv', 1.2362518535536786), ('tidb-pd', 0.6077745781821271), ('adservice', 0.6076030480877463), ('tidb-tidb', 0.6075884011633299), ('productcatalogservice', 0.6075517276620417)]
2025-10-23 23:20:32,709 - INFO - sample 11/192 | predict d2: [('productcatalogservice/client_error', 0.5240675175226706), ('productcatalogservice/timeout', 0.4978240124450508), ('productcatalogservice/rrt_max', 0.479635828814331), ('productcatalogservice/rrt', 0.47249629601502363), ('<duration>; hipstershop.ProductCatalogService/ListProducts; type: current', 0.44208643395397473)]
2025-10-23 23:20:32,709 - INFO - ----------
2025-10-23 23:20:33,068 - INFO - [0/100] | train_loss: 0.08748
2025-10-23 23:20:38,303 - INFO - [10/100] | train_loss: 1.31799
2025-10-23 23:20:43,541 - INFO - [20/100] | train_loss: 0.94247
2025-10-23 23:20:48,944 - INFO - [30/100] | train_loss: 0.82727
2025-10-23 23:20:54,207 - INFO - [40/100] | train_loss: 0.65147
2025-10-23 23:20:59,638 - INFO - [50/100] | train_loss: 0.64312
2025-10-23 23:21:05,003 - INFO - [60/100] | train_loss: 0.71902
2025-10-23 23:21:10,544 - INFO - [70/100] | train_loss: 0.67034
2025-10-23 23:21:15,725 - INFO - [80/100] | train_loss: 0.66675
2025-10-23 23:21:20,745 - INFO - [90/100] | train_loss: 0.72134
2025-10-23 23:21:25,781 - INFO - [0/100] | train_loss: 0.06292
2025-10-23 23:21:31,060 - INFO - [10/100] | train_loss: 1.34839
2025-10-23 23:21:36,058 - INFO - [20/100] | train_loss: 0.92298
2025-10-23 23:21:41,080 - INFO - [30/100] | train_loss: 0.69860
2025-10-23 23:21:46,134 - INFO - [40/100] | train_loss: 0.62986
2025-10-23 23:21:51,158 - INFO - [50/100] | train_loss: 0.61394
2025-10-23 23:21:56,655 - INFO - [60/100] | train_loss: 0.61316
2025-10-23 23:22:02,160 - INFO - [70/100] | train_loss: 0.62654
2025-10-23 23:22:07,614 - INFO - [80/100] | train_loss: 0.62560
2025-10-23 23:22:13,039 - INFO - [90/100] | train_loss: 0.65342
2025-10-23 23:22:18,193 - INFO - ----------
2025-10-23 23:22:18,193 - INFO - sample 12/192 | d1: tidb-tikv; level: tidb; fault_type: io fault
2025-10-23 23:22:18,193 - INFO - sample 12/192 | predict d1: [('tidb-tikv', 2.349043848517514), ('tidb-tidb', 1.9788900561038893), ('productcatalogservice', 1.4276666063637258), ('tidb-pd', 1.4269760981829585), ('productcatalogservice-1', 1.4266401925855305)]
2025-10-23 23:22:18,193 - INFO - sample 12/192 | predict d2: [('productcatalogservice/rrt_max', 1.1379671399100602), ('tidb-tikv/server_is_up', 0.9511240984117073), ('productcatalogservice/rrt', 0.9279667803145486), ('productcatalogservice/response', 0.9261434294374489), ('tidb-tikv/write_wal_mbps', 0.8851257016491054)]
2025-10-23 23:22:18,193 - INFO - ----------
2025-10-23 23:22:18,557 - INFO - [0/100] | train_loss: 0.10751
2025-10-23 23:22:23,865 - INFO - [10/100] | train_loss: 1.26240
2025-10-23 23:22:29,299 - INFO - [20/100] | train_loss: 0.85500
2025-10-23 23:22:34,620 - INFO - [30/100] | train_loss: 0.62704
2025-10-23 23:22:39,966 - INFO - [40/100] | train_loss: 0.55013
2025-10-23 23:22:45,372 - INFO - [50/100] | train_loss: 0.53496
2025-10-23 23:22:50,744 - INFO - [60/100] | train_loss: 0.52470
2025-10-23 23:22:55,991 - INFO - [70/100] | train_loss: 0.51625
2025-10-23 23:23:01,223 - INFO - [80/100] | train_loss: 0.51291
2025-10-23 23:23:06,520 - INFO - [90/100] | train_loss: 0.52475
2025-10-23 23:23:11,852 - INFO - [0/100] | train_loss: 0.11897
2025-10-23 23:23:17,075 - INFO - [10/100] | train_loss: 1.29840
2025-10-23 23:23:22,353 - INFO - [20/100] | train_loss: 0.88974
2025-10-23 23:23:27,660 - INFO - [30/100] | train_loss: 0.63978
2025-10-23 23:23:32,929 - INFO - [40/100] | train_loss: 0.59564
2025-10-23 23:23:38,247 - INFO - [50/100] | train_loss: 0.53459
2025-10-23 23:23:43,514 - INFO - [60/100] | train_loss: 0.56922
2025-10-23 23:23:48,733 - INFO - [70/100] | train_loss: 0.53037
2025-10-23 23:23:54,092 - INFO - [80/100] | train_loss: 0.51677
2025-10-23 23:23:59,346 - INFO - [90/100] | train_loss: 0.55373
2025-10-23 23:24:04,676 - INFO - [0/100] | train_loss: 0.12458
2025-10-23 23:24:09,898 - INFO - [10/100] | train_loss: 1.26789
2025-10-23 23:24:15,170 - INFO - [20/100] | train_loss: 0.87427
2025-10-23 23:24:20,481 - INFO - [30/100] | train_loss: 0.62921
2025-10-23 23:24:25,776 - INFO - [40/100] | train_loss: 0.55819
2025-10-23 23:24:31,046 - INFO - [50/100] | train_loss: 0.54673
2025-10-23 23:24:36,291 - INFO - [60/100] | train_loss: 0.53719
2025-10-23 23:24:41,556 - INFO - [70/100] | train_loss: 0.53058
2025-10-23 23:24:46,595 - INFO - [80/100] | train_loss: 0.51635
2025-10-23 23:24:51,775 - INFO - [90/100] | train_loss: 0.52424
2025-10-23 23:24:56,840 - INFO - ----------
2025-10-23 23:24:56,841 - INFO - sample 13/192 | d1: frontend; level: service; fault_type: network delay
2025-10-23 23:24:56,841 - INFO - sample 13/192 | predict d1: [('checkoutservice', 1.8056967787520115), ('cartservice', 1.8056964625878642), ('checkoutservice-0', 1.332073434059043), ('checkoutservice-2', 1.3265948171056088), ('emailservice', 1.1596901742634864)]
2025-10-23 23:24:56,841 - INFO - sample 13/192 | predict d2: [('checkoutservice/client_error', 1.3504142624818485), ('checkoutservice/request', 1.347643767732908), ('checkoutservice/response', 1.3304810980314627), ('<intensity>; hipstershop.CheckoutService/PlaceOrder; type: current', 1.320932148960452), ('checkoutservice/rrt_max', 1.295824679400134)]
2025-10-23 23:24:56,841 - INFO - ----------
2025-10-23 23:24:57,198 - INFO - [0/100] | train_loss: 0.07210
2025-10-23 23:25:02,437 - INFO - [10/100] | train_loss: 1.23103
2025-10-23 23:25:07,676 - INFO - [20/100] | train_loss: 0.83141
2025-10-23 23:25:12,923 - INFO - [30/100] | train_loss: 0.58415
2025-10-23 23:25:18,188 - INFO - [40/100] | train_loss: 0.51859
2025-10-23 23:25:23,440 - INFO - [50/100] | train_loss: 0.51252
2025-10-23 23:25:28,719 - INFO - [60/100] | train_loss: 0.49076
2025-10-23 23:25:33,969 - INFO - [70/100] | train_loss: 0.47823
2025-10-23 23:25:39,455 - INFO - [80/100] | train_loss: 0.49323
2025-10-23 23:25:44,733 - INFO - [90/100] | train_loss: 0.48634
2025-10-23 23:25:49,857 - INFO - ----------
2025-10-23 23:25:49,858 - INFO - sample 14/192 | d1: checkoutservice-2; level: pod; fault_type: dns error
2025-10-23 23:25:49,858 - INFO - sample 14/192 | predict d1: [('checkoutservice-0', 0.07551340168734466), ('checkoutservice', 0.07548717627009838), ('cartservice', 0.0754644335955561), ('currencyservice', 0.0754642740458249), ('emailservice', 0.07546301588223026)]
2025-10-23 23:25:49,858 - INFO - sample 14/192 | predict d2: [('checkoutservice/response', 0.057488567111151134), ('checkoutservice/request', 0.055449608159067854), ('checkoutservice/rrt_max', 0.054545280282600306), ('<intensity>; hipstershop.CheckoutService/PlaceOrder; type: upstream', 0.05436030288280547), ('checkoutservice/client_error', 0.05301091786898837)]
2025-10-23 23:25:49,858 - INFO - ----------
2025-10-23 23:25:50,228 - INFO - [0/100] | train_loss: 0.07686
2025-10-23 23:25:55,492 - INFO - [10/100] | train_loss: 1.38214
2025-10-23 23:26:00,748 - INFO - [20/100] | train_loss: 1.03836
2025-10-23 23:26:06,036 - INFO - [30/100] | train_loss: 0.89503
2025-10-23 23:26:11,307 - INFO - [40/100] | train_loss: 0.88994
2025-10-23 23:26:16,632 - INFO - [50/100] | train_loss: 0.90244
2025-10-23 23:26:21,943 - INFO - [60/100] | train_loss: 0.91410
2025-10-23 23:26:27,205 - INFO - [70/100] | train_loss: 0.91471
2025-10-23 23:26:32,460 - INFO - [80/100] | train_loss: 0.91167
2025-10-23 23:26:37,687 - INFO - [90/100] | train_loss: 0.90616
2025-10-23 23:26:42,986 - INFO - [0/100] | train_loss: 0.10405
2025-10-23 23:26:48,232 - INFO - [10/100] | train_loss: 1.28376
2025-10-23 23:26:53,481 - INFO - [20/100] | train_loss: 0.92336
2025-10-23 23:26:58,707 - INFO - [30/100] | train_loss: 0.66184
2025-10-23 23:27:03,979 - INFO - [40/100] | train_loss: 0.57044
2025-10-23 23:27:09,295 - INFO - [50/100] | train_loss: 0.57915
2025-10-23 23:27:14,638 - INFO - [60/100] | train_loss: 0.53373
2025-10-23 23:27:19,969 - INFO - [70/100] | train_loss: 0.52750
2025-10-23 23:27:25,226 - INFO - [80/100] | train_loss: 0.55515
2025-10-23 23:27:30,506 - INFO - [90/100] | train_loss: 0.60683
2025-10-23 23:27:35,806 - INFO - [0/100] | train_loss: 0.09825
2025-10-23 23:27:40,831 - INFO - [10/100] | train_loss: 1.28785
2025-10-23 23:27:46,013 - INFO - [20/100] | train_loss: 0.90292
2025-10-23 23:27:51,246 - INFO - [30/100] | train_loss: 0.67288
2025-10-23 23:27:56,485 - INFO - [40/100] | train_loss: 0.64950
2025-10-23 23:28:01,710 - INFO - [50/100] | train_loss: 0.55837
2025-10-23 23:28:06,988 - INFO - [60/100] | train_loss: 0.56318
2025-10-23 23:28:12,246 - INFO - [70/100] | train_loss: 0.59488
2025-10-23 23:28:17,467 - INFO - [80/100] | train_loss: 0.52642
2025-10-23 23:28:22,720 - INFO - [90/100] | train_loss: 0.52932
2025-10-23 23:28:27,953 - INFO - [0/100] | train_loss: 0.05759
2025-10-23 23:28:33,136 - INFO - [10/100] | train_loss: 1.22605
2025-10-23 23:28:38,326 - INFO - [20/100] | train_loss: 0.81506
2025-10-23 23:28:43,542 - INFO - [30/100] | train_loss: 0.57847
2025-10-23 23:28:48,758 - INFO - [40/100] | train_loss: 0.51421
2025-10-23 23:28:53,994 - INFO - [50/100] | train_loss: 0.50038
2025-10-23 23:28:59,199 - INFO - [60/100] | train_loss: 0.48659
2025-10-23 23:29:04,449 - INFO - [70/100] | train_loss: 0.47998
2025-10-23 23:29:09,739 - INFO - [80/100] | train_loss: 0.48066
2025-10-23 23:29:15,033 - INFO - [90/100] | train_loss: 0.48434
2025-10-23 23:29:20,341 - INFO - [0/100] | train_loss: 0.03490
2025-10-23 23:29:25,579 - INFO - [10/100] | train_loss: 1.20671
2025-10-23 23:29:30,825 - INFO - [20/100] | train_loss: 0.79812
2025-10-23 23:29:36,097 - INFO - [30/100] | train_loss: 0.56120
2025-10-23 23:29:41,327 - INFO - [40/100] | train_loss: 0.50249
2025-10-23 23:29:46,582 - INFO - [50/100] | train_loss: 0.48537
2025-10-23 23:29:51,943 - INFO - [60/100] | train_loss: 0.47147
2025-10-23 23:29:57,246 - INFO - [70/100] | train_loss: 0.46254
2025-10-23 23:30:02,504 - INFO - [80/100] | train_loss: 0.46500
2025-10-23 23:30:07,812 - INFO - [90/100] | train_loss: 0.47049
2025-10-23 23:30:13,128 - INFO - [0/100] | train_loss: 0.10896
2025-10-23 23:30:18,324 - INFO - [10/100] | train_loss: 1.24080
2025-10-23 23:30:23,531 - INFO - [20/100] | train_loss: 0.82629
2025-10-23 23:30:28,849 - INFO - [30/100] | train_loss: 0.58368
2025-10-23 23:30:34,001 - INFO - [40/100] | train_loss: 0.51726
2025-10-23 23:30:39,363 - INFO - [50/100] | train_loss: 0.49915
2025-10-23 23:30:44,579 - INFO - [60/100] | train_loss: 0.48243
2025-10-23 23:30:49,778 - INFO - [70/100] | train_loss: 0.47525
2025-10-23 23:30:54,990 - INFO - [80/100] | train_loss: 0.49653
2025-10-23 23:31:00,193 - INFO - [90/100] | train_loss: 0.48097
2025-10-23 23:31:05,171 - INFO - ----------
2025-10-23 23:31:05,171 - INFO - sample 15/192 | d1: frontend; level: service; fault_type: code error
2025-10-23 23:31:05,171 - INFO - sample 15/192 | predict d1: [('frontend', 5.434933269960604), ('cartservice', 5.022769172306692), ('frontend-1', 3.8966964227741085), ('frontend-2', 3.895083838215034), ('checkoutservice', 3.0775256917974425)]
2025-10-23 23:31:05,171 - INFO - sample 15/192 | predict d2: [('frontend/response', 3.415350687992884), ('frontend/server_error', 3.359186462409003), ('frontend/request', 3.3539020739047736), ('frontend/rrt_max', 3.3364996351255876), ('frontend/rrt', 3.252713760013389)]
2025-10-23 23:31:05,171 - INFO - ----------
2025-10-23 23:31:05,515 - INFO - [0/100] | train_loss: 0.04068
2025-10-23 23:31:10,722 - INFO - [10/100] | train_loss: 1.22643
2025-10-23 23:31:15,984 - INFO - [20/100] | train_loss: 0.81495
2025-10-23 23:31:21,265 - INFO - [30/100] | train_loss: 0.56586
2025-10-23 23:31:26,528 - INFO - [40/100] | train_loss: 0.49626
2025-10-23 23:31:31,789 - INFO - [50/100] | train_loss: 0.48109
2025-10-23 23:31:37,005 - INFO - [60/100] | train_loss: 0.46429
2025-10-23 23:31:42,227 - INFO - [70/100] | train_loss: 0.46174
2025-10-23 23:31:47,439 - INFO - [80/100] | train_loss: 0.46733
2025-10-23 23:31:52,723 - INFO - [90/100] | train_loss: 0.46477
2025-10-23 23:31:57,793 - INFO - ----------
2025-10-23 23:31:57,794 - INFO - sample 16/192 | d1: adservice; level: service; fault_type: memory stress
2025-10-23 23:31:57,794 - INFO - sample 16/192 | predict d1: [('checkoutservice-0', 0.0280906607344511), ('checkoutservice', 0.028090022922941715), ('shippingservice', 0.02808156852782795), ('checkoutservice-1', 0.028081213999621935), ('checkoutservice-2', 0.00036155894880115884)]
2025-10-23 23:31:57,794 - INFO - sample 16/192 | predict d2: [('checkoutservice/request', 0.019813734976864228), ('checkoutservice/rrt_max', 0.01956841163614531), ('checkoutservice/client_error', 0.018872513479111452), ('<intensity>; hipstershop.CheckoutService/PlaceOrder; type: current', 0.018262723268459014), ('checkoutservice/server_error', 0.015584798705095215)]
2025-10-23 23:31:57,794 - INFO - ----------
2025-10-23 23:31:58,158 - INFO - [0/100] | train_loss: 0.06018
2025-10-23 23:32:03,662 - INFO - [10/100] | train_loss: 1.25611
2025-10-23 23:32:08,892 - INFO - [20/100] | train_loss: 0.83726
2025-10-23 23:32:14,086 - INFO - [30/100] | train_loss: 0.59156
2025-10-23 23:32:19,547 - INFO - [40/100] | train_loss: 0.52616
2025-10-23 23:32:24,716 - INFO - [50/100] | train_loss: 0.53978
2025-10-23 23:32:29,890 - INFO - [60/100] | train_loss: 0.53866
2025-10-23 23:32:35,077 - INFO - [70/100] | train_loss: 0.49116
2025-10-23 23:32:40,339 - INFO - [80/100] | train_loss: 0.49428
2025-10-23 23:32:45,539 - INFO - [90/100] | train_loss: 0.50587
2025-10-23 23:32:50,565 - INFO - ----------
2025-10-23 23:32:50,565 - INFO - sample 17/192 | d1: checkoutservice-0; level: pod; fault_type: dns error
2025-10-23 23:32:50,565 - INFO - sample 17/192 | predict d1: [('checkoutservice-2', 0.20083595331676207), ('checkoutservice', 0.20083595331676207), ('frontend', 0.2007790230383737), ('emailservice', 0.20075557901874763), ('cartservice', 0.20074700430489578)]
2025-10-23 23:32:50,565 - INFO - sample 17/192 | predict d2: [('checkoutservice/error_ratio', 0.16989438339760277), ('checkoutservice/request', 0.16560048931359272), ('checkoutservice/client_error', 0.1536530263806295), ('checkoutservice/error', 0.15323194365047055), ('<intensity>; hipstershop.CheckoutService/PlaceOrder; type: downstream', 0.15086073812688472)]
2025-10-23 23:32:50,565 - INFO - ----------
2025-10-23 23:32:50,923 - INFO - [0/100] | train_loss: 0.18100
2025-10-23 23:32:56,041 - INFO - [10/100] | train_loss: 0.86143
2025-10-23 23:33:01,338 - INFO - [20/100] | train_loss: 0.65514
2025-10-23 23:33:06,520 - INFO - [30/100] | train_loss: 0.44515
2025-10-23 23:33:11,733 - INFO - [40/100] | train_loss: 0.33386
2025-10-23 23:33:16,947 - INFO - [50/100] | train_loss: 0.28693
2025-10-23 23:33:22,358 - INFO - [60/100] | train_loss: 0.25966
2025-10-23 23:33:27,582 - INFO - [70/100] | train_loss: 0.25377
2025-10-23 23:33:32,692 - INFO - [80/100] | train_loss: 0.24134
2025-10-23 23:33:37,754 - INFO - [90/100] | train_loss: 0.29206
2025-10-23 23:33:42,976 - INFO - [0/100] | train_loss: 0.07092
2025-10-23 23:33:48,215 - INFO - [10/100] | train_loss: 1.31050
2025-10-23 23:33:53,614 - INFO - [20/100] | train_loss: 0.92771
2025-10-23 23:33:58,857 - INFO - [30/100] | train_loss: 0.74654
2025-10-23 23:34:04,265 - INFO - [40/100] | train_loss: 0.71665
2025-10-23 23:34:09,522 - INFO - [50/100] | train_loss: 0.71686
2025-10-23 23:34:14,771 - INFO - [60/100] | train_loss: 0.74419
2025-10-23 23:34:20,190 - INFO - [70/100] | train_loss: 0.73796
2025-10-23 23:34:25,439 - INFO - [80/100] | train_loss: 0.73920
2025-10-23 23:34:30,684 - INFO - [90/100] | train_loss: 0.73626
2025-10-23 23:34:35,913 - INFO - ----------
2025-10-23 23:34:35,913 - INFO - sample 18/192 | d1: aiops-k8s-03; level: node; fault_type: node memory
2025-10-23 23:34:35,913 - INFO - sample 18/192 | predict d1: [('aiops-k8s-03', 1.7340167945773857), ('checkoutservice', 0.15708286763340595), ('cartservice', 0.15708286763340595), ('frontend', 0.15705352906252656), ('redis-cart', 0.15703135671827795)]
2025-10-23 23:34:35,913 - INFO - sample 18/192 | predict d2: [('aiops-k8s-03/node_cpu_usage_rate', 0.7301785066930506), ('aiops-k8s-03/node_network_receive_packets_total', 0.666613976376496), ('aiops-k8s-03/node_filesystem_usage_rate', 0.6542278322784654), ('aiops-k8s-03/node_network_transmit_packets_total', 0.6465693940116637), ('aiops-k8s-03/node_memory_MemAvailable_bytes', 0.6330114952963584)]
2025-10-23 23:34:35,913 - INFO - ----------
2025-10-23 23:34:36,271 - INFO - [0/100] | train_loss: 0.08222
2025-10-23 23:34:41,528 - INFO - [10/100] | train_loss: 1.38499
2025-10-23 23:34:46,865 - INFO - [20/100] | train_loss: 1.02976
2025-10-23 23:34:52,034 - INFO - [30/100] | train_loss: 0.86794
2025-10-23 23:34:57,199 - INFO - [40/100] | train_loss: 0.85953
2025-10-23 23:35:02,380 - INFO - [50/100] | train_loss: 0.87410
2025-10-23 23:35:07,559 - INFO - [60/100] | train_loss: 0.88309
2025-10-23 23:35:12,894 - INFO - [70/100] | train_loss: 0.89699
2025-10-23 23:35:18,180 - INFO - [80/100] | train_loss: 0.90606
2025-10-23 23:35:23,644 - INFO - [90/100] | train_loss: 0.88089
2025-10-23 23:35:28,949 - INFO - [0/100] | train_loss: 0.07578
2025-10-23 23:35:34,199 - INFO - [10/100] | train_loss: 1.23531
2025-10-23 23:35:39,455 - INFO - [20/100] | train_loss: 0.82748
2025-10-23 23:35:44,697 - INFO - [30/100] | train_loss: 0.59696
2025-10-23 23:35:50,073 - INFO - [40/100] | train_loss: 0.52424
2025-10-23 23:35:55,302 - INFO - [50/100] | train_loss: 0.50713
2025-10-23 23:36:00,521 - INFO - [60/100] | train_loss: 0.49330
2025-10-23 23:36:05,885 - INFO - [70/100] | train_loss: 0.48524
2025-10-23 23:36:11,117 - INFO - [80/100] | train_loss: 0.48597
2025-10-23 23:36:16,335 - INFO - [90/100] | train_loss: 0.49541
2025-10-23 23:36:21,703 - INFO - [0/100] | train_loss: 0.07355
2025-10-23 23:36:26,882 - INFO - [10/100] | train_loss: 1.23004
2025-10-23 23:36:32,049 - INFO - [20/100] | train_loss: 0.82683
2025-10-23 23:36:37,046 - INFO - [30/100] | train_loss: 0.58950
2025-10-23 23:36:42,076 - INFO - [40/100] | train_loss: 0.52206
2025-10-23 23:36:47,367 - INFO - [50/100] | train_loss: 0.50657
2025-10-23 23:36:52,388 - INFO - [60/100] | train_loss: 0.49211
2025-10-23 23:36:57,659 - INFO - [70/100] | train_loss: 0.48257
2025-10-23 23:37:02,745 - INFO - [80/100] | train_loss: 0.48910
2025-10-23 23:37:07,806 - INFO - [90/100] | train_loss: 0.49412
2025-10-23 23:37:12,987 - INFO - [0/100] | train_loss: 0.08941
2025-10-23 23:37:18,208 - INFO - [10/100] | train_loss: 1.23480
2025-10-23 23:37:23,480 - INFO - [20/100] | train_loss: 0.81749
2025-10-23 23:37:28,748 - INFO - [30/100] | train_loss: 0.57845
2025-10-23 23:37:34,062 - INFO - [40/100] | train_loss: 0.51035
2025-10-23 23:37:39,351 - INFO - [50/100] | train_loss: 0.49610
2025-10-23 23:37:44,588 - INFO - [60/100] | train_loss: 0.48199
2025-10-23 23:37:49,799 - INFO - [70/100] | train_loss: 0.47353
2025-10-23 23:37:55,047 - INFO - [80/100] | train_loss: 0.47365
2025-10-23 23:38:00,324 - INFO - [90/100] | train_loss: 0.47410
2025-10-23 23:38:05,345 - INFO - ----------
2025-10-23 23:38:05,345 - INFO - sample 19/192 | d1: checkoutservice; level: service; fault_type: network delay
2025-10-23 23:38:05,345 - INFO - sample 19/192 | predict d1: [('checkoutservice-1', 4.863501702524314), ('checkoutservice-2', 4.863070017768887), ('checkoutservice', 4.858052098672314), ('emailservice', 3.872542984263866), ('cartservice', 3.8554831611385296)]
2025-10-23 23:38:05,345 - INFO - sample 19/192 | predict d2: [('checkoutservice/client_error', 3.104222371231515), ('checkoutservice/rrt_max', 2.9204554284662194), ('checkoutservice/request', 2.8758242926393436), ('checkoutservice/error', 2.838934636339374), ('checkoutservice/response', 2.8162394181408246)]
2025-10-23 23:38:05,345 - INFO - ----------
2025-10-23 23:38:05,707 - INFO - [0/100] | train_loss: 0.05963
2025-10-23 23:38:10,881 - INFO - [10/100] | train_loss: 1.29841
2025-10-23 23:38:16,062 - INFO - [20/100] | train_loss: 0.93447
2025-10-23 23:38:21,269 - INFO - [30/100] | train_loss: 0.72002
2025-10-23 23:38:26,524 - INFO - [40/100] | train_loss: 0.68279
2025-10-23 23:38:31,735 - INFO - [50/100] | train_loss: 0.67885
2025-10-23 23:38:36,969 - INFO - [60/100] | train_loss: 0.68628
2025-10-23 23:38:42,167 - INFO - [70/100] | train_loss: 0.68534
2025-10-23 23:38:47,346 - INFO - [80/100] | train_loss: 0.70043
2025-10-23 23:38:52,666 - INFO - [90/100] | train_loss: 0.69502
2025-10-23 23:38:57,840 - INFO - [0/100] | train_loss: 0.05493
2025-10-23 23:39:03,132 - INFO - [10/100] | train_loss: 1.24202
2025-10-23 23:39:08,608 - INFO - [20/100] | train_loss: 0.85355
2025-10-23 23:39:13,863 - INFO - [30/100] | train_loss: 0.59585
2025-10-23 23:39:19,722 - INFO - [40/100] | train_loss: 0.48137
2025-10-23 23:39:25,392 - INFO - [50/100] | train_loss: 0.46225
2025-10-23 23:39:30,919 - INFO - [60/100] | train_loss: 0.43931
2025-10-23 23:39:36,180 - INFO - [70/100] | train_loss: 0.43660
2025-10-23 23:39:41,365 - INFO - [80/100] | train_loss: 0.47638
2025-10-23 23:39:46,575 - INFO - [90/100] | train_loss: 0.44058
2025-10-23 23:39:52,068 - INFO - [0/100] | train_loss: 0.04116
2025-10-23 23:39:57,512 - INFO - [10/100] | train_loss: 1.23792
2025-10-23 23:40:02,684 - INFO - [20/100] | train_loss: 0.83248
2025-10-23 23:40:07,894 - INFO - [30/100] | train_loss: 0.55228
2025-10-23 23:40:12,936 - INFO - [40/100] | train_loss: 0.45344
2025-10-23 23:40:18,166 - INFO - [50/100] | train_loss: 0.43820
2025-10-23 23:40:23,441 - INFO - [60/100] | train_loss: 0.42116
2025-10-23 23:40:28,660 - INFO - [70/100] | train_loss: 0.41166
2025-10-23 23:40:33,926 - INFO - [80/100] | train_loss: 0.41931
2025-10-23 23:40:39,413 - INFO - [90/100] | train_loss: 0.40215
2025-10-23 23:40:44,639 - INFO - [0/100] | train_loss: 0.04676
2025-10-23 23:40:49,836 - INFO - [10/100] | train_loss: 1.22494
2025-10-23 23:40:55,065 - INFO - [20/100] | train_loss: 0.81659
2025-10-23 23:41:00,283 - INFO - [30/100] | train_loss: 0.64352
2025-10-23 23:41:05,526 - INFO - [40/100] | train_loss: 0.45295
2025-10-23 23:41:10,909 - INFO - [50/100] | train_loss: 0.43624
2025-10-23 23:41:16,121 - INFO - [60/100] | train_loss: 0.43249
2025-10-23 23:41:21,315 - INFO - [70/100] | train_loss: 0.42379
2025-10-23 23:41:26,505 - INFO - [80/100] | train_loss: 0.44502
2025-10-23 23:41:31,700 - INFO - [90/100] | train_loss: 0.50136
2025-10-23 23:41:36,881 - INFO - ----------
2025-10-23 23:41:36,882 - INFO - sample 20/192 | d1: currencyservice; level: service; fault_type: code error
2025-10-23 23:41:36,882 - INFO - sample 20/192 | predict d1: [('currencyservice', 4.729230692832957), ('currencyservice-0', 3.805151528745528), ('currencyservice-1', 3.783951818774192), ('currencyservice-2', 2.847600124773728), ('checkoutservice', 2.838939849940915)]
2025-10-23 23:41:36,882 - INFO - sample 20/192 | predict d2: [('currencyservice/response', 2.9384115904226995), ('currencyservice/request', 2.907831956648355), ('currencyservice/rrt_max', 2.8657503915718756), ('<intensity>; hipstershop.CurrencyService/Convert; type: current', 2.857424000586395), ('<intensity>; hipstershop.CurrencyService/Convert; type: downstream', 2.7756545468052245)]
2025-10-23 23:41:36,882 - INFO - ----------
2025-10-23 23:41:37,240 - INFO - [0/100] | train_loss: 0.06484
2025-10-23 23:41:42,446 - INFO - [10/100] | train_loss: 1.25809
2025-10-23 23:41:47,622 - INFO - [20/100] | train_loss: 0.84655
2025-10-23 23:41:52,839 - INFO - [30/100] | train_loss: 0.59811
2025-10-23 23:41:58,025 - INFO - [40/100] | train_loss: 0.52644
2025-10-23 23:42:03,275 - INFO - [50/100] | train_loss: 0.50837
2025-10-23 23:42:08,682 - INFO - [60/100] | train_loss: 0.49287
2025-10-23 23:42:13,899 - INFO - [70/100] | train_loss: 0.48534
2025-10-23 23:42:19,145 - INFO - [80/100] | train_loss: 0.52696
2025-10-23 23:42:24,372 - INFO - [90/100] | train_loss: 0.51429
2025-10-23 23:42:29,462 - INFO - ----------
2025-10-23 23:42:29,462 - INFO - sample 21/192 | d1: checkoutservice-0; level: pod; fault_type: dns error
2025-10-23 23:42:29,462 - INFO - sample 21/192 | predict d1: [('checkoutservice-2', 0.23027391863989433), ('checkoutservice', 0.2301838593214196), ('paymentservice', 0.23017422351661754), ('emailservice', 0.23010556319322273), ('productcatalogservice', 0.002966926477653717)]
2025-10-23 23:42:29,462 - INFO - sample 21/192 | predict d2: [('checkoutservice/response', 0.1793294881737717), ('<intensity>; hipstershop.CheckoutService/PlaceOrder; type: upstream', 0.17416276407711173), ('<intensity>; hipstershop.CheckoutService/PlaceOrder; type: downstream', 0.17175072608198327), ('checkoutservice/request', 0.17135015191092595), ('checkoutservice/rrt_max', 0.17023360824366662)]
2025-10-23 23:42:29,462 - INFO - ----------
2025-10-23 23:42:29,825 - INFO - [0/100] | train_loss: 0.04877
2025-10-23 23:42:35,252 - INFO - [10/100] | train_loss: 1.21681
2025-10-23 23:42:40,479 - INFO - [20/100] | train_loss: 0.79702
2025-10-23 23:42:45,704 - INFO - [30/100] | train_loss: 0.51915
2025-10-23 23:42:50,908 - INFO - [40/100] | train_loss: 0.42895
2025-10-23 23:42:56,114 - INFO - [50/100] | train_loss: 0.39932
2025-10-23 23:43:01,333 - INFO - [60/100] | train_loss: 0.38354
2025-10-23 23:43:06,610 - INFO - [70/100] | train_loss: 0.38291
2025-10-23 23:43:11,652 - INFO - [80/100] | train_loss: 0.43775
2025-10-23 23:43:16,823 - INFO - [90/100] | train_loss: 0.38316
2025-10-23 23:43:22,063 - INFO - ----------
2025-10-23 23:43:22,063 - INFO - sample 22/192 | d1: aiops-k8s-06; level: node; fault_type: node cpu
2025-10-23 23:43:22,063 - INFO - sample 22/192 | predict d1: [('currencyservice', 0.03243655430480885), ('checkoutservice', 0.03243655430480885), ('frontend', 0.032436074994777186), ('currencyservice-1', 0.0324345474376031), ('currencyservice-2', 0.0002484276771921867)]
2025-10-23 23:43:22,063 - INFO - sample 22/192 | predict d2: [('currencyservice/rrt', 0.017234077343779575), ('currencyservice/rrt_max', 0.01621712271665743), ('currencyservice/error', 0.015246848210423991), ('currencyservice/server_error', 0.014798802442044234), ('currencyservice/timeout', 0.014786762213017113)]
2025-10-23 23:43:22,063 - INFO - ----------
2025-10-23 23:43:22,418 - INFO - [0/100] | train_loss: 0.13335
2025-10-23 23:43:27,560 - INFO - [10/100] | train_loss: 0.83035
2025-10-23 23:43:32,724 - INFO - [20/100] | train_loss: 0.59057
2025-10-23 23:43:37,881 - INFO - [30/100] | train_loss: 0.37608
2025-10-23 23:43:43,060 - INFO - [40/100] | train_loss: 0.24873
2025-10-23 23:43:48,401 - INFO - [50/100] | train_loss: 0.20263
2025-10-23 23:43:53,574 - INFO - [60/100] | train_loss: 0.15127
2025-10-23 23:43:58,929 - INFO - [70/100] | train_loss: 0.13768
2025-10-23 23:44:04,107 - INFO - [80/100] | train_loss: 0.13518
2025-10-23 23:44:09,276 - INFO - [90/100] | train_loss: 0.12868
2025-10-23 23:44:14,446 - INFO - [0/100] | train_loss: 0.07798
2025-10-23 23:44:19,605 - INFO - [10/100] | train_loss: 1.31371
2025-10-23 23:44:24,780 - INFO - [20/100] | train_loss: 0.90646
2025-10-23 23:44:29,959 - INFO - [30/100] | train_loss: 0.68004
2025-10-23 23:44:35,402 - INFO - [40/100] | train_loss: 0.63172
2025-10-23 23:44:40,653 - INFO - [50/100] | train_loss: 0.65469
2025-10-23 23:44:46,061 - INFO - [60/100] | train_loss: 0.62920
2025-10-23 23:44:51,283 - INFO - [70/100] | train_loss: 0.64067
2025-10-23 23:44:56,524 - INFO - [80/100] | train_loss: 0.64486
2025-10-23 23:45:01,709 - INFO - [90/100] | train_loss: 0.64427
2025-10-23 23:45:06,695 - INFO - ----------
2025-10-23 23:45:06,695 - INFO - sample 23/192 | d1: aiops-k8s-07; level: node; fault_type: node disk fill
2025-10-23 23:45:06,695 - INFO - sample 23/192 | predict d1: [('aiops-k8s-07', 1.9943290490189156), ('tidb-pd', 0.22826052984589307), ('tidb-tikv', 0.22826052984589307), ('adservice', 0.22825239740267467), ('productcatalogservice', 0.228248528160659)]
2025-10-23 23:45:06,695 - INFO - sample 23/192 | predict d2: [('aiops-k8s-07/node_disk_read_time_seconds_total', 0.7745942693460819), ('aiops-k8s-07/node_cpu_usage_rate', 0.7121359535251628), ('aiops-k8s-07/node_disk_written_bytes_total', 0.6824703223760764), ('aiops-k8s-07/node_disk_read_bytes_total', 0.6384739700451831), ('aiops-k8s-07/node_disk_write_time_seconds_total', 0.5784100613253571)]
2025-10-23 23:45:06,695 - INFO - ----------
2025-10-23 23:45:07,056 - INFO - [0/100] | train_loss: 0.08883
2025-10-23 23:45:12,209 - INFO - [10/100] | train_loss: 1.29780
2025-10-23 23:45:17,555 - INFO - [20/100] | train_loss: 0.90569
2025-10-23 23:45:22,766 - INFO - [30/100] | train_loss: 0.65349
2025-10-23 23:45:28,094 - INFO - [40/100] | train_loss: 0.61364
2025-10-23 23:45:33,272 - INFO - [50/100] | train_loss: 0.54681
2025-10-23 23:45:38,485 - INFO - [60/100] | train_loss: 0.52756
2025-10-23 23:45:43,676 - INFO - [70/100] | train_loss: 0.55705
2025-10-23 23:45:48,991 - INFO - [80/100] | train_loss: 0.52856
2025-10-23 23:45:54,205 - INFO - [90/100] | train_loss: 0.56432
2025-10-23 23:45:59,277 - INFO - ----------
2025-10-23 23:45:59,277 - INFO - sample 24/192 | d1: checkoutservice-2; level: pod; fault_type: dns error
2025-10-23 23:45:59,277 - INFO - sample 24/192 | predict d1: [('checkoutservice-2', 0.4494933202875959), ('checkoutservice', 0.44932514064020346), ('cartservice', 0.44932514064020346), ('shippingservice', 0.4491951121035296), ('productcatalogservice', 0.44919443374096346)]
2025-10-23 23:45:59,277 - INFO - sample 24/192 | predict d2: [('<duration>; hipstershop.CheckoutService/PlaceOrder; type: current', 0.37348672925673654), ('checkoutservice/error', 0.36204714855572107), ('<intensity>; hipstershop.CheckoutService/PlaceOrder; type: current', 0.34997107382616655), ('checkoutservice/request', 0.3442852558729701), ('checkoutservice/rrt', 0.3292351039810324)]
2025-10-23 23:45:59,277 - INFO - ----------
2025-10-23 23:45:59,639 - INFO - [0/100] | train_loss: 0.09402
2025-10-23 23:46:04,983 - INFO - [10/100] | train_loss: 1.30430
2025-10-23 23:46:10,056 - INFO - [20/100] | train_loss: 0.94347
2025-10-23 23:46:15,221 - INFO - [30/100] | train_loss: 0.71021
2025-10-23 23:46:20,374 - INFO - [40/100] | train_loss: 0.63943
2025-10-23 23:46:25,558 - INFO - [50/100] | train_loss: 0.64327
2025-10-23 23:46:30,727 - INFO - [60/100] | train_loss: 0.62208
2025-10-23 23:46:36,068 - INFO - [70/100] | train_loss: 0.62753
2025-10-23 23:46:41,242 - INFO - [80/100] | train_loss: 0.63415
2025-10-23 23:46:46,621 - INFO - [90/100] | train_loss: 0.63782
2025-10-23 23:46:51,624 - INFO - ----------
2025-10-23 23:46:51,625 - INFO - sample 25/192 | d1: tidb-tikv; level: tidb; fault_type: io fault
2025-10-23 23:46:51,625 - INFO - sample 25/192 | predict d1: [('tidb-tikv', 1.0993079784735826), ('tidb-tidb', 0.5407092039734529), ('tidb-pd', 0.539264738973948), ('adservice', 0.539264738973948), ('productcatalogservice', 0.5390861132186409)]
2025-10-23 23:46:51,625 - INFO - sample 25/192 | predict d2: [('tidb-tikv/write_wal_mbps', 0.42396123213448433), ('productcatalogservice/timeout', 0.3998401061542367), ('tidb-tikv/store_size', 0.3984867658886415), ('tidb-pd/memory_usage', 0.3846720434594886), ('tidb-tikv/capacity_size', 0.37861336236430176)]
2025-10-23 23:46:51,625 - INFO - ----------
2025-10-23 23:46:51,979 - INFO - [0/100] | train_loss: 0.07028
2025-10-23 23:46:57,315 - INFO - [10/100] | train_loss: 1.34622
2025-10-23 23:47:02,492 - INFO - [20/100] | train_loss: 0.96173
2025-10-23 23:47:07,835 - INFO - [30/100] | train_loss: 0.81457
2025-10-23 23:47:13,056 - INFO - [40/100] | train_loss: 0.81219
2025-10-23 23:47:18,497 - INFO - [50/100] | train_loss: 0.83337
2025-10-23 23:47:23,705 - INFO - [60/100] | train_loss: 0.84848
2025-10-23 23:47:29,162 - INFO - [70/100] | train_loss: 0.86447
2025-10-23 23:47:34,389 - INFO - [80/100] | train_loss: 0.84994
2025-10-23 23:47:39,574 - INFO - [90/100] | train_loss: 0.86393
2025-10-23 23:47:44,775 - INFO - [0/100] | train_loss: 0.09295
2025-10-23 23:47:49,963 - INFO - [10/100] | train_loss: 1.23855
2025-10-23 23:47:55,145 - INFO - [20/100] | train_loss: 0.83164
2025-10-23 23:48:00,509 - INFO - [30/100] | train_loss: 0.59172
2025-10-23 23:48:05,645 - INFO - [40/100] | train_loss: 0.52944
2025-10-23 23:48:11,022 - INFO - [50/100] | train_loss: 0.51529
2025-10-23 23:48:16,238 - INFO - [60/100] | train_loss: 0.49945
2025-10-23 23:48:21,420 - INFO - [70/100] | train_loss: 0.49550
2025-10-23 23:48:26,809 - INFO - [80/100] | train_loss: 0.50004
2025-10-23 23:48:31,975 - INFO - [90/100] | train_loss: 0.49702
2025-10-23 23:48:37,158 - INFO - [0/100] | train_loss: 0.06320
2025-10-23 23:48:42,340 - INFO - [10/100] | train_loss: 1.24305
2025-10-23 23:48:47,502 - INFO - [20/100] | train_loss: 0.83369
2025-10-23 23:48:52,876 - INFO - [30/100] | train_loss: 0.59757
2025-10-23 23:48:58,031 - INFO - [40/100] | train_loss: 0.52439
2025-10-23 23:49:03,077 - INFO - [50/100] | train_loss: 0.51108
2025-10-23 23:49:08,458 - INFO - [60/100] | train_loss: 0.50317
2025-10-23 23:49:13,647 - INFO - [70/100] | train_loss: 0.48997
2025-10-23 23:49:19,060 - INFO - [80/100] | train_loss: 0.49502
2025-10-23 23:49:24,278 - INFO - [90/100] | train_loss: 0.49802
2025-10-23 23:49:29,684 - INFO - [0/100] | train_loss: 0.09533
2025-10-23 23:49:34,890 - INFO - [10/100] | train_loss: 1.25952
2025-10-23 23:49:40,090 - INFO - [20/100] | train_loss: 0.85275
2025-10-23 23:49:45,484 - INFO - [30/100] | train_loss: 0.61178
2025-10-23 23:49:50,657 - INFO - [40/100] | train_loss: 0.53710
2025-10-23 23:49:55,822 - INFO - [50/100] | train_loss: 0.51423
2025-10-23 23:50:01,007 - INFO - [60/100] | train_loss: 0.49486
2025-10-23 23:50:06,184 - INFO - [70/100] | train_loss: 0.49224
2025-10-23 23:50:11,358 - INFO - [80/100] | train_loss: 0.48644
2025-10-23 23:50:16,728 - INFO - [90/100] | train_loss: 0.49128
2025-10-23 23:50:21,792 - INFO - ----------
2025-10-23 23:50:21,792 - INFO - sample 26/192 | d1: frontend; level: service; fault_type: network corrupt
2025-10-23 23:50:21,792 - INFO - sample 26/192 | predict d1: [('frontend', 4.849352058718328), ('frontend-0', 3.869971535038576), ('cartservice', 3.010310837032732), ('frontend-2', 2.9207968117829974), ('frontend-1', 2.8892640145452333)]
2025-10-23 23:50:21,792 - INFO - sample 26/192 | predict d2: [('<intensity>; hipstershop.Frontend/Recv.; type: current', 3.017024361497544), ('<intensity>; hipstershop.Frontend/Recv.; type: downstream', 2.8377129175997453), ('frontend/client_error', 2.798454931212941), ('frontend/response', 2.7825323447583656), ('frontend/request', 2.718105250613881)]
2025-10-23 23:50:21,792 - INFO - ----------
2025-10-23 23:50:22,162 - INFO - [0/100] | train_loss: 0.08067
2025-10-23 23:50:27,502 - INFO - [10/100] | train_loss: 1.39410
2025-10-23 23:50:32,689 - INFO - [20/100] | train_loss: 1.01922
2025-10-23 23:50:38,031 - INFO - [30/100] | train_loss: 0.87114
2025-10-23 23:50:43,263 - INFO - [40/100] | train_loss: 0.86197
2025-10-23 23:50:48,435 - INFO - [50/100] | train_loss: 0.88219
2025-10-23 23:50:53,788 - INFO - [60/100] | train_loss: 0.89309
2025-10-23 23:50:58,997 - INFO - [70/100] | train_loss: 0.89092
2025-10-23 23:51:04,448 - INFO - [80/100] | train_loss: 0.88891
2025-10-23 23:51:09,724 - INFO - [90/100] | train_loss: 0.88196
2025-10-23 23:51:15,151 - INFO - [0/100] | train_loss: 0.06073
2025-10-23 23:51:20,410 - INFO - [10/100] | train_loss: 1.21864
2025-10-23 23:51:25,596 - INFO - [20/100] | train_loss: 0.82585
2025-10-23 23:51:30,822 - INFO - [30/100] | train_loss: 0.56852
2025-10-23 23:51:36,044 - INFO - [40/100] | train_loss: 0.50376
2025-10-23 23:51:41,354 - INFO - [50/100] | train_loss: 0.48948
2025-10-23 23:51:46,550 - INFO - [60/100] | train_loss: 0.47739
2025-10-23 23:51:51,783 - INFO - [70/100] | train_loss: 0.46876
2025-10-23 23:51:57,064 - INFO - [80/100] | train_loss: 0.46995
2025-10-23 23:52:02,120 - INFO - [90/100] | train_loss: 0.48089
2025-10-23 23:52:07,134 - INFO - [0/100] | train_loss: 0.08430
2025-10-23 23:52:12,126 - INFO - [10/100] | train_loss: 1.24283
2025-10-23 23:52:17,154 - INFO - [20/100] | train_loss: 0.84495
2025-10-23 23:52:22,370 - INFO - [30/100] | train_loss: 0.59449
2025-10-23 23:52:27,404 - INFO - [40/100] | train_loss: 0.51911
2025-10-23 23:52:32,411 - INFO - [50/100] | train_loss: 0.51356
2025-10-23 23:52:37,569 - INFO - [60/100] | train_loss: 0.48521
2025-10-23 23:52:42,739 - INFO - [70/100] | train_loss: 0.48265
2025-10-23 23:52:48,109 - INFO - [80/100] | train_loss: 0.47495
2025-10-23 23:52:53,292 - INFO - [90/100] | train_loss: 0.48156
2025-10-23 23:52:58,443 - INFO - [0/100] | train_loss: 0.05476
2025-10-23 23:53:03,592 - INFO - [10/100] | train_loss: 1.22770
2025-10-23 23:53:08,767 - INFO - [20/100] | train_loss: 0.82269
2025-10-23 23:53:14,275 - INFO - [30/100] | train_loss: 0.57364
2025-10-23 23:53:19,537 - INFO - [40/100] | train_loss: 0.50243
2025-10-23 23:53:24,769 - INFO - [50/100] | train_loss: 0.48535
2025-10-23 23:53:29,987 - INFO - [60/100] | train_loss: 0.47058
2025-10-23 23:53:35,210 - INFO - [70/100] | train_loss: 0.46321
2025-10-23 23:53:40,462 - INFO - [80/100] | train_loss: 0.46638
2025-10-23 23:53:45,734 - INFO - [90/100] | train_loss: 0.46914
2025-10-23 23:53:51,060 - INFO - ----------
2025-10-23 23:53:51,060 - INFO - sample 27/192 | d1: frontend; level: service; fault_type: code error
2025-10-23 23:53:51,060 - INFO - sample 27/192 | predict d1: [('frontend', 4.3586006512495175), ('frontend-2', 2.673856983887438), ('frontend-0', 2.673412427025729), ('currencyservice', 2.6221852484749055), ('frontend-1', 2.619436325545508)]
2025-10-23 23:53:51,060 - INFO - sample 27/192 | predict d2: [('frontend/response', 2.8364200123326633), ('frontend/request', 2.788554838647478), ('frontend/error', 2.725846999891843), ('frontend/client_error', 2.6237886292474784), ('frontend/rrt', 2.5972489921091615)]
2025-10-23 23:53:51,061 - INFO - ----------
2025-10-23 23:53:51,421 - INFO - [0/100] | train_loss: 0.06508
2025-10-23 23:53:56,592 - INFO - [10/100] | train_loss: 1.22223
2025-10-23 23:54:01,827 - INFO - [20/100] | train_loss: 0.80243
2025-10-23 23:54:07,041 - INFO - [30/100] | train_loss: 0.54463
2025-10-23 23:54:12,263 - INFO - [40/100] | train_loss: 0.43978
2025-10-23 23:54:17,462 - INFO - [50/100] | train_loss: 0.41314
2025-10-23 23:54:22,630 - INFO - [60/100] | train_loss: 0.40857
2025-10-23 23:54:27,810 - INFO - [70/100] | train_loss: 0.40778
2025-10-23 23:54:33,068 - INFO - [80/100] | train_loss: 0.37833
2025-10-23 23:54:38,539 - INFO - [90/100] | train_loss: 0.37987
2025-10-23 23:54:43,728 - INFO - [0/100] | train_loss: 0.09272
2025-10-23 23:54:48,945 - INFO - [10/100] | train_loss: 1.26055
2025-10-23 23:54:54,185 - INFO - [20/100] | train_loss: 0.85238
2025-10-23 23:54:59,448 - INFO - [30/100] | train_loss: 0.56448
2025-10-23 23:55:04,686 - INFO - [40/100] | train_loss: 0.45567
2025-10-23 23:55:09,904 - INFO - [50/100] | train_loss: 0.41944
2025-10-23 23:55:15,081 - INFO - [60/100] | train_loss: 0.41405
2025-10-23 23:55:20,266 - INFO - [70/100] | train_loss: 0.38875
2025-10-23 23:55:25,449 - INFO - [80/100] | train_loss: 0.40279
2025-10-23 23:55:30,476 - INFO - [90/100] | train_loss: 0.38389
2025-10-23 23:55:35,582 - INFO - [0/100] | train_loss: 0.10910
2025-10-23 23:55:40,770 - INFO - [10/100] | train_loss: 1.24865
2025-10-23 23:55:46,050 - INFO - [20/100] | train_loss: 0.84805
2025-10-23 23:55:51,230 - INFO - [30/100] | train_loss: 0.57174
2025-10-23 23:55:56,422 - INFO - [40/100] | train_loss: 0.45842
2025-10-23 23:56:01,622 - INFO - [50/100] | train_loss: 0.42162
2025-10-23 23:56:06,774 - INFO - [60/100] | train_loss: 0.40134
2025-10-23 23:56:11,948 - INFO - [70/100] | train_loss: 0.39506
2025-10-23 23:56:17,044 - INFO - [80/100] | train_loss: 0.39160
2025-10-23 23:56:22,156 - INFO - [90/100] | train_loss: 0.37994
2025-10-23 23:56:27,034 - INFO - ----------
2025-10-23 23:56:27,034 - INFO - sample 28/192 | d1: paymentservice-2; level: pod; fault_type: cpu stress
2025-10-23 23:56:27,034 - INFO - sample 28/192 | predict d1: [('paymentservice', 2.740907063203167), ('checkoutservice', 2.7406165570006102), ('paymentservice-2', 1.8563885093956758), ('paymentservice-1', 1.8478611354883632), ('paymentservice-0', 1.831929447825602)]
2025-10-23 23:56:27,035 - INFO - sample 28/192 | predict d2: [('paymentservice/response', 2.0987928145852237), ('paymentservice/request', 2.032874426160692), ('paymentservice/rrt_max', 1.7824167577133174), ('paymentservice/server_error_ratio', 1.7748317549062769), ('paymentservice/rrt', 1.7255905999246863)]
2025-10-23 23:56:27,035 - INFO - ----------
2025-10-23 23:56:27,390 - INFO - [0/100] | train_loss: 0.04109
2025-10-23 23:56:32,546 - INFO - [10/100] | train_loss: 1.29171
2025-10-23 23:56:37,658 - INFO - [20/100] | train_loss: 0.89780
2025-10-23 23:56:42,818 - INFO - [30/100] | train_loss: 0.65472
2025-10-23 23:56:48,038 - INFO - [40/100] | train_loss: 0.59532
2025-10-23 23:56:53,209 - INFO - [50/100] | train_loss: 0.61121
2025-10-23 23:56:58,447 - INFO - [60/100] | train_loss: 0.60669
2025-10-23 23:57:03,923 - INFO - [70/100] | train_loss: 0.61825
2025-10-23 23:57:09,112 - INFO - [80/100] | train_loss: 0.61985
2025-10-23 23:57:14,331 - INFO - [90/100] | train_loss: 0.62095
2025-10-23 23:57:19,613 - INFO - ----------
2025-10-23 23:57:19,613 - INFO - sample 29/192 | d1: tidb-pd; level: tidb; fault_type: pod failure
2025-10-23 23:57:19,613 - INFO - sample 29/192 | predict d1: [('tidb-pd', 0.024609275022543065), ('productcatalogservice', 0.024609275022543065), ('tidb-tikv', 0.024608461879852994), ('checkoutservice', 0.024608455811623964), ('adservice', 0.024608126610199066)]
2025-10-23 23:57:19,613 - INFO - sample 29/192 | predict d2: [('tidb-tikv/server_is_up', 0.02043569880117624), ('productcatalogservice/rrt_max', 0.018692809366102292), ('tidb-tikv/store_size', 0.014757004562832687), ('tidb-tikv/capacity_size', 0.013954139935682508), ('productcatalogservice/request', 0.012958279835392994)]
2025-10-23 23:57:19,613 - INFO - ----------
2025-10-23 23:57:19,973 - INFO - [0/100] | train_loss: 0.04623
2025-10-23 23:57:25,129 - INFO - [10/100] | train_loss: 1.33343
2025-10-23 23:57:30,280 - INFO - [20/100] | train_loss: 0.96194
2025-10-23 23:57:35,452 - INFO - [30/100] | train_loss: 0.78783
2025-10-23 23:57:40,657 - INFO - [40/100] | train_loss: 0.77388
2025-10-23 23:57:45,836 - INFO - [50/100] | train_loss: 0.79514
2025-10-23 23:57:51,016 - INFO - [60/100] | train_loss: 0.81021
2025-10-23 23:57:56,158 - INFO - [70/100] | train_loss: 0.81184
2025-10-23 23:58:01,530 - INFO - [80/100] | train_loss: 0.80985
2025-10-23 23:58:06,724 - INFO - [90/100] | train_loss: 0.80896
2025-10-23 23:58:11,903 - INFO - [0/100] | train_loss: 0.03194
2025-10-23 23:58:17,167 - INFO - [10/100] | train_loss: 1.20992
2025-10-23 23:58:22,347 - INFO - [20/100] | train_loss: 0.80426
2025-10-23 23:58:27,515 - INFO - [30/100] | train_loss: 0.55496
2025-10-23 23:58:32,823 - INFO - [40/100] | train_loss: 0.47376
2025-10-23 23:58:37,834 - INFO - [50/100] | train_loss: 0.45889
2025-10-23 23:58:43,119 - INFO - [60/100] | train_loss: 0.46729
2025-10-23 23:58:48,332 - INFO - [70/100] | train_loss: 0.44678
2025-10-23 23:58:53,707 - INFO - [80/100] | train_loss: 0.44792
2025-10-23 23:58:58,889 - INFO - [90/100] | train_loss: 0.44717
2025-10-23 23:59:04,196 - INFO - [0/100] | train_loss: 0.04424
2025-10-23 23:59:09,377 - INFO - [10/100] | train_loss: 1.24449
2025-10-23 23:59:14,720 - INFO - [20/100] | train_loss: 0.82353
2025-10-23 23:59:19,889 - INFO - [30/100] | train_loss: 0.55802
2025-10-23 23:59:25,085 - INFO - [40/100] | train_loss: 0.47483
2025-10-23 23:59:30,353 - INFO - [50/100] | train_loss: 0.45865
2025-10-23 23:59:35,576 - INFO - [60/100] | train_loss: 0.45402
2025-10-23 23:59:40,736 - INFO - [70/100] | train_loss: 0.44521
2025-10-23 23:59:45,903 - INFO - [80/100] | train_loss: 0.44044
2025-10-23 23:59:51,148 - INFO - [90/100] | train_loss: 0.44636
2025-10-23 23:59:56,358 - INFO - [0/100] | train_loss: 0.05053
2025-10-24 00:00:01,720 - INFO - [10/100] | train_loss: 1.24201
2025-10-24 00:00:06,904 - INFO - [20/100] | train_loss: 0.82492
2025-10-24 00:00:12,239 - INFO - [30/100] | train_loss: 0.57264
2025-10-24 00:00:17,337 - INFO - [40/100] | train_loss: 0.48519
2025-10-24 00:00:22,625 - INFO - [50/100] | train_loss: 0.46733
2025-10-24 00:00:27,791 - INFO - [60/100] | train_loss: 0.45442
2025-10-24 00:00:33,138 - INFO - [70/100] | train_loss: 0.44781
2025-10-24 00:00:38,298 - INFO - [80/100] | train_loss: 0.44913
2025-10-24 00:00:43,484 - INFO - [90/100] | train_loss: 0.44797
2025-10-24 00:00:48,511 - INFO - ----------
2025-10-24 00:00:48,512 - INFO - sample 30/192 | d1: productcatalogservice; level: service; fault_type: code error
2025-10-24 00:00:48,512 - INFO - sample 30/192 | predict d1: [('productcatalogservice', 4.894355398009193), ('productcatalogservice-2', 3.9172808276354085), ('tidb-tikv', 3.892701581910856), ('productcatalogservice-0', 2.9450153652684024), ('productcatalogservice-1', 2.9424210605066308)]
2025-10-24 00:00:48,512 - INFO - sample 30/192 | predict d2: [('productcatalogservice/response', 2.9708461345266635), ('productcatalogservice/request', 2.876476115620246), ('productcatalogservice/rrt_max', 2.8393159763088214), ('<intensity>; /hipstershop.ProductCatalogService/ListProducts; type: downstream', 2.8058201327350574), ('<intensity>; /hipstershop.ProductCatalogService/ListProducts; type: upstream', 2.686141694455813)]
2025-10-24 00:00:48,512 - INFO - ----------
2025-10-24 00:00:48,872 - INFO - [0/100] | train_loss: 0.03288
2025-10-24 00:00:54,029 - INFO - [10/100] | train_loss: 1.27833
2025-10-24 00:00:59,193 - INFO - [20/100] | train_loss: 0.89946
2025-10-24 00:01:04,581 - INFO - [30/100] | train_loss: 0.71394
2025-10-24 00:01:09,806 - INFO - [40/100] | train_loss: 0.69209
2025-10-24 00:01:15,047 - INFO - [50/100] | train_loss: 0.69462
2025-10-24 00:01:20,211 - INFO - [60/100] | train_loss: 0.70028
2025-10-24 00:01:25,609 - INFO - [70/100] | train_loss: 0.71491
2025-10-24 00:01:30,867 - INFO - [80/100] | train_loss: 0.72039
2025-10-24 00:01:36,029 - INFO - [90/100] | train_loss: 0.71945
2025-10-24 00:01:41,232 - INFO - [0/100] | train_loss: 0.03769
2025-10-24 00:01:46,387 - INFO - [10/100] | train_loss: 1.23147
2025-10-24 00:01:51,573 - INFO - [20/100] | train_loss: 0.82143
2025-10-24 00:01:56,786 - INFO - [30/100] | train_loss: 0.55496
2025-10-24 00:02:02,188 - INFO - [40/100] | train_loss: 0.47183
2025-10-24 00:02:07,362 - INFO - [50/100] | train_loss: 0.45587
2025-10-24 00:02:12,698 - INFO - [60/100] | train_loss: 0.44257
2025-10-24 00:02:17,943 - INFO - [70/100] | train_loss: 0.42882
2025-10-24 00:02:23,199 - INFO - [80/100] | train_loss: 0.43058
2025-10-24 00:02:28,452 - INFO - [90/100] | train_loss: 0.43301
2025-10-24 00:02:33,706 - INFO - [0/100] | train_loss: 0.02955
2025-10-24 00:02:38,938 - INFO - [10/100] | train_loss: 1.19978
2025-10-24 00:02:44,256 - INFO - [20/100] | train_loss: 0.77925
2025-10-24 00:02:49,481 - INFO - [30/100] | train_loss: 0.52265
2025-10-24 00:02:54,816 - INFO - [40/100] | train_loss: 0.45068
2025-10-24 00:02:59,974 - INFO - [50/100] | train_loss: 0.44110
2025-10-24 00:03:05,146 - INFO - [60/100] | train_loss: 0.43160
2025-10-24 00:03:10,541 - INFO - [70/100] | train_loss: 0.42451
2025-10-24 00:03:15,747 - INFO - [80/100] | train_loss: 0.41984
2025-10-24 00:03:20,918 - INFO - [90/100] | train_loss: 0.41967
2025-10-24 00:03:26,114 - INFO - [0/100] | train_loss: 0.03146
2025-10-24 00:03:31,412 - INFO - [10/100] | train_loss: 1.23346
2025-10-24 00:03:36,818 - INFO - [20/100] | train_loss: 0.80304
2025-10-24 00:03:42,082 - INFO - [30/100] | train_loss: 0.53670
2025-10-24 00:03:47,342 - INFO - [40/100] | train_loss: 0.46083
2025-10-24 00:03:52,714 - INFO - [50/100] | train_loss: 0.45006
2025-10-24 00:03:57,947 - INFO - [60/100] | train_loss: 0.43538
2025-10-24 00:04:03,307 - INFO - [70/100] | train_loss: 0.42289
2025-10-24 00:04:08,721 - INFO - [80/100] | train_loss: 0.42530
2025-10-24 00:04:14,113 - INFO - [90/100] | train_loss: 0.42522
2025-10-24 00:04:19,185 - INFO - ----------
2025-10-24 00:04:19,186 - INFO - sample 31/192 | d1: cartservice; level: service; fault_type: code error
2025-10-24 00:04:19,186 - INFO - sample 31/192 | predict d1: [('cartservice', 4.889701679579169), ('cartservice-0', 4.889440027574118), ('cartservice-2', 3.9117230072748255), ('cartservice-1', 2.9458431474562854), ('redis-cart', 1.9488377742758836)]
2025-10-24 00:04:19,186 - INFO - sample 31/192 | predict d2: [('cartservice/rrt_max', 2.8323796008207545), ('<duration>; hipstershop.CartService/GetCart; type: upstream', 2.820706151891109), ('cartservice/response', 2.791966558835952), ('cartservice/server_error', 2.776084506871218), ('cartservice/error', 2.724917305222892)]
2025-10-24 00:04:19,186 - INFO - ----------
2025-10-24 00:04:19,543 - INFO - [0/100] | train_loss: 0.16101
2025-10-24 00:04:24,861 - INFO - [10/100] | train_loss: 1.41015
2025-10-24 00:04:30,090 - INFO - [20/100] | train_loss: 1.05738
2025-10-24 00:04:35,346 - INFO - [30/100] | train_loss: 0.91014
2025-10-24 00:04:40,496 - INFO - [40/100] | train_loss: 0.89888
2025-10-24 00:04:45,698 - INFO - [50/100] | train_loss: 0.90730
2025-10-24 00:04:51,040 - INFO - [60/100] | train_loss: 0.91784
2025-10-24 00:04:56,253 - INFO - [70/100] | train_loss: 0.91937
2025-10-24 00:05:01,616 - INFO - [80/100] | train_loss: 0.91599
2025-10-24 00:05:06,842 - INFO - [90/100] | train_loss: 0.91192
2025-10-24 00:05:12,261 - INFO - [0/100] | train_loss: 0.13718
2025-10-24 00:05:17,464 - INFO - [10/100] | train_loss: 1.34405
2025-10-24 00:05:22,651 - INFO - [20/100] | train_loss: 0.94240
2025-10-24 00:05:27,914 - INFO - [30/100] | train_loss: 0.72393
2025-10-24 00:05:33,293 - INFO - [40/100] | train_loss: 0.61985
2025-10-24 00:05:38,517 - INFO - [50/100] | train_loss: 0.58487
2025-10-24 00:05:43,685 - INFO - [60/100] | train_loss: 0.56502
2025-10-24 00:05:49,061 - INFO - [70/100] | train_loss: 0.56758
2025-10-24 00:05:54,233 - INFO - [80/100] | train_loss: 0.61729
2025-10-24 00:05:59,410 - INFO - [90/100] | train_loss: 0.55307
2025-10-24 00:06:04,791 - INFO - [0/100] | train_loss: 0.13809
2025-10-24 00:06:10,000 - INFO - [10/100] | train_loss: 1.29596
2025-10-24 00:06:15,380 - INFO - [20/100] | train_loss: 0.94307
2025-10-24 00:06:20,581 - INFO - [30/100] | train_loss: 0.67267
2025-10-24 00:06:25,746 - INFO - [40/100] | train_loss: 0.61984
2025-10-24 00:06:31,100 - INFO - [50/100] | train_loss: 0.56689
2025-10-24 00:06:36,270 - INFO - [60/100] | train_loss: 0.55802
2025-10-24 00:06:41,614 - INFO - [70/100] | train_loss: 0.54194
2025-10-24 00:06:46,863 - INFO - [80/100] | train_loss: 0.56644
2025-10-24 00:06:52,034 - INFO - [90/100] | train_loss: 0.57357
2025-10-24 00:06:57,236 - INFO - [0/100] | train_loss: 0.14764
2025-10-24 00:07:02,578 - INFO - [10/100] | train_loss: 1.36106
2025-10-24 00:07:07,750 - INFO - [20/100] | train_loss: 0.93504
2025-10-24 00:07:12,935 - INFO - [30/100] | train_loss: 0.68131
2025-10-24 00:07:18,310 - INFO - [40/100] | train_loss: 0.59033
2025-10-24 00:07:23,589 - INFO - [50/100] | train_loss: 0.55691
2025-10-24 00:07:28,898 - INFO - [60/100] | train_loss: 0.55681
2025-10-24 00:07:33,942 - INFO - [70/100] | train_loss: 0.53852
2025-10-24 00:07:38,963 - INFO - [80/100] | train_loss: 0.54022
2025-10-24 00:07:43,978 - INFO - [90/100] | train_loss: 0.54721
2025-10-24 00:07:49,212 - INFO - [0/100] | train_loss: 0.22726
2025-10-24 00:07:54,251 - INFO - [10/100] | train_loss: 1.36073
2025-10-24 00:07:59,462 - INFO - [20/100] | train_loss: 0.94217
2025-10-24 00:08:04,461 - INFO - [30/100] | train_loss: 0.71608
2025-10-24 00:08:09,517 - INFO - [40/100] | train_loss: 0.65753
2025-10-24 00:08:14,685 - INFO - [50/100] | train_loss: 0.64234
2025-10-24 00:08:20,041 - INFO - [60/100] | train_loss: 0.63775
2025-10-24 00:08:25,193 - INFO - [70/100] | train_loss: 0.64890
2025-10-24 00:08:30,557 - INFO - [80/100] | train_loss: 0.61970
2025-10-24 00:08:35,774 - INFO - [90/100] | train_loss: 0.60370
2025-10-24 00:08:41,001 - INFO - [0/100] | train_loss: 0.21258
2025-10-24 00:08:46,369 - INFO - [10/100] | train_loss: 1.33490
2025-10-24 00:08:51,531 - INFO - [20/100] | train_loss: 0.92613
2025-10-24 00:08:56,858 - INFO - [30/100] | train_loss: 0.70333
2025-10-24 00:09:02,039 - INFO - [40/100] | train_loss: 0.62288
2025-10-24 00:09:07,438 - INFO - [50/100] | train_loss: 0.60225
2025-10-24 00:09:12,584 - INFO - [60/100] | train_loss: 0.58382
2025-10-24 00:09:17,729 - INFO - [70/100] | train_loss: 0.58016
2025-10-24 00:09:23,187 - INFO - [80/100] | train_loss: 0.56412
2025-10-24 00:09:28,369 - INFO - [90/100] | train_loss: 0.58250
2025-10-24 00:09:33,768 - INFO - [0/100] | train_loss: 0.23268
2025-10-24 00:09:38,922 - INFO - [10/100] | train_loss: 1.35824
2025-10-24 00:09:44,275 - INFO - [20/100] | train_loss: 0.94524
2025-10-24 00:09:49,467 - INFO - [30/100] | train_loss: 0.68791
2025-10-24 00:09:54,664 - INFO - [40/100] | train_loss: 0.61617
2025-10-24 00:09:59,814 - INFO - [50/100] | train_loss: 0.61336
2025-10-24 00:10:05,185 - INFO - [60/100] | train_loss: 0.58942
2025-10-24 00:10:10,402 - INFO - [70/100] | train_loss: 0.57903
2025-10-24 00:10:15,586 - INFO - [80/100] | train_loss: 0.58382
2025-10-24 00:10:20,781 - INFO - [90/100] | train_loss: 0.59289
2025-10-24 00:10:25,980 - INFO - ----------
2025-10-24 00:10:25,980 - INFO - sample 32/192 | d1: cartservice; level: service; fault_type: network delay
2025-10-24 00:10:25,981 - INFO - sample 32/192 | predict d1: [('cartservice', 6.314724544888815), ('checkoutservice', 4.777385647490143), ('checkoutservice-0', 3.7730607125041296), ('checkoutservice-1', 2.8610348969716184), ('checkoutservice-2', 2.8292507227564627)]
2025-10-24 00:10:25,981 - INFO - sample 32/192 | predict d2: [('cartservice/response', 4.35025376508626), ('cartservice/rrt', 4.1040108536093705), ('checkoutservice/rrt_max', 3.9249349167820604), ('checkoutservice/response', 3.844986252888834), ('cartservice/server_error', 3.8170295008715893)]
2025-10-24 00:10:25,981 - INFO - ----------
2025-10-24 00:10:26,338 - INFO - [0/100] | train_loss: 0.09929
2025-10-24 00:10:31,502 - INFO - [10/100] | train_loss: 1.27190
2025-10-24 00:10:36,918 - INFO - [20/100] | train_loss: 0.92340
2025-10-24 00:10:42,147 - INFO - [30/100] | train_loss: 0.61419
2025-10-24 00:10:47,632 - INFO - [40/100] | train_loss: 0.56473
2025-10-24 00:10:52,786 - INFO - [50/100] | train_loss: 0.56190
2025-10-24 00:10:57,910 - INFO - [60/100] | train_loss: 0.50587
2025-10-24 00:11:03,154 - INFO - [70/100] | train_loss: 0.50256
2025-10-24 00:11:08,260 - INFO - [80/100] | train_loss: 0.53654
2025-10-24 00:11:13,436 - INFO - [90/100] | train_loss: 0.52152
2025-10-24 00:11:18,577 - INFO - ----------
2025-10-24 00:11:18,577 - INFO - sample 33/192 | d1: cartservice; level: service; fault_type: code error
2025-10-24 00:11:18,578 - INFO - sample 33/192 | predict d1: [('cartservice', 0.3419603081136984), ('cartservice-1', 0.34195710055280415), ('cartservice-0', 0.3419363336521428), ('checkoutservice', 0.34192967179490097), ('cartservice-2', 0.002951526919693137)]
2025-10-24 00:11:18,578 - INFO - sample 33/192 | predict d2: [('cartservice/timeout', 0.28838271191057174), ('cartservice/response', 0.270925376692162), ('<intensity>; hipstershop.CartService/AddItem; type: upstream', 0.2604291271367174), ('cartservice/error_ratio', 0.2590891480118671), ('<duration>; hipstershop.CartService/AddItem; type: current', 0.24864255396641965)]
2025-10-24 00:11:18,578 - INFO - ----------
2025-10-24 00:11:18,935 - INFO - [0/100] | train_loss: 0.08248
2025-10-24 00:11:24,068 - INFO - [10/100] | train_loss: 1.30388
2025-10-24 00:11:29,362 - INFO - [20/100] | train_loss: 0.93024
2025-10-24 00:11:34,538 - INFO - [30/100] | train_loss: 0.70406
2025-10-24 00:11:39,771 - INFO - [40/100] | train_loss: 0.64276
2025-10-24 00:11:44,947 - INFO - [50/100] | train_loss: 0.64068
2025-10-24 00:11:50,134 - INFO - [60/100] | train_loss: 0.65581
2025-10-24 00:11:55,567 - INFO - [70/100] | train_loss: 0.64652
2025-10-24 00:12:00,777 - INFO - [80/100] | train_loss: 0.65392
2025-10-24 00:12:05,967 - INFO - [90/100] | train_loss: 0.65289
2025-10-24 00:12:10,991 - INFO - ----------
2025-10-24 00:12:10,992 - INFO - sample 34/192 | d1: productcatalogservice; level: service; fault_type: target port misconfig
2025-10-24 00:12:10,992 - INFO - sample 34/192 | predict d1: [('tidb-pd', 0.07010186505528893), ('adservice', 0.07008594813548541), ('adservice-0', 0.07008594813548541), ('productcatalogservice', 0.07008127329639002), ('tidb-tikv', 0.07008059496946029)]
2025-10-24 00:12:10,992 - INFO - sample 34/192 | predict d2: [('productcatalogservice/response', 0.055215859606701834), ('productcatalogservice/client_error_ratio', 0.05329143314537621), ('productcatalogservice/rrt_max', 0.05073153532639019), ('<duration>; /hipstershop.ProductCatalogService/ListProducts; type: upstream', 0.04873088565681982), ('tidb-tikv/server_is_up', 0.0471865858299223)]
2025-10-24 00:12:10,992 - INFO - ----------
2025-10-24 00:12:11,355 - INFO - [0/100] | train_loss: 0.08073
2025-10-24 00:12:16,555 - INFO - [10/100] | train_loss: 1.35274
2025-10-24 00:12:21,780 - INFO - [20/100] | train_loss: 0.98766
2025-10-24 00:12:27,107 - INFO - [30/100] | train_loss: 0.83462
2025-10-24 00:12:32,298 - INFO - [40/100] | train_loss: 0.83409
2025-10-24 00:12:37,788 - INFO - [50/100] | train_loss: 0.84886
2025-10-24 00:12:43,039 - INFO - [60/100] | train_loss: 0.86445
2025-10-24 00:12:48,310 - INFO - [70/100] | train_loss: 0.86667
2025-10-24 00:12:53,643 - INFO - [80/100] | train_loss: 0.86098
2025-10-24 00:12:58,830 - INFO - [90/100] | train_loss: 0.85522
2025-10-24 00:13:04,016 - INFO - [0/100] | train_loss: 0.13209
2025-10-24 00:13:09,199 - INFO - [10/100] | train_loss: 1.27319
2025-10-24 00:13:14,425 - INFO - [20/100] | train_loss: 0.85429
2025-10-24 00:13:19,655 - INFO - [30/100] | train_loss: 0.60094
2025-10-24 00:13:25,069 - INFO - [40/100] | train_loss: 0.52478
2025-10-24 00:13:30,271 - INFO - [50/100] | train_loss: 0.50759
2025-10-24 00:13:35,533 - INFO - [60/100] | train_loss: 0.48466
2025-10-24 00:13:40,806 - INFO - [70/100] | train_loss: 0.47402
2025-10-24 00:13:45,981 - INFO - [80/100] | train_loss: 0.48177
2025-10-24 00:13:51,327 - INFO - [90/100] | train_loss: 0.47832
2025-10-24 00:13:56,433 - INFO - [0/100] | train_loss: 0.08703
2025-10-24 00:14:01,567 - INFO - [10/100] | train_loss: 1.24303
2025-10-24 00:14:06,748 - INFO - [20/100] | train_loss: 0.83268
2025-10-24 00:14:12,002 - INFO - [30/100] | train_loss: 0.58763
2025-10-24 00:14:17,294 - INFO - [40/100] | train_loss: 0.51592
2025-10-24 00:14:22,673 - INFO - [50/100] | train_loss: 0.49808
2025-10-24 00:14:27,875 - INFO - [60/100] | train_loss: 0.47823
2025-10-24 00:14:33,122 - INFO - [70/100] | train_loss: 0.47100
2025-10-24 00:14:38,367 - INFO - [80/100] | train_loss: 0.47362
2025-10-24 00:14:43,625 - INFO - [90/100] | train_loss: 0.47509
2025-10-24 00:14:48,766 - INFO - [0/100] | train_loss: 0.10089
2025-10-24 00:14:53,954 - INFO - [10/100] | train_loss: 1.27253
2025-10-24 00:14:59,210 - INFO - [20/100] | train_loss: 0.82686
2025-10-24 00:15:04,439 - INFO - [30/100] | train_loss: 0.58336
2025-10-24 00:15:09,688 - INFO - [40/100] | train_loss: 0.51744
2025-10-24 00:15:14,910 - INFO - [50/100] | train_loss: 0.49862
2025-10-24 00:15:20,181 - INFO - [60/100] | train_loss: 0.48493
2025-10-24 00:15:25,331 - INFO - [70/100] | train_loss: 0.47719
2025-10-24 00:15:30,508 - INFO - [80/100] | train_loss: 0.47437
2025-10-24 00:15:35,753 - INFO - [90/100] | train_loss: 0.47919
2025-10-24 00:15:40,809 - INFO - ----------
2025-10-24 00:15:40,809 - INFO - sample 35/192 | d1: frontend; level: service; fault_type: network corrupt
2025-10-24 00:15:40,809 - INFO - sample 35/192 | predict d1: [('frontend', 4.864986573716266), ('frontend-0', 3.897191784617421), ('cartservice', 3.8521817974739356), ('frontend-1', 3.0467745929494345), ('frontend-2', 2.918787423652117)]
2025-10-24 00:15:40,810 - INFO - sample 35/192 | predict d2: [('frontend/error', 3.031243665039586), ('<intensity>; hipstershop.Frontend/Recv.; type: current', 2.8833425463973974), ('frontend/server_error', 2.856964711524782), ('frontend/request', 2.7484629390527964), ('<intensity>; hipstershop.Frontend/Recv.; type: downstream', 2.74204152778837)]
2025-10-24 00:15:40,810 - INFO - ----------
2025-10-24 00:15:41,165 - INFO - [0/100] | train_loss: 0.04719
2025-10-24 00:15:46,349 - INFO - [10/100] | train_loss: 1.26961
2025-10-24 00:15:51,529 - INFO - [20/100] | train_loss: 0.87402
2025-10-24 00:15:56,719 - INFO - [30/100] | train_loss: 0.63544
2025-10-24 00:16:01,881 - INFO - [40/100] | train_loss: 0.57785
2025-10-24 00:16:07,091 - INFO - [50/100] | train_loss: 0.57608
2025-10-24 00:16:12,286 - INFO - [60/100] | train_loss: 0.58519
2025-10-24 00:16:17,539 - INFO - [70/100] | train_loss: 0.59522
2025-10-24 00:16:22,709 - INFO - [80/100] | train_loss: 0.60184
2025-10-24 00:16:27,863 - INFO - [90/100] | train_loss: 0.60142
2025-10-24 00:16:32,872 - INFO - ----------
2025-10-24 00:16:32,873 - INFO - sample 36/192 | d1: frontend; level: service; fault_type: network delay
2025-10-24 00:16:32,873 - INFO - sample 36/192 | predict d1: [('adservice', 0.01234952211181195), ('tidb-pd', 0.01234952211181195), ('productcatalogservice', 0.012348714360825852), ('adservice-2', 0.012348441811482758), ('productcatalogservice-1', 0.012348138809699094)]
2025-10-24 00:16:32,873 - INFO - sample 36/192 | predict d2: [('productcatalogservice/rrt_max', 0.009174319980829182), ('tidb-pd/memory_usage', 0.007258329312627154), ('productcatalogservice/client_error_ratio', 0.006668931461142336), ('productcatalogservice/rrt', 0.006146745952548827), ('tidb-tikv/server_is_up', 0.00612224962869945)]
2025-10-24 00:16:32,873 - INFO - ----------
2025-10-24 00:16:33,227 - INFO - [0/100] | train_loss: 0.04468
2025-10-24 00:16:38,367 - INFO - [10/100] | train_loss: 1.27663
2025-10-24 00:16:43,514 - INFO - [20/100] | train_loss: 0.86864
2025-10-24 00:16:48,679 - INFO - [30/100] | train_loss: 0.63995
2025-10-24 00:16:53,684 - INFO - [40/100] | train_loss: 0.57735
2025-10-24 00:16:58,839 - INFO - [50/100] | train_loss: 0.57995
2025-10-24 00:17:03,999 - INFO - [60/100] | train_loss: 0.57547
2025-10-24 00:17:09,192 - INFO - [70/100] | train_loss: 0.59288
2025-10-24 00:17:14,392 - INFO - [80/100] | train_loss: 0.59670
2025-10-24 00:17:19,864 - INFO - [90/100] | train_loss: 0.59254
2025-10-24 00:17:25,082 - INFO - [0/100] | train_loss: 0.03072
2025-10-24 00:17:30,283 - INFO - [10/100] | train_loss: 1.26670
2025-10-24 00:17:35,791 - INFO - [20/100] | train_loss: 0.86104
2025-10-24 00:17:41,010 - INFO - [30/100] | train_loss: 0.62976
2025-10-24 00:17:46,253 - INFO - [40/100] | train_loss: 0.57353
2025-10-24 00:17:51,484 - INFO - [50/100] | train_loss: 0.57930
2025-10-24 00:17:56,744 - INFO - [60/100] | train_loss: 0.58406
2025-10-24 00:18:02,264 - INFO - [70/100] | train_loss: 0.59632
2025-10-24 00:18:07,474 - INFO - [80/100] | train_loss: 0.60569
2025-10-24 00:18:12,688 - INFO - [90/100] | train_loss: 0.60086
2025-10-24 00:18:17,676 - INFO - ----------
2025-10-24 00:18:17,676 - INFO - sample 37/192 | d1: tidb-tikv; level: tidb; fault_type: io fault
2025-10-24 00:18:17,676 - INFO - sample 37/192 | predict d1: [('tidb-tikv', 2.8331388442739893), ('tidb-tidb', 2.7453667158439927), ('productcatalogservice', 1.8395955445762198), ('tidb-pd', 1.8394934349498655), ('adservice', 1.8393172424070343)]
2025-10-24 00:18:17,676 - INFO - sample 37/192 | predict d2: [('productcatalogservice/rrt_max', 1.3905686307243457), ('productcatalogservice/rrt', 1.2624320835719232), ('productcatalogservice/response', 1.2348179915349746), ('<duration>; hipstershop.ProductCatalogService/GetProduct; type: downstream', 1.0576322265162759), ('productcatalogservice/timeout', 0.9500020180898474)]
2025-10-24 00:18:17,676 - INFO - ----------
2025-10-24 00:18:18,027 - INFO - [0/100] | train_loss: 0.06344
2025-10-24 00:18:23,322 - INFO - [10/100] | train_loss: 1.29247
2025-10-24 00:18:28,518 - INFO - [20/100] | train_loss: 0.88821
2025-10-24 00:18:33,832 - INFO - [30/100] | train_loss: 0.65636
2025-10-24 00:18:39,076 - INFO - [40/100] | train_loss: 0.62664
2025-10-24 00:18:44,356 - INFO - [50/100] | train_loss: 0.59168
2025-10-24 00:18:49,506 - INFO - [60/100] | train_loss: 0.59748
2025-10-24 00:18:54,642 - INFO - [70/100] | train_loss: 0.60000
2025-10-24 00:18:59,790 - INFO - [80/100] | train_loss: 0.61039
2025-10-24 00:19:04,914 - INFO - [90/100] | train_loss: 0.62307
2025-10-24 00:19:10,115 - INFO - [0/100] | train_loss: 0.04545
2025-10-24 00:19:15,428 - INFO - [10/100] | train_loss: 1.27851
2025-10-24 00:19:20,565 - INFO - [20/100] | train_loss: 0.89014
2025-10-24 00:19:25,714 - INFO - [30/100] | train_loss: 0.64910
2025-10-24 00:19:30,915 - INFO - [40/100] | train_loss: 0.59525
2025-10-24 00:19:36,107 - INFO - [50/100] | train_loss: 0.60734
2025-10-24 00:19:41,433 - INFO - [60/100] | train_loss: 0.60660
2025-10-24 00:19:46,497 - INFO - [70/100] | train_loss: 0.61376
2025-10-24 00:19:51,882 - INFO - [80/100] | train_loss: 0.62276
2025-10-24 00:19:57,104 - INFO - [90/100] | train_loss: 0.62027
2025-10-24 00:20:02,123 - INFO - ----------
2025-10-24 00:20:02,123 - INFO - sample 38/192 | d1: tidb-tikv; level: tidb; fault_type: io fault
2025-10-24 00:20:02,123 - INFO - sample 38/192 | predict d1: [('tidb-tikv', 2.7397225087234354), ('tidb-tidb', 2.5899858787955523), ('tidb-pd', 1.7577766168240565), ('productcatalogservice', 1.7576325447414298), ('productcatalogservice-1', 1.7576325447414298)]
2025-10-24 00:20:02,123 - INFO - sample 38/192 | predict d2: [('productcatalogservice/rrt', 1.3188897889674784), ('productcatalogservice/rrt_max', 1.3121280432130575), ('productcatalogservice/response', 1.1256863866773479), ('productcatalogservice/client_error', 1.0640916288705782), ('<intensity>; hipstershop.ProductCatalogService/GetProduct; type: current', 1.037301793883092)]
2025-10-24 00:20:02,123 - INFO - ----------
2025-10-24 00:20:02,476 - INFO - [0/100] | train_loss: 0.09095
2025-10-24 00:20:07,664 - INFO - [10/100] | train_loss: 1.32218
2025-10-24 00:20:12,839 - INFO - [20/100] | train_loss: 0.93042
2025-10-24 00:20:18,161 - INFO - [30/100] | train_loss: 0.62621
2025-10-24 00:20:23,363 - INFO - [40/100] | train_loss: 0.54344
2025-10-24 00:20:28,546 - INFO - [50/100] | train_loss: 0.49715
2025-10-24 00:20:33,843 - INFO - [60/100] | train_loss: 0.52101
2025-10-24 00:20:39,005 - INFO - [70/100] | train_loss: 0.45752
2025-10-24 00:20:44,360 - INFO - [80/100] | train_loss: 0.47221
2025-10-24 00:20:49,645 - INFO - [90/100] | train_loss: 0.44659
2025-10-24 00:20:54,836 - INFO - ----------
2025-10-24 00:20:54,836 - INFO - sample 39/192 | d1: checkoutservice-2; level: pod; fault_type: dns error
2025-10-24 00:20:54,836 - INFO - sample 39/192 | predict d1: [('emailservice', 0.3488097215997641), ('emailservice-1', 0.3487893518677083), ('emailservice-0', 0.0023610422245727847), ('emailservice-2', 0.002360094262671808), ('checkoutservice', 0.0023480913247855284)]
2025-10-24 00:20:54,836 - INFO - sample 39/192 | predict d2: [('<duration>; hipstershop.EmailService/SendOrderConfirmation; type: current', 0.2620555352136762), ('<duration>; /hipstershop.EmailService/SendOrderConfirmation; type: upstream', 0.2500560044948088), ('emailservice/response', 0.2450207658364434), ('<duration>; /hipstershop.EmailService/SendOrderConfirmation; type: current', 0.2310803953237155), ('emailservice/rrt_max', 0.2293315501985944)]
2025-10-24 00:20:54,836 - INFO - ----------
2025-10-24 00:20:55,187 - INFO - [0/100] | train_loss: 0.06806
2025-10-24 00:21:00,395 - INFO - [10/100] | train_loss: 1.27612
2025-10-24 00:21:05,762 - INFO - [20/100] | train_loss: 0.87829
2025-10-24 00:21:10,954 - INFO - [30/100] | train_loss: 0.65082
2025-10-24 00:21:16,083 - INFO - [40/100] | train_loss: 0.62635
2025-10-24 00:21:21,199 - INFO - [50/100] | train_loss: 0.59351
2025-10-24 00:21:26,335 - INFO - [60/100] | train_loss: 0.59601
2025-10-24 00:21:31,625 - INFO - [70/100] | train_loss: 0.60287
2025-10-24 00:21:36,809 - INFO - [80/100] | train_loss: 0.61879
2025-10-24 00:21:41,957 - INFO - [90/100] | train_loss: 0.61021
2025-10-24 00:21:47,261 - INFO - [0/100] | train_loss: 0.05580
2025-10-24 00:21:52,383 - INFO - [10/100] | train_loss: 1.27480
2025-10-24 00:21:57,592 - INFO - [20/100] | train_loss: 0.87962
2025-10-24 00:22:02,911 - INFO - [30/100] | train_loss: 0.65644
2025-10-24 00:22:08,078 - INFO - [40/100] | train_loss: 0.60430
2025-10-24 00:22:13,229 - INFO - [50/100] | train_loss: 0.60380
2025-10-24 00:22:18,521 - INFO - [60/100] | train_loss: 0.62585
2025-10-24 00:22:23,678 - INFO - [70/100] | train_loss: 0.61712
2025-10-24 00:22:29,033 - INFO - [80/100] | train_loss: 0.62339
2025-10-24 00:22:34,243 - INFO - [90/100] | train_loss: 0.62412
2025-10-24 00:22:39,332 - INFO - ----------
2025-10-24 00:22:39,332 - INFO - sample 40/192 | d1: tidb-tikv; level: tidb; fault_type: io fault
2025-10-24 00:22:39,332 - INFO - sample 40/192 | predict d1: [('tidb-tikv', 2.875872018393352), ('tidb-tidb', 2.8253612905406094), ('tidb-pd', 1.8801609417040623), ('productcatalogservice', 1.8799014365710036), ('productcatalogservice-1', 1.879333045423035)]
2025-10-24 00:22:39,332 - INFO - sample 40/192 | predict d2: [('productcatalogservice/rrt_max', 1.5183698869945843), ('productcatalogservice/rrt', 1.3141041060555168), ('productcatalogservice/client_error_ratio', 1.2121712132381823), ('productcatalogservice/response', 1.1549743838436157), ('productcatalogservice/client_error', 1.0879254843205715)]
2025-10-24 00:22:39,332 - INFO - ----------
2025-10-24 00:22:39,678 - INFO - [0/100] | train_loss: 0.06148
2025-10-24 00:22:44,707 - INFO - [10/100] | train_loss: 0.71482
2025-10-24 00:22:49,706 - INFO - [20/100] | train_loss: 0.58842
2025-10-24 00:22:54,686 - INFO - [30/100] | train_loss: 0.38060
2025-10-24 00:22:59,659 - INFO - [40/100] | train_loss: 0.30065
2025-10-24 00:23:04,631 - INFO - [50/100] | train_loss: 0.30249
2025-10-24 00:23:09,836 - INFO - [60/100] | train_loss: 0.25663
2025-10-24 00:23:14,828 - INFO - [70/100] | train_loss: 0.28071
2025-10-24 00:23:19,809 - INFO - [80/100] | train_loss: 0.27838
2025-10-24 00:23:24,935 - INFO - [90/100] | train_loss: 0.22582
2025-10-24 00:23:30,045 - INFO - [0/100] | train_loss: 0.04302
2025-10-24 00:23:35,328 - INFO - [10/100] | train_loss: 1.21112
2025-10-24 00:23:40,492 - INFO - [20/100] | train_loss: 0.78961
2025-10-24 00:23:45,611 - INFO - [30/100] | train_loss: 0.53200
2025-10-24 00:23:50,966 - INFO - [40/100] | train_loss: 0.45951
2025-10-24 00:23:56,162 - INFO - [50/100] | train_loss: 0.45327
2025-10-24 00:24:01,312 - INFO - [60/100] | train_loss: 0.43937
2025-10-24 00:24:06,436 - INFO - [70/100] | train_loss: 0.42544
2025-10-24 00:24:11,807 - INFO - [80/100] | train_loss: 0.42202
2025-10-24 00:24:17,002 - INFO - [90/100] | train_loss: 0.42727
2025-10-24 00:24:22,010 - INFO - ----------
2025-10-24 00:24:22,011 - INFO - sample 41/192 | d1: aiops-k8s-04; level: node; fault_type: node memory
2025-10-24 00:24:22,011 - INFO - sample 41/192 | predict d1: [('aiops-k8s-04', 0.48519505901586335), ('cartservice', 0.019241730961996772), ('cartservice-2', 0.01924149031397615), ('redis-cart', 0.01924073250410352), ('cartservice-0', 0.01924053003581694)]
2025-10-24 00:24:22,011 - INFO - sample 41/192 | predict d2: [('aiops-k8s-04/node_disk_read_time_seconds_total', 0.38963461239472075), ('aiops-k8s-04/node_disk_write_time_seconds_total', 0.3768300419881676), ('aiops-k8s-04/node_cpu_usage_rate', 0.374290373976212), ('aiops-k8s-04/node_disk_written_bytes_total', 0.37164250355535167), ('aiops-k8s-04/node_network_transmit_packets_total', 0.34059911353683425)]
2025-10-24 00:24:22,011 - INFO - ----------
2025-10-24 00:24:22,369 - INFO - [0/100] | train_loss: 0.09847
2025-10-24 00:24:27,589 - INFO - [10/100] | train_loss: 1.39899
2025-10-24 00:24:32,771 - INFO - [20/100] | train_loss: 1.04935
2025-10-24 00:24:38,144 - INFO - [30/100] | train_loss: 0.90247
2025-10-24 00:24:43,323 - INFO - [40/100] | train_loss: 0.89012
2025-10-24 00:24:48,552 - INFO - [50/100] | train_loss: 0.93272
2025-10-24 00:24:53,744 - INFO - [60/100] | train_loss: 0.91070
2025-10-24 00:24:58,903 - INFO - [70/100] | train_loss: 0.91741
2025-10-24 00:25:04,115 - INFO - [80/100] | train_loss: 0.91354
2025-10-24 00:25:09,468 - INFO - [90/100] | train_loss: 0.91014
2025-10-24 00:25:14,826 - INFO - [0/100] | train_loss: 0.13242
2025-10-24 00:25:19,953 - INFO - [10/100] | train_loss: 1.27155
2025-10-24 00:25:25,133 - INFO - [20/100] | train_loss: 0.88940
2025-10-24 00:25:30,308 - INFO - [30/100] | train_loss: 0.63363
2025-10-24 00:25:35,474 - INFO - [40/100] | train_loss: 0.56942
2025-10-24 00:25:40,620 - INFO - [50/100] | train_loss: 0.55000
2025-10-24 00:25:45,777 - INFO - [60/100] | train_loss: 0.55022
2025-10-24 00:25:50,932 - INFO - [70/100] | train_loss: 0.53229
2025-10-24 00:25:56,065 - INFO - [80/100] | train_loss: 0.53409
2025-10-24 00:26:01,219 - INFO - [90/100] | train_loss: 0.54065
2025-10-24 00:26:06,418 - INFO - [0/100] | train_loss: 0.10248
2025-10-24 00:26:11,434 - INFO - [10/100] | train_loss: 1.27772
2025-10-24 00:26:16,557 - INFO - [20/100] | train_loss: 0.87949
2025-10-24 00:26:21,727 - INFO - [30/100] | train_loss: 0.62821
2025-10-24 00:26:26,936 - INFO - [40/100] | train_loss: 0.55373
2025-10-24 00:26:32,146 - INFO - [50/100] | train_loss: 0.56845
2025-10-24 00:26:37,312 - INFO - [60/100] | train_loss: 0.52880
2025-10-24 00:26:42,432 - INFO - [70/100] | train_loss: 0.54270
2025-10-24 00:26:47,633 - INFO - [80/100] | train_loss: 0.52406
2025-10-24 00:26:52,803 - INFO - [90/100] | train_loss: 0.53406
2025-10-24 00:26:57,797 - INFO - ----------
2025-10-24 00:26:57,797 - INFO - sample 42/192 | d1: checkoutservice; level: service; fault_type: dns error
2025-10-24 00:26:57,798 - INFO - sample 42/192 | predict d1: [('checkoutservice', 2.2725777877563154), ('checkoutservice-2', 2.180026596265872), ('emailservice', 1.6369245952103597), ('cartservice', 1.6368722657182175), ('checkoutservice-0', 1.6325925997185533)]
2025-10-24 00:26:57,798 - INFO - sample 42/192 | predict d2: [('checkoutservice/rrt_max', 1.2551422308212885), ('<intensity>; hipstershop.CheckoutService/PlaceOrder; type: current', 1.2537835634156238), ('checkoutservice/request', 1.2518678996467223), ('<intensity>; hipstershop.CheckoutService/PlaceOrder; type: downstream', 1.2418443534404169), ('checkoutservice/response', 1.2391786274332404)]
2025-10-24 00:26:57,798 - INFO - ----------
2025-10-24 00:26:58,156 - INFO - [0/100] | train_loss: 0.04417
2025-10-24 00:27:03,255 - INFO - [10/100] | train_loss: 0.74403
2025-10-24 00:27:08,412 - INFO - [20/100] | train_loss: 0.49765
2025-10-24 00:27:13,593 - INFO - [30/100] | train_loss: 0.33857
2025-10-24 00:27:18,797 - INFO - [40/100] | train_loss: 0.24685
2025-10-24 00:27:23,984 - INFO - [50/100] | train_loss: 0.19236
2025-10-24 00:27:29,251 - INFO - [60/100] | train_loss: 0.16968
2025-10-24 00:27:34,630 - INFO - [70/100] | train_loss: 0.14898
2025-10-24 00:27:39,772 - INFO - [80/100] | train_loss: 0.14406
2025-10-24 00:27:44,895 - INFO - [90/100] | train_loss: 0.13573
2025-10-24 00:27:50,316 - INFO - [0/100] | train_loss: 0.01923
2025-10-24 00:27:55,454 - INFO - [10/100] | train_loss: 1.21483
2025-10-24 00:28:00,569 - INFO - [20/100] | train_loss: 0.78706
2025-10-24 00:28:05,709 - INFO - [30/100] | train_loss: 0.61372
2025-10-24 00:28:10,870 - INFO - [40/100] | train_loss: 0.40343
2025-10-24 00:28:16,022 - INFO - [50/100] | train_loss: 0.38790
2025-10-24 00:28:21,322 - INFO - [60/100] | train_loss: 0.38428
2025-10-24 00:28:26,471 - INFO - [70/100] | train_loss: 0.37640
2025-10-24 00:28:31,669 - INFO - [80/100] | train_loss: 0.37279
2025-10-24 00:28:36,781 - INFO - [90/100] | train_loss: 0.37169
2025-10-24 00:28:41,728 - INFO - ----------
2025-10-24 00:28:41,728 - INFO - sample 43/192 | d1: aiops-k8s-06; level: node; fault_type: node memory
2025-10-24 00:28:41,729 - INFO - sample 43/192 | predict d1: [('aiops-k8s-06', 0.01622566712228779), ('recommendationservice', 0.00543484887664869), ('recommendationservice-0', 0.00543484887664869), ('productcatalogservice', 0.005434422855080667), ('recommendationservice-1', 4.1717442831202406e-05)]
2025-10-24 00:28:41,729 - INFO - sample 43/192 | predict d2: [('aiops-k8s-06/node_memory_MemAvailable_bytes', 0.012658066313441463), ('aiops-k8s-06/node_disk_read_time_seconds_total', 0.011201469059567759), ('aiops-k8s-06/node_cpu_usage_rate', 0.010844569896831024), ('aiops-k8s-06/node_disk_write_time_seconds_total', 0.00973142334710797), ('aiops-k8s-06/node_memory_usage_rate', 0.009654542313269676)]
2025-10-24 00:28:41,729 - INFO - ----------
2025-10-24 00:28:42,081 - INFO - [0/100] | train_loss: 0.04611
2025-10-24 00:28:47,341 - INFO - [10/100] | train_loss: 1.23483
2025-10-24 00:28:52,772 - INFO - [20/100] | train_loss: 0.86214
2025-10-24 00:28:58,230 - INFO - [30/100] | train_loss: 0.59131
2025-10-24 00:29:03,428 - INFO - [40/100] | train_loss: 0.46143
2025-10-24 00:29:08,580 - INFO - [50/100] | train_loss: 0.49620
2025-10-24 00:29:14,002 - INFO - [60/100] | train_loss: 0.42328
2025-10-24 00:29:19,223 - INFO - [70/100] | train_loss: 0.44084
2025-10-24 00:29:24,442 - INFO - [80/100] | train_loss: 0.40725
2025-10-24 00:29:29,869 - INFO - [90/100] | train_loss: 0.40986
2025-10-24 00:29:34,958 - INFO - ----------
2025-10-24 00:29:34,958 - INFO - sample 44/192 | d1: paymentservice; level: service; fault_type: target port misconfig
2025-10-24 00:29:34,958 - INFO - sample 44/192 | predict d1: [('emailservice', 0.10871476267793945), ('emailservice-2', 0.10871476267793945), ('emailservice-1', 0.10871393413366093), ('checkoutservice', 0.10871033290183618), ('emailservice-0', 0.0007403460560758551)]
2025-10-24 00:29:34,958 - INFO - sample 44/192 | predict d2: [('emailservice/server_error', 0.08373125603758957), ('emailservice/error', 0.07996877775309663), ('emailservice/error_ratio', 0.0790716991624052), ('emailservice/rrt_max', 0.07774974698007142), ('checkoutservice/rrt', 0.07560732719494112)]
2025-10-24 00:29:34,958 - INFO - ----------
2025-10-24 00:29:35,317 - INFO - [0/100] | train_loss: 0.06116
2025-10-24 00:29:40,494 - INFO - [10/100] | train_loss: 1.28357
2025-10-24 00:29:45,869 - INFO - [20/100] | train_loss: 0.88766
2025-10-24 00:29:51,006 - INFO - [30/100] | train_loss: 0.66239
2025-10-24 00:29:56,098 - INFO - [40/100] | train_loss: 0.61742
2025-10-24 00:30:01,258 - INFO - [50/100] | train_loss: 0.60809
2025-10-24 00:30:06,430 - INFO - [60/100] | train_loss: 0.61493
2025-10-24 00:30:11,556 - INFO - [70/100] | train_loss: 0.61768
2025-10-24 00:30:16,766 - INFO - [80/100] | train_loss: 0.62175
2025-10-24 00:30:22,104 - INFO - [90/100] | train_loss: 0.62720
2025-10-24 00:30:27,273 - INFO - [0/100] | train_loss: 0.04600
2025-10-24 00:30:32,421 - INFO - [10/100] | train_loss: 1.27539
2025-10-24 00:30:37,561 - INFO - [20/100] | train_loss: 0.88638
2025-10-24 00:30:42,771 - INFO - [30/100] | train_loss: 0.65333
2025-10-24 00:30:47,956 - INFO - [40/100] | train_loss: 0.59368
2025-10-24 00:30:53,369 - INFO - [50/100] | train_loss: 0.59300
2025-10-24 00:30:58,565 - INFO - [60/100] | train_loss: 0.60079
2025-10-24 00:31:03,972 - INFO - [70/100] | train_loss: 0.60867
2025-10-24 00:31:09,123 - INFO - [80/100] | train_loss: 0.61476
2025-10-24 00:31:14,327 - INFO - [90/100] | train_loss: 0.61590
2025-10-24 00:31:19,515 - INFO - ----------
2025-10-24 00:31:19,515 - INFO - sample 45/192 | d1: tidb-tikv; level: tidb; fault_type: io fault
2025-10-24 00:31:19,515 - INFO - sample 45/192 | predict d1: [('tidb-tikv', 2.8001016368759153), ('tidb-tidb', 2.6870881773351982), ('tidb-pd', 1.8099639967374728), ('productcatalogservice', 1.8097763502772857), ('adservice', 1.8093709569868217)]
2025-10-24 00:31:19,515 - INFO - sample 45/192 | predict d2: [('productcatalogservice/rrt_max', 1.313717153418068), ('productcatalogservice/response', 1.1794376477846882), ('productcatalogservice/rrt', 1.0550703145992628), ('tidb-tikv/server_is_up', 1.023121564323807), ('tidb-tikv/memory_usage', 1.0181142459711783)]
2025-10-24 00:31:19,515 - INFO - ----------
2025-10-24 00:31:19,870 - INFO - [0/100] | train_loss: 0.16190
2025-10-24 00:31:25,291 - INFO - [10/100] | train_loss: 1.45753
2025-10-24 00:31:30,729 - INFO - [20/100] | train_loss: 1.11883
2025-10-24 00:31:35,961 - INFO - [30/100] | train_loss: 0.96082
2025-10-24 00:31:41,156 - INFO - [40/100] | train_loss: 0.95317
2025-10-24 00:31:46,559 - INFO - [50/100] | train_loss: 0.96270
2025-10-24 00:31:51,776 - INFO - [60/100] | train_loss: 0.97838
2025-10-24 00:31:56,887 - INFO - [70/100] | train_loss: 0.98177
2025-10-24 00:32:01,959 - INFO - [80/100] | train_loss: 0.97755
2025-10-24 00:32:07,369 - INFO - [90/100] | train_loss: 0.99782
2025-10-24 00:32:12,669 - INFO - [0/100] | train_loss: 0.19820
2025-10-24 00:32:17,897 - INFO - [10/100] | train_loss: 1.32045
2025-10-24 00:32:23,122 - INFO - [20/100] | train_loss: 0.91246
2025-10-24 00:32:28,266 - INFO - [30/100] | train_loss: 0.67532
2025-10-24 00:32:33,602 - INFO - [40/100] | train_loss: 0.59738
2025-10-24 00:32:38,925 - INFO - [50/100] | train_loss: 0.59715
2025-10-24 00:32:44,412 - INFO - [60/100] | train_loss: 0.58354
2025-10-24 00:32:49,628 - INFO - [70/100] | train_loss: 0.57618
2025-10-24 00:32:54,966 - INFO - [80/100] | train_loss: 0.56242
2025-10-24 00:33:00,140 - INFO - [90/100] | train_loss: 0.56810
2025-10-24 00:33:05,482 - INFO - [0/100] | train_loss: 0.20947
2025-10-24 00:33:10,632 - INFO - [10/100] | train_loss: 1.33027
2025-10-24 00:33:15,788 - INFO - [20/100] | train_loss: 0.92449
2025-10-24 00:33:20,955 - INFO - [30/100] | train_loss: 0.68246
2025-10-24 00:33:26,126 - INFO - [40/100] | train_loss: 0.60905
2025-10-24 00:33:31,264 - INFO - [50/100] | train_loss: 0.59223
2025-10-24 00:33:36,642 - INFO - [60/100] | train_loss: 0.58167
2025-10-24 00:33:41,825 - INFO - [70/100] | train_loss: 0.57529
2025-10-24 00:33:47,024 - INFO - [80/100] | train_loss: 0.57282
2025-10-24 00:33:52,230 - INFO - [90/100] | train_loss: 0.57208
2025-10-24 00:33:57,743 - INFO - [0/100] | train_loss: 0.20418
2025-10-24 00:34:02,985 - INFO - [10/100] | train_loss: 1.35017
2025-10-24 00:34:08,178 - INFO - [20/100] | train_loss: 0.92423
2025-10-24 00:34:13,606 - INFO - [30/100] | train_loss: 0.67099
2025-10-24 00:34:18,799 - INFO - [40/100] | train_loss: 0.59549
2025-10-24 00:34:24,037 - INFO - [50/100] | train_loss: 0.56585
2025-10-24 00:34:29,561 - INFO - [60/100] | train_loss: 0.55759
2025-10-24 00:34:34,748 - INFO - [70/100] | train_loss: 0.54670
2025-10-24 00:34:39,949 - INFO - [80/100] | train_loss: 0.55205
2025-10-24 00:34:45,136 - INFO - [90/100] | train_loss: 0.55353
2025-10-24 00:34:50,131 - INFO - ----------
2025-10-24 00:34:50,131 - INFO - sample 46/192 | d1: tidb-tikv; level: tidb; fault_type: pod failure
2025-10-24 00:34:50,131 - INFO - sample 46/192 | predict d1: [('checkoutservice', 3.837974068820632), ('cartservice', 3.1070058773265252), ('checkoutservice-0', 2.3461629146174925), ('checkoutservice-2', 2.3335730831560317), ('shippingservice', 2.2988462639983944)]
2025-10-24 00:34:50,131 - INFO - sample 46/192 | predict d2: [('<intensity>; hipstershop.CheckoutService/PlaceOrder; type: downstream', 2.496367228377313), ('checkoutservice/response', 2.2760046178687148), ('<intensity>; hipstershop.CheckoutService/PlaceOrder; type: upstream', 2.2313613967223276), ('checkoutservice/error', 2.216847684700369), ('checkoutservice/rrt_max', 2.1904904498171405)]
2025-10-24 00:34:50,131 - INFO - ----------
2025-10-24 00:34:50,482 - INFO - [0/100] | train_loss: 0.07560
2025-10-24 00:34:55,513 - INFO - [10/100] | train_loss: 1.31898
2025-10-24 00:35:00,664 - INFO - [20/100] | train_loss: 0.90371
2025-10-24 00:35:05,847 - INFO - [30/100] | train_loss: 0.64309
2025-10-24 00:35:11,063 - INFO - [40/100] | train_loss: 0.60296
2025-10-24 00:35:16,297 - INFO - [50/100] | train_loss: 0.54384
2025-10-24 00:35:21,926 - INFO - [60/100] | train_loss: 0.59034
2025-10-24 00:35:27,123 - INFO - [70/100] | train_loss: 0.51498
2025-10-24 00:35:32,331 - INFO - [80/100] | train_loss: 0.49886
2025-10-24 00:35:37,566 - INFO - [90/100] | train_loss: 0.48101
2025-10-24 00:35:42,662 - INFO - ----------
2025-10-24 00:35:42,662 - INFO - sample 47/192 | d1: checkoutservice; level: service; fault_type: code error
2025-10-24 00:35:42,662 - INFO - sample 47/192 | predict d1: [('emailservice', 0.39712937505385426), ('checkoutservice', 0.39711912706187036), ('emailservice-0', 0.3971074729500561), ('emailservice-1', 0.0026924666267704456), ('emailservice-2', 0.002683510060520561)]
2025-10-24 00:35:42,662 - INFO - sample 47/192 | predict d2: [('emailservice/server_error', 0.33722490473972755), ('emailservice/request', 0.3220237484069912), ('<intensity>; hipstershop.CheckoutService/PlaceOrder; type: upstream', 0.3189268528945348), ('<intensity>; hipstershop.CheckoutService/PlaceOrder; type: current', 0.3038817043653488), ('emailservice/error', 0.29892022246023053)]
2025-10-24 00:35:42,662 - INFO - ----------
2025-10-24 00:35:43,023 - INFO - [0/100] | train_loss: 0.06128
2025-10-24 00:35:48,228 - INFO - [10/100] | train_loss: 1.28548
2025-10-24 00:35:53,374 - INFO - [20/100] | train_loss: 0.89947
2025-10-24 00:35:58,545 - INFO - [30/100] | train_loss: 0.69215
2025-10-24 00:36:03,734 - INFO - [40/100] | train_loss: 0.62871
2025-10-24 00:36:08,936 - INFO - [50/100] | train_loss: 0.62394
2025-10-24 00:36:14,154 - INFO - [60/100] | train_loss: 0.62258
2025-10-24 00:36:19,319 - INFO - [70/100] | train_loss: 0.61850
2025-10-24 00:36:24,600 - INFO - [80/100] | train_loss: 0.62678
2025-10-24 00:36:29,810 - INFO - [90/100] | train_loss: 0.63213
2025-10-24 00:36:35,028 - INFO - [0/100] | train_loss: 0.05101
2025-10-24 00:36:40,271 - INFO - [10/100] | train_loss: 1.24709
2025-10-24 00:36:45,560 - INFO - [20/100] | train_loss: 0.87605
2025-10-24 00:36:50,779 - INFO - [30/100] | train_loss: 0.60973
2025-10-24 00:36:55,997 - INFO - [40/100] | train_loss: 0.50924
2025-10-24 00:37:01,238 - INFO - [50/100] | train_loss: 0.46893
2025-10-24 00:37:06,631 - INFO - [60/100] | train_loss: 0.45216
2025-10-24 00:37:11,800 - INFO - [70/100] | train_loss: 0.45034
2025-10-24 00:37:16,976 - INFO - [80/100] | train_loss: 0.44651
2025-10-24 00:37:22,145 - INFO - [90/100] | train_loss: 0.43392
2025-10-24 00:37:27,461 - INFO - [0/100] | train_loss: 0.06423
2025-10-24 00:37:32,691 - INFO - [10/100] | train_loss: 1.24578
2025-10-24 00:37:38,005 - INFO - [20/100] | train_loss: 0.84122
2025-10-24 00:37:43,180 - INFO - [30/100] | train_loss: 0.58296
2025-10-24 00:37:48,226 - INFO - [40/100] | train_loss: 0.49096
2025-10-24 00:37:53,352 - INFO - [50/100] | train_loss: 0.46229
2025-10-24 00:37:58,364 - INFO - [60/100] | train_loss: 0.44969
2025-10-24 00:38:03,376 - INFO - [70/100] | train_loss: 0.43632
2025-10-24 00:38:08,397 - INFO - [80/100] | train_loss: 0.44648
2025-10-24 00:38:13,386 - INFO - [90/100] | train_loss: 0.44074
2025-10-24 00:38:18,379 - INFO - [0/100] | train_loss: 0.07484
2025-10-24 00:38:23,504 - INFO - [10/100] | train_loss: 1.26933
2025-10-24 00:38:28,520 - INFO - [20/100] | train_loss: 0.87383
2025-10-24 00:38:33,535 - INFO - [30/100] | train_loss: 0.65036
2025-10-24 00:38:38,863 - INFO - [40/100] | train_loss: 0.51648
2025-10-24 00:38:44,063 - INFO - [50/100] | train_loss: 0.48650
2025-10-24 00:38:49,430 - INFO - [60/100] | train_loss: 0.47514
2025-10-24 00:38:54,714 - INFO - [70/100] | train_loss: 0.44733
2025-10-24 00:38:59,921 - INFO - [80/100] | train_loss: 0.49179
2025-10-24 00:39:05,136 - INFO - [90/100] | train_loss: 0.44518
2025-10-24 00:39:10,144 - INFO - ----------
2025-10-24 00:39:10,145 - INFO - sample 48/192 | d1: emailservice; level: service; fault_type: target port misconfig
2025-10-24 00:39:10,145 - INFO - sample 48/192 | predict d1: [('emailservice', 4.451315677743661), ('emailservice-0', 3.5909424009419335), ('emailservice-2', 3.5808555736868963), ('checkoutservice', 3.5737450331463663), ('emailservice-1', 2.6902446858496623)]
2025-10-24 00:39:10,145 - INFO - sample 48/192 | predict d2: [('<duration>; hipstershop.EmailService/SendOrderConfirmation; type: current', 2.661279339999904), ('checkoutservice/request', 2.609031580906098), ('emailservice/response', 2.6073736654016955), ('checkoutservice/rrt', 2.477688602087234), ('emailservice/error', 2.4449643294146206)]
2025-10-24 00:39:10,145 - INFO - ----------
2025-10-24 00:39:10,498 - INFO - [0/100] | train_loss: 0.11327
2025-10-24 00:39:15,795 - INFO - [10/100] | train_loss: 1.24013
2025-10-24 00:39:21,007 - INFO - [20/100] | train_loss: 0.83734
2025-10-24 00:39:26,166 - INFO - [30/100] | train_loss: 0.57012
2025-10-24 00:39:31,288 - INFO - [40/100] | train_loss: 0.47448
2025-10-24 00:39:36,471 - INFO - [50/100] | train_loss: 0.43908
2025-10-24 00:39:41,866 - INFO - [60/100] | train_loss: 0.43705
2025-10-24 00:39:47,046 - INFO - [70/100] | train_loss: 0.40817
2025-10-24 00:39:52,224 - INFO - [80/100] | train_loss: 0.40223
2025-10-24 00:39:57,401 - INFO - [90/100] | train_loss: 0.39344
2025-10-24 00:40:02,551 - INFO - ----------
2025-10-24 00:40:02,551 - INFO - sample 49/192 | d1: tidb-pd; level: tidb; fault_type: pod failure
2025-10-24 00:40:02,551 - INFO - sample 49/192 | predict d1: [('paymentservice', 0.05673569438171211), ('paymentservice-1', 0.05673569438171211), ('paymentservice-2', 0.05673525176899896), ('checkoutservice', 0.05672570154853451), ('paymentservice-0', 0.00038510896952252335)]
2025-10-24 00:40:02,551 - INFO - sample 49/192 | predict d2: [('paymentservice/client_error', 0.040210268671796445), ('paymentservice/request', 0.040083960622316894), ('paymentservice/response', 0.03833459175372589), ('paymentservice/error', 0.03522319121124551), ('paymentservice/client_error_ratio', 0.03459710871907218)]
2025-10-24 00:40:02,551 - INFO - ----------
2025-10-24 00:40:02,909 - INFO - [0/100] | train_loss: 0.09637
2025-10-24 00:40:08,083 - INFO - [10/100] | train_loss: 0.84970
2025-10-24 00:40:13,273 - INFO - [20/100] | train_loss: 0.61818
2025-10-24 00:40:18,473 - INFO - [30/100] | train_loss: 0.38714
2025-10-24 00:40:23,668 - INFO - [40/100] | train_loss: 0.29611
2025-10-24 00:40:29,028 - INFO - [50/100] | train_loss: 0.24745
2025-10-24 00:40:34,219 - INFO - [60/100] | train_loss: 0.24784
2025-10-24 00:40:39,471 - INFO - [70/100] | train_loss: 0.22429
2025-10-24 00:40:44,891 - INFO - [80/100] | train_loss: 0.19970
2025-10-24 00:40:50,051 - INFO - [90/100] | train_loss: 0.19431
2025-10-24 00:40:55,357 - INFO - [0/100] | train_loss: 0.09227
2025-10-24 00:41:00,504 - INFO - [10/100] | train_loss: 0.79283
2025-10-24 00:41:05,760 - INFO - [20/100] | train_loss: 0.54491
2025-10-24 00:41:10,921 - INFO - [30/100] | train_loss: 0.35014
2025-10-24 00:41:16,058 - INFO - [40/100] | train_loss: 0.55409
2025-10-24 00:41:21,207 - INFO - [50/100] | train_loss: 0.22272
2025-10-24 00:41:26,264 - INFO - [60/100] | train_loss: 0.20870
2025-10-24 00:41:31,382 - INFO - [70/100] | train_loss: 0.20750
2025-10-24 00:41:36,533 - INFO - [80/100] | train_loss: 0.15825
2025-10-24 00:41:41,855 - INFO - [90/100] | train_loss: 0.18633
2025-10-24 00:41:47,054 - INFO - [0/100] | train_loss: 0.02996
2025-10-24 00:41:52,202 - INFO - [10/100] | train_loss: 1.26205
2025-10-24 00:41:57,471 - INFO - [20/100] | train_loss: 0.85788
2025-10-24 00:42:02,653 - INFO - [30/100] | train_loss: 0.62442
2025-10-24 00:42:07,856 - INFO - [40/100] | train_loss: 0.57407
2025-10-24 00:42:13,044 - INFO - [50/100] | train_loss: 0.58250
2025-10-24 00:42:18,228 - INFO - [60/100] | train_loss: 0.59167
2025-10-24 00:42:23,571 - INFO - [70/100] | train_loss: 0.60086
2025-10-24 00:42:28,793 - INFO - [80/100] | train_loss: 0.60935
2025-10-24 00:42:33,950 - INFO - [90/100] | train_loss: 0.60685
2025-10-24 00:42:38,957 - INFO - ----------
2025-10-24 00:42:38,957 - INFO - sample 50/192 | d1: tidb-pd; level: tidb; fault_type: pod failure
2025-10-24 00:42:38,957 - INFO - sample 50/192 | predict d1: [('aiops-k8s-03', 0.21983578699320638), ('aiops-k8s-08', 0.089699161945056), ('tidb-tikv', 0.013781510309608502), ('tidb-pd', 0.013781510309608502), ('adservice', 0.013781192574799594)]
2025-10-24 00:42:38,957 - INFO - sample 50/192 | predict d2: [('aiops-k8s-03/node_cpu_usage_rate', 0.16859309987143156), ('aiops-k8s-03/node_disk_written_bytes_total', 0.15256848095411435), ('aiops-k8s-03/node_network_transmit_packets_total', 0.15219272470813472), ('aiops-k8s-03/node_memory_MemAvailable_bytes', 0.15132341060947496), ('aiops-k8s-03/node_disk_read_bytes_total', 0.14504813938780003)]
2025-10-24 00:42:38,958 - INFO - ----------
2025-10-24 00:42:39,313 - INFO - [0/100] | train_loss: 0.04749
2025-10-24 00:42:44,485 - INFO - [10/100] | train_loss: 1.26261
2025-10-24 00:42:49,935 - INFO - [20/100] | train_loss: 0.86171
2025-10-24 00:42:55,160 - INFO - [30/100] | train_loss: 0.63722
2025-10-24 00:43:00,333 - INFO - [40/100] | train_loss: 0.59138
2025-10-24 00:43:05,723 - INFO - [50/100] | train_loss: 0.58503
2025-10-24 00:43:10,888 - INFO - [60/100] | train_loss: 0.59057
2025-10-24 00:43:16,091 - INFO - [70/100] | train_loss: 0.59272
2025-10-24 00:43:21,282 - INFO - [80/100] | train_loss: 0.60127
2025-10-24 00:43:26,482 - INFO - [90/100] | train_loss: 0.60142
2025-10-24 00:43:31,877 - INFO - [0/100] | train_loss: 0.07349
2025-10-24 00:43:37,071 - INFO - [10/100] | train_loss: 1.31671
2025-10-24 00:43:42,258 - INFO - [20/100] | train_loss: 0.90129
2025-10-24 00:43:47,434 - INFO - [30/100] | train_loss: 0.67364
2025-10-24 00:43:52,606 - INFO - [40/100] | train_loss: 0.63279
2025-10-24 00:43:57,834 - INFO - [50/100] | train_loss: 0.60907
2025-10-24 00:44:03,237 - INFO - [60/100] | train_loss: 0.61039
2025-10-24 00:44:08,487 - INFO - [70/100] | train_loss: 0.61685
2025-10-24 00:44:13,661 - INFO - [80/100] | train_loss: 0.62348
2025-10-24 00:44:18,810 - INFO - [90/100] | train_loss: 0.62768
2025-10-24 00:44:23,820 - INFO - [0/100] | train_loss: 0.06540
2025-10-24 00:44:29,130 - INFO - [10/100] | train_loss: 1.30003
2025-10-24 00:44:34,297 - INFO - [20/100] | train_loss: 0.91854
2025-10-24 00:44:39,505 - INFO - [30/100] | train_loss: 0.68800
2025-10-24 00:44:44,891 - INFO - [40/100] | train_loss: 0.62608
2025-10-24 00:44:50,064 - INFO - [50/100] | train_loss: 0.62403
2025-10-24 00:44:55,397 - INFO - [60/100] | train_loss: 0.62502
2025-10-24 00:45:00,612 - INFO - [70/100] | train_loss: 0.62801
2025-10-24 00:45:05,771 - INFO - [80/100] | train_loss: 0.63769
2025-10-24 00:45:10,952 - INFO - [90/100] | train_loss: 0.65240
2025-10-24 00:45:15,965 - INFO - ----------
2025-10-24 00:45:15,966 - INFO - sample 51/192 | d1: tidb-tikv; level: tidb; fault_type: pod failure
2025-10-24 00:45:15,966 - INFO - sample 51/192 | predict d1: [('tidb-tikv', 3.718398863916619), ('tidb-pd', 3.5471947193141418), ('tidb-tidb', 2.915955104314988), ('productcatalogservice', 2.720733467329975), ('adservice', 2.716353186224957)]
2025-10-24 00:45:15,966 - INFO - sample 51/192 | predict d2: [('productcatalogservice/response', 2.089143043140403), ('<intensity>; hipstershop.ProductCatalogService/GetProduct; type: current', 1.9712035486690986), ('tidb-tikv/store_size', 1.9397389681595811), ('<intensity>; hipstershop.ProductCatalogService/GetProduct; type: downstream', 1.9262979941909215), ('productcatalogservice/rrt', 1.911407591440529)]
2025-10-24 00:45:15,966 - INFO - ----------
2025-10-24 00:45:16,326 - INFO - [0/100] | train_loss: 0.06670
2025-10-24 00:45:21,536 - INFO - [10/100] | train_loss: 1.32346
2025-10-24 00:45:26,902 - INFO - [20/100] | train_loss: 0.94159
2025-10-24 00:45:32,120 - INFO - [30/100] | train_loss: 0.70557
2025-10-24 00:45:37,359 - INFO - [40/100] | train_loss: 0.65206
2025-10-24 00:45:42,677 - INFO - [50/100] | train_loss: 0.64259
2025-10-24 00:45:47,881 - INFO - [60/100] | train_loss: 0.64773
2025-10-24 00:45:53,309 - INFO - [70/100] | train_loss: 0.66360
2025-10-24 00:45:58,466 - INFO - [80/100] | train_loss: 0.70740
2025-10-24 00:46:03,667 - INFO - [90/100] | train_loss: 0.67335
2025-10-24 00:46:08,707 - INFO - ----------
2025-10-24 00:46:08,707 - INFO - sample 52/192 | d1: adservice; level: service; fault_type: target port misconfig
2025-10-24 00:46:08,707 - INFO - sample 52/192 | predict d1: [('tidb-tikv', 1.2736973940621965), ('productcatalogservice', 0.6261239229928606), ('adservice', 0.6259525847542591), ('tidb-pd', 0.6259525847542591), ('tidb-tidb', 0.6256947475310426)]
2025-10-24 00:46:08,707 - INFO - sample 52/192 | predict d2: [('productcatalogservice/error', 0.5286258263060972), ('productcatalogservice/response', 0.4944908412409177), ('productcatalogservice/rrt_max', 0.49103636282723073), ('productcatalogservice/timeout', 0.4776198723942571), ('<intensity>; hipstershop.ProductCatalogService/GetProduct; type: current', 0.4768425008859367)]
2025-10-24 00:46:08,707 - INFO - ----------
2025-10-24 00:46:09,071 - INFO - [0/100] | train_loss: 0.10203
2025-10-24 00:46:14,294 - INFO - [10/100] | train_loss: 1.39831
2025-10-24 00:46:19,714 - INFO - [20/100] | train_loss: 1.04106
2025-10-24 00:46:24,956 - INFO - [30/100] | train_loss: 0.89086
2025-10-24 00:46:30,209 - INFO - [40/100] | train_loss: 0.87717
2025-10-24 00:46:35,582 - INFO - [50/100] | train_loss: 0.88873
2025-10-24 00:46:40,780 - INFO - [60/100] | train_loss: 0.90337
2025-10-24 00:46:45,959 - INFO - [70/100] | train_loss: 0.91246
2025-10-24 00:46:51,170 - INFO - [80/100] | train_loss: 0.90222
2025-10-24 00:46:56,366 - INFO - [90/100] | train_loss: 0.89841
2025-10-24 00:47:01,748 - INFO - [0/100] | train_loss: 0.08189
2025-10-24 00:47:06,992 - INFO - [10/100] | train_loss: 1.26832
2025-10-24 00:47:12,232 - INFO - [20/100] | train_loss: 0.86770
2025-10-24 00:47:17,371 - INFO - [30/100] | train_loss: 0.62315
2025-10-24 00:47:22,468 - INFO - [40/100] | train_loss: 0.54286
2025-10-24 00:47:27,831 - INFO - [50/100] | train_loss: 0.53880
2025-10-24 00:47:33,031 - INFO - [60/100] | train_loss: 0.51951
2025-10-24 00:47:38,202 - INFO - [70/100] | train_loss: 0.57062
2025-10-24 00:47:43,509 - INFO - [80/100] | train_loss: 0.54052
2025-10-24 00:47:48,687 - INFO - [90/100] | train_loss: 0.54043
2025-10-24 00:47:53,863 - INFO - [0/100] | train_loss: 0.07989
2025-10-24 00:47:59,052 - INFO - [10/100] | train_loss: 1.32473
2025-10-24 00:48:04,244 - INFO - [20/100] | train_loss: 0.84507
2025-10-24 00:48:09,437 - INFO - [30/100] | train_loss: 0.61458
2025-10-24 00:48:14,601 - INFO - [40/100] | train_loss: 0.52211
2025-10-24 00:48:20,016 - INFO - [50/100] | train_loss: 0.51025
2025-10-24 00:48:25,236 - INFO - [60/100] | train_loss: 0.50572
2025-10-24 00:48:30,414 - INFO - [70/100] | train_loss: 0.48966
2025-10-24 00:48:35,766 - INFO - [80/100] | train_loss: 0.49289
2025-10-24 00:48:41,038 - INFO - [90/100] | train_loss: 0.49749
2025-10-24 00:48:46,463 - INFO - [0/100] | train_loss: 0.10332
2025-10-24 00:48:51,598 - INFO - [10/100] | train_loss: 1.31026
2025-10-24 00:48:56,985 - INFO - [20/100] | train_loss: 0.86827
2025-10-24 00:49:02,192 - INFO - [30/100] | train_loss: 0.62586
2025-10-24 00:49:07,437 - INFO - [40/100] | train_loss: 0.55199
2025-10-24 00:49:12,819 - INFO - [50/100] | train_loss: 0.57945
2025-10-24 00:49:18,044 - INFO - [60/100] | train_loss: 0.53142
2025-10-24 00:49:23,319 - INFO - [70/100] | train_loss: 0.51442
2025-10-24 00:49:28,551 - INFO - [80/100] | train_loss: 0.51499
2025-10-24 00:49:33,729 - INFO - [90/100] | train_loss: 0.51702
2025-10-24 00:49:38,730 - INFO - ----------
2025-10-24 00:49:38,731 - INFO - sample 53/192 | d1: checkoutservice; level: service; fault_type: dns error
2025-10-24 00:49:38,731 - INFO - sample 53/192 | predict d1: [('checkoutservice', 3.6232512996860287), ('checkoutservice-2', 2.9180204182996015), ('checkoutservice-1', 2.831814560548551), ('checkoutservice-0', 2.181968997025491), ('cartservice', 2.1720933703059337)]
2025-10-24 00:49:38,731 - INFO - sample 53/192 | predict d2: [('checkoutservice/request', 2.2345933955996102), ('checkoutservice/client_error', 2.1733653230124794), ('checkoutservice/timeout', 2.1676427100280833), ('<intensity>; hipstershop.CheckoutService/PlaceOrder; type: current', 2.1447611781652043), ('checkoutservice/error', 2.122122908429727)]
2025-10-24 00:49:38,731 - INFO - ----------
2025-10-24 00:49:39,086 - INFO - [0/100] | train_loss: 0.09302
2025-10-24 00:49:44,394 - INFO - [10/100] | train_loss: 0.78654
2025-10-24 00:49:49,621 - INFO - [20/100] | train_loss: 0.54249
2025-10-24 00:49:54,857 - INFO - [30/100] | train_loss: 0.39046
2025-10-24 00:50:00,288 - INFO - [40/100] | train_loss: 0.31402
2025-10-24 00:50:05,501 - INFO - [50/100] | train_loss: 0.26754
2025-10-24 00:50:10,731 - INFO - [60/100] | train_loss: 0.25089
2025-10-24 00:50:15,842 - INFO - [70/100] | train_loss: 0.27693
2025-10-24 00:50:21,037 - INFO - [80/100] | train_loss: 0.22515
2025-10-24 00:50:26,233 - INFO - [90/100] | train_loss: 0.22257
2025-10-24 00:50:31,432 - INFO - [0/100] | train_loss: 0.03037
2025-10-24 00:50:36,710 - INFO - [10/100] | train_loss: 1.26477
2025-10-24 00:50:42,200 - INFO - [20/100] | train_loss: 0.85746
2025-10-24 00:50:47,494 - INFO - [30/100] | train_loss: 0.62403
2025-10-24 00:50:52,833 - INFO - [40/100] | train_loss: 0.57012
2025-10-24 00:50:58,301 - INFO - [50/100] | train_loss: 0.56921
2025-10-24 00:51:03,649 - INFO - [60/100] | train_loss: 0.57411
2025-10-24 00:51:09,111 - INFO - [70/100] | train_loss: 0.58267
2025-10-24 00:51:14,445 - INFO - [80/100] | train_loss: 0.59039
2025-10-24 00:51:19,803 - INFO - [90/100] | train_loss: 0.59251
2025-10-24 00:51:25,120 - INFO - [0/100] | train_loss: 0.02336
2025-10-24 00:51:30,416 - INFO - [10/100] | train_loss: 1.25754
2025-10-24 00:51:35,739 - INFO - [20/100] | train_loss: 0.84708
2025-10-24 00:51:41,224 - INFO - [30/100] | train_loss: 0.61903
2025-10-24 00:51:46,551 - INFO - [40/100] | train_loss: 0.56681
2025-10-24 00:51:51,868 - INFO - [50/100] | train_loss: 0.57228
2025-10-24 00:51:57,211 - INFO - [60/100] | train_loss: 0.58329
2025-10-24 00:52:02,543 - INFO - [70/100] | train_loss: 0.59245
2025-10-24 00:52:07,838 - INFO - [80/100] | train_loss: 0.60016
2025-10-24 00:52:13,173 - INFO - [90/100] | train_loss: 0.59929
2025-10-24 00:52:18,506 - INFO - [0/100] | train_loss: 0.06314
2025-10-24 00:52:23,802 - INFO - [10/100] | train_loss: 1.45849
2025-10-24 00:52:29,290 - INFO - [20/100] | train_loss: 0.89581
2025-10-24 00:52:34,627 - INFO - [30/100] | train_loss: 0.67687
2025-10-24 00:52:40,101 - INFO - [40/100] | train_loss: 0.65509
2025-10-24 00:52:45,373 - INFO - [50/100] | train_loss: 0.60611
2025-10-24 00:52:50,677 - INFO - [60/100] | train_loss: 0.61560
2025-10-24 00:52:56,085 - INFO - [70/100] | train_loss: 0.60766
2025-10-24 00:53:01,372 - INFO - [80/100] | train_loss: 0.61787
2025-10-24 00:53:06,689 - INFO - [90/100] | train_loss: 0.62284
2025-10-24 00:53:11,682 - INFO - ----------
2025-10-24 00:53:11,683 - INFO - sample 54/192 | d1: tidb-tikv; level: tidb; fault_type: io fault
2025-10-24 00:53:11,683 - INFO - sample 54/192 | predict d1: [('tidb-tikv', 3.6399592746630702), ('tidb-pd', 3.413937321122688), ('tidb-tidb', 2.872622703805218), ('productcatalogservice', 2.6427651659771882), ('adservice', 2.642762936360029)]
2025-10-24 00:53:11,683 - INFO - sample 54/192 | predict d2: [('productcatalogservice/rrt_max', 1.995394732243021), ('productcatalogservice/response', 1.710549735601564), ('productcatalogservice/rrt', 1.635660440874716), ('tidb-tikv/server_is_up', 1.4566821979652609), ('tidb-pd/memory_usage', 1.4541446078720472)]
2025-10-24 00:53:11,683 - INFO - ----------
2025-10-24 00:53:12,029 - INFO - [0/100] | train_loss: 0.10466
2025-10-24 00:53:17,076 - INFO - [10/100] | train_loss: 1.34920
2025-10-24 00:53:22,320 - INFO - [20/100] | train_loss: 1.07870
2025-10-24 00:53:27,336 - INFO - [30/100] | train_loss: 0.75161
2025-10-24 00:53:32,349 - INFO - [40/100] | train_loss: 0.68563
2025-10-24 00:53:37,581 - INFO - [50/100] | train_loss: 0.67880
2025-10-24 00:53:42,605 - INFO - [60/100] | train_loss: 0.68573
2025-10-24 00:53:47,784 - INFO - [70/100] | train_loss: 0.72262
2025-10-24 00:53:52,795 - INFO - [80/100] | train_loss: 0.72003
2025-10-24 00:53:57,959 - INFO - [90/100] | train_loss: 0.70917
2025-10-24 00:54:02,957 - INFO - ----------
2025-10-24 00:54:02,957 - INFO - sample 55/192 | d1: currencyservice; level: service; fault_type: code error
2025-10-24 00:54:02,957 - INFO - sample 55/192 | predict d1: [('tidb-tidb', 0.2302195060522294), ('adservice', 0.23016191154490606), ('tidb-pd', 0.23016191154490606), ('tidb-tikv', 0.2301502904802355), ('adservice-2', 0.23008948918339378)]
2025-10-24 00:54:02,957 - INFO - sample 55/192 | predict d2: [('productcatalogservice/response', 0.18362685504638598), ('productcatalogservice/request', 0.17622686187805492), ('<intensity>; hipstershop.ProductCatalogService/GetProduct; type: downstream', 0.1735219491086415), ('productcatalogservice/rrt_max', 0.16844968782929293), ('<intensity>; hipstershop.ProductCatalogService/GetProduct; type: current', 0.1669083572176877)]
2025-10-24 00:54:02,957 - INFO - ----------
2025-10-24 00:54:03,316 - INFO - [0/100] | train_loss: 0.04802
2025-10-24 00:54:08,523 - INFO - [10/100] | train_loss: 1.29554
2025-10-24 00:54:13,740 - INFO - [20/100] | train_loss: 0.88616
2025-10-24 00:54:19,194 - INFO - [30/100] | train_loss: 0.66165
2025-10-24 00:54:24,471 - INFO - [40/100] | train_loss: 0.61788
2025-10-24 00:54:29,801 - INFO - [50/100] | train_loss: 0.61811
2025-10-24 00:54:35,080 - INFO - [60/100] | train_loss: 0.63456
2025-10-24 00:54:40,397 - INFO - [70/100] | train_loss: 0.63525
2025-10-24 00:54:45,878 - INFO - [80/100] | train_loss: 0.65593
2025-10-24 00:54:51,231 - INFO - [90/100] | train_loss: 0.64321
2025-10-24 00:54:56,314 - INFO - ----------
2025-10-24 00:54:56,315 - INFO - sample 56/192 | d1: paymentservice; level: service; fault_type: target port misconfig
2025-10-24 00:54:56,315 - INFO - sample 56/192 | predict d1: [('tidb-tikv', 1.6337382558507585), ('tidb-tidb', 0.8031609419507646), ('tidb-pd', 0.8030441071635863), ('productcatalogservice', 0.8030310870156931), ('productcatalogservice-2', 0.8030310870156931)]
2025-10-24 00:54:56,315 - INFO - sample 56/192 | predict d2: [('productcatalogservice/rrt', 0.6145491488259047), ('<intensity>; hipstershop.ProductCatalogService/GetProduct; type: current', 0.6071974188552431), ('<intensity>; hipstershop.ProductCatalogService/ListProducts; type: downstream', 0.591304966929318), ('productcatalogservice/timeout', 0.5832144054485511), ('productcatalogservice/client_error', 0.5760383237087829)]
2025-10-24 00:54:56,315 - INFO - ----------
2025-10-24 00:54:56,673 - INFO - [0/100] | train_loss: 0.13893
2025-10-24 00:55:01,946 - INFO - [10/100] | train_loss: 1.30513
2025-10-24 00:55:07,136 - INFO - [20/100] | train_loss: 0.89827
2025-10-24 00:55:12,509 - INFO - [30/100] | train_loss: 0.66498
2025-10-24 00:55:17,834 - INFO - [40/100] | train_loss: 0.56970
2025-10-24 00:55:23,059 - INFO - [50/100] | train_loss: 0.54777
2025-10-24 00:55:28,355 - INFO - [60/100] | train_loss: 0.53191
2025-10-24 00:55:33,579 - INFO - [70/100] | train_loss: 0.61461
2025-10-24 00:55:38,879 - INFO - [80/100] | train_loss: 0.53340
2025-10-24 00:55:44,481 - INFO - [90/100] | train_loss: 0.52828
2025-10-24 00:55:49,746 - INFO - [0/100] | train_loss: 0.10211
2025-10-24 00:55:54,996 - INFO - [10/100] | train_loss: 1.42540
2025-10-24 00:56:00,212 - INFO - [20/100] | train_loss: 0.87790
2025-10-24 00:56:05,440 - INFO - [30/100] | train_loss: 0.63819
2025-10-24 00:56:10,651 - INFO - [40/100] | train_loss: 0.56472
2025-10-24 00:56:16,095 - INFO - [50/100] | train_loss: 0.54020
2025-10-24 00:56:21,388 - INFO - [60/100] | train_loss: 0.55434
2025-10-24 00:56:26,704 - INFO - [70/100] | train_loss: 0.53216
2025-10-24 00:56:32,089 - INFO - [80/100] | train_loss: 0.57980
2025-10-24 00:56:37,357 - INFO - [90/100] | train_loss: 0.53214
2025-10-24 00:56:42,735 - INFO - [0/100] | train_loss: 0.14498
2025-10-24 00:56:47,787 - INFO - [10/100] | train_loss: 1.29413
2025-10-24 00:56:53,033 - INFO - [20/100] | train_loss: 0.89575
2025-10-24 00:56:58,262 - INFO - [30/100] | train_loss: 0.66153
2025-10-24 00:57:03,463 - INFO - [40/100] | train_loss: 0.57578
2025-10-24 00:57:08,866 - INFO - [50/100] | train_loss: 0.55629
2025-10-24 00:57:14,128 - INFO - [60/100] | train_loss: 0.53158
2025-10-24 00:57:19,341 - INFO - [70/100] | train_loss: 0.54171
2025-10-24 00:57:24,828 - INFO - [80/100] | train_loss: 0.53321
2025-10-24 00:57:30,150 - INFO - [90/100] | train_loss: 0.51677
2025-10-24 00:57:35,424 - INFO - ----------
2025-10-24 00:57:35,424 - INFO - sample 57/192 | d1: frontend; level: service; fault_type: network delay
2025-10-24 00:57:35,424 - INFO - sample 57/192 | predict d1: [('frontend-1', 3.3177200162507354), ('frontend-0', 2.505156544691801), ('frontend', 2.4349883749150756), ('checkoutservice', 2.4349883749150756), ('cartservice', 2.433653649651305)]
2025-10-24 00:57:35,424 - INFO - sample 57/192 | predict d2: [('frontend/request', 2.101085259384565), ('cartservice/rrt', 2.094703439444178), ('<intensity>; hipstershop.Frontend/Recv.; type: downstream', 1.9891628165683457), ('frontend/rrt_max', 1.902835838019012), ('frontend/error', 1.86704750663894)]
2025-10-24 00:57:35,424 - INFO - ----------
2025-10-24 00:57:35,783 - INFO - [0/100] | train_loss: 0.08042
2025-10-24 00:57:41,062 - INFO - [10/100] | train_loss: 1.30862
2025-10-24 00:57:46,492 - INFO - [20/100] | train_loss: 0.90858
2025-10-24 00:57:51,842 - INFO - [30/100] | train_loss: 0.67883
2025-10-24 00:57:57,358 - INFO - [40/100] | train_loss: 0.62149
2025-10-24 00:58:02,653 - INFO - [50/100] | train_loss: 0.61913
2025-10-24 00:58:07,935 - INFO - [60/100] | train_loss: 0.62297
2025-10-24 00:58:13,417 - INFO - [70/100] | train_loss: 0.62287
2025-10-24 00:58:18,629 - INFO - [80/100] | train_loss: 0.62950
2025-10-24 00:58:23,957 - INFO - [90/100] | train_loss: 0.63988
2025-10-24 00:58:29,170 - INFO - [0/100] | train_loss: 0.05837
2025-10-24 00:58:34,571 - INFO - [10/100] | train_loss: 1.27988
2025-10-24 00:58:39,787 - INFO - [20/100] | train_loss: 0.88581
2025-10-24 00:58:45,077 - INFO - [30/100] | train_loss: 0.65678
2025-10-24 00:58:50,533 - INFO - [40/100] | train_loss: 0.61312
2025-10-24 00:58:55,847 - INFO - [50/100] | train_loss: 0.62078
2025-10-24 00:59:01,186 - INFO - [60/100] | train_loss: 0.62209
2025-10-24 00:59:06,405 - INFO - [70/100] | train_loss: 0.63909
2025-10-24 00:59:11,573 - INFO - [80/100] | train_loss: 0.63674
2025-10-24 00:59:16,766 - INFO - [90/100] | train_loss: 0.65647
2025-10-24 00:59:21,931 - INFO - ----------
2025-10-24 00:59:21,931 - INFO - sample 58/192 | d1: tidb-tidb; level: tidb; fault_type: pod failure
2025-10-24 00:59:21,931 - INFO - sample 58/192 | predict d1: [('tidb-tikv', 2.808893166298901), ('tidb-tidb', 2.736865840668713), ('productcatalogservice', 1.8288777689146016), ('tidb-pd', 1.8270695662264629), ('adservice', 1.8268044694253547)]
2025-10-24 00:59:21,931 - INFO - sample 58/192 | predict d2: [('productcatalogservice/response', 1.5442022968071711), ('tidb-tikv/store_size', 1.446353808181705), ('<intensity>; hipstershop.ProductCatalogService/GetProduct; type: current', 1.441691885291263), ('<intensity>; /hipstershop.ProductCatalogService/ListProducts; type: upstream', 1.4131086098150973), ('<intensity>; hipstershop.ProductCatalogService/GetProduct; type: upstream', 1.40360424696933)]
2025-10-24 00:59:21,931 - INFO - ----------
2025-10-24 00:59:22,297 - INFO - [0/100] | train_loss: 0.08670
2025-10-24 00:59:27,531 - INFO - [10/100] | train_loss: 1.38283
2025-10-24 00:59:32,980 - INFO - [20/100] | train_loss: 1.02361
2025-10-24 00:59:38,152 - INFO - [30/100] | train_loss: 0.87284
2025-10-24 00:59:43,615 - INFO - [40/100] | train_loss: 0.88262
2025-10-24 00:59:49,146 - INFO - [50/100] | train_loss: 0.89078
2025-10-24 00:59:54,847 - INFO - [60/100] | train_loss: 0.89934
2025-10-24 01:00:00,297 - INFO - [70/100] | train_loss: 0.89879
2025-10-24 01:00:05,916 - INFO - [80/100] | train_loss: 0.90609
2025-10-24 01:00:11,248 - INFO - [90/100] | train_loss: 0.89484
2025-10-24 01:00:16,715 - INFO - [0/100] | train_loss: 0.08678
2025-10-24 01:00:22,182 - INFO - [10/100] | train_loss: 1.24023
2025-10-24 01:00:27,484 - INFO - [20/100] | train_loss: 0.84096
2025-10-24 01:00:32,974 - INFO - [30/100] | train_loss: 0.59491
2025-10-24 01:00:38,219 - INFO - [40/100] | train_loss: 0.51826
2025-10-24 01:00:43,517 - INFO - [50/100] | train_loss: 0.50569
2025-10-24 01:00:48,814 - INFO - [60/100] | train_loss: 0.48778
2025-10-24 01:00:54,301 - INFO - [70/100] | train_loss: 0.48245
2025-10-24 01:00:59,651 - INFO - [80/100] | train_loss: 0.48685
2025-10-24 01:01:05,122 - INFO - [90/100] | train_loss: 0.49074
2025-10-24 01:01:10,441 - INFO - [0/100] | train_loss: 0.08435
2025-10-24 01:01:15,752 - INFO - [10/100] | train_loss: 1.23564
2025-10-24 01:01:21,022 - INFO - [20/100] | train_loss: 0.84157
2025-10-24 01:01:26,318 - INFO - [30/100] | train_loss: 0.59726
2025-10-24 01:01:31,654 - INFO - [40/100] | train_loss: 0.52486
2025-10-24 01:01:36,999 - INFO - [50/100] | train_loss: 0.51614
2025-10-24 01:01:42,277 - INFO - [60/100] | train_loss: 0.50021
2025-10-24 01:01:47,526 - INFO - [70/100] | train_loss: 0.48822
2025-10-24 01:01:52,887 - INFO - [80/100] | train_loss: 0.49621
2025-10-24 01:01:58,071 - INFO - [90/100] | train_loss: 0.49739
2025-10-24 01:02:03,270 - INFO - [0/100] | train_loss: 0.08442
2025-10-24 01:02:08,577 - INFO - [10/100] | train_loss: 1.24160
2025-10-24 01:02:13,867 - INFO - [20/100] | train_loss: 0.82959
2025-10-24 01:02:19,285 - INFO - [30/100] | train_loss: 0.58484
2025-10-24 01:02:24,529 - INFO - [40/100] | train_loss: 0.52666
2025-10-24 01:02:29,727 - INFO - [50/100] | train_loss: 0.50582
2025-10-24 01:02:34,817 - INFO - [60/100] | train_loss: 0.49151
2025-10-24 01:02:39,947 - INFO - [70/100] | train_loss: 0.48334
2025-10-24 01:02:45,669 - INFO - [80/100] | train_loss: 0.48787
2025-10-24 01:02:51,088 - INFO - [90/100] | train_loss: 0.48804
2025-10-24 01:02:56,265 - INFO - ----------
2025-10-24 01:02:56,266 - INFO - sample 59/192 | d1: checkoutservice-2; level: pod; fault_type: dns error
2025-10-24 01:02:56,266 - INFO - sample 59/192 | predict d1: [('checkoutservice', 4.35258216713952), ('checkoutservice-2', 3.566634422633646), ('cartservice', 2.875393899960282), ('checkoutservice-0', 2.6578274141700735), ('productcatalogservice', 2.6188403751439164)]
2025-10-24 01:02:56,266 - INFO - sample 59/192 | predict d2: [('checkoutservice/client_error', 2.6530040126847325), ('checkoutservice/request', 2.6368871248797667), ('checkoutservice/rrt_max', 2.548230709205086), ('<intensity>; hipstershop.CheckoutService/PlaceOrder; type: downstream', 2.5253157568584967), ('checkoutservice/response', 2.5186340917154304)]
2025-10-24 01:02:56,266 - INFO - ----------
2025-10-24 01:02:56,627 - INFO - [0/100] | train_loss: 0.12660
2025-10-24 01:03:01,934 - INFO - [10/100] | train_loss: 0.81311
2025-10-24 01:03:07,185 - INFO - [20/100] | train_loss: 0.58202
2025-10-24 01:03:12,469 - INFO - [30/100] | train_loss: 0.38615
2025-10-24 01:03:17,714 - INFO - [40/100] | train_loss: 0.28159
2025-10-24 01:03:23,047 - INFO - [50/100] | train_loss: 0.41040
2025-10-24 01:03:28,345 - INFO - [60/100] | train_loss: 0.21451
2025-10-24 01:03:33,572 - INFO - [70/100] | train_loss: 0.30795
2025-10-24 01:03:38,826 - INFO - [80/100] | train_loss: 0.19723
2025-10-24 01:03:44,073 - INFO - [90/100] | train_loss: 0.20345
2025-10-24 01:03:49,317 - INFO - [0/100] | train_loss: 0.07499
2025-10-24 01:03:54,549 - INFO - [10/100] | train_loss: 1.32358
2025-10-24 01:03:59,816 - INFO - [20/100] | train_loss: 0.92955
2025-10-24 01:04:05,064 - INFO - [30/100] | train_loss: 0.72042
2025-10-24 01:04:10,528 - INFO - [40/100] | train_loss: 0.66072
2025-10-24 01:04:15,768 - INFO - [50/100] | train_loss: 0.65125
2025-10-24 01:04:20,978 - INFO - [60/100] | train_loss: 0.66435
2025-10-24 01:04:26,175 - INFO - [70/100] | train_loss: 0.68259
2025-10-24 01:04:31,440 - INFO - [80/100] | train_loss: 0.69847
2025-10-24 01:04:36,655 - INFO - [90/100] | train_loss: 0.67855
2025-10-24 01:04:41,759 - INFO - ----------
2025-10-24 01:04:41,759 - INFO - sample 60/192 | d1: aiops-k8s-08; level: node; fault_type: node disk fill
2025-10-24 01:04:41,759 - INFO - sample 60/192 | predict d1: [('aiops-k8s-08', 1.973132436688818), ('tidb-tikv', 1.2065997853451549), ('adservice', 0.5933002758276977), ('adservice-2', 0.5933002758276977), ('tidb-pd', 0.5931339397602855)]
2025-10-24 01:04:41,759 - INFO - sample 60/192 | predict d2: [('aiops-k8s-08/node_network_receive_packets_total', 0.8593347441164134), ('aiops-k8s-08/node_memory_usage_rate', 0.7449780125474703), ('aiops-k8s-08/node_disk_written_bytes_total', 0.7331656881784276), ('aiops-k8s-08/node_disk_read_bytes_total', 0.7279428015793954), ('aiops-k8s-08/node_disk_write_time_seconds_total', 0.7266887504186137)]
2025-10-24 01:04:41,759 - INFO - ----------
2025-10-24 01:04:42,117 - INFO - [0/100] | train_loss: 0.04664
2025-10-24 01:04:47,335 - INFO - [10/100] | train_loss: 1.27563
2025-10-24 01:04:52,540 - INFO - [20/100] | train_loss: 0.90280
2025-10-24 01:04:57,761 - INFO - [30/100] | train_loss: 0.71113
2025-10-24 01:05:03,014 - INFO - [40/100] | train_loss: 0.67154
2025-10-24 01:05:08,261 - INFO - [50/100] | train_loss: 0.66957
2025-10-24 01:05:13,523 - INFO - [60/100] | train_loss: 0.66974
2025-10-24 01:05:18,807 - INFO - [70/100] | train_loss: 0.67483
2025-10-24 01:05:24,070 - INFO - [80/100] | train_loss: 0.68622
2025-10-24 01:05:29,301 - INFO - [90/100] | train_loss: 0.68544
2025-10-24 01:05:34,324 - INFO - [0/100] | train_loss: 0.03312
2025-10-24 01:05:39,815 - INFO - [10/100] | train_loss: 1.24443
2025-10-24 01:05:45,203 - INFO - [20/100] | train_loss: 0.80396
2025-10-24 01:05:50,659 - INFO - [30/100] | train_loss: 0.54949
2025-10-24 01:05:56,011 - INFO - [40/100] | train_loss: 0.55745
2025-10-24 01:06:01,395 - INFO - [50/100] | train_loss: 0.43332
2025-10-24 01:06:06,712 - INFO - [60/100] | train_loss: 0.41836
2025-10-24 01:06:12,037 - INFO - [70/100] | train_loss: 0.40677
2025-10-24 01:06:17,302 - INFO - [80/100] | train_loss: 0.40583
2025-10-24 01:06:22,562 - INFO - [90/100] | train_loss: 0.40656
2025-10-24 01:06:27,832 - INFO - [0/100] | train_loss: 0.04110
2025-10-24 01:06:33,112 - INFO - [10/100] | train_loss: 1.31749
2025-10-24 01:06:38,404 - INFO - [20/100] | train_loss: 0.90522
2025-10-24 01:06:43,725 - INFO - [30/100] | train_loss: 0.58786
2025-10-24 01:06:49,028 - INFO - [40/100] | train_loss: 0.46811
2025-10-24 01:06:54,411 - INFO - [50/100] | train_loss: 0.44297
2025-10-24 01:06:59,689 - INFO - [60/100] | train_loss: 0.51467
2025-10-24 01:07:04,958 - INFO - [70/100] | train_loss: 0.42185
2025-10-24 01:07:10,181 - INFO - [80/100] | train_loss: 0.41592
2025-10-24 01:07:15,401 - INFO - [90/100] | train_loss: 0.41308
2025-10-24 01:07:20,662 - INFO - [0/100] | train_loss: 0.04833
2025-10-24 01:07:25,886 - INFO - [10/100] | train_loss: 1.21681
2025-10-24 01:07:31,175 - INFO - [20/100] | train_loss: 0.82933
2025-10-24 01:07:36,445 - INFO - [30/100] | train_loss: 0.56364
2025-10-24 01:07:41,754 - INFO - [40/100] | train_loss: 0.46419
2025-10-24 01:07:47,104 - INFO - [50/100] | train_loss: 0.44937
2025-10-24 01:07:52,416 - INFO - [60/100] | train_loss: 0.46413
2025-10-24 01:07:57,697 - INFO - [70/100] | train_loss: 0.41195
2025-10-24 01:08:02,971 - INFO - [80/100] | train_loss: 0.39982
2025-10-24 01:08:08,275 - INFO - [90/100] | train_loss: 0.40359
2025-10-24 01:08:13,362 - INFO - ----------
2025-10-24 01:08:13,362 - INFO - sample 61/192 | d1: currencyservice; level: service; fault_type: code error
2025-10-24 01:08:13,362 - INFO - sample 61/192 | predict d1: [('currencyservice', 4.938984807974446), ('currencyservice-2', 3.953525808944935), ('currencyservice-1', 2.9688023377160855), ('currencyservice-0', 2.968377723431064), ('frontend', 2.954744984828444)]
2025-10-24 01:08:13,363 - INFO - sample 61/192 | predict d2: [('currencyservice/response', 3.036670405131087), ('currencyservice/request', 2.99404248022455), ('currencyservice/timeout', 2.9571237156041867), ('currencyservice/rrt_max', 2.922647679202761), ('currencyservice/client_error_ratio', 2.9109070893184423)]
2025-10-24 01:08:13,363 - INFO - ----------
2025-10-24 01:08:13,725 - INFO - [0/100] | train_loss: 0.07855
2025-10-24 01:08:18,992 - INFO - [10/100] | train_loss: 1.30622
2025-10-24 01:08:24,214 - INFO - [20/100] | train_loss: 0.94746
2025-10-24 01:08:29,312 - INFO - [30/100] | train_loss: 0.68192
2025-10-24 01:08:34,341 - INFO - [40/100] | train_loss: 0.54579
2025-10-24 01:08:39,386 - INFO - [50/100] | train_loss: 0.55156
2025-10-24 01:08:44,479 - INFO - [60/100] | train_loss: 0.50969
2025-10-24 01:08:49,519 - INFO - [70/100] | train_loss: 0.48848
2025-10-24 01:08:54,545 - INFO - [80/100] | train_loss: 0.48413
2025-10-24 01:08:59,600 - INFO - [90/100] | train_loss: 0.49170
2025-10-24 01:09:04,443 - INFO - ----------
2025-10-24 01:09:04,443 - INFO - sample 62/192 | d1: currencyservice; level: service; fault_type: target port misconfig
2025-10-24 01:09:04,444 - INFO - sample 62/192 | predict d1: [('currencyservice', 0.362518328470923), ('checkoutservice', 0.362518328470923), ('currencyservice-2', 0.3625103370649825), ('frontend', 0.36249219853324277), ('currencyservice-1', 0.36246386932580776)]
2025-10-24 01:09:04,444 - INFO - sample 62/192 | predict d2: [('frontend/response', 0.29151544881237257), ('currencyservice/rrt', 0.28060937897328486), ('currencyservice/client_error', 0.2747753042375187), ('<duration>; hipstershop.Frontend/Recv.; type: downstream', 0.25389545896082666), ('checkoutservice/request', 0.25355862228918014)]
2025-10-24 01:09:04,444 - INFO - ----------
2025-10-24 01:09:04,790 - INFO - [0/100] | train_loss: 0.12271
2025-10-24 01:09:09,774 - INFO - [10/100] | train_loss: 1.44656
2025-10-24 01:09:14,870 - INFO - [20/100] | train_loss: 1.07891
2025-10-24 01:09:20,061 - INFO - [30/100] | train_loss: 0.89652
2025-10-24 01:09:25,317 - INFO - [40/100] | train_loss: 0.90352
2025-10-24 01:09:30,583 - INFO - [50/100] | train_loss: 0.89829
2025-10-24 01:09:35,813 - INFO - [60/100] | train_loss: 0.88866
2025-10-24 01:09:41,088 - INFO - [70/100] | train_loss: 0.89521
2025-10-24 01:09:46,338 - INFO - [80/100] | train_loss: 0.89780
2025-10-24 01:09:51,538 - INFO - [90/100] | train_loss: 0.87828
2025-10-24 01:09:56,747 - INFO - [0/100] | train_loss: 0.07950
2025-10-24 01:10:01,952 - INFO - [10/100] | train_loss: 1.33542
2025-10-24 01:10:07,163 - INFO - [20/100] | train_loss: 0.94900
2025-10-24 01:10:12,391 - INFO - [30/100] | train_loss: 0.69990
2025-10-24 01:10:17,644 - INFO - [40/100] | train_loss: 0.64813
2025-10-24 01:10:22,919 - INFO - [50/100] | train_loss: 0.63361
2025-10-24 01:10:28,197 - INFO - [60/100] | train_loss: 0.63974
2025-10-24 01:10:33,411 - INFO - [70/100] | train_loss: 0.66570
2025-10-24 01:10:38,658 - INFO - [80/100] | train_loss: 0.65337
2025-10-24 01:10:43,950 - INFO - [90/100] | train_loss: 0.66764
2025-10-24 01:10:49,238 - INFO - [0/100] | train_loss: 0.09786
2025-10-24 01:10:54,493 - INFO - [10/100] | train_loss: 1.24640
2025-10-24 01:10:59,789 - INFO - [20/100] | train_loss: 0.82961
2025-10-24 01:11:05,079 - INFO - [30/100] | train_loss: 0.58705
2025-10-24 01:11:10,452 - INFO - [40/100] | train_loss: 0.52427
2025-10-24 01:11:15,748 - INFO - [50/100] | train_loss: 0.54166
2025-10-24 01:11:21,016 - INFO - [60/100] | train_loss: 0.50105
2025-10-24 01:11:26,347 - INFO - [70/100] | train_loss: 0.49269
2025-10-24 01:11:31,677 - INFO - [80/100] | train_loss: 0.49269
2025-10-24 01:11:36,941 - INFO - [90/100] | train_loss: 0.49450
2025-10-24 01:11:42,193 - INFO - [0/100] | train_loss: 0.12077
2025-10-24 01:11:47,394 - INFO - [10/100] | train_loss: 1.34594
2025-10-24 01:11:52,615 - INFO - [20/100] | train_loss: 0.91060
2025-10-24 01:11:57,849 - INFO - [30/100] | train_loss: 0.66626
2025-10-24 01:12:03,234 - INFO - [40/100] | train_loss: 0.60990
2025-10-24 01:12:08,809 - INFO - [50/100] | train_loss: 0.54340
2025-10-24 01:12:14,044 - INFO - [60/100] | train_loss: 0.60283
2025-10-24 01:12:19,313 - INFO - [70/100] | train_loss: 0.64794
2025-10-24 01:12:24,586 - INFO - [80/100] | train_loss: 0.53605
2025-10-24 01:12:29,854 - INFO - [90/100] | train_loss: 0.58345
2025-10-24 01:12:35,174 - INFO - [0/100] | train_loss: 0.11169
2025-10-24 01:12:40,472 - INFO - [10/100] | train_loss: 1.29052
2025-10-24 01:12:45,771 - INFO - [20/100] | train_loss: 0.88043
2025-10-24 01:12:51,016 - INFO - [30/100] | train_loss: 0.62776
2025-10-24 01:12:56,248 - INFO - [40/100] | train_loss: 0.57193
2025-10-24 01:13:01,490 - INFO - [50/100] | train_loss: 0.54153
2025-10-24 01:13:06,760 - INFO - [60/100] | train_loss: 0.54238
2025-10-24 01:13:12,027 - INFO - [70/100] | train_loss: 0.50467
2025-10-24 01:13:17,276 - INFO - [80/100] | train_loss: 0.57671
2025-10-24 01:13:22,505 - INFO - [90/100] | train_loss: 0.51187
2025-10-24 01:13:27,805 - INFO - ----------
2025-10-24 01:13:27,805 - INFO - sample 63/192 | d1: checkoutservice; level: service; fault_type: network corrupt
2025-10-24 01:13:27,805 - INFO - sample 63/192 | predict d1: [('checkoutservice', 4.8680737100658416), ('cartservice', 3.830538951511155), ('checkoutservice-0', 2.9047195019179743), ('shippingservice', 2.9012771153063297), ('checkoutservice-2', 2.9004775560144394)]
2025-10-24 01:13:27,805 - INFO - sample 63/192 | predict d2: [('checkoutservice/rrt_max', 3.657280509364732), ('checkoutservice/request', 3.399100998454168), ('checkoutservice/error_ratio', 3.277154051343965), ('<intensity>; hipstershop.CheckoutService/PlaceOrder; type: current', 3.2453262679031294), ('checkoutservice/server_error', 3.2173444063853367)]
2025-10-24 01:13:27,805 - INFO - ----------
2025-10-24 01:13:28,167 - INFO - [0/100] | train_loss: 0.10020
2025-10-24 01:13:33,376 - INFO - [10/100] | train_loss: 1.33490
2025-10-24 01:13:38,559 - INFO - [20/100] | train_loss: 0.96579
2025-10-24 01:13:43,769 - INFO - [30/100] | train_loss: 0.74008
2025-10-24 01:13:48,979 - INFO - [40/100] | train_loss: 0.68167
2025-10-24 01:13:54,195 - INFO - [50/100] | train_loss: 0.67204
2025-10-24 01:13:59,384 - INFO - [60/100] | train_loss: 0.68056
2025-10-24 01:14:04,573 - INFO - [70/100] | train_loss: 0.69394
2025-10-24 01:14:09,989 - INFO - [80/100] | train_loss: 0.71959
2025-10-24 01:14:15,226 - INFO - [90/100] | train_loss: 0.71158
2025-10-24 01:14:20,552 - INFO - ----------
2025-10-24 01:14:20,553 - INFO - sample 64/192 | d1: paymentservice; level: service; fault_type: target port misconfig
2025-10-24 01:14:20,553 - INFO - sample 64/192 | predict d1: [('adservice', 0.3550864842717836), ('tidb-tikv', 0.3550864842717836), ('productcatalogservice', 0.3550785397593277), ('frontend', 0.3549953740641971), ('tidb-pd', 0.35488323169002634)]
2025-10-24 01:14:20,553 - INFO - sample 64/192 | predict d2: [('productcatalogservice/rrt', 0.34571771551536123), ('productcatalogservice/request', 0.32336522786370203), ('productcatalogservice/response', 0.317493598473229), ('tidb-tikv/cpu_usage', 0.30405091436941767), ('<intensity>; hipstershop.ProductCatalogService/GetProduct; type: downstream', 0.29850770193187337)]
2025-10-24 01:14:20,553 - INFO - ----------
2025-10-24 01:14:20,910 - INFO - [0/100] | train_loss: 0.05258
2025-10-24 01:14:26,137 - INFO - [10/100] | train_loss: 1.26347
2025-10-24 01:14:31,372 - INFO - [20/100] | train_loss: 0.85983
2025-10-24 01:14:36,615 - INFO - [30/100] | train_loss: 0.62930
2025-10-24 01:14:41,875 - INFO - [40/100] | train_loss: 0.57468
2025-10-24 01:14:47,091 - INFO - [50/100] | train_loss: 0.56861
2025-10-24 01:14:52,456 - INFO - [60/100] | train_loss: 0.57274
2025-10-24 01:14:57,614 - INFO - [70/100] | train_loss: 0.57861
2025-10-24 01:15:02,647 - INFO - [80/100] | train_loss: 0.59017
2025-10-24 01:15:07,939 - INFO - [90/100] | train_loss: 0.59041
2025-10-24 01:15:13,118 - INFO - [0/100] | train_loss: 0.07928
2025-10-24 01:15:18,301 - INFO - [10/100] | train_loss: 1.32849
2025-10-24 01:15:23,528 - INFO - [20/100] | train_loss: 0.92416
2025-10-24 01:15:28,700 - INFO - [30/100] | train_loss: 0.72185
2025-10-24 01:15:33,908 - INFO - [40/100] | train_loss: 0.62707
2025-10-24 01:15:39,273 - INFO - [50/100] | train_loss: 0.62432
2025-10-24 01:15:44,533 - INFO - [60/100] | train_loss: 0.62609
2025-10-24 01:15:49,734 - INFO - [70/100] | train_loss: 0.63537
2025-10-24 01:15:54,988 - INFO - [80/100] | train_loss: 0.63979
2025-10-24 01:16:00,408 - INFO - [90/100] | train_loss: 0.64764
2025-10-24 01:16:05,678 - INFO - [0/100] | train_loss: 0.07696
2025-10-24 01:16:11,043 - INFO - [10/100] | train_loss: 1.27335
2025-10-24 01:16:16,260 - INFO - [20/100] | train_loss: 0.86433
2025-10-24 01:16:21,478 - INFO - [30/100] | train_loss: 0.63364
2025-10-24 01:16:26,691 - INFO - [40/100] | train_loss: 0.57283
2025-10-24 01:16:31,905 - INFO - [50/100] | train_loss: 0.57063
2025-10-24 01:16:37,165 - INFO - [60/100] | train_loss: 0.57569
2025-10-24 01:16:42,530 - INFO - [70/100] | train_loss: 0.57739
2025-10-24 01:16:47,784 - INFO - [80/100] | train_loss: 0.58558
2025-10-24 01:16:53,257 - INFO - [90/100] | train_loss: 0.58679
2025-10-24 01:16:58,344 - INFO - ----------
2025-10-24 01:16:58,344 - INFO - sample 65/192 | d1: tidb-tikv; level: tidb; fault_type: io fault
2025-10-24 01:16:58,345 - INFO - sample 65/192 | predict d1: [('tidb-tikv', 3.803807284210606), ('tidb-pd', 3.72114059180128), ('tidb-tidb', 2.921535284654705), ('productcatalogservice', 2.805885645381885), ('adservice', 1.9422074087720342)]
2025-10-24 01:16:58,345 - INFO - sample 65/192 | predict d2: [('productcatalogservice/rrt_max', 2.2626874985453256), ('tidb-tikv/server_is_up', 1.9578215175103324), ('productcatalogservice/client_error', 1.8299926176186148), ('tidb-tikv/write_wal_mbps', 1.6191530601054716), ('tidb-tikv/memory_usage', 1.61446562005856)]
2025-10-24 01:16:58,345 - INFO - ----------
2025-10-24 01:16:58,710 - INFO - [0/100] | train_loss: 0.07745
2025-10-24 01:17:04,188 - INFO - [10/100] | train_loss: 1.28299
2025-10-24 01:17:09,404 - INFO - [20/100] | train_loss: 0.89295
2025-10-24 01:17:14,751 - INFO - [30/100] | train_loss: 0.66643
2025-10-24 01:17:19,965 - INFO - [40/100] | train_loss: 0.60508
2025-10-24 01:17:25,223 - INFO - [50/100] | train_loss: 0.59738
2025-10-24 01:17:30,446 - INFO - [60/100] | train_loss: 0.60171
2025-10-24 01:17:35,793 - INFO - [70/100] | train_loss: 0.60977
2025-10-24 01:17:41,169 - INFO - [80/100] | train_loss: 0.60988
2025-10-24 01:17:46,651 - INFO - [90/100] | train_loss: 0.61322
2025-10-24 01:17:51,917 - INFO - [0/100] | train_loss: 0.06897
2025-10-24 01:17:57,315 - INFO - [10/100] | train_loss: 1.29487
2025-10-24 01:18:02,433 - INFO - [20/100] | train_loss: 0.90389
2025-10-24 01:18:07,650 - INFO - [30/100] | train_loss: 0.68323
2025-10-24 01:18:12,878 - INFO - [40/100] | train_loss: 0.62435
2025-10-24 01:18:18,154 - INFO - [50/100] | train_loss: 0.60449
2025-10-24 01:18:23,413 - INFO - [60/100] | train_loss: 0.62698
2025-10-24 01:18:28,666 - INFO - [70/100] | train_loss: 0.63430
2025-10-24 01:18:33,906 - INFO - [80/100] | train_loss: 0.62638
2025-10-24 01:18:39,188 - INFO - [90/100] | train_loss: 0.63453
2025-10-24 01:18:44,481 - INFO - [0/100] | train_loss: 0.07225
2025-10-24 01:18:49,950 - INFO - [10/100] | train_loss: 1.29572
2025-10-24 01:18:55,373 - INFO - [20/100] | train_loss: 0.93634
2025-10-24 01:19:00,591 - INFO - [30/100] | train_loss: 0.70396
2025-10-24 01:19:05,837 - INFO - [40/100] | train_loss: 0.61428
2025-10-24 01:19:11,086 - INFO - [50/100] | train_loss: 0.60145
2025-10-24 01:19:16,522 - INFO - [60/100] | train_loss: 0.59772
2025-10-24 01:19:21,763 - INFO - [70/100] | train_loss: 0.60515
2025-10-24 01:19:26,939 - INFO - [80/100] | train_loss: 0.63418
2025-10-24 01:19:32,262 - INFO - [90/100] | train_loss: 0.62119
2025-10-24 01:19:37,496 - INFO - ----------
2025-10-24 01:19:37,496 - INFO - sample 66/192 | d1: tidb-tikv; level: tidb; fault_type: io fault
2025-10-24 01:19:37,496 - INFO - sample 66/192 | predict d1: [('tidb-tikv', 3.6408579456728916), ('tidb-pd', 3.4111666095001283), ('tidb-tidb', 2.880855506797977), ('productcatalogservice', 2.6447961192927494), ('adservice', 2.6428824409520217)]
2025-10-24 01:19:37,497 - INFO - sample 66/192 | predict d2: [('productcatalogservice/rrt_max', 2.084749849597749), ('<duration>; hipstershop.ProductCatalogService/GetProduct; type: downstream', 1.7122954933306929), ('productcatalogservice/client_error_ratio', 1.6934557998152613), ('productcatalogservice/client_error', 1.687412226524721), ('tidb-tikv/memory_usage', 1.5937907877051316)]
2025-10-24 01:19:37,497 - INFO - ----------
2025-10-24 01:19:37,863 - INFO - [0/100] | train_loss: 0.06964
2025-10-24 01:19:43,076 - INFO - [10/100] | train_loss: 1.35585
2025-10-24 01:19:48,255 - INFO - [20/100] | train_loss: 0.97095
2025-10-24 01:19:53,522 - INFO - [30/100] | train_loss: 0.81894
2025-10-24 01:19:58,771 - INFO - [40/100] | train_loss: 0.80741
2025-10-24 01:20:04,158 - INFO - [50/100] | train_loss: 0.83841
2025-10-24 01:20:09,405 - INFO - [60/100] | train_loss: 0.84210
2025-10-24 01:20:14,675 - INFO - [70/100] | train_loss: 0.84761
2025-10-24 01:20:19,879 - INFO - [80/100] | train_loss: 0.84136
2025-10-24 01:20:25,083 - INFO - [90/100] | train_loss: 0.83484
2025-10-24 01:20:30,359 - INFO - [0/100] | train_loss: 0.13438
2025-10-24 01:20:35,787 - INFO - [10/100] | train_loss: 1.26745
2025-10-24 01:20:41,023 - INFO - [20/100] | train_loss: 0.83974
2025-10-24 01:20:46,400 - INFO - [30/100] | train_loss: 0.59753
2025-10-24 01:20:51,669 - INFO - [40/100] | train_loss: 0.53610
2025-10-24 01:20:56,731 - INFO - [50/100] | train_loss: 0.51850
2025-10-24 01:21:01,918 - INFO - [60/100] | train_loss: 0.50212
2025-10-24 01:21:07,174 - INFO - [70/100] | train_loss: 0.49043
2025-10-24 01:21:12,567 - INFO - [80/100] | train_loss: 0.49358
2025-10-24 01:21:17,805 - INFO - [90/100] | train_loss: 0.49587
2025-10-24 01:21:23,101 - INFO - [0/100] | train_loss: 0.09911
2025-10-24 01:21:28,496 - INFO - [10/100] | train_loss: 1.26138
2025-10-24 01:21:33,772 - INFO - [20/100] | train_loss: 0.84593
2025-10-24 01:21:39,146 - INFO - [30/100] | train_loss: 0.59198
2025-10-24 01:21:44,348 - INFO - [40/100] | train_loss: 0.52122
2025-10-24 01:21:49,695 - INFO - [50/100] | train_loss: 0.50490
2025-10-24 01:21:54,954 - INFO - [60/100] | train_loss: 0.49150
2025-10-24 01:22:00,171 - INFO - [70/100] | train_loss: 0.48424
2025-10-24 01:22:05,375 - INFO - [80/100] | train_loss: 0.49037
2025-10-24 01:22:10,622 - INFO - [90/100] | train_loss: 0.49104
2025-10-24 01:22:15,979 - INFO - [0/100] | train_loss: 0.19421
2025-10-24 01:22:21,173 - INFO - [10/100] | train_loss: 1.29328
2025-10-24 01:22:26,530 - INFO - [20/100] | train_loss: 0.84930
2025-10-24 01:22:31,862 - INFO - [30/100] | train_loss: 0.60621
2025-10-24 01:22:37,073 - INFO - [40/100] | train_loss: 0.56708
2025-10-24 01:22:42,283 - INFO - [50/100] | train_loss: 0.51816
2025-10-24 01:22:47,640 - INFO - [60/100] | train_loss: 0.49815
2025-10-24 01:22:53,040 - INFO - [70/100] | train_loss: 0.48780
2025-10-24 01:22:58,325 - INFO - [80/100] | train_loss: 0.48797
2025-10-24 01:23:03,550 - INFO - [90/100] | train_loss: 0.49250
2025-10-24 01:23:08,894 - INFO - ----------
2025-10-24 01:23:08,894 - INFO - sample 67/192 | d1: frontend; level: service; fault_type: network loss
2025-10-24 01:23:08,894 - INFO - sample 67/192 | predict d1: [('frontend', 4.886301594958788), ('frontend-2', 3.91327550563391), ('frontend-1', 3.905713776631922), ('frontend-0', 2.928409760129541), ('cartservice', 2.0496312558335195)]
2025-10-24 01:23:08,894 - INFO - sample 67/192 | predict d2: [('frontend/rrt_max', 2.9890006575265033), ('frontend/response', 2.92541892810209), ('frontend/rrt', 2.8807461307990287), ('frontend/request', 2.863928625023899), ('frontend/client_error', 2.825207100515925)]
2025-10-24 01:23:08,894 - INFO - ----------
2025-10-24 01:23:09,257 - INFO - [0/100] | train_loss: 0.03360
2025-10-24 01:23:14,467 - INFO - [10/100] | train_loss: 1.25143
2025-10-24 01:23:19,728 - INFO - [20/100] | train_loss: 0.82823
2025-10-24 01:23:24,978 - INFO - [30/100] | train_loss: 0.56236
2025-10-24 01:23:30,215 - INFO - [40/100] | train_loss: 0.47921
2025-10-24 01:23:35,715 - INFO - [50/100] | train_loss: 0.45710
2025-10-24 01:23:46,597 - INFO - [60/100] | train_loss: 0.44657
2025-10-24 01:23:51,899 - INFO - [70/100] | train_loss: 0.45002
2025-10-24 01:23:57,117 - INFO - [80/100] | train_loss: 0.45201
2025-10-24 01:24:02,258 - INFO - [90/100] | train_loss: 0.44434
2025-10-24 01:24:07,440 - INFO - [0/100] | train_loss: 0.05356
2025-10-24 01:24:12,726 - INFO - [10/100] | train_loss: 1.22618
2025-10-24 01:24:18,004 - INFO - [20/100] | train_loss: 0.82462
2025-10-24 01:24:23,002 - INFO - [30/100] | train_loss: 0.57773
2025-10-24 01:24:28,439 - INFO - [40/100] | train_loss: 0.50574
2025-10-24 01:24:33,437 - INFO - [50/100] | train_loss: 0.47558
2025-10-24 01:24:38,748 - INFO - [60/100] | train_loss: 0.46596
2025-10-24 01:24:43,947 - INFO - [70/100] | train_loss: 0.47970
2025-10-24 01:24:49,298 - INFO - [80/100] | train_loss: 0.46243
2025-10-24 01:24:54,489 - INFO - [90/100] | train_loss: 0.45982
2025-10-24 01:24:59,676 - INFO - [0/100] | train_loss: 0.04565
2025-10-24 01:25:04,879 - INFO - [10/100] | train_loss: 1.24600
2025-10-24 01:25:10,114 - INFO - [20/100] | train_loss: 0.84232
2025-10-24 01:25:15,405 - INFO - [30/100] | train_loss: 0.58494
2025-10-24 01:25:20,686 - INFO - [40/100] | train_loss: 0.50274
2025-10-24 01:25:25,949 - INFO - [50/100] | train_loss: 0.48371
2025-10-24 01:25:31,468 - INFO - [60/100] | train_loss: 0.50319
2025-10-24 01:25:37,021 - INFO - [70/100] | train_loss: 0.46286
2025-10-24 01:25:42,351 - INFO - [80/100] | train_loss: 0.46140
2025-10-24 01:25:47,629 - INFO - [90/100] | train_loss: 0.46179
2025-10-24 01:25:52,725 - INFO - ----------
2025-10-24 01:25:52,725 - INFO - sample 68/192 | d1: productcatalogservice-0; level: pod; fault_type: cpu stress
2025-10-24 01:25:52,725 - INFO - sample 68/192 | predict d1: [('productcatalogservice-1', 2.788572983486837), ('productcatalogservice', 2.7827902895614116), ('tidb-tikv', 2.782369561103895), ('productcatalogservice-0', 1.9125010253412802), ('productcatalogservice-2', 1.8721401478602042)]
2025-10-24 01:25:52,725 - INFO - sample 68/192 | predict d2: [('productcatalogservice/error_ratio', 2.1300882732002755), ('<intensity>; hipstershop.ProductCatalogService/ListProducts; type: downstream', 2.0312948832430244), ('productcatalogservice/error', 1.9025704776409817), ('productcatalogservice/server_error_ratio', 1.8887736368755625), ('productcatalogservice/rrt_max', 1.8463846051971764)]
2025-10-24 01:25:52,725 - INFO - ----------
2025-10-24 01:25:53,085 - INFO - [0/100] | train_loss: 0.10447
2025-10-24 01:25:58,338 - INFO - [10/100] | train_loss: 1.33289
2025-10-24 01:26:03,570 - INFO - [20/100] | train_loss: 0.93312
2025-10-24 01:26:08,774 - INFO - [30/100] | train_loss: 0.70924
2025-10-24 01:26:14,080 - INFO - [40/100] | train_loss: 0.65402
2025-10-24 01:26:19,586 - INFO - [50/100] | train_loss: 0.64997
2025-10-24 01:26:24,869 - INFO - [60/100] | train_loss: 0.65663
2025-10-24 01:26:30,126 - INFO - [70/100] | train_loss: 0.65928
2025-10-24 01:26:35,389 - INFO - [80/100] | train_loss: 0.65493
2025-10-24 01:26:40,648 - INFO - [90/100] | train_loss: 0.66040
2025-10-24 01:26:45,931 - INFO - [0/100] | train_loss: 0.09170
2025-10-24 01:26:51,302 - INFO - [10/100] | train_loss: 1.31726
2025-10-24 01:26:56,487 - INFO - [20/100] | train_loss: 0.92631
2025-10-24 01:27:01,693 - INFO - [30/100] | train_loss: 0.72941
2025-10-24 01:27:07,116 - INFO - [40/100] | train_loss: 0.66431
2025-10-24 01:27:12,376 - INFO - [50/100] | train_loss: 0.64689
2025-10-24 01:27:17,817 - INFO - [60/100] | train_loss: 0.66079
2025-10-24 01:27:23,026 - INFO - [70/100] | train_loss: 0.66157
2025-10-24 01:27:28,175 - INFO - [80/100] | train_loss: 0.66504
2025-10-24 01:27:33,208 - INFO - [90/100] | train_loss: 0.66955
2025-10-24 01:27:38,225 - INFO - ----------
2025-10-24 01:27:38,226 - INFO - sample 69/192 | d1: tidb-tidb; level: tidb; fault_type: pod failure
2025-10-24 01:27:38,226 - INFO - sample 69/192 | predict d1: [('tidb-tikv', 2.4503866204880893), ('tidb-tidb', 2.2233018092540675), ('tidb-pd', 1.5411399881305634), ('productcatalogservice', 1.540755344198839), ('adservice', 1.540597361024009)]
2025-10-24 01:27:38,226 - INFO - sample 69/192 | predict d2: [('productcatalogservice/rrt', 1.4081866145814352), ('productcatalogservice/response', 1.274994079715995), ('<intensity>; hipstershop.ProductCatalogService/GetProduct; type: downstream', 1.2114719310625262), ('productcatalogservice/request', 1.2079109280843134), ('<intensity>; hipstershop.ProductCatalogService/GetProduct; type: current', 1.1982724944040086)]
2025-10-24 01:27:38,226 - INFO - ----------
2025-10-24 01:27:38,585 - INFO - [0/100] | train_loss: 0.06934
2025-10-24 01:27:43,848 - INFO - [10/100] | train_loss: 1.34024
2025-10-24 01:27:49,285 - INFO - [20/100] | train_loss: 0.92725
2025-10-24 01:27:54,474 - INFO - [30/100] | train_loss: 0.68735
2025-10-24 01:27:59,753 - INFO - [40/100] | train_loss: 0.65850
2025-10-24 01:28:05,010 - INFO - [50/100] | train_loss: 0.65563
2025-10-24 01:28:10,224 - INFO - [60/100] | train_loss: 0.63643
2025-10-24 01:28:15,472 - INFO - [70/100] | train_loss: 0.67701
2025-10-24 01:28:20,812 - INFO - [80/100] | train_loss: 0.64699
2025-10-24 01:28:26,064 - INFO - [90/100] | train_loss: 0.64746
2025-10-24 01:28:31,077 - INFO - ----------
2025-10-24 01:28:31,077 - INFO - sample 70/192 | d1: checkoutservice; level: service; fault_type: target port misconfig
2025-10-24 01:28:31,077 - INFO - sample 70/192 | predict d1: [('tidb-tikv', 0.31198510642146715), ('tidb-tidb', 0.31198510642146715), ('productcatalogservice', 0.3119838950653797), ('adservice', 0.3118928895358266), ('adservice-1', 0.3118928895358266)]
2025-10-24 01:28:31,077 - INFO - sample 70/192 | predict d2: [('productcatalogservice/rrt_max', 0.23131165595136416), ('<duration>; hipstershop.ProductCatalogService/ListProducts; type: downstream', 0.22917170889746963), ('<intensity>; hipstershop.ProductCatalogService/GetProduct; type: downstream', 0.22559111335387172), ('<intensity>; hipstershop.ProductCatalogService/ListProducts; type: downstream', 0.221308950356903), ('productcatalogservice/rrt', 0.2080197203299754)]
2025-10-24 01:28:31,077 - INFO - ----------
2025-10-24 01:28:31,438 - INFO - [0/100] | train_loss: 0.12988
2025-10-24 01:28:36,578 - INFO - [10/100] | train_loss: 0.89425
2025-10-24 01:28:41,741 - INFO - [20/100] | train_loss: 0.70064
2025-10-24 01:28:47,052 - INFO - [30/100] | train_loss: 0.46320
2025-10-24 01:28:52,202 - INFO - [40/100] | train_loss: 0.35041
2025-10-24 01:28:57,378 - INFO - [50/100] | train_loss: 0.27720
2025-10-24 01:29:02,785 - INFO - [60/100] | train_loss: 0.25177
2025-10-24 01:29:07,992 - INFO - [70/100] | train_loss: 0.23707
2025-10-24 01:29:13,235 - INFO - [80/100] | train_loss: 0.24172
2025-10-24 01:29:18,462 - INFO - [90/100] | train_loss: 0.24053
2025-10-24 01:29:23,645 - INFO - [0/100] | train_loss: 0.06542
2025-10-24 01:29:28,833 - INFO - [10/100] | train_loss: 1.32967
2025-10-24 01:29:34,236 - INFO - [20/100] | train_loss: 0.93980
2025-10-24 01:29:39,473 - INFO - [30/100] | train_loss: 0.71529
2025-10-24 01:29:44,706 - INFO - [40/100] | train_loss: 0.65977
2025-10-24 01:29:49,883 - INFO - [50/100] | train_loss: 0.63667
2025-10-24 01:29:55,048 - INFO - [60/100] | train_loss: 0.63186
2025-10-24 01:30:00,273 - INFO - [70/100] | train_loss: 0.63998
2025-10-24 01:30:05,653 - INFO - [80/100] | train_loss: 0.64538
2025-10-24 01:30:10,834 - INFO - [90/100] | train_loss: 0.65062
2025-10-24 01:30:15,825 - INFO - ----------
2025-10-24 01:30:15,826 - INFO - sample 71/192 | d1: aiops-k8s-06; level: node; fault_type: node memory
2025-10-24 01:30:15,826 - INFO - sample 71/192 | predict d1: [('aiops-k8s-06', 1.3872940554639968), ('productcatalogservice', 0.27691900191923047), ('frontend', 0.27691900191923047), ('tidb-tikv', 0.2769088783650204), ('tidb-pd', 0.2768973037111344)]
2025-10-24 01:30:15,826 - INFO - sample 71/192 | predict d2: [('aiops-k8s-06/node_network_receive_packets_total', 0.5492955312081449), ('aiops-k8s-06/node_sockstat_TCP_inuse', 0.5412186933105545), ('aiops-k8s-06/node_disk_read_bytes_total', 0.5398309623078035), ('aiops-k8s-06/node_disk_written_bytes_total', 0.5169473128526647), ('aiops-k8s-06/node_network_transmit_packets_total', 0.5090612279306583)]
2025-10-24 01:30:15,826 - INFO - ----------
2025-10-24 01:30:16,182 - INFO - [0/100] | train_loss: 0.06169
2025-10-24 01:30:21,326 - INFO - [10/100] | train_loss: 1.32293
2025-10-24 01:30:26,478 - INFO - [20/100] | train_loss: 0.98237
2025-10-24 01:30:31,694 - INFO - [30/100] | train_loss: 0.72964
2025-10-24 01:30:36,842 - INFO - [40/100] | train_loss: 0.66106
2025-10-24 01:30:42,031 - INFO - [50/100] | train_loss: 0.67820
2025-10-24 01:30:47,232 - INFO - [60/100] | train_loss: 0.75675
2025-10-24 01:30:52,429 - INFO - [70/100] | train_loss: 0.68546
2025-10-24 01:30:57,825 - INFO - [80/100] | train_loss: 0.67814
2025-10-24 01:31:03,034 - INFO - [90/100] | train_loss: 0.67739
2025-10-24 01:31:08,065 - INFO - ----------
2025-10-24 01:31:08,065 - INFO - sample 72/192 | d1: emailservice; level: service; fault_type: target port misconfig
2025-10-24 01:31:08,066 - INFO - sample 72/192 | predict d1: [('tidb-tikv', 1.1413156494274688), ('tidb-tidb', 0.561464657915252), ('productcatalogservice', 0.561464657915252), ('adservice', 0.5611384161380215), ('adservice-2', 0.5611384161380215)]
2025-10-24 01:31:08,066 - INFO - sample 72/192 | predict d2: [('productcatalogservice/client_error', 0.4508255331593318), ('productcatalogservice/client_error_ratio', 0.4412967347137453), ('productcatalogservice/response', 0.428211683009863), ('productcatalogservice/rrt', 0.4239556682887553), ('tidb-tikv/io_util', 0.4197116546168047)]
2025-10-24 01:31:08,066 - INFO - ----------
2025-10-24 01:31:08,425 - INFO - [0/100] | train_loss: 0.10506
2025-10-24 01:31:13,564 - INFO - [10/100] | train_loss: 0.84568
2025-10-24 01:31:18,732 - INFO - [20/100] | train_loss: 0.58174
2025-10-24 01:31:23,911 - INFO - [30/100] | train_loss: 0.44822
2025-10-24 01:31:29,236 - INFO - [40/100] | train_loss: 0.32644
2025-10-24 01:31:34,448 - INFO - [50/100] | train_loss: 0.29628
2025-10-24 01:31:39,756 - INFO - [60/100] | train_loss: 0.26774
2025-10-24 01:31:44,938 - INFO - [70/100] | train_loss: 0.25964
2025-10-24 01:31:50,156 - INFO - [80/100] | train_loss: 0.27474
2025-10-24 01:31:55,339 - INFO - [90/100] | train_loss: 0.24132
2025-10-24 01:32:00,531 - INFO - [0/100] | train_loss: 0.06836
2025-10-24 01:32:05,710 - INFO - [10/100] | train_loss: 1.29972
2025-10-24 01:32:11,052 - INFO - [20/100] | train_loss: 0.91678
2025-10-24 01:32:16,236 - INFO - [30/100] | train_loss: 0.69311
2025-10-24 01:32:21,396 - INFO - [40/100] | train_loss: 0.61963
2025-10-24 01:32:26,576 - INFO - [50/100] | train_loss: 0.63363
2025-10-24 01:32:31,788 - INFO - [60/100] | train_loss: 0.62094
2025-10-24 01:32:37,210 - INFO - [70/100] | train_loss: 0.62050
2025-10-24 01:32:42,459 - INFO - [80/100] | train_loss: 0.62934
2025-10-24 01:32:47,819 - INFO - [90/100] | train_loss: 0.64281
2025-10-24 01:32:52,849 - INFO - ----------
2025-10-24 01:32:52,849 - INFO - sample 73/192 | d1: aiops-k8s-07; level: node; fault_type: node cpu
2025-10-24 01:32:52,849 - INFO - sample 73/192 | predict d1: [('aiops-k8s-07', 1.2207612673548347), ('productcatalogservice', 0.07141058287664359), ('productcatalogservice-1', 0.07140174883964967), ('adservice', 0.07139766854453589), ('tidb-tidb', 0.07139766854453589)]
2025-10-24 01:32:52,849 - INFO - sample 73/192 | predict d2: [('aiops-k8s-07/node_disk_written_bytes_total', 0.4790017149049781), ('aiops-k8s-07/node_cpu_usage_rate', 0.4725278635188239), ('aiops-k8s-07/node_network_transmit_packets_total', 0.46970181581047044), ('aiops-k8s-07/node_disk_read_time_seconds_total', 0.4622377692491071), ('aiops-k8s-07/node_disk_write_time_seconds_total', 0.45992476338724586)]
2025-10-24 01:32:52,849 - INFO - ----------
2025-10-24 01:32:53,204 - INFO - [0/100] | train_loss: 0.11546
2025-10-24 01:32:58,381 - INFO - [10/100] | train_loss: 1.39523
2025-10-24 01:33:03,751 - INFO - [20/100] | train_loss: 1.03930
2025-10-24 01:33:08,970 - INFO - [30/100] | train_loss: 0.92735
2025-10-24 01:33:14,297 - INFO - [40/100] | train_loss: 0.86146
2025-10-24 01:33:19,484 - INFO - [50/100] | train_loss: 0.86440
2025-10-24 01:33:24,622 - INFO - [60/100] | train_loss: 0.87408
2025-10-24 01:33:29,681 - INFO - [70/100] | train_loss: 0.87883
2025-10-24 01:33:34,829 - INFO - [80/100] | train_loss: 0.91106
2025-10-24 01:33:40,219 - INFO - [90/100] | train_loss: 0.89566
2025-10-24 01:33:45,441 - INFO - [0/100] | train_loss: 0.12597
2025-10-24 01:33:50,674 - INFO - [10/100] | train_loss: 1.30145
2025-10-24 01:33:55,923 - INFO - [20/100] | train_loss: 0.88573
2025-10-24 01:34:01,325 - INFO - [30/100] | train_loss: 0.63300
2025-10-24 01:34:06,542 - INFO - [40/100] | train_loss: 0.57398
2025-10-24 01:34:11,821 - INFO - [50/100] | train_loss: 0.57245
2025-10-24 01:34:17,236 - INFO - [60/100] | train_loss: 0.53663
2025-10-24 01:34:22,478 - INFO - [70/100] | train_loss: 0.54233
2025-10-24 01:34:27,940 - INFO - [80/100] | train_loss: 0.51843
2025-10-24 01:34:33,145 - INFO - [90/100] | train_loss: 0.55119
2025-10-24 01:34:38,321 - INFO - [0/100] | train_loss: 0.09438
2025-10-24 01:34:43,486 - INFO - [10/100] | train_loss: 1.30757
2025-10-24 01:34:48,698 - INFO - [20/100] | train_loss: 0.85405
2025-10-24 01:34:53,905 - INFO - [30/100] | train_loss: 0.62669
2025-10-24 01:34:59,310 - INFO - [40/100] | train_loss: 0.56340
2025-10-24 01:35:04,516 - INFO - [50/100] | train_loss: 0.55604
2025-10-24 01:35:09,870 - INFO - [60/100] | train_loss: 0.53836
2025-10-24 01:35:15,087 - INFO - [70/100] | train_loss: 0.55334
2025-10-24 01:35:20,328 - INFO - [80/100] | train_loss: 0.59252
2025-10-24 01:35:25,599 - INFO - [90/100] | train_loss: 0.54493
2025-10-24 01:35:30,885 - INFO - [0/100] | train_loss: 0.15815
2025-10-24 01:35:36,234 - INFO - [10/100] | train_loss: 1.29359
2025-10-24 01:35:41,469 - INFO - [20/100] | train_loss: 0.92458
2025-10-24 01:35:46,710 - INFO - [30/100] | train_loss: 0.66078
2025-10-24 01:35:51,965 - INFO - [40/100] | train_loss: 0.59298
2025-10-24 01:35:57,210 - INFO - [50/100] | train_loss: 0.56619
2025-10-24 01:36:02,439 - INFO - [60/100] | train_loss: 0.57054
2025-10-24 01:36:07,927 - INFO - [70/100] | train_loss: 0.56788
2025-10-24 01:36:13,166 - INFO - [80/100] | train_loss: 0.62226
2025-10-24 01:36:18,542 - INFO - [90/100] | train_loss: 0.57503
2025-10-24 01:36:23,566 - INFO - ----------
2025-10-24 01:36:23,566 - INFO - sample 74/192 | d1: checkoutservice; level: service; fault_type: network corrupt
2025-10-24 01:36:23,566 - INFO - sample 74/192 | predict d1: [('checkoutservice', 3.7457449462358596), ('checkoutservice-1', 2.8251030539871156), ('checkoutservice-2', 2.8103179782804224), ('checkoutservice-0', 2.2713479498475655), ('cartservice', 2.194144428940317)]
2025-10-24 01:36:23,566 - INFO - sample 74/192 | predict d2: [('checkoutservice/rrt_max', 2.451990213398446), ('<intensity>; hipstershop.CheckoutService/PlaceOrder; type: upstream', 2.4383282042059093), ('checkoutservice/rrt', 2.2997678592733877), ('checkoutservice/response', 2.298979202395696), ('checkoutservice/request', 2.266902603135165)]
2025-10-24 01:36:23,566 - INFO - ----------
2025-10-24 01:36:23,924 - INFO - [0/100] | train_loss: 0.08593
2025-10-24 01:36:29,107 - INFO - [10/100] | train_loss: 1.30326
2025-10-24 01:36:34,333 - INFO - [20/100] | train_loss: 0.90669
2025-10-24 01:36:39,523 - INFO - [30/100] | train_loss: 0.67469
2025-10-24 01:36:44,881 - INFO - [40/100] | train_loss: 0.61144
2025-10-24 01:36:50,153 - INFO - [50/100] | train_loss: 0.61375
2025-10-24 01:36:55,581 - INFO - [60/100] | train_loss: 0.60571
2025-10-24 01:37:00,840 - INFO - [70/100] | train_loss: 0.61527
2025-10-24 01:37:06,195 - INFO - [80/100] | train_loss: 0.61169
2025-10-24 01:37:11,501 - INFO - [90/100] | train_loss: 0.61738
2025-10-24 01:37:16,809 - INFO - [0/100] | train_loss: 0.06092
2025-10-24 01:37:21,991 - INFO - [10/100] | train_loss: 1.30049
2025-10-24 01:37:27,390 - INFO - [20/100] | train_loss: 0.90746
2025-10-24 01:37:32,539 - INFO - [30/100] | train_loss: 0.68039
2025-10-24 01:37:37,792 - INFO - [40/100] | train_loss: 0.62371
2025-10-24 01:37:43,248 - INFO - [50/100] | train_loss: 0.61860
2025-10-24 01:37:48,506 - INFO - [60/100] | train_loss: 0.61898
2025-10-24 01:37:53,945 - INFO - [70/100] | train_loss: 0.63059
2025-10-24 01:37:59,229 - INFO - [80/100] | train_loss: 0.63640
2025-10-24 01:38:04,486 - INFO - [90/100] | train_loss: 0.63595
2025-10-24 01:38:09,534 - INFO - ----------
2025-10-24 01:38:09,534 - INFO - sample 75/192 | d1: tidb-tikv; level: tidb; fault_type: pod failure
2025-10-24 01:38:09,534 - INFO - sample 75/192 | predict d1: [('tidb-tikv', 2.8376267844386653), ('tidb-tidb', 2.762813793671402), ('productcatalogservice', 1.8469916865151), ('tidb-pd', 1.8465232147987045), ('adservice', 1.8444614611217283)]
2025-10-24 01:38:09,534 - INFO - sample 75/192 | predict d2: [('productcatalogservice/response', 1.452238179401828), ('tidb-tikv/store_size', 1.3850950999986438), ('productcatalogservice/request', 1.3599266719712269), ('tidb-tikv/available_size', 1.3561485646681284), ('<intensity>; hipstershop.ProductCatalogService/GetProduct; type: current', 1.3391965477229633)]
2025-10-24 01:38:09,534 - INFO - ----------
2025-10-24 01:38:09,888 - INFO - [0/100] | train_loss: 0.03801
2025-10-24 01:38:15,088 - INFO - [10/100] | train_loss: 1.28242
2025-10-24 01:38:20,424 - INFO - [20/100] | train_loss: 0.87329
2025-10-24 01:38:25,640 - INFO - [30/100] | train_loss: 0.63831
2025-10-24 01:38:30,831 - INFO - [40/100] | train_loss: 0.57701
2025-10-24 01:38:36,275 - INFO - [50/100] | train_loss: 0.56865
2025-10-24 01:38:41,575 - INFO - [60/100] | train_loss: 0.57071
2025-10-24 01:38:46,854 - INFO - [70/100] | train_loss: 0.58911
2025-10-24 01:38:52,119 - INFO - [80/100] | train_loss: 0.58902
2025-10-24 01:38:57,426 - INFO - [90/100] | train_loss: 0.59961
2025-10-24 01:39:02,870 - INFO - [0/100] | train_loss: 0.02747
2025-10-24 01:39:08,110 - INFO - [10/100] | train_loss: 1.26618
2025-10-24 01:39:13,380 - INFO - [20/100] | train_loss: 0.86049
2025-10-24 01:39:18,594 - INFO - [30/100] | train_loss: 0.63410
2025-10-24 01:39:23,730 - INFO - [40/100] | train_loss: 0.58208
2025-10-24 01:39:28,854 - INFO - [50/100] | train_loss: 0.58669
2025-10-24 01:39:34,099 - INFO - [60/100] | train_loss: 0.59438
2025-10-24 01:39:39,133 - INFO - [70/100] | train_loss: 0.60536
2025-10-24 01:39:44,175 - INFO - [80/100] | train_loss: 0.61188
2025-10-24 01:39:49,224 - INFO - [90/100] | train_loss: 0.61258
2025-10-24 01:39:54,080 - INFO - ----------
2025-10-24 01:39:54,080 - INFO - sample 76/192 | d1: tidb-tikv; level: tidb; fault_type: io fault
2025-10-24 01:39:54,080 - INFO - sample 76/192 | predict d1: [('tidb-tikv', 2.813144381841486), ('tidb-tidb', 2.718863573572527), ('productcatalogservice', 1.8246229037961434), ('adservice', 1.8245692191589455), ('productcatalogservice-1', 0.9807809967430868)]
2025-10-24 01:39:54,080 - INFO - sample 76/192 | predict d2: [('productcatalogservice/rrt_max', 1.4181332881046984), ('productcatalogservice/rrt', 1.2821702156059587), ('productcatalogservice/response', 1.2506024010458034), ('<duration>; hipstershop.ProductCatalogService/GetProduct; type: upstream', 1.0781431874841267), ('<duration>; hipstershop.ProductCatalogService/GetProduct; type: downstream', 1.0582525368319935)]
2025-10-24 01:39:54,080 - INFO - ----------
2025-10-24 01:39:54,427 - INFO - [0/100] | train_loss: 0.03508
2025-10-24 01:39:59,584 - INFO - [10/100] | train_loss: 1.26194
2025-10-24 01:40:04,595 - INFO - [20/100] | train_loss: 0.85689
2025-10-24 01:40:09,905 - INFO - [30/100] | train_loss: 0.62463
2025-10-24 01:40:15,141 - INFO - [40/100] | train_loss: 0.56823
2025-10-24 01:40:20,397 - INFO - [50/100] | train_loss: 0.59003
2025-10-24 01:40:25,805 - INFO - [60/100] | train_loss: 0.57475
2025-10-24 01:40:31,060 - INFO - [70/100] | train_loss: 0.58051
2025-10-24 01:40:36,481 - INFO - [80/100] | train_loss: 0.59920
2025-10-24 01:40:41,736 - INFO - [90/100] | train_loss: 0.58905
2025-10-24 01:40:47,155 - INFO - [0/100] | train_loss: 0.03631
2025-10-24 01:40:52,416 - INFO - [10/100] | train_loss: 1.26315
2025-10-24 01:40:57,653 - INFO - [20/100] | train_loss: 0.86018
2025-10-24 01:41:02,890 - INFO - [30/100] | train_loss: 0.63638
2025-10-24 01:41:08,110 - INFO - [40/100] | train_loss: 0.58423
2025-10-24 01:41:13,332 - INFO - [50/100] | train_loss: 0.58930
2025-10-24 01:41:18,671 - INFO - [60/100] | train_loss: 0.59687
2025-10-24 01:41:23,872 - INFO - [70/100] | train_loss: 0.60502
2025-10-24 01:41:29,116 - INFO - [80/100] | train_loss: 0.61110
2025-10-24 01:41:34,363 - INFO - [90/100] | train_loss: 0.60986
2025-10-24 01:41:39,654 - INFO - [0/100] | train_loss: 0.05217
2025-10-24 01:41:45,054 - INFO - [10/100] | train_loss: 1.28680
2025-10-24 01:41:50,321 - INFO - [20/100] | train_loss: 0.90075
2025-10-24 01:41:55,526 - INFO - [30/100] | train_loss: 0.66120
2025-10-24 01:42:00,859 - INFO - [40/100] | train_loss: 0.59977
2025-10-24 01:42:06,094 - INFO - [50/100] | train_loss: 0.60520
2025-10-24 01:42:11,468 - INFO - [60/100] | train_loss: 0.60147
2025-10-24 01:42:16,693 - INFO - [70/100] | train_loss: 0.61173
2025-10-24 01:42:21,900 - INFO - [80/100] | train_loss: 0.62459
2025-10-24 01:42:27,088 - INFO - [90/100] | train_loss: 0.62007
2025-10-24 01:42:32,288 - INFO - ----------
2025-10-24 01:42:32,288 - INFO - sample 77/192 | d1: tidb-tikv; level: tidb; fault_type: io fault
2025-10-24 01:42:32,288 - INFO - sample 77/192 | predict d1: [('tidb-tikv', 3.784827309836242), ('tidb-tidb', 2.897247071004445), ('productcatalogservice', 2.787968560091418), ('adservice', 2.7867224079931034), ('tidb-pd', 2.783470382460412)]
2025-10-24 01:42:32,288 - INFO - sample 77/192 | predict d2: [('productcatalogservice/rrt_max', 2.085326060442192), ('productcatalogservice/response', 1.8750545030313255), ('productcatalogservice/rrt', 1.78170441237096), ('productcatalogservice/client_error', 1.6731793304224887), ('productcatalogservice/request', 1.5342734705594623)]
2025-10-24 01:42:32,288 - INFO - ----------
2025-10-24 01:42:32,642 - INFO - [0/100] | train_loss: 0.08852
2025-10-24 01:42:37,799 - INFO - [10/100] | train_loss: 1.30745
2025-10-24 01:42:42,991 - INFO - [20/100] | train_loss: 0.91412
2025-10-24 01:42:48,191 - INFO - [30/100] | train_loss: 0.69643
2025-10-24 01:42:53,391 - INFO - [40/100] | train_loss: 0.63390
2025-10-24 01:42:58,541 - INFO - [50/100] | train_loss: 0.63276
2025-10-24 01:43:03,649 - INFO - [60/100] | train_loss: 0.63064
2025-10-24 01:43:08,995 - INFO - [70/100] | train_loss: 0.64016
2025-10-24 01:43:14,233 - INFO - [80/100] | train_loss: 0.64263
2025-10-24 01:43:19,480 - INFO - [90/100] | train_loss: 0.64373
2025-10-24 01:43:24,708 - INFO - [0/100] | train_loss: 0.08069
2025-10-24 01:43:29,863 - INFO - [10/100] | train_loss: 1.29908
2025-10-24 01:43:35,046 - INFO - [20/100] | train_loss: 0.90314
2025-10-24 01:43:40,242 - INFO - [30/100] | train_loss: 0.67900
2025-10-24 01:43:45,656 - INFO - [40/100] | train_loss: 0.62288
2025-10-24 01:43:50,855 - INFO - [50/100] | train_loss: 0.62692
2025-10-24 01:43:56,136 - INFO - [60/100] | train_loss: 0.62855
2025-10-24 01:44:01,391 - INFO - [70/100] | train_loss: 0.63490
2025-10-24 01:44:06,658 - INFO - [80/100] | train_loss: 0.64620
2025-10-24 01:44:12,004 - INFO - [90/100] | train_loss: 0.64296
2025-10-24 01:44:17,075 - INFO - ----------
2025-10-24 01:44:17,075 - INFO - sample 78/192 | d1: tidb-tikv; level: tidb; fault_type: pod failure
2025-10-24 01:44:17,075 - INFO - sample 78/192 | predict d1: [('tidb-tikv', 2.544932019722694), ('tidb-tidb', 2.2556066372445116), ('tidb-pd', 1.5833439541431176), ('productcatalogservice', 1.5820732457783038), ('adservice', 1.5819197938159846)]
2025-10-24 01:44:17,075 - INFO - sample 78/192 | predict d2: [('productcatalogservice/response', 1.2341707737912202), ('tidb-tikv/store_size', 1.200573977344959), ('tidb-tikv/memory_usage', 1.175679078887697), ('<intensity>; hipstershop.ProductCatalogService/GetProduct; type: current', 1.1515066247679897), ('<intensity>; hipstershop.ProductCatalogService/GetProduct; type: downstream', 1.1298082582737834)]
2025-10-24 01:44:17,075 - INFO - ----------
2025-10-24 01:44:17,439 - INFO - [0/100] | train_loss: 0.10571
2025-10-24 01:44:22,655 - INFO - [10/100] | train_loss: 1.39592
2025-10-24 01:44:28,192 - INFO - [20/100] | train_loss: 1.05836
2025-10-24 01:44:33,429 - INFO - [30/100] | train_loss: 0.89091
2025-10-24 01:44:38,663 - INFO - [40/100] | train_loss: 0.86782
2025-10-24 01:44:44,028 - INFO - [50/100] | train_loss: 0.88135
2025-10-24 01:44:49,359 - INFO - [60/100] | train_loss: 0.88979
2025-10-24 01:44:54,558 - INFO - [70/100] | train_loss: 0.89495
2025-10-24 01:44:59,814 - INFO - [80/100] | train_loss: 0.88757
2025-10-24 01:45:05,051 - INFO - [90/100] | train_loss: 0.88334
2025-10-24 01:45:10,331 - INFO - [0/100] | train_loss: 0.06198
2025-10-24 01:45:15,496 - INFO - [10/100] | train_loss: 1.32060
2025-10-24 01:45:20,740 - INFO - [20/100] | train_loss: 0.93102
2025-10-24 01:45:26,023 - INFO - [30/100] | train_loss: 0.71478
2025-10-24 01:45:31,353 - INFO - [40/100] | train_loss: 0.63891
2025-10-24 01:45:36,648 - INFO - [50/100] | train_loss: 0.64186
2025-10-24 01:45:41,912 - INFO - [60/100] | train_loss: 0.61876
2025-10-24 01:45:47,158 - INFO - [70/100] | train_loss: 0.63710
2025-10-24 01:45:52,474 - INFO - [80/100] | train_loss: 0.63569
2025-10-24 01:45:57,556 - INFO - [90/100] | train_loss: 0.71981
2025-10-24 01:46:02,683 - INFO - [0/100] | train_loss: 0.08217
2025-10-24 01:46:07,854 - INFO - [10/100] | train_loss: 1.25221
2025-10-24 01:46:13,024 - INFO - [20/100] | train_loss: 0.82629
2025-10-24 01:46:18,222 - INFO - [30/100] | train_loss: 0.59616
2025-10-24 01:46:23,455 - INFO - [40/100] | train_loss: 0.53718
2025-10-24 01:46:28,679 - INFO - [50/100] | train_loss: 0.52601
2025-10-24 01:46:34,006 - INFO - [60/100] | train_loss: 0.51060
2025-10-24 01:46:39,269 - INFO - [70/100] | train_loss: 0.50217
2025-10-24 01:46:44,529 - INFO - [80/100] | train_loss: 0.50775
2025-10-24 01:46:49,806 - INFO - [90/100] | train_loss: 0.51414
2025-10-24 01:46:55,098 - INFO - [0/100] | train_loss: 0.12373
2025-10-24 01:47:00,422 - INFO - [10/100] | train_loss: 1.26428
2025-10-24 01:47:05,784 - INFO - [20/100] | train_loss: 0.86480
2025-10-24 01:47:11,105 - INFO - [30/100] | train_loss: 0.60975
2025-10-24 01:47:16,432 - INFO - [40/100] | train_loss: 0.54825
2025-10-24 01:47:21,761 - INFO - [50/100] | train_loss: 0.57222
2025-10-24 01:47:27,205 - INFO - [60/100] | train_loss: 0.57740
2025-10-24 01:47:32,567 - INFO - [70/100] | train_loss: 0.49928
2025-10-24 01:47:37,936 - INFO - [80/100] | train_loss: 0.50767
2025-10-24 01:47:43,248 - INFO - [90/100] | train_loss: 0.51016
2025-10-24 01:47:48,562 - INFO - [0/100] | train_loss: 0.13391
2025-10-24 01:47:53,903 - INFO - [10/100] | train_loss: 1.26943
2025-10-24 01:47:59,187 - INFO - [20/100] | train_loss: 0.87525
2025-10-24 01:48:04,458 - INFO - [30/100] | train_loss: 0.60311
2025-10-24 01:48:09,983 - INFO - [40/100] | train_loss: 0.54186
2025-10-24 01:48:15,309 - INFO - [50/100] | train_loss: 0.52804
2025-10-24 01:48:20,758 - INFO - [60/100] | train_loss: 0.52704
2025-10-24 01:48:26,021 - INFO - [70/100] | train_loss: 0.50755
2025-10-24 01:48:31,473 - INFO - [80/100] | train_loss: 0.52312
2025-10-24 01:48:36,793 - INFO - [90/100] | train_loss: 0.50393
2025-10-24 01:48:41,917 - INFO - ----------
2025-10-24 01:48:41,917 - INFO - sample 79/192 | d1: checkoutservice; level: service; fault_type: network loss
2025-10-24 01:48:41,917 - INFO - sample 79/192 | predict d1: [('checkoutservice', 5.17428934411787), ('checkoutservice-2', 3.5889891591573506), ('cartservice', 3.4650211287229205), ('checkoutservice-0', 2.7341047557991938), ('checkoutservice-1', 2.679112708250086)]
2025-10-24 01:48:41,917 - INFO - sample 79/192 | predict d2: [('checkoutservice/rrt_max', 3.533015332759666), ('checkoutservice/rrt', 3.2888208728709376), ('checkoutservice/request', 3.0059032848173537), ('checkoutservice/client_error_ratio', 2.9836890185641582), ('checkoutservice/server_error', 2.973766991888427)]
2025-10-24 01:48:41,917 - INFO - ----------
2025-10-24 01:48:42,278 - INFO - [0/100] | train_loss: 0.04870
2025-10-24 01:48:47,447 - INFO - [10/100] | train_loss: 1.34840
2025-10-24 01:48:52,765 - INFO - [20/100] | train_loss: 0.98040
2025-10-24 01:48:57,978 - INFO - [30/100] | train_loss: 0.81782
2025-10-24 01:49:03,182 - INFO - [40/100] | train_loss: 0.81155
2025-10-24 01:49:08,415 - INFO - [50/100] | train_loss: 0.82916
2025-10-24 01:49:13,865 - INFO - [60/100] | train_loss: 0.84558
2025-10-24 01:49:19,412 - INFO - [70/100] | train_loss: 0.85149
2025-10-24 01:49:24,633 - INFO - [80/100] | train_loss: 0.85050
2025-10-24 01:49:30,105 - INFO - [90/100] | train_loss: 0.84149
2025-10-24 01:49:35,317 - INFO - [0/100] | train_loss: 0.03326
2025-10-24 01:49:40,503 - INFO - [10/100] | train_loss: 1.20271
2025-10-24 01:49:45,731 - INFO - [20/100] | train_loss: 0.78458
2025-10-24 01:49:50,946 - INFO - [30/100] | train_loss: 0.54743
2025-10-24 01:49:56,331 - INFO - [40/100] | train_loss: 0.48790
2025-10-24 01:50:01,784 - INFO - [50/100] | train_loss: 0.47347
2025-10-24 01:50:06,987 - INFO - [60/100] | train_loss: 0.45898
2025-10-24 01:50:12,246 - INFO - [70/100] | train_loss: 0.45116
2025-10-24 01:50:17,543 - INFO - [80/100] | train_loss: 0.45378
2025-10-24 01:50:22,805 - INFO - [90/100] | train_loss: 0.45889
2025-10-24 01:50:28,014 - INFO - [0/100] | train_loss: 0.07607
2025-10-24 01:50:33,204 - INFO - [10/100] | train_loss: 1.23795
2025-10-24 01:50:38,682 - INFO - [20/100] | train_loss: 0.84216
2025-10-24 01:50:43,954 - INFO - [30/100] | train_loss: 0.58924
2025-10-24 01:50:49,178 - INFO - [40/100] | train_loss: 0.52071
2025-10-24 01:50:54,403 - INFO - [50/100] | train_loss: 0.50013
2025-10-24 01:50:59,846 - INFO - [60/100] | train_loss: 0.48271
2025-10-24 01:51:05,089 - INFO - [70/100] | train_loss: 0.47119
2025-10-24 01:51:10,349 - INFO - [80/100] | train_loss: 0.47452
2025-10-24 01:51:15,615 - INFO - [90/100] | train_loss: 0.47614
2025-10-24 01:51:20,874 - INFO - [0/100] | train_loss: 0.05327
2025-10-24 01:51:26,306 - INFO - [10/100] | train_loss: 1.22948
2025-10-24 01:51:31,609 - INFO - [20/100] | train_loss: 0.81495
2025-10-24 01:51:36,988 - INFO - [30/100] | train_loss: 0.57381
2025-10-24 01:51:42,151 - INFO - [40/100] | train_loss: 0.50918
2025-10-24 01:51:47,258 - INFO - [50/100] | train_loss: 0.48817
2025-10-24 01:51:52,648 - INFO - [60/100] | train_loss: 0.47184
2025-10-24 01:51:57,950 - INFO - [70/100] | train_loss: 0.46378
2025-10-24 01:52:03,347 - INFO - [80/100] | train_loss: 0.46932
2025-10-24 01:52:08,601 - INFO - [90/100] | train_loss: 0.47004
2025-10-24 01:52:13,815 - INFO - ----------
2025-10-24 01:52:13,816 - INFO - sample 80/192 | d1: checkoutservice; level: service; fault_type: dns error
2025-10-24 01:52:13,816 - INFO - sample 80/192 | predict d1: [('checkoutservice', 4.87305523544628), ('checkoutservice-2', 3.900033467256559), ('cartservice', 3.0197485582079535), ('checkoutservice-0', 2.927400302564207), ('checkoutservice-1', 2.9267188580323538)]
2025-10-24 01:52:13,816 - INFO - sample 80/192 | predict d2: [('checkoutservice/rrt_max', 2.898236099263965), ('checkoutservice/request', 2.864109726075256), ('checkoutservice/client_error', 2.7836375071366213), ('checkoutservice/response', 2.743075949432704), ('<intensity>; hipstershop.CheckoutService/PlaceOrder; type: current', 2.721790573741874)]
2025-10-24 01:52:13,816 - INFO - ----------
2025-10-24 01:52:14,178 - INFO - [0/100] | train_loss: 0.03476
2025-10-24 01:52:19,398 - INFO - [10/100] | train_loss: 1.30482
2025-10-24 01:52:24,615 - INFO - [20/100] | train_loss: 0.89355
2025-10-24 01:52:29,872 - INFO - [30/100] | train_loss: 0.64462
2025-10-24 01:52:35,063 - INFO - [40/100] | train_loss: 0.57977
2025-10-24 01:52:40,350 - INFO - [50/100] | train_loss: 0.57672
2025-10-24 01:52:45,821 - INFO - [60/100] | train_loss: 0.58057
2025-10-24 01:52:51,134 - INFO - [70/100] | train_loss: 0.58340
2025-10-24 01:52:56,445 - INFO - [80/100] | train_loss: 0.59038
2025-10-24 01:53:01,851 - INFO - [90/100] | train_loss: 0.59629
2025-10-24 01:53:07,176 - INFO - [0/100] | train_loss: 0.02613
2025-10-24 01:53:12,506 - INFO - [10/100] | train_loss: 1.27251
2025-10-24 01:53:17,831 - INFO - [20/100] | train_loss: 0.85862
2025-10-24 01:53:23,278 - INFO - [30/100] | train_loss: 0.62414
2025-10-24 01:53:28,522 - INFO - [40/100] | train_loss: 0.57145
2025-10-24 01:53:33,801 - INFO - [50/100] | train_loss: 0.57626
2025-10-24 01:53:39,200 - INFO - [60/100] | train_loss: 0.58923
2025-10-24 01:53:44,453 - INFO - [70/100] | train_loss: 0.59615
2025-10-24 01:53:49,648 - INFO - [80/100] | train_loss: 0.60253
2025-10-24 01:53:54,840 - INFO - [90/100] | train_loss: 0.60337
2025-10-24 01:53:59,854 - INFO - ----------
2025-10-24 01:53:59,854 - INFO - sample 81/192 | d1: tidb-tikv; level: tidb; fault_type: io fault
2025-10-24 01:53:59,854 - INFO - sample 81/192 | predict d1: [('tidb-tikv', 2.8530298640548075), ('tidb-tidb', 2.7852213252980498), ('productcatalogservice', 1.859906292076996), ('tidb-pd', 1.8595379019247567), ('adservice', 1.8594053062815377)]
2025-10-24 01:53:59,854 - INFO - sample 81/192 | predict d2: [('productcatalogservice/rrt_max', 1.410724263837583), ('productcatalogservice/rrt', 1.2635080820564042), ('<duration>; hipstershop.ProductCatalogService/GetProduct; type: current', 1.077426600980747), ('productcatalogservice/response', 1.0248075091108362), ('tidb-pd/witness_count', 1.0118529483555854)]
2025-10-24 01:53:59,854 - INFO - ----------
2025-10-24 01:54:00,212 - INFO - [0/100] | train_loss: 0.08340
2025-10-24 01:54:05,369 - INFO - [10/100] | train_loss: 1.37022
2025-10-24 01:54:10,748 - INFO - [20/100] | train_loss: 0.99930
2025-10-24 01:54:15,971 - INFO - [30/100] | train_loss: 0.85083
2025-10-24 01:54:21,355 - INFO - [40/100] | train_loss: 0.85206
2025-10-24 01:54:26,625 - INFO - [50/100] | train_loss: 0.87044
2025-10-24 01:54:31,830 - INFO - [60/100] | train_loss: 0.87957
2025-10-24 01:54:37,000 - INFO - [70/100] | train_loss: 0.88242
2025-10-24 01:54:42,205 - INFO - [80/100] | train_loss: 0.87872
2025-10-24 01:54:47,343 - INFO - [90/100] | train_loss: 0.87431
2025-10-24 01:54:52,657 - INFO - [0/100] | train_loss: 0.12786
2025-10-24 01:54:57,734 - INFO - [10/100] | train_loss: 1.25260
2025-10-24 01:55:02,830 - INFO - [20/100] | train_loss: 0.84218
2025-10-24 01:55:07,969 - INFO - [30/100] | train_loss: 0.59811
2025-10-24 01:55:13,022 - INFO - [40/100] | train_loss: 0.52660
2025-10-24 01:55:18,234 - INFO - [50/100] | train_loss: 0.50860
2025-10-24 01:55:23,323 - INFO - [60/100] | train_loss: 0.49375
2025-10-24 01:55:28,562 - INFO - [70/100] | train_loss: 0.48475
2025-10-24 01:55:33,926 - INFO - [80/100] | train_loss: 0.48690
2025-10-24 01:55:39,172 - INFO - [90/100] | train_loss: 0.48765
2025-10-24 01:55:44,569 - INFO - [0/100] | train_loss: 0.12986
2025-10-24 01:55:49,733 - INFO - [10/100] | train_loss: 1.24197
2025-10-24 01:55:55,093 - INFO - [20/100] | train_loss: 0.84942
2025-10-24 01:56:00,355 - INFO - [30/100] | train_loss: 0.60955
2025-10-24 01:56:05,533 - INFO - [40/100] | train_loss: 0.53646
2025-10-24 01:56:10,931 - INFO - [50/100] | train_loss: 0.51594
2025-10-24 01:56:16,220 - INFO - [60/100] | train_loss: 0.49780
2025-10-24 01:56:21,464 - INFO - [70/100] | train_loss: 0.48813
2025-10-24 01:56:26,690 - INFO - [80/100] | train_loss: 0.49035
2025-10-24 01:56:31,890 - INFO - [90/100] | train_loss: 0.49084
2025-10-24 01:56:37,123 - INFO - [0/100] | train_loss: 0.10954
2025-10-24 01:56:42,578 - INFO - [10/100] | train_loss: 1.24673
2025-10-24 01:56:47,867 - INFO - [20/100] | train_loss: 0.83184
2025-10-24 01:56:53,140 - INFO - [30/100] | train_loss: 0.58250
2025-10-24 01:56:58,645 - INFO - [40/100] | train_loss: 0.50732
2025-10-24 01:57:03,936 - INFO - [50/100] | train_loss: 0.49013
2025-10-24 01:57:09,236 - INFO - [60/100] | train_loss: 0.47531
2025-10-24 01:57:14,680 - INFO - [70/100] | train_loss: 0.46545
2025-10-24 01:57:20,033 - INFO - [80/100] | train_loss: 0.46826
2025-10-24 01:57:25,347 - INFO - [90/100] | train_loss: 0.46995
2025-10-24 01:57:30,476 - INFO - ----------
2025-10-24 01:57:30,477 - INFO - sample 82/192 | d1: checkoutservice; level: service; fault_type: dns error
2025-10-24 01:57:30,477 - INFO - sample 82/192 | predict d1: [('checkoutservice', 4.857347384222859), ('checkoutservice-2', 2.918807085428071), ('checkoutservice-0', 2.9186687934160704), ('checkoutservice-1', 2.9179258409896867), ('shippingservice', 2.894321208623933)]
2025-10-24 01:57:30,477 - INFO - sample 82/192 | predict d2: [('checkoutservice/request', 2.8369165578785314), ('checkoutservice/client_error_ratio', 2.783331885653947), ('checkoutservice/client_error', 2.767928290143189), ('<intensity>; hipstershop.CheckoutService/PlaceOrder; type: downstream', 2.764657678288714), ('checkoutservice/rrt_max', 2.7353735388570577)]
2025-10-24 01:57:30,477 - INFO - ----------
2025-10-24 01:57:30,843 - INFO - [0/100] | train_loss: 0.04214
2025-10-24 01:57:36,306 - INFO - [10/100] | train_loss: 0.75097
2025-10-24 01:57:41,580 - INFO - [20/100] | train_loss: 0.51299
2025-10-24 01:57:46,852 - INFO - [30/100] | train_loss: 0.28352
2025-10-24 01:57:52,285 - INFO - [40/100] | train_loss: 0.19104
2025-10-24 01:57:57,598 - INFO - [50/100] | train_loss: 0.14998
2025-10-24 01:58:02,864 - INFO - [60/100] | train_loss: 0.13304
2025-10-24 01:58:08,103 - INFO - [70/100] | train_loss: 0.12383
2025-10-24 01:58:13,310 - INFO - [80/100] | train_loss: 0.11743
2025-10-24 01:58:18,308 - INFO - [90/100] | train_loss: 0.11208
2025-10-24 01:58:23,611 - INFO - [0/100] | train_loss: 0.04165
2025-10-24 01:58:28,808 - INFO - [10/100] | train_loss: 0.74324
2025-10-24 01:58:34,168 - INFO - [20/100] | train_loss: 0.51513
2025-10-24 01:58:39,415 - INFO - [30/100] | train_loss: 0.32062
2025-10-24 01:58:44,911 - INFO - [40/100] | train_loss: 0.24663
2025-10-24 01:58:50,185 - INFO - [50/100] | train_loss: 0.20208
2025-10-24 01:58:55,646 - INFO - [60/100] | train_loss: 0.17920
2025-10-24 01:59:00,849 - INFO - [70/100] | train_loss: 0.16314
2025-10-24 01:59:06,062 - INFO - [80/100] | train_loss: 0.16733
2025-10-24 01:59:11,247 - INFO - [90/100] | train_loss: 0.16095
2025-10-24 01:59:16,409 - INFO - [0/100] | train_loss: 0.05150
2025-10-24 01:59:21,560 - INFO - [10/100] | train_loss: 0.72017
2025-10-24 01:59:26,864 - INFO - [20/100] | train_loss: 0.46597
2025-10-24 01:59:32,049 - INFO - [30/100] | train_loss: 0.29761
2025-10-24 01:59:37,228 - INFO - [40/100] | train_loss: 0.20805
2025-10-24 01:59:42,545 - INFO - [50/100] | train_loss: 0.17054
2025-10-24 01:59:47,768 - INFO - [60/100] | train_loss: 0.32929
2025-10-24 01:59:53,175 - INFO - [70/100] | train_loss: 0.14217
2025-10-24 01:59:58,343 - INFO - [80/100] | train_loss: 0.13681
2025-10-24 02:00:03,677 - INFO - [90/100] | train_loss: 0.14427
2025-10-24 02:00:08,879 - INFO - [0/100] | train_loss: 0.02839
2025-10-24 02:00:14,269 - INFO - [10/100] | train_loss: 1.26016
2025-10-24 02:00:19,532 - INFO - [20/100] | train_loss: 0.85800
2025-10-24 02:00:24,795 - INFO - [30/100] | train_loss: 0.63095
2025-10-24 02:00:30,144 - INFO - [40/100] | train_loss: 0.58025
2025-10-24 02:00:35,325 - INFO - [50/100] | train_loss: 0.58338
2025-10-24 02:00:40,498 - INFO - [60/100] | train_loss: 0.59406
2025-10-24 02:00:45,731 - INFO - [70/100] | train_loss: 0.60596
2025-10-24 02:00:51,147 - INFO - [80/100] | train_loss: 0.61164
2025-10-24 02:00:56,427 - INFO - [90/100] | train_loss: 0.61021
2025-10-24 02:01:01,402 - INFO - ----------
2025-10-24 02:01:01,402 - INFO - sample 83/192 | d1: paymentservice; level: service; fault_type: target port misconfig
2025-10-24 02:01:01,402 - INFO - sample 83/192 | predict d1: [('aiops-k8s-01', 0.04134698220759381), ('aiops-k8s-07', 0.028104835238998094), ('aiops-k8s-03', 0.024486864429702493), ('adservice', 0.007405511409326271), ('tidb-pd', 0.007405511409326271)]
2025-10-24 02:01:01,402 - INFO - sample 83/192 | predict d2: [('aiops-k8s-01/node_cpu_usage_rate', 0.03419277491663708), ('aiops-k8s-01/node_disk_read_time_seconds_total', 0.026855547468140006), ('aiops-k8s-07/node_memory_MemAvailable_bytes', 0.025056900846612384), ('aiops-k8s-07/node_disk_written_bytes_total', 0.02035086416449472), ('aiops-k8s-07/node_cpu_usage_rate', 0.02032976275198406)]
2025-10-24 02:01:01,402 - INFO - ----------
2025-10-24 02:01:01,759 - INFO - [0/100] | train_loss: 0.07241
2025-10-24 02:01:07,001 - INFO - [10/100] | train_loss: 1.29683
2025-10-24 02:01:12,145 - INFO - [20/100] | train_loss: 0.89681
2025-10-24 02:01:17,463 - INFO - [30/100] | train_loss: 0.67000
2025-10-24 02:01:22,704 - INFO - [40/100] | train_loss: 0.61086
2025-10-24 02:01:27,882 - INFO - [50/100] | train_loss: 0.60482
2025-10-24 02:01:33,095 - INFO - [60/100] | train_loss: 0.61557
2025-10-24 02:01:38,394 - INFO - [70/100] | train_loss: 0.61330
2025-10-24 02:01:43,654 - INFO - [80/100] | train_loss: 0.61654
2025-10-24 02:01:49,205 - INFO - [90/100] | train_loss: 0.62395
2025-10-24 02:01:54,469 - INFO - [0/100] | train_loss: 0.06013
2025-10-24 02:01:59,660 - INFO - [10/100] | train_loss: 1.28965
2025-10-24 02:02:04,921 - INFO - [20/100] | train_loss: 0.89967
2025-10-24 02:02:10,166 - INFO - [30/100] | train_loss: 0.67107
2025-10-24 02:02:15,476 - INFO - [40/100] | train_loss: 0.60728
2025-10-24 02:02:20,788 - INFO - [50/100] | train_loss: 0.60859
2025-10-24 02:02:26,062 - INFO - [60/100] | train_loss: 0.61566
2025-10-24 02:02:31,601 - INFO - [70/100] | train_loss: 0.62489
2025-10-24 02:02:37,005 - INFO - [80/100] | train_loss: 0.63061
2025-10-24 02:02:42,360 - INFO - [90/100] | train_loss: 0.63164
2025-10-24 02:02:47,675 - INFO - [0/100] | train_loss: 0.07541
2025-10-24 02:02:52,962 - INFO - [10/100] | train_loss: 1.29899
2025-10-24 02:02:58,245 - INFO - [20/100] | train_loss: 0.90815
2025-10-24 02:03:03,501 - INFO - [30/100] | train_loss: 0.68317
2025-10-24 02:03:08,757 - INFO - [40/100] | train_loss: 0.63963
2025-10-24 02:03:14,092 - INFO - [50/100] | train_loss: 0.62513
2025-10-24 02:03:19,334 - INFO - [60/100] | train_loss: 0.63284
2025-10-24 02:03:24,628 - INFO - [70/100] | train_loss: 0.62823
2025-10-24 02:03:30,003 - INFO - [80/100] | train_loss: 0.64739
2025-10-24 02:03:35,394 - INFO - [90/100] | train_loss: 0.63601
2025-10-24 02:03:40,551 - INFO - ----------
2025-10-24 02:03:40,552 - INFO - sample 84/192 | d1: tidb-tikv; level: tidb; fault_type: pod failure
2025-10-24 02:03:40,552 - INFO - sample 84/192 | predict d1: [('tidb-tikv', 3.5701599713505487), ('tidb-pd', 3.2522692356187264), ('tidb-tidb', 2.904761492228518), ('productcatalogservice', 2.5730076946126346), ('adservice', 2.570226718016386)]
2025-10-24 02:03:40,552 - INFO - sample 84/192 | predict d2: [('productcatalogservice/response', 2.035110399786568), ('<intensity>; hipstershop.ProductCatalogService/GetProduct; type: downstream', 1.9823844461559545), ('productcatalogservice/rrt_max', 1.9524558877266216), ('<intensity>; hipstershop.ProductCatalogService/GetProduct; type: current', 1.9268341412224856), ('productcatalogservice/request', 1.8738685048257295)]
2025-10-24 02:03:40,552 - INFO - ----------
2025-10-24 02:03:40,914 - INFO - [0/100] | train_loss: 0.12312
2025-10-24 02:03:46,188 - INFO - [10/100] | train_loss: 1.32762
2025-10-24 02:03:51,490 - INFO - [20/100] | train_loss: 0.93820
2025-10-24 02:03:56,840 - INFO - [30/100] | train_loss: 0.74953
2025-10-24 02:04:02,189 - INFO - [40/100] | train_loss: 0.71425
2025-10-24 02:04:07,288 - INFO - [50/100] | train_loss: 0.71796
2025-10-24 02:04:12,480 - INFO - [60/100] | train_loss: 0.72274
2025-10-24 02:04:17,728 - INFO - [70/100] | train_loss: 0.71926
2025-10-24 02:04:22,983 - INFO - [80/100] | train_loss: 0.73303
2025-10-24 02:04:28,345 - INFO - [90/100] | train_loss: 0.73816
2025-10-24 02:04:33,636 - INFO - [0/100] | train_loss: 0.06660
2025-10-24 02:04:38,991 - INFO - [10/100] | train_loss: 1.31836
2025-10-24 02:04:44,353 - INFO - [20/100] | train_loss: 0.92364
2025-10-24 02:04:49,829 - INFO - [30/100] | train_loss: 0.68802
2025-10-24 02:04:55,217 - INFO - [40/100] | train_loss: 0.62328
2025-10-24 02:05:00,674 - INFO - [50/100] | train_loss: 0.62251
2025-10-24 02:05:05,883 - INFO - [60/100] | train_loss: 0.64021
2025-10-24 02:05:11,337 - INFO - [70/100] | train_loss: 0.64163
2025-10-24 02:05:16,571 - INFO - [80/100] | train_loss: 0.64681
2025-10-24 02:05:21,781 - INFO - [90/100] | train_loss: 0.65752
2025-10-24 02:05:26,995 - INFO - [0/100] | train_loss: 0.10724
2025-10-24 02:05:32,189 - INFO - [10/100] | train_loss: 1.26421
2025-10-24 02:05:37,358 - INFO - [20/100] | train_loss: 0.84723
2025-10-24 02:05:42,525 - INFO - [30/100] | train_loss: 0.58418
2025-10-24 02:05:47,704 - INFO - [40/100] | train_loss: 0.49914
2025-10-24 02:05:52,897 - INFO - [50/100] | train_loss: 0.48023
2025-10-24 02:05:58,100 - INFO - [60/100] | train_loss: 0.45388
2025-10-24 02:06:03,287 - INFO - [70/100] | train_loss: 0.45487
2025-10-24 02:06:08,478 - INFO - [80/100] | train_loss: 0.44353
2025-10-24 02:06:13,696 - INFO - [90/100] | train_loss: 0.43738
2025-10-24 02:06:18,881 - INFO - [0/100] | train_loss: 0.12221
2025-10-24 02:06:24,044 - INFO - [10/100] | train_loss: 1.26109
2025-10-24 02:06:29,231 - INFO - [20/100] | train_loss: 0.85546
2025-10-24 02:06:34,452 - INFO - [30/100] | train_loss: 0.58237
2025-10-24 02:06:39,896 - INFO - [40/100] | train_loss: 0.48749
2025-10-24 02:06:45,050 - INFO - [50/100] | train_loss: 0.48667
2025-10-24 02:06:50,228 - INFO - [60/100] | train_loss: 0.44810
2025-10-24 02:06:55,329 - INFO - [70/100] | train_loss: 0.43737
2025-10-24 02:07:00,643 - INFO - [80/100] | train_loss: 0.43834
2025-10-24 02:07:05,855 - INFO - [90/100] | train_loss: 0.43264
2025-10-24 02:07:11,174 - INFO - [0/100] | train_loss: 0.13896
2025-10-24 02:07:16,317 - INFO - [10/100] | train_loss: 1.29446
2025-10-24 02:07:21,547 - INFO - [20/100] | train_loss: 0.90332
2025-10-24 02:07:26,774 - INFO - [30/100] | train_loss: 0.59961
2025-10-24 02:07:31,990 - INFO - [40/100] | train_loss: 0.51420
2025-10-24 02:07:37,398 - INFO - [50/100] | train_loss: 0.46334
2025-10-24 02:07:42,618 - INFO - [60/100] | train_loss: 0.45080
2025-10-24 02:07:47,857 - INFO - [70/100] | train_loss: 0.43903
2025-10-24 02:07:53,109 - INFO - [80/100] | train_loss: 0.43493
2025-10-24 02:07:58,332 - INFO - [90/100] | train_loss: 0.43048
2025-10-24 02:08:03,540 - INFO - ----------
2025-10-24 02:08:03,540 - INFO - sample 85/192 | d1: frontend; level: service; fault_type: network delay
2025-10-24 02:08:03,540 - INFO - sample 85/192 | predict d1: [('currencyservice', 4.934326402881542), ('currencyservice-0', 3.952042396448005), ('checkoutservice', 2.9718401791288587), ('currencyservice-2', 2.966829863992853), ('currencyservice-1', 2.966173257778846)]
2025-10-24 02:08:03,540 - INFO - sample 85/192 | predict d2: [('currencyservice/response', 3.2113693460588344), ('currencyservice/server_error_ratio', 2.8913969556802073), ('currencyservice/request', 2.820234713259918), ('<intensity>; hipstershop.CurrencyService/GetSupportedCurrencies; type: downstream', 2.767665261105087), ('currencyservice/error_ratio', 2.7400875272534826)]
2025-10-24 02:08:03,540 - INFO - ----------
2025-10-24 02:08:03,895 - INFO - [0/100] | train_loss: 0.12862
2025-10-24 02:08:09,111 - INFO - [10/100] | train_loss: 1.38799
2025-10-24 02:08:14,343 - INFO - [20/100] | train_loss: 1.02822
2025-10-24 02:08:19,618 - INFO - [30/100] | train_loss: 0.88079
2025-10-24 02:08:24,852 - INFO - [40/100] | train_loss: 0.87538
2025-10-24 02:08:30,290 - INFO - [50/100] | train_loss: 0.88006
2025-10-24 02:08:35,495 - INFO - [60/100] | train_loss: 0.88677
2025-10-24 02:08:40,844 - INFO - [70/100] | train_loss: 0.89800
2025-10-24 02:08:46,057 - INFO - [80/100] | train_loss: 0.88845
2025-10-24 02:08:51,489 - INFO - [90/100] | train_loss: 0.88407
2025-10-24 02:08:56,789 - INFO - [0/100] | train_loss: 0.13747
2025-10-24 02:09:02,244 - INFO - [10/100] | train_loss: 1.33972
2025-10-24 02:09:07,548 - INFO - [20/100] | train_loss: 0.85926
2025-10-24 02:09:12,830 - INFO - [30/100] | train_loss: 0.60616
2025-10-24 02:09:18,118 - INFO - [40/100] | train_loss: 0.56230
2025-10-24 02:09:23,368 - INFO - [50/100] | train_loss: 0.51765
2025-10-24 02:09:28,646 - INFO - [60/100] | train_loss: 0.49757
2025-10-24 02:09:34,106 - INFO - [70/100] | train_loss: 0.48817
2025-10-24 02:09:39,379 - INFO - [80/100] | train_loss: 0.48813
2025-10-24 02:09:44,956 - INFO - [90/100] | train_loss: 0.49077
2025-10-24 02:09:50,083 - INFO - [0/100] | train_loss: 0.11895
2025-10-24 02:09:55,087 - INFO - [10/100] | train_loss: 1.28179
2025-10-24 02:10:00,159 - INFO - [20/100] | train_loss: 0.84976
2025-10-24 02:10:05,321 - INFO - [30/100] | train_loss: 0.61721
2025-10-24 02:10:10,350 - INFO - [40/100] | train_loss: 0.54007
2025-10-24 02:10:15,532 - INFO - [50/100] | train_loss: 0.52118
2025-10-24 02:10:20,564 - INFO - [60/100] | train_loss: 0.50128
2025-10-24 02:10:25,808 - INFO - [70/100] | train_loss: 0.49464
2025-10-24 02:10:30,824 - INFO - [80/100] | train_loss: 0.49316
2025-10-24 02:10:35,906 - INFO - [90/100] | train_loss: 0.49873
2025-10-24 02:10:41,091 - INFO - [0/100] | train_loss: 0.15299
2025-10-24 02:10:46,236 - INFO - [10/100] | train_loss: 1.31146
2025-10-24 02:10:51,515 - INFO - [20/100] | train_loss: 0.85395
2025-10-24 02:10:56,759 - INFO - [30/100] | train_loss: 0.62034
2025-10-24 02:11:02,018 - INFO - [40/100] | train_loss: 0.54675
2025-10-24 02:11:07,278 - INFO - [50/100] | train_loss: 0.53337
2025-10-24 02:11:12,534 - INFO - [60/100] | train_loss: 0.51365
2025-10-24 02:11:17,926 - INFO - [70/100] | train_loss: 0.50388
2025-10-24 02:11:23,162 - INFO - [80/100] | train_loss: 0.50242
2025-10-24 02:11:28,605 - INFO - [90/100] | train_loss: 0.50891
2025-10-24 02:11:33,651 - INFO - ----------
2025-10-24 02:11:33,652 - INFO - sample 86/192 | d1: frontend; level: service; fault_type: network corrupt
2025-10-24 02:11:33,652 - INFO - sample 86/192 | predict d1: [('frontend', 4.702054060453943), ('frontend-1', 3.9215248133736322), ('frontend-0', 3.7963515994973185), ('shippingservice', 3.759974921492468), ('cartservice', 2.9539155409964186)]
2025-10-24 02:11:33,652 - INFO - sample 86/192 | predict d2: [('<intensity>; hipstershop.Frontend/Recv.; type: current', 2.9368440139844445), ('frontend/error', 2.92315542470568), ('frontend/request', 2.8474863867725304), ('frontend/rrt_max', 2.7979491075204876), ('frontend/rrt', 2.7710423136100637)]
2025-10-24 02:11:33,652 - INFO - ----------
2025-10-24 02:11:34,008 - INFO - [0/100] | train_loss: 0.12044
2025-10-24 02:11:39,234 - INFO - [10/100] | train_loss: 1.39927
2025-10-24 02:11:44,612 - INFO - [20/100] | train_loss: 1.03083
2025-10-24 02:11:49,878 - INFO - [30/100] | train_loss: 0.87709
2025-10-24 02:11:55,156 - INFO - [40/100] | train_loss: 0.87002
2025-10-24 02:12:00,597 - INFO - [50/100] | train_loss: 0.88540
2025-10-24 02:12:05,885 - INFO - [60/100] | train_loss: 0.89457
2025-10-24 02:12:11,329 - INFO - [70/100] | train_loss: 0.89909
2025-10-24 02:12:16,569 - INFO - [80/100] | train_loss: 0.89469
2025-10-24 02:12:21,938 - INFO - [90/100] | train_loss: 0.88701
2025-10-24 02:12:27,173 - INFO - [0/100] | train_loss: 0.13358
2025-10-24 02:12:32,391 - INFO - [10/100] | train_loss: 1.25836
2025-10-24 02:12:37,640 - INFO - [20/100] | train_loss: 0.84166
2025-10-24 02:12:42,859 - INFO - [30/100] | train_loss: 0.59772
2025-10-24 02:12:48,193 - INFO - [40/100] | train_loss: 0.53311
2025-10-24 02:12:53,414 - INFO - [50/100] | train_loss: 0.51759
2025-10-24 02:12:58,663 - INFO - [60/100] | train_loss: 0.49921
2025-10-24 02:13:03,889 - INFO - [70/100] | train_loss: 0.48841
2025-10-24 02:13:09,107 - INFO - [80/100] | train_loss: 0.49177
2025-10-24 02:13:14,350 - INFO - [90/100] | train_loss: 0.49648
2025-10-24 02:13:19,792 - INFO - [0/100] | train_loss: 0.10397
2025-10-24 02:13:25,030 - INFO - [10/100] | train_loss: 1.33078
2025-10-24 02:13:30,357 - INFO - [20/100] | train_loss: 0.85899
2025-10-24 02:13:35,545 - INFO - [30/100] | train_loss: 0.60823
2025-10-24 02:13:40,974 - INFO - [40/100] | train_loss: 0.53794
2025-10-24 02:13:46,165 - INFO - [50/100] | train_loss: 0.54289
2025-10-24 02:13:51,513 - INFO - [60/100] | train_loss: 0.52369
2025-10-24 02:13:56,728 - INFO - [70/100] | train_loss: 0.51756
2025-10-24 02:14:02,162 - INFO - [80/100] | train_loss: 0.52135
2025-10-24 02:14:07,429 - INFO - [90/100] | train_loss: 0.50703
2025-10-24 02:14:12,637 - INFO - [0/100] | train_loss: 0.11264
2025-10-24 02:14:18,134 - INFO - [10/100] | train_loss: 1.36927
2025-10-24 02:14:23,339 - INFO - [20/100] | train_loss: 0.85733
2025-10-24 02:14:28,757 - INFO - [30/100] | train_loss: 0.59797
2025-10-24 02:14:34,057 - INFO - [40/100] | train_loss: 0.52746
2025-10-24 02:14:39,255 - INFO - [50/100] | train_loss: 0.50506
2025-10-24 02:14:44,629 - INFO - [60/100] | train_loss: 0.49147
2025-10-24 02:14:49,822 - INFO - [70/100] | train_loss: 0.48491
2025-10-24 02:14:55,107 - INFO - [80/100] | train_loss: 0.49129
2025-10-24 02:15:00,340 - INFO - [90/100] | train_loss: 0.50148
2025-10-24 02:15:05,388 - INFO - ----------
2025-10-24 02:15:05,389 - INFO - sample 87/192 | d1: frontend; level: service; fault_type: network loss
2025-10-24 02:15:05,389 - INFO - sample 87/192 | predict d1: [('frontend', 4.844242943170553), ('frontend-2', 3.850665577220635), ('frontend-0', 3.8500084471056644), ('cartservice', 3.818984994851146), ('frontend-1', 2.912907269901324)]
2025-10-24 02:15:05,389 - INFO - sample 87/192 | predict d2: [('frontend/response', 3.0215244667854932), ('<intensity>; hipstershop.Frontend/Recv.; type: current', 2.921719827274252), ('frontend/rrt_max', 2.8922460149522315), ('frontend/request', 2.863995689964195), ('frontend/rrt', 2.8311452895680453)]
2025-10-24 02:15:05,389 - INFO - ----------
2025-10-24 02:15:05,751 - INFO - [0/100] | train_loss: 0.13078
2025-10-24 02:15:10,940 - INFO - [10/100] | train_loss: 1.39026
2025-10-24 02:15:16,456 - INFO - [20/100] | train_loss: 1.00533
2025-10-24 02:15:21,711 - INFO - [30/100] | train_loss: 0.78509
2025-10-24 02:15:27,055 - INFO - [40/100] | train_loss: 0.76405
2025-10-24 02:15:32,347 - INFO - [50/100] | train_loss: 0.71661
2025-10-24 02:15:37,675 - INFO - [60/100] | train_loss: 0.69457
2025-10-24 02:15:43,099 - INFO - [70/100] | train_loss: 0.69720
2025-10-24 02:15:48,526 - INFO - [80/100] | train_loss: 0.69852
2025-10-24 02:15:53,792 - INFO - [90/100] | train_loss: 0.84789
2025-10-24 02:15:58,929 - INFO - ----------
2025-10-24 02:15:58,929 - INFO - sample 88/192 | d1: tidb-pd; level: tidb; fault_type: pod failure
2025-10-24 02:15:58,930 - INFO - sample 88/192 | predict d1: [('tidb-tikv', 1.5421011063749397), ('tidb-tidb', 0.7582288259911998), ('tidb-pd', 0.7580694352662398), ('productcatalogservice', 0.7579312997522578), ('adservice', 0.7571987190521341)]
2025-10-24 02:15:58,930 - INFO - sample 88/192 | predict d2: [('tidb-tikv/snapshot_apply_count', 0.617470792692508), ('tidb-tikv/server_is_up', 0.6172759921875013), ('tidb-tikv/memory_usage', 0.615016306329423), ('productcatalogservice/client_error', 0.5872423790756507), ('tidb-tikv/qps', 0.5818117427429073)]
2025-10-24 02:15:58,930 - INFO - ----------
2025-10-24 02:15:59,301 - INFO - [0/100] | train_loss: 0.07905
2025-10-24 02:16:04,681 - INFO - [10/100] | train_loss: 1.32659
2025-10-24 02:16:09,912 - INFO - [20/100] | train_loss: 0.95636
2025-10-24 02:16:15,334 - INFO - [30/100] | train_loss: 0.78439
2025-10-24 02:16:20,649 - INFO - [40/100] | train_loss: 0.75640
2025-10-24 02:16:25,970 - INFO - [50/100] | train_loss: 0.79345
2025-10-24 02:16:31,156 - INFO - [60/100] | train_loss: 0.75758
2025-10-24 02:16:36,433 - INFO - [70/100] | train_loss: 0.79156
2025-10-24 02:16:41,723 - INFO - [80/100] | train_loss: 0.81230
2025-10-24 02:16:46,980 - INFO - [90/100] | train_loss: 0.80385
2025-10-24 02:16:52,261 - INFO - [0/100] | train_loss: 0.07561
2025-10-24 02:16:57,736 - INFO - [10/100] | train_loss: 1.37273
2025-10-24 02:17:02,915 - INFO - [20/100] | train_loss: 1.00371
2025-10-24 02:17:08,189 - INFO - [30/100] | train_loss: 0.84340
2025-10-24 02:17:13,402 - INFO - [40/100] | train_loss: 0.84375
2025-10-24 02:17:18,650 - INFO - [50/100] | train_loss: 0.86291
2025-10-24 02:17:23,876 - INFO - [60/100] | train_loss: 0.88636
2025-10-24 02:17:29,349 - INFO - [70/100] | train_loss: 0.88130
2025-10-24 02:17:34,617 - INFO - [80/100] | train_loss: 0.88272
2025-10-24 02:17:39,905 - INFO - [90/100] | train_loss: 0.87058
2025-10-24 02:17:45,381 - INFO - [0/100] | train_loss: 0.07613
2025-10-24 02:17:50,646 - INFO - [10/100] | train_loss: 1.27770
2025-10-24 02:17:56,091 - INFO - [20/100] | train_loss: 0.91272
2025-10-24 02:18:01,386 - INFO - [30/100] | train_loss: 0.63811
2025-10-24 02:18:06,644 - INFO - [40/100] | train_loss: 0.54304
2025-10-24 02:18:12,099 - INFO - [50/100] | train_loss: 0.52496
2025-10-24 02:18:17,381 - INFO - [60/100] | train_loss: 0.50631
2025-10-24 02:18:22,833 - INFO - [70/100] | train_loss: 0.51686
2025-10-24 02:18:28,078 - INFO - [80/100] | train_loss: 0.50960
2025-10-24 02:18:33,418 - INFO - [90/100] | train_loss: 0.50671
2025-10-24 02:18:38,668 - INFO - [0/100] | train_loss: 0.06840
2025-10-24 02:18:43,960 - INFO - [10/100] | train_loss: 1.23922
2025-10-24 02:18:49,247 - INFO - [20/100] | train_loss: 0.82279
2025-10-24 02:18:54,710 - INFO - [30/100] | train_loss: 0.58315
2025-10-24 02:18:59,952 - INFO - [40/100] | train_loss: 0.59878
2025-10-24 02:19:05,156 - INFO - [50/100] | train_loss: 0.58052
2025-10-24 02:19:10,383 - INFO - [60/100] | train_loss: 0.51426
2025-10-24 02:19:15,608 - INFO - [70/100] | train_loss: 0.47518
2025-10-24 02:19:20,750 - INFO - [80/100] | train_loss: 0.47098
2025-10-24 02:19:26,016 - INFO - [90/100] | train_loss: 0.50706
2025-10-24 02:19:31,208 - INFO - [0/100] | train_loss: 0.08481
2025-10-24 02:19:36,366 - INFO - [10/100] | train_loss: 1.27219
2025-10-24 02:19:41,558 - INFO - [20/100] | train_loss: 0.87933
2025-10-24 02:19:46,780 - INFO - [30/100] | train_loss: 0.64503
2025-10-24 02:19:51,990 - INFO - [40/100] | train_loss: 0.56244
2025-10-24 02:19:57,221 - INFO - [50/100] | train_loss: 0.54356
2025-10-24 02:20:02,660 - INFO - [60/100] | train_loss: 0.50055
2025-10-24 02:20:07,900 - INFO - [70/100] | train_loss: 0.51979
2025-10-24 02:20:13,137 - INFO - [80/100] | train_loss: 0.57605
2025-10-24 02:20:18,345 - INFO - [90/100] | train_loss: 0.50745
2025-10-24 02:20:23,630 - INFO - [0/100] | train_loss: 0.06825
2025-10-24 02:20:28,812 - INFO - [10/100] | train_loss: 1.32206
2025-10-24 02:20:34,170 - INFO - [20/100] | train_loss: 0.89148
2025-10-24 02:20:39,343 - INFO - [30/100] | train_loss: 0.60811
2025-10-24 02:20:44,521 - INFO - [40/100] | train_loss: 0.51152
2025-10-24 02:20:49,750 - INFO - [50/100] | train_loss: 0.50385
2025-10-24 02:20:54,941 - INFO - [60/100] | train_loss: 0.48494
2025-10-24 02:21:00,144 - INFO - [70/100] | train_loss: 0.46167
2025-10-24 02:21:05,517 - INFO - [80/100] | train_loss: 0.45561
2025-10-24 02:21:10,708 - INFO - [90/100] | train_loss: 0.46902
2025-10-24 02:21:15,896 - INFO - [0/100] | train_loss: 0.07976
2025-10-24 02:21:21,062 - INFO - [10/100] | train_loss: 1.28643
2025-10-24 02:21:26,238 - INFO - [20/100] | train_loss: 0.88307
2025-10-24 02:21:31,585 - INFO - [30/100] | train_loss: 0.63487
2025-10-24 02:21:36,830 - INFO - [40/100] | train_loss: 0.55348
2025-10-24 02:21:42,114 - INFO - [50/100] | train_loss: 0.53386
2025-10-24 02:21:47,423 - INFO - [60/100] | train_loss: 0.49532
2025-10-24 02:21:52,687 - INFO - [70/100] | train_loss: 0.55738
2025-10-24 02:21:57,922 - INFO - [80/100] | train_loss: 0.47976
2025-10-24 02:22:03,334 - INFO - [90/100] | train_loss: 0.47635
2025-10-24 02:22:08,555 - INFO - [0/100] | train_loss: 0.06276
2025-10-24 02:22:13,686 - INFO - [10/100] | train_loss: 1.31447
2025-10-24 02:22:18,715 - INFO - [20/100] | train_loss: 0.87869
2025-10-24 02:22:24,053 - INFO - [30/100] | train_loss: 0.63077
2025-10-24 02:22:29,634 - INFO - [40/100] | train_loss: 0.54153
2025-10-24 02:22:34,953 - INFO - [50/100] | train_loss: 0.51237
2025-10-24 02:22:40,324 - INFO - [60/100] | train_loss: 0.50528
2025-10-24 02:22:45,775 - INFO - [70/100] | train_loss: 0.47179
2025-10-24 02:22:51,078 - INFO - [80/100] | train_loss: 0.48968
2025-10-24 02:22:56,529 - INFO - [90/100] | train_loss: 0.46525
2025-10-24 02:23:01,825 - INFO - [0/100] | train_loss: 0.06944
2025-10-24 02:23:07,074 - INFO - [10/100] | train_loss: 1.28488
2025-10-24 02:23:12,379 - INFO - [20/100] | train_loss: 0.82598
2025-10-24 02:23:17,607 - INFO - [30/100] | train_loss: 0.58135
2025-10-24 02:23:22,851 - INFO - [40/100] | train_loss: 0.50905
2025-10-24 02:23:28,053 - INFO - [50/100] | train_loss: 0.49391
2025-10-24 02:23:33,272 - INFO - [60/100] | train_loss: 0.47956
2025-10-24 02:23:38,714 - INFO - [70/100] | train_loss: 0.46929
2025-10-24 02:23:43,932 - INFO - [80/100] | train_loss: 0.47156
2025-10-24 02:23:49,136 - INFO - [90/100] | train_loss: 0.47451
2025-10-24 02:23:54,375 - INFO - [0/100] | train_loss: 0.05663
2025-10-24 02:23:59,646 - INFO - [10/100] | train_loss: 1.23039
2025-10-24 02:24:05,119 - INFO - [20/100] | train_loss: 0.81990
2025-10-24 02:24:10,351 - INFO - [30/100] | train_loss: 0.57701
2025-10-24 02:24:15,573 - INFO - [40/100] | train_loss: 0.50917
2025-10-24 02:24:21,018 - INFO - [50/100] | train_loss: 0.49688
2025-10-24 02:24:26,300 - INFO - [60/100] | train_loss: 0.48147
2025-10-24 02:24:31,557 - INFO - [70/100] | train_loss: 0.47311
2025-10-24 02:24:36,956 - INFO - [80/100] | train_loss: 0.48245
2025-10-24 02:24:42,246 - INFO - [90/100] | train_loss: 0.48178
2025-10-24 02:24:47,654 - INFO - [0/100] | train_loss: 0.08818
2025-10-24 02:24:52,875 - INFO - [10/100] | train_loss: 1.22551
2025-10-24 02:24:58,313 - INFO - [20/100] | train_loss: 0.82611
2025-10-24 02:25:03,508 - INFO - [30/100] | train_loss: 0.58429
2025-10-24 02:25:08,714 - INFO - [40/100] | train_loss: 0.51592
2025-10-24 02:25:14,074 - INFO - [50/100] | train_loss: 0.57717
2025-10-24 02:25:19,096 - INFO - [60/100] | train_loss: 0.48422
2025-10-24 02:25:24,308 - INFO - [70/100] | train_loss: 0.47438
2025-10-24 02:25:29,328 - INFO - [80/100] | train_loss: 0.47521
2025-10-24 02:25:34,344 - INFO - [90/100] | train_loss: 0.47695
2025-10-24 02:25:39,364 - INFO - ----------
2025-10-24 02:25:39,364 - INFO - sample 89/192 | d1: frontend; level: service; fault_type: code error
2025-10-24 02:25:39,364 - INFO - sample 89/192 | predict d1: [('checkoutservice', 7.131162115006465), ('cartservice', 6.9607018244983685), ('frontend', 5.470152303285216), ('frontend-0', 3.8935035816922685), ('cartservice-0', 3.1289461570511374)]
2025-10-24 02:25:39,364 - INFO - sample 89/192 | predict d2: [('checkoutservice/client_error', 4.147209199434375), ('frontend/rrt_max', 3.8293439518768047), ('checkoutservice/error_ratio', 3.7998249810281006), ('frontend/response', 3.79208856688669), ('checkoutservice/rrt_max', 3.7821088890094128)]
2025-10-24 02:25:39,364 - INFO - ----------
2025-10-24 02:25:39,709 - INFO - [0/100] | train_loss: 0.09133
2025-10-24 02:25:44,727 - INFO - [10/100] | train_loss: 1.31042
2025-10-24 02:25:50,016 - INFO - [20/100] | train_loss: 0.91484
2025-10-24 02:25:55,029 - INFO - [30/100] | train_loss: 0.68693
2025-10-24 02:26:00,418 - INFO - [40/100] | train_loss: 0.62813
2025-10-24 02:26:05,651 - INFO - [50/100] | train_loss: 0.61816
2025-10-24 02:26:10,973 - INFO - [60/100] | train_loss: 0.61888
2025-10-24 02:26:16,432 - INFO - [70/100] | train_loss: 0.62820
2025-10-24 02:26:21,762 - INFO - [80/100] | train_loss: 0.63331
2025-10-24 02:26:27,060 - INFO - [90/100] | train_loss: 0.63891
2025-10-24 02:26:32,387 - INFO - [0/100] | train_loss: 0.10521
2025-10-24 02:26:37,653 - INFO - [10/100] | train_loss: 1.32334
2025-10-24 02:26:42,933 - INFO - [20/100] | train_loss: 0.96734
2025-10-24 02:26:48,436 - INFO - [30/100] | train_loss: 0.71155
2025-10-24 02:26:53,714 - INFO - [40/100] | train_loss: 0.66999
2025-10-24 02:26:59,225 - INFO - [50/100] | train_loss: 0.65603
2025-10-24 02:27:04,496 - INFO - [60/100] | train_loss: 0.66050
2025-10-24 02:27:09,784 - INFO - [70/100] | train_loss: 0.66816
2025-10-24 02:27:15,223 - INFO - [80/100] | train_loss: 0.67831
2025-10-24 02:27:20,465 - INFO - [90/100] | train_loss: 0.67425
2025-10-24 02:27:25,550 - INFO - ----------
2025-10-24 02:27:25,550 - INFO - sample 90/192 | d1: tidb-tikv; level: tidb; fault_type: pod failure
2025-10-24 02:27:25,550 - INFO - sample 90/192 | predict d1: [('tidb-tikv', 2.732292502467992), ('tidb-tidb', 2.5941976902797492), ('productcatalogservice', 1.756503887666021), ('adservice', 1.756292614151434), ('tidb-pd', 1.7562809360968785)]
2025-10-24 02:27:25,550 - INFO - sample 90/192 | predict d2: [('productcatalogservice/rrt_max', 1.3305244743823543), ('<intensity>; hipstershop.ProductCatalogService/GetProduct; type: downstream', 1.2931024979203443), ('<intensity>; /hipstershop.ProductCatalogService/ListProducts; type: downstream', 1.2888797464082806), ('productcatalogservice/response', 1.2887226894328734), ('<intensity>; hipstershop.ProductCatalogService/GetProduct; type: current', 1.2860754201913274)]
2025-10-24 02:27:25,550 - INFO - ----------
2025-10-24 02:27:25,910 - INFO - [0/100] | train_loss: 0.10074
2025-10-24 02:27:31,316 - INFO - [10/100] | train_loss: 0.79998
2025-10-24 02:27:36,519 - INFO - [20/100] | train_loss: 0.55260
2025-10-24 02:27:41,917 - INFO - [30/100] | train_loss: 0.35992
2025-10-24 02:27:47,187 - INFO - [40/100] | train_loss: 0.27689
2025-10-24 02:27:52,578 - INFO - [50/100] | train_loss: 0.23858
2025-10-24 02:27:57,733 - INFO - [60/100] | train_loss: 0.18544
2025-10-24 02:28:02,924 - INFO - [70/100] | train_loss: 0.17294
2025-10-24 02:28:08,282 - INFO - [80/100] | train_loss: 0.16862
2025-10-24 02:28:13,409 - INFO - [90/100] | train_loss: 0.14970
2025-10-24 02:28:18,712 - INFO - [0/100] | train_loss: 0.04200
2025-10-24 02:28:23,912 - INFO - [10/100] | train_loss: 1.27839
2025-10-24 02:28:29,174 - INFO - [20/100] | train_loss: 0.89884
2025-10-24 02:28:34,418 - INFO - [30/100] | train_loss: 0.71309
2025-10-24 02:28:39,708 - INFO - [40/100] | train_loss: 0.68293
2025-10-24 02:28:44,956 - INFO - [50/100] | train_loss: 0.68607
2025-10-24 02:28:50,285 - INFO - [60/100] | train_loss: 0.69126
2025-10-24 02:28:55,443 - INFO - [70/100] | train_loss: 0.70227
2025-10-24 02:29:00,680 - INFO - [80/100] | train_loss: 0.71359
2025-10-24 02:29:05,909 - INFO - [90/100] | train_loss: 0.70900
2025-10-24 02:29:10,957 - INFO - ----------
2025-10-24 02:29:10,957 - INFO - sample 91/192 | d1: aiops-k8s-06; level: node; fault_type: node cpu
2025-10-24 02:29:10,957 - INFO - sample 91/192 | predict d1: [('aiops-k8s-06', 0.03135838090175547), ('cartservice-1', 0.01788399845684019), ('cartservice', 0.01788399845684019), ('frontend', 0.017883739372754337), ('checkoutservice', 0.01788280867155323)]
2025-10-24 02:29:10,957 - INFO - sample 91/192 | predict d2: [('aiops-k8s-06/node_disk_read_bytes_total', 0.023761110018941878), ('aiops-k8s-06/node_memory_MemAvailable_bytes', 0.02305194570994029), ('aiops-k8s-06/node_network_transmit_packets_total', 0.020509608877670615), ('aiops-k8s-06/node_disk_read_time_seconds_total', 0.01999598342098441), ('aiops-k8s-06/node_memory_usage_rate', 0.012896979931134922)]
2025-10-24 02:29:10,957 - INFO - ----------
2025-10-24 02:29:11,314 - INFO - [0/100] | train_loss: 0.08687
2025-10-24 02:29:16,483 - INFO - [10/100] | train_loss: 1.32227
2025-10-24 02:29:21,841 - INFO - [20/100] | train_loss: 0.95133
2025-10-24 02:29:27,058 - INFO - [30/100] | train_loss: 0.76682
2025-10-24 02:29:32,293 - INFO - [40/100] | train_loss: 0.75399
2025-10-24 02:29:37,552 - INFO - [50/100] | train_loss: 0.74409
2025-10-24 02:29:42,803 - INFO - [60/100] | train_loss: 0.74380
2025-10-24 02:29:48,211 - INFO - [70/100] | train_loss: 0.75356
2025-10-24 02:29:53,407 - INFO - [80/100] | train_loss: 0.76835
2025-10-24 02:29:58,612 - INFO - [90/100] | train_loss: 0.76371
2025-10-24 02:30:03,892 - INFO - [0/100] | train_loss: 0.13486
2025-10-24 02:30:09,130 - INFO - [10/100] | train_loss: 1.36066
2025-10-24 02:30:14,346 - INFO - [20/100] | train_loss: 0.92325
2025-10-24 02:30:19,675 - INFO - [30/100] | train_loss: 0.65503
2025-10-24 02:30:24,958 - INFO - [40/100] | train_loss: 0.60669
2025-10-24 02:30:30,214 - INFO - [50/100] | train_loss: 0.58407
2025-10-24 02:30:35,444 - INFO - [60/100] | train_loss: 0.54597
2025-10-24 02:30:40,726 - INFO - [70/100] | train_loss: 0.53131
2025-10-24 02:30:45,957 - INFO - [80/100] | train_loss: 0.58388
2025-10-24 02:30:51,172 - INFO - [90/100] | train_loss: 0.53862
2025-10-24 02:30:56,381 - INFO - [0/100] | train_loss: 0.14117
2025-10-24 02:31:01,594 - INFO - [10/100] | train_loss: 1.32245
2025-10-24 02:31:06,910 - INFO - [20/100] | train_loss: 0.93334
2025-10-24 02:31:12,235 - INFO - [30/100] | train_loss: 0.66240
2025-10-24 02:31:17,436 - INFO - [40/100] | train_loss: 0.58566
2025-10-24 02:31:22,638 - INFO - [50/100] | train_loss: 0.55975
2025-10-24 02:31:27,875 - INFO - [60/100] | train_loss: 0.54683
2025-10-24 02:31:33,148 - INFO - [70/100] | train_loss: 0.54274
2025-10-24 02:31:38,400 - INFO - [80/100] | train_loss: 0.52298
2025-10-24 02:31:43,551 - INFO - [90/100] | train_loss: 0.52970
2025-10-24 02:31:48,622 - INFO - [0/100] | train_loss: 0.11325
2025-10-24 02:31:53,787 - INFO - [10/100] | train_loss: 1.29910
2025-10-24 02:31:58,975 - INFO - [20/100] | train_loss: 0.90032
2025-10-24 02:32:04,285 - INFO - [30/100] | train_loss: 0.63253
2025-10-24 02:32:09,550 - INFO - [40/100] | train_loss: 0.57493
2025-10-24 02:32:14,809 - INFO - [50/100] | train_loss: 0.54405
2025-10-24 02:32:20,072 - INFO - [60/100] | train_loss: 0.53827
2025-10-24 02:32:25,323 - INFO - [70/100] | train_loss: 0.54511
2025-10-24 02:32:30,601 - INFO - [80/100] | train_loss: 0.52294
2025-10-24 02:32:35,876 - INFO - [90/100] | train_loss: 0.51782
2025-10-24 02:32:41,017 - INFO - ----------
2025-10-24 02:32:41,017 - INFO - sample 92/192 | d1: cartservice; level: service; fault_type: network loss
2025-10-24 02:32:41,017 - INFO - sample 92/192 | predict d1: [('cartservice-1', 4.5189820635867335), ('cartservice', 4.505203315206604), ('redis-cart', 3.586423891922763), ('cartservice-0', 3.5791727487637766), ('cartservice-2', 2.7080787589837394)]
2025-10-24 02:32:41,017 - INFO - sample 92/192 | predict d2: [('cartservice/response', 3.035180114738168), ('cartservice/server_error_ratio', 2.6860094394442484), ('cartservice/client_error_ratio', 2.669070772550512), ('cartservice/client_error', 2.6241338417647135), ('cartservice/error', 2.6192940651489955)]
2025-10-24 02:32:41,017 - INFO - ----------
2025-10-24 02:32:41,370 - INFO - [0/100] | train_loss: 0.08228
2025-10-24 02:32:46,888 - INFO - [10/100] | train_loss: 1.36942
2025-10-24 02:32:52,186 - INFO - [20/100] | train_loss: 1.00400
2025-10-24 02:32:57,553 - INFO - [30/100] | train_loss: 0.85277
2025-10-24 02:33:02,892 - INFO - [40/100] | train_loss: 0.86297
2025-10-24 02:33:08,174 - INFO - [50/100] | train_loss: 0.86671
2025-10-24 02:33:13,516 - INFO - [60/100] | train_loss: 0.87319
2025-10-24 02:33:18,870 - INFO - [70/100] | train_loss: 0.88001
2025-10-24 02:33:24,197 - INFO - [80/100] | train_loss: 0.87466
2025-10-24 02:33:29,431 - INFO - [90/100] | train_loss: 0.87005
2025-10-24 02:33:34,743 - INFO - [0/100] | train_loss: 0.07085
2025-10-24 02:33:40,047 - INFO - [10/100] | train_loss: 1.23915
2025-10-24 02:33:45,361 - INFO - [20/100] | train_loss: 0.84211
2025-10-24 02:33:50,625 - INFO - [30/100] | train_loss: 0.60356
2025-10-24 02:33:55,897 - INFO - [40/100] | train_loss: 0.53467
2025-10-24 02:34:01,135 - INFO - [50/100] | train_loss: 0.51554
2025-10-24 02:34:06,424 - INFO - [60/100] | train_loss: 0.50565
2025-10-24 02:34:11,767 - INFO - [70/100] | train_loss: 0.49703
2025-10-24 02:34:17,008 - INFO - [80/100] | train_loss: 0.49649
2025-10-24 02:34:22,267 - INFO - [90/100] | train_loss: 0.50025
2025-10-24 02:34:27,544 - INFO - [0/100] | train_loss: 0.05657
2025-10-24 02:34:32,794 - INFO - [10/100] | train_loss: 1.23107
2025-10-24 02:34:37,923 - INFO - [20/100] | train_loss: 0.82082
2025-10-24 02:34:42,999 - INFO - [30/100] | train_loss: 0.58672
2025-10-24 02:34:48,243 - INFO - [40/100] | train_loss: 0.51456
2025-10-24 02:34:53,410 - INFO - [50/100] | train_loss: 0.54033
2025-10-24 02:34:58,667 - INFO - [60/100] | train_loss: 0.49263
2025-10-24 02:35:03,916 - INFO - [70/100] | train_loss: 0.49569
2025-10-24 02:35:09,163 - INFO - [80/100] | train_loss: 0.48771
2025-10-24 02:35:14,358 - INFO - [90/100] | train_loss: 0.51533
2025-10-24 02:35:19,593 - INFO - [0/100] | train_loss: 0.06595
2025-10-24 02:35:24,975 - INFO - [10/100] | train_loss: 1.23362
2025-10-24 02:35:30,268 - INFO - [20/100] | train_loss: 0.82136
2025-10-24 02:35:35,604 - INFO - [30/100] | train_loss: 0.61376
2025-10-24 02:35:40,900 - INFO - [40/100] | train_loss: 0.52640
2025-10-24 02:35:46,189 - INFO - [50/100] | train_loss: 0.52910
2025-10-24 02:35:51,453 - INFO - [60/100] | train_loss: 0.49887
2025-10-24 02:35:56,755 - INFO - [70/100] | train_loss: 0.49450
2025-10-24 02:36:02,020 - INFO - [80/100] | train_loss: 0.49332
2025-10-24 02:36:07,283 - INFO - [90/100] | train_loss: 0.50171
2025-10-24 02:36:12,412 - INFO - ----------
2025-10-24 02:36:12,412 - INFO - sample 93/192 | d1: checkoutservice; level: service; fault_type: dns error
2025-10-24 02:36:12,412 - INFO - sample 93/192 | predict d1: [('checkoutservice', 4.379592509917565), ('checkoutservice-1', 3.543417517530451), ('checkoutservice-2', 2.66952325753596), ('checkoutservice-0', 2.62951810259681), ('cartservice', 2.6255695453977506)]
2025-10-24 02:36:12,413 - INFO - sample 93/192 | predict d2: [('checkoutservice/rrt_max', 2.661650240293646), ('<intensity>; hipstershop.CheckoutService/PlaceOrder; type: upstream', 2.544755080097275), ('<intensity>; hipstershop.CheckoutService/PlaceOrder; type: current', 2.5432772054061843), ('checkoutservice/response', 2.53877723709763), ('checkoutservice/request', 2.51781404933471)]
2025-10-24 02:36:12,413 - INFO - ----------
2025-10-24 02:36:12,780 - INFO - [0/100] | train_loss: 0.11963
2025-10-24 02:36:18,001 - INFO - [10/100] | train_loss: 1.27134
2025-10-24 02:36:23,263 - INFO - [20/100] | train_loss: 0.86290
2025-10-24 02:36:28,552 - INFO - [30/100] | train_loss: 0.61533
2025-10-24 02:36:33,823 - INFO - [40/100] | train_loss: 0.54153
2025-10-24 02:36:39,113 - INFO - [50/100] | train_loss: 0.52197
2025-10-24 02:36:44,380 - INFO - [60/100] | train_loss: 0.51405
2025-10-24 02:36:49,658 - INFO - [70/100] | train_loss: 0.51234
2025-10-24 02:36:54,939 - INFO - [80/100] | train_loss: 0.50033
2025-10-24 02:37:00,232 - INFO - [90/100] | train_loss: 0.50242
2025-10-24 02:37:05,546 - INFO - [0/100] | train_loss: 0.13932
2025-10-24 02:37:10,801 - INFO - [10/100] | train_loss: 1.26902
2025-10-24 02:37:16,113 - INFO - [20/100] | train_loss: 0.86015
2025-10-24 02:37:21,445 - INFO - [30/100] | train_loss: 0.62159
2025-10-24 02:37:26,742 - INFO - [40/100] | train_loss: 0.53595
2025-10-24 02:37:32,113 - INFO - [50/100] | train_loss: 0.53228
2025-10-24 02:37:37,313 - INFO - [60/100] | train_loss: 0.49987
2025-10-24 02:37:42,495 - INFO - [70/100] | train_loss: 0.49980
2025-10-24 02:37:47,690 - INFO - [80/100] | train_loss: 0.50214
2025-10-24 02:37:52,887 - INFO - [90/100] | train_loss: 0.49575
2025-10-24 02:37:58,118 - INFO - [0/100] | train_loss: 0.07980
2025-10-24 02:38:03,814 - INFO - [10/100] | train_loss: 1.26220
2025-10-24 02:38:09,021 - INFO - [20/100] | train_loss: 0.86326
2025-10-24 02:38:14,192 - INFO - [30/100] | train_loss: 0.60748
2025-10-24 02:38:19,381 - INFO - [40/100] | train_loss: 0.53495
2025-10-24 02:38:24,546 - INFO - [50/100] | train_loss: 0.54273
2025-10-24 02:38:29,729 - INFO - [60/100] | train_loss: 0.51164
2025-10-24 02:38:35,061 - INFO - [70/100] | train_loss: 0.50179
2025-10-24 02:38:40,286 - INFO - [80/100] | train_loss: 0.50471
2025-10-24 02:38:45,484 - INFO - [90/100] | train_loss: 0.50826
2025-10-24 02:38:50,496 - INFO - ----------
2025-10-24 02:38:50,497 - INFO - sample 94/192 | d1: checkoutservice-2; level: pod; fault_type: dns error
2025-10-24 02:38:50,497 - INFO - sample 94/192 | predict d1: [('checkoutservice-1', 3.7808110983373844), ('checkoutservice', 2.8271326955891745), ('cartservice', 2.826777698616077), ('checkoutservice-0', 1.959907360669542), ('currencyservice', 1.9158960089383643)]
2025-10-24 02:38:50,497 - INFO - sample 94/192 | predict d2: [('checkoutservice/request', 2.072988812250024), ('checkoutservice/rrt_max', 2.0684915307441614), ('checkoutservice/rrt', 2.0515057921210165), ('checkoutservice/response', 2.0397007174471327), ('checkoutservice/client_error', 2.030723936028348)]
2025-10-24 02:38:50,497 - INFO - ----------
2025-10-24 02:38:50,860 - INFO - [0/100] | train_loss: 0.09926
2025-10-24 02:38:56,047 - INFO - [10/100] | train_loss: 1.37889
2025-10-24 02:39:01,632 - INFO - [20/100] | train_loss: 1.02264
2025-10-24 02:39:07,259 - INFO - [30/100] | train_loss: 0.87393
2025-10-24 02:39:12,916 - INFO - [40/100] | train_loss: 0.87114
2025-10-24 02:39:18,366 - INFO - [50/100] | train_loss: 0.88977
2025-10-24 02:39:23,908 - INFO - [60/100] | train_loss: 0.89996
2025-10-24 02:39:29,291 - INFO - [70/100] | train_loss: 0.90538
2025-10-24 02:39:34,799 - INFO - [80/100] | train_loss: 0.90264
2025-10-24 02:39:40,490 - INFO - [90/100] | train_loss: 0.91143
2025-10-24 02:39:45,751 - INFO - [0/100] | train_loss: 0.09070
2025-10-24 02:39:50,970 - INFO - [10/100] | train_loss: 1.22400
2025-10-24 02:39:56,162 - INFO - [20/100] | train_loss: 0.81281
2025-10-24 02:40:01,356 - INFO - [30/100] | train_loss: 0.57322
2025-10-24 02:40:06,564 - INFO - [40/100] | train_loss: 0.50670
2025-10-24 02:40:11,763 - INFO - [50/100] | train_loss: 0.49302
2025-10-24 02:40:17,021 - INFO - [60/100] | train_loss: 0.47494
2025-10-24 02:40:22,231 - INFO - [70/100] | train_loss: 0.46744
2025-10-24 02:40:27,293 - INFO - [80/100] | train_loss: 0.46939
2025-10-24 02:40:32,593 - INFO - [90/100] | train_loss: 0.47360
2025-10-24 02:40:37,660 - INFO - [0/100] | train_loss: 0.09904
2025-10-24 02:40:42,741 - INFO - [10/100] | train_loss: 1.23517
2025-10-24 02:40:47,831 - INFO - [20/100] | train_loss: 0.82442
2025-10-24 02:40:52,889 - INFO - [30/100] | train_loss: 0.58172
2025-10-24 02:40:57,944 - INFO - [40/100] | train_loss: 0.51175
2025-10-24 02:41:03,015 - INFO - [50/100] | train_loss: 0.49383
2025-10-24 02:41:08,166 - INFO - [60/100] | train_loss: 0.49793
2025-10-24 02:41:13,359 - INFO - [70/100] | train_loss: 0.46777
2025-10-24 02:41:18,569 - INFO - [80/100] | train_loss: 0.47085
2025-10-24 02:41:24,008 - INFO - [90/100] | train_loss: 0.47441
2025-10-24 02:41:29,270 - INFO - [0/100] | train_loss: 0.11029
2025-10-24 02:41:34,517 - INFO - [10/100] | train_loss: 1.24042
2025-10-24 02:41:39,998 - INFO - [20/100] | train_loss: 0.82929
2025-10-24 02:41:45,268 - INFO - [30/100] | train_loss: 0.58972
2025-10-24 02:41:50,710 - INFO - [40/100] | train_loss: 0.52323
2025-10-24 02:41:55,910 - INFO - [50/100] | train_loss: 0.50631
2025-10-24 02:42:01,129 - INFO - [60/100] | train_loss: 0.48920
2025-10-24 02:42:06,533 - INFO - [70/100] | train_loss: 0.48008
2025-10-24 02:42:11,744 - INFO - [80/100] | train_loss: 0.48216
2025-10-24 02:42:16,926 - INFO - [90/100] | train_loss: 0.48359
2025-10-24 02:42:21,948 - INFO - ----------
2025-10-24 02:42:21,948 - INFO - sample 95/192 | d1: checkoutservice; level: service; fault_type: target port misconfig
2025-10-24 02:42:21,948 - INFO - sample 95/192 | predict d1: [('checkoutservice', 4.820981102642243), ('cartservice', 3.8121164282067497), ('checkoutservice-0', 2.9078031362882095), ('checkoutservice-2', 2.8935945860065484), ('checkoutservice-1', 2.883448336225995)]
2025-10-24 02:42:21,948 - INFO - sample 95/192 | predict d2: [('checkoutservice/client_error_ratio', 3.0814015757783935), ('checkoutservice/client_error', 2.987296356703279), ('checkoutservice/error_ratio', 2.8788325071080827), ('checkoutservice/rrt_max', 2.8502300292715432), ('checkoutservice/response', 2.7633421009908297)]
2025-10-24 02:42:21,948 - INFO - ----------
2025-10-24 02:42:22,308 - INFO - [0/100] | train_loss: 0.12816
2025-10-24 02:42:27,464 - INFO - [10/100] | train_loss: 0.86833
2025-10-24 02:42:32,792 - INFO - [20/100] | train_loss: 0.60260
2025-10-24 02:42:37,974 - INFO - [30/100] | train_loss: 0.40362
2025-10-24 02:42:43,232 - INFO - [40/100] | train_loss: 0.30655
2025-10-24 02:42:48,506 - INFO - [50/100] | train_loss: 0.27899
2025-10-24 02:42:53,668 - INFO - [60/100] | train_loss: 0.31608
2025-10-24 02:42:58,852 - INFO - [70/100] | train_loss: 0.48072
2025-10-24 02:43:04,179 - INFO - [80/100] | train_loss: 0.33602
2025-10-24 02:43:09,379 - INFO - [90/100] | train_loss: 0.28567
2025-10-24 02:43:14,732 - INFO - [0/100] | train_loss: 0.05419
2025-10-24 02:43:19,873 - INFO - [10/100] | train_loss: 1.29967
2025-10-24 02:43:25,028 - INFO - [20/100] | train_loss: 0.89736
2025-10-24 02:43:30,411 - INFO - [30/100] | train_loss: 0.66695
2025-10-24 02:43:35,569 - INFO - [40/100] | train_loss: 0.61375
2025-10-24 02:43:40,758 - INFO - [50/100] | train_loss: 0.60221
2025-10-24 02:43:46,103 - INFO - [60/100] | train_loss: 0.60750
2025-10-24 02:43:51,391 - INFO - [70/100] | train_loss: 0.62006
2025-10-24 02:43:56,660 - INFO - [80/100] | train_loss: 0.62421
2025-10-24 02:44:01,726 - INFO - [90/100] | train_loss: 0.65229
2025-10-24 02:44:06,789 - INFO - ----------
2025-10-24 02:44:06,789 - INFO - sample 96/192 | d1: aiops-k8s-07; level: node; fault_type: node cpu
2025-10-24 02:44:06,789 - INFO - sample 96/192 | predict d1: [('aiops-k8s-07', 1.3827415050453702), ('adservice', 0.08417296533523322), ('adservice-0', 0.08417296533523322), ('adservice-2', 0.0841562306387047), ('productcatalogservice', 0.08415620469343876)]
2025-10-24 02:44:06,789 - INFO - sample 96/192 | predict d2: [('aiops-k8s-07/node_cpu_usage_rate', 0.5420946991325373), ('aiops-k8s-07/node_network_transmit_packets_total', 0.5179754885455381), ('aiops-k8s-07/node_disk_read_bytes_total', 0.5130258881785963), ('aiops-k8s-07/node_disk_written_bytes_total', 0.5031500891275122), ('aiops-k8s-07/node_disk_write_time_seconds_total', 0.4872809003655689)]
2025-10-24 02:44:06,790 - INFO - ----------
2025-10-24 02:44:07,143 - INFO - [0/100] | train_loss: 0.07548
2025-10-24 02:44:12,262 - INFO - [10/100] | train_loss: 0.77327
2025-10-24 02:44:17,619 - INFO - [20/100] | train_loss: 0.56806
2025-10-24 02:44:22,773 - INFO - [30/100] | train_loss: 0.35096
2025-10-24 02:44:27,908 - INFO - [40/100] | train_loss: 0.24705
2025-10-24 02:44:33,341 - INFO - [50/100] | train_loss: 0.19688
2025-10-24 02:44:38,531 - INFO - [60/100] | train_loss: 0.18608
2025-10-24 02:44:43,896 - INFO - [70/100] | train_loss: 0.19078
2025-10-24 02:44:49,084 - INFO - [80/100] | train_loss: 0.15863
2025-10-24 02:44:54,294 - INFO - [90/100] | train_loss: 0.15678
2025-10-24 02:44:59,489 - INFO - [0/100] | train_loss: 0.03779
2025-10-24 02:45:04,698 - INFO - [10/100] | train_loss: 1.27845
2025-10-24 02:45:09,910 - INFO - [20/100] | train_loss: 0.87626
2025-10-24 02:45:15,299 - INFO - [30/100] | train_loss: 0.64001
2025-10-24 02:45:20,503 - INFO - [40/100] | train_loss: 0.57337
2025-10-24 02:45:25,675 - INFO - [50/100] | train_loss: 0.58887
2025-10-24 02:45:30,881 - INFO - [60/100] | train_loss: 0.57912
2025-10-24 02:45:36,213 - INFO - [70/100] | train_loss: 0.62422
2025-10-24 02:45:41,476 - INFO - [80/100] | train_loss: 0.59869
2025-10-24 02:45:46,676 - INFO - [90/100] | train_loss: 0.60802
2025-10-24 02:45:51,690 - INFO - ----------
2025-10-24 02:45:51,691 - INFO - sample 97/192 | d1: aiops-k8s-03; level: node; fault_type: node disk fill
2025-10-24 02:45:51,691 - INFO - sample 97/192 | predict d1: [('aiops-k8s-03', 1.9885858894692063), ('tidb-tikv', 0.04192800272332042), ('tidb-pd', 0.04192442570341215), ('productcatalogservice', 0.041899200744838216), ('tidb-tidb', 0.041864124786993084)]
2025-10-24 02:45:51,691 - INFO - sample 97/192 | predict d2: [('aiops-k8s-03/node_disk_written_bytes_total', 0.7713340098911772), ('aiops-k8s-03/node_disk_write_time_seconds_total', 0.7542502755447771), ('aiops-k8s-03/node_cpu_usage_rate', 0.7423339655749999), ('aiops-k8s-03/node_network_transmit_bytes_total', 0.7387777998675489), ('aiops-k8s-03/node_disk_read_bytes_total', 0.7080549048284865)]
2025-10-24 02:45:51,691 - INFO - ----------
2025-10-24 02:45:52,051 - INFO - [0/100] | train_loss: 0.15965
2025-10-24 02:45:57,206 - INFO - [10/100] | train_loss: 1.37880
2025-10-24 02:46:02,383 - INFO - [20/100] | train_loss: 0.99895
2025-10-24 02:46:07,551 - INFO - [30/100] | train_loss: 0.83159
2025-10-24 02:46:12,717 - INFO - [40/100] | train_loss: 0.78087
2025-10-24 02:46:18,041 - INFO - [50/100] | train_loss: 0.80209
2025-10-24 02:46:23,209 - INFO - [60/100] | train_loss: 0.78064
2025-10-24 02:46:28,420 - INFO - [70/100] | train_loss: 0.79235
2025-10-24 02:46:33,620 - INFO - [80/100] | train_loss: 0.81795
2025-10-24 02:46:38,798 - INFO - [90/100] | train_loss: 0.82591
2025-10-24 02:46:44,017 - INFO - [0/100] | train_loss: 0.16004
2025-10-24 02:46:49,298 - INFO - [10/100] | train_loss: 1.43597
2025-10-24 02:46:54,492 - INFO - [20/100] | train_loss: 1.11887
2025-10-24 02:46:59,618 - INFO - [30/100] | train_loss: 0.97067
2025-10-24 02:47:04,785 - INFO - [40/100] | train_loss: 0.95458
2025-10-24 02:47:10,008 - INFO - [50/100] | train_loss: 0.97205
2025-10-24 02:47:15,239 - INFO - [60/100] | train_loss: 0.98206
2025-10-24 02:47:20,646 - INFO - [70/100] | train_loss: 0.98422
2025-10-24 02:47:25,901 - INFO - [80/100] | train_loss: 0.97379
2025-10-24 02:47:31,144 - INFO - [90/100] | train_loss: 1.01246
2025-10-24 02:47:36,461 - INFO - [0/100] | train_loss: 0.20714
2025-10-24 02:47:41,661 - INFO - [10/100] | train_loss: 1.41708
2025-10-24 02:47:46,958 - INFO - [20/100] | train_loss: 1.04989
2025-10-24 02:47:52,401 - INFO - [30/100] | train_loss: 0.72953
2025-10-24 02:47:57,642 - INFO - [40/100] | train_loss: 0.63951
2025-10-24 02:48:02,904 - INFO - [50/100] | train_loss: 0.67850
2025-10-24 02:48:08,224 - INFO - [60/100] | train_loss: 0.60384
2025-10-24 02:48:13,453 - INFO - [70/100] | train_loss: 0.58529
2025-10-24 02:48:18,708 - INFO - [80/100] | train_loss: 0.60457
2025-10-24 02:48:23,960 - INFO - [90/100] | train_loss: 0.59965
2025-10-24 02:48:29,403 - INFO - [0/100] | train_loss: 0.16579
2025-10-24 02:48:34,666 - INFO - [10/100] | train_loss: 1.35773
2025-10-24 02:48:39,992 - INFO - [20/100] | train_loss: 0.97921
2025-10-24 02:48:45,250 - INFO - [30/100] | train_loss: 0.72353
2025-10-24 02:48:50,455 - INFO - [40/100] | train_loss: 0.63031
2025-10-24 02:48:55,804 - INFO - [50/100] | train_loss: 0.61020
2025-10-24 02:49:01,047 - INFO - [60/100] | train_loss: 0.58111
2025-10-24 02:49:06,324 - INFO - [70/100] | train_loss: 0.59394
2025-10-24 02:49:11,623 - INFO - [80/100] | train_loss: 0.57622
2025-10-24 02:49:16,914 - INFO - [90/100] | train_loss: 0.57051
2025-10-24 02:49:22,178 - INFO - ----------
2025-10-24 02:49:22,178 - INFO - sample 98/192 | d1: cartservice; level: service; fault_type: network corrupt
2025-10-24 02:49:22,178 - INFO - sample 98/192 | predict d1: [('checkoutservice', 3.0982882544662047), ('cartservice', 3.0441364701962854), ('cartservice-1', 1.9005266661040572), ('redis-cart', 1.794792152757131), ('cartservice-2', 1.7078861443166398)]
2025-10-24 02:49:22,178 - INFO - sample 98/192 | predict d2: [('cartservice/server_error', 1.719316229212243), ('cartservice/server_error_ratio', 1.7183762681016397), ('cartservice/request', 1.710478271096946), ('cartservice/response', 1.6479817964515142), ('<intensity>; POST /hipstershop.CartService/EmptyCart; type: current', 1.6153272351968013)]
2025-10-24 02:49:22,178 - INFO - ----------
2025-10-24 02:49:22,537 - INFO - [0/100] | train_loss: 0.09908
2025-10-24 02:49:27,778 - INFO - [10/100] | train_loss: 0.83724
2025-10-24 02:49:33,140 - INFO - [20/100] | train_loss: 0.59318
2025-10-24 02:49:38,343 - INFO - [30/100] | train_loss: 0.42253
2025-10-24 02:49:43,522 - INFO - [40/100] | train_loss: 0.33469
2025-10-24 02:49:48,821 - INFO - [50/100] | train_loss: 0.26441
2025-10-24 02:49:54,136 - INFO - [60/100] | train_loss: 0.23509
2025-10-24 02:49:59,475 - INFO - [70/100] | train_loss: 0.22128
2025-10-24 02:50:04,668 - INFO - [80/100] | train_loss: 0.21684
2025-10-24 02:50:09,951 - INFO - [90/100] | train_loss: 0.22647
2025-10-24 02:50:15,167 - INFO - [0/100] | train_loss: 0.04621
2025-10-24 02:50:20,344 - INFO - [10/100] | train_loss: 1.27248
2025-10-24 02:50:25,511 - INFO - [20/100] | train_loss: 0.87681
2025-10-24 02:50:30,699 - INFO - [30/100] | train_loss: 0.64425
2025-10-24 02:50:35,871 - INFO - [40/100] | train_loss: 0.58559
2025-10-24 02:50:41,306 - INFO - [50/100] | train_loss: 0.58405
2025-10-24 02:50:46,562 - INFO - [60/100] | train_loss: 0.59318
2025-10-24 02:50:51,838 - INFO - [70/100] | train_loss: 0.60069
2025-10-24 02:50:57,295 - INFO - [80/100] | train_loss: 0.60882
2025-10-24 02:51:02,527 - INFO - [90/100] | train_loss: 0.60837
2025-10-24 02:51:07,566 - INFO - ----------
2025-10-24 02:51:07,567 - INFO - sample 99/192 | d1: aiops-k8s-06; level: node; fault_type: node memory
2025-10-24 02:51:07,567 - INFO - sample 99/192 | predict d1: [('aiops-k8s-06', 0.21577138533295415), ('tidb-tikv', 0.03271587761620465), ('tidb-tidb', 0.03271587761620465), ('tidb-pd', 0.03269599718780403), ('productcatalogservice', 0.032695816109111986)]
2025-10-24 02:51:07,567 - INFO - sample 99/192 | predict d2: [('aiops-k8s-06/node_disk_written_bytes_total', 0.17661723255323913), ('aiops-k8s-06/node_disk_write_time_seconds_total', 0.17476671591360837), ('aiops-k8s-06/node_network_receive_packets_total', 0.1660690156047835), ('aiops-k8s-06/node_memory_MemAvailable_bytes', 0.1658094091288822), ('aiops-k8s-06/node_cpu_usage_rate', 0.15339014533814144)]
2025-10-24 02:51:07,567 - INFO - ----------
2025-10-24 02:51:07,929 - INFO - [0/100] | train_loss: 0.10039
2025-10-24 02:51:13,103 - INFO - [10/100] | train_loss: 0.77293
2025-10-24 02:51:18,253 - INFO - [20/100] | train_loss: 0.64965
2025-10-24 02:51:23,431 - INFO - [30/100] | train_loss: 0.36377
2025-10-24 02:51:28,737 - INFO - [40/100] | train_loss: 0.29721
2025-10-24 02:51:33,958 - INFO - [50/100] | train_loss: 0.23744
2025-10-24 02:51:39,151 - INFO - [60/100] | train_loss: 0.20961
2025-10-24 02:51:44,344 - INFO - [70/100] | train_loss: 0.19585
2025-10-24 02:51:49,508 - INFO - [80/100] | train_loss: 0.18702
2025-10-24 02:51:54,891 - INFO - [90/100] | train_loss: 0.18474
2025-10-24 02:52:00,037 - INFO - [0/100] | train_loss: 0.05081
2025-10-24 02:52:05,273 - INFO - [10/100] | train_loss: 1.29287
2025-10-24 02:52:10,436 - INFO - [20/100] | train_loss: 0.89375
2025-10-24 02:52:15,729 - INFO - [30/100] | train_loss: 0.65917
2025-10-24 02:52:20,905 - INFO - [40/100] | train_loss: 0.59840
2025-10-24 02:52:26,129 - INFO - [50/100] | train_loss: 0.59643
2025-10-24 02:52:31,373 - INFO - [60/100] | train_loss: 0.61507
2025-10-24 02:52:36,564 - INFO - [70/100] | train_loss: 0.62031
2025-10-24 02:52:41,973 - INFO - [80/100] | train_loss: 0.62868
2025-10-24 02:52:47,118 - INFO - [90/100] | train_loss: 0.62436
2025-10-24 02:52:52,008 - INFO - ----------
2025-10-24 02:52:52,009 - INFO - sample 100/192 | d1: aiops-k8s-03; level: node; fault_type: node cpu
2025-10-24 02:52:52,009 - INFO - sample 100/192 | predict d1: [('aiops-k8s-03', 1.9873929815275417), ('tidb-pd', 0.07953715586643817), ('productcatalogservice', 0.07953715586643817), ('tidb-tidb', 0.07953476841351392), ('adservice', 0.0795293267856989)]
2025-10-24 02:52:52,009 - INFO - sample 100/192 | predict d2: [('aiops-k8s-03/node_disk_write_time_seconds_total', 0.7499886679677275), ('aiops-k8s-03/node_memory_MemAvailable_bytes', 0.7490084842553344), ('aiops-k8s-03/node_network_transmit_packets_total', 0.7135109795423347), ('aiops-k8s-03/node_network_receive_packets_total', 0.7118178594469882), ('aiops-k8s-03/node_disk_read_time_seconds_total', 0.7082513978607707)]
2025-10-24 02:52:52,009 - INFO - ----------
2025-10-24 02:52:52,365 - INFO - [0/100] | train_loss: 0.05431
2025-10-24 02:52:57,704 - INFO - [10/100] | train_loss: 1.24544
2025-10-24 02:53:02,875 - INFO - [20/100] | train_loss: 0.84947
2025-10-24 02:53:08,093 - INFO - [30/100] | train_loss: 0.57518
2025-10-24 02:53:13,303 - INFO - [40/100] | train_loss: 0.52041
2025-10-24 02:53:18,478 - INFO - [50/100] | train_loss: 0.46450
2025-10-24 02:53:23,661 - INFO - [60/100] | train_loss: 0.51862
2025-10-24 02:53:28,852 - INFO - [70/100] | train_loss: 0.45328
2025-10-24 02:53:34,272 - INFO - [80/100] | train_loss: 0.45560
2025-10-24 02:53:39,563 - INFO - [90/100] | train_loss: 0.44245
2025-10-24 02:53:44,817 - INFO - [0/100] | train_loss: 0.04528
2025-10-24 02:53:50,133 - INFO - [10/100] | train_loss: 1.24844
2025-10-24 02:53:55,316 - INFO - [20/100] | train_loss: 0.83824
2025-10-24 02:54:00,501 - INFO - [30/100] | train_loss: 0.57248
2025-10-24 02:54:05,676 - INFO - [40/100] | train_loss: 0.48468
2025-10-24 02:54:10,851 - INFO - [50/100] | train_loss: 0.46493
2025-10-24 02:54:16,252 - INFO - [60/100] | train_loss: 0.44513
2025-10-24 02:54:21,435 - INFO - [70/100] | train_loss: 0.43560
2025-10-24 02:54:26,642 - INFO - [80/100] | train_loss: 0.43086
2025-10-24 02:54:31,927 - INFO - [90/100] | train_loss: 0.43790
2025-10-24 02:54:37,112 - INFO - [0/100] | train_loss: 0.05894
2025-10-24 02:54:42,434 - INFO - [10/100] | train_loss: 1.24529
2025-10-24 02:54:47,668 - INFO - [20/100] | train_loss: 0.85814
2025-10-24 02:54:52,860 - INFO - [30/100] | train_loss: 0.60565
2025-10-24 02:54:58,069 - INFO - [40/100] | train_loss: 0.50587
2025-10-24 02:55:03,271 - INFO - [50/100] | train_loss: 0.48317
2025-10-24 02:55:08,419 - INFO - [60/100] | train_loss: 0.46824
2025-10-24 02:55:13,797 - INFO - [70/100] | train_loss: 0.45528
2025-10-24 02:55:18,975 - INFO - [80/100] | train_loss: 0.45426
2025-10-24 02:55:24,323 - INFO - [90/100] | train_loss: 0.44834
2025-10-24 02:55:29,371 - INFO - ----------
2025-10-24 02:55:29,372 - INFO - sample 101/192 | d1: emailservice-2; level: pod; fault_type: memory stress
2025-10-24 02:55:29,372 - INFO - sample 101/192 | predict d1: [('emailservice-0', 3.7006147745729656), ('emailservice-1', 2.879469739379015), ('emailservice', 2.805130751519364), ('emailservice-2', 1.9462919647167713), ('checkoutservice', 1.8597236784689588)]
2025-10-24 02:55:29,372 - INFO - sample 101/192 | predict d2: [('emailservice/rrt_max', 2.2133971086454842), ('<duration>; hipstershop.EmailService/SendOrderConfirmation; type: downstream', 2.1777015700162075), ('emailservice/request', 2.1424891461365796), ('emailservice/server_error_ratio', 2.0744888655032803), ('emailservice/error', 2.073444689967342)]
2025-10-24 02:55:29,372 - INFO - ----------
2025-10-24 02:55:29,727 - INFO - [0/100] | train_loss: 0.09759
2025-10-24 02:55:34,872 - INFO - [10/100] | train_loss: 1.38968
2025-10-24 02:55:40,003 - INFO - [20/100] | train_loss: 1.05707
2025-10-24 02:55:45,050 - INFO - [30/100] | train_loss: 0.86392
2025-10-24 02:55:50,169 - INFO - [40/100] | train_loss: 0.85986
2025-10-24 02:55:55,436 - INFO - [50/100] | train_loss: 0.86487
2025-10-24 02:56:00,545 - INFO - [60/100] | train_loss: 0.87652
2025-10-24 02:56:05,656 - INFO - [70/100] | train_loss: 0.88290
2025-10-24 02:56:10,932 - INFO - [80/100] | train_loss: 0.88918
2025-10-24 02:56:16,029 - INFO - [90/100] | train_loss: 0.88364
2025-10-24 02:56:21,333 - INFO - [0/100] | train_loss: 0.12036
2025-10-24 02:56:26,474 - INFO - [10/100] | train_loss: 1.24059
2025-10-24 02:56:31,739 - INFO - [20/100] | train_loss: 0.81953
2025-10-24 02:56:36,990 - INFO - [30/100] | train_loss: 0.58238
2025-10-24 02:56:42,242 - INFO - [40/100] | train_loss: 0.51706
2025-10-24 02:56:47,500 - INFO - [50/100] | train_loss: 0.50192
2025-10-24 02:56:52,883 - INFO - [60/100] | train_loss: 0.48493
2025-10-24 02:56:58,158 - INFO - [70/100] | train_loss: 0.47904
2025-10-24 02:57:03,395 - INFO - [80/100] | train_loss: 0.47660
2025-10-24 02:57:08,655 - INFO - [90/100] | train_loss: 0.47862
2025-10-24 02:57:13,861 - INFO - [0/100] | train_loss: 0.06804
2025-10-24 02:57:19,036 - INFO - [10/100] | train_loss: 1.21482
2025-10-24 02:57:24,414 - INFO - [20/100] | train_loss: 0.80341
2025-10-24 02:57:29,611 - INFO - [30/100] | train_loss: 0.56125
2025-10-24 02:57:34,952 - INFO - [40/100] | train_loss: 0.49462
2025-10-24 02:57:40,153 - INFO - [50/100] | train_loss: 0.48203
2025-10-24 02:57:45,323 - INFO - [60/100] | train_loss: 0.46550
2025-10-24 02:57:50,677 - INFO - [70/100] | train_loss: 0.45793
2025-10-24 02:57:55,852 - INFO - [80/100] | train_loss: 0.50801
2025-10-24 02:58:01,230 - INFO - [90/100] | train_loss: 0.46816
2025-10-24 02:58:06,437 - INFO - [0/100] | train_loss: 0.10020
2025-10-24 02:58:11,805 - INFO - [10/100] | train_loss: 1.23196
2025-10-24 02:58:16,952 - INFO - [20/100] | train_loss: 0.82630
2025-10-24 02:58:22,139 - INFO - [30/100] | train_loss: 0.58136
2025-10-24 02:58:27,338 - INFO - [40/100] | train_loss: 0.51109
2025-10-24 02:58:32,495 - INFO - [50/100] | train_loss: 0.49667
2025-10-24 02:58:37,718 - INFO - [60/100] | train_loss: 0.48024
2025-10-24 02:58:42,904 - INFO - [70/100] | train_loss: 0.47192
2025-10-24 02:58:48,346 - INFO - [80/100] | train_loss: 0.47214
2025-10-24 02:58:53,543 - INFO - [90/100] | train_loss: 0.47532
2025-10-24 02:58:58,683 - INFO - ----------
2025-10-24 02:58:58,683 - INFO - sample 102/192 | d1: checkoutservice; level: service; fault_type: target port misconfig
2025-10-24 02:58:58,683 - INFO - sample 102/192 | predict d1: [('checkoutservice', 4.743706436693515), ('checkoutservice-1', 3.8076811686768886), ('cartservice', 2.975779753157016), ('checkoutservice-0', 2.8654496658425512), ('checkoutservice-2', 2.8585962831408933)]
2025-10-24 02:58:58,683 - INFO - sample 102/192 | predict d2: [('<intensity>; hipstershop.CheckoutService/PlaceOrder; type: downstream', 3.0190262973793054), ('checkoutservice/client_error', 2.9689737341696976), ('checkoutservice/client_error_ratio', 2.925935811107564), ('checkoutservice/error', 2.831113212209722), ('checkoutservice/response', 2.7580618856743584)]
2025-10-24 02:58:58,683 - INFO - ----------
2025-10-24 02:58:59,043 - INFO - [0/100] | train_loss: 0.09519
2025-10-24 02:59:04,236 - INFO - [10/100] | train_loss: 1.33958
2025-10-24 02:59:09,468 - INFO - [20/100] | train_loss: 0.95513
2025-10-24 02:59:14,790 - INFO - [30/100] | train_loss: 0.78393
2025-10-24 02:59:19,931 - INFO - [40/100] | train_loss: 0.72642
2025-10-24 02:59:25,313 - INFO - [50/100] | train_loss: 0.72638
2025-10-24 02:59:30,569 - INFO - [60/100] | train_loss: 0.71486
2025-10-24 02:59:35,904 - INFO - [70/100] | train_loss: 0.71570
2025-10-24 02:59:41,127 - INFO - [80/100] | train_loss: 0.72199
2025-10-24 02:59:46,502 - INFO - [90/100] | train_loss: 0.75291
2025-10-24 02:59:51,559 - INFO - ----------
2025-10-24 02:59:51,560 - INFO - sample 103/192 | d1: shippingservice; level: service; fault_type: target port misconfig
2025-10-24 02:59:51,560 - INFO - sample 103/192 | predict d1: [('shippingservice', 0.3549364609504977), ('shippingservice-1', 0.3549364609504977), ('checkoutservice', 0.35415552683619467), ('checkoutservice-2', 0.35415552683619467), ('shippingservice-0', 0.35407260489200354)]
2025-10-24 02:59:51,560 - INFO - sample 103/192 | predict d2: [('checkoutservice/request', 0.2767605000127418), ('<duration>; hipstershop.ShippingService/ShipOrder; type: downstream', 0.2753230256544441), ('<intensity>; hipstershop.ShippingService/GetQuote; type: upstream', 0.274771140133673), ('<intensity>; hipstershop.ShippingService/GetQuote; type: downstream', 0.26648315205888906), ('shippingservice/rrt', 0.2625461890314327)]
2025-10-24 02:59:51,560 - INFO - ----------
2025-10-24 02:59:51,920 - INFO - [0/100] | train_loss: 0.10234
2025-10-24 02:59:57,059 - INFO - [10/100] | train_loss: 1.39264
2025-10-24 03:00:02,466 - INFO - [20/100] | train_loss: 1.02457
2025-10-24 03:00:07,645 - INFO - [30/100] | train_loss: 0.86611
2025-10-24 03:00:13,036 - INFO - [40/100] | train_loss: 0.85905
2025-10-24 03:00:18,272 - INFO - [50/100] | train_loss: 0.87506
2025-10-24 03:00:23,652 - INFO - [60/100] | train_loss: 0.88915
2025-10-24 03:00:28,849 - INFO - [70/100] | train_loss: 0.89796
2025-10-24 03:00:34,249 - INFO - [80/100] | train_loss: 0.89103
2025-10-24 03:00:39,556 - INFO - [90/100] | train_loss: 0.88507
2025-10-24 03:00:45,024 - INFO - [0/100] | train_loss: 0.07302
2025-10-24 03:00:50,254 - INFO - [10/100] | train_loss: 1.21466
2025-10-24 03:00:55,514 - INFO - [20/100] | train_loss: 0.81049
2025-10-24 03:01:00,745 - INFO - [30/100] | train_loss: 0.56561
2025-10-24 03:01:06,036 - INFO - [40/100] | train_loss: 0.50160
2025-10-24 03:01:11,473 - INFO - [50/100] | train_loss: 0.48678
2025-10-24 03:01:16,681 - INFO - [60/100] | train_loss: 0.47135
2025-10-24 03:01:21,895 - INFO - [70/100] | train_loss: 0.46260
2025-10-24 03:01:27,096 - INFO - [80/100] | train_loss: 0.46428
2025-10-24 03:01:32,338 - INFO - [90/100] | train_loss: 0.46730
2025-10-24 03:01:37,573 - INFO - [0/100] | train_loss: 0.05457
2025-10-24 03:01:42,770 - INFO - [10/100] | train_loss: 1.21489
2025-10-24 03:01:48,043 - INFO - [20/100] | train_loss: 0.80926
2025-10-24 03:01:53,314 - INFO - [30/100] | train_loss: 0.56996
2025-10-24 03:01:58,777 - INFO - [40/100] | train_loss: 0.51162
2025-10-24 03:02:04,037 - INFO - [50/100] | train_loss: 0.50413
2025-10-24 03:02:09,277 - INFO - [60/100] | train_loss: 0.48871
2025-10-24 03:02:14,426 - INFO - [70/100] | train_loss: 0.47990
2025-10-24 03:02:19,506 - INFO - [80/100] | train_loss: 0.48250
2025-10-24 03:02:24,736 - INFO - [90/100] | train_loss: 0.48711
2025-10-24 03:02:29,990 - INFO - [0/100] | train_loss: 0.07791
2025-10-24 03:02:35,157 - INFO - [10/100] | train_loss: 1.23847
2025-10-24 03:02:40,354 - INFO - [20/100] | train_loss: 0.82693
2025-10-24 03:02:45,622 - INFO - [30/100] | train_loss: 0.58026
2025-10-24 03:02:50,811 - INFO - [40/100] | train_loss: 0.51020
2025-10-24 03:02:56,034 - INFO - [50/100] | train_loss: 0.49698
2025-10-24 03:03:01,625 - INFO - [60/100] | train_loss: 0.48018
2025-10-24 03:03:06,905 - INFO - [70/100] | train_loss: 0.47198
2025-10-24 03:03:12,155 - INFO - [80/100] | train_loss: 0.47489
2025-10-24 03:03:17,414 - INFO - [90/100] | train_loss: 0.47997
2025-10-24 03:03:22,573 - INFO - ----------
2025-10-24 03:03:22,574 - INFO - sample 104/192 | d1: frontend; level: service; fault_type: code error
2025-10-24 03:03:22,574 - INFO - sample 104/192 | predict d1: [('frontend-0', 4.794678149140598), ('frontend', 4.751391971230966), ('cartservice', 2.997857415753447), ('frontend-2', 2.8629533381734045), ('frontend-1', 2.853167847206368)]
2025-10-24 03:03:22,574 - INFO - sample 104/192 | predict d2: [('frontend/response', 2.9184932108727786), ('frontend/rrt_max', 2.8126514855028475), ('frontend/error', 2.810868173722188), ('frontend/server_error_ratio', 2.7923885374519415), ('frontend/server_error', 2.7611019783415784)]
2025-10-24 03:03:22,574 - INFO - ----------
2025-10-24 03:03:22,942 - INFO - [0/100] | train_loss: 0.05321
2025-10-24 03:03:28,160 - INFO - [10/100] | train_loss: 1.27939
2025-10-24 03:03:33,392 - INFO - [20/100] | train_loss: 0.88628
2025-10-24 03:03:38,608 - INFO - [30/100] | train_loss: 0.65774
2025-10-24 03:03:43,827 - INFO - [40/100] | train_loss: 0.60064
2025-10-24 03:03:49,049 - INFO - [50/100] | train_loss: 0.59874
2025-10-24 03:03:54,237 - INFO - [60/100] | train_loss: 0.60234
2025-10-24 03:03:59,468 - INFO - [70/100] | train_loss: 0.60696
2025-10-24 03:04:04,682 - INFO - [80/100] | train_loss: 0.61342
2025-10-24 03:04:09,899 - INFO - [90/100] | train_loss: 0.61494
2025-10-24 03:04:15,169 - INFO - [0/100] | train_loss: 0.03507
2025-10-24 03:04:20,358 - INFO - [10/100] | train_loss: 1.26629
2025-10-24 03:04:25,573 - INFO - [20/100] | train_loss: 0.86173
2025-10-24 03:04:30,790 - INFO - [30/100] | train_loss: 0.64374
2025-10-24 03:04:36,030 - INFO - [40/100] | train_loss: 0.59095
2025-10-24 03:04:41,246 - INFO - [50/100] | train_loss: 0.59578
2025-10-24 03:04:46,573 - INFO - [60/100] | train_loss: 0.60354
2025-10-24 03:04:51,858 - INFO - [70/100] | train_loss: 0.61412
2025-10-24 03:04:57,113 - INFO - [80/100] | train_loss: 0.62098
2025-10-24 03:05:02,349 - INFO - [90/100] | train_loss: 0.61977
2025-10-24 03:05:07,572 - INFO - [0/100] | train_loss: 0.06811
2025-10-24 03:05:12,668 - INFO - [10/100] | train_loss: 1.30961
2025-10-24 03:05:17,881 - INFO - [20/100] | train_loss: 0.93989
2025-10-24 03:05:23,079 - INFO - [30/100] | train_loss: 0.69263
2025-10-24 03:05:28,374 - INFO - [40/100] | train_loss: 0.64269
2025-10-24 03:05:33,614 - INFO - [50/100] | train_loss: 0.65651
2025-10-24 03:05:38,823 - INFO - [60/100] | train_loss: 0.67310
2025-10-24 03:05:44,076 - INFO - [70/100] | train_loss: 0.63785
2025-10-24 03:05:49,325 - INFO - [80/100] | train_loss: 0.63332
2025-10-24 03:05:54,573 - INFO - [90/100] | train_loss: 0.63953
2025-10-24 03:05:59,652 - INFO - ----------
2025-10-24 03:05:59,653 - INFO - sample 105/192 | d1: tidb-tikv; level: tidb; fault_type: pod failure
2025-10-24 03:05:59,653 - INFO - sample 105/192 | predict d1: [('tidb-tikv', 3.559641890127576), ('tidb-tidb', 3.525417250893483), ('tidb-pd', 3.246877634649831), ('productcatalogservice', 2.563268122466539), ('adservice', 2.561387466344822)]
2025-10-24 03:05:59,653 - INFO - sample 105/192 | predict d2: [('productcatalogservice/response', 1.9466394647559007), ('productcatalogservice/request', 1.8330225246180163), ('tidb-tikv/server_is_up', 1.8322024113986402), ('<intensity>; hipstershop.ProductCatalogService/GetProduct; type: current', 1.8170426431369506), ('tidb-tikv/store_size', 1.8138265420004451)]
2025-10-24 03:05:59,653 - INFO - ----------
2025-10-24 03:06:00,011 - INFO - [0/100] | train_loss: 0.15150
2025-10-24 03:06:05,156 - INFO - [10/100] | train_loss: 0.78659
2025-10-24 03:06:10,347 - INFO - [20/100] | train_loss: 0.54660
2025-10-24 03:06:15,618 - INFO - [30/100] | train_loss: 0.38126
2025-10-24 03:06:20,807 - INFO - [40/100] | train_loss: 0.30099
2025-10-24 03:06:26,061 - INFO - [50/100] | train_loss: 0.27231
2025-10-24 03:06:31,282 - INFO - [60/100] | train_loss: 0.23975
2025-10-24 03:06:36,495 - INFO - [70/100] | train_loss: 0.25228
2025-10-24 03:06:41,700 - INFO - [80/100] | train_loss: 0.21021
2025-10-24 03:06:46,955 - INFO - [90/100] | train_loss: 0.20944
2025-10-24 03:06:52,228 - INFO - [0/100] | train_loss: 0.05085
2025-10-24 03:06:57,472 - INFO - [10/100] | train_loss: 1.29931
2025-10-24 03:07:02,734 - INFO - [20/100] | train_loss: 0.91432
2025-10-24 03:07:07,969 - INFO - [30/100] | train_loss: 0.67615
2025-10-24 03:07:13,205 - INFO - [40/100] | train_loss: 0.62839
2025-10-24 03:07:18,449 - INFO - [50/100] | train_loss: 0.64022
2025-10-24 03:07:23,723 - INFO - [60/100] | train_loss: 0.64916
2025-10-24 03:07:28,973 - INFO - [70/100] | train_loss: 0.65825
2025-10-24 03:07:34,251 - INFO - [80/100] | train_loss: 0.66138
2025-10-24 03:07:39,484 - INFO - [90/100] | train_loss: 0.65233
2025-10-24 03:07:44,542 - INFO - ----------
2025-10-24 03:07:44,542 - INFO - sample 106/192 | d1: aiops-k8s-08; level: node; fault_type: node memory
2025-10-24 03:07:44,542 - INFO - sample 106/192 | predict d1: [('aiops-k8s-08', 1.9766126898392073), ('tidb-tikv', 0.1908831488198075), ('tidb-tidb', 0.1908831488198075), ('productcatalogservice', 0.1908353203980937), ('tidb-pd', 0.1906285455953025)]
2025-10-24 03:07:44,542 - INFO - sample 106/192 | predict d2: [('aiops-k8s-08/node_disk_read_bytes_total', 0.7781552725252467), ('aiops-k8s-08/node_disk_read_time_seconds_total', 0.7758928565670331), ('aiops-k8s-08/node_disk_written_bytes_total', 0.7701585236037332), ('aiops-k8s-08/node_cpu_usage_rate', 0.747864941307725), ('aiops-k8s-08/node_disk_write_time_seconds_total', 0.7437146417154707)]
2025-10-24 03:07:44,542 - INFO - ----------
2025-10-24 03:07:44,898 - INFO - [0/100] | train_loss: 0.06100
2025-10-24 03:07:50,073 - INFO - [10/100] | train_loss: 1.29706
2025-10-24 03:07:55,324 - INFO - [20/100] | train_loss: 0.93529
2025-10-24 03:08:00,505 - INFO - [30/100] | train_loss: 0.74089
2025-10-24 03:08:05,652 - INFO - [40/100] | train_loss: 0.70736
2025-10-24 03:08:10,747 - INFO - [50/100] | train_loss: 0.71614
2025-10-24 03:08:15,938 - INFO - [60/100] | train_loss: 0.70851
2025-10-24 03:08:21,182 - INFO - [70/100] | train_loss: 0.73290
2025-10-24 03:08:26,427 - INFO - [80/100] | train_loss: 0.73203
2025-10-24 03:08:31,659 - INFO - [90/100] | train_loss: 0.76040
2025-10-24 03:08:36,927 - INFO - [0/100] | train_loss: 0.10574
2025-10-24 03:08:42,156 - INFO - [10/100] | train_loss: 1.35605
2025-10-24 03:08:47,424 - INFO - [20/100] | train_loss: 0.97928
2025-10-24 03:08:52,651 - INFO - [30/100] | train_loss: 0.76186
2025-10-24 03:08:57,852 - INFO - [40/100] | train_loss: 0.68501
2025-10-24 03:09:03,214 - INFO - [50/100] | train_loss: 0.70297
2025-10-24 03:09:08,412 - INFO - [60/100] | train_loss: 0.67896
2025-10-24 03:09:13,565 - INFO - [70/100] | train_loss: 0.78727
2025-10-24 03:09:18,773 - INFO - [80/100] | train_loss: 0.68621
2025-10-24 03:09:23,970 - INFO - [90/100] | train_loss: 0.68955
2025-10-24 03:09:29,178 - INFO - [0/100] | train_loss: 0.04502
2025-10-24 03:09:34,422 - INFO - [10/100] | train_loss: 1.23984
2025-10-24 03:09:39,652 - INFO - [20/100] | train_loss: 0.84268
2025-10-24 03:09:44,908 - INFO - [30/100] | train_loss: 0.57560
2025-10-24 03:09:50,139 - INFO - [40/100] | train_loss: 0.49740
2025-10-24 03:09:55,357 - INFO - [50/100] | train_loss: 0.48903
2025-10-24 03:10:00,553 - INFO - [60/100] | train_loss: 0.48179
2025-10-24 03:10:05,787 - INFO - [70/100] | train_loss: 0.47759
2025-10-24 03:10:11,049 - INFO - [80/100] | train_loss: 0.45509
2025-10-24 03:10:16,287 - INFO - [90/100] | train_loss: 0.46957
2025-10-24 03:10:21,530 - INFO - [0/100] | train_loss: 0.10596
2025-10-24 03:10:26,776 - INFO - [10/100] | train_loss: 1.28521
2025-10-24 03:10:31,996 - INFO - [20/100] | train_loss: 0.90017
2025-10-24 03:10:37,212 - INFO - [30/100] | train_loss: 0.65226
2025-10-24 03:10:42,483 - INFO - [40/100] | train_loss: 0.53364
2025-10-24 03:10:47,665 - INFO - [50/100] | train_loss: 0.50627
2025-10-24 03:10:52,859 - INFO - [60/100] | train_loss: 0.76608
2025-10-24 03:10:58,053 - INFO - [70/100] | train_loss: 0.45137
2025-10-24 03:11:03,142 - INFO - [80/100] | train_loss: 0.44939
2025-10-24 03:11:08,209 - INFO - [90/100] | train_loss: 0.45345
2025-10-24 03:11:13,251 - INFO - [0/100] | train_loss: 0.05200
2025-10-24 03:11:18,301 - INFO - [10/100] | train_loss: 1.23351
2025-10-24 03:11:23,357 - INFO - [20/100] | train_loss: 0.82736
2025-10-24 03:11:28,402 - INFO - [30/100] | train_loss: 0.57645
2025-10-24 03:11:33,462 - INFO - [40/100] | train_loss: 0.48896
2025-10-24 03:11:38,515 - INFO - [50/100] | train_loss: 0.47858
2025-10-24 03:11:43,604 - INFO - [60/100] | train_loss: 0.49021
2025-10-24 03:11:48,733 - INFO - [70/100] | train_loss: 0.46022
2025-10-24 03:11:53,933 - INFO - [80/100] | train_loss: 0.47083
2025-10-24 03:11:59,177 - INFO - [90/100] | train_loss: 0.47122
2025-10-24 03:12:04,176 - INFO - ----------
2025-10-24 03:12:04,176 - INFO - sample 107/192 | d1: cartservice; level: service; fault_type: code error
2025-10-24 03:12:04,176 - INFO - sample 107/192 | predict d1: [('cartservice', 4.582304357983386), ('cartservice-2', 3.6617794745482914), ('cartservice-0', 3.6085630413191208), ('cartservice-1', 2.773852544567864), ('redis-cart', 2.7163797107638628)]
2025-10-24 03:12:04,176 - INFO - sample 107/192 | predict d2: [('cartservice/server_error', 2.518067672244168), ('cartservice/request', 2.51175674826057), ('cartservice/rrt', 2.5038716563308476), ('cartservice/timeout', 2.376308849528659), ('cartservice/response', 2.3372175848896717)]
2025-10-24 03:12:04,176 - INFO - ----------
2025-10-24 03:12:04,545 - INFO - [0/100] | train_loss: 0.07489
2025-10-24 03:12:09,804 - INFO - [10/100] | train_loss: 1.29531
2025-10-24 03:12:15,053 - INFO - [20/100] | train_loss: 0.90220
2025-10-24 03:12:20,306 - INFO - [30/100] | train_loss: 0.72727
2025-10-24 03:12:25,508 - INFO - [40/100] | train_loss: 0.63399
2025-10-24 03:12:30,720 - INFO - [50/100] | train_loss: 0.64677
2025-10-24 03:12:35,936 - INFO - [60/100] | train_loss: 0.64591
2025-10-24 03:12:41,132 - INFO - [70/100] | train_loss: 0.63687
2025-10-24 03:12:46,387 - INFO - [80/100] | train_loss: 0.66830
2025-10-24 03:12:51,571 - INFO - [90/100] | train_loss: 0.64651
2025-10-24 03:12:56,782 - INFO - [0/100] | train_loss: 0.05429
2025-10-24 03:13:01,982 - INFO - [10/100] | train_loss: 1.28420
2025-10-24 03:13:07,202 - INFO - [20/100] | train_loss: 0.89081
2025-10-24 03:13:12,413 - INFO - [30/100] | train_loss: 0.66587
2025-10-24 03:13:17,636 - INFO - [40/100] | train_loss: 0.62167
2025-10-24 03:13:22,864 - INFO - [50/100] | train_loss: 0.61354
2025-10-24 03:13:28,117 - INFO - [60/100] | train_loss: 0.64144
2025-10-24 03:13:33,361 - INFO - [70/100] | train_loss: 0.63125
2025-10-24 03:13:38,619 - INFO - [80/100] | train_loss: 0.63844
2025-10-24 03:13:43,872 - INFO - [90/100] | train_loss: 0.64401
2025-10-24 03:13:48,940 - INFO - ----------
2025-10-24 03:13:48,940 - INFO - sample 108/192 | d1: tidb-tikv; level: tidb; fault_type: pod failure
2025-10-24 03:13:48,940 - INFO - sample 108/192 | predict d1: [('tidb-tikv', 2.590013754085348), ('tidb-tidb', 2.355150261052742), ('productcatalogservice', 1.6315996366541548), ('tidb-pd', 1.6303311132340816), ('productcatalogservice-0', 1.6298813095631317)]
2025-10-24 03:13:48,940 - INFO - sample 108/192 | predict d2: [('productcatalogservice/response', 1.2923071747501709), ('productcatalogservice/rrt', 1.2262846177708475), ('<intensity>; hipstershop.ProductCatalogService/GetProduct; type: downstream', 1.1933298500386407), ('tidb-tikv/store_size', 1.1895820198211382), ('productcatalogservice/rrt_max', 1.1793154024342591)]
2025-10-24 03:13:48,940 - INFO - ----------
2025-10-24 03:13:49,312 - INFO - [0/100] | train_loss: 0.16491
2025-10-24 03:13:54,640 - INFO - [10/100] | train_loss: 1.41815
2025-10-24 03:13:59,901 - INFO - [20/100] | train_loss: 1.06264
2025-10-24 03:14:05,124 - INFO - [30/100] | train_loss: 0.91545
2025-10-24 03:14:10,388 - INFO - [40/100] | train_loss: 0.92882
2025-10-24 03:14:15,631 - INFO - [50/100] | train_loss: 0.91425
2025-10-24 03:14:20,913 - INFO - [60/100] | train_loss: 0.93324
2025-10-24 03:14:26,156 - INFO - [70/100] | train_loss: 0.93747
2025-10-24 03:14:31,405 - INFO - [80/100] | train_loss: 0.93220
2025-10-24 03:14:36,568 - INFO - [90/100] | train_loss: 0.92489
2025-10-24 03:14:41,726 - INFO - [0/100] | train_loss: 0.10558
2025-10-24 03:14:46,961 - INFO - [10/100] | train_loss: 1.38702
2025-10-24 03:14:52,217 - INFO - [20/100] | train_loss: 0.85813
2025-10-24 03:14:57,461 - INFO - [30/100] | train_loss: 0.62011
2025-10-24 03:15:02,769 - INFO - [40/100] | train_loss: 0.52425
2025-10-24 03:15:08,017 - INFO - [50/100] | train_loss: 0.51432
2025-10-24 03:15:13,230 - INFO - [60/100] | train_loss: 0.49575
2025-10-24 03:15:18,494 - INFO - [70/100] | train_loss: 0.49022
2025-10-24 03:15:23,699 - INFO - [80/100] | train_loss: 0.50870
2025-10-24 03:15:28,983 - INFO - [90/100] | train_loss: 0.50686
2025-10-24 03:15:34,312 - INFO - [0/100] | train_loss: 0.11004
2025-10-24 03:15:39,586 - INFO - [10/100] | train_loss: 1.26191
2025-10-24 03:15:44,885 - INFO - [20/100] | train_loss: 0.82531
2025-10-24 03:15:50,169 - INFO - [30/100] | train_loss: 0.59119
2025-10-24 03:15:55,437 - INFO - [40/100] | train_loss: 0.52944
2025-10-24 03:16:00,769 - INFO - [50/100] | train_loss: 0.50947
2025-10-24 03:16:06,135 - INFO - [60/100] | train_loss: 0.49526
2025-10-24 03:16:11,385 - INFO - [70/100] | train_loss: 0.49006
2025-10-24 03:16:16,858 - INFO - [80/100] | train_loss: 0.49218
2025-10-24 03:16:22,036 - INFO - [90/100] | train_loss: 0.51290
2025-10-24 03:16:27,319 - INFO - [0/100] | train_loss: 0.13330
2025-10-24 03:16:32,560 - INFO - [10/100] | train_loss: 1.25646
2025-10-24 03:16:37,818 - INFO - [20/100] | train_loss: 0.83629
2025-10-24 03:16:43,314 - INFO - [30/100] | train_loss: 0.59283
2025-10-24 03:16:48,588 - INFO - [40/100] | train_loss: 0.52405
2025-10-24 03:16:53,825 - INFO - [50/100] | train_loss: 0.51358
2025-10-24 03:16:59,298 - INFO - [60/100] | train_loss: 0.49491
2025-10-24 03:17:04,615 - INFO - [70/100] | train_loss: 0.48399
2025-10-24 03:17:09,855 - INFO - [80/100] | train_loss: 0.48978
2025-10-24 03:17:15,084 - INFO - [90/100] | train_loss: 0.48801
2025-10-24 03:17:20,218 - INFO - ----------
2025-10-24 03:17:20,218 - INFO - sample 109/192 | d1: checkoutservice; level: service; fault_type: code error
2025-10-24 03:17:20,219 - INFO - sample 109/192 | predict d1: [('checkoutservice-2', 4.856700990689127), ('checkoutservice', 4.855256386237585), ('checkoutservice-1', 3.885412323960642), ('productcatalogservice', 3.861849708014546), ('cartservice', 3.852636803169432)]
2025-10-24 03:17:20,219 - INFO - sample 109/192 | predict d2: [('checkoutservice/server_error', 2.9746092256002896), ('checkoutservice/error', 2.8782059003368303), ('<intensity>; hipstershop.CheckoutService/PlaceOrder; type: upstream', 2.844762082112595), ('checkoutservice/rrt', 2.816297645369822), ('checkoutservice/request', 2.802954255707803)]
2025-10-24 03:17:20,219 - INFO - ----------
2025-10-24 03:17:20,679 - INFO - [0/100] | train_loss: 0.14917
2025-10-24 03:17:25,855 - INFO - [10/100] | train_loss: 1.44226
2025-10-24 03:17:31,234 - INFO - [20/100] | train_loss: 1.09295
2025-10-24 03:17:36,356 - INFO - [30/100] | train_loss: 0.94637
2025-10-24 03:17:41,369 - INFO - [40/100] | train_loss: 0.91722
2025-10-24 03:17:46,533 - INFO - [50/100] | train_loss: 0.91787
2025-10-24 03:17:51,664 - INFO - [60/100] | train_loss: 0.92213
2025-10-24 03:17:57,047 - INFO - [70/100] | train_loss: 0.92768
2025-10-24 03:18:02,238 - INFO - [80/100] | train_loss: 0.93632
2025-10-24 03:18:07,423 - INFO - [90/100] | train_loss: 0.92249
2025-10-24 03:18:12,610 - INFO - [0/100] | train_loss: 0.11256
2025-10-24 03:18:17,753 - INFO - [10/100] | train_loss: 1.25902
2025-10-24 03:18:23,079 - INFO - [20/100] | train_loss: 0.84087
2025-10-24 03:18:28,259 - INFO - [30/100] | train_loss: 0.60226
2025-10-24 03:18:33,462 - INFO - [40/100] | train_loss: 0.52901
2025-10-24 03:18:38,717 - INFO - [50/100] | train_loss: 0.51389
2025-10-24 03:18:43,982 - INFO - [60/100] | train_loss: 0.50757
2025-10-24 03:18:49,294 - INFO - [70/100] | train_loss: 0.50885
2025-10-24 03:18:54,493 - INFO - [80/100] | train_loss: 0.50218
2025-10-24 03:18:59,864 - INFO - [90/100] | train_loss: 0.50055
2025-10-24 03:19:05,063 - INFO - [0/100] | train_loss: 0.13056
2025-10-24 03:19:10,429 - INFO - [10/100] | train_loss: 1.27588
2025-10-24 03:19:15,660 - INFO - [20/100] | train_loss: 0.84930
2025-10-24 03:19:20,903 - INFO - [30/100] | train_loss: 0.60944
2025-10-24 03:19:26,291 - INFO - [40/100] | train_loss: 0.54615
2025-10-24 03:19:31,507 - INFO - [50/100] | train_loss: 0.54730
2025-10-24 03:19:36,707 - INFO - [60/100] | train_loss: 0.50565
2025-10-24 03:19:41,921 - INFO - [70/100] | train_loss: 0.53076
2025-10-24 03:19:47,179 - INFO - [80/100] | train_loss: 0.49910
2025-10-24 03:19:52,454 - INFO - [90/100] | train_loss: 0.50357
2025-10-24 03:19:57,840 - INFO - [0/100] | train_loss: 0.16140
2025-10-24 03:20:03,020 - INFO - [10/100] | train_loss: 1.28228
2025-10-24 03:20:08,432 - INFO - [20/100] | train_loss: 0.87778
2025-10-24 03:20:13,612 - INFO - [30/100] | train_loss: 0.63541
2025-10-24 03:20:18,826 - INFO - [40/100] | train_loss: 0.55945
2025-10-24 03:20:24,053 - INFO - [50/100] | train_loss: 0.54370
2025-10-24 03:20:29,225 - INFO - [60/100] | train_loss: 0.52705
2025-10-24 03:20:34,254 - INFO - [70/100] | train_loss: 0.51715
2025-10-24 03:20:39,558 - INFO - [80/100] | train_loss: 0.53300
2025-10-24 03:20:44,778 - INFO - [90/100] | train_loss: 0.51970
2025-10-24 03:20:49,830 - INFO - ----------
2025-10-24 03:20:49,830 - INFO - sample 110/192 | d1: checkoutservice; level: service; fault_type: network delay
2025-10-24 03:20:49,830 - INFO - sample 110/192 | predict d1: [('checkoutservice', 4.871913099688783), ('cartservice', 3.8647499835113166), ('checkoutservice-2', 2.9261472532927275), ('checkoutservice-0', 2.925429350975878), ('checkoutservice-1', 2.9237431292934084)]
2025-10-24 03:20:49,830 - INFO - sample 110/192 | predict d2: [('checkoutservice/request', 2.9850378668971516), ('checkoutservice/rrt', 2.9545665762816284), ('checkoutservice/rrt_max', 2.9451336314468755), ('<intensity>; hipstershop.CheckoutService/PlaceOrder; type: upstream', 2.9357648534268286), ('checkoutservice/server_error', 2.931131295822599)]
2025-10-24 03:20:49,830 - INFO - ----------
2025-10-24 03:20:50,191 - INFO - [0/100] | train_loss: 0.09634
2025-10-24 03:20:55,441 - INFO - [10/100] | train_loss: 1.35081
2025-10-24 03:21:00,877 - INFO - [20/100] | train_loss: 0.94132
2025-10-24 03:21:06,099 - INFO - [30/100] | train_loss: 0.71999
2025-10-24 03:21:11,342 - INFO - [40/100] | train_loss: 0.65518
2025-10-24 03:21:17,036 - INFO - [50/100] | train_loss: 0.67527
2025-10-24 03:21:22,537 - INFO - [60/100] | train_loss: 0.64665
2025-10-24 03:21:27,910 - INFO - [70/100] | train_loss: 0.66433
2025-10-24 03:21:33,455 - INFO - [80/100] | train_loss: 0.68037
2025-10-24 03:21:38,671 - INFO - [90/100] | train_loss: 0.66584
2025-10-24 03:21:43,888 - INFO - [0/100] | train_loss: 0.10517
2025-10-24 03:21:49,106 - INFO - [10/100] | train_loss: 1.36448
2025-10-24 03:21:54,298 - INFO - [20/100] | train_loss: 0.95336
2025-10-24 03:21:59,935 - INFO - [30/100] | train_loss: 0.74039
2025-10-24 03:22:05,167 - INFO - [40/100] | train_loss: 0.68767
2025-10-24 03:22:10,393 - INFO - [50/100] | train_loss: 0.67621
2025-10-24 03:22:15,663 - INFO - [60/100] | train_loss: 0.68148
2025-10-24 03:22:20,933 - INFO - [70/100] | train_loss: 0.69935
2025-10-24 03:22:26,172 - INFO - [80/100] | train_loss: 0.73513
2025-10-24 03:22:31,395 - INFO - [90/100] | train_loss: 0.70216
2025-10-24 03:22:36,620 - INFO - ----------
2025-10-24 03:22:36,620 - INFO - sample 111/192 | d1: tidb-tikv; level: tidb; fault_type: pod failure
2025-10-24 03:22:36,620 - INFO - sample 111/192 | predict d1: [('tidb-tikv', 2.6415763195375277), ('tidb-tidb', 2.4093279264117022), ('tidb-pd', 1.6663706605147723), ('productcatalogservice', 1.6663080843923872), ('adservice', 1.6656706853737653)]
2025-10-24 03:22:36,620 - INFO - sample 111/192 | predict d2: [('productcatalogservice/response', 1.4741507562837945), ('productcatalogservice/request', 1.3785720559123291), ('tidb-tikv/server_is_up', 1.3561670087101945), ('<intensity>; hipstershop.ProductCatalogService/GetProduct; type: downstream', 1.3386002621766444), ('productcatalogservice/rrt', 1.338137436683109)]
2025-10-24 03:22:36,620 - INFO - ----------
2025-10-24 03:22:36,977 - INFO - [0/100] | train_loss: 0.07161
2025-10-24 03:22:42,147 - INFO - [10/100] | train_loss: 0.80085
2025-10-24 03:22:47,295 - INFO - [20/100] | train_loss: 0.54184
2025-10-24 03:22:52,499 - INFO - [30/100] | train_loss: 0.37929
2025-10-24 03:22:57,669 - INFO - [40/100] | train_loss: 0.27494
2025-10-24 03:23:02,854 - INFO - [50/100] | train_loss: 0.19271
2025-10-24 03:23:08,269 - INFO - [60/100] | train_loss: 0.19233
2025-10-24 03:23:13,431 - INFO - [70/100] | train_loss: 0.17888
2025-10-24 03:23:18,649 - INFO - [80/100] | train_loss: 0.26527
2025-10-24 03:23:23,998 - INFO - [90/100] | train_loss: 0.16962
2025-10-24 03:23:29,204 - INFO - [0/100] | train_loss: 0.08952
2025-10-24 03:23:34,474 - INFO - [10/100] | train_loss: 0.78336
2025-10-24 03:23:39,699 - INFO - [20/100] | train_loss: 0.55597
2025-10-24 03:23:45,107 - INFO - [30/100] | train_loss: 0.41311
2025-10-24 03:23:50,377 - INFO - [40/100] | train_loss: 0.33086
2025-10-24 03:23:55,570 - INFO - [50/100] | train_loss: 0.34038
2025-10-24 03:24:01,031 - INFO - [60/100] | train_loss: 0.26134
2025-10-24 03:24:06,268 - INFO - [70/100] | train_loss: 0.23402
2025-10-24 03:24:11,733 - INFO - [80/100] | train_loss: 0.25834
2025-10-24 03:24:16,993 - INFO - [90/100] | train_loss: 0.21563
2025-10-24 03:24:22,414 - INFO - [0/100] | train_loss: 0.04432
2025-10-24 03:24:27,576 - INFO - [10/100] | train_loss: 1.27575
2025-10-24 03:24:33,015 - INFO - [20/100] | train_loss: 0.88236
2025-10-24 03:24:38,275 - INFO - [30/100] | train_loss: 0.68261
2025-10-24 03:24:43,485 - INFO - [40/100] | train_loss: 0.59978
2025-10-24 03:24:48,680 - INFO - [50/100] | train_loss: 0.59831
2025-10-24 03:24:53,869 - INFO - [60/100] | train_loss: 0.61446
2025-10-24 03:24:59,066 - INFO - [70/100] | train_loss: 0.61449
2025-10-24 03:25:04,462 - INFO - [80/100] | train_loss: 0.62429
2025-10-24 03:25:09,680 - INFO - [90/100] | train_loss: 0.62364
2025-10-24 03:25:14,839 - INFO - ----------
2025-10-24 03:25:14,839 - INFO - sample 112/192 | d1: aiops-k8s-01; level: node; fault_type: node cpu
2025-10-24 03:25:14,839 - INFO - sample 112/192 | predict d1: [('aiops-k8s-03', 1.1510090900602705), ('aiops-k8s-01', 1.056145773556949), ('productcatalogservice', 0.029647384037004176), ('frontend', 0.029647384037004176), ('adservice', 0.029647172020830226)]
2025-10-24 03:25:14,839 - INFO - sample 112/192 | predict d2: [('aiops-k8s-03/node_cpu_usage_rate', 0.43429495126580875), ('aiops-k8s-03/node_disk_write_time_seconds_total', 0.4298224246927269), ('aiops-k8s-03/node_disk_read_bytes_total', 0.4220652382734258), ('aiops-k8s-01/node_network_transmit_packets_total', 0.4156829329534375), ('aiops-k8s-01/node_cpu_usage_rate', 0.4076736239393455)]
2025-10-24 03:25:14,839 - INFO - ----------
2025-10-24 03:25:15,193 - INFO - [0/100] | train_loss: 0.09954
2025-10-24 03:25:20,348 - INFO - [10/100] | train_loss: 0.82247
2025-10-24 03:25:25,566 - INFO - [20/100] | train_loss: 0.58310
2025-10-24 03:25:30,941 - INFO - [30/100] | train_loss: 0.40785
2025-10-24 03:25:36,129 - INFO - [40/100] | train_loss: 0.29708
2025-10-24 03:25:41,365 - INFO - [50/100] | train_loss: 0.24847
2025-10-24 03:25:46,834 - INFO - [60/100] | train_loss: 0.22120
2025-10-24 03:25:52,049 - INFO - [70/100] | train_loss: 0.20739
2025-10-24 03:25:57,465 - INFO - [80/100] | train_loss: 0.20639
2025-10-24 03:26:02,737 - INFO - [90/100] | train_loss: 0.20009
2025-10-24 03:26:07,998 - INFO - [0/100] | train_loss: 0.06954
2025-10-24 03:26:13,393 - INFO - [10/100] | train_loss: 1.30083
2025-10-24 03:26:18,623 - INFO - [20/100] | train_loss: 0.91869
2025-10-24 03:26:23,814 - INFO - [30/100] | train_loss: 0.70194
2025-10-24 03:26:28,861 - INFO - [40/100] | train_loss: 0.63716
2025-10-24 03:26:33,918 - INFO - [50/100] | train_loss: 0.65284
2025-10-24 03:26:38,959 - INFO - [60/100] | train_loss: 0.63870
2025-10-24 03:26:44,030 - INFO - [70/100] | train_loss: 0.64265
2025-10-24 03:26:49,072 - INFO - [80/100] | train_loss: 0.65266
2025-10-24 03:26:54,351 - INFO - [90/100] | train_loss: 0.65891
2025-10-24 03:26:59,292 - INFO - ----------
2025-10-24 03:26:59,292 - INFO - sample 113/192 | d1: aiops-k8s-08; level: node; fault_type: node memory
2025-10-24 03:26:59,292 - INFO - sample 113/192 | predict d1: [('aiops-k8s-08', 1.9818635909909972), ('adservice', 0.12486806017760799), ('productcatalogservice', 0.12486549673753977), ('productcatalogservice-0', 0.12486549673753977), ('adservice-2', 0.1248577294371529)]
2025-10-24 03:26:59,292 - INFO - sample 113/192 | predict d2: [('aiops-k8s-08/node_disk_write_time_seconds_total', 0.7569568357174603), ('aiops-k8s-08/node_cpu_usage_rate', 0.7321083501209387), ('aiops-k8s-08/node_filesystem_usage_rate', 0.689760559418346), ('aiops-k8s-08/node_disk_written_bytes_total', 0.6794626679933344), ('aiops-k8s-08/node_memory_MemAvailable_bytes', 0.6745564904896924)]
2025-10-24 03:26:59,292 - INFO - ----------
2025-10-24 03:26:59,637 - INFO - [0/100] | train_loss: 0.14350
2025-10-24 03:27:04,631 - INFO - [10/100] | train_loss: 0.85201
2025-10-24 03:27:09,700 - INFO - [20/100] | train_loss: 0.60943
2025-10-24 03:27:14,871 - INFO - [30/100] | train_loss: 0.42090
2025-10-24 03:27:20,109 - INFO - [40/100] | train_loss: 0.35609
2025-10-24 03:27:25,551 - INFO - [50/100] | train_loss: 0.29500
2025-10-24 03:27:30,779 - INFO - [60/100] | train_loss: 0.25134
2025-10-24 03:27:36,183 - INFO - [70/100] | train_loss: 0.24123
2025-10-24 03:27:41,501 - INFO - [80/100] | train_loss: 0.25182
2025-10-24 03:27:46,816 - INFO - [90/100] | train_loss: 0.23949
2025-10-24 03:27:52,110 - INFO - [0/100] | train_loss: 0.08819
2025-10-24 03:27:57,360 - INFO - [10/100] | train_loss: 1.30944
2025-10-24 03:28:02,779 - INFO - [20/100] | train_loss: 0.90109
2025-10-24 03:28:08,077 - INFO - [30/100] | train_loss: 0.67794
2025-10-24 03:28:13,361 - INFO - [40/100] | train_loss: 0.63419
2025-10-24 03:28:18,656 - INFO - [50/100] | train_loss: 0.61444
2025-10-24 03:28:23,938 - INFO - [60/100] | train_loss: 0.61694
2025-10-24 03:28:29,527 - INFO - [70/100] | train_loss: 0.62144
2025-10-24 03:28:34,789 - INFO - [80/100] | train_loss: 0.62915
2025-10-24 03:28:40,004 - INFO - [90/100] | train_loss: 0.63733
2025-10-24 03:28:45,243 - INFO - [0/100] | train_loss: 0.08530
2025-10-24 03:28:50,461 - INFO - [10/100] | train_loss: 1.31923
2025-10-24 03:28:55,903 - INFO - [20/100] | train_loss: 0.91796
2025-10-24 03:29:01,121 - INFO - [30/100] | train_loss: 0.70057
2025-10-24 03:29:06,327 - INFO - [40/100] | train_loss: 0.64852
2025-10-24 03:29:11,619 - INFO - [50/100] | train_loss: 0.67675
2025-10-24 03:29:16,931 - INFO - [60/100] | train_loss: 0.66072
2025-10-24 03:29:22,230 - INFO - [70/100] | train_loss: 0.67584
2025-10-24 03:29:27,525 - INFO - [80/100] | train_loss: 0.67839
2025-10-24 03:29:33,212 - INFO - [90/100] | train_loss: 0.68836
2025-10-24 03:29:38,485 - INFO - [0/100] | train_loss: 0.08728
2025-10-24 03:29:43,692 - INFO - [10/100] | train_loss: 1.31699
2025-10-24 03:29:48,999 - INFO - [20/100] | train_loss: 0.95126
2025-10-24 03:29:54,360 - INFO - [30/100] | train_loss: 0.71073
2025-10-24 03:29:59,582 - INFO - [40/100] | train_loss: 0.64323
2025-10-24 03:30:04,698 - INFO - [50/100] | train_loss: 0.66299
2025-10-24 03:30:09,902 - INFO - [60/100] | train_loss: 0.61811
2025-10-24 03:30:15,140 - INFO - [70/100] | train_loss: 0.64162
2025-10-24 03:30:20,357 - INFO - [80/100] | train_loss: 0.63394
2025-10-24 03:30:25,547 - INFO - [90/100] | train_loss: 0.63447
2025-10-24 03:30:30,583 - INFO - ----------
2025-10-24 03:30:30,583 - INFO - sample 114/192 | d1: tidb-tikv; level: tidb; fault_type: pod failure
2025-10-24 03:30:30,583 - INFO - sample 114/192 | predict d1: [('tidb-tikv', 3.605147497859946), ('tidb-tidb', 3.587267046572169), ('tidb-pd', 3.327088786135917), ('productcatalogservice', 2.6097643941498028), ('adservice', 2.6087775642017768)]
2025-10-24 03:30:30,583 - INFO - sample 114/192 | predict d2: [('productcatalogservice/response', 2.131994568568384), ('tidb-tikv/server_is_up', 1.9198871697895221), ('<intensity>; /hipstershop.ProductCatalogService/ListProducts; type: downstream', 1.9163500618792), ('<intensity>; hipstershop.ProductCatalogService/GetProduct; type: current', 1.9128935269872827), ('productcatalogservice/rrt_max', 1.9019344790458454)]
2025-10-24 03:30:30,583 - INFO - ----------
2025-10-24 03:30:30,944 - INFO - [0/100] | train_loss: 0.11683
2025-10-24 03:30:36,111 - INFO - [10/100] | train_loss: 1.36773
2025-10-24 03:30:41,289 - INFO - [20/100] | train_loss: 0.98273
2025-10-24 03:30:46,481 - INFO - [30/100] | train_loss: 0.75359
2025-10-24 03:30:51,737 - INFO - [40/100] | train_loss: 0.71565
2025-10-24 03:30:56,965 - INFO - [50/100] | train_loss: 0.73371
2025-10-24 03:31:02,201 - INFO - [60/100] | train_loss: 0.70906
2025-10-24 03:31:07,385 - INFO - [70/100] | train_loss: 0.70356
2025-10-24 03:31:12,602 - INFO - [80/100] | train_loss: 0.71153
2025-10-24 03:31:17,786 - INFO - [90/100] | train_loss: 0.71703
2025-10-24 03:31:22,797 - INFO - ----------
2025-10-24 03:31:22,797 - INFO - sample 115/192 | d1: cartservice; level: service; fault_type: cpu stress
2025-10-24 03:31:22,797 - INFO - sample 115/192 | predict d1: [('tidb-tikv', 1.5918283086699034), ('tidb-pd', 0.7826396002828915), ('productcatalogservice', 0.7825840314735615), ('productcatalogservice-1', 0.7825840314735615), ('tidb-tidb', 0.7825713451915703)]
2025-10-24 03:31:22,797 - INFO - sample 115/192 | predict d2: [('productcatalogservice/rrt_max', 0.6137531094997826), ('productcatalogservice/client_error_ratio', 0.6068013163895216), ('productcatalogservice/client_error', 0.6067265975651708), ('tidb-pd/memory_usage', 0.6058356153801583), ('tidb-tikv/qps', 0.5970620625286074)]
2025-10-24 03:31:22,797 - INFO - ----------
2025-10-24 03:31:23,157 - INFO - [0/100] | train_loss: 0.11734
2025-10-24 03:31:28,287 - INFO - [10/100] | train_loss: 1.43602
2025-10-24 03:31:33,524 - INFO - [20/100] | train_loss: 1.13899
2025-10-24 03:31:38,730 - INFO - [30/100] | train_loss: 0.99663
2025-10-24 03:31:43,962 - INFO - [40/100] | train_loss: 0.98916
2025-10-24 03:31:49,153 - INFO - [50/100] | train_loss: 0.96114
2025-10-24 03:31:54,418 - INFO - [60/100] | train_loss: 0.94897
2025-10-24 03:31:59,626 - INFO - [70/100] | train_loss: 0.94953
2025-10-24 03:32:04,841 - INFO - [80/100] | train_loss: 0.93709
2025-10-24 03:32:10,093 - INFO - [90/100] | train_loss: 0.95749
2025-10-24 03:32:15,304 - INFO - [0/100] | train_loss: 0.13784
2025-10-24 03:32:20,498 - INFO - [10/100] | train_loss: 1.28731
2025-10-24 03:32:25,725 - INFO - [20/100] | train_loss: 0.88743
2025-10-24 03:32:31,135 - INFO - [30/100] | train_loss: 0.62853
2025-10-24 03:32:36,332 - INFO - [40/100] | train_loss: 0.55473
2025-10-24 03:32:41,762 - INFO - [50/100] | train_loss: 0.54123
2025-10-24 03:32:46,965 - INFO - [60/100] | train_loss: 0.52487
2025-10-24 03:32:52,429 - INFO - [70/100] | train_loss: 0.51631
2025-10-24 03:32:57,575 - INFO - [80/100] | train_loss: 0.51728
2025-10-24 03:33:02,606 - INFO - [90/100] | train_loss: 0.52334
2025-10-24 03:33:07,754 - INFO - [0/100] | train_loss: 0.10816
2025-10-24 03:33:12,912 - INFO - [10/100] | train_loss: 1.32060
2025-10-24 03:33:18,089 - INFO - [20/100] | train_loss: 0.86755
2025-10-24 03:33:23,408 - INFO - [30/100] | train_loss: 0.62522
2025-10-24 03:33:28,721 - INFO - [40/100] | train_loss: 0.55497
2025-10-24 03:33:33,930 - INFO - [50/100] | train_loss: 0.54245
2025-10-24 03:33:39,339 - INFO - [60/100] | train_loss: 0.53016
2025-10-24 03:33:44,660 - INFO - [70/100] | train_loss: 0.52125
2025-10-24 03:33:49,975 - INFO - [80/100] | train_loss: 0.52188
2025-10-24 03:33:55,313 - INFO - [90/100] | train_loss: 0.52372
2025-10-24 03:34:00,606 - INFO - [0/100] | train_loss: 0.11876
2025-10-24 03:34:06,073 - INFO - [10/100] | train_loss: 1.30835
2025-10-24 03:34:11,417 - INFO - [20/100] | train_loss: 0.97163
2025-10-24 03:34:16,795 - INFO - [30/100] | train_loss: 0.78640
2025-10-24 03:34:22,135 - INFO - [40/100] | train_loss: 0.66524
2025-10-24 03:34:27,433 - INFO - [50/100] | train_loss: 0.61533
2025-10-24 03:34:32,853 - INFO - [60/100] | train_loss: 0.60731
2025-10-24 03:34:38,153 - INFO - [70/100] | train_loss: 0.56294
2025-10-24 03:34:43,369 - INFO - [80/100] | train_loss: 0.58714
2025-10-24 03:34:48,585 - INFO - [90/100] | train_loss: 0.56852
2025-10-24 03:34:53,613 - INFO - ----------
2025-10-24 03:34:53,614 - INFO - sample 116/192 | d1: checkoutservice; level: service; fault_type: network loss
2025-10-24 03:34:53,614 - INFO - sample 116/192 | predict d1: [('checkoutservice', 4.87329472655081), ('checkoutservice-1', 3.898384845848132), ('cartservice', 3.862948476478021), ('checkoutservice-0', 2.9308878256292235), ('checkoutservice-2', 2.929039229546226)]
2025-10-24 03:34:53,614 - INFO - sample 116/192 | predict d2: [('checkoutservice/rrt_max', 3.2798642764944006), ('checkoutservice/timeout', 3.2009764559715457), ('checkoutservice/rrt', 3.0407120205578764), ('checkoutservice/request', 3.0244522710918282), ('<intensity>; hipstershop.CheckoutService/PlaceOrder; type: upstream', 2.9546628238264105)]
2025-10-24 03:34:53,614 - INFO - ----------
2025-10-24 03:34:54,019 - INFO - [0/100] | train_loss: 0.08794
2025-10-24 03:34:59,527 - INFO - [10/100] | train_loss: 1.33722
2025-10-24 03:35:05,027 - INFO - [20/100] | train_loss: 0.95045
2025-10-24 03:35:10,277 - INFO - [30/100] | train_loss: 0.69143
2025-10-24 03:35:15,549 - INFO - [40/100] | train_loss: 0.63866
2025-10-24 03:35:21,091 - INFO - [50/100] | train_loss: 0.62615
2025-10-24 03:35:26,448 - INFO - [60/100] | train_loss: 0.62820
2025-10-24 03:35:31,818 - INFO - [70/100] | train_loss: 0.63278
2025-10-24 03:35:37,161 - INFO - [80/100] | train_loss: 0.66973
2025-10-24 03:35:42,435 - INFO - [90/100] | train_loss: 0.65101
2025-10-24 03:35:47,740 - INFO - [0/100] | train_loss: 0.09691
2025-10-24 03:35:52,939 - INFO - [10/100] | train_loss: 1.34538
2025-10-24 03:35:57,958 - INFO - [20/100] | train_loss: 0.94291
2025-10-24 03:36:03,120 - INFO - [30/100] | train_loss: 0.72228
2025-10-24 03:36:08,379 - INFO - [40/100] | train_loss: 0.68885
2025-10-24 03:36:13,621 - INFO - [50/100] | train_loss: 0.65798
2025-10-24 03:36:18,871 - INFO - [60/100] | train_loss: 0.66468
2025-10-24 03:36:24,090 - INFO - [70/100] | train_loss: 0.66493
2025-10-24 03:36:29,307 - INFO - [80/100] | train_loss: 0.66801
2025-10-24 03:36:34,652 - INFO - [90/100] | train_loss: 0.68421
2025-10-24 03:36:39,903 - INFO - [0/100] | train_loss: 0.07809
2025-10-24 03:36:45,100 - INFO - [10/100] | train_loss: 1.33726
2025-10-24 03:36:50,308 - INFO - [20/100] | train_loss: 0.92692
2025-10-24 03:36:55,489 - INFO - [30/100] | train_loss: 0.70757
2025-10-24 03:37:00,670 - INFO - [40/100] | train_loss: 0.70324
2025-10-24 03:37:05,875 - INFO - [50/100] | train_loss: 0.63847
2025-10-24 03:37:11,349 - INFO - [60/100] | train_loss: 0.62790
2025-10-24 03:37:16,744 - INFO - [70/100] | train_loss: 0.63111
2025-10-24 03:37:21,934 - INFO - [80/100] | train_loss: 0.64543
2025-10-24 03:37:27,304 - INFO - [90/100] | train_loss: 0.63796
2025-10-24 03:37:32,317 - INFO - ----------
2025-10-24 03:37:32,317 - INFO - sample 117/192 | d1: tidb-tikv; level: tidb; fault_type: pod failure
2025-10-24 03:37:32,317 - INFO - sample 117/192 | predict d1: [('tidb-tikv', 3.10389830695096), ('tidb-pd', 2.6456743302918824), ('tidb-tidb', 2.33934408084698), ('adservice', 2.127538572437846), ('productcatalogservice', 2.1273041681443203)]
2025-10-24 03:37:32,317 - INFO - sample 117/192 | predict d2: [('productcatalogservice/response', 1.7852027102702372), ('<intensity>; hipstershop.ProductCatalogService/GetProduct; type: downstream', 1.6932914314680616), ('<intensity>; /hipstershop.ProductCatalogService/ListProducts; type: downstream', 1.621111366263957), ('productcatalogservice/request', 1.6008190992044113), ('productcatalogservice/rrt', 1.5553157688477341)]
2025-10-24 03:37:32,317 - INFO - ----------
2025-10-24 03:37:32,679 - INFO - [0/100] | train_loss: 0.16518
2025-10-24 03:37:37,867 - INFO - [10/100] | train_loss: 0.90733
2025-10-24 03:37:43,026 - INFO - [20/100] | train_loss: 0.70084
2025-10-24 03:37:48,348 - INFO - [30/100] | train_loss: 0.46556
2025-10-24 03:37:53,539 - INFO - [40/100] | train_loss: 0.35708
2025-10-24 03:37:58,684 - INFO - [50/100] | train_loss: 0.28204
2025-10-24 03:38:04,037 - INFO - [60/100] | train_loss: 0.23858
2025-10-24 03:38:09,208 - INFO - [70/100] | train_loss: 0.25720
2025-10-24 03:38:14,498 - INFO - [80/100] | train_loss: 0.21718
2025-10-24 03:38:19,699 - INFO - [90/100] | train_loss: 0.21731
2025-10-24 03:38:24,855 - INFO - [0/100] | train_loss: 0.17054
2025-10-24 03:38:30,005 - INFO - [10/100] | train_loss: 1.44492
2025-10-24 03:38:35,235 - INFO - [20/100] | train_loss: 1.13043
2025-10-24 03:38:40,407 - INFO - [30/100] | train_loss: 0.96140
2025-10-24 03:38:45,821 - INFO - [40/100] | train_loss: 0.96466
2025-10-24 03:38:50,984 - INFO - [50/100] | train_loss: 0.94713
2025-10-24 03:38:56,115 - INFO - [60/100] | train_loss: 0.94586
2025-10-24 03:39:01,327 - INFO - [70/100] | train_loss: 0.95553
2025-10-24 03:39:06,864 - INFO - [80/100] | train_loss: 0.97320
2025-10-24 03:39:12,133 - INFO - [90/100] | train_loss: 0.95710
2025-10-24 03:39:17,648 - INFO - [0/100] | train_loss: 0.17276
2025-10-24 03:39:22,902 - INFO - [10/100] | train_loss: 1.29281
2025-10-24 03:39:28,115 - INFO - [20/100] | train_loss: 0.87803
2025-10-24 03:39:33,579 - INFO - [30/100] | train_loss: 0.69825
2025-10-24 03:39:38,810 - INFO - [40/100] | train_loss: 0.58658
2025-10-24 03:39:44,120 - INFO - [50/100] | train_loss: 0.60709
2025-10-24 03:39:49,409 - INFO - [60/100] | train_loss: 0.59942
2025-10-24 03:39:54,675 - INFO - [70/100] | train_loss: 0.57506
2025-10-24 03:40:00,054 - INFO - [80/100] | train_loss: 0.55692
2025-10-24 03:40:05,260 - INFO - [90/100] | train_loss: 0.56462
2025-10-24 03:40:10,476 - INFO - [0/100] | train_loss: 0.16979
2025-10-24 03:40:15,744 - INFO - [10/100] | train_loss: 1.36131
2025-10-24 03:40:21,051 - INFO - [20/100] | train_loss: 0.91312
2025-10-24 03:40:26,305 - INFO - [30/100] | train_loss: 0.66845
2025-10-24 03:40:31,519 - INFO - [40/100] | train_loss: 0.60956
2025-10-24 03:40:36,776 - INFO - [50/100] | train_loss: 0.57797
2025-10-24 03:40:42,083 - INFO - [60/100] | train_loss: 0.57130
2025-10-24 03:40:47,387 - INFO - [70/100] | train_loss: 0.54820
2025-10-24 03:40:52,657 - INFO - [80/100] | train_loss: 0.54803
2025-10-24 03:40:57,944 - INFO - [90/100] | train_loss: 0.57600
2025-10-24 03:41:03,176 - INFO - [0/100] | train_loss: 0.19688
2025-10-24 03:41:08,377 - INFO - [10/100] | train_loss: 1.32622
2025-10-24 03:41:13,627 - INFO - [20/100] | train_loss: 0.92712
2025-10-24 03:41:18,834 - INFO - [30/100] | train_loss: 0.68364
2025-10-24 03:41:24,043 - INFO - [40/100] | train_loss: 0.61234
2025-10-24 03:41:29,227 - INFO - [50/100] | train_loss: 0.59270
2025-10-24 03:41:34,400 - INFO - [60/100] | train_loss: 0.57173
2025-10-24 03:41:39,588 - INFO - [70/100] | train_loss: 0.56118
2025-10-24 03:41:44,689 - INFO - [80/100] | train_loss: 0.56073
2025-10-24 03:41:49,724 - INFO - [90/100] | train_loss: 0.56219
2025-10-24 03:41:54,598 - INFO - ----------
2025-10-24 03:41:54,598 - INFO - sample 118/192 | d1: checkoutservice; level: service; fault_type: network loss
2025-10-24 03:41:54,598 - INFO - sample 118/192 | predict d1: [('checkoutservice', 4.801940161153205), ('checkoutservice-1', 3.8406120683102403), ('cartservice', 3.7909956469073336), ('checkoutservice-0', 2.893753965458664), ('checkoutservice-2', 2.882788503149267)]
2025-10-24 03:41:54,598 - INFO - sample 118/192 | predict d2: [('checkoutservice/rrt', 3.2752503937906177), ('checkoutservice/rrt_max', 3.121967593301207), ('checkoutservice/request', 3.020932700549931), ('checkoutservice/response', 2.9126283565927977), ('<intensity>; hipstershop.CheckoutService/PlaceOrder; type: upstream', 2.8792838605508315)]
2025-10-24 03:41:54,598 - INFO - ----------
2025-10-24 03:41:54,949 - INFO - [0/100] | train_loss: 0.06814
2025-10-24 03:41:59,985 - INFO - [10/100] | train_loss: 1.31138
2025-10-24 03:42:05,010 - INFO - [20/100] | train_loss: 0.92776
2025-10-24 03:42:10,058 - INFO - [30/100] | train_loss: 0.68503
2025-10-24 03:42:15,271 - INFO - [40/100] | train_loss: 0.69046
2025-10-24 03:42:20,548 - INFO - [50/100] | train_loss: 0.66714
2025-10-24 03:42:25,719 - INFO - [60/100] | train_loss: 0.67927
2025-10-24 03:42:30,795 - INFO - [70/100] | train_loss: 0.64701
2025-10-24 03:42:36,069 - INFO - [80/100] | train_loss: 0.64528
2025-10-24 03:42:41,248 - INFO - [90/100] | train_loss: 0.64182
2025-10-24 03:42:46,505 - INFO - [0/100] | train_loss: 0.05384
2025-10-24 03:42:51,721 - INFO - [10/100] | train_loss: 1.30639
2025-10-24 03:42:56,949 - INFO - [20/100] | train_loss: 0.91405
2025-10-24 03:43:02,198 - INFO - [30/100] | train_loss: 0.67175
2025-10-24 03:43:07,424 - INFO - [40/100] | train_loss: 0.61394
2025-10-24 03:43:12,622 - INFO - [50/100] | train_loss: 0.62685
2025-10-24 03:43:17,869 - INFO - [60/100] | train_loss: 0.61551
2025-10-24 03:43:23,082 - INFO - [70/100] | train_loss: 0.63819
2025-10-24 03:43:28,318 - INFO - [80/100] | train_loss: 0.65521
2025-10-24 03:43:33,682 - INFO - [90/100] | train_loss: 0.63186
2025-10-24 03:43:38,789 - INFO - ----------
2025-10-24 03:43:38,790 - INFO - sample 119/192 | d1: frontend; level: service; fault_type: network loss
2025-10-24 03:43:38,790 - INFO - sample 119/192 | predict d1: [('tidb-tikv', 2.2472771203793194), ('tidb-tidb', 1.8912288196378277), ('productcatalogservice', 1.3648956017366913), ('adservice', 1.364709939031897), ('tidb-pd', 1.364709939031897)]
2025-10-24 03:43:38,790 - INFO - sample 119/192 | predict d2: [('tidb-tikv/server_is_up', 0.974259909551197), ('<duration>; hipstershop.ProductCatalogService/ListProducts; type: downstream', 0.9705831499173847), ('productcatalogservice/rrt_max', 0.9615094936775428), ('<intensity>; hipstershop.ProductCatalogService/ListProducts; type: downstream', 0.9415951155314985), ('productcatalogservice/timeout', 0.9339130278918244)]
2025-10-24 03:43:38,790 - INFO - ----------
2025-10-24 03:43:39,154 - INFO - [0/100] | train_loss: 0.07619
2025-10-24 03:43:44,410 - INFO - [10/100] | train_loss: 1.33473
2025-10-24 03:43:49,861 - INFO - [20/100] | train_loss: 0.94922
2025-10-24 03:43:55,178 - INFO - [30/100] | train_loss: 0.72504
2025-10-24 03:44:00,444 - INFO - [40/100] | train_loss: 0.67619
2025-10-24 03:44:05,730 - INFO - [50/100] | train_loss: 0.65925
2025-10-24 03:44:10,986 - INFO - [60/100] | train_loss: 0.66597
2025-10-24 03:44:16,384 - INFO - [70/100] | train_loss: 0.67392
2025-10-24 03:44:21,614 - INFO - [80/100] | train_loss: 0.68227
2025-10-24 03:44:26,807 - INFO - [90/100] | train_loss: 0.68114
2025-10-24 03:44:31,896 - INFO - ----------
2025-10-24 03:44:31,896 - INFO - sample 120/192 | d1: tidb-tikv; level: tidb; fault_type: pod failure
2025-10-24 03:44:31,896 - INFO - sample 120/192 | predict d1: [('tidb-tikv', 1.5304750976314914), ('productcatalogservice', 0.7525509463618079), ('adservice', 0.7523923154185468), ('adservice-2', 0.7523923154185468), ('frontend', 0.7523811370392117)]
2025-10-24 03:44:31,896 - INFO - sample 120/192 | predict d2: [('tidb-tikv/memory_usage', 0.6332370534545255), ('tidb-tikv/server_is_up', 0.6270394538212756), ('productcatalogservice/response', 0.6100563415457749), ('productcatalogservice/rrt', 0.5909435392820193), ('<intensity>; hipstershop.ProductCatalogService/ListProducts; type: downstream', 0.5818730033930244)]
2025-10-24 03:44:31,896 - INFO - ----------
2025-10-24 03:44:32,251 - INFO - [0/100] | train_loss: 0.06038
2025-10-24 03:44:37,475 - INFO - [10/100] | train_loss: 1.31903
2025-10-24 03:44:42,832 - INFO - [20/100] | train_loss: 0.94773
2025-10-24 03:44:48,081 - INFO - [30/100] | train_loss: 0.69057
2025-10-24 03:44:53,528 - INFO - [40/100] | train_loss: 0.63697
2025-10-24 03:44:58,735 - INFO - [50/100] | train_loss: 0.65519
2025-10-24 03:45:03,917 - INFO - [60/100] | train_loss: 0.68920
2025-10-24 03:45:09,099 - INFO - [70/100] | train_loss: 0.65572
2025-10-24 03:45:14,283 - INFO - [80/100] | train_loss: 0.65776
2025-10-24 03:45:19,579 - INFO - [90/100] | train_loss: 0.65875
2025-10-24 03:45:24,493 - INFO - ----------
2025-10-24 03:45:24,493 - INFO - sample 121/192 | d1: paymentservice; level: service; fault_type: cpu stress
2025-10-24 03:45:24,494 - INFO - sample 121/192 | predict d1: [('tidb-tikv', 1.2906212305171891), ('tidb-pd', 0.634472086451666), ('productcatalogservice', 0.634472086451666), ('frontend', 0.6344677838804955), ('adservice', 0.6344649285378097)]
2025-10-24 03:45:24,494 - INFO - sample 121/192 | predict d2: [('productcatalogservice/client_error_ratio', 0.5225671387078137), ('productcatalogservice/request', 0.5021289869053476), ('<intensity>; hipstershop.ProductCatalogService/ListProducts; type: downstream', 0.49303073079401827), ('productcatalogservice/rrt_max', 0.48843370729836977), ('tidb-tikv/server_is_up', 0.4800827686850653)]
2025-10-24 03:45:24,494 - INFO - ----------
2025-10-24 03:45:24,853 - INFO - [0/100] | train_loss: 0.02437
2025-10-24 03:45:30,051 - INFO - [10/100] | train_loss: 1.26000
2025-10-24 03:45:35,298 - INFO - [20/100] | train_loss: 0.85329
2025-10-24 03:45:40,541 - INFO - [30/100] | train_loss: 0.61660
2025-10-24 03:45:45,875 - INFO - [40/100] | train_loss: 0.56144
2025-10-24 03:45:51,078 - INFO - [50/100] | train_loss: 0.56161
2025-10-24 03:45:56,273 - INFO - [60/100] | train_loss: 0.56326
2025-10-24 03:46:01,723 - INFO - [70/100] | train_loss: 0.56936
2025-10-24 03:46:07,026 - INFO - [80/100] | train_loss: 0.57735
2025-10-24 03:46:12,517 - INFO - [90/100] | train_loss: 0.57913
2025-10-24 03:46:17,786 - INFO - [0/100] | train_loss: 0.04205
2025-10-24 03:46:23,196 - INFO - [10/100] | train_loss: 1.27997
2025-10-24 03:46:28,500 - INFO - [20/100] | train_loss: 0.87757
2025-10-24 03:46:33,757 - INFO - [30/100] | train_loss: 0.64149
2025-10-24 03:46:39,020 - INFO - [40/100] | train_loss: 0.57570
2025-10-24 03:46:44,280 - INFO - [50/100] | train_loss: 0.57420
2025-10-24 03:46:49,695 - INFO - [60/100] | train_loss: 0.58099
2025-10-24 03:46:54,942 - INFO - [70/100] | train_loss: 0.59063
2025-10-24 03:47:00,169 - INFO - [80/100] | train_loss: 0.59599
2025-10-24 03:47:05,633 - INFO - [90/100] | train_loss: 0.59975
2025-10-24 03:47:10,881 - INFO - [0/100] | train_loss: 0.08003
2025-10-24 03:47:16,291 - INFO - [10/100] | train_loss: 1.29813
2025-10-24 03:47:21,497 - INFO - [20/100] | train_loss: 0.92135
2025-10-24 03:47:26,728 - INFO - [30/100] | train_loss: 0.71804
2025-10-24 03:47:31,915 - INFO - [40/100] | train_loss: 0.63990
2025-10-24 03:47:37,099 - INFO - [50/100] | train_loss: 0.64101
2025-10-24 03:47:42,300 - INFO - [60/100] | train_loss: 0.63896
2025-10-24 03:47:47,459 - INFO - [70/100] | train_loss: 0.62446
2025-10-24 03:47:52,649 - INFO - [80/100] | train_loss: 0.66161
2025-10-24 03:47:57,843 - INFO - [90/100] | train_loss: 0.63735
2025-10-24 03:48:02,879 - INFO - ----------
2025-10-24 03:48:02,879 - INFO - sample 122/192 | d1: tidb-tikv; level: tidb; fault_type: io fault
2025-10-24 03:48:02,879 - INFO - sample 122/192 | predict d1: [('tidb-tikv', 3.5651648355029373), ('tidb-pd', 3.236074026503026), ('tidb-tidb', 2.9100063467491486), ('productcatalogservice', 2.5654801061507975), ('productcatalogservice-1', 1.6426168936958272)]
2025-10-24 03:48:02,879 - INFO - sample 122/192 | predict d2: [('productcatalogservice/rrt_max', 2.0353401174146377), ('<duration>; hipstershop.ProductCatalogService/ListProducts; type: downstream', 1.685286321762696), ('productcatalogservice/rrt', 1.6051261190065915), ('tidb-tikv/server_is_up', 1.5378681087525141), ('<duration>; hipstershop.ProductCatalogService/GetProduct; type: downstream', 1.5207009370595905)]
2025-10-24 03:48:02,879 - INFO - ----------
2025-10-24 03:48:03,248 - INFO - [0/100] | train_loss: 0.04131
2025-10-24 03:48:08,408 - INFO - [10/100] | train_loss: 0.68896
2025-10-24 03:48:13,704 - INFO - [20/100] | train_loss: 0.45849
2025-10-24 03:48:18,730 - INFO - [30/100] | train_loss: 0.31443
2025-10-24 03:48:23,911 - INFO - [40/100] | train_loss: 0.24651
2025-10-24 03:48:29,276 - INFO - [50/100] | train_loss: 0.21978
2025-10-24 03:48:34,477 - INFO - [60/100] | train_loss: 0.19500
2025-10-24 03:48:39,695 - INFO - [70/100] | train_loss: 0.18230
2025-10-24 03:48:44,896 - INFO - [80/100] | train_loss: 0.17606
2025-10-24 03:48:50,093 - INFO - [90/100] | train_loss: 0.20642
2025-10-24 03:48:55,539 - INFO - [0/100] | train_loss: 0.07770
2025-10-24 03:49:00,848 - INFO - [10/100] | train_loss: 1.31560
2025-10-24 03:49:06,064 - INFO - [20/100] | train_loss: 0.92530
2025-10-24 03:49:11,454 - INFO - [30/100] | train_loss: 0.70347
2025-10-24 03:49:16,752 - INFO - [40/100] | train_loss: 0.64493
2025-10-24 03:49:22,037 - INFO - [50/100] | train_loss: 0.65159
2025-10-24 03:49:27,264 - INFO - [60/100] | train_loss: 0.64305
2025-10-24 03:49:32,563 - INFO - [70/100] | train_loss: 0.64499
2025-10-24 03:49:37,861 - INFO - [80/100] | train_loss: 0.65098
2025-10-24 03:49:43,322 - INFO - [90/100] | train_loss: 0.65732
2025-10-24 03:49:48,380 - INFO - ----------
2025-10-24 03:49:48,380 - INFO - sample 123/192 | d1: cartservice; level: service; fault_type: code error
2025-10-24 03:49:48,380 - INFO - sample 123/192 | predict d1: [('aiops-k8s-08', 1.9056299095696474), ('productcatalogservice', 0.23956067238153178), ('productcatalogservice-0', 0.23956067238153178), ('adservice', 0.2395494629038204), ('adservice-0', 0.2395494629038204)]
2025-10-24 03:49:48,380 - INFO - sample 123/192 | predict d2: [('aiops-k8s-08/node_network_transmit_bytes_total', 0.8654075568170683), ('aiops-k8s-08/node_disk_read_bytes_total', 0.7360086158373704), ('aiops-k8s-08/node_disk_written_bytes_total', 0.7262314485323031), ('aiops-k8s-08/node_disk_read_time_seconds_total', 0.7199262533782012), ('aiops-k8s-08/node_cpu_usage_rate', 0.665303618011059)]
2025-10-24 03:49:48,380 - INFO - ----------
2025-10-24 03:49:48,738 - INFO - [0/100] | train_loss: 0.05338
2025-10-24 03:49:53,934 - INFO - [10/100] | train_loss: 1.22853
2025-10-24 03:49:59,155 - INFO - [20/100] | train_loss: 0.80509
2025-10-24 03:50:04,430 - INFO - [30/100] | train_loss: 0.53603
2025-10-24 03:50:09,839 - INFO - [40/100] | train_loss: 0.44749
2025-10-24 03:50:15,089 - INFO - [50/100] | train_loss: 0.43167
2025-10-24 03:50:20,309 - INFO - [60/100] | train_loss: 0.40236
2025-10-24 03:50:25,644 - INFO - [70/100] | train_loss: 0.40736
2025-10-24 03:50:30,845 - INFO - [80/100] | train_loss: 0.40259
2025-10-24 03:50:36,160 - INFO - [90/100] | train_loss: 0.39767
2025-10-24 03:50:41,157 - INFO - ----------
2025-10-24 03:50:41,157 - INFO - sample 124/192 | d1: adservice-1; level: pod; fault_type: memory stress
2025-10-24 03:50:41,157 - INFO - sample 124/192 | predict d1: [('adservice-1', 1.7571786129002653), ('adservice', 0.8743976003138343), ('tidb-tikv', 0.8743976003138343), ('tidb-pd', 0.8743867578115072), ('adservice-2', 0.8743753363406093)]
2025-10-24 03:50:41,157 - INFO - sample 124/192 | predict d2: [('adservice/rrt', 0.6944512736466102), ('adservice/response', 0.6513063252118378), ('adservice/client_error_ratio', 0.6387863930344473), ('adservice/error', 0.612301791561336), ('adservice/client_error', 0.6011710155194727)]
2025-10-24 03:50:41,157 - INFO - ----------
2025-10-24 03:50:41,516 - INFO - [0/100] | train_loss: 0.03143
2025-10-24 03:50:46,972 - INFO - [10/100] | train_loss: 1.26248
2025-10-24 03:50:52,192 - INFO - [20/100] | train_loss: 0.84785
2025-10-24 03:50:57,405 - INFO - [30/100] | train_loss: 0.62036
2025-10-24 03:51:02,666 - INFO - [40/100] | train_loss: 0.55989
2025-10-24 03:51:07,835 - INFO - [50/100] | train_loss: 0.71964
2025-10-24 03:51:12,895 - INFO - [60/100] | train_loss: 0.56767
2025-10-24 03:51:17,973 - INFO - [70/100] | train_loss: 0.57482
2025-10-24 03:51:23,143 - INFO - [80/100] | train_loss: 0.57974
2025-10-24 03:51:28,332 - INFO - [90/100] | train_loss: 0.58281
2025-10-24 03:51:33,554 - INFO - [0/100] | train_loss: 0.02257
2025-10-24 03:51:38,761 - INFO - [10/100] | train_loss: 1.25918
2025-10-24 03:51:44,227 - INFO - [20/100] | train_loss: 0.85207
2025-10-24 03:51:49,391 - INFO - [30/100] | train_loss: 0.62574
2025-10-24 03:51:54,575 - INFO - [40/100] | train_loss: 0.57718
2025-10-24 03:51:59,845 - INFO - [50/100] | train_loss: 0.58248
2025-10-24 03:52:05,039 - INFO - [60/100] | train_loss: 0.59162
2025-10-24 03:52:10,483 - INFO - [70/100] | train_loss: 0.60095
2025-10-24 03:52:15,708 - INFO - [80/100] | train_loss: 0.61397
2025-10-24 03:52:21,056 - INFO - [90/100] | train_loss: 0.60982
2025-10-24 03:52:26,231 - INFO - [0/100] | train_loss: 0.05623
2025-10-24 03:52:31,377 - INFO - [10/100] | train_loss: 1.29590
2025-10-24 03:52:36,616 - INFO - [20/100] | train_loss: 0.89617
2025-10-24 03:52:41,803 - INFO - [30/100] | train_loss: 0.66217
2025-10-24 03:52:46,965 - INFO - [40/100] | train_loss: 0.59945
2025-10-24 03:52:52,303 - INFO - [50/100] | train_loss: 0.59769
2025-10-24 03:52:57,527 - INFO - [60/100] | train_loss: 0.61017
2025-10-24 03:53:02,826 - INFO - [70/100] | train_loss: 0.61356
2025-10-24 03:53:08,014 - INFO - [80/100] | train_loss: 0.62309
2025-10-24 03:53:13,308 - INFO - [90/100] | train_loss: 0.61950
2025-10-24 03:53:18,313 - INFO - ----------
2025-10-24 03:53:18,313 - INFO - sample 125/192 | d1: tidb-tikv; level: tidb; fault_type: io fault
2025-10-24 03:53:18,313 - INFO - sample 125/192 | predict d1: [('tidb-tikv', 3.631284914203004), ('tidb-pd', 3.380154777625428), ('tidb-tidb', 2.9044407925620366), ('productcatalogservice', 2.6344736529400024), ('adservice', 2.6338304563194157)]
2025-10-24 03:53:18,313 - INFO - sample 125/192 | predict d2: [('<duration>; hipstershop.ProductCatalogService/ListProducts; type: downstream', 2.0158205101826745), ('tidb-tikv/server_is_up', 2.015811167085129), ('tidb-tikv/snapshot_apply_count', 1.9680482314967094), ('productcatalogservice/response', 1.8660629024829767), ('productcatalogservice/rrt', 1.8365097957006888)]
2025-10-24 03:53:18,313 - INFO - ----------
2025-10-24 03:53:18,671 - INFO - [0/100] | train_loss: 0.13148
2025-10-24 03:53:23,858 - INFO - [10/100] | train_loss: 1.37687
2025-10-24 03:53:29,212 - INFO - [20/100] | train_loss: 1.02299
2025-10-24 03:53:34,404 - INFO - [30/100] | train_loss: 0.87943
2025-10-24 03:53:39,610 - INFO - [40/100] | train_loss: 0.86565
2025-10-24 03:53:44,816 - INFO - [50/100] | train_loss: 0.89023
2025-10-24 03:53:50,011 - INFO - [60/100] | train_loss: 0.89346
2025-10-24 03:53:55,439 - INFO - [70/100] | train_loss: 0.89396
2025-10-24 03:54:00,738 - INFO - [80/100] | train_loss: 0.89331
2025-10-24 03:54:05,895 - INFO - [90/100] | train_loss: 0.88611
2025-10-24 03:54:11,204 - INFO - [0/100] | train_loss: 0.04794
2025-10-24 03:54:16,402 - INFO - [10/100] | train_loss: 1.29553
2025-10-24 03:54:21,653 - INFO - [20/100] | train_loss: 0.89010
2025-10-24 03:54:26,882 - INFO - [30/100] | train_loss: 0.65420
2025-10-24 03:54:32,084 - INFO - [40/100] | train_loss: 0.60426
2025-10-24 03:54:37,440 - INFO - [50/100] | train_loss: 0.60736
2025-10-24 03:54:42,614 - INFO - [60/100] | train_loss: 0.61536
2025-10-24 03:54:47,933 - INFO - [70/100] | train_loss: 0.63025
2025-10-24 03:54:53,143 - INFO - [80/100] | train_loss: 0.62904
2025-10-24 03:54:58,361 - INFO - [90/100] | train_loss: 0.62951
2025-10-24 03:55:03,577 - INFO - [0/100] | train_loss: 0.16298
2025-10-24 03:55:08,703 - INFO - [10/100] | train_loss: 1.28579
2025-10-24 03:55:13,871 - INFO - [20/100] | train_loss: 0.86659
2025-10-24 03:55:19,115 - INFO - [30/100] | train_loss: 0.62446
2025-10-24 03:55:24,478 - INFO - [40/100] | train_loss: 0.55218
2025-10-24 03:55:29,697 - INFO - [50/100] | train_loss: 0.54168
2025-10-24 03:55:35,101 - INFO - [60/100] | train_loss: 0.52150
2025-10-24 03:55:40,379 - INFO - [70/100] | train_loss: 0.51472
2025-10-24 03:55:45,785 - INFO - [80/100] | train_loss: 0.51701
2025-10-24 03:55:51,000 - INFO - [90/100] | train_loss: 0.51190
2025-10-24 03:55:56,443 - INFO - [0/100] | train_loss: 0.13821
2025-10-24 03:56:01,602 - INFO - [10/100] | train_loss: 1.26447
2025-10-24 03:56:06,800 - INFO - [20/100] | train_loss: 0.86289
2025-10-24 03:56:12,023 - INFO - [30/100] | train_loss: 0.62476
2025-10-24 03:56:17,254 - INFO - [40/100] | train_loss: 0.54122
2025-10-24 03:56:22,445 - INFO - [50/100] | train_loss: 0.53424
2025-10-24 03:56:27,654 - INFO - [60/100] | train_loss: 0.55756
2025-10-24 03:56:32,997 - INFO - [70/100] | train_loss: 0.50636
2025-10-24 03:56:38,207 - INFO - [80/100] | train_loss: 0.50265
2025-10-24 03:56:43,390 - INFO - [90/100] | train_loss: 0.62161
2025-10-24 03:56:48,610 - INFO - [0/100] | train_loss: 0.15183
2025-10-24 03:56:53,825 - INFO - [10/100] | train_loss: 1.25188
2025-10-24 03:56:59,048 - INFO - [20/100] | train_loss: 0.84520
2025-10-24 03:57:04,370 - INFO - [30/100] | train_loss: 0.61725
2025-10-24 03:57:09,422 - INFO - [40/100] | train_loss: 0.54934
2025-10-24 03:57:14,699 - INFO - [50/100] | train_loss: 0.53337
2025-10-24 03:57:19,726 - INFO - [60/100] | train_loss: 0.52562
2025-10-24 03:57:24,730 - INFO - [70/100] | train_loss: 0.51682
2025-10-24 03:57:29,955 - INFO - [80/100] | train_loss: 0.51837
2025-10-24 03:57:34,977 - INFO - [90/100] | train_loss: 0.51026
2025-10-24 03:57:39,844 - INFO - ----------
2025-10-24 03:57:39,844 - INFO - sample 126/192 | d1: checkoutservice; level: service; fault_type: dns error
2025-10-24 03:57:39,844 - INFO - sample 126/192 | predict d1: [('checkoutservice', 4.6779469776832165), ('checkoutservice-1', 3.661426396902793), ('cartservice', 2.829629292217131), ('checkoutservice-2', 2.814484319035321), ('checkoutservice-0', 2.7935237933892583)]
2025-10-24 03:57:39,844 - INFO - sample 126/192 | predict d2: [('checkoutservice/client_error_ratio', 3.1299033365667057), ('checkoutservice/request', 3.064983272408348), ('checkoutservice/rrt', 3.0438283018469257), ('<intensity>; hipstershop.CheckoutService/PlaceOrder; type: current', 3.003348934537666), ('checkoutservice/rrt_max', 2.998849576336543)]
2025-10-24 03:57:39,844 - INFO - ----------
2025-10-24 03:57:40,193 - INFO - [0/100] | train_loss: 0.06222
2025-10-24 03:57:45,217 - INFO - [10/100] | train_loss: 1.31444
2025-10-24 03:57:50,561 - INFO - [20/100] | train_loss: 0.93485
2025-10-24 03:57:55,865 - INFO - [30/100] | train_loss: 0.67978
2025-10-24 03:58:01,188 - INFO - [40/100] | train_loss: 0.63381
2025-10-24 03:58:06,508 - INFO - [50/100] | train_loss: 0.60689
2025-10-24 03:58:11,841 - INFO - [60/100] | train_loss: 0.61197
2025-10-24 03:58:17,309 - INFO - [70/100] | train_loss: 0.64908
2025-10-24 03:58:22,685 - INFO - [80/100] | train_loss: 0.62584
2025-10-24 03:58:28,171 - INFO - [90/100] | train_loss: 0.62992
2025-10-24 03:58:33,507 - INFO - [0/100] | train_loss: 0.03632
2025-10-24 03:58:38,824 - INFO - [10/100] | train_loss: 1.31080
2025-10-24 03:58:44,526 - INFO - [20/100] | train_loss: 0.88989
2025-10-24 03:58:49,763 - INFO - [30/100] | train_loss: 0.65799
2025-10-24 03:58:54,962 - INFO - [40/100] | train_loss: 0.60054
2025-10-24 03:59:00,207 - INFO - [50/100] | train_loss: 0.60980
2025-10-24 03:59:05,421 - INFO - [60/100] | train_loss: 0.62002
2025-10-24 03:59:10,641 - INFO - [70/100] | train_loss: 0.62670
2025-10-24 03:59:15,933 - INFO - [80/100] | train_loss: 0.72496
2025-10-24 03:59:21,168 - INFO - [90/100] | train_loss: 0.68180
2025-10-24 03:59:26,320 - INFO - ----------
2025-10-24 03:59:26,320 - INFO - sample 127/192 | d1: currencyservice-1; level: pod; fault_type: cpu stress
2025-10-24 03:59:26,320 - INFO - sample 127/192 | predict d1: [('tidb-tikv', 2.2933698074387188), ('tidb-tidb', 1.8868871372492535), ('tidb-pd', 1.3782670094279048), ('productcatalogservice', 1.3780776890755497), ('adservice', 1.3772070014644022)]
2025-10-24 03:59:26,320 - INFO - sample 127/192 | predict d2: [('productcatalogservice/rrt_max', 1.1562086284730988), ('tidb-tikv/server_is_up', 1.0492978850288104), ('productcatalogservice/request', 1.0225153399676579), ('productcatalogservice/client_error_ratio', 1.017691773357221), ('productcatalogservice/response', 1.0010821469634479)]
2025-10-24 03:59:26,320 - INFO - ----------
2025-10-24 03:59:26,681 - INFO - [0/100] | train_loss: 0.05225
2025-10-24 03:59:31,892 - INFO - [10/100] | train_loss: 1.33044
2025-10-24 03:59:37,130 - INFO - [20/100] | train_loss: 0.96290
2025-10-24 03:59:42,350 - INFO - [30/100] | train_loss: 0.79537
2025-10-24 03:59:47,607 - INFO - [40/100] | train_loss: 0.81423
2025-10-24 03:59:53,184 - INFO - [50/100] | train_loss: 0.81214
2025-10-24 03:59:58,477 - INFO - [60/100] | train_loss: 0.82376
2025-10-24 04:00:03,942 - INFO - [70/100] | train_loss: 0.83919
2025-10-24 04:00:09,338 - INFO - [80/100] | train_loss: 0.82713
2025-10-24 04:00:14,615 - INFO - [90/100] | train_loss: 0.82991
2025-10-24 04:00:19,887 - INFO - [0/100] | train_loss: 0.03136
2025-10-24 04:00:25,118 - INFO - [10/100] | train_loss: 1.37435
2025-10-24 04:00:30,340 - INFO - [20/100] | train_loss: 0.85716
2025-10-24 04:00:35,583 - INFO - [30/100] | train_loss: 0.63836
2025-10-24 04:00:41,017 - INFO - [40/100] | train_loss: 0.53341
2025-10-24 04:00:46,204 - INFO - [50/100] | train_loss: 0.48836
2025-10-24 04:00:51,495 - INFO - [60/100] | train_loss: 0.48140
2025-10-24 04:00:56,748 - INFO - [70/100] | train_loss: 0.53139
2025-10-24 04:01:02,008 - INFO - [80/100] | train_loss: 0.49789
2025-10-24 04:01:07,589 - INFO - [90/100] | train_loss: 0.47850
2025-10-24 04:01:12,938 - INFO - [0/100] | train_loss: 0.05807
2025-10-24 04:01:18,538 - INFO - [10/100] | train_loss: 1.24571
2025-10-24 04:01:23,858 - INFO - [20/100] | train_loss: 0.89167
2025-10-24 04:01:29,222 - INFO - [30/100] | train_loss: 0.65400
2025-10-24 04:01:34,555 - INFO - [40/100] | train_loss: 0.53731
2025-10-24 04:01:39,855 - INFO - [50/100] | train_loss: 0.53960
2025-10-24 04:01:45,144 - INFO - [60/100] | train_loss: 0.59541
2025-10-24 04:01:50,425 - INFO - [70/100] | train_loss: 0.48544
2025-10-24 04:01:55,630 - INFO - [80/100] | train_loss: 0.48387
2025-10-24 04:02:00,848 - INFO - [90/100] | train_loss: 0.47944
2025-10-24 04:02:06,145 - INFO - [0/100] | train_loss: 0.05898
2025-10-24 04:02:11,408 - INFO - [10/100] | train_loss: 1.26820
2025-10-24 04:02:16,846 - INFO - [20/100] | train_loss: 0.87565
2025-10-24 04:02:22,134 - INFO - [30/100] | train_loss: 0.60912
2025-10-24 04:02:27,615 - INFO - [40/100] | train_loss: 0.51843
2025-10-24 04:02:32,862 - INFO - [50/100] | train_loss: 0.49150
2025-10-24 04:02:38,326 - INFO - [60/100] | train_loss: 0.48036
2025-10-24 04:02:43,564 - INFO - [70/100] | train_loss: 0.47083
2025-10-24 04:02:48,802 - INFO - [80/100] | train_loss: 0.47015
2025-10-24 04:02:54,080 - INFO - [90/100] | train_loss: 0.46892
2025-10-24 04:02:59,105 - INFO - ----------
2025-10-24 04:02:59,105 - INFO - sample 128/192 | d1: productcatalogservice; level: service; fault_type: code error
2025-10-24 04:02:59,106 - INFO - sample 128/192 | predict d1: [('productcatalogservice', 4.823821023833343), ('productcatalogservice-0', 3.8564793197941447), ('tidb-tikv', 3.834178653469639), ('productcatalogservice-2', 2.8924887657453833), ('checkoutservice', 2.885492308142004)]
2025-10-24 04:02:59,106 - INFO - sample 128/192 | predict d2: [('<intensity>; /hipstershop.ProductCatalogService/ListProducts; type: downstream', 3.0912646186279105), ('<intensity>; /hipstershop.ProductCatalogService/ListProducts; type: current', 2.990129725662893), ('productcatalogservice/timeout', 2.986784561452918), ('productcatalogservice/request', 2.9818372961180373), ('<intensity>; /hipstershop.ProductCatalogService/ListProducts; type: upstream', 2.978281188666571)]
2025-10-24 04:02:59,106 - INFO - ----------
2025-10-24 04:02:59,462 - INFO - [0/100] | train_loss: 0.04070
2025-10-24 04:03:04,649 - INFO - [10/100] | train_loss: 0.73493
2025-10-24 04:03:09,827 - INFO - [20/100] | train_loss: 0.50092
2025-10-24 04:03:15,058 - INFO - [30/100] | train_loss: 0.32751
2025-10-24 04:03:20,462 - INFO - [40/100] | train_loss: 0.24504
2025-10-24 04:03:25,681 - INFO - [50/100] | train_loss: 0.20580
2025-10-24 04:03:31,081 - INFO - [60/100] | train_loss: 0.18424
2025-10-24 04:03:36,385 - INFO - [70/100] | train_loss: 0.16969
2025-10-24 04:03:41,889 - INFO - [80/100] | train_loss: 0.16655
2025-10-24 04:03:47,530 - INFO - [90/100] | train_loss: 0.15940
2025-10-24 04:03:52,981 - INFO - [0/100] | train_loss: 0.06150
2025-10-24 04:03:58,388 - INFO - [10/100] | train_loss: 1.25172
2025-10-24 04:04:03,889 - INFO - [20/100] | train_loss: 0.84663
2025-10-24 04:04:09,594 - INFO - [30/100] | train_loss: 0.57794
2025-10-24 04:04:15,051 - INFO - [40/100] | train_loss: 0.49481
2025-10-24 04:04:20,462 - INFO - [50/100] | train_loss: 0.47814
2025-10-24 04:04:25,821 - INFO - [60/100] | train_loss: 0.46042
2025-10-24 04:04:31,171 - INFO - [70/100] | train_loss: 0.45189
2025-10-24 04:04:36,514 - INFO - [80/100] | train_loss: 0.44333
2025-10-24 04:04:41,859 - INFO - [90/100] | train_loss: 0.45183
2025-10-24 04:04:46,966 - INFO - ----------
2025-10-24 04:04:46,966 - INFO - sample 129/192 | d1: aiops-k8s-08; level: node; fault_type: node disk fill
2025-10-24 04:04:46,966 - INFO - sample 129/192 | predict d1: [('aiops-k8s-08', 1.993468283103713), ('cartservice', 0.0680030557962219), ('checkoutservice', 0.0680030557962219), ('cartservice-1', 0.06800246290985967), ('cartservice-0', 0.06800065971754421)]
2025-10-24 04:04:46,966 - INFO - sample 129/192 | predict d2: [('aiops-k8s-08/node_network_receive_packets_total', 0.7308261018259543), ('aiops-k8s-08/node_cpu_usage_rate', 0.7299762182438911), ('aiops-k8s-08/node_disk_write_time_seconds_total', 0.7109372552323237), ('aiops-k8s-08/node_disk_read_time_seconds_total', 0.7064628716384611), ('aiops-k8s-08/node_network_transmit_packets_total', 0.7045565239788907)]
2025-10-24 04:04:46,966 - INFO - ----------
2025-10-24 04:04:47,335 - INFO - [0/100] | train_loss: 0.10824
2025-10-24 04:04:52,611 - INFO - [10/100] | train_loss: 1.38863
2025-10-24 04:04:57,841 - INFO - [20/100] | train_loss: 1.00026
2025-10-24 04:05:03,236 - INFO - [30/100] | train_loss: 0.84556
2025-10-24 04:05:08,695 - INFO - [40/100] | train_loss: 0.84064
2025-10-24 04:05:13,951 - INFO - [50/100] | train_loss: 0.85012
2025-10-24 04:05:19,196 - INFO - [60/100] | train_loss: 0.87354
2025-10-24 04:05:24,441 - INFO - [70/100] | train_loss: 0.87944
2025-10-24 04:05:29,656 - INFO - [80/100] | train_loss: 0.87618
2025-10-24 04:05:35,051 - INFO - [90/100] | train_loss: 0.87118
2025-10-24 04:05:40,373 - INFO - [0/100] | train_loss: 0.07478
2025-10-24 04:05:45,656 - INFO - [10/100] | train_loss: 1.37249
2025-10-24 04:05:50,933 - INFO - [20/100] | train_loss: 0.95176
2025-10-24 04:05:56,154 - INFO - [30/100] | train_loss: 0.72055
2025-10-24 04:06:01,445 - INFO - [40/100] | train_loss: 0.67468
2025-10-24 04:06:06,712 - INFO - [50/100] | train_loss: 0.64167
2025-10-24 04:06:12,023 - INFO - [60/100] | train_loss: 0.69204
2025-10-24 04:06:17,273 - INFO - [70/100] | train_loss: 0.69108
2025-10-24 04:06:22,502 - INFO - [80/100] | train_loss: 0.73928
2025-10-24 04:06:27,686 - INFO - [90/100] | train_loss: 0.66359
2025-10-24 04:06:32,959 - INFO - [0/100] | train_loss: 0.11126
2025-10-24 04:06:38,211 - INFO - [10/100] | train_loss: 1.26978
2025-10-24 04:06:43,616 - INFO - [20/100] | train_loss: 0.88527
2025-10-24 04:06:48,967 - INFO - [30/100] | train_loss: 0.63208
2025-10-24 04:06:54,334 - INFO - [40/100] | train_loss: 0.55982
2025-10-24 04:06:59,656 - INFO - [50/100] | train_loss: 0.54699
2025-10-24 04:07:05,090 - INFO - [60/100] | train_loss: 0.52851
2025-10-24 04:07:10,513 - INFO - [70/100] | train_loss: 0.51287
2025-10-24 04:07:15,913 - INFO - [80/100] | train_loss: 0.51558
2025-10-24 04:07:21,257 - INFO - [90/100] | train_loss: 0.53851
2025-10-24 04:07:26,578 - INFO - [0/100] | train_loss: 0.09716
2025-10-24 04:07:31,883 - INFO - [10/100] | train_loss: 1.28485
2025-10-24 04:07:37,221 - INFO - [20/100] | train_loss: 0.88838
2025-10-24 04:07:42,570 - INFO - [30/100] | train_loss: 0.66328
2025-10-24 04:07:47,844 - INFO - [40/100] | train_loss: 0.59420
2025-10-24 04:07:53,118 - INFO - [50/100] | train_loss: 0.58095
2025-10-24 04:07:58,492 - INFO - [60/100] | train_loss: 0.55255
2025-10-24 04:08:03,774 - INFO - [70/100] | train_loss: 0.55883
2025-10-24 04:08:09,059 - INFO - [80/100] | train_loss: 0.53928
2025-10-24 04:08:14,426 - INFO - [90/100] | train_loss: 0.53914
2025-10-24 04:08:19,826 - INFO - [0/100] | train_loss: 0.08929
2025-10-24 04:08:25,088 - INFO - [10/100] | train_loss: 1.29847
2025-10-24 04:08:30,400 - INFO - [20/100] | train_loss: 0.91089
2025-10-24 04:08:35,664 - INFO - [30/100] | train_loss: 0.63230
2025-10-24 04:08:40,930 - INFO - [40/100] | train_loss: 0.55183
2025-10-24 04:08:46,242 - INFO - [50/100] | train_loss: 0.53123
2025-10-24 04:08:51,594 - INFO - [60/100] | train_loss: 0.51754
2025-10-24 04:08:56,972 - INFO - [70/100] | train_loss: 0.53107
2025-10-24 04:09:02,274 - INFO - [80/100] | train_loss: 0.51522
2025-10-24 04:09:07,629 - INFO - [90/100] | train_loss: 0.51899
2025-10-24 04:09:12,661 - INFO - ----------
2025-10-24 04:09:12,662 - INFO - sample 130/192 | d1: checkoutservice; level: service; fault_type: dns error
2025-10-24 04:09:12,662 - INFO - sample 130/192 | predict d1: [('checkoutservice', 3.517072254384596), ('checkoutservice-0', 2.6336751894198347), ('checkoutservice-1', 2.519768905735159), ('checkoutservice-2', 2.1023489545543983), ('emailservice', 1.9836826829888183)]
2025-10-24 04:09:12,662 - INFO - sample 130/192 | predict d2: [('checkoutservice/rrt_max', 2.302223159151044), ('checkoutservice/client_error', 2.217627601444949), ('checkoutservice/response', 2.207002516239296), ('checkoutservice/request', 2.1896900846768634), ('checkoutservice/rrt', 2.1824999855450375)]
2025-10-24 04:09:12,662 - INFO - ----------
2025-10-24 04:09:13,025 - INFO - [0/100] | train_loss: 0.08149
2025-10-24 04:09:25,008 - INFO - [10/100] | train_loss: 0.83960
2025-10-24 04:09:30,171 - INFO - [20/100] | train_loss: 0.61812
2025-10-24 04:09:35,355 - INFO - [30/100] | train_loss: 0.40095
2025-10-24 04:09:40,524 - INFO - [40/100] | train_loss: 0.27690
2025-10-24 04:09:45,842 - INFO - [50/100] | train_loss: 0.24225
2025-10-24 04:09:51,072 - INFO - [60/100] | train_loss: 0.21886
2025-10-24 04:09:56,284 - INFO - [70/100] | train_loss: 0.21131
2025-10-24 04:10:01,489 - INFO - [80/100] | train_loss: 0.25699
2025-10-24 04:10:06,705 - INFO - [90/100] | train_loss: 0.23487
2025-10-24 04:10:11,967 - INFO - [0/100] | train_loss: 0.06529
2025-10-24 04:10:17,238 - INFO - [10/100] | train_loss: 1.28442
2025-10-24 04:10:22,570 - INFO - [20/100] | train_loss: 0.89323
2025-10-24 04:10:27,858 - INFO - [30/100] | train_loss: 0.67173
2025-10-24 04:10:33,127 - INFO - [40/100] | train_loss: 0.60261
2025-10-24 04:10:38,395 - INFO - [50/100] | train_loss: 0.61046
2025-10-24 04:10:43,650 - INFO - [60/100] | train_loss: 0.60757
2025-10-24 04:10:48,943 - INFO - [70/100] | train_loss: 0.62237
2025-10-24 04:10:54,306 - INFO - [80/100] | train_loss: 0.62288
2025-10-24 04:10:59,603 - INFO - [90/100] | train_loss: 0.62227
2025-10-24 04:11:04,669 - INFO - ----------
2025-10-24 04:11:04,670 - INFO - sample 131/192 | d1: aiops-k8s-05; level: node; fault_type: node memory
2025-10-24 04:11:04,670 - INFO - sample 131/192 | predict d1: [('aiops-k8s-05', 0.21057579402152804), ('tidb-tidb', 0.0372794390214608), ('tidb-tikv', 0.0372794390214608), ('productcatalogservice', 0.03727626341129664), ('tidb-pd', 0.03727626341129664)]
2025-10-24 04:11:04,670 - INFO - sample 131/192 | predict d2: [('aiops-k8s-05/node_disk_written_bytes_total', 0.1685621812778315), ('aiops-k8s-05/node_network_transmit_packets_total', 0.16496151252808122), ('aiops-k8s-05/node_cpu_usage_rate', 0.14655436334272576), ('aiops-k8s-05/node_network_receive_packets_total', 0.14479854032671824), ('aiops-k8s-05/node_disk_read_time_seconds_total', 0.12949014444676887)]
2025-10-24 04:11:04,670 - INFO - ----------
2025-10-24 04:11:05,031 - INFO - [0/100] | train_loss: 0.06757
2025-10-24 04:11:10,255 - INFO - [10/100] | train_loss: 1.27940
2025-10-24 04:11:15,534 - INFO - [20/100] | train_loss: 0.90709
2025-10-24 04:11:20,817 - INFO - [30/100] | train_loss: 0.65475
2025-10-24 04:11:26,061 - INFO - [40/100] | train_loss: 0.56745
2025-10-24 04:11:31,280 - INFO - [50/100] | train_loss: 0.57235
2025-10-24 04:11:36,543 - INFO - [60/100] | train_loss: 0.52689
2025-10-24 04:11:41,786 - INFO - [70/100] | train_loss: 0.55974
2025-10-24 04:11:47,032 - INFO - [80/100] | train_loss: 0.52892
2025-10-24 04:11:52,271 - INFO - [90/100] | train_loss: 0.55176
2025-10-24 04:11:57,523 - INFO - [0/100] | train_loss: 0.09554
2025-10-24 04:12:02,788 - INFO - [10/100] | train_loss: 1.29102
2025-10-24 04:12:08,090 - INFO - [20/100] | train_loss: 0.89975
2025-10-24 04:12:13,232 - INFO - [30/100] | train_loss: 0.62506
2025-10-24 04:12:18,342 - INFO - [40/100] | train_loss: 0.53327
2025-10-24 04:12:23,465 - INFO - [50/100] | train_loss: 0.49269
2025-10-24 04:12:28,586 - INFO - [60/100] | train_loss: 0.49817
2025-10-24 04:12:33,692 - INFO - [70/100] | train_loss: 0.47442
2025-10-24 04:12:38,817 - INFO - [80/100] | train_loss: 0.46919
2025-10-24 04:12:43,933 - INFO - [90/100] | train_loss: 0.50450
2025-10-24 04:12:49,063 - INFO - [0/100] | train_loss: 0.07467
2025-10-24 04:12:54,180 - INFO - [10/100] | train_loss: 1.27147
2025-10-24 04:12:59,416 - INFO - [20/100] | train_loss: 0.88204
2025-10-24 04:13:04,675 - INFO - [30/100] | train_loss: 0.63216
2025-10-24 04:13:09,921 - INFO - [40/100] | train_loss: 0.63428
2025-10-24 04:13:15,233 - INFO - [50/100] | train_loss: 0.53796
2025-10-24 04:13:20,587 - INFO - [60/100] | train_loss: 0.56139
2025-10-24 04:13:25,887 - INFO - [70/100] | train_loss: 0.55729
2025-10-24 04:13:31,098 - INFO - [80/100] | train_loss: 0.50630
2025-10-24 04:13:36,321 - INFO - [90/100] | train_loss: 0.49700
2025-10-24 04:13:41,388 - INFO - ----------
2025-10-24 04:13:41,388 - INFO - sample 132/192 | d1: recommendationservice; level: service; fault_type: network delay
2025-10-24 04:13:41,388 - INFO - sample 132/192 | predict d1: [('recommendationservice-0', 2.383653105105811), ('recommendationservice-2', 1.8418306137445435), ('recommendationservice', 1.762544519444301), ('frontend', 1.762390938089677), ('recommendationservice-1', 1.7005291873879966)]
2025-10-24 04:13:41,388 - INFO - sample 132/192 | predict d2: [('<intensity>; hipstershop.RecommendationService/ListRecommendations; type: downstream', 1.4035965898267762), ('<intensity>; /hipstershop.RecommendationService/ListRecommendations; type: downstream', 1.3424576127443757), ('recommendationservice/request', 1.330204365051138), ('recommendationservice/client_error', 1.3140977739869868), ('<intensity>; /hipstershop.RecommendationService/ListRecommendations; type: current', 1.3022508183128956)]
2025-10-24 04:13:41,388 - INFO - ----------
2025-10-24 04:13:41,752 - INFO - [0/100] | train_loss: 0.07520
2025-10-24 04:13:47,060 - INFO - [10/100] | train_loss: 0.81820
2025-10-24 04:13:52,309 - INFO - [20/100] | train_loss: 0.55066
2025-10-24 04:13:57,581 - INFO - [30/100] | train_loss: 0.34958
2025-10-24 04:14:02,797 - INFO - [40/100] | train_loss: 0.24798
2025-10-24 04:14:08,027 - INFO - [50/100] | train_loss: 0.20321
2025-10-24 04:14:13,278 - INFO - [60/100] | train_loss: 0.18376
2025-10-24 04:14:18,544 - INFO - [70/100] | train_loss: 0.30476
2025-10-24 04:14:23,807 - INFO - [80/100] | train_loss: 0.26385
2025-10-24 04:14:29,064 - INFO - [90/100] | train_loss: 0.14976
2025-10-24 04:14:34,295 - INFO - [0/100] | train_loss: 0.03960
2025-10-24 04:14:39,502 - INFO - [10/100] | train_loss: 1.23018
2025-10-24 04:14:44,702 - INFO - [20/100] | train_loss: 0.80908
2025-10-24 04:14:50,010 - INFO - [30/100] | train_loss: 0.53626
2025-10-24 04:14:55,311 - INFO - [40/100] | train_loss: 0.44682
2025-10-24 04:15:00,613 - INFO - [50/100] | train_loss: 0.42746
2025-10-24 04:15:05,804 - INFO - [60/100] | train_loss: 0.41960
2025-10-24 04:15:11,011 - INFO - [70/100] | train_loss: 0.41502
2025-10-24 04:15:16,231 - INFO - [80/100] | train_loss: 0.41498
2025-10-24 04:15:21,440 - INFO - [90/100] | train_loss: 0.41682
2025-10-24 04:15:26,457 - INFO - ----------
2025-10-24 04:15:26,457 - INFO - sample 133/192 | d1: aiops-k8s-04; level: node; fault_type: node cpu
2025-10-24 04:15:26,458 - INFO - sample 133/192 | predict d1: [('aiops-k8s-04', 1.8346566692614559), ('productcatalogservice-1', 0.009200463004691795), ('productcatalogservice', 0.00919889056183898), ('tidb-tikv', 0.009196574066104857), ('productcatalogservice-0', 0.009196353236092358)]
2025-10-24 04:15:26,458 - INFO - sample 133/192 | predict d2: [('aiops-k8s-04/node_network_receive_packets_total', 0.6981201785600639), ('aiops-k8s-04/node_network_transmit_packets_total', 0.663097619239327), ('aiops-k8s-04/node_cpu_usage_rate', 0.6582939984579248), ('aiops-k8s-04/node_disk_write_time_seconds_total', 0.6474262198654834), ('aiops-k8s-04/node_disk_read_bytes_total', 0.5469978329007503)]
2025-10-24 04:15:26,458 - INFO - ----------
2025-10-24 04:15:26,809 - INFO - [0/100] | train_loss: 0.08353
2025-10-24 04:15:31,995 - INFO - [10/100] | train_loss: 1.31370
2025-10-24 04:15:37,248 - INFO - [20/100] | train_loss: 0.91551
2025-10-24 04:15:42,469 - INFO - [30/100] | train_loss: 0.69035
2025-10-24 04:15:47,843 - INFO - [40/100] | train_loss: 0.62532
2025-10-24 04:15:52,948 - INFO - [50/100] | train_loss: 0.62247
2025-10-24 04:15:58,145 - INFO - [60/100] | train_loss: 0.62391
2025-10-24 04:16:03,377 - INFO - [70/100] | train_loss: 0.64314
2025-10-24 04:16:08,636 - INFO - [80/100] | train_loss: 0.63701
2025-10-24 04:16:13,892 - INFO - [90/100] | train_loss: 0.64583
2025-10-24 04:16:19,123 - INFO - [0/100] | train_loss: 0.08731
2025-10-24 04:16:24,389 - INFO - [10/100] | train_loss: 1.30823
2025-10-24 04:16:29,728 - INFO - [20/100] | train_loss: 0.92372
2025-10-24 04:16:34,954 - INFO - [30/100] | train_loss: 0.70671
2025-10-24 04:16:40,208 - INFO - [40/100] | train_loss: 0.64760
2025-10-24 04:16:45,494 - INFO - [50/100] | train_loss: 0.65353
2025-10-24 04:16:50,841 - INFO - [60/100] | train_loss: 0.66403
2025-10-24 04:16:56,060 - INFO - [70/100] | train_loss: 0.66263
2025-10-24 04:17:01,283 - INFO - [80/100] | train_loss: 0.67259
2025-10-24 04:17:06,499 - INFO - [90/100] | train_loss: 0.66198
2025-10-24 04:17:11,504 - INFO - ----------
2025-10-24 04:17:11,504 - INFO - sample 134/192 | d1: tidb-tikv; level: tidb; fault_type: pod failure
2025-10-24 04:17:11,504 - INFO - sample 134/192 | predict d1: [('tidb-tikv', 2.741554433802172), ('tidb-tidb', 2.5689213819299184), ('tidb-pd', 1.7503973048373425), ('productcatalogservice', 1.7503710879706134), ('adservice', 1.7502676743091996)]
2025-10-24 04:17:11,505 - INFO - sample 134/192 | predict d2: [('tidb-tikv/server_is_up', 1.358478611862651), ('productcatalogservice/rrt_max', 1.3419225478749368), ('<intensity>; hipstershop.ProductCatalogService/ListProducts; type: downstream', 1.321711529156019), ('tidb-tikv/write_wal_mbps', 1.294820707363101), ('tidb-tikv/capacity_size', 1.280526555590157)]
2025-10-24 04:17:11,505 - INFO - ----------
2025-10-24 04:17:11,867 - INFO - [0/100] | train_loss: 0.07274
2025-10-24 04:17:17,408 - INFO - [10/100] | train_loss: 1.30011
2025-10-24 04:17:22,689 - INFO - [20/100] | train_loss: 0.91379
2025-10-24 04:17:27,903 - INFO - [30/100] | train_loss: 0.68381
2025-10-24 04:17:33,097 - INFO - [40/100] | train_loss: 0.62844
2025-10-24 04:17:38,289 - INFO - [50/100] | train_loss: 0.61875
2025-10-24 04:17:43,552 - INFO - [60/100] | train_loss: 0.62110
2025-10-24 04:17:48,784 - INFO - [70/100] | train_loss: 0.62186
2025-10-24 04:17:54,029 - INFO - [80/100] | train_loss: 0.64839
2025-10-24 04:17:59,218 - INFO - [90/100] | train_loss: 0.64820
2025-10-24 04:18:04,261 - INFO - ----------
2025-10-24 04:18:04,262 - INFO - sample 135/192 | d1: tidb-tikv; level: tidb; fault_type: pod failure
2025-10-24 04:18:04,262 - INFO - sample 135/192 | predict d1: [('tidb-pd', 0.13808935527291055), ('tidb-tikv', 0.13808935527291055), ('tidb-tidb', 0.1380704172349283), ('productcatalogservice', 0.13804864487485702), ('productcatalogservice-1', 0.13804864487485702)]
2025-10-24 04:18:04,262 - INFO - sample 135/192 | predict d2: [('tidb-tikv/server_is_up', 0.10623684359694607), ('productcatalogservice/response', 0.09982517294619697), ('productcatalogservice/rrt', 0.09544211087819576), ('productcatalogservice/rrt_max', 0.09470964714938646), ('tidb-pd/witness_count', 0.08715685970034315)]
2025-10-24 04:18:04,262 - INFO - ----------
2025-10-24 04:18:04,618 - INFO - [0/100] | train_loss: 0.11168
2025-10-24 04:18:09,941 - INFO - [10/100] | train_loss: 1.44533
2025-10-24 04:18:15,123 - INFO - [20/100] | train_loss: 0.95731
2025-10-24 04:18:20,300 - INFO - [30/100] | train_loss: 0.72798
2025-10-24 04:18:25,696 - INFO - [40/100] | train_loss: 0.68305
2025-10-24 04:18:30,985 - INFO - [50/100] | train_loss: 0.65797
2025-10-24 04:18:36,285 - INFO - [60/100] | train_loss: 0.66323
2025-10-24 04:18:41,444 - INFO - [70/100] | train_loss: 0.66353
2025-10-24 04:18:46,603 - INFO - [80/100] | train_loss: 0.66890
2025-10-24 04:18:51,766 - INFO - [90/100] | train_loss: 0.66920
2025-10-24 04:18:56,926 - INFO - ----------
2025-10-24 04:18:56,927 - INFO - sample 136/192 | d1: adservice; level: service; fault_type: target port misconfig
2025-10-24 04:18:56,927 - INFO - sample 136/192 | predict d1: [('tidb-tidb', 0.19869396088150637), ('productcatalogservice', 0.19869396088150637), ('tidb-pd', 0.19845903227029282), ('tidb-tikv', 0.19845903227029282), ('productcatalogservice-1', 0.19836740888896998)]
2025-10-24 04:18:56,927 - INFO - sample 136/192 | predict d2: [('productcatalogservice/rrt', 0.17823074940313788), ('tidb-tikv/server_is_up', 0.1589295601413383), ('tidb-tikv/capacity_size', 0.15127683095065692), ('<intensity>; hipstershop.ProductCatalogService/GetProduct; type: downstream', 0.14876283799126355), ('<intensity>; hipstershop.ProductCatalogService/GetProduct; type: upstream', 0.14766961891715624)]
2025-10-24 04:18:56,927 - INFO - ----------
2025-10-24 04:18:57,281 - INFO - [0/100] | train_loss: 0.10198
2025-10-24 04:19:02,538 - INFO - [10/100] | train_loss: 1.31592
2025-10-24 04:19:07,971 - INFO - [20/100] | train_loss: 0.93237
2025-10-24 04:19:13,257 - INFO - [30/100] | train_loss: 0.72087
2025-10-24 04:19:18,571 - INFO - [40/100] | train_loss: 0.66268
2025-10-24 04:19:23,862 - INFO - [50/100] | train_loss: 0.65890
2025-10-24 04:19:29,410 - INFO - [60/100] | train_loss: 0.67579
2025-10-24 04:19:34,752 - INFO - [70/100] | train_loss: 0.67358
2025-10-24 04:19:40,233 - INFO - [80/100] | train_loss: 0.67736
2025-10-24 04:19:45,484 - INFO - [90/100] | train_loss: 0.68002
2025-10-24 04:19:50,743 - INFO - [0/100] | train_loss: 0.11202
2025-10-24 04:19:56,006 - INFO - [10/100] | train_loss: 1.33940
2025-10-24 04:20:01,216 - INFO - [20/100] | train_loss: 0.97570
2025-10-24 04:20:06,506 - INFO - [30/100] | train_loss: 0.73229
2025-10-24 04:20:11,835 - INFO - [40/100] | train_loss: 0.66916
2025-10-24 04:20:17,346 - INFO - [50/100] | train_loss: 0.68646
2025-10-24 04:20:22,690 - INFO - [60/100] | train_loss: 0.67441
2025-10-24 04:20:28,143 - INFO - [70/100] | train_loss: 0.67481
2025-10-24 04:20:33,550 - INFO - [80/100] | train_loss: 0.69933
2025-10-24 04:20:39,075 - INFO - [90/100] | train_loss: 0.68681
2025-10-24 04:20:44,220 - INFO - ----------
2025-10-24 04:20:44,220 - INFO - sample 137/192 | d1: tidb-tikv; level: tidb; fault_type: pod failure
2025-10-24 04:20:44,220 - INFO - sample 137/192 | predict d1: [('tidb-tikv', 2.652733479819492), ('tidb-tidb', 2.4489059468141683), ('productcatalogservice', 1.6826379389595232), ('adservice', 1.6821008361491039), ('frontend', 1.6818217323576476)]
2025-10-24 04:20:44,220 - INFO - sample 137/192 | predict d2: [('tidb-tikv/capacity_size', 1.3555365848694017), ('tidb-tikv/server_is_up', 1.3225614502058178), ('tidb-tikv/write_wal_mbps', 1.3030952759904117), ('productcatalogservice/request', 1.2718814099565847), ('tidb-tikv/cpu_usage', 1.2701225342567959)]
2025-10-24 04:20:44,220 - INFO - ----------
2025-10-24 04:20:44,580 - INFO - [0/100] | train_loss: 0.09837
2025-10-24 04:20:49,846 - INFO - [10/100] | train_loss: 0.84015
2025-10-24 04:20:55,304 - INFO - [20/100] | train_loss: 0.59569
2025-10-24 04:21:00,641 - INFO - [30/100] | train_loss: 0.36944
2025-10-24 04:21:06,017 - INFO - [40/100] | train_loss: 0.25448
2025-10-24 04:21:11,267 - INFO - [50/100] | train_loss: 0.18202
2025-10-24 04:21:16,795 - INFO - [60/100] | train_loss: 0.16084
2025-10-24 04:21:22,070 - INFO - [70/100] | train_loss: 0.16448
2025-10-24 04:21:27,446 - INFO - [80/100] | train_loss: 0.12541
2025-10-24 04:21:32,728 - INFO - [90/100] | train_loss: 0.11741
2025-10-24 04:21:37,732 - INFO - [0/100] | train_loss: 0.02098
2025-10-24 04:21:43,107 - INFO - [10/100] | train_loss: 1.26377
2025-10-24 04:21:48,287 - INFO - [20/100] | train_loss: 0.85522
2025-10-24 04:21:53,529 - INFO - [30/100] | train_loss: 0.62163
2025-10-24 04:21:58,754 - INFO - [40/100] | train_loss: 0.57345
2025-10-24 04:22:03,958 - INFO - [50/100] | train_loss: 0.57983
2025-10-24 04:22:09,060 - INFO - [60/100] | train_loss: 0.59043
2025-10-24 04:22:14,199 - INFO - [70/100] | train_loss: 0.60010
2025-10-24 04:22:19,230 - INFO - [80/100] | train_loss: 0.60799
2025-10-24 04:22:24,467 - INFO - [90/100] | train_loss: 0.60649
2025-10-24 04:22:29,330 - INFO - ----------
2025-10-24 04:22:29,330 - INFO - sample 138/192 | d1: aiops-k8s-08; level: node; fault_type: node cpu
2025-10-24 04:22:29,330 - INFO - sample 138/192 | predict d1: [('aiops-k8s-08', 0.012389192310907293), ('tidb-tikv', 0.005484166757509568), ('tidb-pd', 0.005483709818306176), ('productcatalogservice', 0.005483709818306176), ('tidb-tidb', 0.005481731437039755)]
2025-10-24 04:22:29,330 - INFO - sample 138/192 | predict d2: [('aiops-k8s-08/node_disk_read_bytes_total', 0.009421501846113123), ('aiops-k8s-08/node_disk_write_time_seconds_total', 0.008718683766837487), ('aiops-k8s-08/node_cpu_usage_rate', 0.007963127853081509), ('aiops-k8s-08/node_disk_read_time_seconds_total', 0.00766285312267756), ('productcatalogservice/rrt_max', 0.004297709087230511)]
2025-10-24 04:22:29,330 - INFO - ----------
2025-10-24 04:22:29,678 - INFO - [0/100] | train_loss: 0.05401
2025-10-24 04:22:34,937 - INFO - [10/100] | train_loss: 1.22588
2025-10-24 04:22:40,002 - INFO - [20/100] | train_loss: 0.81394
2025-10-24 04:22:45,243 - INFO - [30/100] | train_loss: 0.57481
2025-10-24 04:22:50,263 - INFO - [40/100] | train_loss: 0.62156
2025-10-24 04:22:55,527 - INFO - [50/100] | train_loss: 0.50282
2025-10-24 04:23:00,588 - INFO - [60/100] | train_loss: 0.48302
2025-10-24 04:23:05,819 - INFO - [70/100] | train_loss: 0.47454
2025-10-24 04:23:10,834 - INFO - [80/100] | train_loss: 0.47563
2025-10-24 04:23:16,038 - INFO - [90/100] | train_loss: 0.47937
2025-10-24 04:23:20,885 - INFO - ----------
2025-10-24 04:23:20,885 - INFO - sample 139/192 | d1: aiops-k8s-06; level: node; fault_type: node disk fill
2025-10-24 04:23:20,885 - INFO - sample 139/192 | predict d1: [('checkoutservice-0', 0.05038929308889384), ('checkoutservice', 0.05037220532508191), ('emailservice', 0.05037220532508191), ('currencyservice', 0.05036833501960314), ('cartservice', 0.0006503544696300108)]
2025-10-24 04:23:20,885 - INFO - sample 139/192 | predict d2: [('checkoutservice/client_error', 0.03784137630471118), ('checkoutservice/rrt_max', 0.037122485318187515), ('checkoutservice/response', 0.03543087581082416), ('checkoutservice/rrt', 0.03527640437328783), ('<duration>; hipstershop.CheckoutService/PlaceOrder; type: downstream', 0.03266888342314189)]
2025-10-24 04:23:20,885 - INFO - ----------
2025-10-24 04:23:21,232 - INFO - [0/100] | train_loss: 0.11961
2025-10-24 04:23:26,377 - INFO - [10/100] | train_loss: 1.38128
2025-10-24 04:23:31,401 - INFO - [20/100] | train_loss: 1.01292
2025-10-24 04:23:36,634 - INFO - [30/100] | train_loss: 0.87634
2025-10-24 04:23:41,658 - INFO - [40/100] | train_loss: 0.87748
2025-10-24 04:23:46,736 - INFO - [50/100] | train_loss: 0.88836
2025-10-24 04:23:51,968 - INFO - [60/100] | train_loss: 0.89384
2025-10-24 04:23:57,008 - INFO - [70/100] | train_loss: 0.89911
2025-10-24 04:24:02,201 - INFO - [80/100] | train_loss: 0.89282
2025-10-24 04:24:07,214 - INFO - [90/100] | train_loss: 0.88688
2025-10-24 04:24:12,399 - INFO - [0/100] | train_loss: 0.11722
2025-10-24 04:24:17,437 - INFO - [10/100] | train_loss: 1.24823
2025-10-24 04:24:22,634 - INFO - [20/100] | train_loss: 0.83978
2025-10-24 04:24:27,655 - INFO - [30/100] | train_loss: 0.59331
2025-10-24 04:24:32,903 - INFO - [40/100] | train_loss: 0.51790
2025-10-24 04:24:37,984 - INFO - [50/100] | train_loss: 0.50270
2025-10-24 04:24:43,317 - INFO - [60/100] | train_loss: 0.48607
2025-10-24 04:24:48,410 - INFO - [70/100] | train_loss: 0.47862
2025-10-24 04:24:53,648 - INFO - [80/100] | train_loss: 0.47649
2025-10-24 04:24:58,684 - INFO - [90/100] | train_loss: 0.47976
2025-10-24 04:25:03,726 - INFO - [0/100] | train_loss: 0.09085
2025-10-24 04:25:09,000 - INFO - [10/100] | train_loss: 1.26507
2025-10-24 04:25:14,036 - INFO - [20/100] | train_loss: 0.82242
2025-10-24 04:25:19,097 - INFO - [30/100] | train_loss: 0.59490
2025-10-24 04:25:24,133 - INFO - [40/100] | train_loss: 0.52801
2025-10-24 04:25:29,257 - INFO - [50/100] | train_loss: 0.51247
2025-10-24 04:25:34,321 - INFO - [60/100] | train_loss: 0.49921
2025-10-24 04:25:39,391 - INFO - [70/100] | train_loss: 0.49158
2025-10-24 04:25:44,638 - INFO - [80/100] | train_loss: 0.49229
2025-10-24 04:25:49,702 - INFO - [90/100] | train_loss: 0.49350
2025-10-24 04:25:54,777 - INFO - [0/100] | train_loss: 0.08195
2025-10-24 04:26:00,003 - INFO - [10/100] | train_loss: 1.27984
2025-10-24 04:26:05,058 - INFO - [20/100] | train_loss: 0.81482
2025-10-24 04:26:10,127 - INFO - [30/100] | train_loss: 0.57726
2025-10-24 04:26:15,419 - INFO - [40/100] | train_loss: 0.51153
2025-10-24 04:26:20,445 - INFO - [50/100] | train_loss: 0.52685
2025-10-24 04:26:25,649 - INFO - [60/100] | train_loss: 0.49358
2025-10-24 04:26:30,683 - INFO - [70/100] | train_loss: 0.47572
2025-10-24 04:26:35,711 - INFO - [80/100] | train_loss: 0.47788
2025-10-24 04:26:40,939 - INFO - [90/100] | train_loss: 0.48060
2025-10-24 04:26:45,816 - INFO - ----------
2025-10-24 04:26:45,816 - INFO - sample 140/192 | d1: checkoutservice; level: service; fault_type: dns error
2025-10-24 04:26:45,816 - INFO - sample 140/192 | predict d1: [('checkoutservice', 4.485402478318612), ('checkoutservice-1', 3.6867896999449528), ('cartservice', 2.97416452321356), ('checkoutservice-2', 2.737522242312126), ('checkoutservice-0', 2.735252461307593)]
2025-10-24 04:26:45,816 - INFO - sample 140/192 | predict d2: [('checkoutservice/request', 2.6910847856624827), ('checkoutservice/client_error', 2.6142543177705164), ('<intensity>; hipstershop.CheckoutService/PlaceOrder; type: downstream', 2.6042296832563103), ('checkoutservice/client_error_ratio', 2.587761333174967), ('checkoutservice/rrt', 2.5485102184642194)]
2025-10-24 04:26:45,816 - INFO - ----------
2025-10-24 04:26:46,165 - INFO - [0/100] | train_loss: 0.08857
2025-10-24 04:26:51,188 - INFO - [10/100] | train_loss: 1.29790
2025-10-24 04:26:56,453 - INFO - [20/100] | train_loss: 0.91988
2025-10-24 04:27:01,531 - INFO - [30/100] | train_loss: 0.68551
2025-10-24 04:27:06,582 - INFO - [40/100] | train_loss: 0.62926
2025-10-24 04:27:11,621 - INFO - [50/100] | train_loss: 0.63232
2025-10-24 04:27:16,848 - INFO - [60/100] | train_loss: 0.63572
2025-10-24 04:27:21,857 - INFO - [70/100] | train_loss: 0.64562
2025-10-24 04:27:26,967 - INFO - [80/100] | train_loss: 0.64507
2025-10-24 04:27:31,967 - INFO - [90/100] | train_loss: 0.65950
2025-10-24 04:27:36,973 - INFO - [0/100] | train_loss: 0.09521
2025-10-24 04:27:42,196 - INFO - [10/100] | train_loss: 1.32653
2025-10-24 04:27:47,228 - INFO - [20/100] | train_loss: 0.92572
2025-10-24 04:27:52,252 - INFO - [30/100] | train_loss: 0.70109
2025-10-24 04:27:57,483 - INFO - [40/100] | train_loss: 0.64670
2025-10-24 04:28:02,500 - INFO - [50/100] | train_loss: 0.65536
2025-10-24 04:28:07,669 - INFO - [60/100] | train_loss: 0.65553
2025-10-24 04:28:12,768 - INFO - [70/100] | train_loss: 0.66569
2025-10-24 04:28:18,061 - INFO - [80/100] | train_loss: 0.67330
2025-10-24 04:28:23,078 - INFO - [90/100] | train_loss: 0.70778
2025-10-24 04:28:28,104 - INFO - [0/100] | train_loss: 0.09435
2025-10-24 04:28:33,116 - INFO - [10/100] | train_loss: 1.31520
2025-10-24 04:28:38,134 - INFO - [20/100] | train_loss: 0.93040
2025-10-24 04:28:43,179 - INFO - [30/100] | train_loss: 0.71618
2025-10-24 04:28:48,219 - INFO - [40/100] | train_loss: 0.69609
2025-10-24 04:28:53,249 - INFO - [50/100] | train_loss: 0.65644
2025-10-24 04:28:58,489 - INFO - [60/100] | train_loss: 0.69406
2025-10-24 04:29:03,553 - INFO - [70/100] | train_loss: 0.66428
2025-10-24 04:29:08,639 - INFO - [80/100] | train_loss: 0.65222
2025-10-24 04:29:13,742 - INFO - [90/100] | train_loss: 0.65121
2025-10-24 04:29:18,659 - INFO - ----------
2025-10-24 04:29:18,659 - INFO - sample 141/192 | d1: tidb-tidb; level: tidb; fault_type: pod failure
2025-10-24 04:29:18,659 - INFO - sample 141/192 | predict d1: [('tidb-tikv', 3.270829165464594), ('tidb-tidb', 3.1772216242008504), ('tidb-pd', 2.8235783469652844), ('productcatalogservice', 2.301426598536544), ('adservice', 2.298268963742718)]
2025-10-24 04:29:18,659 - INFO - sample 141/192 | predict d2: [('productcatalogservice/response', 1.8413818791684449), ('productcatalogservice/rrt', 1.84003669377649), ('tidb-tikv/server_is_up', 1.806518368611954), ('productcatalogservice/rrt_max', 1.784941685147352), ('<intensity>; hipstershop.ProductCatalogService/GetProduct; type: current', 1.730210488352359)]
2025-10-24 04:29:18,659 - INFO - ----------
2025-10-24 04:29:19,006 - INFO - [0/100] | train_loss: 0.08409
2025-10-24 04:29:24,056 - INFO - [10/100] | train_loss: 0.80359
2025-10-24 04:29:29,098 - INFO - [20/100] | train_loss: 0.57476
2025-10-24 04:29:34,156 - INFO - [30/100] | train_loss: 0.38200
2025-10-24 04:29:39,182 - INFO - [40/100] | train_loss: 0.32559
2025-10-24 04:29:44,246 - INFO - [50/100] | train_loss: 0.26277
2025-10-24 04:29:49,490 - INFO - [60/100] | train_loss: 0.21317
2025-10-24 04:29:54,577 - INFO - [70/100] | train_loss: 0.23822
2025-10-24 04:29:59,798 - INFO - [80/100] | train_loss: 0.19981
2025-10-24 04:30:04,825 - INFO - [90/100] | train_loss: 0.19488
2025-10-24 04:30:09,872 - INFO - [0/100] | train_loss: 0.05755
2025-10-24 04:30:14,894 - INFO - [10/100] | train_loss: 1.28109
2025-10-24 04:30:19,950 - INFO - [20/100] | train_loss: 0.87834
2025-10-24 04:30:24,979 - INFO - [30/100] | train_loss: 0.64779
2025-10-24 04:30:30,029 - INFO - [40/100] | train_loss: 0.59334
2025-10-24 04:30:35,116 - INFO - [50/100] | train_loss: 0.59209
2025-10-24 04:30:40,198 - INFO - [60/100] | train_loss: 0.61366
2025-10-24 04:30:45,420 - INFO - [70/100] | train_loss: 0.60755
2025-10-24 04:30:50,482 - INFO - [80/100] | train_loss: 0.61359
2025-10-24 04:30:55,530 - INFO - [90/100] | train_loss: 0.61124
2025-10-24 04:31:00,410 - INFO - ----------
2025-10-24 04:31:00,411 - INFO - sample 142/192 | d1: aiops-k8s-06; level: node; fault_type: node memory
2025-10-24 04:31:00,411 - INFO - sample 142/192 | predict d1: [('aiops-k8s-06', 1.7671518866777873), ('tidb-tidb', 0.10753236680649536), ('tidb-tikv', 0.10753236680649536), ('adservice', 0.10752665306057452), ('adservice-2', 0.10752665306057452)]
2025-10-24 04:31:00,411 - INFO - sample 142/192 | predict d2: [('aiops-k8s-06/node_memory_usage_rate', 0.7152462298913065), ('aiops-k8s-06/node_disk_written_bytes_total', 0.6811197006301839), ('aiops-k8s-06/node_network_transmit_packets_total', 0.6712691417520418), ('aiops-k8s-06/node_disk_read_bytes_total', 0.6639856016815884), ('aiops-k8s-06/node_cpu_usage_rate', 0.599010225854741)]
2025-10-24 04:31:00,411 - INFO - ----------
2025-10-24 04:31:00,760 - INFO - [0/100] | train_loss: 0.08396
2025-10-24 04:31:05,788 - INFO - [10/100] | train_loss: 1.33892
2025-10-24 04:31:10,834 - INFO - [20/100] | train_loss: 0.96786
2025-10-24 04:31:15,882 - INFO - [30/100] | train_loss: 0.79274
2025-10-24 04:31:20,931 - INFO - [40/100] | train_loss: 0.75184
2025-10-24 04:31:25,983 - INFO - [50/100] | train_loss: 0.73185
2025-10-24 04:31:31,261 - INFO - [60/100] | train_loss: 0.72475
2025-10-24 04:31:36,316 - INFO - [70/100] | train_loss: 0.74534
2025-10-24 04:31:41,402 - INFO - [80/100] | train_loss: 0.73482
2025-10-24 04:31:46,589 - INFO - [90/100] | train_loss: 0.73186
2025-10-24 04:31:51,457 - INFO - ----------
2025-10-24 04:31:51,457 - INFO - sample 143/192 | d1: currencyservice; level: service; fault_type: target port misconfig
2025-10-24 04:31:51,457 - INFO - sample 143/192 | predict d1: [('currencyservice', 1.1679773461382794), ('currencyservice-1', 0.5736991893809247), ('checkoutservice', 0.5726554170145697), ('checkoutservice-1', 0.5726554170145697), ('frontend', 0.5725822357029706)]
2025-10-24 04:31:51,457 - INFO - sample 143/192 | predict d2: [('<intensity>; hipstershop.CurrencyService/GetSupportedCurrencies; type: downstream', 0.4689094311796538), ('currencyservice/error', 0.4405197933704308), ('<intensity>; hipstershop.Frontend/Recv.; type: downstream', 0.43960169733203003), ('<intensity>; hipstershop.CurrencyService/Convert; type: upstream', 0.4373437740374655), ('frontend/request', 0.4371820383797882)]
2025-10-24 04:31:51,457 - INFO - ----------
2025-10-24 04:31:51,802 - INFO - [0/100] | train_loss: 0.14173
2025-10-24 04:31:56,804 - INFO - [10/100] | train_loss: 0.86521
2025-10-24 04:32:02,076 - INFO - [20/100] | train_loss: 0.76420
2025-10-24 04:32:07,121 - INFO - [30/100] | train_loss: 0.45076
2025-10-24 04:32:12,191 - INFO - [40/100] | train_loss: 0.33100
2025-10-24 04:32:17,240 - INFO - [50/100] | train_loss: 0.30548
2025-10-24 04:32:22,272 - INFO - [60/100] | train_loss: 0.25854
2025-10-24 04:32:27,348 - INFO - [70/100] | train_loss: 0.34844
2025-10-24 04:32:32,436 - INFO - [80/100] | train_loss: 0.37260
2025-10-24 04:32:37,534 - INFO - [90/100] | train_loss: 0.27211
2025-10-24 04:32:42,620 - INFO - [0/100] | train_loss: 0.09631
2025-10-24 04:32:47,744 - INFO - [10/100] | train_loss: 1.26148
2025-10-24 04:32:52,796 - INFO - [20/100] | train_loss: 0.91103
2025-10-24 04:32:57,926 - INFO - [30/100] | train_loss: 0.60041
2025-10-24 04:33:03,054 - INFO - [40/100] | train_loss: 0.53035
2025-10-24 04:33:08,216 - INFO - [50/100] | train_loss: 0.51517
2025-10-24 04:33:13,384 - INFO - [60/100] | train_loss: 0.50575
2025-10-24 04:33:18,531 - INFO - [70/100] | train_loss: 0.51076
2025-10-24 04:33:23,661 - INFO - [80/100] | train_loss: 0.49267
2025-10-24 04:33:28,780 - INFO - [90/100] | train_loss: 0.49882
2025-10-24 04:33:33,759 - INFO - ----------
2025-10-24 04:33:33,759 - INFO - sample 144/192 | d1: tidb-tikv; level: tidb; fault_type: io fault
2025-10-24 04:33:33,759 - INFO - sample 144/192 | predict d1: [('aiops-k8s-08', 1.1252999890704665), ('cartservice', 0.3681731526475218), ('cartservice-1', 0.36814767028849005), ('cartservice-0', 0.0031792733294536135), ('redis-cart', 0.003174785619802778)]
2025-10-24 04:33:33,759 - INFO - sample 144/192 | predict d2: [('aiops-k8s-08/node_memory_MemAvailable_bytes', 0.4734198521123112), ('aiops-k8s-08/node_disk_written_bytes_total', 0.46067847309286236), ('aiops-k8s-08/node_cpu_usage_rate', 0.41303966160878147), ('aiops-k8s-08/node_memory_usage_rate', 0.4091664608017105), ('aiops-k8s-08/node_disk_read_bytes_total', 0.40797834961916024)]
2025-10-24 04:33:33,759 - INFO - ----------
2025-10-24 04:33:34,116 - INFO - [0/100] | train_loss: 0.11587
2025-10-24 04:33:39,192 - INFO - [10/100] | train_loss: 0.81123
2025-10-24 04:33:44,284 - INFO - [20/100] | train_loss: 0.55310
2025-10-24 04:33:49,318 - INFO - [30/100] | train_loss: 0.38665
2025-10-24 04:33:54,369 - INFO - [40/100] | train_loss: 0.30889
2025-10-24 04:33:59,409 - INFO - [50/100] | train_loss: 0.27227
2025-10-24 04:34:04,439 - INFO - [60/100] | train_loss: 0.24928
2025-10-24 04:34:09,497 - INFO - [70/100] | train_loss: 0.23779
2025-10-24 04:34:14,557 - INFO - [80/100] | train_loss: 0.21402
2025-10-24 04:34:19,558 - INFO - [90/100] | train_loss: 0.20836
2025-10-24 04:34:24,590 - INFO - [0/100] | train_loss: 0.06884
2025-10-24 04:34:29,600 - INFO - [10/100] | train_loss: 1.32240
2025-10-24 04:34:34,657 - INFO - [20/100] | train_loss: 0.95572
2025-10-24 04:34:39,687 - INFO - [30/100] | train_loss: 0.74066
2025-10-24 04:34:44,790 - INFO - [40/100] | train_loss: 0.65586
2025-10-24 04:34:49,878 - INFO - [50/100] | train_loss: 0.63572
2025-10-24 04:34:54,933 - INFO - [60/100] | train_loss: 0.68108
2025-10-24 04:34:59,978 - INFO - [70/100] | train_loss: 0.66813
2025-10-24 04:35:05,030 - INFO - [80/100] | train_loss: 0.66357
2025-10-24 04:35:10,071 - INFO - [90/100] | train_loss: 0.64850
2025-10-24 04:35:14,939 - INFO - ----------
2025-10-24 04:35:14,939 - INFO - sample 145/192 | d1: aiops-k8s-03; level: node; fault_type: node memory
2025-10-24 04:35:14,939 - INFO - sample 145/192 | predict d1: [('aiops-k8s-03', 1.9690700051886978), ('tidb-tikv', 0.29899142375909094), ('tidb-pd', 0.29899142375909094), ('tidb-tidb', 0.2988072263533468), ('adservice', 0.29867988636353004)]
2025-10-24 04:35:14,939 - INFO - sample 145/192 | predict d2: [('aiops-k8s-03/node_cpu_usage_rate', 0.778548588349075), ('aiops-k8s-03/node_network_receive_packets_total', 0.746788979469212), ('aiops-k8s-03/node_disk_written_bytes_total', 0.7461080792801305), ('aiops-k8s-03/node_filesystem_usage_rate', 0.7274104213686456), ('aiops-k8s-03/node_disk_read_time_seconds_total', 0.7231232306667259)]
2025-10-24 04:35:14,939 - INFO - ----------
2025-10-24 04:35:15,288 - INFO - [0/100] | train_loss: 0.05274
2025-10-24 04:35:20,351 - INFO - [10/100] | train_loss: 1.30299
2025-10-24 04:35:25,433 - INFO - [20/100] | train_loss: 0.90435
2025-10-24 04:35:30,465 - INFO - [30/100] | train_loss: 0.67485
2025-10-24 04:35:35,516 - INFO - [40/100] | train_loss: 0.62978
2025-10-24 04:35:40,826 - INFO - [50/100] | train_loss: 0.63401
2025-10-24 04:35:45,881 - INFO - [60/100] | train_loss: 0.68575
2025-10-24 04:35:50,913 - INFO - [70/100] | train_loss: 0.65477
2025-10-24 04:35:55,990 - INFO - [80/100] | train_loss: 0.66846
2025-10-24 04:36:01,058 - INFO - [90/100] | train_loss: 0.67361
2025-10-24 04:36:05,945 - INFO - ----------
2025-10-24 04:36:05,945 - INFO - sample 146/192 | d1: checkoutservice-2; level: pod; fault_type: dns error
2025-10-24 04:36:05,946 - INFO - sample 146/192 | predict d1: [('tidb-tikv', 1.5824276552589787), ('tidb-tidb', 0.7782283096184166), ('productcatalogservice', 0.7782283096184166), ('adservice', 0.7780488202579185), ('tidb-pd', 0.7780488202579185)]
2025-10-24 04:36:05,946 - INFO - sample 146/192 | predict d2: [('productcatalogservice/client_error_ratio', 0.6140840423228582), ('productcatalogservice/client_error', 0.6029721543639219), ('<intensity>; hipstershop.ProductCatalogService/ListProducts; type: downstream', 0.5941494512606162), ('<duration>; hipstershop.ProductCatalogService/ListProducts; type: downstream', 0.5849256071840756), ('productcatalogservice/rrt_max', 0.5679540775209269)]
2025-10-24 04:36:05,946 - INFO - ----------
2025-10-24 04:36:06,294 - INFO - [0/100] | train_loss: 0.30811
2025-10-24 04:36:11,294 - INFO - [10/100] | train_loss: 0.95405
2025-10-24 04:36:16,317 - INFO - [20/100] | train_loss: 0.75378
2025-10-24 04:36:21,339 - INFO - [30/100] | train_loss: 0.51497
2025-10-24 04:36:26,376 - INFO - [40/100] | train_loss: 0.37663
2025-10-24 04:36:31,432 - INFO - [50/100] | train_loss: 0.29436
2025-10-24 04:36:36,471 - INFO - [60/100] | train_loss: 0.24544
2025-10-24 04:36:41,510 - INFO - [70/100] | train_loss: 0.21906
2025-10-24 04:36:46,552 - INFO - [80/100] | train_loss: 0.22254
2025-10-24 04:36:51,564 - INFO - [90/100] | train_loss: 0.20320
2025-10-24 04:36:56,600 - INFO - [0/100] | train_loss: 0.07137
2025-10-24 04:37:01,616 - INFO - [10/100] | train_loss: 1.25450
2025-10-24 04:37:06,658 - INFO - [20/100] | train_loss: 0.90855
2025-10-24 04:37:11,708 - INFO - [30/100] | train_loss: 0.59478
2025-10-24 04:37:16,754 - INFO - [40/100] | train_loss: 0.65096
2025-10-24 04:37:21,800 - INFO - [50/100] | train_loss: 0.47839
2025-10-24 04:37:26,858 - INFO - [60/100] | train_loss: 0.61388
2025-10-24 04:37:31,896 - INFO - [70/100] | train_loss: 0.47747
2025-10-24 04:37:36,915 - INFO - [80/100] | train_loss: 0.45010
2025-10-24 04:37:41,935 - INFO - [90/100] | train_loss: 0.52203
2025-10-24 04:37:46,968 - INFO - [0/100] | train_loss: 0.08524
2025-10-24 04:37:51,982 - INFO - [10/100] | train_loss: 1.29112
2025-10-24 04:37:57,005 - INFO - [20/100] | train_loss: 0.88954
2025-10-24 04:38:02,035 - INFO - [30/100] | train_loss: 0.66758
2025-10-24 04:38:07,087 - INFO - [40/100] | train_loss: 0.52369
2025-10-24 04:38:12,115 - INFO - [50/100] | train_loss: 0.49474
2025-10-24 04:38:17,154 - INFO - [60/100] | train_loss: 0.48262
2025-10-24 04:38:22,179 - INFO - [70/100] | train_loss: 0.48218
2025-10-24 04:38:27,196 - INFO - [80/100] | train_loss: 0.46893
2025-10-24 04:38:32,217 - INFO - [90/100] | train_loss: 0.58425
2025-10-24 04:38:37,254 - INFO - [0/100] | train_loss: 0.06631
2025-10-24 04:38:42,271 - INFO - [10/100] | train_loss: 1.26913
2025-10-24 04:38:47,306 - INFO - [20/100] | train_loss: 0.86435
2025-10-24 04:38:52,370 - INFO - [30/100] | train_loss: 0.61501
2025-10-24 04:38:57,426 - INFO - [40/100] | train_loss: 0.50072
2025-10-24 04:39:02,451 - INFO - [50/100] | train_loss: 0.47518
2025-10-24 04:39:07,488 - INFO - [60/100] | train_loss: 0.47746
2025-10-24 04:39:12,538 - INFO - [70/100] | train_loss: 0.47930
2025-10-24 04:39:17,617 - INFO - [80/100] | train_loss: 0.48429
2025-10-24 04:39:22,678 - INFO - [90/100] | train_loss: 0.55627
2025-10-24 04:39:27,540 - INFO - ----------
2025-10-24 04:39:27,540 - INFO - sample 147/192 | d1: aiops-k8s-08; level: node; fault_type: node memory
2025-10-24 04:39:27,540 - INFO - sample 147/192 | predict d1: [('currencyservice-0', 2.4625864435890783), ('aiops-k8s-08', 1.9959368165390714), ('currencyservice-1', 1.8687846016528775), ('currencyservice-2', 1.8564309333668227), ('currencyservice', 1.848524947470743)]
2025-10-24 04:39:27,540 - INFO - sample 147/192 | predict d2: [('currencyservice/request', 1.4810627373056953), ('<duration>; hipstershop.CurrencyService/Convert; type: current', 1.4037801729934607), ('currencyservice/client_error', 1.3893320042951238), ('currencyservice/server_error', 1.3697507225044028), ('<duration>; hipstershop.CurrencyService/Convert; type: upstream', 1.2985278814125358)]
2025-10-24 04:39:27,540 - INFO - ----------
2025-10-24 04:39:27,886 - INFO - [0/100] | train_loss: 0.08327
2025-10-24 04:39:32,919 - INFO - [10/100] | train_loss: 1.29496
2025-10-24 04:39:37,969 - INFO - [20/100] | train_loss: 0.91510
2025-10-24 04:39:43,020 - INFO - [30/100] | train_loss: 0.69393
2025-10-24 04:39:48,075 - INFO - [40/100] | train_loss: 0.63016
2025-10-24 04:39:53,125 - INFO - [50/100] | train_loss: 0.62938
2025-10-24 04:39:58,207 - INFO - [60/100] | train_loss: 0.63556
2025-10-24 04:40:03,326 - INFO - [70/100] | train_loss: 0.63339
2025-10-24 04:40:08,472 - INFO - [80/100] | train_loss: 0.64428
2025-10-24 04:40:13,563 - INFO - [90/100] | train_loss: 0.65826
2025-10-24 04:40:18,475 - INFO - ----------
2025-10-24 04:40:18,476 - INFO - sample 148/192 | d1: tidb-tidb; level: tidb; fault_type: pod failure
2025-10-24 04:40:18,476 - INFO - sample 148/192 | predict d1: [('tidb-tidb', 0.09248373997249759), ('tidb-tikv', 0.09248373997249759), ('productcatalogservice', 0.09247392937365984), ('adservice', 0.09246751628609884), ('tidb-pd', 0.09246356012363899)]
2025-10-24 04:40:18,476 - INFO - sample 148/192 | predict d2: [('<duration>; hipstershop.ProductCatalogService/ListProducts; type: downstream', 0.07001082182506169), ('productcatalogservice/response', 0.06915840562749853), ('productcatalogservice/client_error', 0.0686418927050747), ('productcatalogservice/rrt_max', 0.06677147723938459), ('tidb-tikv/server_is_up', 0.0609660596525341)]
2025-10-24 04:40:18,476 - INFO - ----------
2025-10-24 04:40:18,826 - INFO - [0/100] | train_loss: 0.07794
2025-10-24 04:40:23,905 - INFO - [10/100] | train_loss: 1.31809
2025-10-24 04:40:28,989 - INFO - [20/100] | train_loss: 0.94174
2025-10-24 04:40:34,077 - INFO - [30/100] | train_loss: 0.72178
2025-10-24 04:40:39,160 - INFO - [40/100] | train_loss: 0.66651
2025-10-24 04:40:44,235 - INFO - [50/100] | train_loss: 0.64482
2025-10-24 04:40:49,307 - INFO - [60/100] | train_loss: 0.65171
2025-10-24 04:40:54,447 - INFO - [70/100] | train_loss: 0.67247
2025-10-24 04:40:59,505 - INFO - [80/100] | train_loss: 0.64793
2025-10-24 04:41:04,590 - INFO - [90/100] | train_loss: 0.64533
2025-10-24 04:41:09,716 - INFO - [0/100] | train_loss: 0.03479
2025-10-24 04:41:14,831 - INFO - [10/100] | train_loss: 1.28454
2025-10-24 04:41:19,921 - INFO - [20/100] | train_loss: 0.89238
2025-10-24 04:41:25,044 - INFO - [30/100] | train_loss: 0.66157
2025-10-24 04:41:30,147 - INFO - [40/100] | train_loss: 0.60514
2025-10-24 04:41:35,507 - INFO - [50/100] | train_loss: 0.60600
2025-10-24 04:41:40,606 - INFO - [60/100] | train_loss: 0.61428
2025-10-24 04:41:45,685 - INFO - [70/100] | train_loss: 0.62527
2025-10-24 04:41:50,744 - INFO - [80/100] | train_loss: 0.63100
2025-10-24 04:41:55,788 - INFO - [90/100] | train_loss: 0.63403
2025-10-24 04:42:00,675 - INFO - ----------
2025-10-24 04:42:00,675 - INFO - sample 149/192 | d1: tidb-tikv; level: tidb; fault_type: io fault
2025-10-24 04:42:00,675 - INFO - sample 149/192 | predict d1: [('tidb-tikv', 2.5087854429090797), ('tidb-tidb', 2.1551303838727662), ('productcatalogservice', 1.5381638526988688), ('tidb-pd', 1.536905933527013), ('adservice', 1.5366565891736528)]
2025-10-24 04:42:00,675 - INFO - sample 149/192 | predict d2: [('productcatalogservice/rrt_max', 1.221587678000553), ('productcatalogservice/response', 1.1056884888723921), ('productcatalogservice/rrt', 0.942129287564331), ('productcatalogservice/request', 0.8904619095272324), ('tidb-tikv/region_pending', 0.888530261895788)]
2025-10-24 04:42:00,675 - INFO - ----------
2025-10-24 04:42:01,019 - INFO - [0/100] | train_loss: 0.10106
2025-10-24 04:42:06,058 - INFO - [10/100] | train_loss: 0.78334
2025-10-24 04:42:11,124 - INFO - [20/100] | train_loss: 0.54258
2025-10-24 04:42:16,200 - INFO - [30/100] | train_loss: 0.36184
2025-10-24 04:42:21,251 - INFO - [40/100] | train_loss: 0.27559
2025-10-24 04:42:26,300 - INFO - [50/100] | train_loss: 0.22681
2025-10-24 04:42:31,365 - INFO - [60/100] | train_loss: 0.19793
2025-10-24 04:42:36,447 - INFO - [70/100] | train_loss: 0.18414
2025-10-24 04:42:41,503 - INFO - [80/100] | train_loss: 0.17198
2025-10-24 04:42:46,524 - INFO - [90/100] | train_loss: 0.16354
2025-10-24 04:42:51,585 - INFO - [0/100] | train_loss: 0.06983
2025-10-24 04:42:56,869 - INFO - [10/100] | train_loss: 0.78253
2025-10-24 04:43:01,874 - INFO - [20/100] | train_loss: 0.51195
2025-10-24 04:43:07,011 - INFO - [30/100] | train_loss: 0.29150
2025-10-24 04:43:12,190 - INFO - [40/100] | train_loss: 0.18280
2025-10-24 04:43:17,227 - INFO - [50/100] | train_loss: 0.13571
2025-10-24 04:43:22,263 - INFO - [60/100] | train_loss: 0.11789
2025-10-24 04:43:27,301 - INFO - [70/100] | train_loss: 0.13389
2025-10-24 04:43:32,371 - INFO - [80/100] | train_loss: 0.14567
2025-10-24 04:43:37,436 - INFO - [90/100] | train_loss: 0.10753
2025-10-24 04:43:42,630 - INFO - [0/100] | train_loss: 0.04948
2025-10-24 04:43:47,623 - INFO - [10/100] | train_loss: 0.75841
2025-10-24 04:43:52,837 - INFO - [20/100] | train_loss: 0.49213
2025-10-24 04:43:57,866 - INFO - [30/100] | train_loss: 0.31076
2025-10-24 04:44:03,079 - INFO - [40/100] | train_loss: 0.20424
2025-10-24 04:44:08,124 - INFO - [50/100] | train_loss: 0.15961
2025-10-24 04:44:13,395 - INFO - [60/100] | train_loss: 0.13747
2025-10-24 04:44:18,438 - INFO - [70/100] | train_loss: 0.12250
2025-10-24 04:44:23,633 - INFO - [80/100] | train_loss: 0.10968
2025-10-24 04:44:28,676 - INFO - [90/100] | train_loss: 0.10819
2025-10-24 04:44:33,723 - INFO - [0/100] | train_loss: 0.02301
2025-10-24 04:44:38,784 - INFO - [10/100] | train_loss: 1.27579
2025-10-24 04:44:43,852 - INFO - [20/100] | train_loss: 0.89354
2025-10-24 04:44:48,936 - INFO - [30/100] | train_loss: 0.70615
2025-10-24 04:44:54,244 - INFO - [40/100] | train_loss: 0.67943
2025-10-24 04:44:59,340 - INFO - [50/100] | train_loss: 0.68536
2025-10-24 04:45:04,590 - INFO - [60/100] | train_loss: 0.68972
2025-10-24 04:45:09,673 - INFO - [70/100] | train_loss: 0.70392
2025-10-24 04:45:14,850 - INFO - [80/100] | train_loss: 0.70940
2025-10-24 04:45:19,911 - INFO - [90/100] | train_loss: 0.71373
2025-10-24 04:45:24,901 - INFO - ----------
2025-10-24 04:45:24,901 - INFO - sample 150/192 | d1: aiops-k8s-08; level: node; fault_type: node disk fill
2025-10-24 04:45:24,901 - INFO - sample 150/192 | predict d1: [('aiops-k8s-08', 1.984709190179288), ('aiops-k8s-01', 0.005915114208939476), ('aiops-k8s-04', 0.004431232723314943), ('cartservice-0', 0.0034990379126370458), ('cartservice', 0.0034990379126370458)]
2025-10-24 04:45:24,901 - INFO - sample 150/192 | predict d2: [('aiops-k8s-08/node_cpu_usage_rate', 0.7517140831487801), ('aiops-k8s-08/node_network_transmit_bytes_total', 0.7480127790918623), ('aiops-k8s-08/node_network_receive_packets_total', 0.7360692071733865), ('aiops-k8s-08/node_network_transmit_packets_total', 0.726099040052528), ('aiops-k8s-08/node_disk_read_time_seconds_total', 0.7200047086767825)]
2025-10-24 04:45:24,901 - INFO - ----------
2025-10-24 04:45:25,254 - INFO - [0/100] | train_loss: 0.04610
2025-10-24 04:45:30,259 - INFO - [10/100] | train_loss: 1.28705
2025-10-24 04:45:35,436 - INFO - [20/100] | train_loss: 0.92026
2025-10-24 04:45:40,478 - INFO - [30/100] | train_loss: 0.72462
2025-10-24 04:45:45,505 - INFO - [40/100] | train_loss: 0.67281
2025-10-24 04:45:50,594 - INFO - [50/100] | train_loss: 0.67327
2025-10-24 04:45:55,659 - INFO - [60/100] | train_loss: 0.67165
2025-10-24 04:46:00,959 - INFO - [70/100] | train_loss: 0.68048
2025-10-24 04:46:05,975 - INFO - [80/100] | train_loss: 0.69685
2025-10-24 04:46:11,327 - INFO - [90/100] | train_loss: 0.76097
2025-10-24 04:46:16,346 - INFO - [0/100] | train_loss: 0.05098
2025-10-24 04:46:21,321 - INFO - [10/100] | train_loss: 1.24121
2025-10-24 04:46:26,625 - INFO - [20/100] | train_loss: 1.00929
2025-10-24 04:46:31,659 - INFO - [30/100] | train_loss: 0.78749
2025-10-24 04:46:36,720 - INFO - [40/100] | train_loss: 0.67948
2025-10-24 04:46:41,777 - INFO - [50/100] | train_loss: 0.60681
2025-10-24 04:46:46,845 - INFO - [60/100] | train_loss: 0.53107
2025-10-24 04:46:51,894 - INFO - [70/100] | train_loss: 0.51175
2025-10-24 04:46:56,946 - INFO - [80/100] | train_loss: 0.55551
2025-10-24 04:47:02,031 - INFO - [90/100] | train_loss: 0.78497
2025-10-24 04:47:07,099 - INFO - [0/100] | train_loss: 0.03581
2025-10-24 04:47:12,179 - INFO - [10/100] | train_loss: 1.32946
2025-10-24 04:47:17,311 - INFO - [20/100] | train_loss: 0.90077
2025-10-24 04:47:22,423 - INFO - [30/100] | train_loss: 0.55944
2025-10-24 04:47:27,512 - INFO - [40/100] | train_loss: 0.68526
2025-10-24 04:47:32,623 - INFO - [50/100] | train_loss: 0.46612
2025-10-24 04:47:37,730 - INFO - [60/100] | train_loss: 0.43666
2025-10-24 04:47:42,827 - INFO - [70/100] | train_loss: 0.43473
2025-10-24 04:47:47,957 - INFO - [80/100] | train_loss: 0.44451
2025-10-24 04:47:53,061 - INFO - [90/100] | train_loss: 0.47970
2025-10-24 04:47:58,177 - INFO - [0/100] | train_loss: 0.04937
2025-10-24 04:48:03,232 - INFO - [10/100] | train_loss: 1.22494
2025-10-24 04:48:08,316 - INFO - [20/100] | train_loss: 0.96857
2025-10-24 04:48:13,406 - INFO - [30/100] | train_loss: 0.82664
2025-10-24 04:48:18,484 - INFO - [40/100] | train_loss: 0.59403
2025-10-24 04:48:23,831 - INFO - [50/100] | train_loss: 0.55739
2025-10-24 04:48:29,114 - INFO - [60/100] | train_loss: 0.57721
2025-10-24 04:48:34,150 - INFO - [70/100] | train_loss: 0.58381
2025-10-24 04:48:39,237 - INFO - [80/100] | train_loss: 0.56192
2025-10-24 04:48:44,316 - INFO - [90/100] | train_loss: 0.54650
2025-10-24 04:48:49,223 - INFO - ----------
2025-10-24 04:48:49,223 - INFO - sample 151/192 | d1: currencyservice; level: service; fault_type: code error
2025-10-24 04:48:49,223 - INFO - sample 151/192 | predict d1: [('currencyservice-1', 4.683810809853256), ('currencyservice', 4.644843457031158), ('currencyservice-0', 3.740325979783679), ('currencyservice-2', 3.7335882256900623), ('checkoutservice', 2.7874801444747046)]
2025-10-24 04:48:49,224 - INFO - sample 151/192 | predict d2: [('currencyservice/request', 2.880619538759742), ('<intensity>; hipstershop.CurrencyService/Convert; type: downstream', 2.7538184046963927), ('currencyservice/server_error', 2.7520715753296052), ('currencyservice/error_ratio', 2.7504235793550826), ('currencyservice/response', 2.7155741594290497)]
2025-10-24 04:48:49,224 - INFO - ----------
2025-10-24 04:48:49,574 - INFO - [0/100] | train_loss: 0.09950
2025-10-24 04:48:54,666 - INFO - [10/100] | train_loss: 0.77393
2025-10-24 04:48:59,719 - INFO - [20/100] | train_loss: 0.53904
2025-10-24 04:49:04,920 - INFO - [30/100] | train_loss: 0.36480
2025-10-24 04:49:10,237 - INFO - [40/100] | train_loss: 0.29039
2025-10-24 04:49:15,275 - INFO - [50/100] | train_loss: 0.22523
2025-10-24 04:49:20,352 - INFO - [60/100] | train_loss: 0.19237
2025-10-24 04:49:25,520 - INFO - [70/100] | train_loss: 0.18990
2025-10-24 04:49:30,581 - INFO - [80/100] | train_loss: 0.18274
2025-10-24 04:49:35,818 - INFO - [90/100] | train_loss: 0.17644
2025-10-24 04:49:40,873 - INFO - [0/100] | train_loss: 0.05810
2025-10-24 04:49:46,025 - INFO - [10/100] | train_loss: 1.32729
2025-10-24 04:49:51,123 - INFO - [20/100] | train_loss: 0.92641
2025-10-24 04:49:56,201 - INFO - [30/100] | train_loss: 0.69088
2025-10-24 04:50:01,428 - INFO - [40/100] | train_loss: 0.63604
2025-10-24 04:50:06,525 - INFO - [50/100] | train_loss: 0.63867
2025-10-24 04:50:11,765 - INFO - [60/100] | train_loss: 0.64662
2025-10-24 04:50:16,823 - INFO - [70/100] | train_loss: 0.67768
2025-10-24 04:50:22,008 - INFO - [80/100] | train_loss: 0.66879
2025-10-24 04:50:27,015 - INFO - [90/100] | train_loss: 0.66476
2025-10-24 04:50:32,009 - INFO - ----------
2025-10-24 04:50:32,010 - INFO - sample 152/192 | d1: aiops-k8s-05; level: node; fault_type: node memory
2025-10-24 04:50:32,010 - INFO - sample 152/192 | predict d1: [('aiops-k8s-05', 1.996440891450888), ('tidb-tikv', 1.1956767220360902), ('tidb-pd', 0.5877822227612874), ('productcatalogservice', 0.5876700210890284), ('checkoutservice', 0.5875467368758684)]
2025-10-24 04:50:32,010 - INFO - sample 152/192 | predict d2: [('aiops-k8s-05/node_disk_write_time_seconds_total', 0.8496168540062143), ('aiops-k8s-05/node_disk_written_bytes_total', 0.746402130446441), ('aiops-k8s-05/node_cpu_usage_rate', 0.7178995566388124), ('aiops-k8s-05/node_disk_read_bytes_total', 0.6670720505082954), ('aiops-k8s-05/node_sockstat_TCP_inuse', 0.6640320675853246)]
2025-10-24 04:50:32,010 - INFO - ----------
2025-10-24 04:50:32,357 - INFO - [0/100] | train_loss: 0.12726
2025-10-24 04:50:37,398 - INFO - [10/100] | train_loss: 1.42662
2025-10-24 04:50:42,607 - INFO - [20/100] | train_loss: 1.09834
2025-10-24 04:50:47,687 - INFO - [30/100] | train_loss: 0.95552
2025-10-24 04:50:52,849 - INFO - [40/100] | train_loss: 0.94726
2025-10-24 04:50:57,896 - INFO - [50/100] | train_loss: 0.94983
2025-10-24 04:51:03,133 - INFO - [60/100] | train_loss: 0.95962
2025-10-24 04:51:08,234 - INFO - [70/100] | train_loss: 0.96995
2025-10-24 04:51:13,532 - INFO - [80/100] | train_loss: 0.95638
2025-10-24 04:51:18,619 - INFO - [90/100] | train_loss: 0.96277
2025-10-24 04:51:23,508 - INFO - ----------
2025-10-24 04:51:23,508 - INFO - sample 153/192 | d1: checkoutservice; level: service; fault_type: network corrupt
2025-10-24 04:51:23,508 - INFO - sample 153/192 | predict d1: [('checkoutservice', 0.24331653598794745), ('checkoutservice-1', 0.24331653598794745), ('checkoutservice-2', 0.23969834800379175), ('frontend', 0.2388894995427826), ('shippingservice', 0.2388078586178466)]
2025-10-24 04:51:23,508 - INFO - sample 153/192 | predict d2: [('checkoutservice/rrt_max', 0.2199956974346584), ('checkoutservice/request', 0.21227377855092655), ('checkoutservice/error', 0.1974196199178202), ('checkoutservice/client_error_ratio', 0.19607679272818146), ('<intensity>; hipstershop.CheckoutService/PlaceOrder; type: current', 0.19420453887217803)]
2025-10-24 04:51:23,508 - INFO - ----------
2025-10-24 04:51:23,857 - INFO - [0/100] | train_loss: 0.07405
2025-10-24 04:51:29,100 - INFO - [10/100] | train_loss: 1.40013
2025-10-24 04:51:34,127 - INFO - [20/100] | train_loss: 1.06697
2025-10-24 04:51:39,153 - INFO - [30/100] | train_loss: 0.89290
2025-10-24 04:51:44,347 - INFO - [40/100] | train_loss: 0.87605
2025-10-24 04:51:49,357 - INFO - [50/100] | train_loss: 0.91039
2025-10-24 04:51:54,384 - INFO - [60/100] | train_loss: 0.90879
2025-10-24 04:51:59,406 - INFO - [70/100] | train_loss: 0.93197
2025-10-24 04:52:04,423 - INFO - [80/100] | train_loss: 0.94841
2025-10-24 04:52:09,592 - INFO - [90/100] | train_loss: 0.90076
2025-10-24 04:52:14,611 - INFO - [0/100] | train_loss: 0.02521
2025-10-24 04:52:19,598 - INFO - [10/100] | train_loss: 1.21979
2025-10-24 04:52:24,805 - INFO - [20/100] | train_loss: 0.80608
2025-10-24 04:52:29,810 - INFO - [30/100] | train_loss: 0.56393
2025-10-24 04:52:35,072 - INFO - [40/100] | train_loss: 0.50120
2025-10-24 04:52:40,143 - INFO - [50/100] | train_loss: 0.49489
2025-10-24 04:52:45,424 - INFO - [60/100] | train_loss: 0.47417
2025-10-24 04:52:50,508 - INFO - [70/100] | train_loss: 0.47143
2025-10-24 04:52:55,731 - INFO - [80/100] | train_loss: 0.47392
2025-10-24 04:53:00,812 - INFO - [90/100] | train_loss: 0.49040
2025-10-24 04:53:05,920 - INFO - [0/100] | train_loss: 0.04733
2025-10-24 04:53:10,995 - INFO - [10/100] | train_loss: 1.23102
2025-10-24 04:53:16,261 - INFO - [20/100] | train_loss: 0.81763
2025-10-24 04:53:21,349 - INFO - [30/100] | train_loss: 0.57271
2025-10-24 04:53:26,397 - INFO - [40/100] | train_loss: 0.50058
2025-10-24 04:53:31,514 - INFO - [50/100] | train_loss: 0.49665
2025-10-24 04:53:36,561 - INFO - [60/100] | train_loss: 0.47123
2025-10-24 04:53:41,635 - INFO - [70/100] | train_loss: 0.46261
2025-10-24 04:53:46,931 - INFO - [80/100] | train_loss: 0.46631
2025-10-24 04:53:52,050 - INFO - [90/100] | train_loss: 0.47132
2025-10-24 04:53:57,184 - INFO - [0/100] | train_loss: 0.03201
2025-10-24 04:54:02,244 - INFO - [10/100] | train_loss: 1.21951
2025-10-24 04:54:07,294 - INFO - [20/100] | train_loss: 0.81327
2025-10-24 04:54:12,512 - INFO - [30/100] | train_loss: 0.57239
2025-10-24 04:54:17,584 - INFO - [40/100] | train_loss: 0.51003
2025-10-24 04:54:22,685 - INFO - [50/100] | train_loss: 0.49224
2025-10-24 04:54:27,835 - INFO - [60/100] | train_loss: 0.47957
2025-10-24 04:54:32,907 - INFO - [70/100] | train_loss: 0.47276
2025-10-24 04:54:37,965 - INFO - [80/100] | train_loss: 0.48645
2025-10-24 04:54:43,011 - INFO - [90/100] | train_loss: 0.48048
2025-10-24 04:54:47,867 - INFO - ----------
2025-10-24 04:54:47,868 - INFO - sample 154/192 | d1: frontend; level: service; fault_type: code error
2025-10-24 04:54:47,868 - INFO - sample 154/192 | predict d1: [('frontend', 4.199641635186971), ('frontend-1', 3.534343215024608), ('cartservice', 3.5226243652086744), ('frontend-0', 2.592671059378573), ('frontend-2', 2.584190228329553)]
2025-10-24 04:54:47,868 - INFO - sample 154/192 | predict d2: [('frontend/response', 2.702612774248756), ('frontend/server_error_ratio', 2.676207026220286), ('frontend/rrt_max', 2.6288760316162083), ('frontend/error', 2.5563733226841308), ('frontend/rrt', 2.518896649966827)]
2025-10-24 04:54:47,868 - INFO - ----------
2025-10-24 04:54:48,215 - INFO - [0/100] | train_loss: 0.04781
2025-10-24 04:54:53,298 - INFO - [10/100] | train_loss: 1.26312
2025-10-24 04:54:58,386 - INFO - [20/100] | train_loss: 0.86838
2025-10-24 04:55:03,396 - INFO - [30/100] | train_loss: 0.64461
2025-10-24 04:55:08,594 - INFO - [40/100] | train_loss: 0.59167
2025-10-24 04:55:13,747 - INFO - [50/100] | train_loss: 0.59195
2025-10-24 04:55:18,826 - INFO - [60/100] | train_loss: 0.59204
2025-10-24 04:55:23,909 - INFO - [70/100] | train_loss: 0.59780
2025-10-24 04:55:29,009 - INFO - [80/100] | train_loss: 0.60879
2025-10-24 04:55:34,127 - INFO - [90/100] | train_loss: 0.60830
2025-10-24 04:55:39,402 - INFO - [0/100] | train_loss: 0.04222
2025-10-24 04:55:44,465 - INFO - [10/100] | train_loss: 1.27683
2025-10-24 04:55:49,710 - INFO - [20/100] | train_loss: 0.88670
2025-10-24 04:55:54,724 - INFO - [30/100] | train_loss: 0.64858
2025-10-24 04:55:59,731 - INFO - [40/100] | train_loss: 0.59098
2025-10-24 04:56:04,772 - INFO - [50/100] | train_loss: 0.59805
2025-10-24 04:56:09,807 - INFO - [60/100] | train_loss: 0.61943
2025-10-24 04:56:14,845 - INFO - [70/100] | train_loss: 0.61629
2025-10-24 04:56:20,102 - INFO - [80/100] | train_loss: 0.62410
2025-10-24 04:56:25,150 - INFO - [90/100] | train_loss: 0.62262
2025-10-24 04:56:30,374 - INFO - [0/100] | train_loss: 0.07030
2025-10-24 04:56:35,401 - INFO - [10/100] | train_loss: 1.36729
2025-10-24 04:56:40,455 - INFO - [20/100] | train_loss: 0.93307
2025-10-24 04:56:45,698 - INFO - [30/100] | train_loss: 0.70673
2025-10-24 04:56:50,703 - INFO - [40/100] | train_loss: 0.64602
2025-10-24 04:56:55,943 - INFO - [50/100] | train_loss: 0.62379
2025-10-24 04:57:00,998 - INFO - [60/100] | train_loss: 0.63958
2025-10-24 04:57:06,270 - INFO - [70/100] | train_loss: 0.62677
2025-10-24 04:57:11,344 - INFO - [80/100] | train_loss: 0.63238
2025-10-24 04:57:16,621 - INFO - [90/100] | train_loss: 0.63424
2025-10-24 04:57:21,613 - INFO - ----------
2025-10-24 04:57:21,613 - INFO - sample 155/192 | d1: tidb-tikv; level: tidb; fault_type: io fault
2025-10-24 04:57:21,613 - INFO - sample 155/192 | predict d1: [('tidb-tikv', 3.6356507622488756), ('tidb-tidb', 3.593367529299524), ('tidb-pd', 3.407315978475097), ('productcatalogservice', 2.639241526581884), ('adservice', 2.638004705218801)]
2025-10-24 04:57:21,613 - INFO - sample 155/192 | predict d2: [('productcatalogservice/rrt_max', 2.092861477638184), ('productcatalogservice/client_error', 1.7272353083806635), ('productcatalogservice/client_error_ratio', 1.7132619828145685), ('tidb-tikv/server_is_up', 1.6796676281152472), ('productcatalogservice/response', 1.6454672241745776)]
2025-10-24 04:57:21,613 - INFO - ----------
2025-10-24 04:57:21,965 - INFO - [0/100] | train_loss: 0.06879
2025-10-24 04:57:27,245 - INFO - [10/100] | train_loss: 1.25133
2025-10-24 04:57:32,319 - INFO - [20/100] | train_loss: 0.81753
2025-10-24 04:57:37,384 - INFO - [30/100] | train_loss: 0.54818
2025-10-24 04:57:42,668 - INFO - [40/100] | train_loss: 0.47498
2025-10-24 04:57:47,734 - INFO - [50/100] | train_loss: 0.45225
2025-10-24 04:57:52,962 - INFO - [60/100] | train_loss: 0.47262
2025-10-24 04:57:58,024 - INFO - [70/100] | train_loss: 0.43064
2025-10-24 04:58:03,241 - INFO - [80/100] | train_loss: 0.43381
2025-10-24 04:58:08,336 - INFO - [90/100] | train_loss: 0.41826
2025-10-24 04:58:13,328 - INFO - ----------
2025-10-24 04:58:13,328 - INFO - sample 156/192 | d1: currencyservice-1; level: pod; fault_type: cpu stress
2025-10-24 04:58:13,328 - INFO - sample 156/192 | predict d1: [('currencyservice', 0.33919098910316414), ('currencyservice-2', 0.33919098910316414), ('checkoutservice', 0.3391796406143399), ('currencyservice-1', 0.33912263330423187), ('frontend', 0.0025998355491978903)]
2025-10-24 04:58:13,328 - INFO - sample 156/192 | predict d2: [('currencyservice/rrt_max', 0.24204690605245993), ('currencyservice/rrt', 0.23412814651856628), ('currencyservice/client_error_ratio', 0.232918218316005), ('currencyservice/server_error', 0.23130485846674986), ('currencyservice/response', 0.23074631722325378)]
2025-10-24 04:58:13,328 - INFO - ----------
2025-10-24 04:58:13,685 - INFO - [0/100] | train_loss: 0.12331
2025-10-24 04:58:18,811 - INFO - [10/100] | train_loss: 1.46539
2025-10-24 04:58:24,063 - INFO - [20/100] | train_loss: 1.06338
2025-10-24 04:58:29,154 - INFO - [30/100] | train_loss: 0.92698
2025-10-24 04:58:34,227 - INFO - [40/100] | train_loss: 0.91203
2025-10-24 04:58:39,435 - INFO - [50/100] | train_loss: 0.92380
2025-10-24 04:58:44,555 - INFO - [60/100] | train_loss: 0.99752
2025-10-24 04:58:49,659 - INFO - [70/100] | train_loss: 0.92507
2025-10-24 04:58:54,701 - INFO - [80/100] | train_loss: 0.91991
2025-10-24 04:58:59,752 - INFO - [90/100] | train_loss: 0.91221
2025-10-24 04:59:04,960 - INFO - [0/100] | train_loss: 0.10736
2025-10-24 04:59:09,974 - INFO - [10/100] | train_loss: 1.26553
2025-10-24 04:59:15,032 - INFO - [20/100] | train_loss: 0.87376
2025-10-24 04:59:20,253 - INFO - [30/100] | train_loss: 0.63960
2025-10-24 04:59:25,296 - INFO - [40/100] | train_loss: 0.57068
2025-10-24 04:59:30,559 - INFO - [50/100] | train_loss: 0.53134
2025-10-24 04:59:35,608 - INFO - [60/100] | train_loss: 0.51040
2025-10-24 04:59:40,672 - INFO - [70/100] | train_loss: 0.50139
2025-10-24 04:59:45,771 - INFO - [80/100] | train_loss: 0.49649
2025-10-24 04:59:50,865 - INFO - [90/100] | train_loss: 0.49908
2025-10-24 04:59:56,254 - INFO - [0/100] | train_loss: 0.09169
2025-10-24 05:00:01,352 - INFO - [10/100] | train_loss: 1.27270
2025-10-24 05:00:06,459 - INFO - [20/100] | train_loss: 0.84695
2025-10-24 05:00:11,567 - INFO - [30/100] | train_loss: 0.60933
2025-10-24 05:00:16,648 - INFO - [40/100] | train_loss: 0.52425
2025-10-24 05:00:21,746 - INFO - [50/100] | train_loss: 0.52268
2025-10-24 05:00:26,806 - INFO - [60/100] | train_loss: 0.50247
2025-10-24 05:00:32,059 - INFO - [70/100] | train_loss: 0.49379
2025-10-24 05:00:37,132 - INFO - [80/100] | train_loss: 0.49303
2025-10-24 05:00:42,222 - INFO - [90/100] | train_loss: 0.49258
2025-10-24 05:00:47,321 - INFO - [0/100] | train_loss: 0.12160
2025-10-24 05:00:52,390 - INFO - [10/100] | train_loss: 1.27470
2025-10-24 05:00:57,489 - INFO - [20/100] | train_loss: 0.87340
2025-10-24 05:01:02,567 - INFO - [30/100] | train_loss: 0.62158
2025-10-24 05:01:07,586 - INFO - [40/100] | train_loss: 0.54024
2025-10-24 05:01:12,822 - INFO - [50/100] | train_loss: 0.52489
2025-10-24 05:01:17,923 - INFO - [60/100] | train_loss: 0.51015
2025-10-24 05:01:22,937 - INFO - [70/100] | train_loss: 0.50262
2025-10-24 05:01:27,972 - INFO - [80/100] | train_loss: 0.49996
2025-10-24 05:01:33,037 - INFO - [90/100] | train_loss: 0.50309
2025-10-24 05:01:37,943 - INFO - ----------
2025-10-24 05:01:37,943 - INFO - sample 157/192 | d1: checkoutservice; level: service; fault_type: network delay
2025-10-24 05:01:37,943 - INFO - sample 157/192 | predict d1: [('checkoutservice', 4.788324244793021), ('checkoutservice-1', 3.8622833915046884), ('checkoutservice-0', 3.8469903068465836), ('checkoutservice-2', 3.838933116024119), ('cartservice', 2.9902933670221215)]
2025-10-24 05:01:37,943 - INFO - sample 157/192 | predict d2: [('checkoutservice/request', 3.0914315139229664), ('checkoutservice/error', 2.939074657296082), ('<intensity>; hipstershop.CheckoutService/PlaceOrder; type: current', 2.9150385406877604), ('checkoutservice/rrt_max', 2.9130916407342085), ('<intensity>; hipstershop.CheckoutService/PlaceOrder; type: downstream', 2.869878286038542)]
2025-10-24 05:01:37,944 - INFO - ----------
2025-10-24 05:01:38,300 - INFO - [0/100] | train_loss: 0.09094
2025-10-24 05:01:43,488 - INFO - [10/100] | train_loss: 1.39731
2025-10-24 05:01:48,562 - INFO - [20/100] | train_loss: 1.03368
2025-10-24 05:01:53,633 - INFO - [30/100] | train_loss: 0.97090
2025-10-24 05:01:58,676 - INFO - [40/100] | train_loss: 0.89055
2025-10-24 05:02:03,761 - INFO - [50/100] | train_loss: 0.91398
2025-10-24 05:02:08,848 - INFO - [60/100] | train_loss: 0.90833
2025-10-24 05:02:13,900 - INFO - [70/100] | train_loss: 0.91213
2025-10-24 05:02:18,956 - INFO - [80/100] | train_loss: 0.90127
2025-10-24 05:02:24,005 - INFO - [90/100] | train_loss: 0.89783
2025-10-24 05:02:29,062 - INFO - [0/100] | train_loss: 0.08739
2025-10-24 05:02:34,085 - INFO - [10/100] | train_loss: 1.28498
2025-10-24 05:02:39,126 - INFO - [20/100] | train_loss: 0.84332
2025-10-24 05:02:44,174 - INFO - [30/100] | train_loss: 0.62332
2025-10-24 05:02:49,258 - INFO - [40/100] | train_loss: 0.54101
2025-10-24 05:02:54,344 - INFO - [50/100] | train_loss: 0.51989
2025-10-24 05:02:59,365 - INFO - [60/100] | train_loss: 0.50298
2025-10-24 05:03:04,426 - INFO - [70/100] | train_loss: 0.49664
2025-10-24 05:03:09,461 - INFO - [80/100] | train_loss: 0.49779
2025-10-24 05:03:14,518 - INFO - [90/100] | train_loss: 0.51684
2025-10-24 05:03:19,576 - INFO - [0/100] | train_loss: 0.06716
2025-10-24 05:03:24,597 - INFO - [10/100] | train_loss: 1.24576
2025-10-24 05:03:29,650 - INFO - [20/100] | train_loss: 0.83927
2025-10-24 05:03:34,696 - INFO - [30/100] | train_loss: 0.60091
2025-10-24 05:03:39,726 - INFO - [40/100] | train_loss: 0.53952
2025-10-24 05:03:44,800 - INFO - [50/100] | train_loss: 0.52157
2025-10-24 05:03:50,112 - INFO - [60/100] | train_loss: 0.52196
2025-10-24 05:03:55,181 - INFO - [70/100] | train_loss: 0.52184
2025-10-24 05:04:00,395 - INFO - [80/100] | train_loss: 0.52416
2025-10-24 05:04:05,977 - INFO - [90/100] | train_loss: 0.53854
2025-10-24 05:04:11,588 - INFO - [0/100] | train_loss: 0.08824
2025-10-24 05:04:16,758 - INFO - [10/100] | train_loss: 1.28147
2025-10-24 05:04:22,481 - INFO - [20/100] | train_loss: 0.88167
2025-10-24 05:04:27,748 - INFO - [30/100] | train_loss: 0.63000
2025-10-24 05:04:33,364 - INFO - [40/100] | train_loss: 0.55624
2025-10-24 05:04:38,755 - INFO - [50/100] | train_loss: 0.53011
2025-10-24 05:04:43,901 - INFO - [60/100] | train_loss: 0.52735
2025-10-24 05:04:48,926 - INFO - [70/100] | train_loss: 0.50869
2025-10-24 05:04:54,015 - INFO - [80/100] | train_loss: 0.57565
2025-10-24 05:04:59,140 - INFO - [90/100] | train_loss: 0.55220
2025-10-24 05:05:04,530 - INFO - ----------
2025-10-24 05:05:04,530 - INFO - sample 158/192 | d1: checkoutservice; level: service; fault_type: dns error
2025-10-24 05:05:04,530 - INFO - sample 158/192 | predict d1: [('checkoutservice', 3.353017490519793), ('checkoutservice-0', 2.7540462315353884), ('checkoutservice-1', 2.6038332259895745), ('cartservice', 2.107134366451115), ('checkoutservice-2', 2.0076950444511206)]
2025-10-24 05:05:04,530 - INFO - sample 158/192 | predict d2: [('<intensity>; hipstershop.CheckoutService/PlaceOrder; type: upstream', 1.9974523532849169), ('checkoutservice/timeout', 1.9963299944641193), ('checkoutservice/client_error', 1.981946329536779), ('checkoutservice/request', 1.98102590471645), ('checkoutservice/response', 1.9458011114814902)]
2025-10-24 05:05:04,530 - INFO - ----------
2025-10-24 05:05:04,877 - INFO - [0/100] | train_loss: 0.09060
2025-10-24 05:05:09,858 - INFO - [10/100] | train_loss: 1.27392
2025-10-24 05:05:14,828 - INFO - [20/100] | train_loss: 0.89418
2025-10-24 05:05:19,810 - INFO - [30/100] | train_loss: 0.69770
2025-10-24 05:05:24,820 - INFO - [40/100] | train_loss: 0.56326
2025-10-24 05:05:29,839 - INFO - [50/100] | train_loss: 0.52171
2025-10-24 05:05:35,226 - INFO - [60/100] | train_loss: 0.52636
2025-10-24 05:05:40,247 - INFO - [70/100] | train_loss: 0.51348
2025-10-24 05:05:45,286 - INFO - [80/100] | train_loss: 0.52890
2025-10-24 05:05:50,438 - INFO - [90/100] | train_loss: 0.48968
2025-10-24 05:05:55,342 - INFO - ----------
2025-10-24 05:05:55,342 - INFO - sample 159/192 | d1: frontend; level: service; fault_type: network loss
2025-10-24 05:05:55,342 - INFO - sample 159/192 | predict d1: [('cartservice-1', 1.0189659444110362), ('cartservice', 0.5072855303740766), ('redis-cart', 0.5072766543476348), ('cartservice-2', 0.507251459853336), ('frontend', 0.00439276998283189)]
2025-10-24 05:05:55,342 - INFO - sample 159/192 | predict d2: [('cartservice/response', 0.4176144514347868), ('cartservice/server_error_ratio', 0.3770906019437632), ('<intensity>; hipstershop.CartService/AddItem; type: upstream', 0.36199604967785604), ('<intensity>; POST /hipstershop.CartService/EmptyCart; type: current', 0.34825898042498693), ('cartservice/rrt', 0.33409879007658105)]
2025-10-24 05:05:55,342 - INFO - ----------
2025-10-24 05:05:55,689 - INFO - [0/100] | train_loss: 0.18523
2025-10-24 05:06:00,877 - INFO - [10/100] | train_loss: 0.84583
2025-10-24 05:06:05,980 - INFO - [20/100] | train_loss: 0.62039
2025-10-24 05:06:11,076 - INFO - [30/100] | train_loss: 0.41944
2025-10-24 05:06:16,360 - INFO - [40/100] | train_loss: 0.31926
2025-10-24 05:06:21,410 - INFO - [50/100] | train_loss: 0.26485
2025-10-24 05:06:26,596 - INFO - [60/100] | train_loss: 0.23813
2025-10-24 05:06:31,675 - INFO - [70/100] | train_loss: 0.23334
2025-10-24 05:06:36,882 - INFO - [80/100] | train_loss: 0.20495
2025-10-24 05:06:41,975 - INFO - [90/100] | train_loss: 0.19948
2025-10-24 05:06:47,245 - INFO - [0/100] | train_loss: 0.07274
2025-10-24 05:06:52,347 - INFO - [10/100] | train_loss: 1.25320
2025-10-24 05:06:57,589 - INFO - [20/100] | train_loss: 0.85315
2025-10-24 05:07:02,703 - INFO - [30/100] | train_loss: 0.59243
2025-10-24 05:07:07,986 - INFO - [40/100] | train_loss: 0.52512
2025-10-24 05:07:13,071 - INFO - [50/100] | train_loss: 0.51394
2025-10-24 05:07:18,175 - INFO - [60/100] | train_loss: 0.50109
2025-10-24 05:07:23,426 - INFO - [70/100] | train_loss: 0.50960
2025-10-24 05:07:28,540 - INFO - [80/100] | train_loss: 0.58738
2025-10-24 05:07:33,668 - INFO - [90/100] | train_loss: 0.49846
2025-10-24 05:07:38,662 - INFO - ----------
2025-10-24 05:07:38,662 - INFO - sample 160/192 | d1: aiops-k8s-08; level: node; fault_type: node memory
2025-10-24 05:07:38,662 - INFO - sample 160/192 | predict d1: [('aiops-k8s-08', 1.9933426427628085), ('checkoutservice-0', 0.12816921675745618), ('checkoutservice', 0.12816718067337618), ('emailservice', 0.12816718067337618), ('cartservice', 0.12816369687932294)]
2025-10-24 05:07:38,662 - INFO - sample 160/192 | predict d2: [('aiops-k8s-08/node_disk_read_bytes_total', 0.7891244881375954), ('aiops-k8s-08/node_disk_read_time_seconds_total', 0.7570142755904037), ('aiops-k8s-08/node_disk_written_bytes_total', 0.7557659401620533), ('aiops-k8s-08/node_network_transmit_packets_total', 0.7165077606183203), ('aiops-k8s-08/node_cpu_usage_rate', 0.7140013306325201)]
2025-10-24 05:07:38,662 - INFO - ----------
2025-10-24 05:07:39,012 - INFO - [0/100] | train_loss: 0.15311
2025-10-24 05:07:44,011 - INFO - [10/100] | train_loss: 1.44521
2025-10-24 05:07:49,157 - INFO - [20/100] | train_loss: 1.09681
2025-10-24 05:07:54,188 - INFO - [30/100] | train_loss: 0.96562
2025-10-24 05:07:59,252 - INFO - [40/100] | train_loss: 0.93502
2025-10-24 05:08:04,466 - INFO - [50/100] | train_loss: 0.94464
2025-10-24 05:08:09,541 - INFO - [60/100] | train_loss: 0.98043
2025-10-24 05:08:14,763 - INFO - [70/100] | train_loss: 0.98359
2025-10-24 05:08:19,871 - INFO - [80/100] | train_loss: 0.96079
2025-10-24 05:08:25,068 - INFO - [90/100] | train_loss: 0.94510
2025-10-24 05:08:30,154 - INFO - [0/100] | train_loss: 0.18408
2025-10-24 05:08:35,343 - INFO - [10/100] | train_loss: 1.30281
2025-10-24 05:08:40,394 - INFO - [20/100] | train_loss: 0.88388
2025-10-24 05:08:45,596 - INFO - [30/100] | train_loss: 0.65451
2025-10-24 05:08:50,655 - INFO - [40/100] | train_loss: 0.57570
2025-10-24 05:08:55,946 - INFO - [50/100] | train_loss: 0.56170
2025-10-24 05:09:00,964 - INFO - [60/100] | train_loss: 0.55722
2025-10-24 05:09:06,130 - INFO - [70/100] | train_loss: 0.53407
2025-10-24 05:09:11,151 - INFO - [80/100] | train_loss: 0.54082
2025-10-24 05:09:16,211 - INFO - [90/100] | train_loss: 0.55880
2025-10-24 05:09:21,277 - INFO - [0/100] | train_loss: 0.13384
2025-10-24 05:09:26,526 - INFO - [10/100] | train_loss: 1.34499
2025-10-24 05:09:31,584 - INFO - [20/100] | train_loss: 0.92376
2025-10-24 05:09:36,655 - INFO - [30/100] | train_loss: 0.64706
2025-10-24 05:09:41,807 - INFO - [40/100] | train_loss: 0.57713
2025-10-24 05:09:46,860 - INFO - [50/100] | train_loss: 0.57386
2025-10-24 05:09:51,925 - INFO - [60/100] | train_loss: 0.54506
2025-10-24 05:09:56,968 - INFO - [70/100] | train_loss: 0.54633
2025-10-24 05:10:02,193 - INFO - [80/100] | train_loss: 0.58039
2025-10-24 05:10:07,330 - INFO - [90/100] | train_loss: 0.54091
2025-10-24 05:10:12,471 - INFO - [0/100] | train_loss: 0.16497
2025-10-24 05:10:17,560 - INFO - [10/100] | train_loss: 1.29684
2025-10-24 05:10:22,851 - INFO - [20/100] | train_loss: 0.88334
2025-10-24 05:10:28,003 - INFO - [30/100] | train_loss: 0.65165
2025-10-24 05:10:33,251 - INFO - [40/100] | train_loss: 0.58168
2025-10-24 05:10:38,370 - INFO - [50/100] | train_loss: 0.56480
2025-10-24 05:10:43,601 - INFO - [60/100] | train_loss: 0.54942
2025-10-24 05:10:48,712 - INFO - [70/100] | train_loss: 0.54151
2025-10-24 05:10:53,949 - INFO - [80/100] | train_loss: 0.54205
2025-10-24 05:10:59,079 - INFO - [90/100] | train_loss: 0.54532
2025-10-24 05:11:04,147 - INFO - ----------
2025-10-24 05:11:04,147 - INFO - sample 161/192 | d1: checkoutservice; level: service; fault_type: network delay
2025-10-24 05:11:04,147 - INFO - sample 161/192 | predict d1: [('checkoutservice', 4.838053469295382), ('checkoutservice-2', 3.877467330637243), ('emailservice', 3.85195457695335), ('cartservice', 3.842633834678484), ('checkoutservice-1', 2.9230181277843714)]
2025-10-24 05:11:04,147 - INFO - sample 161/192 | predict d2: [('checkoutservice/request', 3.1366023878724434), ('<intensity>; hipstershop.CheckoutService/PlaceOrder; type: downstream', 3.0333463981332187), ('checkoutservice/rrt', 3.0218468879326927), ('checkoutservice/response', 3.0174527546289056), ('<intensity>; hipstershop.CheckoutService/PlaceOrder; type: current', 2.993509607649301)]
2025-10-24 05:11:04,147 - INFO - ----------
2025-10-24 05:11:04,505 - INFO - [0/100] | train_loss: 0.08885
2025-10-24 05:11:09,587 - INFO - [10/100] | train_loss: 1.32067
2025-10-24 05:11:14,812 - INFO - [20/100] | train_loss: 0.97777
2025-10-24 05:11:19,879 - INFO - [30/100] | train_loss: 0.74006
2025-10-24 05:11:24,934 - INFO - [40/100] | train_loss: 0.71959
2025-10-24 05:11:30,167 - INFO - [50/100] | train_loss: 0.63759
2025-10-24 05:11:35,268 - INFO - [60/100] | train_loss: 0.63754
2025-10-24 05:11:40,408 - INFO - [70/100] | train_loss: 0.72549
2025-10-24 05:11:45,551 - INFO - [80/100] | train_loss: 0.66597
2025-10-24 05:11:50,588 - INFO - [90/100] | train_loss: 0.67910
2025-10-24 05:11:55,822 - INFO - [0/100] | train_loss: 0.08371
2025-10-24 05:12:00,879 - INFO - [10/100] | train_loss: 1.30937
2025-10-24 05:12:06,058 - INFO - [20/100] | train_loss: 0.94100
2025-10-24 05:12:11,106 - INFO - [30/100] | train_loss: 0.72231
2025-10-24 05:12:16,310 - INFO - [40/100] | train_loss: 0.68095
2025-10-24 05:12:21,401 - INFO - [50/100] | train_loss: 0.65405
2025-10-24 05:12:26,490 - INFO - [60/100] | train_loss: 0.66204
2025-10-24 05:12:31,593 - INFO - [70/100] | train_loss: 0.66416
2025-10-24 05:12:36,700 - INFO - [80/100] | train_loss: 0.67734
2025-10-24 05:12:42,054 - INFO - [90/100] | train_loss: 0.69334
2025-10-24 05:12:46,953 - INFO - ----------
2025-10-24 05:12:46,954 - INFO - sample 162/192 | d1: tidb-tikv; level: tidb; fault_type: io fault
2025-10-24 05:12:46,954 - INFO - sample 162/192 | predict d1: [('tidb-tikv', 2.457552758357277), ('tidb-tidb', 2.088499716646222), ('productcatalogservice', 1.499085909910498), ('adservice', 1.4988681182154586), ('tidb-pd', 1.4981836585991424)]
2025-10-24 05:12:46,954 - INFO - sample 162/192 | predict d2: [('tidb-tikv/server_is_up', 1.1853734302667185), ('productcatalogservice/rrt_max', 1.165535831524842), ('productcatalogservice/client_error_ratio', 1.110899040567002), ('productcatalogservice/server_error', 1.105420133005218), ('tidb-tikv/write_wal_mbps', 1.0434142424139736)]
2025-10-24 05:12:46,954 - INFO - ----------
2025-10-24 05:12:47,302 - INFO - [0/100] | train_loss: 0.10400
2025-10-24 05:12:52,360 - INFO - [10/100] | train_loss: 0.84174
2025-10-24 05:12:57,404 - INFO - [20/100] | train_loss: 0.57718
2025-10-24 05:13:02,504 - INFO - [30/100] | train_loss: 0.40401
2025-10-24 05:13:07,829 - INFO - [40/100] | train_loss: 0.33329
2025-10-24 05:13:12,819 - INFO - [50/100] | train_loss: 0.28835
2025-10-24 05:13:17,801 - INFO - [60/100] | train_loss: 0.21655
2025-10-24 05:13:22,765 - INFO - [70/100] | train_loss: 0.20505
2025-10-24 05:13:27,738 - INFO - [80/100] | train_loss: 0.21233
2025-10-24 05:13:32,724 - INFO - [90/100] | train_loss: 0.19577
2025-10-24 05:13:38,005 - INFO - [0/100] | train_loss: 0.10082
2025-10-24 05:13:43,030 - INFO - [10/100] | train_loss: 1.60948
2025-10-24 05:13:48,144 - INFO - [20/100] | train_loss: 1.07256
2025-10-24 05:13:53,178 - INFO - [30/100] | train_loss: 0.92456
2025-10-24 05:13:58,259 - INFO - [40/100] | train_loss: 0.90989
2025-10-24 05:14:03,337 - INFO - [50/100] | train_loss: 0.92150
2025-10-24 05:14:08,428 - INFO - [60/100] | train_loss: 0.93667
2025-10-24 05:14:13,563 - INFO - [70/100] | train_loss: 0.94497
2025-10-24 05:14:18,687 - INFO - [80/100] | train_loss: 0.92844
2025-10-24 05:14:23,822 - INFO - [90/100] | train_loss: 0.92301
2025-10-24 05:14:28,915 - INFO - [0/100] | train_loss: 0.10580
2025-10-24 05:14:33,966 - INFO - [10/100] | train_loss: 1.25256
2025-10-24 05:14:39,012 - INFO - [20/100] | train_loss: 0.88264
2025-10-24 05:14:44,049 - INFO - [30/100] | train_loss: 0.58626
2025-10-24 05:14:49,137 - INFO - [40/100] | train_loss: 0.52051
2025-10-24 05:14:54,220 - INFO - [50/100] | train_loss: 0.50524
2025-10-24 05:14:59,288 - INFO - [60/100] | train_loss: 0.49117
2025-10-24 05:15:04,356 - INFO - [70/100] | train_loss: 0.48116
2025-10-24 05:15:09,444 - INFO - [80/100] | train_loss: 0.48254
2025-10-24 05:15:14,512 - INFO - [90/100] | train_loss: 0.48737
2025-10-24 05:15:19,556 - INFO - [0/100] | train_loss: 0.07097
2025-10-24 05:15:24,607 - INFO - [10/100] | train_loss: 1.31590
2025-10-24 05:15:29,669 - INFO - [20/100] | train_loss: 0.83752
2025-10-24 05:15:34,729 - INFO - [30/100] | train_loss: 0.58820
2025-10-24 05:15:39,773 - INFO - [40/100] | train_loss: 0.52239
2025-10-24 05:15:44,812 - INFO - [50/100] | train_loss: 0.50705
2025-10-24 05:15:49,861 - INFO - [60/100] | train_loss: 0.50464
2025-10-24 05:15:54,923 - INFO - [70/100] | train_loss: 0.49730
2025-10-24 05:15:59,985 - INFO - [80/100] | train_loss: 0.49734
2025-10-24 05:16:05,081 - INFO - [90/100] | train_loss: 0.50605
2025-10-24 05:16:10,206 - INFO - [0/100] | train_loss: 0.08253
2025-10-24 05:16:15,290 - INFO - [10/100] | train_loss: 1.27721
2025-10-24 05:16:20,348 - INFO - [20/100] | train_loss: 0.83360
2025-10-24 05:16:25,411 - INFO - [30/100] | train_loss: 0.59131
2025-10-24 05:16:30,443 - INFO - [40/100] | train_loss: 0.51738
2025-10-24 05:16:35,497 - INFO - [50/100] | train_loss: 0.49715
2025-10-24 05:16:40,592 - INFO - [60/100] | train_loss: 0.64626
2025-10-24 05:16:45,662 - INFO - [70/100] | train_loss: 0.47731
2025-10-24 05:16:50,782 - INFO - [80/100] | train_loss: 0.48387
2025-10-24 05:16:55,899 - INFO - [90/100] | train_loss: 0.50421
2025-10-24 05:17:00,812 - INFO - ----------
2025-10-24 05:17:00,812 - INFO - sample 163/192 | d1: checkoutservice; level: service; fault_type: network corrupt
2025-10-24 05:17:00,812 - INFO - sample 163/192 | predict d1: [('checkoutservice', 4.896042913301674), ('checkoutservice-0', 3.865031036288811), ('cartservice', 3.860344096380093), ('emailservice', 3.0132252215989235), ('checkoutservice-1', 2.954487072998383)]
2025-10-24 05:17:00,812 - INFO - sample 163/192 | predict d2: [('checkoutservice/rrt_max', 3.2380129692693203), ('checkoutservice/request', 3.1155107039937597), ('checkoutservice/error', 3.1025752184064608), ('checkoutservice/rrt', 3.0393054120946346), ('<intensity>; hipstershop.CheckoutService/PlaceOrder; type: current', 3.0332178589706125)]
2025-10-24 05:17:00,812 - INFO - ----------
2025-10-24 05:17:01,163 - INFO - [0/100] | train_loss: 0.06521
2025-10-24 05:17:06,197 - INFO - [10/100] | train_loss: 1.29529
2025-10-24 05:17:11,247 - INFO - [20/100] | train_loss: 0.89759
2025-10-24 05:17:16,303 - INFO - [30/100] | train_loss: 0.67653
2025-10-24 05:17:21,342 - INFO - [40/100] | train_loss: 0.62298
2025-10-24 05:17:26,401 - INFO - [50/100] | train_loss: 0.62165
2025-10-24 05:17:31,476 - INFO - [60/100] | train_loss: 0.62187
2025-10-24 05:17:36,559 - INFO - [70/100] | train_loss: 0.63415
2025-10-24 05:17:41,630 - INFO - [80/100] | train_loss: 0.65974
2025-10-24 05:17:46,718 - INFO - [90/100] | train_loss: 0.63984
2025-10-24 05:17:51,830 - INFO - [0/100] | train_loss: 0.05921
2025-10-24 05:17:56,887 - INFO - [10/100] | train_loss: 1.28965
2025-10-24 05:18:01,948 - INFO - [20/100] | train_loss: 0.89920
2025-10-24 05:18:06,978 - INFO - [30/100] | train_loss: 0.68087
2025-10-24 05:18:12,024 - INFO - [40/100] | train_loss: 0.62291
2025-10-24 05:18:17,094 - INFO - [50/100] | train_loss: 0.62200
2025-10-24 05:18:22,155 - INFO - [60/100] | train_loss: 0.62692
2025-10-24 05:18:27,202 - INFO - [70/100] | train_loss: 0.63690
2025-10-24 05:18:32,244 - INFO - [80/100] | train_loss: 0.64567
2025-10-24 05:18:37,319 - INFO - [90/100] | train_loss: 0.64459
2025-10-24 05:18:42,411 - INFO - [0/100] | train_loss: 0.08679
2025-10-24 05:18:47,480 - INFO - [10/100] | train_loss: 1.32144
2025-10-24 05:18:52,620 - INFO - [20/100] | train_loss: 0.94666
2025-10-24 05:18:57,747 - INFO - [30/100] | train_loss: 0.71925
2025-10-24 05:19:02,826 - INFO - [40/100] | train_loss: 0.64898
2025-10-24 05:19:07,944 - INFO - [50/100] | train_loss: 0.63571
2025-10-24 05:19:13,037 - INFO - [60/100] | train_loss: 0.63313
2025-10-24 05:19:18,186 - INFO - [70/100] | train_loss: 0.65742
2025-10-24 05:19:23,252 - INFO - [80/100] | train_loss: 0.64209
2025-10-24 05:19:28,365 - INFO - [90/100] | train_loss: 0.67520
2025-10-24 05:19:33,259 - INFO - ----------
2025-10-24 05:19:33,259 - INFO - sample 164/192 | d1: tidb-tikv; level: tidb; fault_type: io fault
2025-10-24 05:19:33,259 - INFO - sample 164/192 | predict d1: [('tidb-tikv', 3.090841276591096), ('tidb-tidb', 2.8082546168656037), ('productcatalogservice', 2.112342827898015), ('adservice', 2.112230181948906), ('tidb-pd', 1.9618282860380645)]
2025-10-24 05:19:33,259 - INFO - sample 164/192 | predict d2: [('productcatalogservice/rrt_max', 1.5843089284728613), ('<duration>; hipstershop.ProductCatalogService/ListProducts; type: current', 1.4955020004054091), ('productcatalogservice/rrt', 1.459021410189667), ('productcatalogservice/client_error', 1.4535983869598859), ('<intensity>; hipstershop.ProductCatalogService/ListProducts; type: downstream', 1.4493266544290861)]
2025-10-24 05:19:33,259 - INFO - ----------
2025-10-24 05:19:33,608 - INFO - [0/100] | train_loss: 0.09762
2025-10-24 05:19:38,613 - INFO - [10/100] | train_loss: 0.81108
2025-10-24 05:19:43,645 - INFO - [20/100] | train_loss: 0.56799
2025-10-24 05:19:48,692 - INFO - [30/100] | train_loss: 0.37974
2025-10-24 05:19:53,730 - INFO - [40/100] | train_loss: 0.28270
2025-10-24 05:19:58,790 - INFO - [50/100] | train_loss: 0.21138
2025-10-24 05:20:03,911 - INFO - [60/100] | train_loss: 0.20349
2025-10-24 05:20:08,987 - INFO - [70/100] | train_loss: 0.16922
2025-10-24 05:20:14,065 - INFO - [80/100] | train_loss: 0.16105
2025-10-24 05:20:19,178 - INFO - [90/100] | train_loss: 0.16066
2025-10-24 05:20:24,311 - INFO - [0/100] | train_loss: 0.03263
2025-10-24 05:20:29,385 - INFO - [10/100] | train_loss: 1.27758
2025-10-24 05:20:34,503 - INFO - [20/100] | train_loss: 0.87392
2025-10-24 05:20:39,592 - INFO - [30/100] | train_loss: 0.63527
2025-10-24 05:20:44,710 - INFO - [40/100] | train_loss: 0.57731
2025-10-24 05:20:49,772 - INFO - [50/100] | train_loss: 0.58523
2025-10-24 05:20:54,816 - INFO - [60/100] | train_loss: 0.59200
2025-10-24 05:20:59,872 - INFO - [70/100] | train_loss: 0.60397
2025-10-24 05:21:04,937 - INFO - [80/100] | train_loss: 0.60669
2025-10-24 05:21:09,994 - INFO - [90/100] | train_loss: 0.61366
2025-10-24 05:21:14,861 - INFO - ----------
2025-10-24 05:21:14,861 - INFO - sample 165/192 | d1: aiops-k8s-05; level: node; fault_type: node memory
2025-10-24 05:21:14,861 - INFO - sample 165/192 | predict d1: [('aiops-k8s-05', 1.9452204201045333), ('tidb-tidb', 0.04556743061399082), ('tidb-tikv', 0.04556743061399082), ('tidb-pd', 0.045545353341912787), ('productcatalogservice', 0.045544238810247606)]
2025-10-24 05:21:14,861 - INFO - sample 165/192 | predict d2: [('aiops-k8s-05/node_disk_read_time_seconds_total', 0.8393560051252962), ('aiops-k8s-05/node_cpu_usage_rate', 0.7877041506133082), ('aiops-k8s-05/node_disk_read_bytes_total', 0.7467671339717299), ('aiops-k8s-05/node_sockstat_TCP_inuse', 0.6644921086202658), ('aiops-k8s-05/node_filesystem_free_bytes', 0.6108614807668573)]
2025-10-24 05:21:14,861 - INFO - ----------
2025-10-24 05:21:15,208 - INFO - [0/100] | train_loss: 0.11456
2025-10-24 05:21:20,259 - INFO - [10/100] | train_loss: 0.81828
2025-10-24 05:21:25,289 - INFO - [20/100] | train_loss: 0.63276
2025-10-24 05:21:30,317 - INFO - [30/100] | train_loss: 0.39957
2025-10-24 05:21:35,348 - INFO - [40/100] | train_loss: 0.38866
2025-10-24 05:21:40,368 - INFO - [50/100] | train_loss: 0.27101
2025-10-24 05:21:45,411 - INFO - [60/100] | train_loss: 0.24769
2025-10-24 05:21:50,435 - INFO - [70/100] | train_loss: 0.26925
2025-10-24 05:21:55,844 - INFO - [80/100] | train_loss: 0.26334
2025-10-24 05:22:00,887 - INFO - [90/100] | train_loss: 0.22214
2025-10-24 05:22:05,970 - INFO - [0/100] | train_loss: 0.09184
2025-10-24 05:22:11,014 - INFO - [10/100] | train_loss: 1.23488
2025-10-24 05:22:16,140 - INFO - [20/100] | train_loss: 0.82845
2025-10-24 05:22:21,607 - INFO - [30/100] | train_loss: 0.58917
2025-10-24 05:22:26,884 - INFO - [40/100] | train_loss: 0.52497
2025-10-24 05:22:31,975 - INFO - [50/100] | train_loss: 0.51848
2025-10-24 05:22:37,131 - INFO - [60/100] | train_loss: 0.49577
2025-10-24 05:22:42,316 - INFO - [70/100] | train_loss: 0.49970
2025-10-24 05:22:47,451 - INFO - [80/100] | train_loss: 0.50323
2025-10-24 05:22:52,513 - INFO - [90/100] | train_loss: 0.49901
2025-10-24 05:22:57,651 - INFO - ----------
2025-10-24 05:22:57,651 - INFO - sample 166/192 | d1: checkoutservice-0; level: pod; fault_type: dns error
2025-10-24 05:22:57,651 - INFO - sample 166/192 | predict d1: [('aiops-k8s-08', 0.229503787615557), ('checkoutservice-2', 0.14698908115076392), ('checkoutservice', 0.14698908115076392), ('cartservice', 0.1468822692479428), ('checkoutservice-0', 0.001895180526269663)]
2025-10-24 05:22:57,651 - INFO - sample 166/192 | predict d2: [('aiops-k8s-08/node_disk_read_bytes_total', 0.18162711292989187), ('aiops-k8s-08/node_disk_write_time_seconds_total', 0.1730545835009245), ('aiops-k8s-08/node_network_receive_packets_total', 0.17211339095585032), ('aiops-k8s-08/node_disk_written_bytes_total', 0.16896867409995409), ('aiops-k8s-08/node_cpu_usage_rate', 0.16448092909690182)]
2025-10-24 05:22:57,651 - INFO - ----------
2025-10-24 05:22:57,998 - INFO - [0/100] | train_loss: 0.08226
2025-10-24 05:23:03,007 - INFO - [10/100] | train_loss: 1.30678
2025-10-24 05:23:08,034 - INFO - [20/100] | train_loss: 0.93669
2025-10-24 05:23:13,227 - INFO - [30/100] | train_loss: 0.70349
2025-10-24 05:23:18,317 - INFO - [40/100] | train_loss: 0.65054
2025-10-24 05:23:23,552 - INFO - [50/100] | train_loss: 0.65982
2025-10-24 05:23:28,570 - INFO - [60/100] | train_loss: 0.63585
2025-10-24 05:23:33,796 - INFO - [70/100] | train_loss: 0.65481
2025-10-24 05:23:38,896 - INFO - [80/100] | train_loss: 0.65656
2025-10-24 05:23:43,971 - INFO - [90/100] | train_loss: 0.66516
2025-10-24 05:23:49,047 - INFO - [0/100] | train_loss: 0.05785
2025-10-24 05:23:54,072 - INFO - [10/100] | train_loss: 1.29999
2025-10-24 05:23:59,360 - INFO - [20/100] | train_loss: 0.90124
2025-10-24 05:24:04,396 - INFO - [30/100] | train_loss: 0.67227
2025-10-24 05:24:09,457 - INFO - [40/100] | train_loss: 0.61403
2025-10-24 05:24:14,540 - INFO - [50/100] | train_loss: 0.61932
2025-10-24 05:24:19,588 - INFO - [60/100] | train_loss: 0.63126
2025-10-24 05:24:24,640 - INFO - [70/100] | train_loss: 0.63322
2025-10-24 05:24:29,852 - INFO - [80/100] | train_loss: 0.63866
2025-10-24 05:24:34,892 - INFO - [90/100] | train_loss: 0.63830
2025-10-24 05:24:39,934 - INFO - [0/100] | train_loss: 0.07879
2025-10-24 05:24:44,964 - INFO - [10/100] | train_loss: 1.30638
2025-10-24 05:24:50,017 - INFO - [20/100] | train_loss: 0.92886
2025-10-24 05:24:55,093 - INFO - [30/100] | train_loss: 0.69499
2025-10-24 05:25:00,329 - INFO - [40/100] | train_loss: 0.62427
2025-10-24 05:25:05,409 - INFO - [50/100] | train_loss: 0.62121
2025-10-24 05:25:10,529 - INFO - [60/100] | train_loss: 0.60449
2025-10-24 05:25:15,579 - INFO - [70/100] | train_loss: 0.60476
2025-10-24 05:25:20,790 - INFO - [80/100] | train_loss: 0.60447
2025-10-24 05:25:26,021 - INFO - [90/100] | train_loss: 0.61145
2025-10-24 05:25:31,179 - INFO - ----------
2025-10-24 05:25:31,179 - INFO - sample 167/192 | d1: tidb-tikv; level: tidb; fault_type: io fault
2025-10-24 05:25:31,179 - INFO - sample 167/192 | predict d1: [('tidb-tikv', 3.400781586953837), ('tidb-pd', 2.621142879376944), ('productcatalogservice', 2.463339680207614), ('adservice', 2.462740151548907), ('tidb-tidb', 2.3964807814674436)]
2025-10-24 05:25:31,179 - INFO - sample 167/192 | predict d2: [('productcatalogservice/rrt_max', 1.9201745795541036), ('<intensity>; hipstershop.ProductCatalogService/ListProducts; type: downstream', 1.859363453130019), ('<duration>; hipstershop.ProductCatalogService/ListProducts; type: downstream', 1.817033601485047), ('productcatalogservice/response', 1.7538193397568307), ('productcatalogservice/client_error', 1.6387575875520284)]
2025-10-24 05:25:31,179 - INFO - ----------
2025-10-24 05:25:31,524 - INFO - [0/100] | train_loss: 0.11726
2025-10-24 05:25:36,843 - INFO - [10/100] | train_loss: 1.34988
2025-10-24 05:25:41,873 - INFO - [20/100] | train_loss: 0.96897
2025-10-24 05:25:46,891 - INFO - [30/100] | train_loss: 0.77114
2025-10-24 05:25:51,961 - INFO - [40/100] | train_loss: 0.72481
2025-10-24 05:25:57,034 - INFO - [50/100] | train_loss: 0.74730
2025-10-24 05:26:02,089 - INFO - [60/100] | train_loss: 0.72046
2025-10-24 05:26:07,136 - INFO - [70/100] | train_loss: 0.74304
2025-10-24 05:26:12,199 - INFO - [80/100] | train_loss: 0.80522
2025-10-24 05:26:17,532 - INFO - [90/100] | train_loss: 0.77328
2025-10-24 05:26:22,785 - INFO - [0/100] | train_loss: 0.10342
2025-10-24 05:26:28,014 - INFO - [10/100] | train_loss: 1.27824
2025-10-24 05:26:33,011 - INFO - [20/100] | train_loss: 0.88164
2025-10-24 05:26:38,020 - INFO - [30/100] | train_loss: 0.59148
2025-10-24 05:26:43,044 - INFO - [40/100] | train_loss: 0.50664
2025-10-24 05:26:48,063 - INFO - [50/100] | train_loss: 0.48988
2025-10-24 05:26:53,145 - INFO - [60/100] | train_loss: 0.54884
2025-10-24 05:26:58,221 - INFO - [70/100] | train_loss: 0.47486
2025-10-24 05:27:03,430 - INFO - [80/100] | train_loss: 0.50259
2025-10-24 05:27:08,448 - INFO - [90/100] | train_loss: 0.48110
2025-10-24 05:27:13,468 - INFO - [0/100] | train_loss: 0.12908
2025-10-24 05:27:18,506 - INFO - [10/100] | train_loss: 1.31474
2025-10-24 05:27:23,559 - INFO - [20/100] | train_loss: 0.88365
2025-10-24 05:27:28,610 - INFO - [30/100] | train_loss: 0.62421
2025-10-24 05:27:33,823 - INFO - [40/100] | train_loss: 0.51273
2025-10-24 05:27:38,849 - INFO - [50/100] | train_loss: 0.50655
2025-10-24 05:27:44,047 - INFO - [60/100] | train_loss: 0.48747
2025-10-24 05:27:49,114 - INFO - [70/100] | train_loss: 0.54847
2025-10-24 05:27:54,406 - INFO - [80/100] | train_loss: 0.45716
2025-10-24 05:27:59,485 - INFO - [90/100] | train_loss: 0.46107
2025-10-24 05:28:04,581 - INFO - [0/100] | train_loss: 0.10212
2025-10-24 05:28:09,856 - INFO - [10/100] | train_loss: 1.29211
2025-10-24 05:28:14,965 - INFO - [20/100] | train_loss: 0.88602
2025-10-24 05:28:20,215 - INFO - [30/100] | train_loss: 0.68067
2025-10-24 05:28:25,301 - INFO - [40/100] | train_loss: 0.61962
2025-10-24 05:28:30,386 - INFO - [50/100] | train_loss: 0.51903
2025-10-24 05:28:35,478 - INFO - [60/100] | train_loss: 0.48370
2025-10-24 05:28:40,577 - INFO - [70/100] | train_loss: 0.47574
2025-10-24 05:28:45,830 - INFO - [80/100] | train_loss: 0.52331
2025-10-24 05:28:50,900 - INFO - [90/100] | train_loss: 0.45713
2025-10-24 05:28:55,740 - INFO - ----------
2025-10-24 05:28:55,740 - INFO - sample 168/192 | d1: currencyservice; level: service; fault_type: cpu stress
2025-10-24 05:28:55,740 - INFO - sample 168/192 | predict d1: [('currencyservice', 4.659258176730084), ('currencyservice-1', 2.8319238472605455), ('currencyservice-2', 2.7948978365825776), ('currencyservice-0', 2.7871062022160533), ('checkoutservice', 1.8493025434379073)]
2025-10-24 05:28:55,740 - INFO - sample 168/192 | predict d2: [('currencyservice/rrt_max', 3.001700272108888), ('currencyservice/error', 2.965949220167545), ('currencyservice/response', 2.8704541626154096), ('currencyservice/client_error_ratio', 2.8170371236655285), ('currencyservice/request', 2.7989616335577523)]
2025-10-24 05:28:55,740 - INFO - ----------
2025-10-24 05:28:56,087 - INFO - [0/100] | train_loss: 0.12086
2025-10-24 05:29:01,066 - INFO - [10/100] | train_loss: 0.87062
2025-10-24 05:29:06,054 - INFO - [20/100] | train_loss: 0.61865
2025-10-24 05:29:11,082 - INFO - [30/100] | train_loss: 0.45134
2025-10-24 05:29:16,332 - INFO - [40/100] | train_loss: 0.33316
2025-10-24 05:29:21,395 - INFO - [50/100] | train_loss: 0.25023
2025-10-24 05:29:26,613 - INFO - [60/100] | train_loss: 0.33460
2025-10-24 05:29:31,684 - INFO - [70/100] | train_loss: 0.24934
2025-10-24 05:29:36,772 - INFO - [80/100] | train_loss: 0.22735
2025-10-24 05:29:41,879 - INFO - [90/100] | train_loss: 0.19255
2025-10-24 05:29:47,032 - INFO - [0/100] | train_loss: 0.05879
2025-10-24 05:29:52,294 - INFO - [10/100] | train_loss: 1.32447
2025-10-24 05:29:57,725 - INFO - [20/100] | train_loss: 0.93136
2025-10-24 05:30:02,711 - INFO - [30/100] | train_loss: 0.70564
2025-10-24 05:30:07,961 - INFO - [40/100] | train_loss: 0.63984
2025-10-24 05:30:13,014 - INFO - [50/100] | train_loss: 0.63017
2025-10-24 05:30:18,078 - INFO - [60/100] | train_loss: 0.62555
2025-10-24 05:30:23,183 - INFO - [70/100] | train_loss: 0.63747
2025-10-24 05:30:28,277 - INFO - [80/100] | train_loss: 0.63906
2025-10-24 05:30:33,379 - INFO - [90/100] | train_loss: 0.63802
2025-10-24 05:30:38,297 - INFO - ----------
2025-10-24 05:30:38,297 - INFO - sample 169/192 | d1: aiops-k8s-05; level: node; fault_type: node memory
2025-10-24 05:30:38,297 - INFO - sample 169/192 | predict d1: [('aiops-k8s-05', 1.7375693486845378), ('tidb-pd', 0.20914466111126018), ('tidb-tikv', 0.20914466111126018), ('productcatalogservice', 0.20910236958892714), ('checkoutservice', 0.20910236958892714)]
2025-10-24 05:30:38,297 - INFO - sample 169/192 | predict d2: [('aiops-k8s-05/node_network_receive_packets_total', 0.6247893117868131), ('aiops-k8s-05/node_cpu_usage_rate', 0.6052980176115952), ('aiops-k8s-05/node_filesystem_size_bytes', 0.603008701163894), ('aiops-k8s-05/node_disk_written_bytes_total', 0.5634698618188594), ('aiops-k8s-05/node_network_transmit_bytes_total', 0.5545224413916117)]
2025-10-24 05:30:38,297 - INFO - ----------
2025-10-24 05:30:38,649 - INFO - [0/100] | train_loss: 0.05281
2025-10-24 05:30:43,692 - INFO - [10/100] | train_loss: 1.31738
2025-10-24 05:30:49,051 - INFO - [20/100] | train_loss: 0.92682
2025-10-24 05:30:54,826 - INFO - [30/100] | train_loss: 0.68614
2025-10-24 05:31:00,332 - INFO - [40/100] | train_loss: 0.61412
2025-10-24 05:31:05,923 - INFO - [50/100] | train_loss: 0.63165
2025-10-24 05:31:11,057 - INFO - [60/100] | train_loss: 0.61473
2025-10-24 05:31:16,194 - INFO - [70/100] | train_loss: 0.66275
2025-10-24 05:31:21,300 - INFO - [80/100] | train_loss: 0.63815
2025-10-24 05:31:26,401 - INFO - [90/100] | train_loss: 0.63668
2025-10-24 05:31:31,610 - INFO - ----------
2025-10-24 05:31:31,610 - INFO - sample 170/192 | d1: checkoutservice; level: service; fault_type: memory stress
2025-10-24 05:31:31,610 - INFO - sample 170/192 | predict d1: [('tidb-tikv', 1.5151328759809104), ('productcatalogservice', 0.7448522258071151), ('tidb-pd', 0.7448014883406557), ('adservice', 0.7447858768125144), ('tidb-tidb', 0.7446252158214364)]
2025-10-24 05:31:31,610 - INFO - sample 170/192 | predict d2: [('<intensity>; hipstershop.ProductCatalogService/ListProducts; type: downstream', 0.6045242399754684), ('productcatalogservice/request', 0.6041986477812031), ('productcatalogservice/rrt_max', 0.5692749705851483), ('productcatalogservice/timeout', 0.5630550163598258), ('productcatalogservice/rrt', 0.5627736874394671)]
2025-10-24 05:31:31,610 - INFO - ----------
2025-10-24 05:31:31,960 - INFO - [0/100] | train_loss: 0.08684
2025-10-24 05:31:36,996 - INFO - [10/100] | train_loss: 1.32809
2025-10-24 05:31:42,068 - INFO - [20/100] | train_loss: 0.95139
2025-10-24 05:31:47,302 - INFO - [30/100] | train_loss: 0.72510
2025-10-24 05:31:52,413 - INFO - [40/100] | train_loss: 0.67467
2025-10-24 05:31:57,560 - INFO - [50/100] | train_loss: 0.66869
2025-10-24 05:32:02,781 - INFO - [60/100] | train_loss: 0.70072
2025-10-24 05:32:07,894 - INFO - [70/100] | train_loss: 0.68727
2025-10-24 05:32:13,118 - INFO - [80/100] | train_loss: 0.69445
2025-10-24 05:32:18,314 - INFO - [90/100] | train_loss: 0.68896
2025-10-24 05:32:23,162 - INFO - ----------
2025-10-24 05:32:23,162 - INFO - sample 171/192 | d1: tidb-pd; level: tidb; fault_type: pod failure
2025-10-24 05:32:23,162 - INFO - sample 171/192 | predict d1: [('tidb-tikv', 1.718466844220071), ('productcatalogservice', 0.8448194388186536), ('checkoutservice', 0.8448194388186536), ('tidb-pd', 0.8447680385158556), ('adservice', 0.8447262725150004)]
2025-10-24 05:32:23,162 - INFO - sample 171/192 | predict d2: [('productcatalogservice/rrt', 0.8005309173283166), ('productcatalogservice/response', 0.7514826861370345), ('<intensity>; hipstershop.ProductCatalogService/GetProduct; type: downstream', 0.694106147727851), ('<intensity>; /hipstershop.ProductCatalogService/ListProducts; type: downstream', 0.6903641848532303), ('productcatalogservice/request', 0.655923898886229)]
2025-10-24 05:32:23,162 - INFO - ----------
2025-10-24 05:32:23,509 - INFO - [0/100] | train_loss: 0.02279
2025-10-24 05:32:28,700 - INFO - [10/100] | train_loss: 1.26431
2025-10-24 05:32:33,878 - INFO - [20/100] | train_loss: 0.86776
2025-10-24 05:32:39,012 - INFO - [30/100] | train_loss: 0.63001
2025-10-24 05:32:44,292 - INFO - [40/100] | train_loss: 0.56959
2025-10-24 05:32:49,360 - INFO - [50/100] | train_loss: 0.56772
2025-10-24 05:32:54,396 - INFO - [60/100] | train_loss: 0.57371
2025-10-24 05:32:59,540 - INFO - [70/100] | train_loss: 0.58017
2025-10-24 05:33:04,596 - INFO - [80/100] | train_loss: 0.58595
2025-10-24 05:33:09,832 - INFO - [90/100] | train_loss: 0.59456
2025-10-24 05:33:14,969 - INFO - [0/100] | train_loss: 0.01632
2025-10-24 05:33:20,319 - INFO - [10/100] | train_loss: 1.25769
2025-10-24 05:33:25,370 - INFO - [20/100] | train_loss: 0.84816
2025-10-24 05:33:30,628 - INFO - [30/100] | train_loss: 0.61583
2025-10-24 05:33:35,677 - INFO - [40/100] | train_loss: 0.56680
2025-10-24 05:33:40,884 - INFO - [50/100] | train_loss: 0.57375
2025-10-24 05:33:45,975 - INFO - [60/100] | train_loss: 0.60296
2025-10-24 05:33:51,226 - INFO - [70/100] | train_loss: 0.59405
2025-10-24 05:33:56,381 - INFO - [80/100] | train_loss: 0.60090
2025-10-24 05:34:01,615 - INFO - [90/100] | train_loss: 0.59921
2025-10-24 05:34:06,698 - INFO - [0/100] | train_loss: 0.05770
2025-10-24 05:34:11,731 - INFO - [10/100] | train_loss: 1.29326
2025-10-24 05:34:16,915 - INFO - [20/100] | train_loss: 0.90809
2025-10-24 05:34:21,955 - INFO - [30/100] | train_loss: 0.67720
2025-10-24 05:34:26,983 - INFO - [40/100] | train_loss: 0.60269
2025-10-24 05:34:32,132 - INFO - [50/100] | train_loss: 0.59802
2025-10-24 05:34:37,130 - INFO - [60/100] | train_loss: 0.61414
2025-10-24 05:34:42,150 - INFO - [70/100] | train_loss: 0.61243
2025-10-24 05:34:47,176 - INFO - [80/100] | train_loss: 0.62585
2025-10-24 05:34:52,187 - INFO - [90/100] | train_loss: 0.61253
2025-10-24 05:34:57,228 - INFO - ----------
2025-10-24 05:34:57,228 - INFO - sample 172/192 | d1: tidb-tikv; level: tidb; fault_type: io fault
2025-10-24 05:34:57,228 - INFO - sample 172/192 | predict d1: [('tidb-tikv', 3.622786446663092), ('tidb-tidb', 3.5898495421865135), ('tidb-pd', 3.3701529406969755), ('productcatalogservice', 2.6261253689503476), ('productcatalogservice-1', 2.624954428664516)]
2025-10-24 05:34:57,228 - INFO - sample 172/192 | predict d2: [('productcatalogservice/rrt_max', 2.1133579866688876), ('tidb-tikv/server_is_up', 1.8915267329588588), ('productcatalogservice/response', 1.846494275383499), ('productcatalogservice/rrt', 1.6344388583259075), ('<duration>; hipstershop.ProductCatalogService/GetProduct; type: upstream', 1.5462590011968658)]
2025-10-24 05:34:57,228 - INFO - ----------
2025-10-24 05:34:57,573 - INFO - [0/100] | train_loss: 0.03823
2025-10-24 05:35:02,556 - INFO - [10/100] | train_loss: 1.28463
2025-10-24 05:35:07,746 - INFO - [20/100] | train_loss: 0.88568
2025-10-24 05:35:12,803 - INFO - [30/100] | train_loss: 0.67540
2025-10-24 05:35:17,842 - INFO - [40/100] | train_loss: 0.61026
2025-10-24 05:35:23,105 - INFO - [50/100] | train_loss: 0.61891
2025-10-24 05:35:28,179 - INFO - [60/100] | train_loss: 0.62726
2025-10-24 05:35:33,276 - INFO - [70/100] | train_loss: 0.63126
2025-10-24 05:35:38,390 - INFO - [80/100] | train_loss: 0.63985
2025-10-24 05:35:43,887 - INFO - [90/100] | train_loss: 0.63885
2025-10-24 05:35:48,792 - INFO - ----------
2025-10-24 05:35:48,792 - INFO - sample 173/192 | d1: shippingservice; level: service; fault_type: target port misconfig
2025-10-24 05:35:48,792 - INFO - sample 173/192 | predict d1: [('tidb-tikv', 1.6851346534334652), ('productcatalogservice', 0.8285666733990915), ('tidb-tidb', 0.8285553369617453), ('tidb-pd', 0.8284055632196896), ('adservice', 0.8283222761507183)]
2025-10-24 05:35:48,792 - INFO - sample 173/192 | predict d2: [('productcatalogservice/rrt_max', 0.6570055243247985), ('productcatalogservice/rrt', 0.5965305843910969), ('productcatalogservice/client_error', 0.5944926299854707), ('productcatalogservice/client_error_ratio', 0.5894579751779361), ('productcatalogservice/request', 0.5805692891279293)]
2025-10-24 05:35:48,792 - INFO - ----------
2025-10-24 05:35:49,142 - INFO - [0/100] | train_loss: 0.08528
2025-10-24 05:35:54,182 - INFO - [10/100] | train_loss: 0.78725
2025-10-24 05:35:59,274 - INFO - [20/100] | train_loss: 0.54622
2025-10-24 05:36:04,596 - INFO - [30/100] | train_loss: 0.37691
2025-10-24 05:36:09,682 - INFO - [40/100] | train_loss: 0.28378
2025-10-24 05:36:14,794 - INFO - [50/100] | train_loss: 0.25047
2025-10-24 05:36:19,898 - INFO - [60/100] | train_loss: 0.32192
2025-10-24 05:36:25,021 - INFO - [70/100] | train_loss: 0.24458
2025-10-24 05:36:30,120 - INFO - [80/100] | train_loss: 0.23249
2025-10-24 05:36:35,154 - INFO - [90/100] | train_loss: 0.21973
2025-10-24 05:36:40,208 - INFO - [0/100] | train_loss: 0.03631
2025-10-24 05:36:45,278 - INFO - [10/100] | train_loss: 1.26735
2025-10-24 05:36:50,320 - INFO - [20/100] | train_loss: 0.86550
2025-10-24 05:36:55,333 - INFO - [30/100] | train_loss: 0.62923
2025-10-24 05:37:00,621 - INFO - [40/100] | train_loss: 0.56913
2025-10-24 05:37:05,666 - INFO - [50/100] | train_loss: 0.56746
2025-10-24 05:37:10,726 - INFO - [60/100] | train_loss: 0.56891
2025-10-24 05:37:15,791 - INFO - [70/100] | train_loss: 0.57871
2025-10-24 05:37:20,845 - INFO - [80/100] | train_loss: 0.58767
2025-10-24 05:37:26,073 - INFO - [90/100] | train_loss: 0.58618
2025-10-24 05:37:31,294 - INFO - [0/100] | train_loss: 0.03196
2025-10-24 05:37:36,587 - INFO - [10/100] | train_loss: 1.27987
2025-10-24 05:37:41,686 - INFO - [20/100] | train_loss: 0.88484
2025-10-24 05:37:46,801 - INFO - [30/100] | train_loss: 0.65665
2025-10-24 05:37:51,920 - INFO - [40/100] | train_loss: 0.59494
2025-10-24 05:37:57,052 - INFO - [50/100] | train_loss: 0.59303
2025-10-24 05:38:02,130 - INFO - [60/100] | train_loss: 0.60276
2025-10-24 05:38:07,325 - INFO - [70/100] | train_loss: 0.61015
2025-10-24 05:38:12,405 - INFO - [80/100] | train_loss: 0.61798
2025-10-24 05:38:17,489 - INFO - [90/100] | train_loss: 0.61705
2025-10-24 05:38:22,829 - INFO - [0/100] | train_loss: 0.08817
2025-10-24 05:38:27,895 - INFO - [10/100] | train_loss: 1.32224
2025-10-24 05:38:32,946 - INFO - [20/100] | train_loss: 0.94228
2025-10-24 05:38:38,024 - INFO - [30/100] | train_loss: 0.82701
2025-10-24 05:38:43,154 - INFO - [40/100] | train_loss: 0.66691
2025-10-24 05:38:48,303 - INFO - [50/100] | train_loss: 0.63168
2025-10-24 05:38:53,584 - INFO - [60/100] | train_loss: 0.62047
2025-10-24 05:38:58,680 - INFO - [70/100] | train_loss: 0.62751
2025-10-24 05:39:03,718 - INFO - [80/100] | train_loss: 0.62636
2025-10-24 05:39:08,926 - INFO - [90/100] | train_loss: 0.63449
2025-10-24 05:39:13,790 - INFO - ----------
2025-10-24 05:39:13,790 - INFO - sample 174/192 | d1: tidb-tikv; level: tidb; fault_type: io fault
2025-10-24 05:39:13,790 - INFO - sample 174/192 | predict d1: [('tidb-tikv', 3.4291281398919082), ('tidb-pd', 3.0214791518564788), ('tidb-tidb', 2.8047773090106762), ('productcatalogservice', 2.43315324809425), ('checkoutservice', 1.8788395690348532)]
2025-10-24 05:39:13,790 - INFO - sample 174/192 | predict d2: [('productcatalogservice/rrt_max', 2.003983578875996), ('<duration>; hipstershop.ProductCatalogService/GetProduct; type: downstream', 1.4868063519454147), ('productcatalogservice/rrt', 1.3220696286384914), ('tidb-pd/memory_usage', 1.2926008108621367), ('tidb-tikv/available_size', 1.2712090758863521)]
2025-10-24 05:39:13,790 - INFO - ----------
2025-10-24 05:39:14,139 - INFO - [0/100] | train_loss: 0.06937
2025-10-24 05:39:19,163 - INFO - [10/100] | train_loss: 0.71101
2025-10-24 05:39:24,177 - INFO - [20/100] | train_loss: 0.49982
2025-10-24 05:39:29,201 - INFO - [30/100] | train_loss: 0.37983
2025-10-24 05:39:34,386 - INFO - [40/100] | train_loss: 0.28815
2025-10-24 05:39:39,381 - INFO - [50/100] | train_loss: 0.28670
2025-10-24 05:39:44,387 - INFO - [60/100] | train_loss: 0.27875
2025-10-24 05:39:49,410 - INFO - [70/100] | train_loss: 0.23158
2025-10-24 05:39:54,409 - INFO - [80/100] | train_loss: 0.24086
2025-10-24 05:39:59,537 - INFO - [90/100] | train_loss: 0.24311
2025-10-24 05:40:04,834 - INFO - [0/100] | train_loss: 0.10933
2025-10-24 05:40:09,866 - INFO - [10/100] | train_loss: 1.40842
2025-10-24 05:40:14,936 - INFO - [20/100] | train_loss: 1.05428
2025-10-24 05:40:20,146 - INFO - [30/100] | train_loss: 0.90095
2025-10-24 05:40:25,258 - INFO - [40/100] | train_loss: 0.89246
2025-10-24 05:40:30,356 - INFO - [50/100] | train_loss: 0.91194
2025-10-24 05:40:35,462 - INFO - [60/100] | train_loss: 0.91463
2025-10-24 05:40:40,564 - INFO - [70/100] | train_loss: 0.91319
2025-10-24 05:40:45,823 - INFO - [80/100] | train_loss: 0.91806
2025-10-24 05:40:50,890 - INFO - [90/100] | train_loss: 0.91143
2025-10-24 05:40:55,966 - INFO - [0/100] | train_loss: 0.07092
2025-10-24 05:41:01,000 - INFO - [10/100] | train_loss: 1.24199
2025-10-24 05:41:06,059 - INFO - [20/100] | train_loss: 0.83868
2025-10-24 05:41:11,291 - INFO - [30/100] | train_loss: 0.59198
2025-10-24 05:41:16,386 - INFO - [40/100] | train_loss: 0.50854
2025-10-24 05:41:21,480 - INFO - [50/100] | train_loss: 0.49247
2025-10-24 05:41:26,607 - INFO - [60/100] | train_loss: 0.47655
2025-10-24 05:41:31,746 - INFO - [70/100] | train_loss: 0.46555
2025-10-24 05:41:36,842 - INFO - [80/100] | train_loss: 0.46894
2025-10-24 05:41:42,103 - INFO - [90/100] | train_loss: 0.47561
2025-10-24 05:41:47,194 - INFO - [0/100] | train_loss: 0.06899
2025-10-24 05:41:52,305 - INFO - [10/100] | train_loss: 1.22202
2025-10-24 05:41:57,389 - INFO - [20/100] | train_loss: 0.83724
2025-10-24 05:42:02,462 - INFO - [30/100] | train_loss: 0.58305
2025-10-24 05:42:07,532 - INFO - [40/100] | train_loss: 0.51587
2025-10-24 05:42:12,572 - INFO - [50/100] | train_loss: 0.51542
2025-10-24 05:42:17,791 - INFO - [60/100] | train_loss: 0.50367
2025-10-24 05:42:22,896 - INFO - [70/100] | train_loss: 0.48616
2025-10-24 05:42:28,034 - INFO - [80/100] | train_loss: 0.48991
2025-10-24 05:42:33,079 - INFO - [90/100] | train_loss: 0.49180
2025-10-24 05:42:38,148 - INFO - [0/100] | train_loss: 0.10407
2025-10-24 05:42:43,246 - INFO - [10/100] | train_loss: 1.24423
2025-10-24 05:42:48,383 - INFO - [20/100] | train_loss: 0.83243
2025-10-24 05:42:53,398 - INFO - [30/100] | train_loss: 0.59669
2025-10-24 05:42:58,432 - INFO - [40/100] | train_loss: 0.52264
2025-10-24 05:43:03,467 - INFO - [50/100] | train_loss: 0.50752
2025-10-24 05:43:08,493 - INFO - [60/100] | train_loss: 0.50151
2025-10-24 05:43:13,532 - INFO - [70/100] | train_loss: 0.48592
2025-10-24 05:43:18,716 - INFO - [80/100] | train_loss: 0.48632
2025-10-24 05:43:23,715 - INFO - [90/100] | train_loss: 0.50825
2025-10-24 05:43:28,563 - INFO - ----------
2025-10-24 05:43:28,563 - INFO - sample 175/192 | d1: frontend; level: service; fault_type: code error
2025-10-24 05:43:28,564 - INFO - sample 175/192 | predict d1: [('frontend', 4.269070713453608), ('frontend-2', 3.5218348517171805), ('frontend-1', 3.5215353845140647), ('frontend-0', 2.6223918072846772), ('cartservice', 2.569665947511033)]
2025-10-24 05:43:28,564 - INFO - sample 175/192 | predict d2: [('frontend/error', 2.815951012764309), ('frontend/rrt_max', 2.694389448601374), ('frontend/request', 2.6207545272371355), ('frontend/response', 2.6026961960766464), ('<intensity>; hipstershop.Frontend/Recv.; type: upstream', 2.593192699386961)]
2025-10-24 05:43:28,564 - INFO - ----------
2025-10-24 05:43:28,911 - INFO - [0/100] | train_loss: 0.10992
2025-10-24 05:43:33,924 - INFO - [10/100] | train_loss: 1.34036
2025-10-24 05:43:39,014 - INFO - [20/100] | train_loss: 0.96404
2025-10-24 05:43:44,147 - INFO - [30/100] | train_loss: 0.71979
2025-10-24 05:43:49,334 - INFO - [40/100] | train_loss: 0.64927
2025-10-24 05:43:54,361 - INFO - [50/100] | train_loss: 0.67909
2025-10-24 05:43:59,595 - INFO - [60/100] | train_loss: 0.64095
2025-10-24 05:44:04,635 - INFO - [70/100] | train_loss: 0.64376
2025-10-24 05:44:09,856 - INFO - [80/100] | train_loss: 0.67656
2025-10-24 05:44:14,868 - INFO - [90/100] | train_loss: 0.65079
2025-10-24 05:44:19,915 - INFO - [0/100] | train_loss: 0.09881
2025-10-24 05:44:25,097 - INFO - [10/100] | train_loss: 1.37323
2025-10-24 05:44:30,141 - INFO - [20/100] | train_loss: 0.93930
2025-10-24 05:44:35,432 - INFO - [30/100] | train_loss: 0.72289
2025-10-24 05:44:40,494 - INFO - [40/100] | train_loss: 0.66961
2025-10-24 05:44:45,517 - INFO - [50/100] | train_loss: 0.66228
2025-10-24 05:44:50,535 - INFO - [60/100] | train_loss: 0.66751
2025-10-24 05:44:55,539 - INFO - [70/100] | train_loss: 0.69640
2025-10-24 05:45:00,612 - INFO - [80/100] | train_loss: 0.68191
2025-10-24 05:45:05,815 - INFO - [90/100] | train_loss: 0.68028
2025-10-24 05:45:10,681 - INFO - ----------
2025-10-24 05:45:10,681 - INFO - sample 176/192 | d1: tidb-tikv; level: tidb; fault_type: pod failure
2025-10-24 05:45:10,681 - INFO - sample 176/192 | predict d1: [('tidb-tikv', 2.635290366432706), ('tidb-tidb', 2.467936342656195), ('productcatalogservice', 1.6829793090578846), ('tidb-pd', 1.6829793090578846), ('adservice', 1.6828581840370376)]
2025-10-24 05:45:10,681 - INFO - sample 176/192 | predict d2: [('productcatalogservice/response', 1.3569519140985307), ('productcatalogservice/rrt_max', 1.2810524030750372), ('tidb-tikv/snapshot_apply_count', 1.214687455909619), ('<intensity>; hipstershop.ProductCatalogService/GetProduct; type: current', 1.2140674911806784), ('tidb-tikv/capacity_size', 1.1973510666450693)]
2025-10-24 05:45:10,681 - INFO - ----------
2025-10-24 05:45:11,026 - INFO - [0/100] | train_loss: 0.15711
2025-10-24 05:45:15,997 - INFO - [10/100] | train_loss: 0.86347
2025-10-24 05:45:21,172 - INFO - [20/100] | train_loss: 0.64828
2025-10-24 05:45:26,164 - INFO - [30/100] | train_loss: 0.47685
2025-10-24 05:45:31,175 - INFO - [40/100] | train_loss: 0.29772
2025-10-24 05:45:36,327 - INFO - [50/100] | train_loss: 0.28228
2025-10-24 05:45:41,346 - INFO - [60/100] | train_loss: 0.22276
2025-10-24 05:45:46,369 - INFO - [70/100] | train_loss: 0.22007
2025-10-24 05:45:51,397 - INFO - [80/100] | train_loss: 0.19866
2025-10-24 05:45:56,423 - INFO - [90/100] | train_loss: 0.21317
2025-10-24 05:46:01,706 - INFO - [0/100] | train_loss: 0.04358
2025-10-24 05:46:06,758 - INFO - [10/100] | train_loss: 1.19416
2025-10-24 05:46:11,776 - INFO - [20/100] | train_loss: 0.77461
2025-10-24 05:46:16,914 - INFO - [30/100] | train_loss: 0.52406
2025-10-24 05:46:22,013 - INFO - [40/100] | train_loss: 0.45617
2025-10-24 05:46:27,262 - INFO - [50/100] | train_loss: 0.44727
2025-10-24 05:46:32,361 - INFO - [60/100] | train_loss: 0.43510
2025-10-24 05:46:37,571 - INFO - [70/100] | train_loss: 0.42580
2025-10-24 05:46:42,600 - INFO - [80/100] | train_loss: 0.42586
2025-10-24 05:46:47,813 - INFO - [90/100] | train_loss: 0.42456
2025-10-24 05:46:52,658 - INFO - ----------
2025-10-24 05:46:52,658 - INFO - sample 177/192 | d1: aiops-k8s-01; level: node; fault_type: node memory
2025-10-24 05:46:52,659 - INFO - sample 177/192 | predict d1: [('aiops-k8s-08', 0.09137810258854806), ('cartservice', 0.00803468773586502), ('redis-cart', 0.00803468773586502), ('cartservice-1', 0.008034584349090323), ('checkoutservice', 0.008034482411662935)]
2025-10-24 05:46:52,659 - INFO - sample 177/192 | predict d2: [('aiops-k8s-08/node_memory_MemAvailable_bytes', 0.07970373079554172), ('aiops-k8s-08/node_cpu_usage_rate', 0.06793824757327549), ('aiops-k8s-08/node_network_receive_packets_total', 0.06776821006243772), ('aiops-k8s-08/node_disk_read_bytes_total', 0.06767322992189584), ('aiops-k8s-08/node_disk_write_time_seconds_total', 0.0672024383588532)]
2025-10-24 05:46:52,659 - INFO - ----------
2025-10-24 05:46:53,003 - INFO - [0/100] | train_loss: 0.08135
2025-10-24 05:46:58,023 - INFO - [10/100] | train_loss: 1.30797
2025-10-24 05:47:03,079 - INFO - [20/100] | train_loss: 0.92308
2025-10-24 05:47:08,150 - INFO - [30/100] | train_loss: 0.69841
2025-10-24 05:47:13,229 - INFO - [40/100] | train_loss: 0.64043
2025-10-24 05:47:18,322 - INFO - [50/100] | train_loss: 0.64049
2025-10-24 05:47:23,506 - INFO - [60/100] | train_loss: 0.64336
2025-10-24 05:47:28,605 - INFO - [70/100] | train_loss: 0.64430
2025-10-24 05:47:33,653 - INFO - [80/100] | train_loss: 0.64662
2025-10-24 05:47:38,672 - INFO - [90/100] | train_loss: 0.64709
2025-10-24 05:47:43,530 - INFO - ----------
2025-10-24 05:47:43,530 - INFO - sample 178/192 | d1: tidb-tikv; level: tidb; fault_type: io fault
2025-10-24 05:47:43,530 - INFO - sample 178/192 | predict d1: [('tidb-tikv', 1.256256321318645), ('productcatalogservice', 0.6177349568796728), ('tidb-tidb', 0.6177349568796728), ('adservice', 0.6177104316279554), ('adservice-0', 0.6177104316279554)]
2025-10-24 05:47:43,530 - INFO - sample 178/192 | predict d2: [('tidb-pd/memory_usage', 0.4917236423149376), ('productcatalogservice/rrt_max', 0.48034377318727195), ('tidb-pd/region_count', 0.4676322666732631), ('tidb-pd/store_slow_count', 0.46062303351432377), ('productcatalogservice/rrt', 0.45347418921750204)]
2025-10-24 05:47:43,530 - INFO - ----------
2025-10-24 05:47:43,878 - INFO - [0/100] | train_loss: 0.05612
2025-10-24 05:47:48,929 - INFO - [10/100] | train_loss: 1.30055
2025-10-24 05:47:54,189 - INFO - [20/100] | train_loss: 0.87738
2025-10-24 05:47:59,243 - INFO - [30/100] | train_loss: 0.64150
2025-10-24 05:48:04,534 - INFO - [40/100] | train_loss: 0.58594
2025-10-24 05:48:09,558 - INFO - [50/100] | train_loss: 0.63705
2025-10-24 05:48:14,603 - INFO - [60/100] | train_loss: 0.59411
2025-10-24 05:48:19,834 - INFO - [70/100] | train_loss: 0.59129
2025-10-24 05:48:24,873 - INFO - [80/100] | train_loss: 0.59715
2025-10-24 05:48:29,892 - INFO - [90/100] | train_loss: 0.60016
2025-10-24 05:48:35,000 - INFO - [0/100] | train_loss: 0.05704
2025-10-24 05:48:40,073 - INFO - [10/100] | train_loss: 1.27742
2025-10-24 05:48:45,133 - INFO - [20/100] | train_loss: 0.87289
2025-10-24 05:48:50,394 - INFO - [30/100] | train_loss: 0.63776
2025-10-24 05:48:55,507 - INFO - [40/100] | train_loss: 0.57854
2025-10-24 05:49:00,613 - INFO - [50/100] | train_loss: 0.57623
2025-10-24 05:49:05,986 - INFO - [60/100] | train_loss: 0.58215
2025-10-24 05:49:11,110 - INFO - [70/100] | train_loss: 0.59028
2025-10-24 05:49:16,446 - INFO - [80/100] | train_loss: 0.59819
2025-10-24 05:49:21,493 - INFO - [90/100] | train_loss: 0.59883
2025-10-24 05:49:26,344 - INFO - ----------
2025-10-24 05:49:26,344 - INFO - sample 179/192 | d1: tidb-tikv; level: tidb; fault_type: io fault
2025-10-24 05:49:26,344 - INFO - sample 179/192 | predict d1: [('tidb-tikv', 2.7954734548985236), ('tidb-tidb', 2.6931056855365014), ('tidb-pd', 1.8104239312918473), ('productcatalogservice', 1.8096911965044953), ('adservice', 1.8090256206780815)]
2025-10-24 05:49:26,344 - INFO - sample 179/192 | predict d2: [('productcatalogservice/rrt_max', 1.4226787714876608), ('<duration>; hipstershop.ProductCatalogService/GetProduct; type: downstream', 1.055612960905595), ('<duration>; hipstershop.ProductCatalogService/GetProduct; type: current', 1.0554200393089275), ('tidb-tikv/server_is_up', 1.0473265858748988), ('<duration>; hipstershop.ProductCatalogService/GetProduct; type: upstream', 1.0257847934565767)]
2025-10-24 05:49:26,344 - INFO - ----------
2025-10-24 05:49:26,689 - INFO - [0/100] | train_loss: 0.08348
2025-10-24 05:49:31,786 - INFO - [10/100] | train_loss: 1.25780
2025-10-24 05:49:37,036 - INFO - [20/100] | train_loss: 0.86619
2025-10-24 05:49:42,172 - INFO - [30/100] | train_loss: 0.62183
2025-10-24 05:49:47,305 - INFO - [40/100] | train_loss: 0.55130
2025-10-24 05:49:52,355 - INFO - [50/100] | train_loss: 0.53413
2025-10-24 05:49:57,386 - INFO - [60/100] | train_loss: 0.54076
2025-10-24 05:50:02,619 - INFO - [70/100] | train_loss: 0.50770
2025-10-24 05:50:07,652 - INFO - [80/100] | train_loss: 0.51429
2025-10-24 05:50:12,841 - INFO - [90/100] | train_loss: 0.51443
2025-10-24 05:50:17,693 - INFO - ----------
2025-10-24 05:50:17,694 - INFO - sample 180/192 | d1: checkoutservice-2; level: pod; fault_type: dns error
2025-10-24 05:50:17,694 - INFO - sample 180/192 | predict d1: [('checkoutservice-0', 0.20506597757130152), ('checkoutservice', 0.2049964492832057), ('frontend', 0.2049880167339282), ('checkoutservice-2', 0.2049860107530428), ('checkoutservice-1', 0.2049830884599011)]
2025-10-24 05:50:17,694 - INFO - sample 180/192 | predict d2: [('checkoutservice/client_error', 0.16045758138908006), ('checkoutservice/request', 0.1545602700031612), ('<intensity>; hipstershop.CheckoutService/PlaceOrder; type: downstream', 0.1540440518727202), ('<intensity>; hipstershop.CheckoutService/PlaceOrder; type: current', 0.1503149581719576), ('checkoutservice/server_error_ratio', 0.14970412460975524)]
2025-10-24 05:50:17,694 - INFO - ----------
2025-10-24 05:50:18,037 - INFO - [0/100] | train_loss: 0.04356
2025-10-24 05:50:23,047 - INFO - [10/100] | train_loss: 1.26742
2025-10-24 05:50:28,058 - INFO - [20/100] | train_loss: 0.85978
2025-10-24 05:50:33,065 - INFO - [30/100] | train_loss: 0.63031
2025-10-24 05:50:38,245 - INFO - [40/100] | train_loss: 0.57604
2025-10-24 05:50:43,258 - INFO - [50/100] | train_loss: 0.57710
2025-10-24 05:50:48,282 - INFO - [60/100] | train_loss: 0.58302
2025-10-24 05:50:53,298 - INFO - [70/100] | train_loss: 0.58859
2025-10-24 05:50:58,321 - INFO - [80/100] | train_loss: 0.59528
2025-10-24 05:51:03,542 - INFO - [90/100] | train_loss: 0.59480
2025-10-24 05:51:08,596 - INFO - [0/100] | train_loss: 0.04456
2025-10-24 05:51:13,640 - INFO - [10/100] | train_loss: 1.27320
2025-10-24 05:51:18,676 - INFO - [20/100] | train_loss: 0.87206
2025-10-24 05:51:23,703 - INFO - [30/100] | train_loss: 0.64050
2025-10-24 05:51:28,728 - INFO - [40/100] | train_loss: 0.58327
2025-10-24 05:51:33,943 - INFO - [50/100] | train_loss: 0.58758
2025-10-24 05:51:38,971 - INFO - [60/100] | train_loss: 0.58946
2025-10-24 05:51:44,169 - INFO - [70/100] | train_loss: 0.59912
2025-10-24 05:51:49,178 - INFO - [80/100] | train_loss: 0.60508
2025-10-24 05:51:54,187 - INFO - [90/100] | train_loss: 0.60612
2025-10-24 05:51:59,230 - INFO - ----------
2025-10-24 05:51:59,231 - INFO - sample 181/192 | d1: tidb-tikv; level: tidb; fault_type: io fault
2025-10-24 05:51:59,231 - INFO - sample 181/192 | predict d1: [('tidb-tikv', 2.8793240665073156), ('tidb-tidb', 2.8424945020563683), ('productcatalogservice', 1.8870884472358078), ('tidb-pd', 1.886931965862317), ('adservice', 1.8862779687577174)]
2025-10-24 05:51:59,231 - INFO - sample 181/192 | predict d2: [('productcatalogservice/rrt_max', 1.4622784135246683), ('productcatalogservice/response', 1.2975722202535422), ('productcatalogservice/rrt', 1.280669476036973), ('<duration>; hipstershop.ProductCatalogService/GetProduct; type: downstream', 1.1715792805560916), ('tidb-tikv/qps', 1.1192232159769517)]
2025-10-24 05:51:59,231 - INFO - ----------
2025-10-24 05:51:59,578 - INFO - [0/100] | train_loss: 0.09969
2025-10-24 05:52:04,553 - INFO - [10/100] | train_loss: 0.81168
2025-10-24 05:52:09,538 - INFO - [20/100] | train_loss: 0.57267
2025-10-24 05:52:14,555 - INFO - [30/100] | train_loss: 0.41491
2025-10-24 05:52:19,728 - INFO - [40/100] | train_loss: 0.32562
2025-10-24 05:52:24,722 - INFO - [50/100] | train_loss: 0.29084
2025-10-24 05:52:29,968 - INFO - [60/100] | train_loss: 0.28744
2025-10-24 05:52:34,961 - INFO - [70/100] | train_loss: 0.25345
2025-10-24 05:52:40,261 - INFO - [80/100] | train_loss: 0.25866
2025-10-24 05:52:45,305 - INFO - [90/100] | train_loss: 0.23131
2025-10-24 05:52:50,362 - INFO - [0/100] | train_loss: 0.04721
2025-10-24 05:52:55,436 - INFO - [10/100] | train_loss: 1.25604
2025-10-24 05:53:00,539 - INFO - [20/100] | train_loss: 0.83160
2025-10-24 05:53:05,654 - INFO - [30/100] | train_loss: 0.58264
2025-10-24 05:53:10,981 - INFO - [40/100] | train_loss: 0.51405
2025-10-24 05:53:16,095 - INFO - [50/100] | train_loss: 0.50953
2025-10-24 05:53:21,358 - INFO - [60/100] | train_loss: 0.50329
2025-10-24 05:53:26,495 - INFO - [70/100] | train_loss: 0.48049
2025-10-24 05:53:31,615 - INFO - [80/100] | train_loss: 0.48827
2025-10-24 05:53:36,727 - INFO - [90/100] | train_loss: 0.48855
2025-10-24 05:53:41,628 - INFO - ----------
2025-10-24 05:53:41,628 - INFO - sample 182/192 | d1: aiops-k8s-08; level: node; fault_type: node cpu
2025-10-24 05:53:41,628 - INFO - sample 182/192 | predict d1: [('aiops-k8s-08', 1.230797490828337), ('checkoutservice-0', 0.0848394274327049), ('checkoutservice', 0.08483285493277215), ('shippingservice', 0.08480510494669602), ('paymentservice', 0.08480334271756362)]
2025-10-24 05:53:41,628 - INFO - sample 182/192 | predict d2: [('aiops-k8s-08/node_network_receive_packets_total', 0.47847358394861317), ('aiops-k8s-08/node_network_transmit_packets_total', 0.4651011556674689), ('aiops-k8s-08/node_disk_write_time_seconds_total', 0.4512843450913806), ('aiops-k8s-08/node_disk_written_bytes_total', 0.4465424182878053), ('aiops-k8s-08/node_disk_read_time_seconds_total', 0.43821736764783736)]
2025-10-24 05:53:41,628 - INFO - ----------
2025-10-24 05:53:41,978 - INFO - [0/100] | train_loss: 0.09282
2025-10-24 05:53:47,126 - INFO - [10/100] | train_loss: 1.27107
2025-10-24 05:53:52,227 - INFO - [20/100] | train_loss: 0.89969
2025-10-24 05:53:57,314 - INFO - [30/100] | train_loss: 0.63409
2025-10-24 05:54:02,600 - INFO - [40/100] | train_loss: 0.56008
2025-10-24 05:54:07,747 - INFO - [50/100] | train_loss: 0.54138
2025-10-24 05:54:12,862 - INFO - [60/100] | train_loss: 0.52611
2025-10-24 05:54:18,033 - INFO - [70/100] | train_loss: 0.53685
2025-10-24 05:54:23,181 - INFO - [80/100] | train_loss: 0.51980
2025-10-24 05:54:28,599 - INFO - [90/100] | train_loss: 0.52732
2025-10-24 05:54:33,777 - INFO - [0/100] | train_loss: 0.09942
2025-10-24 05:54:38,883 - INFO - [10/100] | train_loss: 1.27340
2025-10-24 05:54:44,035 - INFO - [20/100] | train_loss: 0.89111
2025-10-24 05:54:49,181 - INFO - [30/100] | train_loss: 0.64274
2025-10-24 05:54:54,328 - INFO - [40/100] | train_loss: 0.59369
2025-10-24 05:54:59,468 - INFO - [50/100] | train_loss: 0.56305
2025-10-24 05:55:04,746 - INFO - [60/100] | train_loss: 0.53324
2025-10-24 05:55:09,881 - INFO - [70/100] | train_loss: 0.54112
2025-10-24 05:55:15,220 - INFO - [80/100] | train_loss: 0.53400
2025-10-24 05:55:20,388 - INFO - [90/100] | train_loss: 0.52456
2025-10-24 05:55:25,573 - INFO - [0/100] | train_loss: 0.07189
2025-10-24 05:55:30,655 - INFO - [10/100] | train_loss: 1.27741
2025-10-24 05:55:35,725 - INFO - [20/100] | train_loss: 0.88334
2025-10-24 05:55:40,792 - INFO - [30/100] | train_loss: 0.61899
2025-10-24 05:55:45,867 - INFO - [40/100] | train_loss: 0.54734
2025-10-24 05:55:50,973 - INFO - [50/100] | train_loss: 0.57136
2025-10-24 05:55:56,306 - INFO - [60/100] | train_loss: 0.51798
2025-10-24 05:56:01,504 - INFO - [70/100] | train_loss: 0.52560
2025-10-24 05:56:06,648 - INFO - [80/100] | train_loss: 0.51548
2025-10-24 05:56:11,767 - INFO - [90/100] | train_loss: 0.52000
2025-10-24 05:56:16,653 - INFO - ----------
2025-10-24 05:56:16,653 - INFO - sample 183/192 | d1: checkoutservice-1; level: pod; fault_type: dns error
2025-10-24 05:56:16,654 - INFO - sample 183/192 | predict d1: [('checkoutservice', 1.704378090900839), ('cartservice', 1.7042407042056205), ('emailservice', 1.7040683512860468), ('checkoutservice-2', 1.701158748836459), ('checkoutservice-0', 1.1766099925947462)]
2025-10-24 05:56:16,654 - INFO - sample 183/192 | predict d2: [('checkoutservice/rrt_max', 1.325630109300178), ('checkoutservice/response', 1.2421709147150963), ('<intensity>; hipstershop.CheckoutService/PlaceOrder; type: current', 1.2403429374553738), ('<intensity>; hipstershop.CheckoutService/PlaceOrder; type: downstream', 1.2401680220346911), ('<intensity>; hipstershop.CheckoutService/PlaceOrder; type: upstream', 1.2379779126467945)]
2025-10-24 05:56:16,654 - INFO - ----------
2025-10-24 05:56:16,999 - INFO - [0/100] | train_loss: 0.06401
2025-10-24 05:56:22,111 - INFO - [10/100] | train_loss: 1.28094
2025-10-24 05:56:27,259 - INFO - [20/100] | train_loss: 0.87558
2025-10-24 05:56:32,673 - INFO - [30/100] | train_loss: 0.65553
2025-10-24 05:56:37,801 - INFO - [40/100] | train_loss: 0.60055
2025-10-24 05:56:42,925 - INFO - [50/100] | train_loss: 0.59276
2025-10-24 05:56:48,205 - INFO - [60/100] | train_loss: 0.60231
2025-10-24 05:56:53,236 - INFO - [70/100] | train_loss: 0.62455
2025-10-24 05:56:58,295 - INFO - [80/100] | train_loss: 0.61113
2025-10-24 05:57:03,549 - INFO - [90/100] | train_loss: 0.61132
2025-10-24 05:57:08,635 - INFO - [0/100] | train_loss: 0.04096
2025-10-24 05:57:13,736 - INFO - [10/100] | train_loss: 1.27450
2025-10-24 05:57:19,064 - INFO - [20/100] | train_loss: 0.87386
2025-10-24 05:57:24,189 - INFO - [30/100] | train_loss: 0.64048
2025-10-24 05:57:29,278 - INFO - [40/100] | train_loss: 0.58260
2025-10-24 05:57:34,379 - INFO - [50/100] | train_loss: 0.58350
2025-10-24 05:57:39,473 - INFO - [60/100] | train_loss: 0.59147
2025-10-24 05:57:44,696 - INFO - [70/100] | train_loss: 0.59793
2025-10-24 05:57:49,760 - INFO - [80/100] | train_loss: 0.60786
2025-10-24 05:57:54,778 - INFO - [90/100] | train_loss: 0.60533
2025-10-24 05:57:59,720 - INFO - ----------
2025-10-24 05:57:59,720 - INFO - sample 184/192 | d1: tidb-tikv; level: tidb; fault_type: io fault
2025-10-24 05:57:59,720 - INFO - sample 184/192 | predict d1: [('tidb-tikv', 2.7211695939708562), ('tidb-tidb', 2.5431488181488504), ('productcatalogservice', 1.7370791760185824), ('adservice', 1.7362419837865417), ('tidb-pd', 1.7361593091109881)]
2025-10-24 05:57:59,720 - INFO - sample 184/192 | predict d2: [('productcatalogservice/rrt_max', 1.3939556134997773), ('productcatalogservice/rrt', 1.258737739042246), ('tidb-tidb/duration_99th', 1.1096562156334642), ('productcatalogservice/client_error', 1.0338997466035167), ('tidb-tikv/server_is_up', 1.0309034420930132)]
2025-10-24 05:57:59,720 - INFO - ----------
2025-10-24 05:58:00,076 - INFO - [0/100] | train_loss: 0.08782
2025-10-24 05:58:05,168 - INFO - [10/100] | train_loss: 1.32243
2025-10-24 05:58:10,430 - INFO - [20/100] | train_loss: 0.91966
2025-10-24 05:58:15,614 - INFO - [30/100] | train_loss: 0.70913
2025-10-24 05:58:20,744 - INFO - [40/100] | train_loss: 0.65440
2025-10-24 05:58:25,899 - INFO - [50/100] | train_loss: 0.63840
2025-10-24 05:58:31,028 - INFO - [60/100] | train_loss: 0.63902
2025-10-24 05:58:36,134 - INFO - [70/100] | train_loss: 0.65009
2025-10-24 05:58:41,240 - INFO - [80/100] | train_loss: 0.64970
2025-10-24 05:58:46,320 - INFO - [90/100] | train_loss: 0.67457
2025-10-24 05:58:51,449 - INFO - [0/100] | train_loss: 0.09651
2025-10-24 05:58:56,499 - INFO - [10/100] | train_loss: 1.32133
2025-10-24 05:59:01,798 - INFO - [20/100] | train_loss: 0.93555
2025-10-24 05:59:06,827 - INFO - [30/100] | train_loss: 0.71871
2025-10-24 05:59:11,839 - INFO - [40/100] | train_loss: 0.68369
2025-10-24 05:59:16,910 - INFO - [50/100] | train_loss: 0.68005
2025-10-24 05:59:21,932 - INFO - [60/100] | train_loss: 0.71280
2025-10-24 05:59:26,981 - INFO - [70/100] | train_loss: 0.69359
2025-10-24 05:59:32,045 - INFO - [80/100] | train_loss: 0.72333
2025-10-24 05:59:37,122 - INFO - [90/100] | train_loss: 0.70024
2025-10-24 05:59:42,239 - INFO - [0/100] | train_loss: 0.09691
2025-10-24 05:59:47,577 - INFO - [10/100] | train_loss: 1.32802
2025-10-24 05:59:52,783 - INFO - [20/100] | train_loss: 0.95533
2025-10-24 05:59:57,858 - INFO - [30/100] | train_loss: 0.74059
2025-10-24 06:00:02,959 - INFO - [40/100] | train_loss: 0.69869
2025-10-24 06:00:08,014 - INFO - [50/100] | train_loss: 0.66486
2025-10-24 06:00:13,100 - INFO - [60/100] | train_loss: 0.67671
2025-10-24 06:00:18,158 - INFO - [70/100] | train_loss: 0.67126
2025-10-24 06:00:23,241 - INFO - [80/100] | train_loss: 0.67581
2025-10-24 06:00:28,350 - INFO - [90/100] | train_loss: 0.69716
2025-10-24 06:00:33,448 - INFO - [0/100] | train_loss: 0.17535
2025-10-24 06:00:38,503 - INFO - [10/100] | train_loss: 1.29644
2025-10-24 06:00:43,621 - INFO - [20/100] | train_loss: 0.93371
2025-10-24 06:00:48,749 - INFO - [30/100] | train_loss: 0.68445
2025-10-24 06:00:53,885 - INFO - [40/100] | train_loss: 0.59945
2025-10-24 06:00:59,034 - INFO - [50/100] | train_loss: 0.57820
2025-10-24 06:01:04,130 - INFO - [60/100] | train_loss: 0.55859
2025-10-24 06:01:09,179 - INFO - [70/100] | train_loss: 0.55121
2025-10-24 06:01:14,245 - INFO - [80/100] | train_loss: 0.59774
2025-10-24 06:01:19,284 - INFO - [90/100] | train_loss: 0.55869
2025-10-24 06:01:24,147 - INFO - ----------
2025-10-24 06:01:24,147 - INFO - sample 185/192 | d1: tidb-tidb; level: tidb; fault_type: pod failure
2025-10-24 06:01:24,147 - INFO - sample 185/192 | predict d1: [('tidb-tikv', 3.4161730182393732), ('tidb-tidb', 3.340750446554992), ('tidb-pd', 3.0328302631558834), ('productcatalogservice', 2.4367610776173168), ('adservice', 2.432959696509882)]
2025-10-24 06:01:24,147 - INFO - sample 185/192 | predict d2: [('productcatalogservice/rrt', 2.358827953858727), ('productcatalogservice/response', 2.2434277485925413), ('productcatalogservice/rrt_max', 2.05227482974065), ('<intensity>; hipstershop.ProductCatalogService/GetProduct; type: downstream', 2.046973594985907), ('<intensity>; hipstershop.ProductCatalogService/GetProduct; type: current', 2.0324954463792757)]
2025-10-24 06:01:24,147 - INFO - ----------
2025-10-24 06:01:24,498 - INFO - [0/100] | train_loss: 0.06043
2025-10-24 06:01:29,529 - INFO - [10/100] | train_loss: 0.73953
2025-10-24 06:01:34,562 - INFO - [20/100] | train_loss: 0.50741
2025-10-24 06:01:39,630 - INFO - [30/100] | train_loss: 0.32427
2025-10-24 06:01:44,709 - INFO - [40/100] | train_loss: 0.23766
2025-10-24 06:01:49,819 - INFO - [50/100] | train_loss: 0.19496
2025-10-24 06:01:54,877 - INFO - [60/100] | train_loss: 0.17488
2025-10-24 06:01:59,918 - INFO - [70/100] | train_loss: 0.16369
2025-10-24 06:02:04,949 - INFO - [80/100] | train_loss: 0.15642
2025-10-24 06:02:09,969 - INFO - [90/100] | train_loss: 0.18097
2025-10-24 06:02:15,004 - INFO - [0/100] | train_loss: 0.04464
2025-10-24 06:02:20,044 - INFO - [10/100] | train_loss: 1.22008
2025-10-24 06:02:25,080 - INFO - [20/100] | train_loss: 0.81962
2025-10-24 06:02:30,122 - INFO - [30/100] | train_loss: 0.58415
2025-10-24 06:02:35,116 - INFO - [40/100] | train_loss: 0.50689
2025-10-24 06:02:40,233 - INFO - [50/100] | train_loss: 0.49626
2025-10-24 06:02:45,299 - INFO - [60/100] | train_loss: 0.49279
2025-10-24 06:02:50,388 - INFO - [70/100] | train_loss: 0.48366
2025-10-24 06:02:55,458 - INFO - [80/100] | train_loss: 0.48170
2025-10-24 06:03:00,491 - INFO - [90/100] | train_loss: 0.48461
2025-10-24 06:03:05,346 - INFO - ----------
2025-10-24 06:03:05,346 - INFO - sample 186/192 | d1: aiops-k8s-08; level: node; fault_type: node disk fill
2025-10-24 06:03:05,346 - INFO - sample 186/192 | predict d1: [('aiops-k8s-08', 1.9947093316269005), ('checkoutservice-0', 0.08245530126004219), ('checkoutservice', 0.08242309255462343), ('cartservice', 0.08239615988501736), ('shippingservice', 0.0823945472099199)]
2025-10-24 06:03:05,346 - INFO - sample 186/192 | predict d2: [('aiops-k8s-08/node_disk_write_time_seconds_total', 0.8302582510761525), ('aiops-k8s-08/node_disk_written_bytes_total', 0.8235718724482766), ('aiops-k8s-08/node_disk_read_time_seconds_total', 0.7032300364753041), ('aiops-k8s-08/node_disk_read_bytes_total', 0.6957886538637759), ('aiops-k8s-08/node_cpu_usage_rate', 0.6555318366923757)]
2025-10-24 06:03:05,346 - INFO - ----------
2025-10-24 06:03:05,691 - INFO - [0/100] | train_loss: 0.04390
2025-10-24 06:03:10,711 - INFO - [10/100] | train_loss: 1.26997
2025-10-24 06:03:15,750 - INFO - [20/100] | train_loss: 0.88224
2025-10-24 06:03:20,776 - INFO - [30/100] | train_loss: 0.64718
2025-10-24 06:03:25,795 - INFO - [40/100] | train_loss: 0.59389
2025-10-24 06:03:30,848 - INFO - [50/100] | train_loss: 0.59249
2025-10-24 06:03:35,896 - INFO - [60/100] | train_loss: 0.59801
2025-10-24 06:03:40,966 - INFO - [70/100] | train_loss: 0.60279
2025-10-24 06:03:46,101 - INFO - [80/100] | train_loss: 0.61196
2025-10-24 06:03:51,234 - INFO - [90/100] | train_loss: 0.62826
2025-10-24 06:03:56,350 - INFO - [0/100] | train_loss: 0.03122
2025-10-24 06:04:01,444 - INFO - [10/100] | train_loss: 1.26092
2025-10-24 06:04:06,546 - INFO - [20/100] | train_loss: 0.85982
2025-10-24 06:04:11,688 - INFO - [30/100] | train_loss: 0.63402
2025-10-24 06:04:16,818 - INFO - [40/100] | train_loss: 0.58499
2025-10-24 06:04:21,938 - INFO - [50/100] | train_loss: 0.59046
2025-10-24 06:04:27,033 - INFO - [60/100] | train_loss: 0.59798
2025-10-24 06:04:32,118 - INFO - [70/100] | train_loss: 0.60895
2025-10-24 06:04:37,186 - INFO - [80/100] | train_loss: 0.61552
2025-10-24 06:04:42,258 - INFO - [90/100] | train_loss: 0.61444
2025-10-24 06:04:47,170 - INFO - ----------
2025-10-24 06:04:47,170 - INFO - sample 187/192 | d1: tidb-tikv; level: tidb; fault_type: io fault
2025-10-24 06:04:47,170 - INFO - sample 187/192 | predict d1: [('tidb-tikv', 2.844665388118962), ('tidb-tidb', 2.7694064173505026), ('productcatalogservice', 1.8516093661869064), ('adservice', 1.851503277329094), ('tidb-pd', 1.8514968351978673)]
2025-10-24 06:04:47,171 - INFO - sample 187/192 | predict d2: [('<duration>; hipstershop.ProductCatalogService/ListProducts; type: downstream', 1.4312204679480445), ('productcatalogservice/rrt_max', 1.4087509194529098), ('productcatalogservice/rrt', 1.2911074970785812), ('tidb-tikv/server_is_up', 1.226261695863883), ('productcatalogservice/client_error', 1.0997132692600324)]
2025-10-24 06:04:47,171 - INFO - ----------
2025-10-24 06:04:47,523 - INFO - [0/100] | train_loss: 0.09651
2025-10-24 06:04:52,615 - INFO - [10/100] | train_loss: 1.32723
2025-10-24 06:04:57,696 - INFO - [20/100] | train_loss: 0.94587
2025-10-24 06:05:02,782 - INFO - [30/100] | train_loss: 0.76746
2025-10-24 06:05:07,883 - INFO - [40/100] | train_loss: 0.74184
2025-10-24 06:05:12,996 - INFO - [50/100] | train_loss: 0.73141
2025-10-24 06:05:18,143 - INFO - [60/100] | train_loss: 0.71328
2025-10-24 06:05:23,272 - INFO - [70/100] | train_loss: 0.71997
2025-10-24 06:05:28,401 - INFO - [80/100] | train_loss: 0.78655
2025-10-24 06:05:33,715 - INFO - [90/100] | train_loss: 0.72001
2025-10-24 06:05:38,584 - INFO - ----------
2025-10-24 06:05:38,584 - INFO - sample 188/192 | d1: shippingservice; level: service; fault_type: target port misconfig
2025-10-24 06:05:38,584 - INFO - sample 188/192 | predict d1: [('shippingservice-2', 0.33837090541563697), ('shippingservice', 0.3380493748859159), ('frontend', 0.3380493748859159), ('checkoutservice', 0.3377951137423363), ('cartservice', 0.3377951137423363)]
2025-10-24 06:05:38,584 - INFO - sample 188/192 | predict d2: [('<duration>; hipstershop.ShippingService/ShipOrder; type: downstream', 0.26933569266359036), ('shippingservice/error_ratio', 0.2682531132042332), ('shippingservice/response', 0.26707877236725963), ('shippingservice/client_error_ratio', 0.263258941191733), ('<intensity>; hipstershop.ShippingService/GetQuote; type: upstream', 0.2528223017732856)]
2025-10-24 06:05:38,584 - INFO - ----------
2025-10-24 06:05:38,942 - INFO - [0/100] | train_loss: 0.15033
2025-10-24 06:05:43,964 - INFO - [10/100] | train_loss: 1.41231
2025-10-24 06:05:49,087 - INFO - [20/100] | train_loss: 1.06248
2025-10-24 06:05:54,192 - INFO - [30/100] | train_loss: 0.90702
2025-10-24 06:05:59,584 - INFO - [40/100] | train_loss: 0.86161
2025-10-24 06:06:04,668 - INFO - [50/100] | train_loss: 0.82659
2025-10-24 06:06:10,001 - INFO - [60/100] | train_loss: 0.88772
2025-10-24 06:06:15,115 - INFO - [70/100] | train_loss: 0.86779
2025-10-24 06:06:20,213 - INFO - [80/100] | train_loss: 0.83670
2025-10-24 06:06:25,335 - INFO - [90/100] | train_loss: 0.84652
2025-10-24 06:06:30,466 - INFO - [0/100] | train_loss: 0.16379
2025-10-24 06:06:35,573 - INFO - [10/100] | train_loss: 1.34500
2025-10-24 06:06:40,658 - INFO - [20/100] | train_loss: 0.98471
2025-10-24 06:06:45,914 - INFO - [30/100] | train_loss: 0.73048
2025-10-24 06:06:50,965 - INFO - [40/100] | train_loss: 0.67407
2025-10-24 06:06:56,057 - INFO - [50/100] | train_loss: 0.71724
2025-10-24 06:07:01,132 - INFO - [60/100] | train_loss: 0.67263
2025-10-24 06:07:06,233 - INFO - [70/100] | train_loss: 0.61559
2025-10-24 06:07:11,523 - INFO - [80/100] | train_loss: 0.57578
2025-10-24 06:07:16,693 - INFO - [90/100] | train_loss: 0.57116
2025-10-24 06:07:21,818 - INFO - [0/100] | train_loss: 0.13081
2025-10-24 06:07:26,880 - INFO - [10/100] | train_loss: 1.28476
2025-10-24 06:07:32,138 - INFO - [20/100] | train_loss: 0.93182
2025-10-24 06:07:37,270 - INFO - [30/100] | train_loss: 0.65777
2025-10-24 06:07:42,435 - INFO - [40/100] | train_loss: 0.57717
2025-10-24 06:07:47,443 - INFO - [50/100] | train_loss: 0.57379
2025-10-24 06:07:52,515 - INFO - [60/100] | train_loss: 0.57880
2025-10-24 06:07:57,803 - INFO - [70/100] | train_loss: 0.56455
2025-10-24 06:08:02,880 - INFO - [80/100] | train_loss: 0.60125
2025-10-24 06:08:07,892 - INFO - [90/100] | train_loss: 0.55138
2025-10-24 06:08:13,170 - INFO - [0/100] | train_loss: 0.15221
2025-10-24 06:08:18,238 - INFO - [10/100] | train_loss: 1.32884
2025-10-24 06:08:23,322 - INFO - [20/100] | train_loss: 0.92265
2025-10-24 06:08:28,444 - INFO - [30/100] | train_loss: 0.72283
2025-10-24 06:08:33,560 - INFO - [40/100] | train_loss: 0.63245
2025-10-24 06:08:38,820 - INFO - [50/100] | train_loss: 0.59695
2025-10-24 06:08:43,897 - INFO - [60/100] | train_loss: 0.57172
2025-10-24 06:08:48,998 - INFO - [70/100] | train_loss: 0.56132
2025-10-24 06:08:54,110 - INFO - [80/100] | train_loss: 0.58893
2025-10-24 06:08:59,222 - INFO - [90/100] | train_loss: 0.59361
2025-10-24 06:09:04,359 - INFO - ----------
2025-10-24 06:09:04,360 - INFO - sample 189/192 | d1: cartservice; level: service; fault_type: network delay
2025-10-24 06:09:04,360 - INFO - sample 189/192 | predict d1: [('cartservice-0', 3.110500824304829), ('cartservice', 2.9786388515063287), ('cartservice-1', 2.562150850033399), ('redis-cart', 1.8369545370695608), ('cartservice-2', 1.7862197546307705)]
2025-10-24 06:09:04,360 - INFO - sample 189/192 | predict d2: [('cartservice/rrt', 2.137249709149774), ('<intensity>; POST /hipstershop.CartService/EmptyCart; type: upstream', 1.8878606502991673), ('cartservice/timeout', 1.834584839299346), ('cartservice/client_error', 1.829487732979178), ('<intensity>; POST /hipstershop.CartService/GetCart; type: current', 1.815102530810691)]
2025-10-24 06:09:04,360 - INFO - ----------
2025-10-24 06:09:04,705 - INFO - [0/100] | train_loss: 0.05773
2025-10-24 06:09:09,795 - INFO - [10/100] | train_loss: 0.79485
2025-10-24 06:09:15,107 - INFO - [20/100] | train_loss: 0.52200
2025-10-24 06:09:20,166 - INFO - [30/100] | train_loss: 0.36462
2025-10-24 06:09:25,203 - INFO - [40/100] | train_loss: 0.23195
2025-10-24 06:09:30,221 - INFO - [50/100] | train_loss: 0.18814
2025-10-24 06:09:35,241 - INFO - [60/100] | train_loss: 0.16315
2025-10-24 06:09:40,465 - INFO - [70/100] | train_loss: 0.15141
2025-10-24 06:09:45,669 - INFO - [80/100] | train_loss: 0.14817
2025-10-24 06:09:50,726 - INFO - [90/100] | train_loss: 0.14299
2025-10-24 06:09:56,001 - INFO - [0/100] | train_loss: 0.04959
2025-10-24 06:10:01,084 - INFO - [10/100] | train_loss: 1.20759
2025-10-24 06:10:06,329 - INFO - [20/100] | train_loss: 0.80805
2025-10-24 06:10:11,379 - INFO - [30/100] | train_loss: 0.57083
2025-10-24 06:10:16,643 - INFO - [40/100] | train_loss: 0.50292
2025-10-24 06:10:21,760 - INFO - [50/100] | train_loss: 0.49146
2025-10-24 06:10:27,091 - INFO - [60/100] | train_loss: 0.47960
2025-10-24 06:10:32,168 - INFO - [70/100] | train_loss: 0.47307
2025-10-24 06:10:37,353 - INFO - [80/100] | train_loss: 0.47583
2025-10-24 06:10:42,385 - INFO - [90/100] | train_loss: 0.47888
2025-10-24 06:10:47,474 - INFO - ----------
2025-10-24 06:10:47,474 - INFO - sample 190/192 | d1: tidb-pd; level: tidb; fault_type: pod failure
2025-10-24 06:10:47,474 - INFO - sample 190/192 | predict d1: [('aiops-k8s-08', 0.004777567032612673), ('checkoutservice-2', 0.004583730203034486), ('checkoutservice', 0.004581733668449717), ('cartservice', 0.00458110892134711), ('productcatalogservice', 0.0045803649244653966)]
2025-10-24 06:10:47,474 - INFO - sample 190/192 | predict d2: [('aiops-k8s-08/node_disk_written_bytes_total', 0.004521071869162618), ('checkoutservice/request', 0.0038493231063414513), ('aiops-k8s-08/node_memory_MemAvailable_bytes', 0.0037960307905113844), ('aiops-k8s-08/node_sockstat_TCP_inuse', 0.003520803684698315), ('checkoutservice/error', 0.0035031523415405275)]
2025-10-24 06:10:47,474 - INFO - ----------
2025-10-24 06:10:47,820 - INFO - [0/100] | train_loss: 0.10791
2025-10-24 06:10:53,000 - INFO - [10/100] | train_loss: 1.34870
2025-10-24 06:10:58,326 - INFO - [20/100] | train_loss: 0.98356
2025-10-24 06:11:03,380 - INFO - [30/100] | train_loss: 0.79763
2025-10-24 06:11:08,458 - INFO - [40/100] | train_loss: 0.76044
2025-10-24 06:11:13,504 - INFO - [50/100] | train_loss: 0.77330
2025-10-24 06:11:18,704 - INFO - [60/100] | train_loss: 0.77753
2025-10-24 06:11:23,833 - INFO - [70/100] | train_loss: 0.80995
2025-10-24 06:11:28,838 - INFO - [80/100] | train_loss: 0.78816
2025-10-24 06:11:34,072 - INFO - [90/100] | train_loss: 0.78193
2025-10-24 06:11:39,095 - INFO - [0/100] | train_loss: 0.09185
2025-10-24 06:11:44,083 - INFO - [10/100] | train_loss: 1.28721
2025-10-24 06:11:49,081 - INFO - [20/100] | train_loss: 0.94148
2025-10-24 06:11:54,363 - INFO - [30/100] | train_loss: 0.62846
2025-10-24 06:11:59,389 - INFO - [40/100] | train_loss: 0.53498
2025-10-24 06:12:04,410 - INFO - [50/100] | train_loss: 0.54311
2025-10-24 06:12:09,435 - INFO - [60/100] | train_loss: 0.53309
2025-10-24 06:12:14,499 - INFO - [70/100] | train_loss: 0.49677
2025-10-24 06:12:19,592 - INFO - [80/100] | train_loss: 0.51297
2025-10-24 06:12:24,654 - INFO - [90/100] | train_loss: 0.50154
2025-10-24 06:12:29,697 - INFO - [0/100] | train_loss: 0.08264
2025-10-24 06:12:34,746 - INFO - [10/100] | train_loss: 1.28922
2025-10-24 06:12:39,816 - INFO - [20/100] | train_loss: 0.87416
2025-10-24 06:12:44,925 - INFO - [30/100] | train_loss: 0.63884
2025-10-24 06:12:50,003 - INFO - [40/100] | train_loss: 0.54110
2025-10-24 06:12:55,085 - INFO - [50/100] | train_loss: 0.61632
2025-10-24 06:13:00,180 - INFO - [60/100] | train_loss: 0.54239
2025-10-24 06:13:05,590 - INFO - [70/100] | train_loss: 0.50716
2025-10-24 06:13:10,832 - INFO - [80/100] | train_loss: 0.51266
2025-10-24 06:13:16,379 - INFO - [90/100] | train_loss: 0.51149
2025-10-24 06:13:21,805 - INFO - [0/100] | train_loss: 0.09901
2025-10-24 06:13:27,010 - INFO - [10/100] | train_loss: 1.28746
2025-10-24 06:13:32,634 - INFO - [20/100] | train_loss: 0.89980
2025-10-24 06:13:37,895 - INFO - [30/100] | train_loss: 0.63842
2025-10-24 06:13:42,906 - INFO - [40/100] | train_loss: 0.59849
2025-10-24 06:13:47,929 - INFO - [50/100] | train_loss: 0.53212
2025-10-24 06:13:52,966 - INFO - [60/100] | train_loss: 0.52408
2025-10-24 06:13:58,154 - INFO - [70/100] | train_loss: 0.53387
2025-10-24 06:14:03,182 - INFO - [80/100] | train_loss: 0.51268
2025-10-24 06:14:08,438 - INFO - [90/100] | train_loss: 0.52451
2025-10-24 06:14:13,342 - INFO - ----------
2025-10-24 06:14:13,342 - INFO - sample 191/192 | d1: cartservice; level: service; fault_type: target port misconfig
2025-10-24 06:14:13,342 - INFO - sample 191/192 | predict d1: [('cartservice', 3.4488368613980107), ('cartservice-0', 3.1448684122351764), ('redis-cart', 2.605910737953412), ('frontend', 2.6056870067701396), ('cartservice-2', 2.54664660141093)]
2025-10-24 06:14:13,342 - INFO - sample 191/192 | predict d2: [('<intensity>; hipstershop.CartService/AddItem; type: downstream', 1.9877361482851477), ('cartservice/rrt_max', 1.9559743265241707), ('cartservice/timeout', 1.8755347769835033), ('cartservice/error_ratio', 1.8275245069074977), ('<duration>; hipstershop.CartService/AddItem; type: downstream', 1.7616018692542426)]
2025-10-24 06:14:13,342 - INFO - ----------
2025-10-24 06:14:13,343 - INFO - ----------
2025-10-24 06:14:13,343 - INFO - evaluation
2025-10-24 06:14:13,343 - INFO - node     d1 | AC@1: 0.794118; AC@3: 0.852941; AC@5: 0.852941
2025-10-24 06:14:13,343 - INFO - node     d2 | AC@1: 0.058824; AC@3: 0.147059; AC@5: 0.205882
2025-10-24 06:14:13,343 - INFO - service  d1 | AC@1: 0.670588; AC@3: 0.729412; AC@5: 0.752941
2025-10-24 06:14:13,343 - INFO - service  d2 | AC@1: 0.317647; AC@3: 0.647059; AC@5: 0.694118
2025-10-24 06:14:13,343 - INFO - pod      d1 | AC@1: 0.117647; AC@3: 0.235294; AC@5: 0.529412
2025-10-24 06:14:13,343 - INFO - pod      d2 | AC@1: 0.000000; AC@3: 0.000000; AC@5: 0.000000
2025-10-24 06:14:13,343 - INFO - ----------
----GATNet----
GAT_name1:  GATv2Conv
GAT_name2:  GATConv
activ_fun1:  relu6
activ_fun2:  relu6
