# Holistic original 4090
2025-07-04 21:42:10,371 - INFO - ----------
2025-07-04 21:42:10,371 - INFO - evaluation dataset type: test
2025-07-04 21:42:10,391 - INFO - node    precision | micro: 0.600000; macro: 0.597389; score: [0.77777778 0.46153846 0.58333333 0.47826087 0.64705882 0.63636364]
2025-07-04 21:42:10,391 - INFO - node    recall    | micro: 0.940299; macro: 0.925265; score: [1.         0.85714286 0.77777778 0.91666667 1.         1.        ]
2025-07-04 21:42:10,391 - INFO - node    f1        | micro: 0.732558; macro: 0.722288; score: [0.875      0.6        0.66666667 0.62857143 0.78571429 0.77777778]
2025-07-04 21:42:10,419 - INFO - service precision | micro: 0.642105; macro: 0.661903; score: [0.75       0.8        0.33333333 0.3125     0.77777778 0.76923077
 0.71428571 1.         0.5       ]
2025-07-04 21:42:10,419 - INFO - service recall    | micro: 0.693182; macro: 0.717284; score: [1.         0.88888889 0.3        0.41666667 0.58333333 0.66666667
 1.         1.         0.6       ]
2025-07-04 21:42:10,419 - INFO - service f1        | micro: 0.666667; macro: 0.681325; score: [0.85714286 0.84210526 0.31578947 0.35714286 0.66666667 0.71428571
 0.83333333 1.         0.54545455]
2025-07-04 21:42:10,495 - INFO - pod     precision | micro: 0.505666; macro: 0.606796; score: [0.92156863 0.75       0.23809524 0.25396825 0.64179104 0.38970588
 0.796875   0.82051282 0.64864865]
2025-07-04 21:42:10,495 - INFO - pod     recall    | micro: 0.815068; macro: 0.838088; score: [1.         0.97826087 0.6122449  0.51612903 0.76785714 0.77941176
 1.         1.         0.88888889]
2025-07-04 21:42:10,495 - INFO - pod     f1        | micro: 0.624126; macro: 0.694298; score: [0.95918367 0.8490566  0.34285714 0.34042553 0.69918699 0.51960784
 0.88695652 0.90140845 0.75      ]
2025-07-04 21:42:10,495 - INFO - ----------

# Holistic original 4090 task2, 3
2025-06-10 17:35:40,976 - INFO - ----------
2025-06-10 17:35:40,976 - INFO - evaluation
2025-06-10 17:35:40,976 - INFO - node     d1 | AC@1: 0.910448; AC@3: 0.910448; AC@5: 0.925373
2025-06-10 17:35:40,976 - INFO - node     d2 | AC@1: 0.552239; AC@3: 0.656716; AC@5: 0.671642
2025-06-10 17:35:40,976 - INFO - service  d1 | AC@1: 0.863636; AC@3: 0.920455; AC@5: 0.931818
2025-06-10 17:35:40,976 - INFO - service  d2 | AC@1: 0.250000; AC@3: 0.477273; AC@5: 0.625000
2025-06-10 17:35:40,976 - INFO - pod      d1 | AC@1: 0.581395; AC@3: 0.662791; AC@5: 0.767442
2025-06-10 17:35:40,976 - INFO - pod      d2 | AC@1: 0.151163; AC@3: 0.290698; AC@5: 0.418605
2025-06-10 17:35:40,976 - INFO - ----------


## 2025.09.05

# original
2025-06-10 08:11:48,737 - INFO - ----------
2025-06-10 08:11:48,737 - INFO - evaluation dataset type: test
2025-06-10 08:11:48,774 - INFO - node    precision | micro: 0.600000; macro: 0.597389; score: [0.77777778 0.46153846 0.58333333 0.47826087 0.64705882 0.63636364]
2025-06-10 08:11:48,774 - INFO - node    recall    | micro: 0.940299; macro: 0.925265; score: [1.         0.85714286 0.77777778 0.91666667 1.         1.        ]
2025-06-10 08:11:48,774 - INFO - node    f1        | micro: 0.732558; macro: 0.722288; score: [0.875      0.6        0.66666667 0.62857143 0.78571429 0.77777778]
2025-06-10 08:11:48,801 - INFO - service precision | micro: 0.642105; macro: 0.661903; score: [0.75       0.8        0.33333333 0.3125     0.77777778 0.76923077
 0.71428571 1.         0.5       ]
2025-06-10 08:11:48,801 - INFO - service recall    | micro: 0.693182; macro: 0.717284; score: [1.         0.88888889 0.3        0.41666667 0.58333333 0.66666667
 1.         1.         0.6       ]
2025-06-10 08:11:48,801 - INFO - service f1        | micro: 0.666667; macro: 0.681325; score: [0.85714286 0.84210526 0.31578947 0.35714286 0.66666667 0.71428571
 0.83333333 1.         0.54545455]
2025-06-10 08:11:48,890 - INFO - pod     precision | micro: 0.505666; macro: 0.606796; score: [0.92156863 0.75       0.23809524 0.25396825 0.64179104 0.38970588
 0.796875   0.82051282 0.64864865]
2025-06-10 08:11:48,890 - INFO - pod     recall    | micro: 0.815068; macro: 0.838088; score: [1.         0.97826087 0.6122449  0.51612903 0.76785714 0.77941176
 1.         1.         0.88888889]
2025-06-10 08:11:48,891 - INFO - pod     f1        | micro: 0.624126; macro: 0.694298; score: [0.95918367 0.8490566  0.34285714 0.34042553 0.69918699 0.51960784
 0.88695652 0.90140845 0.75      ]
2025-06-10 08:11:48,891 - INFO - ----------



1.----GATNet----
GAT_name1:  GATConv
GAT_name2:  GATConv
activ_fun1:  mish
activ_fun2:  mish
2025-08-06 15:05:30,651 - INFO - ----------
2025-08-06 15:05:30,651 - INFO - evaluation dataset type: test
2025-08-06 15:05:30,716 - INFO - node    precision | micro: 0.656250; macro: 0.686895; score: [0.68421053 0.875      0.7        0.47826087 0.64705882 0.73684211]
2025-08-06 15:05:30,716 - INFO - node    recall    | micro: 0.940299; macro: 0.937169; score: [0.92857143 1.         0.77777778 0.91666667 1.         1.        ]
2025-08-06 15:05:30,716 - INFO - node    f1        | micro: 0.773006; macro: 0.786804; score: [0.78787879 0.93333333 0.73684211 0.62857143 0.78571429 0.84848485]
2025-08-06 15:05:30,743 - INFO - service precision | micro: 0.760870; macro: 0.782369; score: [0.81818182 0.9        0.58333333 0.71428571 0.81818182 0.63157895
 0.90909091 1.         0.66666667]
2025-08-06 15:05:30,744 - INFO - service recall    | micro: 0.795455; macro: 0.811111; score: [1.         1.         0.7        0.41666667 0.75       0.8
 1.         0.83333333 0.8       ]
2025-08-06 15:05:30,744 - INFO - service f1        | micro: 0.777778; macro: 0.787476; score: [0.9        0.94736842 0.63636364 0.52631579 0.7826087  0.70588235
 0.95238095 0.90909091 0.72727273]
2025-08-06 15:05:30,820 - INFO - pod     precision | micro: 0.656934; macro: 0.727920; score: [0.95918367 0.88235294 0.44303797 0.39506173 0.72222222 0.47826087
 0.92727273 0.96969697 0.77419355]
2025-08-06 15:05:30,820 - INFO - pod     recall    | micro: 0.821918; macro: 0.844757; score: [1.         0.97826087 0.71428571 0.51612903 0.69642857 0.80882353
 1.         1.         0.88888889]
2025-08-06 15:05:30,820 - INFO - pod     f1        | micro: 0.730223; macro: 0.776231; score: [0.97916667 0.92783505 0.546875   0.44755245 0.70909091 0.6010929
 0.96226415 0.98461538 0.82758621]
2025-08-06 15:05:30,820 - INFO - ----------

2.----GATNet----
GAT_name1:  GATConv
GAT_name2:  GATConv
activ_fun1:  mish
activ_fun2:  tanhshrink
2025-08-06 17:53:48,009 - INFO - ----------
2025-08-06 17:53:48,009 - INFO - evaluation dataset type: test
2025-08-06 17:53:48,030 - INFO - node    precision | micro: 0.663158; macro: 0.703813; score: [0.76470588 0.875      0.77777778 0.45833333 0.64705882 0.7       ]
2025-08-06 17:53:48,030 - INFO - node    recall    | micro: 0.940299; macro: 0.937169; score: [0.92857143 1.         0.77777778 0.91666667 1.         1.        ]
2025-08-06 17:53:48,030 - INFO - node    f1        | micro: 0.777778; macro: 0.795029; score: [0.83870968 0.93333333 0.77777778 0.61111111 0.78571429 0.82352941]
2025-08-06 17:53:48,058 - INFO - service precision | micro: 0.731183; macro: 0.762346; score: [1.         0.9        0.6        0.44444444 0.75       0.66666667
 1.         1.         0.5       ]
2025-08-06 17:53:48,058 - INFO - service recall    | micro: 0.772727; macro: 0.768519; score: [1.         1.         0.6        0.66666667 0.75       0.66666667
 1.         0.83333333 0.4       ]
2025-08-06 17:53:48,058 - INFO - service f1        | micro: 0.751381; macro: 0.761212; score: [1.         0.94736842 0.6        0.53333333 0.75       0.66666667
 1.         0.90909091 0.44444444]
2025-08-06 17:53:48,133 - INFO - pod     precision | micro: 0.664247; macro: 0.717620; score: [0.92156863 0.77586207 0.52380952 0.36792453 0.66666667 0.59090909
 0.96226415 0.91428571 0.73529412]
2025-08-06 17:53:48,134 - INFO - pod     recall    | micro: 0.835616; macro: 0.857933; score: [1.         0.97826087 0.67346939 0.62903226 0.75       0.76470588
 1.         1.         0.92592593]
2025-08-06 17:53:48,134 - INFO - pod     f1        | micro: 0.740142; macro: 0.778484; score: [0.95918367 0.86538462 0.58928571 0.46428571 0.70588235 0.66666667
 0.98076923 0.95522388 0.81967213]
2025-08-06 17:53:48,134 - INFO - ----------

3.----GATNet----
GAT_name1:  GATConv
GAT_name2:  GATConv
activ_fun1:  silu
activ_fun2:  tanhshrink
2025-08-07 00:31:07,323 - INFO - ----------
2025-08-07 00:31:07,323 - INFO - evaluation dataset type: test
2025-08-07 00:31:07,345 - INFO - node    precision | micro: 0.649485; macro: 0.675665; score: [0.73684211 0.75       0.77777778 0.47826087 0.61111111 0.7       ]
2025-08-07 00:31:07,345 - INFO - node    recall    | micro: 0.940299; macro: 0.925265; score: [1.         0.85714286 0.77777778 0.91666667 1.         1.        ]
2025-08-07 00:31:07,345 - INFO - node    f1        | micro: 0.768293; macro: 0.772831; score: [0.84848485 0.8        0.77777778 0.62857143 0.75862069 0.82352941]
2025-08-07 00:31:07,374 - INFO - service precision | micro: 0.682692; macro: 0.740508; score: [1.         0.81818182 0.46666667 0.46153846 0.81818182 0.5
 1.         1.         0.6       ]
2025-08-07 00:31:07,374 - INFO - service recall    | micro: 0.806818; macro: 0.816667; score: [1.   1.   0.7  0.5  0.75 0.8  1.   1.   0.6 ]
2025-08-07 00:31:07,374 - INFO - service f1        | micro: 0.739583; macro: 0.770888; score: [1.         0.9        0.56       0.48       0.7826087  0.61538462
 1.         1.         0.6       ]
2025-08-07 00:31:07,452 - INFO - pod     precision | micro: 0.603928; macro: 0.684814; score: [0.88679245 0.78571429 0.44827586 0.4        0.70689655 0.3862069
 0.96226415 0.82051282 0.76666667]
2025-08-07 00:31:07,452 - INFO - pod     recall    | micro: 0.842466; macro: 0.860068; score: [1.         0.95652174 0.79591837 0.58064516 0.73214286 0.82352941
 1.         1.         0.85185185]
2025-08-07 00:31:07,452 - INFO - pod     f1        | micro: 0.703527; macro: 0.753808; score: [0.94       0.8627451  0.57352941 0.47368421 0.71929825 0.5258216
 0.98076923 0.90140845 0.80701754]
2025-08-07 00:31:07,452 - INFO - ----------

4.----GATNet----
GAT_name1:  GATConv
GAT_name2:  GATConv
activ_fun1:  celu
activ_fun2:  rrelu
2025-08-07 15:33:40,764 - INFO - ----------
2025-08-07 15:33:40,764 - INFO - evaluation dataset type: test
2025-08-07 15:33:40,813 - INFO - node    precision | micro: 0.663158; macro: 0.716908; score: [0.77777778 0.77777778 1.         0.43478261 0.61111111 0.7       ]
2025-08-07 15:33:40,813 - INFO - node    recall    | micro: 0.940299; macro: 0.935185; score: [1.         1.         0.77777778 0.83333333 1.         1.        ]
2025-08-07 15:33:40,813 - INFO - node    f1        | micro: 0.777778; macro: 0.796430; score: [0.875      0.875      0.875      0.57142857 0.75862069 0.82352941]
2025-08-07 15:33:40,840 - INFO - service precision | micro: 0.810127; macro: 0.838510; score: [0.9        0.75       0.8        0.5625     1.         0.875
 0.90909091 1.         0.75      ]
2025-08-07 15:33:40,840 - INFO - service recall    | micro: 0.727273; macro: 0.746296; score: [1.         1.         0.4        0.75       0.66666667 0.46666667
 1.         0.83333333 0.6       ]
2025-08-07 15:33:40,841 - INFO - service f1        | micro: 0.766467; macro: 0.768615; score: [0.94736842 0.85714286 0.53333333 0.64285714 0.8        0.60869565
 0.95238095 0.90909091 0.66666667]
2025-08-07 15:33:40,915 - INFO - pod     precision | micro: 0.705051; macro: 0.771443; score: [0.90384615 0.75       0.66666667 0.36697248 0.90697674 0.6125
 0.92727273 0.96875    0.84      ]
2025-08-07 15:33:40,915 - INFO - pod     recall    | micro: 0.796804; macro: 0.813064; score: [1.         0.97826087 0.53061224 0.64516129 0.69642857 0.72058824
 1.         0.96875    0.77777778]
2025-08-07 15:33:40,915 - INFO - pod     f1        | micro: 0.748124; macro: 0.782894; score: [0.94949495 0.8490566  0.59090909 0.46783626 0.78787879 0.66216216
 0.96226415 0.96875    0.80769231]
2025-08-07 15:33:40,915 - INFO - ----------

5.----GATNet----
GAT_name1:  GATConv
GAT_name2:  GATConv
activ_fun1:  elu
activ_fun2:  rrelu
2025-08-07 22:16:14,627 - INFO - ----------
2025-08-07 22:16:14,627 - INFO - evaluation dataset type: test
2025-08-07 22:16:14,647 - INFO - node    precision | micro: 0.663158; macro: 0.716908; score: [0.77777778 0.77777778 1.         0.43478261 0.61111111 0.7       ]
2025-08-07 22:16:14,647 - INFO - node    recall    | micro: 0.940299; macro: 0.935185; score: [1.         1.         0.77777778 0.83333333 1.         1.        ]
2025-08-07 22:16:14,647 - INFO - node    f1        | micro: 0.777778; macro: 0.796430; score: [0.875      0.875      0.875      0.57142857 0.75862069 0.82352941]
2025-08-07 22:16:14,674 - INFO - service precision | micro: 0.810127; macro: 0.838510; score: [0.9        0.75       0.8        0.5625     1.         0.875
 0.90909091 1.         0.75      ]
2025-08-07 22:16:14,675 - INFO - service recall    | micro: 0.727273; macro: 0.746296; score: [1.         1.         0.4        0.75       0.66666667 0.46666667
 1.         0.83333333 0.6       ]
2025-08-07 22:16:14,675 - INFO - service f1        | micro: 0.766467; macro: 0.768615; score: [0.94736842 0.85714286 0.53333333 0.64285714 0.8        0.60869565
 0.95238095 0.90909091 0.66666667]
2025-08-07 22:16:14,750 - INFO - pod     precision | micro: 0.705051; macro: 0.771443; score: [0.90384615 0.75       0.66666667 0.36697248 0.90697674 0.6125
 0.92727273 0.96875    0.84      ]
2025-08-07 22:16:14,750 - INFO - pod     recall    | micro: 0.796804; macro: 0.813064; score: [1.         0.97826087 0.53061224 0.64516129 0.69642857 0.72058824
 1.         0.96875    0.77777778]
2025-08-07 22:16:14,750 - INFO - pod     f1        | micro: 0.748124; macro: 0.782894; score: [0.94949495 0.8490566  0.59090909 0.46783626 0.78787879 0.66216216
 0.96226415 0.96875    0.80769231]
2025-08-07 22:16:14,750 - INFO - ----------

6.----GATNet----
GAT_name1:  GATConv
GAT_name2:  GATConv
activ_fun1:  elu
activ_fun2:  celu
2025-08-07 22:46:46,918 - INFO - ----------
2025-08-07 22:46:46,918 - INFO - evaluation dataset type: test
2025-08-07 22:46:46,938 - INFO - node    precision | micro: 0.656250; macro: 0.679288; score: [0.73684211 0.77777778 0.75       0.5        0.61111111 0.7       ]
2025-08-07 22:46:46,939 - INFO - node    recall    | micro: 0.940299; macro: 0.930556; score: [1.         1.         0.66666667 0.91666667 1.         1.        ]
2025-08-07 22:46:46,939 - INFO - node    f1        | micro: 0.773006; macro: 0.776429; score: [0.84848485 0.875      0.70588235 0.64705882 0.75862069 0.82352941]
2025-08-07 22:46:46,966 - INFO - service precision | micro: 0.707865; macro: 0.741820; score: [1.         0.81818182 0.54545455 0.5        0.7        0.52941176
 0.83333333 1.         0.75      ]
2025-08-07 22:46:46,966 - INFO - service recall    | micro: 0.715909; macro: 0.737037; score: [1.         1.         0.6        0.41666667 0.58333333 0.6
 1.         0.83333333 0.6       ]
2025-08-07 22:46:46,966 - INFO - service f1        | micro: 0.711864; macro: 0.734410; score: [1.         0.9        0.57142857 0.45454545 0.63636364 0.5625
 0.90909091 0.90909091 0.66666667]
2025-08-07 22:46:47,040 - INFO - pod     precision | micro: 0.652252; macro: 0.718598; score: [0.90384615 0.86538462 0.50793651 0.40860215 0.5915493  0.4953271
 0.89473684 1.         0.8       ]
2025-08-07 22:46:47,041 - INFO - pod     recall    | micro: 0.826484; macro: 0.844447; score: [1.         0.97826087 0.65306122 0.61290323 0.75       0.77941176
 1.         0.9375     0.88888889]
2025-08-07 22:46:47,041 - INFO - pod     f1        | micro: 0.729104; macro: 0.772337; score: [0.94949495 0.91836735 0.57142857 0.49032258 0.66141732 0.60571429
 0.94444444 0.96774194 0.84210526]
2025-08-07 22:46:47,041 - INFO - ----------

7.----GATNet----
GAT_name1:  GATConv
GAT_name2:  GATConv
activ_fun1:  elu
activ_fun2:  elu
2025-08-07 23:17:23,518 - INFO - ----------
2025-08-07 23:17:23,518 - INFO - evaluation dataset type: test
2025-08-07 23:17:23,538 - INFO - node    precision | micro: 0.656250; macro: 0.679288; score: [0.73684211 0.77777778 0.75       0.5        0.61111111 0.7       ]
2025-08-07 23:17:23,538 - INFO - node    recall    | micro: 0.940299; macro: 0.930556; score: [1.         1.         0.66666667 0.91666667 1.         1.        ]
2025-08-07 23:17:23,538 - INFO - node    f1        | micro: 0.773006; macro: 0.776429; score: [0.84848485 0.875      0.70588235 0.64705882 0.75862069 0.82352941]
2025-08-07 23:17:23,566 - INFO - service precision | micro: 0.707865; macro: 0.741820; score: [1.         0.81818182 0.54545455 0.5        0.7        0.52941176
 0.83333333 1.         0.75      ]
2025-08-07 23:17:23,566 - INFO - service recall    | micro: 0.715909; macro: 0.737037; score: [1.         1.         0.6        0.41666667 0.58333333 0.6
 1.         0.83333333 0.6       ]
2025-08-07 23:17:23,566 - INFO - service f1        | micro: 0.711864; macro: 0.734410; score: [1.         0.9        0.57142857 0.45454545 0.63636364 0.5625
 0.90909091 0.90909091 0.66666667]
2025-08-07 23:17:23,641 - INFO - pod     precision | micro: 0.652252; macro: 0.718598; score: [0.90384615 0.86538462 0.50793651 0.40860215 0.5915493  0.4953271
 0.89473684 1.         0.8       ]
2025-08-07 23:17:23,641 - INFO - pod     recall    | micro: 0.826484; macro: 0.844447; score: [1.         0.97826087 0.65306122 0.61290323 0.75       0.77941176
 1.         0.9375     0.88888889]
2025-08-07 23:17:23,641 - INFO - pod     f1        | micro: 0.729104; macro: 0.772337; score: [0.94949495 0.91836735 0.57142857 0.49032258 0.66141732 0.60571429
 0.94444444 0.96774194 0.84210526]
2025-08-07 23:17:23,641 - INFO - ----------


8.----GATNet----
GAT_name1:  GATConv
GAT_name2:  GATConv
activ_fun1:  relu6
activ_fun2:  silu
2025-08-08 00:49:00,410 - INFO - ----------
2025-08-08 00:49:00,411 - INFO - evaluation dataset type: test
2025-08-08 00:49:00,430 - INFO - node    precision | micro: 0.656250; macro: 0.697454; score: [0.82352941 0.77777778 0.875      0.47826087 0.61111111 0.61904762]
2025-08-08 00:49:00,430 - INFO - node    recall    | micro: 0.940299; macro: 0.937169; score: [1.         1.         0.77777778 0.91666667 1.         0.92857143]
2025-08-08 00:49:00,431 - INFO - node    f1        | micro: 0.773006; macro: 0.788634; score: [0.90322581 0.875      0.82352941 0.62857143 0.75862069 0.74285714]
2025-08-08 00:49:00,458 - INFO - service precision | micro: 0.718750; macro: 0.758335; score: [0.81818182 0.64285714 0.57142857 0.52631579 1.         0.64285714
 0.90909091 1.         0.71428571]
2025-08-08 00:49:00,458 - INFO - service recall    | micro: 0.784091; macro: 0.814815; score: [1.         1.         0.4        0.83333333 0.66666667 0.6
 1.         0.83333333 1.        ]
2025-08-08 00:49:00,458 - INFO - service f1        | micro: 0.750000; macro: 0.768206; score: [0.9        0.7826087  0.47058824 0.64516129 0.8        0.62068966
 0.95238095 0.90909091 0.83333333]
2025-08-08 00:49:00,532 - INFO - pod     precision | micro: 0.632404; macro: 0.695733; score: [0.7704918  0.73770492 0.51724138 0.40366972 0.70909091 0.48672566
 0.89473684 1.         0.74193548]
2025-08-08 00:49:00,533 - INFO - pod     recall    | micro: 0.828767; macro: 0.840393; score: [1.         0.97826087 0.6122449  0.70967742 0.69642857 0.80882353
 1.         0.90625    0.85185185]
2025-08-08 00:49:00,533 - INFO - pod     f1        | micro: 0.717391; macro: 0.753963; score: [0.87037037 0.8411215  0.56074766 0.51461988 0.7027027  0.60773481
 0.94444444 0.95081967 0.79310345]
2025-08-08 00:49:00,533 - INFO - ----------


9.----GATNet----
GAT_name1:  GATConv
GAT_name2:  GATConv
activ_fun1:  tanhshrink
activ_fun2:  leaky_relu
2025-08-08 05:08:48,924 - INFO - ----------
2025-08-08 05:08:48,924 - INFO - evaluation dataset type: test
2025-08-08 05:08:48,944 - INFO - node    precision | micro: 0.649485; macro: 0.678294; score: [0.72222222 0.77777778 0.77777778 0.47826087 0.64705882 0.66666667]
2025-08-08 05:08:48,944 - INFO - node    recall    | micro: 0.940299; macro: 0.937169; score: [0.92857143 1.         0.77777778 0.91666667 1.         1.        ]
2025-08-08 05:08:48,944 - INFO - node    f1        | micro: 0.768293; macro: 0.779927; score: [0.8125     0.875      0.77777778 0.62857143 0.78571429 0.8       ]
2025-08-08 05:08:48,971 - INFO - service precision | micro: 0.758242; macro: 0.770478; score: [0.9        0.81818182 0.5        0.71428571 0.69230769 0.64285714
 1.         1.         0.66666667]
2025-08-08 05:08:48,971 - INFO - service recall    | micro: 0.784091; macro: 0.801852; score: [1.         1.         0.4        0.83333333 0.75       0.6
 1.         0.83333333 0.8       ]
2025-08-08 05:08:48,971 - INFO - service f1        | micro: 0.770950; macro: 0.782011; score: [0.94736842 0.9        0.44444444 0.76923077 0.72       0.62068966
 1.         0.90909091 0.72727273]
2025-08-08 05:08:49,046 - INFO - pod     precision | micro: 0.630397; macro: 0.679657; score: [0.83928571 0.72580645 0.44927536 0.43333333 0.72131148 0.46610169
 0.94444444 0.76315789 0.77419355]
2025-08-08 05:08:49,046 - INFO - pod     recall    | micro: 0.833333; macro: 0.847736; score: [1.         0.97826087 0.63265306 0.62903226 0.78571429 0.80882353
 1.         0.90625    0.88888889]
2025-08-08 05:08:49,046 - INFO - pod     f1        | micro: 0.717797; macro: 0.750629; score: [0.91262136 0.83333333 0.52542373 0.51315789 0.75213675 0.59139785
 0.97142857 0.82857143 0.82758621]
2025-08-08 05:08:49,046 - INFO - ----------

10.----GATNet----
GAT_name1:  GATConv
GAT_name2:  GATv2Conv
activ_fun1:  mish
activ_fun2:  mish
2025-08-08 10:14:54,719 - INFO - ----------
2025-08-08 10:14:54,719 - INFO - evaluation dataset type: test
2025-08-08 10:14:54,739 - INFO - node    precision | micro: 0.670213; macro: 0.708116; score: [0.82352941 0.875      0.77777778 0.47619048 0.6875     0.60869565]
2025-08-08 10:14:54,740 - INFO - node    recall    | micro: 0.940299; macro: 0.935185; score: [1.         1.         0.77777778 0.83333333 1.         1.        ]
2025-08-08 10:14:54,740 - INFO - node    f1        | micro: 0.782609; macro: 0.798662; score: [0.90322581 0.93333333 0.77777778 0.60606061 0.81481481 0.75675676]
2025-08-08 10:14:54,767 - INFO - service precision | micro: 0.797619; macro: 0.828218; score: [1.         1.         0.75       0.5        0.46153846 0.90909091
 1.         1.         0.83333333]
2025-08-08 10:14:54,767 - INFO - service recall    | micro: 0.761364; macro: 0.807407; score: [1.         1.         0.6        0.5        0.5        0.66666667
 1.         1.         1.        ]
2025-08-08 10:14:54,767 - INFO - service f1        | micro: 0.779070; macro: 0.813888; score: [1.         1.         0.66666667 0.5        0.48       0.76923077
 1.         1.         0.90909091]
2025-08-08 10:14:54,842 - INFO - pod     precision | micro: 0.713178; macro: 0.754632; score: [0.83928571 0.83333333 0.63461538 0.47126437 0.54054054 0.70666667
 0.92727273 1.         0.83870968]
2025-08-08 10:14:54,842 - INFO - pod     recall    | micro: 0.840183; macro: 0.863298; score: [1.         0.97826087 0.67346939 0.66129032 0.71428571 0.77941176
 1.         1.         0.96296296]
2025-08-08 10:14:54,843 - INFO - pod     f1        | micro: 0.771488; macro: 0.803542; score: [0.91262136 0.9        0.65346535 0.55033557 0.61538462 0.74125874
 0.96226415 1.         0.89655172]
2025-08-08 10:14:54,843 - INFO - ----------

11.----GATNet----
GAT_name1:  GATConv
GAT_name2:  GATv2Conv
activ_fun1:  silu
activ_fun2:  mish
2025-08-08 16:53:27,943 - INFO - ----------
2025-08-08 16:53:27,944 - INFO - evaluation dataset type: test
2025-08-08 16:53:27,963 - INFO - node    precision | micro: 0.656250; macro: 0.710969; score: [0.76470588 0.875      0.875      0.44       0.61111111 0.7       ]
2025-08-08 16:53:27,964 - INFO - node    recall    | micro: 0.940299; macro: 0.937169; score: [0.92857143 1.         0.77777778 0.91666667 1.         1.        ]
2025-08-08 16:53:27,964 - INFO - node    f1        | micro: 0.773006; macro: 0.795386; score: [0.83870968 0.93333333 0.82352941 0.59459459 0.75862069 0.82352941]
2025-08-08 16:53:27,990 - INFO - service precision | micro: 0.727273; macro: 0.764632; score: [1.         0.9        0.57142857 0.46153846 0.61538462 0.53333333
 1.         1.         0.8       ]
2025-08-08 16:53:27,996 - INFO - service recall    | micro: 0.727273; macro: 0.766667; score: [1.         1.         0.4        0.5        0.66666667 0.53333333
 1.         1.         0.8       ]
2025-08-08 16:53:27,996 - INFO - service f1        | micro: 0.727273; macro: 0.763477; score: [1.         0.94736842 0.47058824 0.48       0.64       0.53333333
 1.         1.         0.8       ]
2025-08-08 16:53:28,070 - INFO - pod     precision | micro: 0.655417; macro: 0.723448; score: [0.83928571 0.85185185 0.52542373 0.41584158 0.68421053 0.47457627
 0.96226415 1.         0.75757576]
2025-08-08 16:53:28,071 - INFO - pod     recall    | micro: 0.842466; macro: 0.861773; score: [1.         1.         0.63265306 0.67741935 0.69642857 0.82352941
 1.         1.         0.92592593]
2025-08-08 16:53:28,071 - INFO - pod     f1        | micro: 0.737263; macro: 0.780950; score: [0.91262136 0.92       0.57407407 0.51533742 0.69026549 0.60215054
 0.98076923 1.         0.83333333]
2025-08-08 16:53:28,071 - INFO - ----------

12.----GATNet----
GAT_name1:  GATConv
GAT_name2:  GATv2Conv
activ_fun1:  silu
activ_fun2:  tanhshrink
2025-08-08 19:42:04,032 - INFO - ----------
2025-08-08 19:42:04,032 - INFO - evaluation dataset type: test
2025-08-08 19:42:04,052 - INFO - node    precision | micro: 0.649485; macro: 0.685539; score: [0.8125     0.7        0.875      0.47826087 0.61111111 0.63636364]
2025-08-08 19:42:04,052 - INFO - node    recall    | micro: 0.940299; macro: 0.937169; score: [0.92857143 1.         0.77777778 0.91666667 1.         1.        ]
2025-08-08 19:42:04,052 - INFO - node    f1        | micro: 0.768293; macro: 0.779783; score: [0.86666667 0.82352941 0.82352941 0.62857143 0.75862069 0.77777778]
2025-08-08 19:42:04,079 - INFO - service precision | micro: 0.741935; macro: 0.810584; score: [0.9        0.9        0.6        0.47368421 1.         0.58823529
 1.         1.         0.83333333]
2025-08-08 19:42:04,079 - INFO - service recall    | micro: 0.784091; macro: 0.825926; score: [1.         1.         0.6        0.75       0.41666667 0.66666667
 1.         1.         1.        ]
2025-08-08 19:42:04,079 - INFO - service f1        | micro: 0.762431; macro: 0.799745; score: [0.94736842 0.94736842 0.6        0.58064516 0.58823529 0.625
 1.         1.         0.90909091]
2025-08-08 19:42:04,154 - INFO - pod     precision | micro: 0.654479; macro: 0.724360; score: [0.79661017 0.84615385 0.48333333 0.47126437 0.80952381 0.43846154
 0.96226415 0.96969697 0.74193548]
2025-08-08 19:42:04,154 - INFO - pod     recall    | micro: 0.817352; macro: 0.834098; score: [1.         0.95652174 0.59183673 0.66129032 0.60714286 0.83823529
 1.         1.         0.85185185]
2025-08-08 19:42:04,154 - INFO - pod     f1        | micro: 0.726904; macro: 0.766147; score: [0.88679245 0.89795918 0.53211009 0.55033557 0.69387755 0.57575758
 0.98076923 0.98461538 0.79310345]
2025-08-08 19:42:04,154 - INFO - ----------

13.----GATNet----
GAT_name1:  GATConv
GAT_name2:  GATv2Conv
activ_fun1:  hardsigmoid
activ_fun2:  silu
2025-08-09 00:02:29,520 - INFO - ----------
2025-08-09 00:02:29,520 - INFO - evaluation dataset type: test
2025-08-09 00:02:29,540 - INFO - node    precision | micro: 0.605769; macro: 0.652596; score: [0.77777778 0.77777778 0.77777778 0.41666667 0.64705882 0.51851852]
2025-08-09 00:02:29,540 - INFO - node    recall    | micro: 0.940299; macro: 0.935185; score: [1.         1.         0.77777778 0.83333333 1.         1.        ]
2025-08-09 00:02:29,540 - INFO - node    f1        | micro: 0.736842; macro: 0.758662; score: [0.875      0.875      0.77777778 0.55555556 0.78571429 0.68292683]
2025-08-09 00:02:29,567 - INFO - service precision | micro: 0.692308; macro: 0.713868; score: [0.81818182 0.75       0.36363636 0.58823529 0.6        0.73333333
 1.         1.         0.57142857]
2025-08-09 00:02:29,567 - INFO - service recall    | micro: 0.818182; macro: 0.835185; score: [1.         1.         0.4        0.83333333 0.75       0.73333333
 1.         1.         0.8       ]
2025-08-09 00:02:29,567 - INFO - service f1        | micro: 0.750000; macro: 0.766046; score: [0.9        0.85714286 0.38095238 0.68965517 0.66666667 0.73333333
 1.         1.         0.66666667]
2025-08-09 00:02:29,642 - INFO - pod     precision | micro: 0.632280; macro: 0.686373; score: [0.79661017 0.80357143 0.39726027 0.49484536 0.64383562 0.47008547
 0.92727273 0.94117647 0.7027027 ]
2025-08-09 00:02:29,642 - INFO - pod     recall    | micro: 0.867580; macro: 0.883929; score: [1.         0.97826087 0.59183673 0.77419355 0.83928571 0.80882353
 1.         1.         0.96296296]
2025-08-09 00:02:29,642 - INFO - pod     f1        | micro: 0.731473; macro: 0.768452; score: [0.88679245 0.88235294 0.47540984 0.60377358 0.72868217 0.59459459
 0.96226415 0.96969697 0.8125    ]
2025-08-09 00:02:29,643 - INFO - ----------

14.----GATNet----
GAT_name1:  GATConv
GAT_name2:  GATv2Conv
activ_fun1:  hardsigmoid
activ_fun2:  tanhshrink
2025-08-09 02:20:29,932 - INFO - ----------
2025-08-09 02:20:29,932 - INFO - evaluation dataset type: test
2025-08-09 02:20:29,953 - INFO - node    precision | micro: 0.649485; macro: 0.715770; score: [0.875      0.77777778 1.         0.43478261 0.64705882 0.56      ]
2025-08-09 02:20:29,953 - INFO - node    recall    | micro: 0.940299; macro: 0.935185; score: [1.         1.         0.77777778 0.83333333 1.         1.        ]
2025-08-09 02:20:29,953 - INFO - node    f1        | micro: 0.768293; macro: 0.793071; score: [0.93333333 0.875      0.875      0.57142857 0.78571429 0.71794872]
2025-08-09 02:20:29,980 - INFO - service precision | micro: 0.697917; macro: 0.731343; score: [0.9        0.81818182 0.5        0.4375     0.54545455 0.66666667
 1.         1.         0.71428571]
2025-08-09 02:20:29,980 - INFO - service recall    | micro: 0.761364; macro: 0.805556; score: [1.         1.         0.5        0.58333333 0.5        0.66666667
 1.         1.         1.        ]
2025-08-09 02:20:29,980 - INFO - service f1        | micro: 0.728261; macro: 0.763234; score: [0.94736842 0.9        0.5        0.5        0.52173913 0.66666667
 1.         1.         0.83333333]
2025-08-09 02:20:30,055 - INFO - pod     precision | micro: 0.605220; macro: 0.665813; score: [0.78333333 0.80357143 0.36585366 0.43809524 0.57971014 0.47413793
 0.94444444 0.88888889 0.71428571]
2025-08-09 02:20:30,055 - INFO - pod     recall    | micro: 0.847032; macro: 0.864608; score: [1.         0.97826087 0.6122449  0.74193548 0.71428571 0.80882353
 1.         1.         0.92592593]
2025-08-09 02:20:30,055 - INFO - pod     f1        | micro: 0.705994; macro: 0.747406; score: [0.87850467 0.88235294 0.45801527 0.5508982  0.64       0.59782609
 0.97142857 0.94117647 0.80645161]
2025-08-09 02:20:30,055 - INFO - ----------

15.----GATNet----
GAT_name1:  GATConv
GAT_name2:  GATv2Conv
activ_fun1:  rrelu
activ_fun2:  celu
2025-08-09 04:38:07,032 - INFO - ----------
2025-08-09 04:38:07,032 - INFO - evaluation dataset type: test
2025-08-09 04:38:07,052 - INFO - node    precision | micro: 0.656250; macro: 0.684378; score: [0.68421053 0.7        0.875      0.5        0.64705882 0.7       ]
2025-08-09 04:38:07,052 - INFO - node    recall    | micro: 0.940299; macro: 0.937169; score: [0.92857143 1.         0.77777778 0.91666667 1.         1.        ]
2025-08-09 04:38:07,052 - INFO - node    f1        | micro: 0.773006; macro: 0.781873; score: [0.78787879 0.82352941 0.82352941 0.64705882 0.78571429 0.82352941]
2025-08-09 04:38:07,079 - INFO - service precision | micro: 0.827160; macro: 0.848148; score: [0.9        0.9        0.5        0.53333333 1.         1.
 1.         1.         0.8       ]
2025-08-09 04:38:07,079 - INFO - service recall    | micro: 0.761364; macro: 0.788889; score: [1.         1.         0.4        0.66666667 0.5        0.73333333
 1.         1.         0.8       ]
2025-08-09 04:38:07,079 - INFO - service f1        | micro: 0.792899; macro: 0.804955; score: [0.94736842 0.94736842 0.44444444 0.59259259 0.66666667 0.84615385
 1.         1.         0.8       ]
2025-08-09 04:38:07,153 - INFO - pod     precision | micro: 0.700990; macro: 0.746797; score: [0.92156863 0.78947368 0.40350877 0.43       0.78       0.68055556
 0.98076923 1.         0.73529412]
2025-08-09 04:38:07,153 - INFO - pod     recall    | micro: 0.808219; macro: 0.831571; score: [1.         0.97826087 0.46938776 0.69354839 0.69642857 0.72058824
 1.         1.         0.92592593]
2025-08-09 04:38:07,153 - INFO - pod     f1        | micro: 0.750795; macro: 0.782623; score: [0.95918367 0.87378641 0.43396226 0.5308642  0.73584906 0.7
 0.99029126 1.         0.81967213]
2025-08-09 04:38:07,153 - INFO - ----------

16.----GATNet----
GAT_name1:  GATConv
GAT_name2:  GATv2Conv
activ_fun1:  rrelu
activ_fun2:  selu
2025-08-09 04:53:22,318 - INFO - ----------
2025-08-09 04:53:22,318 - INFO - evaluation dataset type: test
2025-08-09 04:53:22,338 - INFO - node    precision | micro: 0.663158; macro: 0.699804; score: [0.77777778 0.77777778 0.875      0.45454545 0.64705882 0.66666667]
2025-08-09 04:53:22,338 - INFO - node    recall    | micro: 0.940299; macro: 0.935185; score: [1.         1.         0.77777778 0.83333333 1.         1.        ]
2025-08-09 04:53:22,338 - INFO - node    f1        | micro: 0.777778; macro: 0.791246; score: [0.875      0.875      0.82352941 0.58823529 0.78571429 0.8       ]
2025-08-09 04:53:22,365 - INFO - service precision | micro: 0.793103; macro: 0.821197; score: [1.         0.81818182 0.625      0.52941176 0.8        0.81818182
 1.         1.         0.8       ]
2025-08-09 04:53:22,365 - INFO - service recall    | micro: 0.784091; macro: 0.812963; score: [1.         1.         0.5        0.75       0.66666667 0.6
 1.         1.         0.8       ]
2025-08-09 04:53:22,365 - INFO - service f1        | micro: 0.788571; macro: 0.810647; score: [1.         0.9        0.55555556 0.62068966 0.72727273 0.69230769
 1.         1.         0.8       ]
2025-08-09 04:53:22,440 - INFO - pod     precision | micro: 0.674721; macro: 0.728377; score: [0.8245614  0.83018868 0.51666667 0.40196078 0.74545455 0.56989247
 0.92727273 0.93939394 0.8       ]
2025-08-09 04:53:22,440 - INFO - pod     recall    | micro: 0.828767; macro: 0.846629; score: [1.         0.95652174 0.63265306 0.66129032 0.73214286 0.77941176
 1.         0.96875    0.88888889]
2025-08-09 04:53:22,440 - INFO - pod     f1        | micro: 0.743852; macro: 0.779654; score: [0.90384615 0.88888889 0.56880734 0.5        0.73873874 0.65838509
 0.96226415 0.95384615 0.84210526]
2025-08-09 04:53:22,440 - INFO - ----------


17.----GATNet----
GAT_name1:  GATConv
GAT_name2:  GATv2Conv
activ_fun1:  rrelu
activ_fun2:  elu
2025-08-09 05:08:37,218 - INFO - ----------
2025-08-09 05:08:37,218 - INFO - evaluation dataset type: test
2025-08-09 05:08:37,238 - INFO - node    precision | micro: 0.656250; macro: 0.684378; score: [0.68421053 0.7        0.875      0.5        0.64705882 0.7       ]
2025-08-09 05:08:37,238 - INFO - node    recall    | micro: 0.940299; macro: 0.937169; score: [0.92857143 1.         0.77777778 0.91666667 1.         1.        ]
2025-08-09 05:08:37,238 - INFO - node    f1        | micro: 0.773006; macro: 0.781873; score: [0.78787879 0.82352941 0.82352941 0.64705882 0.78571429 0.82352941]
2025-08-09 05:08:37,266 - INFO - service precision | micro: 0.827160; macro: 0.848148; score: [0.9        0.9        0.5        0.53333333 1.         1.
 1.         1.         0.8       ]
2025-08-09 05:08:37,266 - INFO - service recall    | micro: 0.761364; macro: 0.788889; score: [1.         1.         0.4        0.66666667 0.5        0.73333333
 1.         1.         0.8       ]
2025-08-09 05:08:37,266 - INFO - service f1        | micro: 0.792899; macro: 0.804955; score: [0.94736842 0.94736842 0.44444444 0.59259259 0.66666667 0.84615385
 1.         1.         0.8       ]
2025-08-09 05:08:37,341 - INFO - pod     precision | micro: 0.700990; macro: 0.746797; score: [0.92156863 0.78947368 0.40350877 0.43       0.78       0.68055556
 0.98076923 1.         0.73529412]
2025-08-09 05:08:37,341 - INFO - pod     recall    | micro: 0.808219; macro: 0.831571; score: [1.         0.97826087 0.46938776 0.69354839 0.69642857 0.72058824
 1.         1.         0.92592593]
2025-08-09 05:08:37,341 - INFO - pod     f1        | micro: 0.750795; macro: 0.782623; score: [0.95918367 0.87378641 0.43396226 0.5308642  0.73584906 0.7
 0.99029126 1.         0.81967213]
2025-08-09 05:08:37,341 - INFO - ----------

18.----GATNet----
GAT_name1:  GATConv
GAT_name2:  GATv2Conv
activ_fun1:  rrelu
activ_fun2:  relu6
2025-08-09 05:23:58,009 - INFO - ----------
2025-08-09 05:23:58,009 - INFO - evaluation dataset type: test
2025-08-09 05:23:58,029 - INFO - node    precision | micro: 0.677419; macro: 0.710307; score: [0.73684211 0.77777778 0.875      0.55555556 0.73333333 0.58333333]
2025-08-09 05:23:58,029 - INFO - node    recall    | micro: 0.940299; macro: 0.935185; score: [1.         1.         0.77777778 0.83333333 1.         1.        ]
2025-08-09 05:23:58,029 - INFO - node    f1        | micro: 0.787500; macro: 0.799446; score: [0.84848485 0.875      0.82352941 0.66666667 0.84615385 0.73684211]
2025-08-09 05:23:58,057 - INFO - service precision | micro: 0.739130; macro: 0.781790; score: [0.9        0.9        0.44444444 0.52380952 0.875      0.64285714
 1.         1.         0.75      ]
2025-08-09 05:23:58,057 - INFO - service recall    | micro: 0.772727; macro: 0.788889; score: [1.         1.         0.4        0.91666667 0.58333333 0.6
 1.         1.         0.6       ]
2025-08-09 05:23:58,057 - INFO - service f1        | micro: 0.755556; macro: 0.774424; score: [0.94736842 0.94736842 0.42105263 0.66666667 0.7        0.62068966
 1.         1.         0.66666667]
2025-08-09 05:23:58,132 - INFO - pod     precision | micro: 0.655172; macro: 0.754102; score: [0.88679245 0.86538462 0.48684211 0.34027778 0.84615385 0.57777778
 0.96226415 1.         0.82142857]
2025-08-09 05:23:58,132 - INFO - pod     recall    | micro: 0.867580; macro: 0.880662; score: [1.         0.97826087 0.75510204 0.79032258 0.78571429 0.76470588
 1.         1.         0.85185185]
2025-08-09 05:23:58,132 - INFO - pod     f1        | micro: 0.746562; macro: 0.801808; score: [0.94       0.91836735 0.592      0.47572816 0.81481481 0.65822785
 0.98076923 1.         0.83636364]
2025-08-09 05:23:58,132 - INFO - ----------

19.----GATNet----
GAT_name1:  GATConv
GAT_name2:  GATv2Conv
activ_fun1:  leaky_relu
activ_fun2:  rrelu
2025-08-09 07:26:09,719 - INFO - ----------
2025-08-09 07:26:09,719 - INFO - evaluation dataset type: test
2025-08-09 07:26:09,739 - INFO - node    precision | micro: 0.642857; macro: 0.691815; score: [0.8125     0.77777778 0.875      0.44       0.57894737 0.66666667]
2025-08-09 07:26:09,739 - INFO - node    recall    | micro: 0.940299; macro: 0.937169; score: [0.92857143 1.         0.77777778 0.91666667 1.         1.        ]
2025-08-09 07:26:09,739 - INFO - node    f1        | micro: 0.763636; macro: 0.782187; score: [0.86666667 0.875      0.82352941 0.59459459 0.73333333 0.8       ]
2025-08-09 07:26:09,766 - INFO - service precision | micro: 0.788235; macro: 0.828283; score: [0.9        0.9        0.54545455 0.53333333 1.         0.83333333
 0.90909091 1.         0.83333333]
2025-08-09 07:26:09,766 - INFO - service recall    | micro: 0.761364; macro: 0.807407; score: [1.         1.         0.6        0.66666667 0.33333333 0.66666667
 1.         1.         1.        ]
2025-08-09 07:26:09,766 - INFO - service f1        | micro: 0.774566; macro: 0.795663; score: [0.94736842 0.94736842 0.57142857 0.59259259 0.5        0.74074074
 0.95238095 1.         0.90909091]
2025-08-09 07:26:09,841 - INFO - pod     precision | micro: 0.684411; macro: 0.767913; score: [0.74603175 0.9        0.46666667 0.38095238 0.89189189 0.67532468
 0.92727273 1.         0.92307692]
2025-08-09 07:26:09,841 - INFO - pod     recall    | micro: 0.821918; macro: 0.840751; score: [1.         0.97826087 0.57142857 0.77419355 0.58928571 0.76470588
 1.         1.         0.88888889]
2025-08-09 07:26:09,841 - INFO - pod     f1        | micro: 0.746888; macro: 0.790143; score: [0.85454545 0.9375     0.51376147 0.5106383  0.70967742 0.71724138
 0.96226415 1.         0.90566038]
2025-08-09 07:26:09,841 - INFO - ----------

20.----GATNet----
GAT_name1:  GATConv
GAT_name2:  GATv2Conv
activ_fun1:  leaky_relu
activ_fun2:  celu
2025-08-09 07:56:41,928 - INFO - ----------
2025-08-09 07:56:41,928 - INFO - evaluation dataset type: test
2025-08-09 07:56:41,948 - INFO - node    precision | micro: 0.656250; macro: 0.669804; score: [0.73684211 0.66666667 0.77777778 0.52380952 0.64705882 0.66666667]
2025-08-09 07:56:41,948 - INFO - node    recall    | micro: 0.940299; macro: 0.925265; score: [1.         0.85714286 0.77777778 0.91666667 1.         1.        ]
2025-08-09 07:56:41,949 - INFO - node    f1        | micro: 0.773006; macro: 0.771441; score: [0.84848485 0.75       0.77777778 0.66666667 0.78571429 0.8       ]
2025-08-09 07:56:41,976 - INFO - service precision | micro: 0.696970; macro: 0.758895; score: [1.         0.81818182 0.625      0.44444444 0.7        0.5
 0.90909091 1.         0.83333333]
2025-08-09 07:56:41,976 - INFO - service recall    | micro: 0.784091; macro: 0.824074; score: [1.         1.         0.5        0.66666667 0.58333333 0.66666667
 1.         1.         1.        ]
2025-08-09 07:56:41,976 - INFO - service f1        | micro: 0.737968; macro: 0.784239; score: [1.         0.9        0.55555556 0.53333333 0.63636364 0.57142857
 0.95238095 1.         0.90909091]
2025-08-09 07:56:42,052 - INFO - pod     precision | micro: 0.619835; macro: 0.717406; score: [0.88679245 0.84615385 0.5        0.37606838 0.66101695 0.41791045
 0.96226415 1.         0.80645161]
2025-08-09 07:56:42,052 - INFO - pod     recall    | micro: 0.856164; macro: 0.874132; score: [1.         0.95652174 0.75510204 0.70967742 0.69642857 0.82352941
 1.         1.         0.92592593]
2025-08-09 07:56:42,052 - INFO - pod     f1        | micro: 0.719080; macro: 0.778529; score: [0.94       0.89795918 0.60162602 0.49162011 0.67826087 0.55445545
 0.98076923 1.         0.86206897]
2025-08-09 07:56:42,052 - INFO - ----------

21.----GATNet----
GAT_name1:  GATConv
GAT_name2:  GATv2Conv
activ_fun1:  leaky_relu
activ_fun2:  elu

2025-08-09 08:27:19,331 - INFO - ----------
2025-08-09 08:27:19,331 - INFO - evaluation dataset type: test
2025-08-09 08:27:19,351 - INFO - node    precision | micro: 0.656250; macro: 0.669804; score: [0.73684211 0.66666667 0.77777778 0.52380952 0.64705882 0.66666667]
2025-08-09 08:27:19,351 - INFO - node    recall    | micro: 0.940299; macro: 0.925265; score: [1.         0.85714286 0.77777778 0.91666667 1.         1.        ]
2025-08-09 08:27:19,351 - INFO - node    f1        | micro: 0.773006; macro: 0.771441; score: [0.84848485 0.75       0.77777778 0.66666667 0.78571429 0.8       ]
2025-08-09 08:27:19,379 - INFO - service precision | micro: 0.696970; macro: 0.758895; score: [1.         0.81818182 0.625      0.44444444 0.7        0.5
 0.90909091 1.         0.83333333]
2025-08-09 08:27:19,379 - INFO - service recall    | micro: 0.784091; macro: 0.824074; score: [1.         1.         0.5        0.66666667 0.58333333 0.66666667
 1.         1.         1.        ]
2025-08-09 08:27:19,379 - INFO - service f1        | micro: 0.737968; macro: 0.784239; score: [1.         0.9        0.55555556 0.53333333 0.63636364 0.57142857
 0.95238095 1.         0.90909091]
2025-08-09 08:27:19,454 - INFO - pod     precision | micro: 0.619835; macro: 0.717406; score: [0.88679245 0.84615385 0.5        0.37606838 0.66101695 0.41791045
 0.96226415 1.         0.80645161]
2025-08-09 08:27:19,454 - INFO - pod     recall    | micro: 0.856164; macro: 0.874132; score: [1.         0.95652174 0.75510204 0.70967742 0.69642857 0.82352941
 1.         1.         0.92592593]
2025-08-09 08:27:19,454 - INFO - pod     f1        | micro: 0.719080; macro: 0.778529; score: [0.94       0.89795918 0.60162602 0.49162011 0.67826087 0.55445545
 0.98076923 1.         0.86206897]
2025-08-09 08:27:19,454 - INFO - ----------

22.----GATNet----
GAT_name1:  GATConv
GAT_name2:  GATv2Conv
activ_fun1:  celu
activ_fun2:  mish
2025-08-09 09:28:29,519 - INFO - ----------
2025-08-09 09:28:29,519 - INFO - evaluation dataset type: test
2025-08-09 09:28:29,539 - INFO - node    precision | micro: 0.649485; macro: 0.681431; score: [0.82352941 0.75       0.77777778 0.45833333 0.57894737 0.7       ]
2025-08-09 09:28:29,539 - INFO - node    recall    | micro: 0.940299; macro: 0.925265; score: [1.         0.85714286 0.77777778 0.91666667 1.         1.        ]
2025-08-09 09:28:29,539 - INFO - node    f1        | micro: 0.768293; macro: 0.774830; score: [0.90322581 0.8        0.77777778 0.61111111 0.73333333 0.82352941]
2025-08-09 09:28:29,566 - INFO - service precision | micro: 0.741176; macro: 0.774325; score: [1.         0.9        0.42857143 0.47368421 0.83333333 0.66666667
 1.         1.         0.66666667]
2025-08-09 09:28:29,566 - INFO - service recall    | micro: 0.715909; macro: 0.755556; score: [1.         1.         0.3        0.75       0.41666667 0.53333333
 1.         1.         0.8       ]
2025-08-09 09:28:29,566 - INFO - service f1        | micro: 0.728324; macro: 0.750708; score: [1.         0.94736842 0.35294118 0.58064516 0.55555556 0.59259259
 1.         1.         0.72727273]
2025-08-09 09:28:29,640 - INFO - pod     precision | micro: 0.702170; macro: 0.755335; score: [0.87037037 0.8        0.66666667 0.40178571 0.8        0.6097561
 0.94444444 0.96969697 0.73529412]
2025-08-09 09:28:29,640 - INFO - pod     recall    | micro: 0.812785; macro: 0.834090; score: [1.         0.95652174 0.44897959 0.72580645 0.71428571 0.73529412
 1.         1.         0.92592593]
2025-08-09 09:28:29,640 - INFO - pod     f1        | micro: 0.753439; macro: 0.783656; score: [0.93069307 0.87128713 0.53658537 0.51724138 0.75471698 0.66666667
 0.97142857 0.98461538 0.81967213]
2025-08-09 09:28:29,641 - INFO - ----------

23.----GATNet----
GAT_name1:  GATConv
GAT_name2:  GATv2Conv
activ_fun1:  celu
activ_fun2:  hardswish
2025-08-09 09:43:45,824 - INFO - ----------
2025-08-09 09:43:45,824 - INFO - evaluation dataset type: test
2025-08-09 09:43:45,844 - INFO - node    precision | micro: 0.656250; macro: 0.679724; score: [0.73684211 0.75       0.77777778 0.5        0.64705882 0.66666667]
2025-08-09 09:43:45,844 - INFO - node    recall    | micro: 0.940299; macro: 0.925265; score: [1.         0.85714286 0.77777778 0.91666667 1.         1.        ]
2025-08-09 09:43:45,844 - INFO - node    f1        | micro: 0.773006; macro: 0.776506; score: [0.84848485 0.8        0.77777778 0.64705882 0.78571429 0.8       ]
2025-08-09 09:43:45,871 - INFO - service precision | micro: 0.812500; macro: 0.837566; score: [0.9        1.         0.6        0.57142857 1.         0.66666667
 1.         1.         0.8       ]
2025-08-09 09:43:45,871 - INFO - service recall    | micro: 0.738636; macro: 0.770370; score: [1.         1.         0.3        0.66666667 0.5        0.66666667
 1.         1.         0.8       ]
2025-08-09 09:43:45,872 - INFO - service f1        | micro: 0.773810; macro: 0.788454; score: [0.94736842 1.         0.4        0.61538462 0.66666667 0.66666667
 1.         1.         0.8       ]
2025-08-09 09:43:45,947 - INFO - pod     precision | micro: 0.686567; macro: 0.735328; score: [0.81034483 0.77192982 0.50847458 0.47368421 0.85714286 0.53465347
 0.98076923 0.91428571 0.76666667]
2025-08-09 09:43:45,947 - INFO - pod     recall    | micro: 0.840183; macro: 0.854505; score: [1.         0.95652174 0.6122449  0.72580645 0.75       0.79411765
 1.         1.         0.85185185]
2025-08-09 09:43:45,947 - INFO - pod     f1        | micro: 0.755647; macro: 0.785555; score: [0.8952381  0.85436893 0.55555556 0.57324841 0.8        0.63905325
 0.99029126 0.95522388 0.80701754]
2025-08-09 09:43:45,947 - INFO - ----------

24.----GATNet----
GAT_name1:  GATConv
GAT_name2:  GATv2Conv
activ_fun1:  celu
activ_fun2:  rrelu
2025-08-09 10:44:51,715 - INFO - ----------
2025-08-09 10:44:51,715 - INFO - evaluation dataset type: test
2025-08-09 10:44:51,735 - INFO - node    precision | micro: 0.656250; macro: 0.681287; score: [0.68421053 0.77777778 0.77777778 0.5        0.61111111 0.73684211]
2025-08-09 10:44:51,735 - INFO - node    recall    | micro: 0.940299; macro: 0.937169; score: [0.92857143 1.         0.77777778 0.91666667 1.         1.        ]
2025-08-09 10:44:51,735 - INFO - node    f1        | micro: 0.773006; macro: 0.782470; score: [0.78787879 0.875      0.77777778 0.64705882 0.75862069 0.84848485]
2025-08-09 10:44:51,762 - INFO - service precision | micro: 0.873239; macro: 0.880051; score: [1.         0.9        0.8        0.54545455 1.         0.875
 1.         1.         0.8       ]
2025-08-09 10:44:51,762 - INFO - service recall    | micro: 0.704545; macro: 0.750000; score: [1.         1.         0.4        0.5        0.58333333 0.46666667
 1.         1.         0.8       ]
2025-08-09 10:44:51,763 - INFO - service f1        | micro: 0.779874; macro: 0.794220; score: [1.         0.94736842 0.53333333 0.52173913 0.73684211 0.60869565
 1.         1.         0.8       ]
2025-08-09 10:44:51,838 - INFO - pod     precision | micro: 0.748936; macro: 0.777892; score: [0.79661017 0.77966102 0.67567568 0.41860465 0.79245283 0.83333333
 0.96226415 0.90909091 0.83333333]
2025-08-09 10:44:51,838 - INFO - pod     recall    | micro: 0.803653; macro: 0.826619; score: [1.         1.         0.51020408 0.58064516 0.75       0.73529412
 1.         0.9375     0.92592593]
2025-08-09 10:44:51,838 - INFO - pod     f1        | micro: 0.775330; macro: 0.795977; score: [0.88679245 0.87619048 0.58139535 0.48648649 0.7706422  0.78125
 0.98076923 0.92307692 0.87719298]
2025-08-09 10:44:51,838 - INFO - ----------

25.----GATNet----
GAT_name1:  GATConv
GAT_name2:  GATv2Conv
activ_fun1:  elu
activ_fun2:  mish
2025-08-09 16:05:47,433 - INFO - ----------
2025-08-09 16:05:47,433 - INFO - evaluation dataset type: test
2025-08-09 16:05:47,453 - INFO - node    precision | micro: 0.649485; macro: 0.681431; score: [0.82352941 0.75       0.77777778 0.45833333 0.57894737 0.7       ]
2025-08-09 16:05:47,453 - INFO - node    recall    | micro: 0.940299; macro: 0.925265; score: [1.         0.85714286 0.77777778 0.91666667 1.         1.        ]
2025-08-09 16:05:47,453 - INFO - node    f1        | micro: 0.768293; macro: 0.774830; score: [0.90322581 0.8        0.77777778 0.61111111 0.73333333 0.82352941]
2025-08-09 16:05:47,480 - INFO - service precision | micro: 0.741176; macro: 0.774325; score: [1.         0.9        0.42857143 0.47368421 0.83333333 0.66666667
 1.         1.         0.66666667]
2025-08-09 16:05:47,480 - INFO - service recall    | micro: 0.715909; macro: 0.755556; score: [1.         1.         0.3        0.75       0.41666667 0.53333333
 1.         1.         0.8       ]
2025-08-09 16:05:47,480 - INFO - service f1        | micro: 0.728324; macro: 0.750708; score: [1.         0.94736842 0.35294118 0.58064516 0.55555556 0.59259259
 1.         1.         0.72727273]
2025-08-09 16:05:47,554 - INFO - pod     precision | micro: 0.702170; macro: 0.755335; score: [0.87037037 0.8        0.66666667 0.40178571 0.8        0.6097561
 0.94444444 0.96969697 0.73529412]
2025-08-09 16:05:47,555 - INFO - pod     recall    | micro: 0.812785; macro: 0.834090; score: [1.         0.95652174 0.44897959 0.72580645 0.71428571 0.73529412
 1.         1.         0.92592593]
2025-08-09 16:05:47,555 - INFO - pod     f1        | micro: 0.753439; macro: 0.783656; score: [0.93069307 0.87128713 0.53658537 0.51724138 0.75471698 0.66666667
 0.97142857 0.98461538 0.81967213]
2025-08-09 16:05:47,555 - INFO - ----------

26.----GATNet----
GAT_name1:  GATConv
GAT_name2:  GATv2Conv
activ_fun1:  elu
activ_fun2:  hardswish
2025-08-09 16:21:02,114 - INFO - ----------
2025-08-09 16:21:02,114 - INFO - evaluation dataset type: test
2025-08-09 16:21:02,134 - INFO - node    precision | micro: 0.656250; macro: 0.679724; score: [0.73684211 0.75       0.77777778 0.5        0.64705882 0.66666667]
2025-08-09 16:21:02,134 - INFO - node    recall    | micro: 0.940299; macro: 0.925265; score: [1.         0.85714286 0.77777778 0.91666667 1.         1.        ]
2025-08-09 16:21:02,134 - INFO - node    f1        | micro: 0.773006; macro: 0.776506; score: [0.84848485 0.8        0.77777778 0.64705882 0.78571429 0.8       ]
2025-08-09 16:21:02,161 - INFO - service precision | micro: 0.812500; macro: 0.837566; score: [0.9        1.         0.6        0.57142857 1.         0.66666667
 1.         1.         0.8       ]
2025-08-09 16:21:02,162 - INFO - service recall    | micro: 0.738636; macro: 0.770370; score: [1.         1.         0.3        0.66666667 0.5        0.66666667
 1.         1.         0.8       ]
2025-08-09 16:21:02,162 - INFO - service f1        | micro: 0.773810; macro: 0.788454; score: [0.94736842 1.         0.4        0.61538462 0.66666667 0.66666667
 1.         1.         0.8       ]
2025-08-09 16:21:02,236 - INFO - pod     precision | micro: 0.686567; macro: 0.735328; score: [0.81034483 0.77192982 0.50847458 0.47368421 0.85714286 0.53465347
 0.98076923 0.91428571 0.76666667]
2025-08-09 16:21:02,236 - INFO - pod     recall    | micro: 0.840183; macro: 0.854505; score: [1.         0.95652174 0.6122449  0.72580645 0.75       0.79411765
 1.         1.         0.85185185]
2025-08-09 16:21:02,236 - INFO - pod     f1        | micro: 0.755647; macro: 0.785555; score: [0.8952381  0.85436893 0.55555556 0.57324841 0.8        0.63905325
 0.99029126 0.95522388 0.80701754]
2025-08-09 16:21:02,236 - INFO - ----------

27.----GATNet----
GAT_name1:  GATConv
GAT_name2:  GATv2Conv
activ_fun1:  relu6
activ_fun2:  celu
2025-08-09 21:11:35,510 - INFO - ----------
2025-08-09 21:11:35,511 - INFO - evaluation dataset type: test
2025-08-09 21:11:35,531 - INFO - node    precision | micro: 0.684783; macro: 0.719180; score: [0.875      0.77777778 0.875      0.47619048 0.61111111 0.7       ]
2025-08-09 21:11:35,531 - INFO - node    recall    | micro: 0.940299; macro: 0.935185; score: [1.         1.         0.77777778 0.83333333 1.         1.        ]
2025-08-09 21:11:35,531 - INFO - node    f1        | micro: 0.792453; macro: 0.803346; score: [0.93333333 0.875      0.82352941 0.60606061 0.75862069 0.82352941]
2025-08-09 21:11:35,558 - INFO - service precision | micro: 0.714286; macro: 0.780077; score: [0.9        0.9        0.38461538 0.55555556 1.         0.57142857
 0.90909091 1.         0.8       ]
2025-08-09 21:11:35,558 - INFO - service recall    | micro: 0.738636; macro: 0.777778; score: [1.         1.         0.5        0.83333333 0.33333333 0.53333333
 1.         1.         0.8       ]
2025-08-09 21:11:35,558 - INFO - service f1        | micro: 0.726257; macro: 0.755588; score: [0.94736842 0.94736842 0.43478261 0.66666667 0.5        0.55172414
 0.95238095 1.         0.8       ]
2025-08-09 21:11:35,632 - INFO - pod     precision | micro: 0.684601; macro: 0.749711; score: [0.85454545 0.83636364 0.51515152 0.41071429 0.72       0.60227273
 0.98076923 1.         0.82758621]
2025-08-09 21:11:35,632 - INFO - pod     recall    | micro: 0.842466; macro: 0.860775; score: [1.         1.         0.69387755 0.74193548 0.64285714 0.77941176
 1.         1.         0.88888889]
2025-08-09 21:11:35,632 - INFO - pod     f1        | micro: 0.755374; macro: 0.795407; score: [0.92156863 0.91089109 0.59130435 0.52873563 0.67924528 0.67948718
 0.99029126 1.         0.85714286]
2025-08-09 21:11:35,632 - INFO - ----------


28.----GATNet----
GAT_name1:  GATConv
GAT_name2:  GATv2Conv
activ_fun1:  relu6
activ_fun2:  elu
2025-08-09 21:42:26,627 - INFO - ----------
2025-08-09 21:42:26,628 - INFO - evaluation dataset type: test
2025-08-09 21:42:26,648 - INFO - node    precision | micro: 0.684783; macro: 0.719180; score: [0.875      0.77777778 0.875      0.47619048 0.61111111 0.7       ]
2025-08-09 21:42:26,648 - INFO - node    recall    | micro: 0.940299; macro: 0.935185; score: [1.         1.         0.77777778 0.83333333 1.         1.        ]
2025-08-09 21:42:26,648 - INFO - node    f1        | micro: 0.792453; macro: 0.803346; score: [0.93333333 0.875      0.82352941 0.60606061 0.75862069 0.82352941]
2025-08-09 21:42:26,675 - INFO - service precision | micro: 0.714286; macro: 0.780077; score: [0.9        0.9        0.38461538 0.55555556 1.         0.57142857
 0.90909091 1.         0.8       ]
2025-08-09 21:42:26,675 - INFO - service recall    | micro: 0.738636; macro: 0.777778; score: [1.         1.         0.5        0.83333333 0.33333333 0.53333333
 1.         1.         0.8       ]
2025-08-09 21:42:26,675 - INFO - service f1        | micro: 0.726257; macro: 0.755588; score: [0.94736842 0.94736842 0.43478261 0.66666667 0.5        0.55172414
 0.95238095 1.         0.8       ]
2025-08-09 21:42:26,749 - INFO - pod     precision | micro: 0.684601; macro: 0.749711; score: [0.85454545 0.83636364 0.51515152 0.41071429 0.72       0.60227273
 0.98076923 1.         0.82758621]
2025-08-09 21:42:26,749 - INFO - pod     recall    | micro: 0.842466; macro: 0.860775; score: [1.         1.         0.69387755 0.74193548 0.64285714 0.77941176
 1.         1.         0.88888889]
2025-08-09 21:42:26,749 - INFO - pod     f1        | micro: 0.755374; macro: 0.795407; score: [0.92156863 0.91089109 0.59130435 0.52873563 0.67924528 0.67948718
 0.99029126 1.         0.85714286]
2025-08-09 21:42:26,749 - INFO - ----------

29.----GATNet----
GAT_name1:  GATConv
GAT_name2:  GATv2Conv
activ_fun1:  relu6
activ_fun2:  tanhshrink
2025-08-09 22:13:31,614 - INFO - ----------
2025-08-09 22:13:31,615 - INFO - evaluation dataset type: test
2025-08-09 22:13:31,634 - INFO - node    precision | micro: 0.677419; macro: 0.705636; score: [0.8125     0.77777778 0.77777778 0.47826087 0.6875     0.7       ]
2025-08-09 22:13:31,634 - INFO - node    recall    | micro: 0.940299; macro: 0.937169; score: [0.92857143 1.         0.77777778 0.91666667 1.         1.        ]
2025-08-09 22:13:31,635 - INFO - node    f1        | micro: 0.787500; macro: 0.797727; score: [0.86666667 0.875      0.77777778 0.62857143 0.81481481 0.82352941]
2025-08-09 22:13:31,661 - INFO - service precision | micro: 0.775281; macro: 0.810461; score: [1.         0.9        0.71428571 0.57142857 0.77777778 0.58823529
 0.90909091 1.         0.83333333]
2025-08-09 22:13:31,661 - INFO - service recall    | micro: 0.784091; macro: 0.824074; score: [1.         1.         0.5        0.66666667 0.58333333 0.66666667
 1.         1.         1.        ]
2025-08-09 22:13:31,661 - INFO - service f1        | micro: 0.779661; macro: 0.811570; score: [1.         0.94736842 0.58823529 0.61538462 0.66666667 0.625
 0.95238095 1.         0.90909091]
2025-08-09 22:13:31,735 - INFO - pod     precision | micro: 0.672222; macro: 0.724951; score: [0.8245614  0.83018868 0.55932203 0.43010753 0.68253968 0.51515152
 0.92727273 0.96969697 0.78571429]
2025-08-09 22:13:31,735 - INFO - pod     recall    | micro: 0.828767; macro: 0.845314; score: [1.         0.95652174 0.67346939 0.64516129 0.76785714 0.75
 1.         1.         0.81481481]
2025-08-09 22:13:31,736 - INFO - pod     f1        | micro: 0.742331; macro: 0.777814; score: [0.90384615 0.88888889 0.61111111 0.51612903 0.72268908 0.61077844
 0.96226415 0.98461538 0.8       ]
2025-08-09 22:13:31,736 - INFO - ----------

30.----GATNet----
GAT_name1:  GATv2Conv
GAT_name2:  GATConv
activ_fun1:  mish
activ_fun2:  mish
2025-08-10 05:26:11,332 - INFO - ----------
2025-08-10 05:26:11,332 - INFO - evaluation dataset type: test
2025-08-10 05:26:11,354 - INFO - node    precision | micro: 0.670213; macro: 0.702010; score: [0.8125     0.7        0.8        0.44       0.64705882 0.8125    ]
2025-08-10 05:26:11,354 - INFO - node    recall    | micro: 0.940299; macro: 0.943783; score: [0.92857143 1.         0.88888889 0.91666667 1.         0.92857143]
2025-08-10 05:26:11,354 - INFO - node    f1        | micro: 0.782609; macro: 0.796546; score: [0.86666667 0.82352941 0.84210526 0.59459459 0.78571429 0.86666667]
2025-08-10 05:26:11,381 - INFO - service precision | micro: 0.785714; macro: 0.817593; score: [1.         0.9        0.625      0.42857143 0.85714286 0.71428571
 1.         1.         0.83333333]
2025-08-10 05:26:11,381 - INFO - service recall    | micro: 0.750000; macro: 0.796296; score: [1.         1.         0.5        0.5        0.5        0.66666667
 1.         1.         1.        ]
2025-08-10 05:26:11,382 - INFO - service f1        | micro: 0.767442; macro: 0.799421; score: [1.         0.94736842 0.55555556 0.46153846 0.63157895 0.68965517
 1.         1.         0.90909091]
2025-08-10 05:26:11,456 - INFO - pod     precision | micro: 0.691871; macro: 0.751313; score: [0.94       0.76271186 0.47435897 0.41836735 0.73913043 0.65853659
 0.96226415 1.         0.80645161]
2025-08-10 05:26:11,456 - INFO - pod     recall    | micro: 0.835616; macro: 0.857982; score: [1.         0.97826087 0.75510204 0.66129032 0.60714286 0.79411765
 1.         1.         0.92592593]
2025-08-10 05:26:11,456 - INFO - pod     f1        | micro: 0.756980; macro: 0.794544; score: [0.96907216 0.85714286 0.58267717 0.5125     0.66666667 0.72
 0.98076923 1.         0.86206897]
2025-08-10 05:26:11,456 - INFO - ----------

31.----GATNet----
GAT_name1:  GATv2Conv
GAT_name2:  GATConv
activ_fun1:  hardsigmoid
activ_fun2:  leaky_relu
2025-08-10 20:19:09,218 - INFO - ----------
2025-08-10 20:19:09,218 - INFO - evaluation dataset type: test
2025-08-10 20:19:09,238 - INFO - node    precision | micro: 0.636364; macro: 0.658974; score: [0.73684211 0.5        0.77777778 0.41666667 0.78571429 0.73684211]
2025-08-10 20:19:09,238 - INFO - node    recall    | micro: 0.940299; macro: 0.935185; score: [1.         1.         0.77777778 0.83333333 1.         1.        ]
2025-08-10 20:19:09,238 - INFO - node    f1        | micro: 0.759036; macro: 0.762828; score: [0.84848485 0.66666667 0.77777778 0.55555556 0.88       0.84848485]
2025-08-10 20:19:09,265 - INFO - service precision | micro: 0.715686; macro: 0.788780; score: [1.         0.75       0.40909091 0.53333333 1.         0.69230769
 1.         1.         0.71428571]
2025-08-10 20:19:09,265 - INFO - service recall    | micro: 0.829545; macro: 0.870370; score: [1.         1.         0.9        0.66666667 0.66666667 0.6
 1.         1.         1.        ]
2025-08-10 20:19:09,265 - INFO - service f1        | micro: 0.768421; macro: 0.809825; score: [1.         0.85714286 0.5625     0.59259259 0.8        0.64285714
 1.         1.         0.83333333]
2025-08-10 20:19:09,340 - INFO - pod     precision | micro: 0.632550; macro: 0.714335; score: [0.85454545 0.6969697  0.33858268 0.45       0.82608696 0.6125
 0.94444444 0.94117647 0.76470588]
2025-08-10 20:19:09,340 - INFO - pod     recall    | micro: 0.860731; macro: 0.885053; score: [1.         1.         0.87755102 0.72580645 0.67857143 0.72058824
 1.         1.         0.96296296]
2025-08-10 20:19:09,340 - INFO - pod     f1        | micro: 0.729207; macro: 0.776448; score: [0.92156863 0.82142857 0.48863636 0.55555556 0.74509804 0.66216216
 0.97142857 0.96969697 0.85245902]
2025-08-10 20:19:09,340 - INFO - ----------

32.----GATNet----
GAT_name1:  GATv2Conv
GAT_name2:  GATConv
activ_fun1:  rrelu
activ_fun2:  silu
2025-08-10 22:37:07,819 - INFO - ----------
2025-08-10 22:37:07,819 - INFO - evaluation dataset type: test
2025-08-10 22:37:07,839 - INFO - node    precision | micro: 0.677419; macro: 0.707672; score: [0.85714286 0.77777778 0.8        0.5        0.61111111 0.7       ]
2025-08-10 22:37:07,839 - INFO - node    recall    | micro: 0.940299; macro: 0.943783; score: [0.85714286 1.         0.88888889 0.91666667 1.         1.        ]
2025-08-10 22:37:07,839 - INFO - node    f1        | micro: 0.787500; macro: 0.800576; score: [0.85714286 0.875      0.84210526 0.64705882 0.75862069 0.82352941]
2025-08-10 22:37:07,866 - INFO - service precision | micro: 0.712644; macro: 0.749333; score: [0.9        0.69230769 0.66666667 0.41176471 0.66666667 0.69230769
 1.         1.         0.71428571]
2025-08-10 22:37:07,866 - INFO - service recall    | micro: 0.704545; macro: 0.750000; score: [1.         1.         0.4        0.58333333 0.33333333 0.6
 1.         0.83333333 1.        ]
2025-08-10 22:37:07,866 - INFO - service f1        | micro: 0.708571; macro: 0.730893; score: [0.94736842 0.81818182 0.5        0.48275862 0.44444444 0.64285714
 1.         0.90909091 0.83333333]
2025-08-10 22:37:07,940 - INFO - pod     precision | micro: 0.651625; macro: 0.731990; score: [0.87037037 0.70769231 0.61363636 0.3255814  0.66666667 0.58241758
 1.         0.96969697 0.85185185]
2025-08-10 22:37:07,941 - INFO - pod     recall    | micro: 0.824201; macro: 0.841554; score: [1.         1.         0.55102041 0.67741935 0.71428571 0.77941176
 1.         1.         0.85185185]
2025-08-10 22:37:07,941 - INFO - pod     f1        | micro: 0.727823; macro: 0.774750; score: [0.93069307 0.82882883 0.58064516 0.43979058 0.68965517 0.66666667
 1.         0.98461538 0.85185185]
2025-08-10 22:37:07,941 - INFO - ----------

33.----GATNet----
GAT_name1:  GATv2Conv
GAT_name2:  GATConv
activ_fun1:  celu
activ_fun2:  leaky_relu
2025-08-11 06:16:43,032 - INFO - ----------
2025-08-11 06:16:43,032 - INFO - evaluation dataset type: test
2025-08-11 06:16:43,051 - INFO - node    precision | micro: 0.649485; macro: 0.678241; score: [0.8        0.7        0.8        0.45833333 0.61111111 0.7       ]
2025-08-11 06:16:43,051 - INFO - node    recall    | micro: 0.940299; macro: 0.943783; score: [0.85714286 1.         0.88888889 0.91666667 1.         1.        ]
2025-08-11 06:16:43,052 - INFO - node    f1        | micro: 0.768293; macro: 0.781080; score: [0.82758621 0.82352941 0.84210526 0.61111111 0.75862069 0.82352941]
2025-08-11 06:16:43,079 - INFO - service precision | micro: 0.776596; macro: 0.788969; score: [1.         0.81818182 0.6        0.55555556 0.88888889 0.91666667
 1.         0.75       0.57142857]
2025-08-11 06:16:43,079 - INFO - service recall    | micro: 0.829545; macro: 0.848148; score: [1.         1.         0.6        0.83333333 0.66666667 0.73333333
 1.         1.         0.8       ]
2025-08-11 06:16:43,079 - INFO - service f1        | micro: 0.802198; macro: 0.807466; score: [1.         0.9        0.6        0.66666667 0.76190476 0.81481481
 1.         0.85714286 0.66666667]
2025-08-11 06:16:43,154 - INFO - pod     precision | micro: 0.637607; macro: 0.706851; score: [0.95918367 0.73770492 0.41975309 0.42857143 0.75471698 0.4789916
 0.92727273 0.94117647 0.71428571]
2025-08-11 06:16:43,154 - INFO - pod     recall    | micro: 0.851598; macro: 0.869778; score: [1.         0.97826087 0.69387755 0.67741935 0.71428571 0.83823529
 1.         1.         0.92592593]
2025-08-11 06:16:43,154 - INFO - pod     f1        | micro: 0.729228; macro: 0.772261; score: [0.97916667 0.8411215  0.52307692 0.525      0.73394495 0.60962567
 0.96226415 0.96969697 0.80645161]
2025-08-11 06:16:43,154 - INFO - ----------

34.----GATNet----
GAT_name1:  GATv2Conv
GAT_name2:  GATConv
activ_fun1:  relu6
activ_fun2:  celu
2025-08-11 16:44:15,732 - INFO - ----------
2025-08-11 16:44:15,732 - INFO - evaluation dataset type: test
2025-08-11 16:44:15,751 - INFO - node    precision | micro: 0.670213; macro: 0.687390; score: [0.76470588 0.58333333 0.8        0.47826087 0.73333333 0.76470588]
2025-08-11 16:44:15,752 - INFO - node    recall    | micro: 0.940299; macro: 0.943783; score: [0.92857143 1.         0.88888889 0.91666667 1.         0.92857143]
2025-08-11 16:44:15,752 - INFO - node    f1        | micro: 0.782609; macro: 0.788515; score: [0.83870968 0.73684211 0.84210526 0.62857143 0.84615385 0.83870968]
2025-08-11 16:44:15,780 - INFO - service precision | micro: 0.684783; macro: 0.703215; score: [1.         0.75       0.55555556 0.5        0.57142857 0.64285714
 0.90909091 1.         0.4       ]
2025-08-11 16:44:15,780 - INFO - service recall    | micro: 0.715909; macro: 0.757407; score: [1.         1.         0.5        0.58333333 0.33333333 0.6
 1.         1.         0.8       ]
2025-08-11 16:44:15,780 - INFO - service f1        | micro: 0.700000; macro: 0.716597; score: [1.         0.85714286 0.52631579 0.53846154 0.42105263 0.62068966
 0.95238095 1.         0.53333333]
2025-08-11 16:44:15,855 - INFO - pod     precision | micro: 0.637607; macro: 0.700559; score: [0.94       0.72580645 0.45945946 0.40350877 0.60294118 0.55319149
 0.94444444 1.         0.67567568]
2025-08-11 16:44:15,855 - INFO - pod     recall    | micro: 0.851598; macro: 0.870761; score: [1.         0.97826087 0.69387755 0.74193548 0.73214286 0.76470588
 1.         1.         0.92592593]
2025-08-11 16:44:15,855 - INFO - pod     f1        | micro: 0.729228; macro: 0.770436; score: [0.96907216 0.83333333 0.55284553 0.52272727 0.66129032 0.64197531
 0.97142857 1.         0.78125   ]
2025-08-11 16:44:15,855 - INFO - ----------

35.----GATNet----
GAT_name1:  GATv2Conv
GAT_name2:  GATConv
activ_fun1:  relu6
activ_fun2:  elu
2025-08-11 17:15:02,217 - INFO - ----------
2025-08-11 17:15:02,217 - INFO - evaluation dataset type: test
2025-08-11 17:15:02,237 - INFO - node    precision | micro: 0.670213; macro: 0.687390; score: [0.76470588 0.58333333 0.8        0.47826087 0.73333333 0.76470588]
2025-08-11 17:15:02,237 - INFO - node    recall    | micro: 0.940299; macro: 0.943783; score: [0.92857143 1.         0.88888889 0.91666667 1.         0.92857143]
2025-08-11 17:15:02,237 - INFO - node    f1        | micro: 0.782609; macro: 0.788515; score: [0.83870968 0.73684211 0.84210526 0.62857143 0.84615385 0.83870968]
2025-08-11 17:15:02,265 - INFO - service precision | micro: 0.684783; macro: 0.703215; score: [1.         0.75       0.55555556 0.5        0.57142857 0.64285714
 0.90909091 1.         0.4       ]
2025-08-11 17:15:02,265 - INFO - service recall    | micro: 0.715909; macro: 0.757407; score: [1.         1.         0.5        0.58333333 0.33333333 0.6
 1.         1.         0.8       ]
2025-08-11 17:15:02,265 - INFO - service f1        | micro: 0.700000; macro: 0.716597; score: [1.         0.85714286 0.52631579 0.53846154 0.42105263 0.62068966
 0.95238095 1.         0.53333333]
2025-08-11 17:15:02,340 - INFO - pod     precision | micro: 0.637607; macro: 0.700559; score: [0.94       0.72580645 0.45945946 0.40350877 0.60294118 0.55319149
 0.94444444 1.         0.67567568]
2025-08-11 17:15:02,340 - INFO - pod     recall    | micro: 0.851598; macro: 0.870761; score: [1.         0.97826087 0.69387755 0.74193548 0.73214286 0.76470588
 1.         1.         0.92592593]
2025-08-11 17:15:02,340 - INFO - pod     f1        | micro: 0.729228; macro: 0.770436; score: [0.96907216 0.83333333 0.55284553 0.52272727 0.66129032 0.64197531
 0.97142857 1.         0.78125   ]
2025-08-11 17:15:02,340 - INFO - ----------

36.----GATNet----
GAT_name1:  GATv2Conv
GAT_name2:  GATConv
activ_fun1:  relu6
activ_fun2:  relu6
2025-08-11 17:30:28,141 - INFO - ----------
2025-08-11 17:30:28,141 - INFO - evaluation dataset type: test
2025-08-11 17:30:28,212 - INFO - node    precision | micro: 0.677419; macro: 0.699901; score: [0.82352941 0.58333333 0.875      0.5        0.73333333 0.68421053]
2025-08-11 17:30:28,212 - INFO - node    recall    | micro: 0.940299; macro: 0.937169; score: [1.         1.         0.77777778 0.91666667 1.         0.92857143]
2025-08-11 17:30:28,212 - INFO - node    f1        | micro: 0.787500; macro: 0.790781; score: [0.90322581 0.73684211 0.82352941 0.64705882 0.84615385 0.78787879]
2025-08-11 17:30:28,240 - INFO - service precision | micro: 0.739130; macro: 0.792625; score: [0.9        0.81818182 0.77777778 0.40909091 0.71428571 0.8
 1.         1.         0.71428571]
2025-08-11 17:30:28,240 - INFO - service recall    | micro: 0.772727; macro: 0.822222; score: [1.         1.         0.7        0.75       0.41666667 0.53333333
 1.         1.         1.        ]
2025-08-11 17:30:28,240 - INFO - service f1        | micro: 0.755556; macro: 0.790363; score: [0.94736842 0.9        0.73684211 0.52941176 0.52631579 0.64
 1.         1.         0.83333333]
2025-08-11 17:30:28,315 - INFO - pod     precision | micro: 0.676471; macro: 0.739989; score: [0.87037037 0.81818182 0.55932203 0.40540541 0.6031746  0.59090909
 0.98076923 0.96969697 0.86206897]
2025-08-11 17:30:28,315 - INFO - pod     recall    | micro: 0.840183; macro: 0.860749; score: [1.         0.97826087 0.67346939 0.72580645 0.67857143 0.76470588
 1.         1.         0.92592593]
2025-08-11 17:30:28,315 - INFO - pod     f1        | micro: 0.749491; macro: 0.791801; score: [0.93069307 0.89108911 0.61111111 0.52023121 0.63865546 0.66666667
 0.99029126 0.98461538 0.89285714]
2025-08-11 17:30:28,316 - INFO - ----------

37.----GATNet----
GAT_name1:  GATv2Conv
GAT_name2:  GATv2Conv
activ_fun1:  leaky_relu
activ_fun2:  tanhshrink
2025-08-12 23:38:04,610 - INFO - ----------
2025-08-12 23:38:04,610 - INFO - evaluation dataset type: test
2025-08-12 23:38:04,631 - INFO - node    precision | micro: 0.677419; macro: 0.690688; score: [0.76470588 0.63636364 0.77777778 0.5        0.6875     0.77777778]
2025-08-12 23:38:04,631 - INFO - node    recall    | micro: 0.940299; macro: 0.937169; score: [0.92857143 1.         0.77777778 0.91666667 1.         1.        ]
2025-08-12 23:38:04,631 - INFO - node    f1        | micro: 0.787500; macro: 0.788523; score: [0.83870968 0.77777778 0.77777778 0.64705882 0.81481481 0.875     ]
2025-08-12 23:38:04,659 - INFO - service precision | micro: 0.771084; macro: 0.796689; score: [1.         0.9        0.55555556 0.5        0.75       0.88888889
 0.90909091 1.         0.66666667]
2025-08-12 23:38:04,659 - INFO - service recall    | micro: 0.727273; macro: 0.742593; score: [1.         1.         0.5        0.75       0.5        0.53333333
 1.         1.         0.4       ]
2025-08-12 23:38:04,659 - INFO - service f1        | micro: 0.748538; macro: 0.754748; score: [1.         0.94736842 0.52631579 0.6        0.6        0.66666667
 0.95238095 1.         0.5       ]
2025-08-12 23:38:04,737 - INFO - pod     precision | micro: 0.666667; macro: 0.739137; score: [0.90384615 0.6969697  0.48648649 0.42268041 0.85714286 0.52830189
 0.89473684 1.         0.86206897]
2025-08-12 23:38:04,737 - INFO - pod     recall    | micro: 0.844749; macro: 0.865366; score: [1.         1.         0.73469388 0.66129032 0.64285714 0.82352941
 1.         1.         0.92592593]
2025-08-12 23:38:04,737 - INFO - pod     f1        | micro: 0.745217; macro: 0.787521; score: [0.94949495 0.82142857 0.58536585 0.51572327 0.73469388 0.64367816
 0.94444444 1.         0.89285714]
2025-08-12 23:38:04,737 - INFO - ----------

38.----GATNet----
GAT_name1:  GATv2Conv
GAT_name2:  GATv2Conv
activ_fun1:  tanhshrink
activ_fun2:  silu
2025-08-13 14:30:37,223 - INFO - ----------
2025-08-13 14:30:37,223 - INFO - evaluation dataset type: test
2025-08-13 14:30:37,243 - INFO - node    precision | micro: 0.649485; macro: 0.690916; score: [0.7        0.58333333 1.         0.47826087 0.64705882 0.73684211]
2025-08-13 14:30:37,243 - INFO - node    recall    | micro: 0.940299; macro: 0.930556; score: [1.         1.         0.66666667 0.91666667 1.         1.        ]
2025-08-13 14:30:37,243 - INFO - node    f1        | micro: 0.768293; macro: 0.770524; score: [0.82352941 0.73684211 0.8        0.62857143 0.78571429 0.84848485]
2025-08-13 14:30:37,271 - INFO - service precision | micro: 0.831325; macro: 0.833947; score: [1.         0.9        0.42857143 0.64285714 0.875      0.91666667
 0.90909091 1.         0.83333333]
2025-08-13 14:30:37,271 - INFO - service recall    | micro: 0.784091; macro: 0.818519; score: [1.         1.         0.3        0.75       0.58333333 0.73333333
 1.         1.         1.        ]
2025-08-13 14:30:37,271 - INFO - service f1        | micro: 0.807018; macro: 0.818767; score: [1.         0.94736842 0.35294118 0.69230769 0.7        0.81481481
 0.95238095 1.         0.90909091]
2025-08-13 14:30:37,347 - INFO - pod     precision | micro: 0.648014; macro: 0.739368; score: [0.85454545 0.79310345 0.46268657 0.4        0.7755102  0.43650794
 0.96226415 0.96969697 1.        ]
2025-08-13 14:30:37,347 - INFO - pod     recall    | micro: 0.819635; macro: 0.839172; score: [1.         1.         0.63265306 0.58064516 0.67857143 0.80882353
 1.         1.         0.85185185]
2025-08-13 14:30:37,347 - INFO - pod     f1        | micro: 0.723790; macro: 0.776728; score: [0.92156863 0.88461538 0.53448276 0.47368421 0.72380952 0.56701031
 0.98076923 0.98461538 0.92      ]
2025-08-13 14:30:37,347 - INFO - ----------

39.----GATNet----
GAT_name1:  GATv2Conv
GAT_name2:  GATConv
activ_fun1:  relu6
activ_fun2:  silu
2025-08-11 15:27:23,728 - INFO - ----------
2025-08-11 15:27:23,729 - INFO - evaluation dataset type: test
2025-08-11 15:27:23,748 - INFO - node    precision | micro: 0.656566; macro: 0.674465; score: [0.73684211 0.7        0.72727273 0.45833333 0.6875     0.73684211]
2025-08-11 15:27:23,748 - INFO - node    recall    | micro: 0.970149; macro: 0.967593; score: [1.         1.         0.88888889 0.91666667 1.         1.        ]
2025-08-11 15:27:23,749 - INFO - node    f1        | micro: 0.783133; macro: 0.791071; score: [0.84848485 0.82352941 0.8        0.61111111 0.81481481 0.84848485]
2025-08-11 15:27:23,776 - INFO - service precision | micro: 0.707865; macro: 0.742815; score: [1.         0.75       0.5        0.42105263 0.71428571 0.8
 0.83333333 1.         0.66666667]
2025-08-11 15:27:23,776 - INFO - service recall    | micro: 0.715909; macro: 0.757407; score: [1.         1.         0.4        0.66666667 0.41666667 0.53333333
 1.         1.         0.8       ]
2025-08-11 15:27:23,776 - INFO - service f1        | micro: 0.711864; macro: 0.735600; score: [1.         0.85714286 0.44444444 0.51612903 0.52631579 0.64
 0.90909091 1.         0.72727273]
2025-08-11 15:27:23,851 - INFO - pod     precision | micro: 0.599034; macro: 0.676706; score: [0.7704918  0.73015873 0.41333333 0.30921053 0.62121212 0.64634146
 0.91071429 0.88888889 0.8       ]
2025-08-11 15:27:23,851 - INFO - pod     recall    | micro: 0.849315; macro: 0.865685; score: [1.         1.         0.63265306 0.75806452 0.73214286 0.77941176
 1.         1.         0.88888889]
2025-08-11 15:27:23,851 - INFO - pod     f1        | micro: 0.702550; macro: 0.752112; score: [0.87037037 0.8440367  0.5        0.43925234 0.67213115 0.70666667
 0.95327103 0.94117647 0.84210526]
2025-08-11 15:27:23,851 - INFO - ----------

40.----GATNet----
GAT_name1:  GATConv
GAT_name2:  GATv2Conv
activ_fun1:  silu
activ_fun2:  selu
2025-08-08 18:56:08,738 - INFO - ----------
2025-08-08 18:56:08,738 - INFO - evaluation dataset type: test
2025-08-08 18:56:08,758 - INFO - node    precision | micro: 0.673684; macro: 0.705636; score: [0.86666667 0.77777778 0.8        0.47826087 0.61111111 0.7       ]
2025-08-08 18:56:08,758 - INFO - node    recall    | micro: 0.955224; macro: 0.955688; score: [0.92857143 1.         0.88888889 0.91666667 1.         1.        ]
2025-08-08 18:56:08,759 - INFO - node    f1        | micro: 0.790123; macro: 0.804063; score: [0.89655172 0.875      0.84210526 0.62857143 0.75862069 0.82352941]
2025-08-08 18:56:08,786 - INFO - service precision | micro: 0.715789; macro: 0.780393; score: [1.         0.81818182 0.5        0.47619048 0.83333333 0.5625
 1.         1.         0.83333333]
2025-08-08 18:56:08,786 - INFO - service recall    | micro: 0.772727; macro: 0.816667; score: [1.         1.         0.5        0.83333333 0.41666667 0.6
 1.         1.         1.        ]
2025-08-08 18:56:08,787 - INFO - service f1        | micro: 0.743169; macro: 0.783484; score: [1.         0.9        0.5        0.60606061 0.55555556 0.58064516
 1.         1.         0.90909091]
2025-08-08 18:56:08,863 - INFO - pod     precision | micro: 0.658716; macro: 0.734241; score: [0.87037037 0.88235294 0.4375     0.35344828 0.67241379 0.57954545
 0.98076923 0.96969697 0.86206897]
2025-08-08 18:56:08,864 - INFO - pod     recall    | micro: 0.819635; macro: 0.842593; score: [1.         0.97826087 0.57142857 0.66129032 0.69642857 0.75
 1.         1.         0.92592593]
2025-08-08 18:56:08,864 - INFO - pod     f1        | micro: 0.730417; macro: 0.780066; score: [0.93069307 0.92783505 0.49557522 0.46067416 0.68421053 0.65384615
 0.99029126 0.98461538 0.89285714]
2025-08-08 18:56:08,864 - INFO - ----------

41.----GATNet----
GAT_name1:  GATConv
GAT_name2:  GATv2Conv
activ_fun1:  rrelu
activ_fun2:  leaky_relu
2025-08-09 04:22:51,534 - INFO - ----------
2025-08-09 04:22:51,534 - INFO - evaluation dataset type: test
2025-08-09 04:22:51,554 - INFO - node    precision | micro: 0.633663; macro: 0.683221; score: [0.86666667 0.77777778 0.8        0.40740741 0.61111111 0.63636364]
2025-08-09 04:22:51,554 - INFO - node    recall    | micro: 0.955224; macro: 0.955688; score: [0.92857143 1.         0.88888889 0.91666667 1.         1.        ]
2025-08-09 04:22:51,554 - INFO - node    f1        | micro: 0.761905; macro: 0.785693; score: [0.89655172 0.875      0.84210526 0.56410256 0.75862069 0.77777778]
2025-08-09 04:22:51,582 - INFO - service precision | micro: 0.762887; macro: 0.811869; score: [1.         0.81818182 0.66666667 0.625      0.81818182 0.54545455
 1.         1.         0.83333333]
2025-08-09 04:22:51,582 - INFO - service recall    | micro: 0.840909; macro: 0.864815; score: [1.         1.         0.4        0.83333333 0.75       0.8
 1.         1.         1.        ]
2025-08-09 04:22:51,582 - INFO - service f1        | micro: 0.800000; macro: 0.828293; score: [1.         0.9        0.5        0.71428571 0.7826087  0.64864865
 1.         1.         0.90909091]
2025-08-09 04:22:51,657 - INFO - pod     precision | micro: 0.706226; macro: 0.772217; score: [0.8245614  0.88       0.66666667 0.40366972 0.79245283 0.57608696
 0.94444444 1.         0.86206897]
2025-08-09 04:22:51,657 - INFO - pod     recall    | micro: 0.828767; macro: 0.846767; score: [1.         0.95652174 0.53061224 0.70967742 0.75       0.77941176
 1.         0.96875    0.92592593]
2025-08-09 04:22:51,658 - INFO - pod     f1        | micro: 0.762605; macro: 0.800844; score: [0.90384615 0.91666667 0.59090909 0.51461988 0.7706422  0.6625
 0.97142857 0.98412698 0.89285714]
2025-08-09 04:22:51,658 - INFO - ----------

42.----GATNet----
GAT_name1:  GATConv
GAT_name2:  GATv2Conv
activ_fun1:  leaky_relu
activ_fun2:  leaky_relu
2025-08-09 07:41:25,826 - INFO - ----------
2025-08-09 07:41:25,827 - INFO - evaluation dataset type: test
2025-08-09 07:41:25,847 - INFO - node    precision | micro: 0.627451; macro: 0.657167; score: [0.65       0.77777778 0.72727273 0.44       0.61111111 0.73684211]
2025-08-09 07:41:25,847 - INFO - node    recall    | micro: 0.955224; macro: 0.955688; score: [0.92857143 1.         0.88888889 0.91666667 1.         1.        ]
2025-08-09 07:41:25,847 - INFO - node    f1        | micro: 0.757396; macro: 0.773568; score: [0.76470588 0.875      0.8        0.59459459 0.75862069 0.84848485]
2025-08-09 07:41:25,874 - INFO - service precision | micro: 0.790123; macro: 0.808891; score: [0.9        0.9        0.5        0.53846154 1.         0.81818182
 0.90909091 1.         0.71428571]
2025-08-09 07:41:25,874 - INFO - service recall    | micro: 0.727273; macro: 0.777778; score: [1.         1.         0.4        0.58333333 0.41666667 0.6
 1.         1.         1.        ]
2025-08-09 07:41:25,874 - INFO - service f1        | micro: 0.757396; macro: 0.773938; score: [0.94736842 0.94736842 0.44444444 0.56       0.58823529 0.69230769
 0.95238095 1.         0.83333333]
2025-08-09 07:41:25,949 - INFO - pod     precision | micro: 0.686347; macro: 0.748534; score: [0.88679245 0.7962963  0.47058824 0.41818182 0.77358491 0.62068966
 0.96226415 0.96969697 0.83870968]
2025-08-09 07:41:25,949 - INFO - pod     recall    | micro: 0.849315; macro: 0.868778; score: [1.         0.93478261 0.65306122 0.74193548 0.73214286 0.79411765
 1.         1.         0.96296296]
2025-08-09 07:41:25,949 - INFO - pod     f1        | micro: 0.759184; macro: 0.799211; score: [0.94       0.86       0.54700855 0.53488372 0.75229358 0.69677419
 0.98076923 0.98461538 0.89655172]
2025-08-09 07:41:25,949 - INFO - ----------

43.----GATNet----
GAT_name1:  GATConv
GAT_name2:  GATv2Conv
activ_fun1:  selu
activ_fun2:  leaky_relu
2025-08-09 14:18:49,330 - INFO - ----------
2025-08-09 14:18:49,330 - INFO - evaluation dataset type: test
2025-08-09 14:18:49,351 - INFO - node    precision | micro: 0.646465; macro: 0.670997; score: [0.73684211 0.63636364 0.875      0.5        0.61111111 0.66666667]
2025-08-09 14:18:49,351 - INFO - node    recall    | micro: 0.955224; macro: 0.949074; score: [1.         1.         0.77777778 0.91666667 1.         1.        ]
2025-08-09 14:18:49,351 - INFO - node    f1        | micro: 0.771084; macro: 0.775912; score: [0.84848485 0.77777778 0.82352941 0.64705882 0.75862069 0.8       ]
2025-08-09 14:18:49,378 - INFO - service precision | micro: 0.797619; macro: 0.821849; score: [1.         0.9        0.6        0.54545455 0.875      0.64285714
 1.         1.         0.83333333]
2025-08-09 14:18:49,378 - INFO - service recall    | micro: 0.761364; macro: 0.809259; score: [1.         1.         0.6        0.5        0.58333333 0.6
 1.         1.         1.        ]
2025-08-09 14:18:49,378 - INFO - service f1        | micro: 0.779070; macro: 0.810988; score: [1.         0.94736842 0.6        0.52173913 0.7        0.62068966
 1.         1.         0.90909091]
2025-08-09 14:18:49,453 - INFO - pod     precision | micro: 0.675325; macro: 0.725102; score: [0.87037037 0.81481481 0.5        0.43617021 0.6440678  0.56842105
 0.94444444 0.94117647 0.80645161]
2025-08-09 14:18:49,453 - INFO - pod     recall    | micro: 0.831050; macro: 0.852165; score: [1.         0.95652174 0.65306122 0.66129032 0.67857143 0.79411765
 1.         1.         0.92592593]
2025-08-09 14:18:49,453 - INFO - pod     f1        | micro: 0.745138; macro: 0.781039; score: [0.93069307 0.88       0.56637168 0.52564103 0.66086957 0.66257669
 0.97142857 0.96969697 0.86206897]
2025-08-09 14:18:49,453 - INFO - ----------

44.----GATNet----
GAT_name1:  GATConv
GAT_name2:  GATv2Conv
activ_fun1:  relu6
activ_fun2:  silu
2025-08-09 19:55:01,021 - INFO - ----------
2025-08-09 19:55:01,021 - INFO - evaluation dataset type: test
2025-08-09 19:55:01,041 - INFO - node    precision | micro: 0.653061; macro: 0.687473; score: [0.77777778 0.7        0.875      0.45833333 0.64705882 0.66666667]
2025-08-09 19:55:01,041 - INFO - node    recall    | micro: 0.955224; macro: 0.949074; score: [1.         1.         0.77777778 0.91666667 1.         1.        ]
2025-08-09 19:55:01,041 - INFO - node    f1        | micro: 0.775758; macro: 0.786481; score: [0.875      0.82352941 0.82352941 0.61111111 0.78571429 0.8       ]
2025-08-09 19:55:01,068 - INFO - service precision | micro: 0.765432; macro: 0.778632; score: [0.9        0.69230769 0.5        0.61538462 0.83333333 0.66666667
 1.         1.         0.8       ]
2025-08-09 19:55:01,068 - INFO - service recall    | micro: 0.704545; macro: 0.746296; score: [1.         1.         0.3        0.66666667 0.41666667 0.53333333
 1.         1.         0.8       ]
2025-08-09 19:55:01,068 - INFO - service f1        | micro: 0.733728; macro: 0.747633; score: [0.94736842 0.81818182 0.375      0.64       0.55555556 0.59259259
 1.         1.         0.8       ]
2025-08-09 19:55:01,142 - INFO - pod     precision | micro: 0.635879; macro: 0.711550; score: [0.90384615 0.625      0.2755102  0.56944444 0.56410256 0.60493827
 0.94444444 1.         0.91666667]
2025-08-09 19:55:01,143 - INFO - pod     recall    | micro: 0.817352; macro: 0.834632; score: [1.         0.97826087 0.55102041 0.66129032 0.78571429 0.72058824
 1.         1.         0.81481481]
2025-08-09 19:55:01,143 - INFO - pod     f1        | micro: 0.715285; macro: 0.760011; score: [0.94949495 0.76271186 0.36734694 0.6119403  0.65671642 0.65771812
 0.97142857 1.         0.8627451 ]
2025-08-09 19:55:01,143 - INFO - ----------

45.----GATNet----
GAT_name1:  GATv2Conv
GAT_name2:  GATConv
activ_fun1:  celu
activ_fun2:  silu
2025-08-11 05:15:17,419 - INFO - ----------
2025-08-11 05:15:17,420 - INFO - evaluation dataset type: test
2025-08-11 05:15:17,439 - INFO - node    precision | micro: 0.659794; macro: 0.668533; score: [0.7        0.63636364 0.77777778 0.55       0.64705882 0.7       ]
2025-08-11 05:15:17,440 - INFO - node    recall    | micro: 0.955224; macro: 0.949074; score: [1.         1.         0.77777778 0.91666667 1.         1.        ]
2025-08-11 05:15:17,440 - INFO - node    f1        | micro: 0.780488; macro: 0.779305; score: [0.82352941 0.77777778 0.77777778 0.6875     0.78571429 0.82352941]
2025-08-11 05:15:17,467 - INFO - service precision | micro: 0.741935; macro: 0.786665; score: [1.         0.9        0.66666667 0.42105263 0.85714286 0.6875
 1.         0.83333333 0.71428571]
2025-08-11 05:15:17,467 - INFO - service recall    | micro: 0.784091; macro: 0.814815; score: [1.         1.         0.6        0.66666667 0.5        0.73333333
 1.         0.83333333 1.        ]
2025-08-11 05:15:17,467 - INFO - service f1        | micro: 0.762431; macro: 0.789222; score: [1.         0.94736842 0.63157895 0.51612903 0.63157895 0.70967742
 1.         0.83333333 0.83333333]
2025-08-11 05:15:17,541 - INFO - pod     precision | micro: 0.679035; macro: 0.735144; score: [0.87037037 0.78947368 0.546875   0.40196078 0.75       0.56842105
 0.96226415 0.86486486 0.86206897]
2025-08-11 05:15:17,542 - INFO - pod     recall    | micro: 0.835616; macro: 0.857415; score: [1.         0.97826087 0.71428571 0.66129032 0.64285714 0.79411765
 1.         1.         0.92592593]
2025-08-11 05:15:17,542 - INFO - pod     f1        | micro: 0.749232; macro: 0.786666; score: [0.93069307 0.87378641 0.61946903 0.5        0.69230769 0.66257669
 0.98076923 0.92753623 0.89285714]
2025-08-11 05:15:17,542 - INFO - ----------

46.----GATNet----
GAT_name1:  GATv2Conv
GAT_name2:  GATConv
activ_fun1:  elu
activ_fun2:  silu
2025-08-11 11:58:41,032 - INFO - ----------
2025-08-11 11:58:41,032 - INFO - evaluation dataset type: test
2025-08-11 11:58:41,052 - INFO - node    precision | micro: 0.659794; macro: 0.668533; score: [0.7        0.63636364 0.77777778 0.55       0.64705882 0.7       ]
2025-08-11 11:58:41,053 - INFO - node    recall    | micro: 0.955224; macro: 0.949074; score: [1.         1.         0.77777778 0.91666667 1.         1.        ]
2025-08-11 11:58:41,053 - INFO - node    f1        | micro: 0.780488; macro: 0.779305; score: [0.82352941 0.77777778 0.77777778 0.6875     0.78571429 0.82352941]
2025-08-11 11:58:41,080 - INFO - service precision | micro: 0.741935; macro: 0.786665; score: [1.         0.9        0.66666667 0.42105263 0.85714286 0.6875
 1.         0.83333333 0.71428571]
2025-08-11 11:58:41,080 - INFO - service recall    | micro: 0.784091; macro: 0.814815; score: [1.         1.         0.6        0.66666667 0.5        0.73333333
 1.         0.83333333 1.        ]
2025-08-11 11:58:41,080 - INFO - service f1        | micro: 0.762431; macro: 0.789222; score: [1.         0.94736842 0.63157895 0.51612903 0.63157895 0.70967742
 1.         0.83333333 0.83333333]
2025-08-11 11:58:41,155 - INFO - pod     precision | micro: 0.679035; macro: 0.735144; score: [0.87037037 0.78947368 0.546875   0.40196078 0.75       0.56842105
 0.96226415 0.86486486 0.86206897]
2025-08-11 11:58:41,155 - INFO - pod     recall    | micro: 0.835616; macro: 0.857415; score: [1.         0.97826087 0.71428571 0.66129032 0.64285714 0.79411765
 1.         1.         0.92592593]
2025-08-11 11:58:41,155 - INFO - pod     f1        | micro: 0.749232; macro: 0.786666; score: [0.93069307 0.87378641 0.61946903 0.5        0.69230769 0.66257669
 0.98076923 0.92753623 0.89285714]
2025-08-11 11:58:41,155 - INFO - ----------

47.----GATNet----
GAT_name1:  GATv2Conv
GAT_name2:  GATConv
activ_fun1:  relu6
activ_fun2:  mish
2025-08-11 14:55:40,499 - INFO - ----------
2025-08-11 14:55:40,499 - INFO - evaluation dataset type: test
2025-08-11 14:55:40,519 - INFO - node    precision | micro: 0.646465; macro: 0.667205; score: [0.73684211 0.58333333 0.77777778 0.44       0.6875     0.77777778]
2025-08-11 14:55:40,520 - INFO - node    recall    | micro: 0.955224; macro: 0.949074; score: [1.         1.         0.77777778 0.91666667 1.         1.        ]
2025-08-11 14:55:40,520 - INFO - node    f1        | micro: 0.771084; macro: 0.774586; score: [0.84848485 0.73684211 0.77777778 0.59459459 0.81481481 0.875     ]
2025-08-11 14:55:40,546 - INFO - service precision | micro: 0.722222; macro: 0.762854; score: [1.         0.75       0.5        0.5        0.8        0.69230769
 0.90909091 1.         0.71428571]
2025-08-11 14:55:40,547 - INFO - service recall    | micro: 0.738636; macro: 0.779630; score: [1.         1.         0.5        0.75       0.33333333 0.6
 1.         0.83333333 1.        ]
2025-08-11 14:55:40,547 - INFO - service f1        | micro: 0.730337; macro: 0.751710; score: [1.         0.85714286 0.5        0.6        0.47058824 0.64285714
 0.95238095 0.90909091 0.83333333]
2025-08-11 14:55:40,622 - INFO - pod     precision | micro: 0.675277; macro: 0.742617; score: [0.87037037 0.78947368 0.48387097 0.44117647 0.75510204 0.51923077
 0.96226415 1.         0.86206897]
2025-08-11 14:55:40,622 - INFO - pod     recall    | micro: 0.835616; macro: 0.855230; score: [1.         0.97826087 0.6122449  0.72580645 0.66071429 0.79411765
 1.         1.         0.92592593]
2025-08-11 14:55:40,622 - INFO - pod     f1        | micro: 0.746939; macro: 0.788900; score: [0.93069307 0.87378641 0.54054054 0.54878049 0.7047619  0.62790698
 0.98076923 1.         0.89285714]
2025-08-11 14:55:40,622 - INFO - ----------




# HolisticRCA original results
2025-06-10 17:35:40,976 - INFO - ----------
2025-06-10 17:35:40,976 - INFO - evaluation
2025-06-10 17:35:40,976 - INFO - node     d1 | AC@1: 0.910448; AC@3: 0.910448; AC@5: 0.925373
2025-06-10 17:35:40,976 - INFO - node     d2 | AC@1: 0.552239; AC@3: 0.656716; AC@5: 0.671642
2025-06-10 17:35:40,976 - INFO - service  d1 | AC@1: 0.863636; AC@3: 0.920455; AC@5: 0.931818
2025-06-10 17:35:40,976 - INFO - service  d2 | AC@1: 0.250000; AC@3: 0.477273; AC@5: 0.625000
2025-06-10 17:35:40,976 - INFO - pod      d1 | AC@1: 0.581395; AC@3: 0.662791; AC@5: 0.767442
2025-06-10 17:35:40,976 - INFO - pod      d2 | AC@1: 0.151163; AC@3: 0.290698; AC@5: 0.418605
2025-06-10 17:35:40,976 - INFO - ----------



----GATNet----
GAT_name1:  GATv2Conv
GAT_name2:  GATConv
activ_fun1:  relu6
activ_fun2:  relu6
2025-09-08 19:50:05,895 - INFO - ----------
2025-09-08 19:50:05,895 - INFO - evaluation
2025-09-08 19:50:05,896 - INFO - node     d1 | AC@1: 0.850746; AC@3: 0.850746; AC@5: 0.850746
2025-09-08 19:50:05,896 - INFO - node     d2 | AC@1: 0.522388; AC@3: 0.611940; AC@5: 0.626866
2025-09-08 19:50:05,896 - INFO - service  d1 | AC@1: 0.897727; AC@3: 0.920455; AC@5: 0.931818
2025-09-08 19:50:05,896 - INFO - service  d2 | AC@1: 0.352273; AC@3: 0.590909; AC@5: 0.738636
2025-09-08 19:50:05,896 - INFO - pod      d1 | AC@1: 0.627907; AC@3: 0.686047; AC@5: 0.767442
2025-09-08 19:50:05,896 - INFO - pod      d2 | AC@1: 0.162791; AC@3: 0.360465; AC@5: 0.511628
2025-09-08 19:50:05,896 - INFO - ----------




## dataset B SN
# best result
--window_size 8
# new data: api, trace, metric, log
2025-09-10 15:54:21,749 - INFO - ----------
2025-09-10 15:54:21,750 - INFO - evaluation dataset type: test
2025-09-10 15:54:21,764 - INFO - service precision | micro: 0.627451; macro: 0.661859; score: [0.92307692 0.5        0.5625    ]
2025-09-10 15:54:21,764 - INFO - service recall    | micro: 0.888889; macro: 0.888889; score: [1.         0.91666667 0.75      ]
2025-09-10 15:54:21,764 - INFO - service f1        | micro: 0.735632; macro: 0.749972; score: [0.96       0.64705882 0.64285714]
2025-09-10 15:54:21,764 - INFO - ----------

2025-09-10 16:00:40,202 - INFO - ----------
2025-09-10 16:00:40,202 - INFO - evaluation
2025-09-10 16:00:40,202 - INFO - service  d1 | AC@1: 0.638889; AC@3: 0.805556; AC@5: 0.861111
2025-09-10 16:00:40,202 - INFO - service  d2 | AC@1: 0.416667; AC@3: 0.611111; AC@5: 0.833333
2025-09-10 16:00:40,202 - INFO - ----------

# SEAttention HolisticRCA original data

2025-09-10 16:01:19,547 - INFO - ----------
2025-09-10 16:01:19,547 - INFO - evaluation dataset type: test
2025-09-10 16:01:19,562 - INFO - service precision | micro: 0.460317; macro: 0.502381; score: [0.8        0.35714286 0.35      ]
2025-09-10 16:01:19,562 - INFO - service recall    | micro: 0.805556; macro: 0.805556; score: [1.         0.83333333 0.58333333]
2025-09-10 16:01:19,562 - INFO - service f1        | micro: 0.585859; macro: 0.608796; score: [0.88888889 0.5        0.4375    ]
2025-09-10 16:01:19,562 - INFO - ----------

2025-09-10 16:07:04,139 - INFO - ----------
2025-09-10 16:07:04,139 - INFO - evaluation
2025-09-10 16:07:04,139 - INFO - service  d1 | AC@1: 0.583333; AC@3: 0.888889; AC@5: 0.944444
2025-09-10 16:07:04,140 - INFO - service  d2 | AC@1: 0.388889; AC@3: 0.694444; AC@5: 0.694444
2025-09-10 16:07:04,140 - INFO - ----------


# transformer HolisticRCA original data

2025-09-11 20:45:00,857 - INFO - ----------
2025-09-11 20:45:00,857 - INFO - evaluation dataset type: test
2025-09-11 20:45:00,872 - INFO - service precision | micro: 0.447761; macro: 0.522321; score: [0.85714286 0.42857143 0.28125   ]
2025-09-11 20:45:00,872 - INFO - service recall    | micro: 0.833333; macro: 0.833333; score: [1.   0.75 0.75]
2025-09-11 20:45:00,872 - INFO - service f1        | micro: 0.582524; macro: 0.625874; score: [0.92307692 0.54545455 0.40909091]
2025-09-11 20:45:00,872 - INFO - ----------

2025-09-11 20:53:48,846 - INFO - ----------
2025-09-11 20:53:48,846 - INFO - evaluation
2025-09-11 20:53:48,846 - INFO - service  d1 | AC@1: 0.638889; AC@3: 0.833333; AC@5: 0.916667
2025-09-11 20:53:48,846 - INFO - service  d2 | AC@1: 0.305556; AC@3: 0.638889; AC@5: 0.805556
2025-09-11 20:53:48,846 - INFO - ----------





# window_size 6
# original
2025-09-10 15:19:27,652 - INFO - ----------
2025-09-10 15:19:27,652 - INFO - evaluation dataset type: test
2025-09-10 15:19:27,666 - INFO - service precision | micro: 0.424658; macro: 0.528694; score: [0.92307692 0.28205128 0.38095238]
2025-09-10 15:19:27,666 - INFO - service recall    | micro: 0.861111; macro: 0.861111; score: [1.         0.91666667 0.66666667]
2025-09-10 15:19:27,666 - INFO - service f1        | micro: 0.568807; macro: 0.625407; score: [0.96       0.43137255 0.48484848]
2025-09-10 15:19:27,666 - INFO - ----------

2025-09-10 15:24:55,878 - INFO - ----------
2025-09-10 15:24:55,878 - INFO - evaluation
2025-09-10 15:24:55,878 - INFO - service  d1 | AC@1: 0.638889; AC@3: 0.833333; AC@5: 0.916667
2025-09-10 15:24:55,878 - INFO - service  d2 | AC@1: 0.361111; AC@3: 0.694444; AC@5: 0.916667
2025-09-10 15:24:55,878 - INFO - ----------

# new data: api, trace, metric, log


2025-09-10 14:51:11,260 - INFO - ----------
2025-09-10 14:51:11,260 - INFO - evaluation dataset type: test
2025-09-10 14:51:11,274 - INFO - service precision | micro: 0.413333; macro: 0.459537; score: [0.70588235 0.4        0.27272727]
2025-09-10 14:51:11,275 - INFO - service recall    | micro: 0.861111; macro: 0.861111; score: [1.         0.83333333 0.75      ]
2025-09-10 14:51:11,275 - INFO - service f1        | micro: 0.558559; macro: 0.589376; score: [0.82758621 0.54054054 0.4       ]
2025-09-10 14:51:11,275 - INFO - ----------

2025-09-10 15:08:40,469 - INFO - ----------
2025-09-10 15:08:40,469 - INFO - evaluation
2025-09-10 15:08:40,469 - INFO - service  d1 | AC@1: 0.583333; AC@3: 0.833333; AC@5: 0.888889
2025-09-10 15:08:40,469 - INFO - service  d2 | AC@1: 0.500000; AC@3: 0.694444; AC@5: 0.833333
2025-09-10 15:08:40,469 - INFO - ----------




# window_size 10

# original
2025-09-10 15:43:39,461 - INFO - ----------
2025-09-10 15:43:39,461 - INFO - evaluation dataset type: test
2025-09-10 15:43:39,475 - INFO - service precision | micro: 0.386667; macro: 0.468376; score: [0.75       0.45       0.20512821]
2025-09-10 15:43:39,475 - INFO - service recall    | micro: 0.805556; macro: 0.805556; score: [1.         0.75       0.66666667]
2025-09-10 15:43:39,475 - INFO - service f1        | micro: 0.522523; macro: 0.577789; score: [0.85714286 0.5625     0.31372549]
2025-09-10 15:43:39,475 - INFO - ----------

2025-09-10 15:50:21,812 - INFO - ----------
2025-09-10 15:50:21,812 - INFO - evaluation
2025-09-10 15:50:21,812 - INFO - service  d1 | AC@1: 0.583333; AC@3: 0.861111; AC@5: 0.944444
2025-09-10 15:50:21,812 - INFO - service  d2 | AC@1: 0.305556; AC@3: 0.722222; AC@5: 0.944444
2025-09-10 15:50:21,812 - INFO - ----------

# new data: api, trace, metric, log

2025-09-10 15:35:47,633 - INFO - ----------
2025-09-10 15:35:47,633 - INFO - evaluation dataset type: test
2025-09-10 15:35:47,648 - INFO - service precision | micro: 0.413333; macro: 0.515670; score: [0.92307692 0.34615385 0.27777778]
2025-09-10 15:35:47,648 - INFO - service recall    | micro: 0.861111; macro: 0.861111; score: [1.         0.75       0.83333333]
2025-09-10 15:35:47,648 - INFO - service f1        | micro: 0.558559; macro: 0.616784; score: [0.96       0.47368421 0.41666667]
2025-09-10 15:35:47,648 - INFO - ----------

2025-09-10 15:43:00,782 - INFO - ----------
2025-09-10 15:43:00,782 - INFO - evaluation
2025-09-10 15:43:00,782 - INFO - service  d1 | AC@1: 0.666667; AC@3: 0.888889; AC@5: 0.916667
2025-09-10 15:43:00,782 - INFO - service  d2 | AC@1: 0.277778; AC@3: 0.611111; AC@5: 0.805556
2025-09-10 15:43:00,782 - INFO - ----------


--window_size 12
# new data: api, trace, metric, log
2025-09-10 16:07:52,143 - INFO - ----------
2025-09-10 16:07:52,143 - INFO - evaluation dataset type: test
2025-09-10 16:07:52,158 - INFO - service precision | micro: 0.410959; macro: 0.477627; score: [0.70588235 0.47058824 0.25641026]
2025-09-10 16:07:52,158 - INFO - service recall    | micro: 0.833333; macro: 0.833333; score: [1.         0.66666667 0.83333333]
2025-09-10 16:07:52,158 - INFO - service f1        | micro: 0.550459; macro: 0.590489; score: [0.82758621 0.55172414 0.39215686]
2025-09-10 16:07:52,158 - INFO - ----------

2025-09-10 16:15:12,993 - INFO - ----------
2025-09-10 16:15:12,993 - INFO - evaluation
2025-09-10 16:15:12,993 - INFO - service  d1 | AC@1: 0.666667; AC@3: 0.833333; AC@5: 0.833333
2025-09-10 16:15:12,993 - INFO - service  d2 | AC@1: 0.305556; AC@3: 0.750000; AC@5: 0.861111
2025-09-10 16:15:12,993 - INFO - ----------

# HolisticRCA original data

2025-09-10 16:15:51,730 - INFO - ----------
2025-09-10 16:15:51,730 - INFO - evaluation dataset type: test
2025-09-10 16:15:51,745 - INFO - service precision | micro: 0.482759; macro: 0.566174; score: [0.85714286 0.6        0.24137931]
2025-09-10 16:15:51,745 - INFO - service recall    | micro: 0.777778; macro: 0.777778; score: [1.         0.75       0.58333333]
2025-09-10 16:15:51,745 - INFO - service f1        | micro: 0.595745; macro: 0.643736; score: [0.92307692 0.66666667 0.34146341]
2025-09-10 16:15:51,745 - INFO - ----------

2025-09-10 16:21:08,780 - INFO - ----------
2025-09-10 16:21:08,780 - INFO - evaluation
2025-09-10 16:21:08,780 - INFO - service  d1 | AC@1: 0.555556; AC@3: 0.944444; AC@5: 0.944444
2025-09-10 16:21:08,780 - INFO - service  d2 | AC@1: 0.222222; AC@3: 0.555556; AC@5: 0.777778
2025-09-10 16:21:08,780 - INFO - ----------

--window_size 14
# new data: api, trace, metric, log
2025-09-10 16:21:58,470 - INFO - ----------
2025-09-10 16:21:58,471 - INFO - evaluation dataset type: test
2025-09-10 16:21:58,485 - INFO - service precision | micro: 0.391892; macro: 0.437017; score: [0.66666667 0.40909091 0.23529412]
2025-09-10 16:21:58,485 - INFO - service recall    | micro: 0.805556; macro: 0.805556; score: [1.         0.75       0.66666667]
2025-09-10 16:21:58,485 - INFO - service f1        | micro: 0.527273; macro: 0.559079; score: [0.8        0.52941176 0.34782609]
2025-09-10 16:21:58,485 - INFO - ----------

2025-09-10 16:29:45,499 - INFO - ----------
2025-09-10 16:29:45,499 - INFO - evaluation
2025-09-10 16:29:45,499 - INFO - service  d1 | AC@1: 0.583333; AC@3: 0.916667; AC@5: 1.000000
2025-09-10 16:29:45,499 - INFO - service  d2 | AC@1: 0.333333; AC@3: 0.750000; AC@5: 0.888889
2025-09-10 16:29:45,499 - INFO - ----------

# HolisticRCA original data

2025-09-10 16:30:23,832 - INFO - ----------
2025-09-10 16:30:23,832 - INFO - evaluation dataset type: test
2025-09-10 16:30:23,847 - INFO - service precision | micro: 0.449275; macro: 0.570971; score: [0.85714286 0.625      0.23076923]
2025-09-10 16:30:23,847 - INFO - service recall    | micro: 0.861111; macro: 0.861111; score: [1.         0.83333333 0.75      ]
2025-09-10 16:30:23,847 - INFO - service f1        | micro: 0.590476; macro: 0.663435; score: [0.92307692 0.71428571 0.35294118]
2025-09-10 16:30:23,847 - INFO - ----------

2025-09-10 16:35:34,248 - INFO - ----------
2025-09-10 16:35:34,248 - INFO - evaluation
2025-09-10 16:35:34,248 - INFO - service  d1 | AC@1: 0.555556; AC@3: 0.861111; AC@5: 0.916667
2025-09-10 16:35:34,248 - INFO - service  d2 | AC@1: 0.333333; AC@3: 0.638889; AC@5: 0.777778
2025-09-10 16:35:34,248 - INFO - ----------




## dataset B TT
# best result
--window_size 12

2025-09-10 23:58:34,736 - INFO - ----------
2025-09-10 23:58:34,736 - INFO - evaluation dataset type: test
2025-09-10 23:58:34,754 - INFO - service precision | micro: 0.087248; macro: 0.086673; score: [0.15121951 0.02985075 0.07894737]
2025-09-10 23:58:34,755 - INFO - service recall    | micro: 0.981132; macro: 0.952381; score: [1.         0.85714286 1.        ]
2025-09-10 23:58:34,755 - INFO - service f1        | micro: 0.160247; macro: 0.155582; score: [0.26271186 0.05769231 0.14634146]
2025-09-10 23:58:34,755 - INFO - ----------

2025-09-11 00:38:48,093 - INFO - ----------
2025-09-11 00:38:48,093 - INFO - evaluation
2025-09-11 00:38:48,093 - INFO - service  d1 | AC@1: 0.603774; AC@3: 0.735849; AC@5: 0.830189
2025-09-11 00:38:48,093 - INFO - service  d2 | AC@1: 0.245283; AC@3: 0.660377; AC@5: 0.830189
2025-09-11 00:38:48,093 - INFO - ----------

# HolisticRCA original data

2025-09-11 00:40:43,140 - INFO - ----------
2025-09-11 00:40:43,141 - INFO - evaluation dataset type: test
2025-09-11 00:40:43,158 - INFO - service precision | micro: 0.087329; macro: 0.085407; score: [0.15121951 0.03208556 0.07291667]
2025-09-11 00:40:43,158 - INFO - service recall    | micro: 0.962264; macro: 0.930159; score: [1.         0.85714286 0.93333333]
2025-09-11 00:40:43,158 - INFO - service f1        | micro: 0.160126; macro: 0.153278; score: [0.26271186 0.06185567 0.1352657 ]
2025-09-11 00:40:43,158 - INFO - ----------

2025-09-11 01:16:18,065 - INFO - ----------
2025-09-11 01:16:18,065 - INFO - evaluation
2025-09-11 01:16:18,065 - INFO - service  d1 | AC@1: 0.528302; AC@3: 0.641509; AC@5: 0.754717
2025-09-11 01:16:18,065 - INFO - service  d2 | AC@1: 0.226415; AC@3: 0.490566; AC@5: 0.660377
2025-09-11 01:16:18,065 - INFO - ----------



--window_size 6

2025-09-10 19:55:27,356 - INFO - ----------
2025-09-10 19:55:27,356 - INFO - evaluation dataset type: test
2025-09-10 19:55:27,373 - INFO - service precision | micro: 0.083333; macro: 0.082372; score: [0.14975845 0.03       0.06735751]
2025-09-10 19:55:27,373 - INFO - service recall    | micro: 0.943396; macro: 0.907937; score: [1.         0.85714286 0.86666667]
2025-09-10 19:55:27,374 - INFO - service f1        | micro: 0.153139; macro: 0.147825; score: [0.2605042  0.05797101 0.125     ]
2025-09-10 19:55:27,374 - INFO - ----------

2025-09-10 20:34:01,888 - INFO - ----------
2025-09-10 20:34:01,888 - INFO - evaluation
2025-09-10 20:34:01,888 - INFO - service  d1 | AC@1: 0.509434; AC@3: 0.622642; AC@5: 0.698113
2025-09-10 20:34:01,888 - INFO - service  d2 | AC@1: 0.377358; AC@3: 0.547170; AC@5: 0.754717
2025-09-10 20:34:01,888 - INFO - ----------

# HolisticRCA original data

2025-09-10 20:35:25,477 - INFO - ----------
2025-09-10 20:35:25,477 - INFO - evaluation dataset type: test
2025-09-10 20:35:25,494 - INFO - service precision | micro: 0.084746; macro: 0.082707; score: [0.15270936 0.02777778 0.06763285]
2025-09-10 20:35:25,494 - INFO - service recall    | micro: 0.943396; macro: 0.882540; score: [1.         0.71428571 0.93333333]
2025-09-10 20:35:25,495 - INFO - service f1        | micro: 0.155521; macro: 0.148186; score: [0.26495726 0.05347594 0.12612613]
2025-09-10 20:35:25,495 - INFO - ----------

2025-09-10 21:10:06,607 - INFO - ----------
2025-09-10 21:10:06,607 - INFO - evaluation
2025-09-10 21:10:06,607 - INFO - service  d1 | AC@1: 0.509434; AC@3: 0.641509; AC@5: 0.735849
2025-09-10 21:10:06,607 - INFO - service  d2 | AC@1: 0.169811; AC@3: 0.547170; AC@5: 0.735849
2025-09-10 21:10:06,607 - INFO - ----------

--window_size 8

2025-09-10 21:14:07,953 - INFO - ----------
2025-09-10 21:14:07,954 - INFO - evaluation dataset type: test
2025-09-10 21:14:08,053 - INFO - service precision | micro: 0.086667; macro: 0.085912; score: [0.15270936 0.03076923 0.07425743]
2025-09-10 21:14:08,053 - INFO - service recall    | micro: 0.981132; macro: 0.952381; score: [1.         0.85714286 1.        ]
2025-09-10 21:14:08,053 - INFO - service f1        | micro: 0.159265; macro: 0.154204; score: [0.26495726 0.05940594 0.13824885]
2025-09-10 21:14:08,053 - INFO - ----------

2025-09-10 21:56:40,210 - INFO - ----------
2025-09-10 21:56:40,210 - INFO - evaluation
2025-09-10 21:56:40,210 - INFO - service  d1 | AC@1: 0.698113; AC@3: 0.811321; AC@5: 0.886792
2025-09-10 21:56:40,210 - INFO - service  d2 | AC@1: 0.132075; AC@3: 0.528302; AC@5: 0.679245
2025-09-10 21:56:40,210 - INFO - ----------

# HolisticRCA original data

2025-09-10 21:58:01,692 - INFO - ----------
2025-09-10 21:58:01,692 - INFO - evaluation dataset type: test
2025-09-10 21:58:01,709 - INFO - service precision | micro: 0.081667; macro: 0.080356; score: [0.15048544 0.02590674 0.06467662]
2025-09-10 21:58:01,709 - INFO - service recall    | micro: 0.924528; macro: 0.860317; score: [1.         0.71428571 0.86666667]
2025-09-10 21:58:01,710 - INFO - service f1        | micro: 0.150077; macro: 0.143991; score: [0.26160338 0.05       0.12037037]
2025-09-10 21:58:01,710 - INFO - ----------

2025-09-10 22:33:51,592 - INFO - ----------
2025-09-10 22:33:51,592 - INFO - evaluation
2025-09-10 22:33:51,592 - INFO - service  d1 | AC@1: 0.660377; AC@3: 0.754717; AC@5: 0.811321
2025-09-10 22:33:51,592 - INFO - service  d2 | AC@1: 0.320755; AC@3: 0.547170; AC@5: 0.735849
2025-09-10 22:33:51,592 - INFO - ----------

--window_size 10

2025-09-10 22:38:02,352 - INFO - ----------
2025-09-10 22:38:02,352 - INFO - evaluation dataset type: test
2025-09-10 22:38:02,451 - INFO - service precision | micro: 0.088889; macro: 0.086218; score: [0.14975845 0.03351955 0.07537688]
2025-09-10 22:38:02,451 - INFO - service recall    | micro: 0.981132; macro: 0.952381; score: [1.         0.85714286 1.        ]
2025-09-10 22:38:02,451 - INFO - service f1        | micro: 0.163009; macro: 0.155069; score: [0.2605042  0.06451613 0.14018692]
2025-09-10 22:38:02,451 - INFO - ----------

2025-09-10 23:18:15,496 - INFO - ----------
2025-09-10 23:18:15,496 - INFO - evaluation
2025-09-10 23:18:15,496 - INFO - service  d1 | AC@1: 0.528302; AC@3: 0.660377; AC@5: 0.792453
2025-09-10 23:18:15,496 - INFO - service  d2 | AC@1: 0.264151; AC@3: 0.490566; AC@5: 0.792453
2025-09-10 23:18:15,496 - INFO - ----------

# HolisticRCA original data

2025-09-10 23:19:44,041 - INFO - ----------
2025-09-10 23:19:44,042 - INFO - evaluation dataset type: test
2025-09-10 23:19:44,060 - INFO - service precision | micro: 0.088737; macro: 0.087577; score: [0.15422886 0.03157895 0.07692308]
2025-09-10 23:19:44,060 - INFO - service recall    | micro: 0.981132; macro: 0.952381; score: [1.         0.85714286 1.        ]
2025-09-10 23:19:44,060 - INFO - service f1        | micro: 0.162754; macro: 0.157004; score: [0.26724138 0.06091371 0.14285714]
2025-09-10 23:19:44,060 - INFO - ----------

2025-09-10 23:54:23,752 - INFO - ----------
2025-09-10 23:54:23,752 - INFO - evaluation
2025-09-10 23:54:23,752 - INFO - service  d1 | AC@1: 0.566038; AC@3: 0.735849; AC@5: 0.830189
2025-09-10 23:54:23,752 - INFO - service  d2 | AC@1: 0.132075; AC@3: 0.490566; AC@5: 0.698113
2025-09-10 23:54:23,752 - INFO - ----------



--window_size 14

2025-09-11 01:20:22,538 - INFO - ----------
2025-09-11 01:20:22,538 - INFO - evaluation dataset type: test
2025-09-11 01:20:22,556 - INFO - service precision | micro: 0.090592; macro: 0.089177; score: [0.15656566 0.03243243 0.07853403]
2025-09-11 01:20:22,556 - INFO - service recall    | micro: 0.981132; macro: 0.952381; score: [1.         0.85714286 1.        ]
2025-09-11 01:20:22,557 - INFO - service f1        | micro: 0.165869; macro: 0.159624; score: [0.27074236 0.0625     0.14563107]
2025-09-11 01:20:22,557 - INFO - ----------

2025-09-11 01:57:56,718 - INFO - ----------
2025-09-11 01:57:56,718 - INFO - evaluation
2025-09-11 01:57:56,718 - INFO - service  d1 | AC@1: 0.547170; AC@3: 0.679245; AC@5: 0.792453
2025-09-11 01:57:56,718 - INFO - service  d2 | AC@1: 0.320755; AC@3: 0.641509; AC@5: 0.830189
2025-09-11 01:57:56,718 - INFO - ----------

# HolisticRCA original data

2025-09-11 01:59:58,451 - INFO - ----------
2025-09-11 01:59:58,451 - INFO - evaluation dataset type: test
2025-09-11 01:59:58,539 - INFO - service precision | micro: 0.090435; macro: 0.088595; score: [0.15422886 0.0326087  0.07894737]
2025-09-11 01:59:58,539 - INFO - service recall    | micro: 0.981132; macro: 0.952381; score: [1.         0.85714286 1.        ]
2025-09-11 01:59:58,539 - INFO - service f1        | micro: 0.165605; macro: 0.158803; score: [0.26724138 0.06282723 0.14634146]
2025-09-11 01:59:58,539 - INFO - ----------

2025-09-11 02:33:43,682 - INFO - ----------
2025-09-11 02:33:43,682 - INFO - evaluation
2025-09-11 02:33:43,682 - INFO - service  d1 | AC@1: 0.471698; AC@3: 0.641509; AC@5: 0.679245
2025-09-11 02:33:43,682 - INFO - service  d2 | AC@1: 0.226415; AC@3: 0.566038; AC@5: 0.698113
2025-09-11 02:33:43,682 - INFO - ----------


# --window_size 12 --epochs 3000 --lr 0.0002
# new data
2025-09-11 14:34:10,651 - INFO - ----------
2025-09-11 14:34:10,651 - INFO - evaluation dataset type: test
2025-09-11 14:34:10,668 - INFO - service precision | micro: 0.218487; macro: 0.370029; score: [0.15816327 0.375      0.57692308]
2025-09-11 14:34:10,668 - INFO - service recall    | micro: 0.981132; macro: 0.952381; score: [1.         0.85714286 1.        ]
2025-09-11 14:34:10,668 - INFO - service f1        | micro: 0.357388; macro: 0.508858; score: [0.27312775 0.52173913 0.73170732]
2025-09-11 14:34:10,668 - INFO - ----------

2025-09-11 15:12:34,305 - INFO - ----------
2025-09-11 15:12:34,305 - INFO - evaluation
2025-09-11 15:12:34,305 - INFO - service  d1 | AC@1: 0.679245; AC@3: 0.792453; AC@5: 0.830189
2025-09-11 15:12:34,305 - INFO - service  d2 | AC@1: 0.320755; AC@3: 0.698113; AC@5: 0.867925
2025-09-11 15:12:34,305 - INFO - ----------

# SEAttention HolisticRCA original data  
2025-09-11 15:14:31,642 - INFO - ----------
2025-09-11 15:14:31,642 - INFO - evaluation dataset type: test
2025-09-11 15:14:31,659 - INFO - service precision | micro: 0.087329; macro: 0.085407; score: [0.15121951 0.03208556 0.07291667]
2025-09-11 15:14:31,660 - INFO - service recall    | micro: 0.962264; macro: 0.930159; score: [1.         0.85714286 0.93333333]
2025-09-11 15:14:31,660 - INFO - service f1        | micro: 0.160126; macro: 0.153278; score: [0.26271186 0.06185567 0.1352657 ]
2025-09-11 15:14:31,660 - INFO - ----------

2025-09-11 15:50:06,215 - INFO - ----------
2025-09-11 15:50:06,215 - INFO - evaluation
2025-09-11 15:50:06,215 - INFO - service  d1 | AC@1: 0.528302; AC@3: 0.641509; AC@5: 0.754717
2025-09-11 15:50:06,215 - INFO - service  d2 | AC@1: 0.226415; AC@3: 0.490566; AC@5: 0.660377
2025-09-11 15:50:06,215 - INFO - ----------

# transformer HolisticRCA original data
2025-09-11 15:57:54,652 - INFO - ----------
2025-09-11 15:57:54,653 - INFO - evaluation dataset type: test
2025-09-11 15:57:54,752 - INFO - service precision | micro: 0.087931; macro: 0.085275; score: [0.14975845 0.03314917 0.07291667]
2025-09-11 15:57:54,753 - INFO - service recall    | micro: 0.962264; macro: 0.930159; score: [1.         0.85714286 0.93333333]
2025-09-11 15:57:54,753 - INFO - service f1        | micro: 0.161137; macro: 0.153200; score: [0.2605042  0.06382979 0.1352657 ]
2025-09-11 15:57:54,753 - INFO - ----------

2025-09-11 16:59:46,878 - INFO - ----------
2025-09-11 16:59:46,878 - INFO - evaluation
2025-09-11 16:59:46,878 - INFO - service  d1 | AC@1: 0.584906; AC@3: 0.716981; AC@5: 0.830189
2025-09-11 16:59:46,878 - INFO - service  d2 | AC@1: 0.150943; AC@3: 0.584906; AC@5: 0.735849
2025-09-11 16:59:46,878 - INFO - ----------

# --epochs 3000 transformer HolisticRCA original data
2025-09-11 18:52:58,651 - INFO - ----------
2025-09-11 18:52:58,651 - INFO - evaluation dataset type: test
2025-09-11 18:52:58,745 - INFO - service precision | micro: 0.219409; macro: 0.385257; score: [0.15816327 0.31578947 0.68181818]
2025-09-11 18:52:58,745 - INFO - service recall    | micro: 0.981132; macro: 0.952381; score: [1.         0.85714286 1.        ]
2025-09-11 18:52:58,745 - INFO - service f1        | micro: 0.358621; macro: 0.515159; score: [0.27312775 0.46153846 0.81081081]
2025-09-11 18:52:58,745 - INFO - ----------

2025-09-11 19:52:29,864 - INFO - ----------
2025-09-11 19:52:29,864 - INFO - evaluation
2025-09-11 19:52:29,864 - INFO - service  d1 | AC@1: 0.641509; AC@3: 0.754717; AC@5: 0.905660
2025-09-11 19:52:29,864 - INFO - service  d2 | AC@1: 0.094340; AC@3: 0.415094; AC@5: 0.754717
2025-09-11 19:52:29,864 - INFO - ----------


# dataset C

# original transformer  epochs 350

2025-09-11 21:21:08,972 - INFO - ----------
2025-09-11 21:21:08,972 - INFO - evaluation dataset type: test
2025-09-11 21:21:08,996 - INFO - precision | micro: 0.932878; macro: 0.921737; score: [0.94808743 0.88188976 0.93523316]
2025-09-11 21:21:08,996 - INFO - recall    | micro: 0.959064; macro: 0.960515; score: [0.95592287 0.96551724 0.96010638]
2025-09-11 21:21:08,997 - INFO - f1        | micro: 0.945790; macro: 0.940435; score: [0.95198903 0.9218107  0.94750656]
2025-09-11 21:21:08,997 - INFO - ----------

# SEAttention  epochs 350

2025-09-11 21:26:47,231 - INFO - ----------
2025-09-11 21:26:47,231 - INFO - evaluation dataset type: test
2025-09-11 21:26:47,256 - INFO - precision | micro: 0.925508; macro: 0.911772; score: [0.94794521 0.86153846 0.9258312 ]
2025-09-11 21:26:47,256 - INFO - recall    | micro: 0.959064; macro: 0.960484; score: [0.95316804 0.96551724 0.96276596]
2025-09-11 21:26:47,256 - INFO - f1        | micro: 0.941987; macro: 0.935019; score: [0.95054945 0.91056911 0.94393742]
2025-09-11 21:26:47,256 - INFO - ----------

# original transformer  epochs 300
2025-09-11 21:34:49,946 - INFO - ----------
2025-09-11 21:34:49,946 - INFO - evaluation dataset type: test
2025-09-11 21:34:49,971 - INFO - precision | micro: 0.924464; macro: 0.914918; score: [0.94808743 0.88       0.91666667]
2025-09-11 21:34:49,971 - INFO - recall    | micro: 0.959064; macro: 0.956541; score: [0.95592287 0.94827586 0.96542553]
2025-09-11 21:34:49,971 - INFO - f1        | micro: 0.941447; macro: 0.935089; score: [0.95198903 0.91286307 0.94041451]
2025-09-11 21:34:49,971 - INFO - ----------


# SEAttention  epochs 300
2025-09-11 21:41:25,494 - INFO - ----------
2025-09-11 21:41:25,494 - INFO - evaluation dataset type: test
2025-09-11 21:41:25,519 - INFO - precision | micro: 0.930206; macro: 0.918091; score: [0.95798319 0.87301587 0.92327366]
2025-09-11 21:41:25,519 - INFO - recall    | micro: 0.950877; macro: 0.950177; score: [0.94214876 0.94827586 0.96010638]
2025-09-11 21:41:25,519 - INFO - f1        | micro: 0.940428; macro: 0.933474; score: [0.95       0.90909091 0.94132986]
2025-09-11 21:41:25,519 - INFO - ----------

# original transformer  epochs 100
2025-09-11 21:48:02,647 - INFO - ----------
2025-09-11 21:48:02,647 - INFO - evaluation dataset type: test
2025-09-11 21:48:02,671 - INFO - precision | micro: 0.919865; macro: 0.918098; score: [0.95316804 0.90756303 0.89356436]
2025-09-11 21:48:02,672 - INFO - recall    | micro: 0.953216; macro: 0.948103; score: [0.95316804 0.93103448 0.96010638]
2025-09-11 21:48:02,672 - INFO - f1        | micro: 0.936244; macro: 0.932653; score: [0.95316804 0.91914894 0.92564103]
2025-09-11 21:48:02,672 - INFO - ----------

# SEAttention  epochs 100

2025-09-11 21:44:24,353 - INFO - ----------
2025-09-11 21:44:24,353 - INFO - evaluation dataset type: test
2025-09-11 21:44:24,379 - INFO - precision | micro: 0.927438; macro: 0.918399; score: [0.94535519 0.88617886 0.92366412]
2025-09-11 21:44:24,379 - INFO - recall    | micro: 0.956725; macro: 0.952750; score: [0.95316804 0.93965517 0.96542553]
2025-09-11 21:44:24,379 - INFO - f1        | micro: 0.941854; macro: 0.935154; score: [0.94924554 0.91213389 0.94408322]
2025-09-11 21:44:24,379 - INFO - ----------



# dataset D 2025 CCF  

# window_size 17
# Holistic
2025-09-24 12:26:58,046 - INFO - ----------
2025-09-24 12:26:58,046 - INFO - evaluation dataset type: test
2025-09-24 12:26:58,076 - INFO - node    precision | micro: 0.571429; macro: 0.122265; score: [0.         0.         0.         0.         0.         0. 0.         0.63157895 0.53846154 0.54166667 0.         0. 0.         0.        ]
2025-09-24 12:26:58,076 - INFO - node    recall    | micro: 0.666667; macro: 0.146603; score: [0.         0.         0.         0.         0.         0. 0.         0.92307692 0.53846154 0.59090909 0.         0. 0.         0.        ]
2025-09-24 12:26:58,076 - INFO - node    f1        | micro: 0.615385; macro: 0.132406; score: [0.         0.         0.         0.         0.         0. 0.         0.75       0.53846154 0.56521739 0.         0. 0.         0.        ]
2025-09-24 12:26:58,109 - INFO - service precision | micro: 0.713287; macro: 0.610761; score: [1.         1.         0.71428571 0.875      0.66666667 0.625 0.5        0.         0.         0.         0.73333333 0.63636364 0.8        1.        ]
2025-09-24 12:26:58,109 - INFO - service recall    | micro: 0.910714; macro: 0.715537; score: [1.         1.         1.         1.         0.77777778 1. 0.92307692 0.         0.         0.         0.91666667 1. 0.8        0.6       ]
2025-09-24 12:26:58,110 - INFO - service f1        | micro: 0.800000; macro: 0.646078; score: [1.         1.         0.83333333 0.93333333 0.71794872 0.76923077 0.64864865 0.         0.         0.         0.81481481 0.77777778 0.8        0.75      ]
2025-09-24 12:26:58,126 - INFO - tidb    precision | micro: 0.000000; macro: 0.000000; score: [0. 0. 0. 0. 0. 0. 0. 0. 0. 0. 0. 0. 0. 0.]
2025-09-24 12:26:58,126 - INFO - tidb    recall    | micro: 0.000000; macro: 0.000000; score: [0. 0. 0. 0. 0. 0. 0. 0. 0. 0. 0. 0. 0. 0.]
2025-09-24 12:26:58,126 - INFO - tidb    f1        | micro: 0.000000; macro: 0.000000; score: [0. 0. 0. 0. 0. 0. 0. 0. 0. 0. 0. 0. 0. 0.]
2025-09-24 12:26:58,201 - INFO - pod     precision | micro: 0.571429; macro: 0.502768; score: [0.97058824 0.76744186 0.82758621 0.29473684 0.6875     0.55 0.46969697 0.         0.         0.         0.44578313 0.55319149 0.75       0.72222222]
2025-09-24 12:26:58,201 - INFO - pod     recall    | micro: 0.878553; macro: 0.688900; score: [1.         1.         1.         0.96551724 0.81481481 0.97777778 0.79487179 0.         0.         0.         0.88095238 0.89655172 0.79411765 0.52      ]
2025-09-24 12:26:58,201 - INFO - pod     f1        | micro: 0.692464; macro: 0.564521; score: [0.98507463 0.86842105 0.90566038 0.4516129  0.74576271 0.704 0.59047619 0.         0.         0.         0.592      0.68421053 0.77142857 0.60465116]
2025-09-24 12:26:58,201 - INFO - ----------
# window_size 17
# IncluRCA old data (no api)
2025-09-24 14:25:24,730 - INFO - ----------
2025-09-24 14:25:24,730 - INFO - evaluation dataset type: test
2025-09-24 14:25:24,759 - INFO - node    precision | micro: 0.568966; macro: 0.121325; score: [0.         0.         0.         0.         0.         0. 0.         0.6        0.53333333 0.56521739 0.         0. 0.         0.        ]
2025-09-24 14:25:24,760 - INFO - node    recall    | micro: 0.687500; macro: 0.152098; score: [0.         0.         0.         0.         0.         0. 0.         0.92307692 0.61538462 0.59090909 0.         0. 0.         0.        ]
2025-09-24 14:25:24,760 - INFO - node    f1        | micro: 0.622642; macro: 0.134034; score: [0.         0.         0.         0.         0.         0. 0.         0.72727273 0.57142857 0.57777778 0.         0. 0.         0.        ]
2025-09-24 14:25:24,793 - INFO - service precision | micro: 0.553763; macro: 0.577390; score: [1.         1.         0.55555556 0.875      0.47058824 0.3255814 0.2972973  0.         0.         0.         0.92307692 0.63636364 1.         1.        ]
2025-09-24 14:25:24,793 - INFO - service recall    | micro: 0.919643; macro: 0.719170; score: [1.         1.         1.         1.         0.88888889 0.93333333 0.84615385 0.         0.         0.         1.         1. 0.8        0.6       ]
2025-09-24 14:25:24,793 - INFO - service f1        | micro: 0.691275; macro: 0.611602; score: [1.         1.         0.71428571 0.93333333 0.61538462 0.48275862 0.44       0.         0.         0.         0.96       0.77777778 0.88888889 0.75      ]
2025-09-24 14:25:24,809 - INFO - tidb    precision | micro: 0.000000; macro: 0.000000; score: [0. 0. 0. 0. 0. 0. 0. 0. 0. 0. 0. 0. 0. 0.]
2025-09-24 14:25:24,810 - INFO - tidb    recall    | micro: 0.000000; macro: 0.000000; score: [0. 0. 0. 0. 0. 0. 0. 0. 0. 0. 0. 0. 0. 0.]
2025-09-24 14:25:24,810 - INFO - tidb    f1        | micro: 0.000000; macro: 0.000000; score: [0. 0. 0. 0. 0. 0. 0. 0. 0. 0. 0. 0. 0. 0.]
2025-09-24 14:25:24,885 - INFO - pod     precision | micro: 0.526555; macro: 0.495218; score: [1.         0.32673267 0.75       0.24528302 0.734375   0.43434343 0.52941176 0.         0.         0.         0.75       0.44067797 1.         0.72222222]
2025-09-24 14:25:24,885 - INFO - pod     recall    | micro: 0.896641; macro: 0.698914; score: [1.         1.         1.         0.89655172 0.87037037 0.95555556 0.92307692 0.         0.         0.         0.92857143 0.89655172 0.79411765 0.52      ]
2025-09-24 14:25:24,885 - INFO - pod     f1        | micro: 0.663480; macro: 0.550871; score: [1.         0.49253731 0.85714286 0.38518519 0.79661017 0.59722222 0.6728972  0.         0.         0.         0.82978723 0.59090909 0.8852459  0.60465116]
2025-09-24 14:25:24,885 - INFO - ----------
# IncluRCA new data (api)
2025-09-24 15:58:23,814 - INFO - ----------
2025-09-24 15:58:23,814 - INFO - evaluation dataset type: test
2025-09-24 15:58:23,844 - INFO - node    precision | micro: 0.717391; macro: 0.153480; score: [0.         0.         0.         0.         0.         0. 0.         0.66666667 0.61538462 0.86666667 0.         0. 0.         0.        ]
2025-09-24 15:58:23,844 - INFO - node    recall    | micro: 0.687500; macro: 0.152098; score: [0.         0.         0.         0.         0.         0. 0.         0.92307692 0.61538462 0.59090909 0.         0. 0.         0.        ]
2025-09-24 15:58:23,845 - INFO - node    f1        | micro: 0.702128; macro: 0.149449; score: [0.         0.         0.         0.         0.         0. 0.         0.77419355 0.61538462 0.7027027  0.         0. 0.         0.        ]
2025-09-24 15:58:23,879 - INFO - service precision | micro: 0.814516; macro: 0.674393; score: [1.         1.         0.625      0.875      0.93333333 0.58333333 0.64705882 0.         0.         0.         1.         0.77777778 1.         1.        ]
2025-09-24 15:58:23,880 - INFO - service recall    | micro: 0.901786; macro: 0.712424; score: [1.         1.         1.         1.         0.77777778 0.93333333 0.84615385 0.         0.         0.         0.91666667 1. 0.9        0.6       ]
2025-09-24 15:58:23,880 - INFO - service f1        | micro: 0.855932; macro: 0.680802; score: [1.         1.         0.76923077 0.93333333 0.84848485 0.71794872 0.73333333 0.         0.         0.         0.95652174 0.875 0.94736842 0.75      ]
2025-09-24 15:58:23,897 - INFO - tidb    precision | micro: 0.000000; macro: 0.000000; score: [0. 0. 0. 0. 0. 0. 0. 0. 0. 0. 0. 0. 0. 0.]
2025-09-24 15:58:23,897 - INFO - tidb    recall    | micro: 0.000000; macro: 0.000000; score: [0. 0. 0. 0. 0. 0. 0. 0. 0. 0. 0. 0. 0. 0.]
2025-09-24 15:58:23,898 - INFO - tidb    f1        | micro: 0.000000; macro: 0.000000; score: [0. 0. 0. 0. 0. 0. 0. 0. 0. 0. 0. 0. 0. 0.]
2025-09-24 15:58:23,975 - INFO - pod     precision | micro: 0.774049; macro: 0.630246; score: [0.97058824 0.94285714 0.75       0.77777778 0.80769231 0.57142857 0.67924528 0.         0.         0.         0.925      0.63414634 1.         0.76470588]
2025-09-24 15:58:23,975 - INFO - pod     recall    | micro: 0.894057; macro: 0.701715; score: [1.         1.         1.         0.96551724 0.77777778 0.97777778 0.92307692 0.         0.         0.         0.88095238 0.89655172 0.88235294 0.52      ]
2025-09-24 15:58:23,975 - INFO - pod     f1        | micro: 0.829736; macro: 0.655183; score: [0.98507463 0.97058824 0.85714286 0.86153846 0.79245283 0.72131148 0.7826087  0.         0.         0.         0.90243902 0.74285714 0.9375     0.61904762]
2025-09-24 15:58:23,975 - INFO - ----------


# window_size 15
# Holistic
2025-09-24 12:48:02,194 - INFO - ----------
2025-09-24 12:48:02,194 - INFO - evaluation dataset type: test
2025-09-24 12:48:02,223 - INFO - node    precision | micro: 0.546875; macro: 0.126871; score: [0.         0.         0.         0.         0.         0. 0.         0.66666667 0.34482759 0.76470588 0.         0. 0.         0.        ]
2025-09-24 12:48:02,223 - INFO - node    recall    | micro: 0.729167; macro: 0.163087; score: [0.         0.         0.         0.         0.         0. 0.         0.92307692 0.76923077 0.59090909 0.         0. 0.         0.        ]
2025-09-24 12:48:02,223 - INFO - node    f1        | micro: 0.625000; macro: 0.136932; score: [0.         0.         0.         0.         0.         0. 0.         0.77419355 0.47619048 0.66666667 0.         0. 0.         0.        ]
2025-09-24 12:48:02,256 - INFO - service precision | micro: 0.351536; macro: 0.396027; score: [0.90909091 0.38461538 1.         0.54545455 0.3902439  0.32608696 0.25       0.         0.         0.         0.66666667 0.35 0.66666667 0.05555556]
2025-09-24 12:48:02,257 - INFO - service recall    | micro: 0.919643; macro: 0.712812; score: [1.         1.         1.         0.85714286 0.88888889 1. 1.         0.         0.         0.         0.83333333 1. 0.8        0.6       ]
2025-09-24 12:48:02,257 - INFO - service f1        | micro: 0.508642; macro: 0.478358; score: [0.95238095 0.55555556 1.         0.66666667 0.54237288 0.49180328 0.4        0.         0.         0.         0.74074074 0.51851852 0.72727273 0.10169492]
2025-09-24 12:48:02,273 - INFO - tidb    precision | micro: 0.000000; macro: 0.000000; score: [0. 0. 0. 0. 0. 0. 0. 0. 0. 0. 0. 0. 0. 0.]
2025-09-24 12:48:02,273 - INFO - tidb    recall    | micro: 0.000000; macro: 0.000000; score: [0. 0. 0. 0. 0. 0. 0. 0. 0. 0. 0. 0. 0. 0.]
2025-09-24 12:48:02,273 - INFO - tidb    f1        | micro: 0.000000; macro: 0.000000; score: [0. 0. 0. 0. 0. 0. 0. 0. 0. 0. 0. 0. 0. 0.]
2025-09-24 12:48:02,349 - INFO - pod     precision | micro: 0.273376; macro: 0.314429; score: [0.48529412 0.20886076 0.92307692 0.35820896 0.52222222 0.32539683 0.3877551  0.         0.         0.         0.45945946 0.23275862 0.46153846 0.03743316]
2025-09-24 12:48:02,349 - INFO - pod     recall    | micro: 0.891473; macro: 0.697596; score: [1.         1.         1.         0.82758621 0.87037037 0.91111111 0.97435897 0.         0.         0.         0.80952381 0.93103448 0.88235294 0.56      ]
2025-09-24 12:48:02,349 - INFO - pod     f1        | micro: 0.418435; macro: 0.412923; score: [0.65346535 0.34554974 0.96       0.5        0.65277778 0.47953216 0.55474453 0.         0.         0.         0.5862069  0.37241379 0.60606061 0.07017544]
2025-09-24 12:48:02,349 - INFO - ----------
# window_size 15
# IncluRCA old data (no api)
2025-09-24 14:36:29,545 - INFO - ----------
2025-09-24 14:36:29,546 - INFO - evaluation dataset type: test
2025-09-24 14:36:29,574 - INFO - node    precision | micro: 0.557377; macro: 0.124107; score: [0.     0.     0.     0.     0.     0.     0.     0.6875 0.4    0.65 0.     0.     0.     0.    ]
2025-09-24 14:36:29,574 - INFO - node    recall    | micro: 0.708333; macro: 0.157592; score: [0.         0.         0.         0.         0.         0. 0.         0.84615385 0.76923077 0.59090909 0.         0. 0.         0.        ]
2025-09-24 14:36:29,575 - INFO - node    f1        | micro: 0.623853; macro: 0.135999; score: [0.         0.         0.         0.         0.         0. 0.         0.75862069 0.52631579 0.61904762 0.         0. 0.         0.        ]
2025-09-24 14:36:29,607 - INFO - service precision | micro: 0.744361; macro: 0.647692; score: [1.         1.         0.625      1.         0.63636364 0.54166667 0.57894737 0.         0.         0.         0.78571429 1. 0.9        1.        ]
2025-09-24 14:36:29,607 - INFO - service recall    | micro: 0.883929; macro: 0.697458; score: [1.         1.         1.         0.85714286 0.77777778 0.86666667 0.84615385 0.         0.         0.         0.91666667 1. 0.9        0.6       ]
2025-09-24 14:36:29,608 - INFO - service f1        | micro: 0.808163; macro: 0.660188; score: [1.         1.         0.76923077 0.92307692 0.7        0.66666667 0.6875     0.         0.         0.         0.84615385 1. 0.9        0.75      ]
2025-09-24 14:36:29,624 - INFO - tidb    precision | micro: 0.000000; macro: 0.000000; score: [0. 0. 0. 0. 0. 0. 0. 0. 0. 0. 0. 0. 0. 0.]
2025-09-24 14:36:29,624 - INFO - tidb    recall    | micro: 0.000000; macro: 0.000000; score: [0. 0. 0. 0. 0. 0. 0. 0. 0. 0. 0. 0. 0. 0.]
2025-09-24 14:36:29,624 - INFO - tidb    f1        | micro: 0.000000; macro: 0.000000; score: [0. 0. 0. 0. 0. 0. 0. 0. 0. 0. 0. 0. 0. 0.]
2025-09-24 14:36:29,698 - INFO - pod     precision | micro: 0.703320; macro: 0.583393; score: [1.         0.825      0.92307692 0.74285714 0.5942029  0.66129032 0.45205479 0.         0.         0.         0.74       0.7027027 0.84210526 0.68421053]
2025-09-24 14:36:29,698 - INFO - pod     recall    | micro: 0.875969; macro: 0.689411; score: [1.         1.         1.         0.89655172 0.75925926 0.91111111 0.84615385 0.         0.         0.         0.88095238 0.89655172 0.94117647 0.52      ]
2025-09-24 14:36:29,699 - INFO - pod     f1        | micro: 0.780207; macro: 0.626496; score: [1.         0.90410959 0.96       0.8125     0.66666667 0.76635514 0.58928571 0.         0.         0.         0.80434783 0.78787879 0.88888889 0.59090909]
2025-09-24 14:36:29,699 - INFO - ----------
# IncluRCA new data (api)
2025-09-24 16:13:07,797 - INFO - ----------
2025-09-24 16:13:07,797 - INFO - evaluation dataset type: test
2025-09-24 16:13:07,826 - INFO - node    precision | micro: 0.546875; macro: 0.124048; score: [0.         0.         0.         0.         0.         0. 0.         0.8        0.41666667 0.52       0.         0. 0.         0.        ]
2025-09-24 16:13:07,826 - INFO - node    recall    | micro: 0.729167; macro: 0.163087; score: [0.         0.         0.         0.         0.         0. 0.         0.92307692 0.76923077 0.59090909 0.         0. 0.         0.        ]
2025-09-24 16:13:07,826 - INFO - node    f1        | micro: 0.625000; macro: 0.139348; score: [0.         0.         0.         0.         0.         0. 0.         0.85714286 0.54054054 0.55319149 0.         0. 0.         0.        ]
2025-09-24 16:13:07,859 - INFO - service precision | micro: 0.490476; macro: 0.452473; score: [0.66666667 0.47619048 0.41666667 0.77777778 0.61538462 0.42424242 0.28205128 0.         0.         0.         0.76923077 0.31818182 0.58823529 1.        ]
2025-09-24 16:13:07,860 - INFO - service recall    | micro: 0.919643; macro: 0.721551; score: [1.         1.         1.         1.         0.88888889 0.93333333 0.84615385 0.         0.         0.         0.83333333 1. 1.         0.6       ]
2025-09-24 16:13:07,860 - INFO - service f1        | micro: 0.639752; macro: 0.529684; score: [0.8        0.64516129 0.58823529 0.875      0.72727273 0.58333333 0.42307692 0.         0.         0.         0.8        0.48275862 0.74074074 0.75      ]
2025-09-24 16:13:07,876 - INFO - tidb    precision | micro: 0.000000; macro: 0.000000; score: [0. 0. 0. 0. 0. 0. 0. 0. 0. 0. 0. 0. 0. 0.]
2025-09-24 16:13:07,876 - INFO - tidb    recall    | micro: 0.000000; macro: 0.000000; score: [0. 0. 0. 0. 0. 0. 0. 0. 0. 0. 0. 0. 0. 0.]
2025-09-24 16:13:07,876 - INFO - tidb    f1        | micro: 0.000000; macro: 0.000000; score: [0. 0. 0. 0. 0. 0. 0. 0. 0. 0. 0. 0. 0. 0.]
2025-09-24 16:13:07,951 - INFO - pod     precision | micro: 0.341393; macro: 0.377606; score: [0.94285714 0.30555556 0.68571429 0.25688073 0.67605634 0.13119534 0.32727273 0.         0.         0.         0.45333333 0.52 0.44594595 0.54166667]
2025-09-24 16:13:07,951 - INFO - pod     recall    | micro: 0.912145; macro: 0.712439; score: [1.         1.         1.         0.96551724 0.88888889 1. 0.92307692 0.         0.         0.         0.80952381 0.89655172 0.97058824 0.52      ]
2025-09-24 16:13:07,952 - INFO - pod     f1        | micro: 0.496833; macro: 0.465883; score: [0.97058824 0.46808511 0.81355932 0.4057971  0.768      0.23195876 0.48322148 0.         0.         0.         0.58119658 0.65822785 0.61111111 0.53061224]
2025-09-24 16:13:07,952 - INFO - ----------


# window_size 13
# Holistic
2025-09-24 13:08:39,895 - INFO - ----------
2025-09-24 13:08:39,895 - INFO - evaluation dataset type: test
2025-09-24 13:08:39,988 - INFO - node    precision | micro: 0.596154; macro: 0.130124; score: [0.         0.         0.         0.         0.         0. 0.         0.8        0.5        0.52173913 0.         0. 0.         0.        ]
2025-09-24 13:08:39,988 - INFO - node    recall    | micro: 0.645833; macro: 0.143357; score: [0.         0.         0.         0.         0.         0. 0.         0.92307692 0.53846154 0.54545455 0.         0. 0.         0.        ]
2025-09-24 13:08:39,988 - INFO - node    f1        | micro: 0.620000; macro: 0.136357; score: [0.         0.         0.         0.         0.         0. 0.         0.85714286 0.51851852 0.53333333 0.         0. 0.         0.        ]
2025-09-24 13:08:40,021 - INFO - service precision | micro: 0.638710; macro: 0.564816; score: [1.         0.52631579 0.71428571 1.         0.55555556 0.57894737 0.4137931  0.         0.         0.         0.92307692 0.54545455 0.9        0.75      ]
2025-09-24 13:08:40,021 - INFO - service recall    | micro: 0.883929; macro: 0.693145; score: [1.         1.         1.         0.85714286 0.83333333 0.73333333 0.92307692 0.         0.         0.         1.         0.85714286 0.9        0.6       ]
2025-09-24 13:08:40,022 - INFO - service f1        | micro: 0.741573; macro: 0.608897; score: [1.         0.68965517 0.83333333 0.92307692 0.66666667 0.64705882 0.57142857 0.         0.         0.         0.96       0.66666667 0.9        0.66666667]
2025-09-24 13:08:40,038 - INFO - tidb    precision | micro: 0.000000; macro: 0.000000; score: [0. 0. 0. 0. 0. 0. 0. 0. 0. 0. 0. 0. 0. 0.]
2025-09-24 13:08:40,038 - INFO - tidb    recall    | micro: 0.000000; macro: 0.000000; score: [0. 0. 0. 0. 0. 0. 0. 0. 0. 0. 0. 0. 0. 0.]
2025-09-24 13:08:40,038 - INFO - tidb    f1        | micro: 0.000000; macro: 0.000000; score: [0. 0. 0. 0. 0. 0. 0. 0. 0. 0. 0. 0. 0. 0.]
2025-09-24 13:08:40,113 - INFO - pod     precision | micro: 0.488201; macro: 0.444241; score: [0.94285714 0.31428571 1.         0.4893617  0.55813953 0.40963855 0.3956044  0.         0.         0.         0.49315068 0.31081081 0.78378378 0.52173913]
2025-09-24 13:08:40,113 - INFO - pod     recall    | micro: 0.855297; macro: 0.667415; score: [1.         1.         1.         0.79310345 0.88888889 0.75555556 0.92307692 0.         0.         0.         0.85714286 0.79310345 0.85294118 0.48      ]
2025-09-24 13:08:40,113 - INFO - pod     f1        | micro: 0.621596; macro: 0.515322; score: [0.97058824 0.47826087 1.         0.60526316 0.68571429 0.53125 0.55384615 0.         0.         0.         0.62608696 0.44660194 0.81690141 0.5       ]
2025-09-24 13:08:40,113 - INFO - ----------
# window_size 13
# IncluRCA old data (no api)
2025-09-24 14:47:38,460 - INFO - ----------
2025-09-24 14:47:38,460 - INFO - evaluation dataset type: test
2025-09-24 14:47:38,489 - INFO - node    precision | micro: 0.704545; macro: 0.153595; score: [0.         0.         0.         0.         0.         0. 0.         0.66666667 0.77777778 0.70588235 0.         0. 0.         0.        ]
2025-09-24 14:47:38,489 - INFO - node    recall    | micro: 0.645833; macro: 0.143357; score: [0.         0.         0.         0.         0.         0. 0.         0.92307692 0.53846154 0.54545455 0.         0. 0.         0.        ]
2025-09-24 14:47:38,489 - INFO - node    f1        | micro: 0.673913; macro: 0.144710; score: [0.         0.         0.         0.         0.         0. 0.         0.77419355 0.63636364 0.61538462 0.         0. 0.         0.        ]
2025-09-24 14:47:38,522 - INFO - service precision | micro: 0.740157; macro: 0.624150; score: [1.         1.         0.55555556 0.85714286 0.75       0.61111111 0.5        0.         0.         0.         0.71428571 0.75 1.         1.        ]
2025-09-24 14:47:38,522 - INFO - service recall    | micro: 0.839286; macro: 0.663108; score: [1.         1.         1.         0.85714286 0.83333333 0.73333333 0.76923077 0.         0.         0.         0.83333333 0.85714286 0.8        0.6       ]
2025-09-24 14:47:38,522 - INFO - service f1        | micro: 0.786611; macro: 0.631554; score: [1.         1.         0.71428571 0.85714286 0.78947368 0.66666667 0.60606061 0.         0.         0.         0.76923077 0.8 0.88888889 0.75      ]
2025-09-24 14:47:38,539 - INFO - tidb    precision | micro: 0.000000; macro: 0.000000; score: [0. 0. 0. 0. 0. 0. 0. 0. 0. 0. 0. 0. 0. 0.]
2025-09-24 14:47:38,539 - INFO - tidb    recall    | micro: 0.000000; macro: 0.000000; score: [0. 0. 0. 0. 0. 0. 0. 0. 0. 0. 0. 0. 0. 0.]
2025-09-24 14:47:38,539 - INFO - tidb    f1        | micro: 0.000000; macro: 0.000000; score: [0. 0. 0. 0. 0. 0. 0. 0. 0. 0. 0. 0. 0. 0.]
2025-09-24 14:47:38,614 - INFO - pod     precision | micro: 0.739229; macro: 0.602449; score: [1.         0.80487805 0.82758621 0.77142857 0.70769231 0.63636364 0.49180328 0.         0.         0.         0.75555556 0.82142857 0.93333333 0.68421053]
2025-09-24 14:47:38,614 - INFO - pod     recall    | micro: 0.842377; macro: 0.662575; score: [1.         1.         1.         0.93103448 0.85185185 0.77777778 0.76923077 0.         0.         0.         0.80952381 0.79310345 0.82352941 0.52      ]
2025-09-24 14:47:38,614 - INFO - pod     f1        | micro: 0.787440; macro: 0.626353; score: [1.         0.89189189 0.90566038 0.84375    0.77310924 0.7 0.6        0.         0.         0.         0.7816092  0.80701754 0.875      0.59090909]
2025-09-24 14:47:38,614 - INFO - ----------
# IncluRCA new data (api)
2025-09-24 16:27:15,798 - INFO - ----------
2025-09-24 16:27:15,799 - INFO - evaluation dataset type: test
2025-09-24 16:27:15,828 - INFO - node    precision | micro: 0.750000; macro: 0.165861; score: [0.         0.         0.         0.         0.         0. 0.         0.8        0.875      0.64705882 0.         0. 0.         0.        ]
2025-09-24 16:27:15,828 - INFO - node    recall    | micro: 0.625000; macro: 0.140110; score: [0.         0.         0.         0.         0.         0. 0.         0.92307692 0.53846154 0.5        0.         0. 0.         0.        ]
2025-09-24 16:27:15,828 - INFO - node    f1        | micro: 0.681818; macro: 0.149137; score: [0.         0.         0.         0.         0.         0. 0.         0.85714286 0.66666667 0.56410256 0.         0. 0.         0.        ]
2025-09-24 16:27:15,861 - INFO - service precision | micro: 0.805085; macro: 0.675256; score: [1.         1.         0.55555556 0.875      0.8125     0.63157895 0.57894737 0.         0.         0.         1.         1. 1.         1.        ]
2025-09-24 16:27:15,861 - INFO - service recall    | micro: 0.848214; macro: 0.675632; score: [1.         1.         1.         1.         0.72222222 0.8 0.84615385 0.         0.         0.         0.83333333 0.85714286 0.8        0.6       ]
2025-09-24 16:27:15,861 - INFO - service f1        | micro: 0.826087; macro: 0.662626; score: [1.         1.         0.71428571 0.93333333 0.76470588 0.70588235 0.6875     0.         0.         0.         0.90909091 0.92307692 0.88888889 0.75      ]
2025-09-24 16:27:15,878 - INFO - tidb    precision | micro: 0.000000; macro: 0.000000; score: [0. 0. 0. 0. 0. 0. 0. 0. 0. 0. 0. 0. 0. 0.]
2025-09-24 16:27:15,878 - INFO - tidb    recall    | micro: 0.000000; macro: 0.000000; score: [0. 0. 0. 0. 0. 0. 0. 0. 0. 0. 0. 0. 0. 0.]
2025-09-24 16:27:15,878 - INFO - tidb    f1        | micro: 0.000000; macro: 0.000000; score: [0. 0. 0. 0. 0. 0. 0. 0. 0. 0. 0. 0. 0. 0.]
2025-09-24 16:27:15,953 - INFO - pod     precision | micro: 0.711497; macro: 0.580411; score: [1.         0.97058824 0.8        0.62790698 0.77586207 0.55384615 0.47761194 0.         0.         0.         0.80952381 0.74193548 0.84848485 0.52      ]
2025-09-24 16:27:15,953 - INFO - pod     recall    | micro: 0.847545; macro: 0.666503; score: [1.         1.         1.         0.93103448 0.83333333 0.8 0.82051282 0.         0.         0.         0.80952381 0.79310345 0.82352941 0.52      ]
2025-09-24 16:27:15,953 - INFO - pod     f1        | micro: 0.773585; macro: 0.615562; score: [1.         0.98507463 0.88888889 0.75       0.80357143 0.65454545 0.60377358 0.         0.         0.         0.80952381 0.76666667 0.8358209  0.52      ]
2025-09-24 16:27:15,953 - INFO - ----------


# window_size 11
# Holistic
2025-09-24 13:29:08,017 - INFO - ----------
2025-09-24 13:29:08,017 - INFO - evaluation dataset type: test
2025-09-24 13:29:08,046 - INFO - node    precision | micro: 0.648148; macro: 0.139907; score: [0.         0.         0.         0.         0.         0. 0.         0.75       0.6        0.60869565 0.         0. 0.         0.        ]
2025-09-24 13:29:08,046 - INFO - node    recall    | micro: 0.729167; macro: 0.160839; score: [0.         0.         0.         0.         0.         0. 0.         0.92307692 0.69230769 0.63636364 0.         0. 0.         0.        ]
2025-09-24 13:29:08,046 - INFO - node    f1        | micro: 0.686275; macro: 0.149476; score: [0.         0.         0.         0.         0.         0. 0.         0.82758621 0.64285714 0.62222222 0.         0. 0.         0.        ]
2025-09-24 13:29:08,079 - INFO - service precision | micro: 0.666667; macro: 0.579201; score: [1.         0.69230769 0.83333333 0.83333333 0.57142857 0.59090909 0.5        0.         0.         0.         0.6875     0.5 0.9        1.        ]
2025-09-24 13:29:08,080 - INFO - service recall    | micro: 0.857143; macro: 0.662145; score: [1.         0.9        1.         0.71428571 0.88888889 0.86666667 0.76923077 0.         0.         0.         0.91666667 0.71428571 0.9        0.6       ]
2025-09-24 13:29:08,080 - INFO - service f1        | micro: 0.750000; macro: 0.606378; score: [1.         0.7826087  0.90909091 0.76923077 0.69565217 0.7027027 0.60606061 0.         0.         0.         0.78571429 0.58823529 0.9        0.75      ]
2025-09-24 13:29:08,096 - INFO - tidb    precision | micro: 0.000000; macro: 0.000000; score: [0. 0. 0. 0. 0. 0. 0. 0. 0. 0. 0. 0. 0. 0.]
2025-09-24 13:29:08,096 - INFO - tidb    recall    | micro: 0.000000; macro: 0.000000; score: [0. 0. 0. 0. 0. 0. 0. 0. 0. 0. 0. 0. 0. 0.]
2025-09-24 13:29:08,096 - INFO - tidb    f1        | micro: 0.000000; macro: 0.000000; score: [0. 0. 0. 0. 0. 0. 0. 0. 0. 0. 0. 0. 0. 0.]
2025-09-24 13:29:08,171 - INFO - pod     precision | micro: 0.621974; macro: 0.541456; score: [0.91666667 0.83783784 1.         0.89285714 0.55555556 0.57534247 0.44117647 0.         0.         0.         0.45348837 0.45652174 0.88571429 0.56521739]
2025-09-24 13:29:08,171 - INFO - pod     recall    | micro: 0.863049; macro: 0.672988; score: [1.         0.93939394 1.         0.86206897 0.83333333 0.93333333 0.76923077 0.         0.         0.         0.92857143 0.72413793 0.91176471 0.52      ]
2025-09-24 13:29:08,171 - INFO - pod     f1        | micro: 0.722944; macro: 0.590593; score: [0.95652174 0.88571429 1.         0.87719298 0.66666667 0.71186441 0.56074766 0.         0.         0.         0.609375   0.56 0.89855072 0.54166667]
2025-09-24 13:29:08,171 - INFO - ----------
# window_size 11
# IncluRCA old data (no api)
2025-09-24 14:58:46,206 - INFO - ----------
2025-09-24 14:58:46,206 - INFO - evaluation dataset type: test
2025-09-24 14:58:46,235 - INFO - node    precision | micro: 0.583333; macro: 0.132653; score: [0.         0.         0.         0.         0.         0. 0.         0.85714286 0.39130435 0.60869565 0.         0. 0.         0.        ]
2025-09-24 14:58:46,235 - INFO - node    recall    | micro: 0.729167; macro: 0.160839; score: [0.         0.         0.         0.         0.         0. 0.         0.92307692 0.69230769 0.63636364 0.         0. 0.         0.        ]
2025-09-24 14:58:46,236 - INFO - node    f1        | micro: 0.648148; macro: 0.143651; score: [0.         0.         0.         0.         0.         0. 0.         0.88888889 0.5        0.62222222 0.         0. 0.         0.        ]
2025-09-24 14:58:46,269 - INFO - service precision | micro: 0.682759; macro: 0.626109; score: [1.         1.         0.83333333 1.         0.71428571 0.42857143 0.40909091 0.         0.         0.         0.84615385 0.625 0.90909091 1.        ]
2025-09-24 14:58:46,269 - INFO - service recall    | micro: 0.883929; macro: 0.686695; score: [1.         1.         1.         0.85714286 0.83333333 1. 0.69230769 0.         0.         0.         0.91666667 0.71428571 1.         0.6       ]
2025-09-24 14:58:46,269 - INFO - service f1        | micro: 0.770428; macro: 0.640338; score: [1.         1.         0.90909091 0.92307692 0.76923077 0.6 0.51428571 0.         0.         0.         0.88       0.66666667 0.95238095 0.75      ]
2025-09-24 14:58:46,286 - INFO - tidb    precision | micro: 0.000000; macro: 0.000000; score: [0. 0. 0. 0. 0. 0. 0. 0. 0. 0. 0. 0. 0. 0.]
2025-09-24 14:58:46,286 - INFO - tidb    recall    | micro: 0.000000; macro: 0.000000; score: [0. 0. 0. 0. 0. 0. 0. 0. 0. 0. 0. 0. 0. 0.]
2025-09-24 14:58:46,286 - INFO - tidb    f1        | micro: 0.000000; macro: 0.000000; score: [0. 0. 0. 0. 0. 0. 0. 0. 0. 0. 0. 0. 0. 0.]
2025-09-24 14:58:46,361 - INFO - pod     precision | micro: 0.632959; macro: 0.524129; score: [1.         0.66       0.88888889 0.84375    0.72881356 0.52325581 0.42253521 0.         0.         0.         0.66666667 0.48888889 0.69565217 0.41935484]
2025-09-24 14:58:46,361 - INFO - pod     recall    | micro: 0.873385; macro: 0.683822; score: [1.         1.         1.         0.93103448 0.7962963  1. 0.76923077 0.         0.         0.         0.85714286 0.75862069 0.94117647 0.52      ]
2025-09-24 14:58:46,361 - INFO - pod     f1        | micro: 0.733985; macro: 0.587430; score: [1.         0.79518072 0.94117647 0.8852459  0.76106195 0.6870229 0.54545455 0.         0.         0.         0.75       0.59459459 0.8        0.46428571]
2025-09-24 14:58:46,361 - INFO - ----------
# IncluRCA new data (api)
2025-09-24 16:41:32,701 - INFO - ----------
2025-09-24 16:41:32,701 - INFO - evaluation dataset type: test
2025-09-24 16:41:32,730 - INFO - node    precision | micro: 0.625000; macro: 0.138822; score: [0.         0.         0.         0.         0.         0. 0.         0.85714286 0.45       0.63636364 0.         0. 0.         0.        ]
2025-09-24 16:41:32,731 - INFO - node    recall    | micro: 0.729167; macro: 0.160839; score: [0.         0.         0.         0.         0.         0. 0.         0.92307692 0.69230769 0.63636364 0.         0. 0.         0.        ]
2025-09-24 16:41:32,731 - INFO - node    f1        | micro: 0.673077; macro: 0.147908; score: [0.         0.         0.         0.         0.         0. 0.         0.88888889 0.54545455 0.63636364 0.         0. 0.         0.        ]
2025-09-24 16:41:32,764 - INFO - service precision | micro: 0.722628; macro: 0.635790; score: [1.         1.         0.71428571 1.         0.625      0.57692308 0.40909091 0.         0.         0.         0.91666667 1. 0.90909091 0.75      ]
2025-09-24 16:41:32,764 - INFO - service recall    | micro: 0.883929; macro: 0.686695; score: [1.         1.         1.         0.85714286 0.83333333 1. 0.69230769 0.         0.         0.         0.91666667 0.71428571 1.         0.6       ]
2025-09-24 16:41:32,764 - INFO - service f1        | micro: 0.795181; macro: 0.648981; score: [1.         1.         0.83333333 0.92307692 0.71428571 0.73170732 0.51428571 0.         0.         0.         0.91666667 0.83333333 0.95238095 0.66666667]
2025-09-24 16:41:32,781 - INFO - tidb    precision | micro: 0.000000; macro: 0.000000; score: [0. 0. 0. 0. 0. 0. 0. 0. 0. 0. 0. 0. 0. 0.]
2025-09-24 16:41:32,781 - INFO - tidb    recall    | micro: 0.000000; macro: 0.000000; score: [0. 0. 0. 0. 0. 0. 0. 0. 0. 0. 0. 0. 0. 0.]
2025-09-24 16:41:32,781 - INFO - tidb    f1        | micro: 0.000000; macro: 0.000000; score: [0. 0. 0. 0. 0. 0. 0. 0. 0. 0. 0. 0. 0. 0.]
2025-09-24 16:41:32,856 - INFO - pod     precision | micro: 0.661417; macro: 0.550739; score: [0.97058824 0.73333333 0.82758621 0.78787879 0.56410256 0.55555556 0.41176471 0.         0.         0.         0.80434783 0.71428571 0.75       0.59090909]
2025-09-24 16:41:32,856 - INFO - pod     recall    | micro: 0.868217; macro: 0.677894; score: [1.         1.         1.         0.89655172 0.81481481 1. 0.71794872 0.         0.         0.         0.88095238 0.68965517 0.97058824 0.52      ]
2025-09-24 16:41:32,856 - INFO - pod     f1        | micro: 0.750838; macro: 0.601566; score: [0.98507463 0.84615385 0.90566038 0.83870968 0.66666667 0.71428571 0.52336449 0.         0.         0.         0.84090909 0.70175439 0.84615385 0.55319149]
2025-09-24 16:41:32,856 - INFO - ----------


# window_size 9
# Holistic
2025-09-24 13:49:57,276 - INFO - ----------
2025-09-24 13:49:57,276 - INFO - evaluation dataset type: test
2025-09-24 13:49:57,305 - INFO - node    precision | micro: 0.666667; macro: 0.149872; score: [0.         0.         0.         0.         0.         0. 0.         0.85714286 0.42857143 0.8125     0.         0. 0.         0.        ]
2025-09-24 13:49:57,305 - INFO - node    recall    | micro: 0.708333; macro: 0.157592; score: [0.         0.         0.         0.         0.         0. 0.         0.92307692 0.69230769 0.59090909 0.         0. 0.         0.        ]
2025-09-24 13:49:57,305 - INFO - node    f1        | micro: 0.686869; macro: 0.150179; score: [0.         0.         0.         0.         0.         0. 0.         0.88888889 0.52941176 0.68421053 0.         0. 0.         0.        ]
2025-09-24 13:49:57,340 - INFO - service precision | micro: 0.535135; macro: 0.553883; score: [1.         1.         0.55555556 1.         0.43589744 0.38888889 0.31707317 0.         0.         0.         0.72727273 0.71428571 0.61538462 1.        ]
2025-09-24 13:49:57,340 - INFO - service recall    | micro: 0.883929; macro: 0.679705; score: [1.         1.         1.         0.85714286 0.94444444 0.93333333 1.         0.         0.         0.         0.66666667 0.71428571 0.8        0.6       ]
2025-09-24 13:49:57,340 - INFO - service f1        | micro: 0.666667; macro: 0.579996; score: [1.         1.         0.71428571 0.92307692 0.59649123 0.54901961 0.48148148 0.         0.         0.         0.69565217 0.71428571 0.69565217 0.75      ]
2025-09-24 13:49:57,357 - INFO - tidb    precision | micro: 0.000000; macro: 0.000000; score: [0. 0. 0. 0. 0. 0. 0. 0. 0. 0. 0. 0. 0. 0.]
2025-09-24 13:49:57,358 - INFO - tidb    recall    | micro: 0.000000; macro: 0.000000; score: [0. 0. 0. 0. 0. 0. 0. 0. 0. 0. 0. 0. 0. 0.]
2025-09-24 13:49:57,358 - INFO - tidb    f1        | micro: 0.000000; macro: 0.000000; score: [0. 0. 0. 0. 0. 0. 0. 0. 0. 0. 0. 0. 0. 0.]
2025-09-24 13:49:57,433 - INFO - pod     precision | micro: 0.463649; macro: 0.429663; score: [1.         0.76190476 0.88888889 0.36764706 0.40625    0.40776699 0.28787879 0.         0.         0.         0.43939394 0.4 0.62222222 0.43333333]
2025-09-24 13:49:57,433 - INFO - pod     recall    | micro: 0.873385; macro: 0.678218; score: [1.         0.96969697 1.         0.86206897 0.96296296 0.93333333 0.97435897 0.         0.         0.         0.69047619 0.75862069 0.82352941 0.52      ]
2025-09-24 13:49:57,433 - INFO - pod     f1        | micro: 0.605735; macro: 0.509703; score: [1.         0.85333333 0.94117647 0.51546392 0.57142857 0.56756757 0.44444444 0.         0.         0.         0.53703704 0.52380952 0.70886076 0.47272727]
2025-09-24 13:49:57,433 - INFO - ----------
# window_size 9
# IncluRCA old data (no api)
2025-09-24 15:10:10,188 - INFO - ----------
2025-09-24 15:10:10,188 - INFO - evaluation dataset type: test
2025-09-24 15:10:10,217 - INFO - node    precision | micro: 0.561404; macro: 0.128702; score: [0.         0.         0.         0.         0.         0. 0.         0.69230769 0.64285714 0.46666667 0.         0. 0.         0.        ]
2025-09-24 15:10:10,217 - INFO - node    recall    | micro: 0.666667; macro: 0.144356; score: [0.         0.         0.         0.         0.         0. 0.         0.69230769 0.69230769 0.63636364 0.         0. 0.         0.        ]
2025-09-24 15:10:10,217 - INFO - node    f1        | micro: 0.609524; macro: 0.135531; score: [0.         0.         0.         0.         0.         0. 0.         0.69230769 0.66666667 0.53846154 0.         0. 0.         0.        ]
2025-09-24 15:10:10,250 - INFO - service precision | micro: 0.671141; macro: 0.586351; score: [1.         0.66666667 0.625      0.53846154 0.69230769 0.60869565 0.44444444 0.         0.         0.         1.         0.83333333 0.8        1.        ]
2025-09-24 15:10:10,251 - INFO - service recall    | micro: 0.892857; macro: 0.688383; score: [1.         1.         1.         1.         1.         0.93333333 0.92307692 0.         0.         0.         0.66666667 0.71428571 0.8        0.6       ]
2025-09-24 15:10:10,251 - INFO - service f1        | micro: 0.766284; macro: 0.610249; score: [1.         0.8        0.76923077 0.7        0.81818182 0.73684211 0.6        0.         0.         0.         0.8        0.76923077 0.8        0.75      ]
2025-09-24 15:10:10,267 - INFO - tidb    precision | micro: 0.000000; macro: 0.000000; score: [0. 0. 0. 0. 0. 0. 0. 0. 0. 0. 0. 0. 0. 0.]
2025-09-24 15:10:10,268 - INFO - tidb    recall    | micro: 0.000000; macro: 0.000000; score: [0. 0. 0. 0. 0. 0. 0. 0. 0. 0. 0. 0. 0. 0.]
2025-09-24 15:10:10,268 - INFO - tidb    f1        | micro: 0.000000; macro: 0.000000; score: [0. 0. 0. 0. 0. 0. 0. 0. 0. 0. 0. 0. 0. 0.]
2025-09-24 15:10:10,347 - INFO - pod     precision | micro: 0.585492; macro: 0.518874; score: [1.         0.58181818 0.8        0.27       0.5862069  0.65625 0.45882353 0.         0.         0.         0.82857143 0.67741935 0.68292683 0.72222222]
2025-09-24 15:10:10,347 - INFO - pod     recall    | micro: 0.875969; macro: 0.681189; score: [1.         0.96969697 1.         0.93103448 0.94444444 0.93333333 1.         0.         0.         0.         0.69047619 0.72413793 0.82352941 0.52      ]
2025-09-24 15:10:10,347 - INFO - pod     f1        | micro: 0.701863; macro: 0.568744; score: [1.         0.72727273 0.88888889 0.41860465 0.72340426 0.7706422 0.62903226 0.         0.         0.         0.75324675 0.7 0.74666667 0.60465116]
2025-09-24 15:10:10,347 - INFO - ----------
# IncluRCA new data (api)
2025-09-24 16:55:54,473 - INFO - ----------
2025-09-24 16:55:54,473 - INFO - evaluation dataset type: test
2025-09-24 16:55:54,502 - INFO - node    precision | micro: 0.550000; macro: 0.134199; score: [0.         0.         0.         0.         0.         0. 0.         0.90909091 0.33333333 0.63636364 0.         0. 0.         0.        ]
2025-09-24 16:55:54,503 - INFO - node    recall    | micro: 0.687500; macro: 0.149850; score: [0.         0.         0.         0.         0.         0. 0.         0.76923077 0.69230769 0.63636364 0.         0. 0.         0.        ]
2025-09-24 16:55:54,503 - INFO - node    f1        | micro: 0.611111; macro: 0.137121; score: [0.         0.         0.         0.         0.         0. 0.         0.83333333 0.45       0.63636364 0.         0. 0.         0.        ]
2025-09-24 16:55:54,536 - INFO - service precision | micro: 0.753846; macro: 0.648487; score: [1.         0.90909091 0.625      0.75       0.78947368 0.63636364 0.48       0.         0.         0.         1.         1. 0.88888889 1.        ]
2025-09-24 16:55:54,536 - INFO - service recall    | micro: 0.875000; macro: 0.682431; score: [1.         1.         1.         0.85714286 0.83333333 0.93333333 0.92307692 0.         0.         0.         0.75       0.85714286 0.8        0.6       ]
2025-09-24 16:55:54,536 - INFO - service f1        | micro: 0.809917; macro: 0.649506; score: [1.         0.95238095 0.76923077 0.8        0.81081081 0.75675676 0.63157895 0.         0.         0.         0.85714286 0.92307692 0.84210526 0.75      ]
2025-09-24 16:55:54,553 - INFO - tidb    precision | micro: 0.000000; macro: 0.000000; score: [0. 0. 0. 0. 0. 0. 0. 0. 0. 0. 0. 0. 0. 0.]
2025-09-24 16:55:54,553 - INFO - tidb    recall    | micro: 0.000000; macro: 0.000000; score: [0. 0. 0. 0. 0. 0. 0. 0. 0. 0. 0. 0. 0. 0.]
2025-09-24 16:55:54,553 - INFO - tidb    f1        | micro: 0.000000; macro: 0.000000; score: [0. 0. 0. 0. 0. 0. 0. 0. 0. 0. 0. 0. 0. 0.]
2025-09-24 16:55:54,628 - INFO - pod     precision | micro: 0.691176; macro: 0.574463; score: [1.         0.68888889 0.8        0.75757576 0.67164179 0.53846154 0.5        0.         0.         0.         0.88235294 0.81481481 0.82352941 0.56521739]
2025-09-24 16:55:54,629 - INFO - pod     recall    | micro: 0.850129; macro: 0.664832; score: [1.         0.93939394 1.         0.86206897 0.83333333 0.93333333 0.92307692 0.         0.         0.         0.71428571 0.75862069 0.82352941 0.52      ]
2025-09-24 16:55:54,629 - INFO - pod     f1        | micro: 0.762457; macro: 0.607570; score: [1.         0.79487179 0.88888889 0.80645161 0.74380165 0.68292683 0.64864865 0.         0.         0.         0.78947368 0.78571429 0.82352941 0.54166667]
2025-09-24 16:55:54,629 - INFO - ----------


# window_size 7
# Holistic
2025-09-24 14:10:26,078 - INFO - ----------
2025-09-24 14:10:26,078 - INFO - evaluation dataset type: test
2025-09-24 14:10:26,107 - INFO - node    precision | micro: 0.435897; macro: 0.093341; score: [0.         0.         0.         0.         0.         0. 0.         0.46153846 0.41666667 0.42857143 0.         0. 0.         0.        ]
2025-09-24 14:10:26,107 - INFO - node    recall    | micro: 0.708333; macro: 0.159840; score: [0.         0.         0.         0.         0.         0. 0.         0.92307692 0.76923077 0.54545455 0.         0. 0.         0.        ]
2025-09-24 14:10:26,108 - INFO - node    f1        | micro: 0.539683; macro: 0.116852; score: [0.         0.         0.         0.         0.         0. 0.         0.61538462 0.54054054 0.48       0.         0. 0.         0.        ]
2025-09-24 14:10:26,141 - INFO - service precision | micro: 0.582857; macro: 0.558889; score: [1.         1.         0.5        0.7        0.48571429 0.37142857 0.37931034 0.         0.         0.         0.78571429 0.875 0.72727273 1.        ]
2025-09-24 14:10:26,141 - INFO - service recall    | micro: 0.910714; macro: 0.712424; score: [1.         1.         1.         1.         0.94444444 0.86666667 0.84615385 0.         0.         0.         0.91666667 1. 0.8        0.6       ]
2025-09-24 14:10:26,141 - INFO - service f1        | micro: 0.710801; macro: 0.604779; score: [1.         1.         0.66666667 0.82352941 0.64150943 0.52 0.52380952 0.         0.         0.         0.84615385 0.93333333 0.76190476 0.75      ]
2025-09-24 14:10:26,157 - INFO - tidb    precision | micro: 0.000000; macro: 0.000000; score: [0. 0. 0. 0. 0. 0. 0. 0. 0. 0. 0. 0. 0. 0.]
2025-09-24 14:10:26,158 - INFO - tidb    recall    | micro: 0.000000; macro: 0.000000; score: [0. 0. 0. 0. 0. 0. 0. 0. 0. 0. 0. 0. 0. 0.]
2025-09-24 14:10:26,158 - INFO - tidb    f1        | micro: 0.000000; macro: 0.000000; score: [0. 0. 0. 0. 0. 0. 0. 0. 0. 0. 0. 0. 0. 0.]
2025-09-24 14:10:26,235 - INFO - pod     precision | micro: 0.527132; macro: 0.465712; score: [0.94285714 0.73333333 0.96       0.50980392 0.48979592 0.35344828 0.36708861 0.         0.         0.         0.64912281 0.46296296 0.75609756 0.29545455]
2025-09-24 14:10:26,235 - INFO - pod     recall    | micro: 0.878553; macro: 0.686781; score: [1.         1.         1.         0.89655172 0.88888889 0.91111111 0.74358974 0.         0.         0.         0.88095238 0.86206897 0.91176471 0.52      ]
2025-09-24 14:10:26,235 - INFO - pod     f1        | micro: 0.658915; macro: 0.545151; score: [0.97058824 0.84615385 0.97959184 0.65       0.63157895 0.50931677 0.49152542 0.         0.         0.         0.74747475 0.60240964 0.82666667 0.37681159]
2025-09-24 14:10:26,235 - INFO - ----------
# window_size 7
# IncluRCA old data (no api)
2025-09-24 15:21:25,771 - INFO - ----------
2025-09-24 15:21:25,771 - INFO - evaluation dataset type: test
2025-09-24 15:21:25,800 - INFO - node    precision | micro: 0.485714; macro: 0.129580; score: [0.         0.         0.         0.         0.         0. 0.         1.         0.29411765 0.52       0.         0. 0.         0.        ]
2025-09-24 15:21:25,800 - INFO - node    recall    | micro: 0.708333; macro: 0.157592; score: [0.         0.         0.         0.         0.         0. 0.         0.84615385 0.76923077 0.59090909 0.         0. 0.         0.        ]
2025-09-24 15:21:25,800 - INFO - node    f1        | micro: 0.576271; macro: 0.135385; score: [0.         0.         0.         0.         0.         0. 0.         0.91666667 0.42553191 0.55319149 0.         0. 0.         0.        ]
2025-09-24 15:21:25,833 - INFO - service precision | micro: 0.703448; macro: 0.580147; score: [1.         0.76923077 0.5        0.41176471 0.65384615 0.86666667 0.52631579 0.         0.         0.         0.76923077 0.875 1.         0.75      ]
2025-09-24 15:21:25,834 - INFO - service recall    | micro: 0.910714; macro: 0.715263; score: [1.         1.         1.         1.         0.94444444 0.86666667 0.76923077 0.         0.         0.         0.83333333 1. 1.         0.6       ]
2025-09-24 15:21:25,834 - INFO - service f1        | micro: 0.793774; macro: 0.627426; score: [1.         0.86956522 0.66666667 0.58333333 0.77272727 0.86666667 0.625      0.         0.         0.         0.8        0.93333333 1.         0.66666667]
2025-09-24 15:21:25,850 - INFO - tidb    precision | micro: 0.000000; macro: 0.000000; score: [0. 0. 0. 0. 0. 0. 0. 0. 0. 0. 0. 0. 0. 0.]2025-09-24 15:21:25,850 - INFO - tidb    recall    | micro: 0.000000; macro: 0.000000; score: [0. 0. 0. 0. 0. 0. 0. 0. 0. 0. 0. 0. 0. 0.]2025-09-24 15:21:25,850 - INFO - tidb    f1        | micro: 0.000000; macro: 0.000000; score: [0. 0. 0. 0. 0. 0. 0. 0. 0. 0. 0. 0. 0. 0.]
2025-09-24 15:21:25,925 - INFO - pod     precision | micro: 0.595486; macro: 0.534384; score: [0.97058824 0.37931034 0.70588235 0.29032258 0.56470588 0.75438596 0.49206349 0.         0.         0.         0.85       0.8125 0.93939394 0.72222222]
2025-09-24 15:21:25,925 - INFO - pod     recall    | micro: 0.886305; macro: 0.693442; score: [1.         1.         1.         0.93103448 0.88888889 0.95555556 0.79487179 0.         0.         0.         0.80952381 0.89655172 0.91176471 0.52      ]
2025-09-24 15:21:25,925 - INFO - pod     f1        | micro: 0.712357; macro: 0.582762; score: [0.98507463 0.55       0.82758621 0.44262295 0.69064748 0.84313725 0.60784314 0.         0.         0.         0.82926829 0.85245902 0.92537313 0.60465116]
2025-09-24 15:21:25,925 - INFO - ----------
# IncluRCA new data (api)
2025-09-24 17:10:18,899 - INFO - ----------
2025-09-24 17:10:18,899 - INFO - evaluation dataset type: test
2025-09-24 17:10:18,929 - INFO - node    precision | micro: 0.434211; macro: 0.131094; score: [0.         0.         0.         0.         0.         0. 0.         0.91666667 0.21276596 0.70588235 0.         0. 0.         0.        ]
2025-09-24 17:10:18,929 - INFO - node    recall    | micro: 0.687500; macro: 0.154346; score: [0.         0.         0.         0.         0.         0. 0.         0.84615385 0.76923077 0.54545455 0.         0. 0.         0.        ]
2025-09-24 17:10:18,929 - INFO - node    f1        | micro: 0.532258; macro: 0.130623; score: [0.         0.         0.         0.         0.         0. 0.         0.88       0.33333333 0.61538462 0.         0. 0.         0.        ]
2025-09-24 17:10:18,964 - INFO - service precision | micro: 0.601190; macro: 0.570140; score: [0.90909091 1.         0.22727273 0.35       0.60714286 0.72222222 0.35714286 0.         0.         0.         0.90909091 1. 0.9        1.        ]
2025-09-24 17:10:18,964 - INFO - service recall    | micro: 0.901786; macro: 0.708120; score: [1.         1.         1.         1.         0.94444444 0.86666667 0.76923077 0.         0.         0.         0.83333333 1. 0.9        0.6       ]
2025-09-24 17:10:18,964 - INFO - service f1        | micro: 0.721429; macro: 0.598261; score: [0.95238095 1.         0.37037037 0.51851852 0.73913043 0.78787879 0.48780488 0.         0.         0.         0.86956522 1. 0.9        0.75      ]
2025-09-24 17:10:18,981 - INFO - tidb    precision | micro: 0.000000; macro: 0.000000; score: [0. 0. 0. 0. 0. 0. 0. 0. 0. 0. 0. 0. 0. 0.]
2025-09-24 17:10:18,981 - INFO - tidb    recall    | micro: 0.000000; macro: 0.000000; score: [0. 0. 0. 0. 0. 0. 0. 0. 0. 0. 0. 0. 0. 0.]
2025-09-24 17:10:18,981 - INFO - tidb    f1        | micro: 0.000000; macro: 0.000000; score: [0. 0. 0. 0. 0. 0. 0. 0. 0. 0. 0. 0. 0. 0.]
2025-09-24 17:10:19,057 - INFO - pod     precision | micro: 0.458498; macro: 0.442395; score: [0.97058824 0.40740741 0.4        0.1958042  0.45535714 0.4939759 0.31313131 0.         0.         0.         0.74       0.66666667 0.73809524 0.8125    ]
2025-09-24 17:10:19,057 - INFO - pod     recall    | micro: 0.899225; macro: 0.701801; score: [1.         1.         1.         0.96551724 0.94444444 0.91111111 0.79487179 0.         0.         0.         0.88095238 0.89655172 0.91176471 0.52      ]
2025-09-24 17:10:19,057 - INFO - pod     f1        | micro: 0.607330; macro: 0.513170; score: [0.98507463 0.57894737 0.57142857 0.3255814  0.61445783 0.640625 0.44927536 0.         0.         0.         0.80434783 0.76470588 0.81578947 0.63414634]
2025-09-24 17:10:19,057 - INFO - ----------





#--window_size 17
# IncluRCA
2025-09-24 18:42:14,104 - INFO - ----------
2025-09-24 18:42:14,104 - INFO - evaluation dataset type: test
2025-09-24 18:42:14,134 - INFO - node    precision | micro: 0.717391; macro: 0.153480; score: [0.         0.         0.         0.         0.         0. 0.         0.66666667 0.61538462 0.86666667 0.         0. 0.         0.        ]
2025-09-24 18:42:14,134 - INFO - node    recall    | micro: 0.687500; macro: 0.152098; score: [0.         0.         0.         0.         0.         0. 0.         0.92307692 0.61538462 0.59090909 0.         0. 0.         0.        ]
2025-09-24 18:42:14,134 - INFO - node    f1        | micro: 0.702128; macro: 0.149449; score: [0.         0.         0.         0.         0.         0. 0.         0.77419355 0.61538462 0.7027027  0.         0. 0.         0.        ]
2025-09-24 18:42:14,167 - INFO - service precision | micro: 0.814516; macro: 0.674393; score: [1.         1.         0.625      0.875      0.93333333 0.58333333 0.64705882 0.         0.         0.         1.         0.77777778 1.         1.        ]
2025-09-24 18:42:14,167 - INFO - service recall    | micro: 0.901786; macro: 0.712424; score: [1.         1.         1.         1.         0.77777778 0.93333333 0.84615385 0.         0.         0.         0.91666667 1. 0.9        0.6       ]
2025-09-24 18:42:14,167 - INFO - service f1        | micro: 0.855932; macro: 0.680802; score: [1.         1.         0.76923077 0.93333333 0.84848485 0.71794872 0.73333333 0.         0.         0.         0.95652174 0.875 0.94736842 0.75      ]
2025-09-24 18:42:14,184 - INFO - tidb    precision | micro: 0.000000; macro: 0.000000; score: [0. 0. 0. 0. 0. 0. 0. 0. 0. 0. 0. 0. 0. 0.]
2025-09-24 18:42:14,184 - INFO - tidb    recall    | micro: 0.000000; macro: 0.000000; score: [0. 0. 0. 0. 0. 0. 0. 0. 0. 0. 0. 0. 0. 0.]
2025-09-24 18:42:14,184 - INFO - tidb    f1        | micro: 0.000000; macro: 0.000000; score: [0. 0. 0. 0. 0. 0. 0. 0. 0. 0. 0. 0. 0. 0.]
2025-09-24 18:42:14,259 - INFO - pod     precision | micro: 0.774049; macro: 0.630246; score: [0.97058824 0.94285714 0.75       0.77777778 0.80769231 0.57142857 0.67924528 0.         0.         0.         0.925      0.63414634 1.         0.76470588]
2025-09-24 18:42:14,259 - INFO - pod     recall    | micro: 0.894057; macro: 0.701715; score: [1.         1.         1.         0.96551724 0.77777778 0.97777778 0.92307692 0.         0.         0.         0.88095238 0.89655172 0.88235294 0.52      ]
2025-09-24 18:42:14,260 - INFO - pod     f1        | micro: 0.829736; macro: 0.655183; score: [0.98507463 0.97058824 0.85714286 0.86153846 0.79245283 0.72131148 0.7826087  0.         0.         0.         0.90243902 0.74285714 0.9375     0.61904762]
2025-09-24 18:42:14,260 - INFO - ----------

2025-09-24 23:34:17,690 - INFO - ----------
2025-09-24 23:34:17,690 - INFO - evaluation
2025-09-24 23:34:17,690 - INFO - node     d1 | AC@1: 0.500000; AC@3: 0.541667; AC@5: 0.541667
2025-09-24 23:34:17,690 - INFO - node     d2 | AC@1: 0.187500; AC@3: 0.270833; AC@5: 0.416667
2025-09-24 23:34:17,690 - INFO - service  d1 | AC@1: 0.901786; AC@3: 0.910714; AC@5: 0.928571
2025-09-24 23:34:17,690 - INFO - service  d2 | AC@1: 0.339286; AC@3: 0.625000; AC@5: 0.758929
2025-09-24 23:34:17,690 - INFO - pod      d1 | AC@1: 0.627451; AC@3: 0.725490; AC@5: 0.823529
2025-09-24 23:34:17,690 - INFO - pod      d2 | AC@1: 0.117647; AC@3: 0.333333; AC@5: 0.509804
2025-09-24 23:34:17,690 - INFO - ----------

--window_size 17
# HolisticRCA

2025-09-25 08:10:02,457 - INFO - ----------
2025-09-25 08:10:02,457 - INFO - evaluation dataset type: test
2025-09-25 08:10:02,486 - INFO - node    precision | micro: 0.571429; macro: 0.122265; score: [0.         0.         0.         0.         0.         0. 0.         0.63157895 0.53846154 0.54166667 0.         0. 0.         0.        ]
2025-09-25 08:10:02,487 - INFO - node    recall    | micro: 0.666667; macro: 0.146603; score: [0.         0.         0.         0.         0.         0. 0.         0.92307692 0.53846154 0.59090909 0.         0. 0.         0.        ]
2025-09-25 08:10:02,487 - INFO - node    f1        | micro: 0.615385; macro: 0.132406; score: [0.         0.         0.         0.         0.         0. 0.         0.75       0.53846154 0.56521739 0.         0. 0.         0.        ]
2025-09-25 08:10:02,520 - INFO - service precision | micro: 0.713287; macro: 0.610761; score: [1.         1.         0.71428571 0.875      0.66666667 0.625 0.5        0.         0.         0.         0.73333333 0.63636364 0.8        1.        ]
2025-09-25 08:10:02,520 - INFO - service recall    | micro: 0.910714; macro: 0.715537; score: [1.         1.         1.         1.         0.77777778 1. 0.92307692 0.         0.         0.         0.91666667 1. 0.8        0.6       ]
2025-09-25 08:10:02,520 - INFO - service f1        | micro: 0.800000; macro: 0.646078; score: [1.         1.         0.83333333 0.93333333 0.71794872 0.76923077 0.64864865 0.         0.         0.         0.81481481 0.77777778 0.8        0.75      ]
2025-09-25 08:10:02,537 - INFO - tidb    precision | micro: 0.000000; macro: 0.000000; score: [0. 0. 0. 0. 0. 0. 0. 0. 0. 0. 0. 0. 0. 0.]
2025-09-25 08:10:02,537 - INFO - tidb    recall    | micro: 0.000000; macro: 0.000000; score: [0. 0. 0. 0. 0. 0. 0. 0. 0. 0. 0. 0. 0. 0.]
2025-09-25 08:10:02,537 - INFO - tidb    f1        | micro: 0.000000; macro: 0.000000; score: [0. 0. 0. 0. 0. 0. 0. 0. 0. 0. 0. 0. 0. 0.]
2025-09-25 08:10:02,612 - INFO - pod     precision | micro: 0.571429; macro: 0.502768; score: [0.97058824 0.76744186 0.82758621 0.29473684 0.6875     0.55 0.46969697 0.         0.         0.         0.44578313 0.55319149 0.75       0.72222222]
2025-09-25 08:10:02,612 - INFO - pod     recall    | micro: 0.878553; macro: 0.688900; score: [1.         1.         1.         0.96551724 0.81481481 0.97777778 0.79487179 0.         0.         0.         0.88095238 0.89655172 0.79411765 0.52      ]
2025-09-25 08:10:02,613 - INFO - pod     f1        | micro: 0.692464; macro: 0.564521; score: [0.98507463 0.86842105 0.90566038 0.4516129  0.74576271 0.704 0.59047619 0.         0.         0.         0.592      0.68421053 0.77142857 0.60465116]
2025-09-25 08:10:02,613 - INFO - ----------

2025-09-25 13:54:31,295 - INFO - ----------
2025-09-25 13:54:31,295 - INFO - evaluation
2025-09-25 13:54:31,295 - INFO - node     d1 | AC@1: 0.583333; AC@3: 0.625000; AC@5: 0.625000
2025-09-25 13:54:31,295 - INFO - node     d2 | AC@1: 0.166667; AC@3: 0.375000; AC@5: 0.479167
2025-09-25 13:54:31,295 - INFO - service  d1 | AC@1: 0.714286; AC@3: 0.794643; AC@5: 0.848214
2025-09-25 13:54:31,295 - INFO - service  d2 | AC@1: 0.232143; AC@3: 0.553571; AC@5: 0.669643
2025-09-25 13:54:31,295 - INFO - pod      d1 | AC@1: 0.627451; AC@3: 0.686275; AC@5: 0.764706
2025-09-25 13:54:31,295 - INFO - pod      d2 | AC@1: 0.313725; AC@3: 0.490196; AC@5: 0.509804
2025-09-25 13:54:31,295 - INFO - ----------