nohup: ignoring input
---Main Experiment---
---Main Experiment  a_rca_trainer---
# old data
# SEattention
# deterministic
begin----------------------------------------
Running: python ./HolisticRCA/trainer/a_rca_trainer.py   --model_path /root/shared-nvme/work/code/RCA/HolisticRCA/model/a/checkpoint/main.pt   --epochs 300   --orl_te_heads 2   --orl_te_layers 2   --orl_te_in_channels 256   --efi_in_dim 256   --efi_te_heads 4   --efi_te_layers 2   --efi_out_dim 256   --eff_in_dim 256   --eff_GAT_out_channels 128   --eff_GAT_heads 2   --batch_size 64   --eff_GAT_dropout 0.1           --GAT_name1 GATConv           --GAT_name2 GATConv           --activ_fun1 leaky_relu           --activ_fun2 leaky_relu
2025-09-04 19:57:31,767 - INFO - [0/300] | train_loss: 3.93648
2025-09-04 19:57:31,870 - INFO - ----------
2025-09-04 19:57:31,870 - INFO - evaluation dataset type: valid
2025-09-04 19:57:31,885 - INFO - node    precision | micro: 0.044444; macro: 0.044863; score: [0.04301075 0.06382979 0.         0.         0.02597403 0.13636364]
2025-09-04 19:57:31,885 - INFO - node    recall    | micro: 0.750000; macro: 0.633333; score: [0.8 1.  0.  0.  1.  1. ]
2025-09-04 19:57:31,886 - INFO - node    f1        | micro: 0.083916; macro: 0.082044; score: [0.08163265 0.12       0.         0.         0.05063291 0.24      ]
2025-09-04 19:57:31,903 - INFO - service precision | micro: 0.008016; macro: 0.075387; score: [0.00469484 0.         0.         0.16666667 0.         0.
 0.5        0.         0.00711744]
2025-09-04 19:57:31,903 - INFO - service recall    | micro: 0.333333; macro: 0.355556; score: [1.  0.  0.  0.2 0.  0.  1.  0.  1. ]
2025-09-04 19:57:31,903 - INFO - service f1        | micro: 0.015656; macro: 0.096885; score: [0.00934579 0.         0.         0.18181818 0.         0.
 0.66666667 0.         0.01413428]
2025-09-04 19:57:31,935 - INFO - pod     precision | micro: 0.007600; macro: 0.128265; score: [1.00000000e+00 0.00000000e+00 9.57854406e-03 2.23463687e-02
 1.70098478e-02 1.88205772e-03 9.52380952e-02 4.16666667e-04
 7.91666667e-03]
2025-09-04 19:57:31,935 - INFO - pod     recall    | micro: 0.543103; macro: 0.608190; score: [0.6        0.         0.25       0.19047619 0.82608696 0.75
 0.85714286 1.         1.        ]
2025-09-04 19:57:31,935 - INFO - pod     f1        | micro: 0.014989; macro: 0.114834; score: [0.75       0.         0.01845018 0.04       0.03333333 0.00375469
 0.17142857 0.00083299 0.01570897]
2025-09-04 19:57:31,935 - INFO - ----------
2025-09-04 19:57:33,197 - INFO - [1/300] | train_loss: 3.39938
2025-09-04 19:57:34,456 - INFO - [2/300] | train_loss: 2.79839
2025-09-04 19:57:35,737 - INFO - [3/300] | train_loss: 2.21385
2025-09-04 19:57:37,044 - INFO - [4/300] | train_loss: 1.70915
2025-09-04 19:57:38,343 - INFO - [5/300] | train_loss: 1.34435
2025-09-04 19:57:39,645 - INFO - [6/300] | train_loss: 1.05122
2025-09-04 19:57:40,961 - INFO - [7/300] | train_loss: 0.84135
2025-09-04 19:57:42,267 - INFO - [8/300] | train_loss: 0.73144
2025-09-04 19:57:43,569 - INFO - [9/300] | train_loss: 0.63224
2025-09-04 19:57:44,859 - INFO - [10/300] | train_loss: 0.52358
2025-09-04 19:57:44,961 - INFO - ----------
2025-09-04 19:57:44,961 - INFO - evaluation dataset type: valid
2025-09-04 19:57:44,976 - INFO - node    precision | micro: 0.294118; macro: 0.317460; score: [0.35714286 0.21428571 0.33333333 0.         0.4        0.6       ]
2025-09-04 19:57:44,977 - INFO - node    recall    | micro: 0.937500; macro: 0.777778; score: [1.         1.         0.66666667 0.         1.         1.        ]
2025-09-04 19:57:44,977 - INFO - node    f1        | micro: 0.447761; macro: 0.440855; score: [0.52631579 0.35294118 0.44444444 0.         0.57142857 0.75      ]
2025-09-04 19:57:44,993 - INFO - service precision | micro: 0.127660; macro: 0.185499; score: [0.5        0.2        0.03225806 0.28571429 0.15151515 0.
 0.16666667 0.         0.33333333]
2025-09-04 19:57:44,993 - INFO - service recall    | micro: 0.750000; macro: 0.655556; score: [1.  1.  0.5 0.4 1.  0.  1.  0.  1. ]
2025-09-04 19:57:44,993 - INFO - service f1        | micro: 0.218182; macro: 0.271424; score: [0.66666667 0.33333333 0.06060606 0.33333333 0.26315789 0.
 0.28571429 0.         0.5       ]
2025-09-04 19:57:45,021 - INFO - pod     precision | micro: 0.142446; macro: 0.175616; score: [0.33333333 0.25       0.07725322 0.15189873 0.15555556 0.
 0.19444444 0.02222222 0.39583333]
2025-09-04 19:57:45,021 - INFO - pod     recall    | micro: 0.853448; macro: 0.820497; score: [1.         1.         0.9        0.57142857 0.91304348 0.
 1.         1.         1.        ]
2025-09-04 19:57:45,021 - INFO - pod     f1        | micro: 0.244143; macro: 0.276038; score: [0.5        0.4        0.14229249 0.24       0.26582278 0.
 0.3255814  0.04347826 0.56716418]
2025-09-04 19:57:45,021 - INFO - ----------
2025-09-04 19:57:46,324 - INFO - [11/300] | train_loss: 0.53249
2025-09-04 19:57:47,624 - INFO - [12/300] | train_loss: 0.49735
2025-09-04 19:57:48,923 - INFO - [13/300] | train_loss: 0.43899
2025-09-04 19:57:50,218 - INFO - [14/300] | train_loss: 0.41429
2025-09-04 19:57:51,513 - INFO - [15/300] | train_loss: 0.42008
2025-09-04 19:57:52,814 - INFO - [16/300] | train_loss: 0.40912
2025-09-04 19:57:54,112 - INFO - [17/300] | train_loss: 0.35861
2025-09-04 19:57:55,416 - INFO - [18/300] | train_loss: 0.36602
2025-09-04 19:57:56,722 - INFO - [19/300] | train_loss: 0.37329
2025-09-04 19:57:58,018 - INFO - [20/300] | train_loss: 0.32275
2025-09-04 19:57:58,121 - INFO - ----------
2025-09-04 19:57:58,121 - INFO - evaluation dataset type: valid
2025-09-04 19:57:58,136 - INFO - node    precision | micro: 0.394737; macro: 0.420202; score: [0.45454545 0.25       0.66666667 0.         0.4        0.75      ]
2025-09-04 19:57:58,136 - INFO - node    recall    | micro: 0.937500; macro: 0.777778; score: [1.         1.         0.66666667 0.         1.         1.        ]
2025-09-04 19:57:58,136 - INFO - node    f1        | micro: 0.555556; macro: 0.520040; score: [0.625      0.4        0.66666667 0.         0.57142857 0.85714286]
2025-09-04 19:57:58,153 - INFO - service precision | micro: 0.136364; macro: 0.130568; score: [0.18181818 0.06666667 0.09090909 0.2        0.25       0.
 0.1        0.         0.28571429]
2025-09-04 19:57:58,153 - INFO - service recall    | micro: 0.625000; macro: 0.583333; score: [1.   1.   0.25 0.2  0.8  0.   1.   0.   1.  ]
2025-09-04 19:57:58,153 - INFO - service f1        | micro: 0.223881; macro: 0.197027; score: [0.30769231 0.125      0.13333333 0.2        0.38095238 0.
 0.18181818 0.         0.44444444]
2025-09-04 19:57:58,180 - INFO - pod     precision | micro: 0.180077; macro: 0.191371; score: [0.33333333 0.26190476 0.125      0.14444444 0.20212766 0.02439024
 0.21875    0.02941176 0.38297872]
2025-09-04 19:57:58,180 - INFO - pod     recall    | micro: 0.810345; macro: 0.815834; score: [1.         1.         0.7        0.61904762 0.82608696 0.25
 1.         1.         0.94736842]
2025-09-04 19:57:58,180 - INFO - pod     f1        | micro: 0.294671; macro: 0.299139; score: [0.5        0.41509434 0.21212121 0.23423423 0.32478632 0.04444444
 0.35897436 0.05714286 0.54545455]
2025-09-04 19:57:58,180 - INFO - ----------
2025-09-04 19:57:59,552 - INFO - [21/300] | train_loss: 0.29883
2025-09-04 19:58:00,855 - INFO - [22/300] | train_loss: 0.30611
2025-09-04 19:58:02,157 - INFO - [23/300] | train_loss: 0.26428
2025-09-04 19:58:03,470 - INFO - [24/300] | train_loss: 0.27097
2025-09-04 19:58:04,775 - INFO - [25/300] | train_loss: 0.25912
2025-09-04 19:58:06,096 - INFO - [26/300] | train_loss: 0.26803
2025-09-04 19:58:07,390 - INFO - [27/300] | train_loss: 0.23803
2025-09-04 19:58:08,688 - INFO - [28/300] | train_loss: 0.26984
2025-09-04 19:58:09,996 - INFO - [29/300] | train_loss: 0.21121
2025-09-04 19:58:11,302 - INFO - [30/300] | train_loss: 0.22651
2025-09-04 19:58:11,409 - INFO - ----------
2025-09-04 19:58:11,409 - INFO - evaluation dataset type: valid
2025-09-04 19:58:11,424 - INFO - node    precision | micro: 0.405405; macro: 0.391667; score: [0.5  0.3  0.4  0.   0.4  0.75]
2025-09-04 19:58:11,425 - INFO - node    recall    | micro: 0.937500; macro: 0.777778; score: [1.         1.         0.66666667 0.         1.         1.        ]
2025-09-04 19:58:11,425 - INFO - node    f1        | micro: 0.566038; macro: 0.509463; score: [0.66666667 0.46153846 0.5        0.         0.57142857 0.85714286]
2025-09-04 19:58:11,441 - INFO - service precision | micro: 0.250000; macro: 0.221202; score: [0.5        0.25       0.15384615 0.14285714 0.29411765 0.
 0.25       0.         0.4       ]
2025-09-04 19:58:11,441 - INFO - service recall    | micro: 0.625000; macro: 0.577778; score: [1.  1.  0.5 0.2 1.  0.  1.  0.  0.5]
2025-09-04 19:58:11,441 - INFO - service f1        | micro: 0.357143; macro: 0.307513; score: [0.66666667 0.4        0.23529412 0.16666667 0.45454545 0.
 0.4        0.         0.44444444]
2025-09-04 19:58:11,469 - INFO - pod     precision | micro: 0.179630; macro: 0.207939; score: [0.37037037 0.28947368 0.15116279 0.09868421 0.18965517 0.03703704
 0.22580645 0.03703704 0.47222222]
2025-09-04 19:58:11,469 - INFO - pod     recall    | micro: 0.836207; macro: 0.829505; score: [1.         1.         0.65       0.71428571 0.95652174 0.25
 1.         1.         0.89473684]
2025-09-04 19:58:11,469 - INFO - pod     f1        | micro: 0.295732; macro: 0.316368; score: [0.54054054 0.44897959 0.24528302 0.1734104  0.31654676 0.06451613
 0.36842105 0.07142857 0.61818182]
2025-09-04 19:58:11,469 - INFO - ----------
2025-09-04 19:58:12,767 - INFO - [31/300] | train_loss: 0.22120
2025-09-04 19:58:14,076 - INFO - [32/300] | train_loss: 0.20854
2025-09-04 19:58:15,376 - INFO - [33/300] | train_loss: 0.21510
2025-09-04 19:58:16,681 - INFO - [34/300] | train_loss: 0.19246
2025-09-04 19:58:17,984 - INFO - [35/300] | train_loss: 0.22167
2025-09-04 19:58:19,285 - INFO - [36/300] | train_loss: 0.17972
2025-09-04 19:58:20,591 - INFO - [37/300] | train_loss: 0.16080
2025-09-04 19:58:21,887 - INFO - [38/300] | train_loss: 0.15740
2025-09-04 19:58:23,179 - INFO - [39/300] | train_loss: 0.16742
2025-09-04 19:58:24,469 - INFO - [40/300] | train_loss: 0.16088
2025-09-04 19:58:24,575 - INFO - ----------
2025-09-04 19:58:24,575 - INFO - evaluation dataset type: valid
2025-09-04 19:58:24,590 - INFO - node    precision | micro: 0.518519; macro: 0.496230; score: [0.625      0.28571429 0.66666667 0.         0.4        1.        ]
2025-09-04 19:58:24,590 - INFO - node    recall    | micro: 0.875000; macro: 0.722222; score: [1.         0.66666667 0.66666667 0.         1.         1.        ]
2025-09-04 19:58:24,590 - INFO - node    f1        | micro: 0.651163; macro: 0.567888; score: [0.76923077 0.4        0.66666667 0.         0.57142857 1.        ]
2025-09-04 19:58:24,606 - INFO - service precision | micro: 0.236364; macro: 0.247795; score: [0.5        0.28571429 0.11111111 0.2        0.3        0.
 0.5        0.         0.33333333]
2025-09-04 19:58:24,606 - INFO - service recall    | micro: 0.541667; macro: 0.533333; score: [1.  1.  0.5 0.2 0.6 0.  1.  0.  0.5]
2025-09-04 19:58:24,607 - INFO - service f1        | micro: 0.329114; macro: 0.328844; score: [0.66666667 0.44444444 0.18181818 0.2        0.4        0.
 0.66666667 0.         0.4       ]
2025-09-04 19:58:24,634 - INFO - pod     precision | micro: 0.227160; macro: 0.262310; score: [0.52631579 0.33333333 0.11627907 0.18644068 0.25675676 0.
 0.29166667 0.05       0.6       ]
2025-09-04 19:58:24,634 - INFO - pod     recall    | micro: 0.793103; macro: 0.783029; score: [1.         1.         0.75       0.52380952 0.82608696 0.
 1.         1.         0.94736842]
2025-09-04 19:58:24,634 - INFO - pod     f1        | micro: 0.353167; macro: 0.371033; score: [0.68965517 0.5        0.20134228 0.275      0.39175258 0.
 0.4516129  0.0952381  0.73469388]
2025-09-04 19:58:24,634 - INFO - ----------
2025-09-04 19:58:25,937 - INFO - [41/300] | train_loss: 0.15084
2025-09-04 19:58:27,238 - INFO - [42/300] | train_loss: 0.15741
2025-09-04 19:58:28,578 - INFO - [43/300] | train_loss: 0.15565
2025-09-04 19:58:29,917 - INFO - [44/300] | train_loss: 0.15638
2025-09-04 19:58:31,241 - INFO - [45/300] | train_loss: 0.16073
2025-09-04 19:58:32,566 - INFO - [46/300] | train_loss: 0.13698
2025-09-04 19:58:33,886 - INFO - [47/300] | train_loss: 0.15297
2025-09-04 19:58:35,206 - INFO - [48/300] | train_loss: 0.14709
2025-09-04 19:58:36,527 - INFO - [49/300] | train_loss: 0.12389
2025-09-04 19:58:37,854 - INFO - [50/300] | train_loss: 0.14395
2025-09-04 19:58:37,961 - INFO - ----------
2025-09-04 19:58:37,961 - INFO - evaluation dataset type: valid
2025-09-04 19:58:37,977 - INFO - node    precision | micro: 0.500000; macro: 0.479167; score: [0.625 0.25  0.5   0.    0.5   1.   ]
2025-09-04 19:58:37,977 - INFO - node    recall    | micro: 0.875000; macro: 0.722222; score: [1.         0.66666667 0.66666667 0.         1.         1.        ]
2025-09-04 19:58:37,977 - INFO - node    f1        | micro: 0.636364; macro: 0.561827; score: [0.76923077 0.36363636 0.57142857 0.         0.66666667 1.        ]
2025-09-04 19:58:37,993 - INFO - service precision | micro: 0.282051; macro: 0.319978; score: [1.         0.22222222 0.09090909 0.33333333 0.5        0.
 0.33333333 0.         0.4       ]
2025-09-04 19:58:37,993 - INFO - service recall    | micro: 0.458333; macro: 0.483333; score: [1.   1.   0.25 0.2  0.4  0.   1.   0.   0.5 ]
2025-09-04 19:58:37,994 - INFO - service f1        | micro: 0.349206; macro: 0.348429; score: [1.         0.36363636 0.13333333 0.25       0.44444444 0.
 0.5        0.         0.44444444]
2025-09-04 19:58:38,021 - INFO - pod     precision | micro: 0.283912; macro: 0.338459; score: [0.90909091 0.35483871 0.14736842 0.24390244 0.35294118 0.05263158
 0.28       0.0625     0.64285714]
2025-09-04 19:58:38,021 - INFO - pod     recall    | micro: 0.775862; macro: 0.795130; score: [1.         1.         0.7        0.47619048 0.7826087  0.25
 1.         1.         0.94736842]
2025-09-04 19:58:38,021 - INFO - pod     f1        | micro: 0.415704; macro: 0.437422; score: [0.95238095 0.52380952 0.24347826 0.32258065 0.48648649 0.08695652
 0.4375     0.11764706 0.76595745]
2025-09-04 19:58:38,021 - INFO - ----------
2025-09-04 19:58:39,325 - INFO - [51/300] | train_loss: 0.12419
2025-09-04 19:58:40,627 - INFO - [52/300] | train_loss: 0.17008
2025-09-04 19:58:41,928 - INFO - [53/300] | train_loss: 0.16664
2025-09-04 19:58:43,227 - INFO - [54/300] | train_loss: 0.14058
2025-09-04 19:58:44,526 - INFO - [55/300] | train_loss: 0.13502
2025-09-04 19:58:45,838 - INFO - [56/300] | train_loss: 0.12195
2025-09-04 19:58:47,140 - INFO - [57/300] | train_loss: 0.11537
2025-09-04 19:58:48,476 - INFO - [58/300] | train_loss: 0.13654
2025-09-04 19:58:49,777 - INFO - [59/300] | train_loss: 0.10982
2025-09-04 19:58:51,084 - INFO - [60/300] | train_loss: 0.11299
2025-09-04 19:58:51,193 - INFO - ----------
2025-09-04 19:58:51,193 - INFO - evaluation dataset type: valid
2025-09-04 19:58:51,209 - INFO - node    precision | micro: 0.583333; macro: 0.576389; score: [0.625      0.33333333 1.         0.         0.5        1.        ]
2025-09-04 19:58:51,209 - INFO - node    recall    | micro: 0.875000; macro: 0.722222; score: [1.         0.66666667 0.66666667 0.         1.         1.        ]
2025-09-04 19:58:51,209 - INFO - node    f1        | micro: 0.700000; macro: 0.613390; score: [0.76923077 0.44444444 0.8        0.         0.66666667 1.        ]
2025-09-04 19:58:51,225 - INFO - service precision | micro: 0.437500; macro: 0.425926; score: [1.         0.33333333 0.25       0.5        0.5        0.
 0.5        0.         0.75      ]
2025-09-04 19:58:51,225 - INFO - service recall    | micro: 0.583333; macro: 0.561111; score: [1.   1.   0.5  0.2  0.6  0.   1.   0.   0.75]
2025-09-04 19:58:51,226 - INFO - service f1        | micro: 0.500000; macro: 0.453463; score: [1.         0.5        0.33333333 0.28571429 0.54545455 0.
 0.66666667 0.         0.75      ]
2025-09-04 19:58:51,253 - INFO - pod     precision | micro: 0.309160; macro: 0.335847; score: [0.90909091 0.31428571 0.16666667 0.19230769 0.36170213 0.
 0.33333333 0.06666667 0.67857143]
2025-09-04 19:58:51,254 - INFO - pod     recall    | micro: 0.698276; macro: 0.725247; score: [1.         1.         0.55       0.23809524 0.73913043 0.
 1.         1.         1.        ]
2025-09-04 19:58:51,254 - INFO - pod     f1        | micro: 0.428571; macro: 0.424272; score: [0.95238095 0.47826087 0.25581395 0.21276596 0.48571429 0.
 0.5        0.125      0.80851064]
2025-09-04 19:58:51,254 - INFO - ----------
2025-09-04 19:58:52,556 - INFO - [61/300] | train_loss: 0.10579
2025-09-04 19:58:53,861 - INFO - [62/300] | train_loss: 0.11699
2025-09-04 19:58:55,156 - INFO - [63/300] | train_loss: 0.11396
2025-09-04 19:58:56,463 - INFO - [64/300] | train_loss: 0.12089
2025-09-04 19:58:57,762 - INFO - [65/300] | train_loss: 0.12214
2025-09-04 19:58:59,062 - INFO - [66/300] | train_loss: 0.15194
2025-09-04 19:59:00,363 - INFO - [67/300] | train_loss: 0.10722
2025-09-04 19:59:01,675 - INFO - [68/300] | train_loss: 0.11040
2025-09-04 19:59:02,997 - INFO - [69/300] | train_loss: 0.09823
2025-09-04 19:59:04,303 - INFO - [70/300] | train_loss: 0.09854
2025-09-04 19:59:04,414 - INFO - ----------
2025-09-04 19:59:04,414 - INFO - evaluation dataset type: valid
2025-09-04 19:59:04,429 - INFO - node    precision | micro: 0.625000; macro: 0.604167; score: [0.625 0.5   1.    0.    0.5   1.   ]
2025-09-04 19:59:04,429 - INFO - node    recall    | micro: 0.937500; macro: 0.777778; score: [1.         1.         0.66666667 0.         1.         1.        ]
2025-09-04 19:59:04,430 - INFO - node    f1        | micro: 0.750000; macro: 0.650427; score: [0.76923077 0.66666667 0.8        0.         0.66666667 1.        ]
2025-09-04 19:59:04,446 - INFO - service precision | micro: 0.350000; macro: 0.375824; score: [1.         0.5        0.15384615 0.2        0.42857143 0.
 0.5        0.         0.6       ]
2025-09-04 19:59:04,446 - INFO - service recall    | micro: 0.583333; macro: 0.561111; score: [1.   1.   0.5  0.2  0.6  0.   1.   0.   0.75]
2025-09-04 19:59:04,446 - INFO - service f1        | micro: 0.437500; macro: 0.437255; score: [1.         0.66666667 0.23529412 0.2        0.5        0.
 0.66666667 0.         0.66666667]
2025-09-04 19:59:04,474 - INFO - pod     precision | micro: 0.332000; macro: 0.357769; score: [0.90909091 0.42307692 0.2        0.18867925 0.37209302 0.
 0.38888889 0.07142857 0.66666667]
2025-09-04 19:59:04,474 - INFO - pod     recall    | micro: 0.715517; macro: 0.735468; score: [1.         1.         0.5        0.47619048 0.69565217 0.
 1.         1.         0.94736842]
2025-09-04 19:59:04,474 - INFO - pod     f1        | micro: 0.453552; macro: 0.451528; score: [0.95238095 0.59459459 0.28571429 0.27027027 0.48484848 0.
 0.56       0.13333333 0.7826087 ]
2025-09-04 19:59:04,474 - INFO - ----------
2025-09-04 19:59:05,768 - INFO - [71/300] | train_loss: 0.09132
2025-09-04 19:59:07,074 - INFO - [72/300] | train_loss: 0.10701
2025-09-04 19:59:08,397 - INFO - [73/300] | train_loss: 0.08693
2025-09-04 19:59:09,693 - INFO - [74/300] | train_loss: 0.10549
2025-09-04 19:59:10,984 - INFO - [75/300] | train_loss: 0.09090
2025-09-04 19:59:12,291 - INFO - [76/300] | train_loss: 0.09503
2025-09-04 19:59:13,596 - INFO - [77/300] | train_loss: 0.07924
2025-09-04 19:59:14,907 - INFO - [78/300] | train_loss: 0.08573
2025-09-04 19:59:16,213 - INFO - [79/300] | train_loss: 0.10598
2025-09-04 19:59:17,511 - INFO - [80/300] | train_loss: 0.18835
2025-09-04 19:59:17,619 - INFO - ----------
2025-09-04 19:59:17,619 - INFO - evaluation dataset type: valid
2025-09-04 19:59:17,634 - INFO - node    precision | micro: 0.608696; macro: 0.546825; score: [0.71428571 0.4        0.66666667 0.         0.5        1.        ]
2025-09-04 19:59:17,634 - INFO - node    recall    | micro: 0.875000; macro: 0.722222; score: [1.         0.66666667 0.66666667 0.         1.         1.        ]
2025-09-04 19:59:17,634 - INFO - node    f1        | micro: 0.717949; macro: 0.611111; score: [0.83333333 0.5        0.66666667 0.         0.66666667 1.        ]
2025-09-04 19:59:17,650 - INFO - service precision | micro: 0.178571; macro: 0.190194; score: [0.13333333 0.1        0.2        0.2        0.8        0.
 0.09090909 0.         0.1875    ]
2025-09-04 19:59:17,650 - INFO - service recall    | micro: 0.625000; macro: 0.583333; score: [1.   1.   0.5  0.2  0.8  0.   1.   0.   0.75]
2025-09-04 19:59:17,650 - INFO - service f1        | micro: 0.277778; macro: 0.241055; score: [0.23529412 0.18181818 0.28571429 0.2        0.8        0.
 0.16666667 0.         0.3       ]
2025-09-04 19:59:17,677 - INFO - pod     precision | micro: 0.275510; macro: 0.300063; score: [0.55555556 0.5        0.1122449  0.11627907 0.45945946 0.
 0.30434783 0.07692308 0.57575758]
2025-09-04 19:59:17,678 - INFO - pod     recall    | micro: 0.698276; macro: 0.725247; score: [1.         1.         0.55       0.23809524 0.73913043 0.
 1.         1.         1.        ]
2025-09-04 19:59:17,678 - INFO - pod     f1        | micro: 0.395122; macro: 0.403400; score: [0.71428571 0.66666667 0.18644068 0.15625    0.56666667 0.
 0.46666667 0.14285714 0.73076923]
2025-09-04 19:59:17,678 - INFO - ----------
2025-09-04 19:59:19,000 - INFO - [81/300] | train_loss: 0.17418
2025-09-04 19:59:20,303 - INFO - [82/300] | train_loss: 0.22349
2025-09-04 19:59:21,599 - INFO - [83/300] | train_loss: 0.17467
2025-09-04 19:59:22,897 - INFO - [84/300] | train_loss: 0.16141
2025-09-04 19:59:24,190 - INFO - [85/300] | train_loss: 0.14040
2025-09-04 19:59:25,484 - INFO - [86/300] | train_loss: 0.12946
2025-09-04 19:59:26,780 - INFO - [87/300] | train_loss: 0.13311
2025-09-04 19:59:28,078 - INFO - [88/300] | train_loss: 0.12778
2025-09-04 19:59:29,386 - INFO - [89/300] | train_loss: 0.11669
2025-09-04 19:59:30,681 - INFO - [90/300] | train_loss: 0.10793
2025-09-04 19:59:30,782 - INFO - ----------
2025-09-04 19:59:30,782 - INFO - evaluation dataset type: valid
2025-09-04 19:59:30,798 - INFO - node    precision | micro: 0.608696; macro: 0.602381; score: [0.71428571 0.4        1.         0.         0.5        1.        ]
2025-09-04 19:59:30,798 - INFO - node    recall    | micro: 0.875000; macro: 0.722222; score: [1.         0.66666667 0.66666667 0.         1.         1.        ]
2025-09-04 19:59:30,798 - INFO - node    f1        | micro: 0.717949; macro: 0.633333; score: [0.83333333 0.5        0.8        0.         0.66666667 1.        ]
2025-09-04 19:59:30,814 - INFO - service precision | micro: 0.388889; macro: 0.387743; score: [0.66666667 0.28571429 0.2        0.14285714 0.75       0.
 1.         0.         0.44444444]
2025-09-04 19:59:30,814 - INFO - service recall    | micro: 0.583333; macro: 0.561111; score: [1.   1.   0.25 0.2  0.6  0.   1.   0.   1.  ]
2025-09-04 19:59:30,814 - INFO - service f1        | micro: 0.466667; macro: 0.435043; score: [0.8        0.44444444 0.22222222 0.16666667 0.66666667 0.
 1.         0.         0.61538462]
2025-09-04 19:59:30,841 - INFO - pod     precision | micro: 0.321285; macro: 0.343654; score: [0.90909091 0.36666667 0.21428571 0.15151515 0.41666667 0.
 0.35       0.09090909 0.59375   ]
2025-09-04 19:59:30,841 - INFO - pod     recall    | micro: 0.689655; macro: 0.721141; score: [1.         1.         0.6        0.23809524 0.65217391 0.
 1.         1.         1.        ]
2025-09-04 19:59:30,842 - INFO - pod     f1        | micro: 0.438356; macro: 0.436522; score: [0.95238095 0.53658537 0.31578947 0.18518519 0.50847458 0.
 0.51851852 0.16666667 0.74509804]
2025-09-04 19:59:30,842 - INFO - ----------
2025-09-04 19:59:32,121 - INFO - [91/300] | train_loss: 0.09867
2025-09-04 19:59:33,419 - INFO - [92/300] | train_loss: 0.11023
2025-09-04 19:59:34,710 - INFO - [93/300] | train_loss: 0.10867
2025-09-04 19:59:36,006 - INFO - [94/300] | train_loss: 0.09223
2025-09-04 19:59:37,319 - INFO - [95/300] | train_loss: 0.09029
2025-09-04 19:59:38,620 - INFO - [96/300] | train_loss: 0.09554
2025-09-04 19:59:39,913 - INFO - [97/300] | train_loss: 0.08984
2025-09-04 19:59:41,212 - INFO - [98/300] | train_loss: 0.08458
2025-09-04 19:59:42,530 - INFO - [99/300] | train_loss: 0.09214
2025-09-04 19:59:43,831 - INFO - [100/300] | train_loss: 0.07502
2025-09-04 19:59:43,937 - INFO - ----------
2025-09-04 19:59:43,937 - INFO - evaluation dataset type: valid
2025-09-04 19:59:43,952 - INFO - node    precision | micro: 0.560000; macro: 0.507937; score: [0.71428571 0.33333333 0.5        0.         0.5        1.        ]
2025-09-04 19:59:43,952 - INFO - node    recall    | micro: 0.875000; macro: 0.722222; score: [1.         0.66666667 0.66666667 0.         1.         1.        ]
2025-09-04 19:59:43,952 - INFO - node    f1        | micro: 0.682927; macro: 0.585979; score: [0.83333333 0.44444444 0.57142857 0.         0.66666667 1.        ]
2025-09-04 19:59:43,968 - INFO - service precision | micro: 0.500000; macro: 0.475926; score: [1.         0.5        0.25       0.2        0.66666667 0.
 1.         0.         0.66666667]
2025-09-04 19:59:43,968 - INFO - service recall    | micro: 0.458333; macro: 0.483333; score: [1.   1.   0.25 0.2  0.4  0.   1.   0.   0.5 ]
2025-09-04 19:59:43,969 - INFO - service f1        | micro: 0.478261; macro: 0.465344; score: [1.         0.66666667 0.25       0.2        0.5        0.
 1.         0.         0.57142857]
2025-09-04 19:59:43,995 - INFO - pod     precision | micro: 0.380734; macro: 0.405929; score: [0.90909091 0.5        0.26086957 0.20454545 0.38461538 0.
 0.58333333 0.09090909 0.72      ]
2025-09-04 19:59:43,995 - INFO - pod     recall    | micro: 0.715517; macro: 0.736457; score: [1.         1.         0.6        0.42857143 0.65217391 0.
 1.         1.         0.94736842]
2025-09-04 19:59:43,996 - INFO - pod     f1        | micro: 0.497006; macro: 0.496130; score: [0.95238095 0.66666667 0.36363636 0.27692308 0.48387097 0.
 0.73684211 0.16666667 0.81818182]
2025-09-04 19:59:43,996 - INFO - ----------
2025-09-04 19:59:45,294 - INFO - [101/300] | train_loss: 0.08762
2025-09-04 19:59:46,598 - INFO - [102/300] | train_loss: 0.06596
2025-09-04 19:59:47,895 - INFO - [103/300] | train_loss: 0.08001
2025-09-04 19:59:49,194 - INFO - [104/300] | train_loss: 0.06753
2025-09-04 19:59:50,488 - INFO - [105/300] | train_loss: 0.08559
2025-09-04 19:59:51,784 - INFO - [106/300] | train_loss: 0.06173
2025-09-04 19:59:53,128 - INFO - [107/300] | train_loss: 0.07514
2025-09-04 19:59:54,423 - INFO - [108/300] | train_loss: 0.08610
2025-09-04 19:59:55,721 - INFO - [109/300] | train_loss: 0.07311
2025-09-04 19:59:57,011 - INFO - [110/300] | train_loss: 0.08851
2025-09-04 19:59:57,114 - INFO - ----------
2025-09-04 19:59:57,114 - INFO - evaluation dataset type: valid
2025-09-04 19:59:57,129 - INFO - node    precision | micro: 0.666667; macro: 0.630159; score: [0.71428571 0.4        1.         0.         0.66666667 1.        ]
2025-09-04 19:59:57,129 - INFO - node    recall    | micro: 0.875000; macro: 0.722222; score: [1.         0.66666667 0.66666667 0.         1.         1.        ]
2025-09-04 19:59:57,129 - INFO - node    f1        | micro: 0.756757; macro: 0.655556; score: [0.83333333 0.5        0.8        0.         0.8        1.        ]
2025-09-04 19:59:57,145 - INFO - service precision | micro: 0.317073; macro: 0.376993; score: [0.66666667 0.28571429 0.33333333 0.07692308 0.36363636 0.
 1.         0.         0.66666667]
2025-09-04 19:59:57,145 - INFO - service recall    | micro: 0.541667; macro: 0.527778; score: [1.   1.   0.25 0.2  0.8  0.   1.   0.   0.5 ]
2025-09-04 19:59:57,146 - INFO - service f1        | micro: 0.400000; macro: 0.412522; score: [0.8        0.44444444 0.28571429 0.11111111 0.5        0.
 1.         0.         0.57142857]
2025-09-04 19:59:57,172 - INFO - pod     precision | micro: 0.386364; macro: 0.421523; score: [0.90909091 0.64705882 0.29032258 0.16981132 0.36538462 0.
 0.58333333 0.125      0.7037037 ]
2025-09-04 19:59:57,173 - INFO - pod     recall    | micro: 0.732759; macro: 0.744962; score: [1.         1.         0.45       0.42857143 0.82608696 0.
 1.         1.         1.        ]
2025-09-04 19:59:57,173 - INFO - pod     f1        | micro: 0.505952; macro: 0.514011; score: [0.95238095 0.78571429 0.35294118 0.24324324 0.50666667 0.
 0.73684211 0.22222222 0.82608696]
2025-09-04 19:59:57,173 - INFO - ----------
2025-09-04 19:59:58,477 - INFO - [111/300] | train_loss: 0.10772
2025-09-04 19:59:59,831 - INFO - [112/300] | train_loss: 0.09399
2025-09-04 20:00:01,148 - INFO - [113/300] | train_loss: 0.07811
2025-09-04 20:00:02,451 - INFO - [114/300] | train_loss: 0.06493
2025-09-04 20:00:03,742 - INFO - [115/300] | train_loss: 0.07732
2025-09-04 20:00:05,050 - INFO - [116/300] | train_loss: 0.09013
2025-09-04 20:00:06,372 - INFO - [117/300] | train_loss: 0.06077
2025-09-04 20:00:07,674 - INFO - [118/300] | train_loss: 0.07593
2025-09-04 20:00:08,961 - INFO - [119/300] | train_loss: 0.07046
2025-09-04 20:00:10,271 - INFO - [120/300] | train_loss: 0.09449
2025-09-04 20:00:10,379 - INFO - ----------
2025-09-04 20:00:10,379 - INFO - evaluation dataset type: valid
2025-09-04 20:00:10,395 - INFO - node    precision | micro: 0.666667; macro: 0.630159; score: [0.71428571 0.4        1.         0.         0.66666667 1.        ]
2025-09-04 20:00:10,395 - INFO - node    recall    | micro: 0.875000; macro: 0.722222; score: [1.         0.66666667 0.66666667 0.         1.         1.        ]
2025-09-04 20:00:10,395 - INFO - node    f1        | micro: 0.756757; macro: 0.655556; score: [0.83333333 0.5        0.8        0.         0.8        1.        ]
2025-09-04 20:00:10,411 - INFO - service precision | micro: 0.448276; macro: 0.446296; score: [1.         0.4        0.16666667 0.2        0.75       0.
 1.         0.         0.5       ]
2025-09-04 20:00:10,411 - INFO - service recall    | micro: 0.541667; macro: 0.533333; score: [1.   1.   0.25 0.2  0.6  0.   1.   0.   0.75]
2025-09-04 20:00:10,412 - INFO - service f1        | micro: 0.490566; macro: 0.470899; score: [1.         0.57142857 0.2        0.2        0.66666667 0.
 1.         0.         0.6       ]
2025-09-04 20:00:10,439 - INFO - pod     precision | micro: 0.386792; macro: 0.409005; score: [0.90909091 0.55       0.23529412 0.17142857 0.45945946 0.
 0.53846154 0.125      0.69230769]
2025-09-04 20:00:10,439 - INFO - pod     recall    | micro: 0.706897; macro: 0.730246; score: [1.         1.         0.6        0.28571429 0.73913043 0.
 1.         1.         0.94736842]
2025-09-04 20:00:10,439 - INFO - pod     f1        | micro: 0.500000; macro: 0.500362; score: [0.95238095 0.70967742 0.33802817 0.21428571 0.56666667 0.
 0.7        0.22222222 0.8       ]
2025-09-04 20:00:10,439 - INFO - ----------
2025-09-04 20:00:11,739 - INFO - [121/300] | train_loss: 0.07317
2025-09-04 20:00:13,044 - INFO - [122/300] | train_loss: 0.06781
2025-09-04 20:00:14,345 - INFO - [123/300] | train_loss: 0.07876
2025-09-04 20:00:15,642 - INFO - [124/300] | train_loss: 0.08382
2025-09-04 20:00:16,942 - INFO - [125/300] | train_loss: 0.05600
2025-09-04 20:00:18,235 - INFO - [126/300] | train_loss: 0.07791
2025-09-04 20:00:19,541 - INFO - [127/300] | train_loss: 0.08387
2025-09-04 20:00:20,839 - INFO - [128/300] | train_loss: 0.07231
2025-09-04 20:00:22,172 - INFO - [129/300] | train_loss: 0.06316
2025-09-04 20:00:23,489 - INFO - [130/300] | train_loss: 0.06260
2025-09-04 20:00:23,596 - INFO - ----------
2025-09-04 20:00:23,596 - INFO - evaluation dataset type: valid
2025-09-04 20:00:23,612 - INFO - node    precision | micro: 0.700000; macro: 0.646825; score: [0.71428571 0.5        1.         0.         0.66666667 1.        ]
2025-09-04 20:00:23,612 - INFO - node    recall    | micro: 0.875000; macro: 0.722222; score: [1.         0.66666667 0.66666667 0.         1.         1.        ]
2025-09-04 20:00:23,612 - INFO - node    f1        | micro: 0.777778; macro: 0.667460; score: [0.83333333 0.57142857 0.8        0.         0.8        1.        ]
2025-09-04 20:00:23,628 - INFO - service precision | micro: 0.550000; macro: 0.531481; score: [1.         0.66666667 0.2        0.25       1.         0.
 1.         0.         0.66666667]
2025-09-04 20:00:23,629 - INFO - service recall    | micro: 0.458333; macro: 0.483333; score: [1.   1.   0.25 0.2  0.4  0.   1.   0.   0.5 ]
2025-09-04 20:00:23,629 - INFO - service f1        | micro: 0.500000; macro: 0.487478; score: [1.         0.8        0.22222222 0.22222222 0.57142857 0.
 1.         0.         0.57142857]
2025-09-04 20:00:23,655 - INFO - pod     precision | micro: 0.436842; macro: 0.433829; score: [0.90909091 0.55       0.23728814 0.2173913  0.5483871  0.
 0.58333333 0.16666667 0.69230769]
2025-09-04 20:00:23,655 - INFO - pod     recall    | micro: 0.715517; macro: 0.736066; score: [1.         1.         0.7        0.23809524 0.73913043 0.
 1.         1.         0.94736842]
2025-09-04 20:00:23,656 - INFO - pod     f1        | micro: 0.542484; macro: 0.521772; score: [0.95238095 0.70967742 0.35443038 0.22727273 0.62962963 0.
 0.73684211 0.28571429 0.8       ]
2025-09-04 20:00:23,656 - INFO - ----------
2025-09-04 20:00:24,960 - INFO - [131/300] | train_loss: 0.07160
2025-09-04 20:00:26,262 - INFO - [132/300] | train_loss: 0.06529
2025-09-04 20:00:27,562 - INFO - [133/300] | train_loss: 0.07178
2025-09-04 20:00:28,864 - INFO - [134/300] | train_loss: 0.06167
2025-09-04 20:00:30,170 - INFO - [135/300] | train_loss: 0.06730
2025-09-04 20:00:31,467 - INFO - [136/300] | train_loss: 0.04524
2025-09-04 20:00:32,781 - INFO - [137/300] | train_loss: 0.05483
2025-09-04 20:00:34,075 - INFO - [138/300] | train_loss: 0.05995
2025-09-04 20:00:35,373 - INFO - [139/300] | train_loss: 0.04917
2025-09-04 20:00:36,666 - INFO - [140/300] | train_loss: 0.06870
2025-09-04 20:00:36,769 - INFO - ----------
2025-09-04 20:00:36,769 - INFO - evaluation dataset type: valid
2025-09-04 20:00:36,785 - INFO - node    precision | micro: 0.700000; macro: 0.646825; score: [0.71428571 0.5        1.         0.         0.66666667 1.        ]
2025-09-04 20:00:36,785 - INFO - node    recall    | micro: 0.875000; macro: 0.722222; score: [1.         0.66666667 0.66666667 0.         1.         1.        ]
2025-09-04 20:00:36,785 - INFO - node    f1        | micro: 0.777778; macro: 0.667460; score: [0.83333333 0.57142857 0.8        0.         0.8        1.        ]
2025-09-04 20:00:36,801 - INFO - service precision | micro: 0.541667; macro: 0.481481; score: [1.         0.4        0.33333333 0.25       0.75       0.
 1.         0.         0.6       ]
2025-09-04 20:00:36,801 - INFO - service recall    | micro: 0.541667; macro: 0.533333; score: [1.   1.   0.25 0.2  0.6  0.   1.   0.   0.75]
2025-09-04 20:00:36,801 - INFO - service f1        | micro: 0.541667; macro: 0.490300; score: [1.         0.57142857 0.28571429 0.22222222 0.66666667 0.
 1.         0.         0.66666667]
2025-09-04 20:00:36,829 - INFO - pod     precision | micro: 0.445652; macro: 0.434655; score: [0.90909091 0.40740741 0.26666667 0.19230769 0.53125    0.
 0.7        0.25       0.65517241]
2025-09-04 20:00:36,829 - INFO - pod     recall    | micro: 0.706897; macro: 0.730803; score: [1.         1.         0.6        0.23809524 0.73913043 0.
 1.         1.         1.        ]
2025-09-04 20:00:36,829 - INFO - pod     f1        | micro: 0.546667; macro: 0.527411; score: [0.95238095 0.57894737 0.36923077 0.21276596 0.61818182 0.
 0.82352941 0.4        0.79166667]
2025-09-04 20:00:36,829 - INFO - ----------
2025-09-04 20:00:38,132 - INFO - [141/300] | train_loss: 0.06462
2025-09-04 20:00:39,464 - INFO - [142/300] | train_loss: 0.04702
2025-09-04 20:00:40,798 - INFO - [143/300] | train_loss: 0.06121
2025-09-04 20:00:42,095 - INFO - [144/300] | train_loss: 0.06360
2025-09-04 20:00:43,394 - INFO - [145/300] | train_loss: 0.06077
2025-09-04 20:00:44,696 - INFO - [146/300] | train_loss: 0.05898
2025-09-04 20:00:46,002 - INFO - [147/300] | train_loss: 0.06042
2025-09-04 20:00:47,312 - INFO - [148/300] | train_loss: 0.07977
2025-09-04 20:00:48,605 - INFO - [149/300] | train_loss: 0.05159
2025-09-04 20:00:49,904 - INFO - [150/300] | train_loss: 0.05140
2025-09-04 20:00:50,012 - INFO - ----------
2025-09-04 20:00:50,012 - INFO - evaluation dataset type: valid
2025-09-04 20:00:50,027 - INFO - node    precision | micro: 0.666667; macro: 0.591270; score: [0.71428571 0.5        0.66666667 0.         0.66666667 1.        ]
2025-09-04 20:00:50,028 - INFO - node    recall    | micro: 0.875000; macro: 0.722222; score: [1.         0.66666667 0.66666667 0.         1.         1.        ]
2025-09-04 20:00:50,028 - INFO - node    f1        | micro: 0.756757; macro: 0.645238; score: [0.83333333 0.57142857 0.66666667 0.         0.8        1.        ]
2025-09-04 20:00:50,044 - INFO - service precision | micro: 0.461538; macro: 0.405556; score: [1.         0.33333333 0.25       0.33333333 1.         0.
 0.33333333 0.         0.4       ]
2025-09-04 20:00:50,044 - INFO - service recall    | micro: 0.500000; macro: 0.505556; score: [1.   1.   0.25 0.2  0.6  0.   1.   0.   0.5 ]
2025-09-04 20:00:50,044 - INFO - service f1        | micro: 0.480000; macro: 0.410494; score: [1.         0.5        0.25       0.25       0.75       0.
 0.5        0.         0.44444444]
2025-09-04 20:00:50,070 - INFO - pod     precision | micro: 0.445783; macro: 0.444242; score: [0.90909091 0.40740741 0.33333333 0.2173913  0.57142857 0.
 0.58333333 0.33333333 0.64285714]
2025-09-04 20:00:50,070 - INFO - pod     recall    | micro: 0.637931; macro: 0.689689; score: [1.         1.         0.5        0.23809524 0.52173913 0.
 1.         1.         0.94736842]
2025-09-04 20:00:50,070 - INFO - pod     f1        | micro: 0.524823; macro: 0.522984; score: [0.95238095 0.57894737 0.4        0.22727273 0.54545455 0.
 0.73684211 0.5        0.76595745]
2025-09-04 20:00:50,070 - INFO - ----------
2025-09-04 20:00:51,358 - INFO - [151/300] | train_loss: 0.06140
2025-09-04 20:00:52,653 - INFO - [152/300] | train_loss: 0.07126
2025-09-04 20:00:53,962 - INFO - [153/300] | train_loss: 0.07785
2025-09-04 20:00:55,269 - INFO - [154/300] | train_loss: 0.07553
2025-09-04 20:00:56,603 - INFO - [155/300] | train_loss: 0.06101
2025-09-04 20:00:57,906 - INFO - [156/300] | train_loss: 0.07701
2025-09-04 20:00:59,266 - INFO - [157/300] | train_loss: 0.06302
2025-09-04 20:01:00,571 - INFO - [158/300] | train_loss: 0.04547
2025-09-04 20:01:01,842 - INFO - [159/300] | train_loss: 0.07512
2025-09-04 20:01:03,094 - INFO - [160/300] | train_loss: 0.06891
2025-09-04 20:01:03,203 - INFO - ----------
2025-09-04 20:01:03,203 - INFO - evaluation dataset type: valid
2025-09-04 20:01:03,218 - INFO - node    precision | micro: 0.636364; macro: 0.574603; score: [0.71428571 0.4        0.66666667 0.         0.66666667 1.        ]
2025-09-04 20:01:03,218 - INFO - node    recall    | micro: 0.875000; macro: 0.722222; score: [1.         0.66666667 0.66666667 0.         1.         1.        ]
2025-09-04 20:01:03,218 - INFO - node    f1        | micro: 0.736842; macro: 0.633333; score: [0.83333333 0.5        0.66666667 0.         0.8        1.        ]
2025-09-04 20:01:03,234 - INFO - service precision | micro: 0.550000; macro: 0.490741; score: [1.         0.5        0.25       0.33333333 0.66666667 0.
 1.         0.         0.66666667]
2025-09-04 20:01:03,235 - INFO - service recall    | micro: 0.458333; macro: 0.483333; score: [1.   1.   0.25 0.2  0.4  0.   1.   0.   0.5 ]
2025-09-04 20:01:03,235 - INFO - service f1        | micro: 0.500000; macro: 0.470899; score: [1.         0.66666667 0.25       0.25       0.5        0.
 1.         0.         0.57142857]
2025-09-04 20:01:03,261 - INFO - pod     precision | micro: 0.450617; macro: 0.447130; score: [0.90909091 0.52380952 0.23684211 0.19230769 0.54545455 0.
 0.7        0.25       0.66666667]
2025-09-04 20:01:03,262 - INFO - pod     recall    | micro: 0.629310; macro: 0.684134; score: [1.         1.         0.45       0.23809524 0.52173913 0.
 1.         1.         0.94736842]
2025-09-04 20:01:03,262 - INFO - pod     f1        | micro: 0.525180; macro: 0.522496; score: [0.95238095 0.6875     0.31034483 0.21276596 0.53333333 0.
 0.82352941 0.4        0.7826087 ]
2025-09-04 20:01:03,262 - INFO - ----------
2025-09-04 20:01:04,537 - INFO - [161/300] | train_loss: 0.05325
2025-09-04 20:01:05,811 - INFO - [162/300] | train_loss: 0.06918
2025-09-04 20:01:07,104 - INFO - [163/300] | train_loss: 0.06290
2025-09-04 20:01:08,383 - INFO - [164/300] | train_loss: 0.06593
2025-09-04 20:01:09,658 - INFO - [165/300] | train_loss: 0.06383
2025-09-04 20:01:10,930 - INFO - [166/300] | train_loss: 0.05066
2025-09-04 20:01:12,283 - INFO - [167/300] | train_loss: 0.05660
2025-09-04 20:01:13,531 - INFO - [168/300] | train_loss: 0.05533
2025-09-04 20:01:14,843 - INFO - [169/300] | train_loss: 0.04418
2025-09-04 20:01:16,098 - INFO - [170/300] | train_loss: 0.06744
2025-09-04 20:01:16,206 - INFO - ----------
2025-09-04 20:01:16,206 - INFO - evaluation dataset type: valid
2025-09-04 20:01:16,221 - INFO - node    precision | micro: 0.700000; macro: 0.646825; score: [0.71428571 0.5        1.         0.         0.66666667 1.        ]
2025-09-04 20:01:16,222 - INFO - node    recall    | micro: 0.875000; macro: 0.722222; score: [1.         0.66666667 0.66666667 0.         1.         1.        ]
2025-09-04 20:01:16,222 - INFO - node    f1        | micro: 0.777778; macro: 0.667460; score: [0.83333333 0.57142857 0.8        0.         0.8        1.        ]
2025-09-04 20:01:16,238 - INFO - service precision | micro: 0.565217; macro: 0.522222; score: [1.   0.5  0.25 0.2  1.   0.   1.   0.   0.75]
2025-09-04 20:01:16,238 - INFO - service recall    | micro: 0.541667; macro: 0.533333; score: [1.   1.   0.25 0.2  0.6  0.   1.   0.   0.75]
2025-09-04 20:01:16,238 - INFO - service f1        | micro: 0.553191; macro: 0.512963; score: [1.         0.66666667 0.25       0.2        0.75       0.
 1.         0.         0.75      ]
2025-09-04 20:01:16,265 - INFO - pod     precision | micro: 0.493976; macro: 0.466063; score: [0.90909091 0.55       0.35483871 0.18518519 0.5625     0.
 0.77777778 0.2        0.65517241]
2025-09-04 20:01:16,265 - INFO - pod     recall    | micro: 0.706897; macro: 0.730078; score: [1.         1.         0.55       0.23809524 0.7826087  0.
 1.         1.         1.        ]
2025-09-04 20:01:16,265 - INFO - pod     f1        | micro: 0.581560; macro: 0.550701; score: [0.95238095 0.70967742 0.43137255 0.20833333 0.65454545 0.
 0.875      0.33333333 0.79166667]
2025-09-04 20:01:16,265 - INFO - ----------
2025-09-04 20:01:17,508 - INFO - [171/300] | train_loss: 0.06923
2025-09-04 20:01:18,758 - INFO - [172/300] | train_loss: 0.06386
2025-09-04 20:01:20,013 - INFO - [173/300] | train_loss: 0.05284
2025-09-04 20:01:21,261 - INFO - [174/300] | train_loss: 0.07612
2025-09-04 20:01:22,516 - INFO - [175/300] | train_loss: 0.05908
2025-09-04 20:01:23,769 - INFO - [176/300] | train_loss: 0.06117
2025-09-04 20:01:25,017 - INFO - [177/300] | train_loss: 0.07276
2025-09-04 20:01:26,270 - INFO - [178/300] | train_loss: 0.06931
2025-09-04 20:01:27,517 - INFO - [179/300] | train_loss: 0.07924
2025-09-04 20:01:28,820 - INFO - [180/300] | train_loss: 0.07839
2025-09-04 20:01:28,929 - INFO - ----------
2025-09-04 20:01:28,929 - INFO - evaluation dataset type: valid
2025-09-04 20:01:28,944 - INFO - node    precision | micro: 0.681818; macro: 0.646825; score: [0.71428571 0.5        1.         0.         0.66666667 1.        ]
2025-09-04 20:01:28,945 - INFO - node    recall    | micro: 0.937500; macro: 0.777778; score: [1.         1.         0.66666667 0.         1.         1.        ]
2025-09-04 20:01:28,945 - INFO - node    f1        | micro: 0.789474; macro: 0.683333; score: [0.83333333 0.66666667 0.8        0.         0.8        1.        ]
2025-09-04 20:01:28,961 - INFO - service precision | micro: 0.483871; macro: 0.493266; score: [1.         0.66666667 0.27272727 0.25       0.5        0.
 1.         0.         0.75      ]
2025-09-04 20:01:28,961 - INFO - service recall    | micro: 0.625000; macro: 0.588889; score: [1.   1.   0.75 0.2  0.6  0.   1.   0.   0.75]
2025-09-04 20:01:28,961 - INFO - service f1        | micro: 0.545455; macro: 0.524186; score: [1.         0.8        0.4        0.22222222 0.54545455 0.
 1.         0.         0.75      ]
2025-09-04 20:01:28,991 - INFO - pod     precision | micro: 0.371179; macro: 0.438281; score: [0.90909091 0.52380952 0.21212121 0.17021277 0.44444444 0.
 0.7        0.16666667 0.81818182]
2025-09-04 20:01:28,991 - INFO - pod     recall    | micro: 0.732759; macro: 0.747108; score: [1.         1.         0.7        0.38095238 0.69565217 0.
 1.         1.         0.94736842]
2025-09-04 20:01:28,991 - INFO - pod     f1        | micro: 0.492754; macro: 0.525602; score: [0.95238095 0.6875     0.3255814  0.23529412 0.54237288 0.
 0.82352941 0.28571429 0.87804878]
2025-09-04 20:01:28,991 - INFO - ----------
2025-09-04 20:01:30,249 - INFO - [181/300] | train_loss: 0.07677
2025-09-04 20:01:31,592 - INFO - [182/300] | train_loss: 0.07001
2025-09-04 20:01:32,878 - INFO - [183/300] | train_loss: 0.07290
2025-09-04 20:01:34,182 - INFO - [184/300] | train_loss: 0.06039
2025-09-04 20:01:35,598 - INFO - [185/300] | train_loss: 0.05104
2025-09-04 20:01:36,889 - INFO - [186/300] | train_loss: 0.06699
2025-09-04 20:01:38,179 - INFO - [187/300] | train_loss: 0.06068
2025-09-04 20:01:39,457 - INFO - [188/300] | train_loss: 0.06376
2025-09-04 20:01:40,775 - INFO - [189/300] | train_loss: 0.06268
2025-09-04 20:01:42,091 - INFO - [190/300] | train_loss: 0.07083
2025-09-04 20:01:42,200 - INFO - ----------
2025-09-04 20:01:42,201 - INFO - evaluation dataset type: valid
2025-09-04 20:01:42,216 - INFO - node    precision | micro: 0.636364; macro: 0.574603; score: [0.71428571 0.4        0.66666667 0.         0.66666667 1.        ]
2025-09-04 20:01:42,216 - INFO - node    recall    | micro: 0.875000; macro: 0.722222; score: [1.         0.66666667 0.66666667 0.         1.         1.        ]
2025-09-04 20:01:42,216 - INFO - node    f1        | micro: 0.736842; macro: 0.633333; score: [0.83333333 0.5        0.66666667 0.         0.8        1.        ]
2025-09-04 20:01:42,233 - INFO - service precision | micro: 0.421053; macro: 0.401587; score: [1.         0.4        0.28571429 0.25       0.75       0.
 0.5        0.         0.42857143]
2025-09-04 20:01:42,233 - INFO - service recall    | micro: 0.666667; macro: 0.616667; score: [1.   1.   1.   0.2  0.6  0.   1.   0.   0.75]
2025-09-04 20:01:42,233 - INFO - service f1        | micro: 0.516129; macro: 0.457431; score: [1.         0.57142857 0.44444444 0.22222222 0.66666667 0.
 0.66666667 0.         0.54545455]
2025-09-04 20:01:42,260 - INFO - pod     precision | micro: 0.364017; macro: 0.456429; score: [0.90909091 0.84615385 0.15384615 0.26086957 0.425      0.
 0.7        0.2        0.61290323]
2025-09-04 20:01:42,260 - INFO - pod     recall    | micro: 0.750000; macro: 0.758316; score: [1.         1.         0.8        0.28571429 0.73913043 0.
 1.         1.         1.        ]
2025-09-04 20:01:42,260 - INFO - pod     f1        | micro: 0.490141; macro: 0.539598; score: [0.95238095 0.91666667 0.25806452 0.27272727 0.53968254 0.
 0.82352941 0.33333333 0.76      ]
2025-09-04 20:01:42,260 - INFO - ----------
2025-09-04 20:01:43,576 - INFO - [191/300] | train_loss: 0.05799
2025-09-04 20:01:44,880 - INFO - [192/300] | train_loss: 0.07613
2025-09-04 20:01:46,177 - INFO - [193/300] | train_loss: 0.11662
2025-09-04 20:01:47,482 - INFO - [194/300] | train_loss: 0.15891
2025-09-04 20:01:48,838 - INFO - [195/300] | train_loss: 0.26413
2025-09-04 20:01:50,158 - INFO - [196/300] | train_loss: 0.20209
2025-09-04 20:01:51,478 - INFO - [197/300] | train_loss: 0.16319
2025-09-04 20:01:52,777 - INFO - [198/300] | train_loss: 0.15359
2025-09-04 20:01:54,072 - INFO - [199/300] | train_loss: 0.13380
2025-09-04 20:01:55,359 - INFO - [200/300] | train_loss: 0.12613
2025-09-04 20:01:55,467 - INFO - ----------
2025-09-04 20:01:55,467 - INFO - evaluation dataset type: valid
2025-09-04 20:01:55,483 - INFO - node    precision | micro: 0.454545; macro: 0.608466; score: [0.55555556 0.42857143 1.         0.         0.66666667 1.        ]
2025-09-04 20:01:55,483 - INFO - node    recall    | micro: 0.937500; macro: 0.777778; score: [1.         1.         0.66666667 0.         1.         1.        ]
2025-09-04 20:01:55,483 - INFO - node    f1        | micro: 0.612245; macro: 0.652381; score: [0.71428571 0.6        0.8        0.         0.8        1.        ]
2025-09-04 20:01:55,499 - INFO - service precision | micro: 0.342857; macro: 0.292593; score: [0.66666667 0.2        0.         0.16666667 0.6        0.
 0.25       0.         0.75      ]
2025-09-04 20:01:55,499 - INFO - service recall    | micro: 0.500000; macro: 0.505556; score: [1.   1.   0.   0.2  0.6  0.   1.   0.   0.75]
2025-09-04 20:01:55,499 - INFO - service f1        | micro: 0.406780; macro: 0.340572; score: [0.8        0.33333333 0.         0.18181818 0.6        0.
 0.4        0.         0.75      ]
2025-09-04 20:01:55,526 - INFO - pod     precision | micro: 0.365217; macro: 0.458358; score: [0.90909091 0.61111111 0.45454545 0.12765957 0.57692308 0.
 0.63636364 0.14285714 0.66666667]
2025-09-04 20:01:55,526 - INFO - pod     recall    | micro: 0.724138; macro: 0.741219; score: [1.         1.         0.5        0.57142857 0.65217391 0.
 1.         1.         0.94736842]
2025-09-04 20:01:55,526 - INFO - pod     f1        | micro: 0.485549; macro: 0.535391; score: [0.95238095 0.75862069 0.47619048 0.20869565 0.6122449  0.
 0.77777778 0.25       0.7826087 ]
2025-09-04 20:01:55,526 - INFO - ----------
2025-09-04 20:01:56,830 - INFO - [201/300] | train_loss: 0.11692
2025-09-04 20:01:58,190 - INFO - [202/300] | train_loss: 0.10191
2025-09-04 20:01:59,588 - INFO - [203/300] | train_loss: 0.10758
2025-09-04 20:02:01,002 - INFO - [204/300] | train_loss: 0.08445
2025-09-04 20:02:02,337 - INFO - [205/300] | train_loss: 0.07285
2025-09-04 20:02:03,729 - INFO - [206/300] | train_loss: 0.06808
2025-09-04 20:02:05,060 - INFO - [207/300] | train_loss: 0.07168
2025-09-04 20:02:06,386 - INFO - [208/300] | train_loss: 0.06942
2025-09-04 20:02:07,718 - INFO - [209/300] | train_loss: 0.07710
2025-09-04 20:02:09,045 - INFO - [210/300] | train_loss: 0.09225
2025-09-04 20:02:09,153 - INFO - ----------
2025-09-04 20:02:09,154 - INFO - evaluation dataset type: valid
2025-09-04 20:02:09,169 - INFO - node    precision | micro: 0.700000; macro: 0.646825; score: [0.71428571 0.5        1.         0.         0.66666667 1.        ]
2025-09-04 20:02:09,169 - INFO - node    recall    | micro: 0.875000; macro: 0.722222; score: [1.         0.66666667 0.66666667 0.         1.         1.        ]
2025-09-04 20:02:09,169 - INFO - node    f1        | micro: 0.777778; macro: 0.667460; score: [0.83333333 0.57142857 0.8        0.         0.8        1.        ]
2025-09-04 20:02:09,185 - INFO - service precision | micro: 0.413793; macro: 0.450617; score: [0.66666667 0.22222222 0.16666667 0.25       1.         0.
 1.         0.         0.75      ]
2025-09-04 20:02:09,185 - INFO - service recall    | micro: 0.500000; macro: 0.511111; score: [1.   1.   0.25 0.2  0.4  0.   1.   0.   0.75]
2025-09-04 20:02:09,185 - INFO - service f1        | micro: 0.452830; macro: 0.434143; score: [0.8        0.36363636 0.2        0.22222222 0.57142857 0.
 1.         0.         0.75      ]
2025-09-04 20:02:09,220 - INFO - pod     precision | micro: 0.454545; macro: 0.461329; score: [0.90909091 0.57894737 0.25       0.26923077 0.58333333 0.14285714
 0.58333333 0.14285714 0.69230769]
2025-09-04 20:02:09,220 - INFO - pod     recall    | micro: 0.689655; macro: 0.743266; score: [1.         1.         0.55       0.33333333 0.60869565 0.25
 1.         1.         0.94736842]
2025-09-04 20:02:09,220 - INFO - pod     f1        | micro: 0.547945; macro: 0.543527; score: [0.95238095 0.73333333 0.34375    0.29787234 0.59574468 0.18181818
 0.73684211 0.25       0.8       ]
2025-09-04 20:02:09,220 - INFO - ----------
2025-09-04 20:02:10,538 - INFO - [211/300] | train_loss: 0.05688
2025-09-04 20:02:11,862 - INFO - [212/300] | train_loss: 0.07493
2025-09-04 20:02:13,156 - INFO - [213/300] | train_loss: 0.06692
2025-09-04 20:02:14,505 - INFO - [214/300] | train_loss: 0.06482
2025-09-04 20:02:15,880 - INFO - [215/300] | train_loss: 0.07368
2025-09-04 20:02:17,296 - INFO - [216/300] | train_loss: 0.06245
2025-09-04 20:02:18,645 - INFO - [217/300] | train_loss: 0.06547
2025-09-04 20:02:19,957 - INFO - [218/300] | train_loss: 0.07485
2025-09-04 20:02:21,283 - INFO - [219/300] | train_loss: 0.06825
2025-09-04 20:02:22,600 - INFO - [220/300] | train_loss: 0.07560
2025-09-04 20:02:22,710 - INFO - ----------
2025-09-04 20:02:22,710 - INFO - evaluation dataset type: valid
2025-09-04 20:02:22,727 - INFO - node    precision | micro: 0.700000; macro: 0.646825; score: [0.71428571 0.5        1.         0.         0.66666667 1.        ]
2025-09-04 20:02:22,727 - INFO - node    recall    | micro: 0.875000; macro: 0.722222; score: [1.         0.66666667 0.66666667 0.         1.         1.        ]
2025-09-04 20:02:22,727 - INFO - node    f1        | micro: 0.777778; macro: 0.667460; score: [0.83333333 0.57142857 0.8        0.         0.8        1.        ]
2025-09-04 20:02:22,744 - INFO - service precision | micro: 0.571429; macro: 0.572222; score: [1.   1.   0.2  0.2  1.   0.   1.   0.   0.75]
2025-09-04 20:02:22,744 - INFO - service recall    | micro: 0.500000; macro: 0.511111; score: [1.   1.   0.25 0.2  0.4  0.   1.   0.   0.75]
2025-09-04 20:02:22,744 - INFO - service f1        | micro: 0.533333; macro: 0.527072; score: [1.         1.         0.22222222 0.2        0.57142857 0.
 1.         0.         0.75      ]
2025-09-04 20:02:22,772 - INFO - pod     precision | micro: 0.467391; macro: 0.503979; score: [0.90909091 0.78571429 0.27272727 0.25925926 0.52941176 0.16666667
 0.77777778 0.14285714 0.69230769]
2025-09-04 20:02:22,772 - INFO - pod     recall    | micro: 0.741379; macro: 0.795923; score: [1.         1.         0.6        0.33333333 0.7826087  0.5
 1.         1.         0.94736842]
2025-09-04 20:02:22,772 - INFO - pod     f1        | micro: 0.573333; macro: 0.589514; score: [0.95238095 0.88       0.375      0.29166667 0.63157895 0.25
 0.875      0.25       0.8       ]
2025-09-04 20:02:22,772 - INFO - ----------
2025-09-04 20:02:24,086 - INFO - [221/300] | train_loss: 0.07908
2025-09-04 20:02:25,498 - INFO - [222/300] | train_loss: 0.05919
2025-09-04 20:02:26,821 - INFO - [223/300] | train_loss: 0.05232
2025-09-04 20:02:28,132 - INFO - [224/300] | train_loss: 0.05129
2025-09-04 20:02:29,443 - INFO - [225/300] | train_loss: 0.06598
2025-09-04 20:02:30,827 - INFO - [226/300] | train_loss: 0.05617
2025-09-04 20:02:32,164 - INFO - [227/300] | train_loss: 0.08924
2025-09-04 20:02:33,484 - INFO - [228/300] | train_loss: 0.17905
2025-09-04 20:02:34,798 - INFO - [229/300] | train_loss: 0.13700
2025-09-04 20:02:36,101 - INFO - [230/300] | train_loss: 0.10308
2025-09-04 20:02:36,225 - INFO - ----------
2025-09-04 20:02:36,225 - INFO - evaluation dataset type: valid
2025-09-04 20:02:36,243 - INFO - node    precision | micro: 0.700000; macro: 0.646825; score: [0.71428571 0.5        1.         0.         0.66666667 1.        ]
2025-09-04 20:02:36,243 - INFO - node    recall    | micro: 0.875000; macro: 0.722222; score: [1.         0.66666667 0.66666667 0.         1.         1.        ]
2025-09-04 20:02:36,244 - INFO - node    f1        | micro: 0.777778; macro: 0.667460; score: [0.83333333 0.57142857 0.8        0.         0.8        1.        ]
2025-09-04 20:02:36,260 - INFO - service precision | micro: 0.382353; macro: 0.385185; score: [1.         0.2        0.5        0.5        0.6        0.
 0.16666667 0.         0.5       ]
2025-09-04 20:02:36,260 - INFO - service recall    | micro: 0.541667; macro: 0.533333; score: [1.   1.   0.25 0.2  0.6  0.   1.   0.   0.75]
2025-09-04 20:02:36,260 - INFO - service f1        | micro: 0.448276; macro: 0.382011; score: [1.         0.33333333 0.33333333 0.28571429 0.6        0.
 0.28571429 0.         0.6       ]
2025-09-04 20:02:36,288 - INFO - pod     precision | micro: 0.440217; macro: 0.477034; score: [0.90909091 0.73333333 0.3030303  0.23529412 0.5        0.
 0.63636364 0.33333333 0.64285714]
2025-09-04 20:02:36,288 - INFO - pod     recall    | micro: 0.698276; macro: 0.724886; score: [1.         1.         0.5        0.38095238 0.69565217 0.
 1.         1.         0.94736842]
2025-09-04 20:02:36,288 - INFO - pod     f1        | micro: 0.540000; macro: 0.565817; score: [0.95238095 0.84615385 0.37735849 0.29090909 0.58181818 0.
 0.77777778 0.5        0.76595745]
2025-09-04 20:02:36,288 - INFO - ----------
2025-09-04 20:02:37,597 - INFO - [231/300] | train_loss: 0.08843
2025-09-04 20:02:38,902 - INFO - [232/300] | train_loss: 0.09132
2025-09-04 20:02:40,209 - INFO - [233/300] | train_loss: 0.09830
2025-09-04 20:02:41,599 - INFO - [234/300] | train_loss: 0.08585
2025-09-04 20:02:42,935 - INFO - [235/300] | train_loss: 0.05657
2025-09-04 20:02:44,285 - INFO - [236/300] | train_loss: 0.05513
2025-09-04 20:02:45,615 - INFO - [237/300] | train_loss: 0.07458
2025-09-04 20:02:46,928 - INFO - [238/300] | train_loss: 0.06271
2025-09-04 20:02:48,248 - INFO - [239/300] | train_loss: 0.06116
2025-09-04 20:02:49,558 - INFO - [240/300] | train_loss: 0.12226
2025-09-04 20:02:49,671 - INFO - ----------
2025-09-04 20:02:49,671 - INFO - evaluation dataset type: valid
2025-09-04 20:02:49,687 - INFO - node    precision | micro: 0.666667; macro: 0.619048; score: [0.71428571 0.5        1.         0.         0.5        1.        ]
2025-09-04 20:02:49,687 - INFO - node    recall    | micro: 0.875000; macro: 0.722222; score: [1.         0.66666667 0.66666667 0.         1.         1.        ]
2025-09-04 20:02:49,687 - INFO - node    f1        | micro: 0.756757; macro: 0.645238; score: [0.83333333 0.57142857 0.8        0.         0.66666667 1.        ]
2025-09-04 20:02:49,704 - INFO - service precision | micro: 0.428571; macro: 0.518519; score: [1.         0.5        0.16666667 0.5        0.75       0.
 1.         0.         0.75      ]
2025-09-04 20:02:49,704 - INFO - service recall    | micro: 0.625000; macro: 0.588889; score: [1.   1.   0.75 0.2  0.6  0.   1.   0.   0.75]
2025-09-04 20:02:49,704 - INFO - service f1        | micro: 0.508475; macro: 0.515753; score: [1.         0.66666667 0.27272727 0.28571429 0.66666667 0.
 1.         0.         0.75      ]
2025-09-04 20:02:49,731 - INFO - pod     precision | micro: 0.367713; macro: 0.489841; score: [0.90909091 0.73333333 0.15217391 0.28       0.5        0.06666667
 0.875      0.2        0.69230769]
2025-09-04 20:02:49,731 - INFO - pod     recall    | micro: 0.706897; macro: 0.755102; score: [1.         1.         0.7        0.33333333 0.56521739 0.25
 1.         1.         0.94736842]
2025-09-04 20:02:49,731 - INFO - pod     f1        | micro: 0.483776; macro: 0.561714; score: [0.95238095 0.84615385 0.25       0.30434783 0.53061224 0.10526316
 0.93333333 0.33333333 0.8       ]
2025-09-04 20:02:49,731 - INFO - ----------
2025-09-04 20:02:51,062 - INFO - [241/300] | train_loss: 0.07299
2025-09-04 20:02:52,381 - INFO - [242/300] | train_loss: 0.07159
2025-09-04 20:02:53,686 - INFO - [243/300] | train_loss: 0.06261
2025-09-04 20:02:54,989 - INFO - [244/300] | train_loss: 0.05347
2025-09-04 20:02:56,290 - INFO - [245/300] | train_loss: 0.05059
2025-09-04 20:02:57,605 - INFO - [246/300] | train_loss: 0.05501
2025-09-04 20:02:58,920 - INFO - [247/300] | train_loss: 0.04814
2025-09-04 20:03:00,274 - INFO - [248/300] | train_loss: 0.10472
2025-09-04 20:03:01,604 - INFO - [249/300] | train_loss: 0.04653
2025-09-04 20:03:02,934 - INFO - [250/300] | train_loss: 0.06783
2025-09-04 20:03:03,044 - INFO - ----------
2025-09-04 20:03:03,044 - INFO - evaluation dataset type: valid
2025-09-04 20:03:03,060 - INFO - node    precision | micro: 0.666667; macro: 0.591270; score: [0.71428571 0.5        0.66666667 0.         0.66666667 1.        ]
2025-09-04 20:03:03,060 - INFO - node    recall    | micro: 0.875000; macro: 0.722222; score: [1.         0.66666667 0.66666667 0.         1.         1.        ]
2025-09-04 20:03:03,061 - INFO - node    f1        | micro: 0.756757; macro: 0.645238; score: [0.83333333 0.57142857 0.66666667 0.         0.8        1.        ]
2025-09-04 20:03:03,077 - INFO - service precision | micro: 0.600000; macro: 0.518519; score: [1.         0.5        0.25       0.5        0.66666667 0.
 1.         0.         0.75      ]
2025-09-04 20:03:03,077 - INFO - service recall    | micro: 0.500000; macro: 0.511111; score: [1.   1.   0.25 0.2  0.4  0.   1.   0.   0.75]
2025-09-04 20:03:03,077 - INFO - service f1        | micro: 0.545455; macro: 0.494709; score: [1.         0.66666667 0.25       0.28571429 0.5        0.
 1.         0.         0.75      ]
2025-09-04 20:03:03,104 - INFO - pod     precision | micro: 0.573643; macro: 0.550978; score: [0.90909091 0.84615385 0.34782609 0.28571429 0.70588235 0.
 0.875      0.25       0.73913043]
2025-09-04 20:03:03,104 - INFO - pod     recall    | micro: 0.637931; macro: 0.688603; score: [1.         1.         0.4        0.38095238 0.52173913 0.
 1.         1.         0.89473684]
2025-09-04 20:03:03,104 - INFO - pod     f1        | micro: 0.604082; macro: 0.590059; score: [0.95238095 0.91666667 0.37209302 0.32653061 0.6        0.
 0.93333333 0.4        0.80952381]
2025-09-04 20:03:03,104 - INFO - ----------
2025-09-04 20:03:04,421 - INFO - [251/300] | train_loss: 0.07360
2025-09-04 20:03:05,741 - INFO - [252/300] | train_loss: 0.06107
2025-09-04 20:03:07,067 - INFO - [253/300] | train_loss: 0.05021
2025-09-04 20:03:08,389 - INFO - [254/300] | train_loss: 0.05555
2025-09-04 20:03:09,752 - INFO - [255/300] | train_loss: 0.04758
2025-09-04 20:03:11,076 - INFO - [256/300] | train_loss: 0.04478
2025-09-04 20:03:12,391 - INFO - [257/300] | train_loss: 0.06414
2025-09-04 20:03:13,704 - INFO - [258/300] | train_loss: 0.08468
2025-09-04 20:03:15,027 - INFO - [259/300] | train_loss: 0.06490
2025-09-04 20:03:16,345 - INFO - [260/300] | train_loss: 0.05451
2025-09-04 20:03:16,447 - INFO - ----------
2025-09-04 20:03:16,447 - INFO - evaluation dataset type: valid
2025-09-04 20:03:16,462 - INFO - node    precision | micro: 0.700000; macro: 0.646825; score: [0.71428571 0.5        1.         0.         0.66666667 1.        ]
2025-09-04 20:03:16,462 - INFO - node    recall    | micro: 0.875000; macro: 0.722222; score: [1.         0.66666667 0.66666667 0.         1.         1.        ]
2025-09-04 20:03:16,462 - INFO - node    f1        | micro: 0.777778; macro: 0.667460; score: [0.83333333 0.57142857 0.8        0.         0.8        1.        ]
2025-09-04 20:03:16,478 - INFO - service precision | micro: 0.480000; macro: 0.478836; score: [1.         0.5        0.14285714 0.25       0.66666667 0.
 1.         0.         0.75      ]
2025-09-04 20:03:16,479 - INFO - service recall    | micro: 0.500000; macro: 0.511111; score: [1.   1.   0.25 0.2  0.4  0.   1.   0.   0.75]
2025-09-04 20:03:16,479 - INFO - service f1        | micro: 0.489796; macro: 0.480079; score: [1.         0.66666667 0.18181818 0.22222222 0.5        0.
 1.         0.         0.75      ]
2025-09-04 20:03:16,505 - INFO - pod     precision | micro: 0.539568; macro: 0.563818; score: [0.90909091 0.91666667 0.25       0.27272727 0.68421053 0.
 1.         0.33333333 0.70833333]
2025-09-04 20:03:16,505 - INFO - pod     recall    | micro: 0.646552; macro: 0.693963; score: [1.         1.         0.5        0.28571429 0.56521739 0.
 1.         1.         0.89473684]
2025-09-04 20:03:16,505 - INFO - pod     f1        | micro: 0.588235; macro: 0.603450; score: [0.95238095 0.95652174 0.33333333 0.27906977 0.61904762 0.
 1.         0.5        0.79069767]
2025-09-04 20:03:16,505 - INFO - ----------
2025-09-04 20:03:17,814 - INFO - [261/300] | train_loss: 0.05870
2025-09-04 20:03:19,133 - INFO - [262/300] | train_loss: 0.05406
2025-09-04 20:03:20,446 - INFO - [263/300] | train_loss: 0.05159
2025-09-04 20:03:21,759 - INFO - [264/300] | train_loss: 0.05234
2025-09-04 20:03:23,078 - INFO - [265/300] | train_loss: 0.05603
2025-09-04 20:03:24,416 - INFO - [266/300] | train_loss: 0.07290
2025-09-04 20:03:25,734 - INFO - [267/300] | train_loss: 0.04960
2025-09-04 20:03:27,079 - INFO - [268/300] | train_loss: 0.03997
2025-09-04 20:03:28,404 - INFO - [269/300] | train_loss: 0.03551
2025-09-04 20:03:29,727 - INFO - [270/300] | train_loss: 0.07381
2025-09-04 20:03:29,837 - INFO - ----------
2025-09-04 20:03:29,837 - INFO - evaluation dataset type: valid
2025-09-04 20:03:29,853 - INFO - node    precision | micro: 0.700000; macro: 0.646825; score: [0.71428571 0.5        1.         0.         0.66666667 1.        ]
2025-09-04 20:03:29,853 - INFO - node    recall    | micro: 0.875000; macro: 0.722222; score: [1.         0.66666667 0.66666667 0.         1.         1.        ]
2025-09-04 20:03:29,853 - INFO - node    f1        | micro: 0.777778; macro: 0.667460; score: [0.83333333 0.57142857 0.8        0.         0.8        1.        ]
2025-09-04 20:03:29,869 - INFO - service precision | micro: 0.647059; macro: 0.518519; score: [1.         0.66666667 0.         0.25       1.         0.
 1.         0.         0.75      ]
2025-09-04 20:03:29,869 - INFO - service recall    | micro: 0.458333; macro: 0.483333; score: [1.   1.   0.   0.2  0.4  0.   1.   0.   0.75]
2025-09-04 20:03:29,869 - INFO - service f1        | micro: 0.536585; macro: 0.482628; score: [1.         0.8        0.         0.22222222 0.57142857 0.
 1.         0.         0.75      ]
2025-09-04 20:03:29,896 - INFO - pod     precision | micro: 0.583333; macro: 0.559225; score: [0.90909091 0.84615385 0.33333333 0.3        0.73684211 0.
 0.875      0.25       0.7826087 ]
2025-09-04 20:03:29,896 - INFO - pod     recall    | micro: 0.663793; macro: 0.704642; score: [1.         1.         0.5        0.28571429 0.60869565 0.
 1.         1.         0.94736842]
2025-09-04 20:03:29,896 - INFO - pod     f1        | micro: 0.620968; macro: 0.602097; score: [0.95238095 0.91666667 0.4        0.29268293 0.66666667 0.
 0.93333333 0.4        0.85714286]
2025-09-04 20:03:29,896 - INFO - ----------
2025-09-04 20:03:31,225 - INFO - [271/300] | train_loss: 0.04895
2025-09-04 20:03:32,538 - INFO - [272/300] | train_loss: 0.07544
2025-09-04 20:03:33,854 - INFO - [273/300] | train_loss: 0.05596
2025-09-04 20:03:35,165 - INFO - [274/300] | train_loss: 0.04617
2025-09-04 20:03:36,500 - INFO - [275/300] | train_loss: 0.05956
2025-09-04 20:03:37,824 - INFO - [276/300] | train_loss: 0.06039
2025-09-04 20:03:39,188 - INFO - [277/300] | train_loss: 0.06828
2025-09-04 20:03:40,512 - INFO - [278/300] | train_loss: 0.04488
2025-09-04 20:03:41,820 - INFO - [279/300] | train_loss: 0.04780
2025-09-04 20:03:43,149 - INFO - [280/300] | train_loss: 0.04808
2025-09-04 20:03:43,257 - INFO - ----------
2025-09-04 20:03:43,257 - INFO - evaluation dataset type: valid
2025-09-04 20:03:43,273 - INFO - node    precision | micro: 0.700000; macro: 0.646825; score: [0.71428571 0.5        1.         0.         0.66666667 1.        ]
2025-09-04 20:03:43,273 - INFO - node    recall    | micro: 0.875000; macro: 0.722222; score: [1.         0.66666667 0.66666667 0.         1.         1.        ]
2025-09-04 20:03:43,273 - INFO - node    f1        | micro: 0.777778; macro: 0.667460; score: [0.83333333 0.57142857 0.8        0.         0.8        1.        ]
2025-09-04 20:03:43,290 - INFO - service precision | micro: 0.550000; macro: 0.483333; score: [1.   0.4  0.   0.2  1.   0.   1.   0.   0.75]
2025-09-04 20:03:43,290 - INFO - service recall    | micro: 0.458333; macro: 0.483333; score: [1.   1.   0.   0.2  0.4  0.   1.   0.   0.75]
2025-09-04 20:03:43,290 - INFO - service f1        | micro: 0.500000; macro: 0.454762; score: [1.         0.57142857 0.         0.2        0.57142857 0.
 1.         0.         0.75      ]
2025-09-04 20:03:43,317 - INFO - pod     precision | micro: 0.563910; macro: 0.567615; score: [0.90909091 0.78571429 0.31034483 0.26923077 0.76470588 0.
 0.875      0.25       0.94444444]
2025-09-04 20:03:43,317 - INFO - pod     recall    | micro: 0.646552; macro: 0.693699; score: [1.         1.         0.45       0.33333333 0.56521739 0.
 1.         1.         0.89473684]
2025-09-04 20:03:43,318 - INFO - pod     f1        | micro: 0.602410; macro: 0.599984; score: [0.95238095 0.88       0.36734694 0.29787234 0.65       0.
 0.93333333 0.4        0.91891892]
2025-09-04 20:03:43,318 - INFO - ----------
2025-09-04 20:03:44,644 - INFO - [281/300] | train_loss: 0.05670
2025-09-04 20:03:45,969 - INFO - [282/300] | train_loss: 0.06647
2025-09-04 20:03:47,296 - INFO - [283/300] | train_loss: 0.05105
2025-09-04 20:03:48,615 - INFO - [284/300] | train_loss: 0.05705
2025-09-04 20:03:49,926 - INFO - [285/300] | train_loss: 0.04668
2025-09-04 20:03:51,244 - INFO - [286/300] | train_loss: 0.05196
2025-09-04 20:03:52,581 - INFO - [287/300] | train_loss: 0.04566
2025-09-04 20:03:53,966 - INFO - [288/300] | train_loss: 0.04172
2025-09-04 20:03:55,270 - INFO - [289/300] | train_loss: 0.04563
2025-09-04 20:03:56,577 - INFO - [290/300] | train_loss: 0.04332
2025-09-04 20:03:56,684 - INFO - ----------
2025-09-04 20:03:56,684 - INFO - evaluation dataset type: valid
2025-09-04 20:03:56,700 - INFO - node    precision | micro: 0.700000; macro: 0.646825; score: [0.71428571 0.5        1.         0.         0.66666667 1.        ]
2025-09-04 20:03:56,700 - INFO - node    recall    | micro: 0.875000; macro: 0.722222; score: [1.         0.66666667 0.66666667 0.         1.         1.        ]
2025-09-04 20:03:56,700 - INFO - node    f1        | micro: 0.777778; macro: 0.667460; score: [0.83333333 0.57142857 0.8        0.         0.8        1.        ]
2025-09-04 20:03:56,716 - INFO - service precision | micro: 0.611111; macro: 0.527778; score: [1.         0.66666667 0.5        0.25       0.66666667 0.
 1.         0.         0.66666667]
2025-09-04 20:03:56,716 - INFO - service recall    | micro: 0.458333; macro: 0.483333; score: [1.   1.   0.25 0.2  0.4  0.   1.   0.   0.5 ]
2025-09-04 20:03:56,716 - INFO - service f1        | micro: 0.523810; macro: 0.491887; score: [1.         0.8        0.33333333 0.22222222 0.5        0.
 1.         0.         0.57142857]
2025-09-04 20:03:56,743 - INFO - pod     precision | micro: 0.572519; macro: 0.562474; score: [0.90909091 0.73333333 0.31034483 0.27272727 0.60869565 0.
 1.         0.33333333 0.89473684]
2025-09-04 20:03:56,743 - INFO - pod     recall    | micro: 0.646552; macro: 0.693239; score: [1.         1.         0.45       0.28571429 0.60869565 0.
 1.         1.         0.89473684]
2025-09-04 20:03:56,743 - INFO - pod     f1        | micro: 0.607287; macro: 0.605376; score: [0.95238095 0.84615385 0.36734694 0.27906977 0.60869565 0.
 1.         0.5        0.89473684]
2025-09-04 20:03:56,743 - INFO - ----------
2025-09-04 20:03:58,043 - INFO - [291/300] | train_loss: 0.06054
2025-09-04 20:03:59,369 - INFO - [292/300] | train_loss: 0.04789
2025-09-04 20:04:00,682 - INFO - [293/300] | train_loss: 0.04526
2025-09-04 20:04:01,981 - INFO - [294/300] | train_loss: 0.05445
2025-09-04 20:04:03,294 - INFO - [295/300] | train_loss: 0.04031
2025-09-04 20:04:04,614 - INFO - [296/300] | train_loss: 0.05165
2025-09-04 20:04:05,923 - INFO - [297/300] | train_loss: 0.03586
2025-09-04 20:04:07,243 - INFO - [298/300] | train_loss: 0.03558
2025-09-04 20:04:08,576 - INFO - [299/300] | train_loss: 0.07281
2025-09-04 20:04:09,190 - INFO - ----------
2025-09-04 20:04:09,190 - INFO - evaluation dataset type: test
2025-09-04 20:04:09,210 - INFO - node    precision | micro: 0.608247; macro: 0.610076; score: [0.77777778 0.33333333 0.625      0.5        0.6875     0.73684211]
2025-09-04 20:04:09,210 - INFO - node    recall    | micro: 0.880597; macro: 0.860450; score: [1.         0.85714286 0.55555556 0.75       1.         1.        ]
2025-09-04 20:04:09,210 - INFO - node    f1        | micro: 0.719512; macro: 0.701089; score: [0.875      0.48       0.58823529 0.6        0.81481481 0.84848485]
2025-09-04 20:04:09,237 - INFO - service precision | micro: 0.724138; macro: 0.738395; score: [1.         0.9        0.30769231 0.28571429 0.88888889 0.6875
 0.90909091 1.         0.66666667]
2025-09-04 20:04:09,237 - INFO - service recall    | micro: 0.715909; macro: 0.751852; score: [1.         1.         0.4        0.16666667 0.66666667 0.73333333
 1.         1.         0.8       ]
2025-09-04 20:04:09,237 - INFO - service f1        | micro: 0.720000; macro: 0.739662; score: [1.         0.94736842 0.34782609 0.21052632 0.76190476 0.70967742
 0.95238095 1.         0.72727273]
2025-09-04 20:04:09,312 - INFO - pod     precision | micro: 0.532042; macro: 0.642600; score: [0.83928571 0.77586207 0.24166667 0.25384615 0.58333333 0.48275862
 0.92727273 0.96969697 0.70967742]
2025-09-04 20:04:09,313 - INFO - pod     recall    | micro: 0.815068; macro: 0.832300; score: [1.         0.97826087 0.59183673 0.53225806 0.75       0.82352941
 1.         1.         0.81481481]
2025-09-04 20:04:09,313 - INFO - pod     f1        | micro: 0.643823; macro: 0.715044; score: [0.91262136 0.86538462 0.34319527 0.34375    0.65625    0.60869565
 0.96226415 0.98461538 0.75862069]
2025-09-04 20:04:09,313 - INFO - ----------
----GATNet----
GAT_name1:  GATConv
GAT_name2:  GATConv
activ_fun1:  leaky_relu
activ_fun2:  leaky_relu
begin----------------------------------------
Running: python ./HolisticRCA/trainer/a_rca_trainer.py   --model_path /root/shared-nvme/work/code/RCA/HolisticRCA/model/a/checkpoint/main.pt   --epochs 300   --orl_te_heads 2   --orl_te_layers 2   --orl_te_in_channels 256   --efi_in_dim 256   --efi_te_heads 4   --efi_te_layers 2   --efi_out_dim 256   --eff_in_dim 256   --eff_GAT_out_channels 128   --eff_GAT_heads 2   --batch_size 64   --eff_GAT_dropout 0.1           --GAT_name1 GATConv           --GAT_name2 GATConv           --activ_fun1 leaky_relu           --activ_fun2 relu6
2025-09-04 20:04:15,525 - INFO - [0/300] | train_loss: 3.93631
2025-09-04 20:04:15,627 - INFO - ----------
2025-09-04 20:04:15,627 - INFO - evaluation dataset type: valid
2025-09-04 20:04:15,644 - INFO - node    precision | micro: 0.045283; macro: 0.042863; score: [0.04301075 0.0625     0.         0.         0.02666667 0.125     ]
2025-09-04 20:04:15,644 - INFO - node    recall    | micro: 0.750000; macro: 0.633333; score: [0.8 1.  0.  0.  1.  1. ]
2025-09-04 20:04:15,644 - INFO - node    f1        | micro: 0.085409; macro: 0.078908; score: [0.08163265 0.11764706 0.         0.         0.05194805 0.22222222]
2025-09-04 20:04:15,662 - INFO - service precision | micro: 0.009685; macro: 0.064748; score: [0.00925926 0.         0.         0.06666667 0.         0.
 0.5        0.         0.00680272]
2025-09-04 20:04:15,662 - INFO - service recall    | micro: 0.333333; macro: 0.355556; score: [1.  0.  0.  0.2 0.  0.  1.  0.  1. ]
2025-09-04 20:04:15,662 - INFO - service f1        | micro: 0.018824; macro: 0.088725; score: [0.01834862 0.         0.         0.1        0.         0.
 0.66666667 0.         0.01351351]
2025-09-04 20:04:15,695 - INFO - pod     precision | micro: 0.007326; macro: 0.137925; score: [1.00000000e+00 0.00000000e+00 1.33689840e-02 2.33918129e-02
 1.78094390e-02 1.94805195e-03 1.76470588e-01 4.16666667e-04
 7.91666667e-03]
2025-09-04 20:04:15,695 - INFO - pod     recall    | micro: 0.508621; macro: 0.557465; score: [0.1        0.         0.25       0.19047619 0.86956522 0.75
 0.85714286 1.         1.        ]
2025-09-04 20:04:15,695 - INFO - pod     f1        | micro: 0.014443; macro: 0.066320; score: [0.18181818 0.         0.02538071 0.04166667 0.03490401 0.00388601
 0.29268293 0.00083299 0.01570897]
2025-09-04 20:04:15,695 - INFO - ----------
2025-09-04 20:04:16,974 - INFO - [1/300] | train_loss: 3.39434
2025-09-04 20:04:18,251 - INFO - [2/300] | train_loss: 2.79519
2025-09-04 20:04:19,515 - INFO - [3/300] | train_loss: 2.22384
2025-09-04 20:04:20,786 - INFO - [4/300] | train_loss: 1.76624
2025-09-04 20:04:22,060 - INFO - [5/300] | train_loss: 1.44018
2025-09-04 20:04:23,329 - INFO - [6/300] | train_loss: 1.16928
2025-09-04 20:04:24,599 - INFO - [7/300] | train_loss: 0.97404
2025-09-04 20:04:25,896 - INFO - [8/300] | train_loss: 0.85388
2025-09-04 20:04:27,203 - INFO - [9/300] | train_loss: 0.73900
2025-09-04 20:04:28,547 - INFO - [10/300] | train_loss: 0.64342
2025-09-04 20:04:28,654 - INFO - ----------
2025-09-04 20:04:28,654 - INFO - evaluation dataset type: valid
2025-09-04 20:04:28,671 - INFO - node    precision | micro: 0.267857; macro: 0.287831; score: [0.35714286 0.21428571 0.22222222 0.         0.33333333 0.6       ]
2025-09-04 20:04:28,671 - INFO - node    recall    | micro: 0.937500; macro: 0.777778; score: [1.         1.         0.66666667 0.         1.         1.        ]
2025-09-04 20:04:28,671 - INFO - node    f1        | micro: 0.416667; macro: 0.410432; score: [0.52631579 0.35294118 0.33333333 0.         0.5        0.75      ]
2025-09-04 20:04:28,687 - INFO - service precision | micro: 0.127660; macro: 0.148361; score: [0.33333333 0.13333333 0.03921569 0.22222222 0.17857143 0.
 0.14285714 0.         0.28571429]
2025-09-04 20:04:28,688 - INFO - service recall    | micro: 0.750000; macro: 0.655556; score: [1.  1.  0.5 0.4 1.  0.  1.  0.  1. ]
2025-09-04 20:04:28,688 - INFO - service f1        | micro: 0.218182; macro: 0.232357; score: [0.5        0.23529412 0.07272727 0.28571429 0.3030303  0.
 0.25       0.         0.44444444]
2025-09-04 20:04:28,716 - INFO - pod     precision | micro: 0.131234; macro: 0.160239; score: [0.25641026 0.25       0.06140351 0.15151515 0.16296296 0.01315789
 0.15909091 0.02222222 0.36538462]
2025-09-04 20:04:28,716 - INFO - pod     recall    | micro: 0.862069; macro: 0.846756; score: [1.         1.         0.7        0.71428571 0.95652174 0.25
 1.         1.         1.        ]
2025-09-04 20:04:28,716 - INFO - pod     f1        | micro: 0.227790; macro: 0.258639; score: [0.40816327 0.4        0.11290323 0.25       0.27848101 0.025
 0.2745098  0.04347826 0.53521127]
2025-09-04 20:04:28,716 - INFO - ----------
2025-09-04 20:04:30,026 - INFO - [11/300] | train_loss: 0.61683
2025-09-04 20:04:31,344 - INFO - [12/300] | train_loss: 0.56492
2025-09-04 20:04:32,633 - INFO - [13/300] | train_loss: 0.53296
2025-09-04 20:04:33,924 - INFO - [14/300] | train_loss: 0.49567
2025-09-04 20:04:35,221 - INFO - [15/300] | train_loss: 0.47515
2025-09-04 20:04:36,519 - INFO - [16/300] | train_loss: 0.42960
2025-09-04 20:04:37,798 - INFO - [17/300] | train_loss: 0.37883
2025-09-04 20:04:39,091 - INFO - [18/300] | train_loss: 0.38241
2025-09-04 20:04:40,393 - INFO - [19/300] | train_loss: 0.38602
2025-09-04 20:04:41,693 - INFO - [20/300] | train_loss: 0.35899
2025-09-04 20:04:41,795 - INFO - ----------
2025-09-04 20:04:41,796 - INFO - evaluation dataset type: valid
2025-09-04 20:04:41,812 - INFO - node    precision | micro: 0.378378; macro: 0.419444; score: [0.5        0.2        0.66666667 0.         0.4        0.75      ]
2025-09-04 20:04:41,812 - INFO - node    recall    | micro: 0.875000; macro: 0.722222; score: [1.         0.66666667 0.66666667 0.         1.         1.        ]
2025-09-04 20:04:41,813 - INFO - node    f1        | micro: 0.528302; macro: 0.511600; score: [0.66666667 0.30769231 0.66666667 0.         0.57142857 0.85714286]
2025-09-04 20:04:41,829 - INFO - service precision | micro: 0.217391; macro: 0.233775; score: [0.5        0.22222222 0.05263158 0.25       0.30769231 0.
 0.2        0.         0.57142857]
2025-09-04 20:04:41,829 - INFO - service recall    | micro: 0.625000; macro: 0.583333; score: [1.   1.   0.25 0.2  0.8  0.   1.   0.   1.  ]
2025-09-04 20:04:41,829 - INFO - service f1        | micro: 0.322581; macro: 0.316059; score: [0.66666667 0.36363636 0.08695652 0.22222222 0.44444444 0.
 0.33333333 0.         0.72727273]
2025-09-04 20:04:41,856 - INFO - pod     precision | micro: 0.176166; macro: 0.181951; score: [0.29411765 0.25       0.125      0.18181818 0.2037037  0.01818182
 0.175      0.03125    0.35849057]
2025-09-04 20:04:41,857 - INFO - pod     recall    | micro: 0.879310; macro: 0.858132; score: [1.         1.         0.85       0.66666667 0.95652174 0.25
 1.         1.         1.        ]
2025-09-04 20:04:41,857 - INFO - pod     f1        | micro: 0.293525; macro: 0.290471; score: [0.45454545 0.4        0.21794872 0.28571429 0.33587786 0.03389831
 0.29787234 0.06060606 0.52777778]
2025-09-04 20:04:41,857 - INFO - ----------
2025-09-04 20:04:43,239 - INFO - [21/300] | train_loss: 0.33354
2025-09-04 20:04:44,525 - INFO - [22/300] | train_loss: 0.31685
2025-09-04 20:04:45,808 - INFO - [23/300] | train_loss: 0.29300
2025-09-04 20:04:47,088 - INFO - [24/300] | train_loss: 0.29693
2025-09-04 20:04:48,383 - INFO - [25/300] | train_loss: 0.28730
2025-09-04 20:04:49,631 - INFO - [26/300] | train_loss: 0.29550
2025-09-04 20:04:50,879 - INFO - [27/300] | train_loss: 0.26139
2025-09-04 20:04:52,127 - INFO - [28/300] | train_loss: 0.27919
2025-09-04 20:04:53,374 - INFO - [29/300] | train_loss: 0.23799
2025-09-04 20:04:54,621 - INFO - [30/300] | train_loss: 0.27018
2025-09-04 20:04:54,729 - INFO - ----------
2025-09-04 20:04:54,729 - INFO - evaluation dataset type: valid
2025-09-04 20:04:54,744 - INFO - node    precision | micro: 0.411765; macro: 0.442593; score: [0.55555556 0.2        0.5        0.         0.4        1.        ]
2025-09-04 20:04:54,745 - INFO - node    recall    | micro: 0.875000; macro: 0.722222; score: [1.         0.66666667 0.66666667 0.         1.         1.        ]
2025-09-04 20:04:54,745 - INFO - node    f1        | micro: 0.560000; macro: 0.527473; score: [0.71428571 0.30769231 0.57142857 0.         0.57142857 1.        ]
2025-09-04 20:04:54,761 - INFO - service precision | micro: 0.213115; macro: 0.208642; score: [0.5        0.13333333 0.11111111 0.25       0.3        0.
 0.25       0.         0.33333333]
2025-09-04 20:04:54,761 - INFO - service recall    | micro: 0.541667; macro: 0.533333; score: [1.   1.   0.25 0.2  0.6  0.   1.   0.   0.75]
2025-09-04 20:04:54,761 - INFO - service f1        | micro: 0.305882; macro: 0.282174; score: [0.66666667 0.23529412 0.15384615 0.22222222 0.4        0.
 0.4        0.         0.46153846]
2025-09-04 20:04:54,789 - INFO - pod     precision | micro: 0.202222; macro: 0.202194; score: [0.3030303  0.25581395 0.15053763 0.17741935 0.21428571 0.
 0.19444444 0.03703704 0.48717949]
2025-09-04 20:04:54,789 - INFO - pod     recall    | micro: 0.784483; macro: 0.778491; score: [1.         1.         0.7        0.52380952 0.7826087  0.
 1.         1.         1.        ]
2025-09-04 20:04:54,789 - INFO - pod     f1        | micro: 0.321555; macro: 0.308223; score: [0.46511628 0.40740741 0.24778761 0.26506024 0.3364486  0.
 0.3255814  0.07142857 0.65517241]
2025-09-04 20:04:54,789 - INFO - ----------
2025-09-04 20:04:56,071 - INFO - [31/300] | train_loss: 0.25765
2025-09-04 20:04:57,356 - INFO - [32/300] | train_loss: 0.24151
2025-09-04 20:04:58,639 - INFO - [33/300] | train_loss: 0.24452
2025-09-04 20:04:59,930 - INFO - [34/300] | train_loss: 0.21622
2025-09-04 20:05:01,209 - INFO - [35/300] | train_loss: 0.24961
2025-09-04 20:05:02,497 - INFO - [36/300] | train_loss: 0.23140
2025-09-04 20:05:03,782 - INFO - [37/300] | train_loss: 0.21102
2025-09-04 20:05:05,056 - INFO - [38/300] | train_loss: 0.21527
2025-09-04 20:05:06,320 - INFO - [39/300] | train_loss: 0.21089
2025-09-04 20:05:07,582 - INFO - [40/300] | train_loss: 0.19325
2025-09-04 20:05:07,689 - INFO - ----------
2025-09-04 20:05:07,689 - INFO - evaluation dataset type: valid
2025-09-04 20:05:07,706 - INFO - node    precision | micro: 0.466667; macro: 0.490278; score: [0.625      0.25       0.66666667 0.         0.4        1.        ]
2025-09-04 20:05:07,706 - INFO - node    recall    | micro: 0.875000; macro: 0.722222; score: [1.         0.66666667 0.66666667 0.         1.         1.        ]
2025-09-04 20:05:07,706 - INFO - node    f1        | micro: 0.608696; macro: 0.561827; score: [0.76923077 0.36363636 0.66666667 0.         0.57142857 1.        ]
2025-09-04 20:05:07,722 - INFO - service precision | micro: 0.274510; macro: 0.268615; score: [0.66666667 0.28571429 0.18181818 0.2        0.25       0.
 0.33333333 0.         0.5       ]
2025-09-04 20:05:07,723 - INFO - service recall    | micro: 0.583333; macro: 0.561111; score: [1.   1.   0.5  0.2  0.6  0.   1.   0.   0.75]
2025-09-04 20:05:07,723 - INFO - service f1        | micro: 0.373333; macro: 0.351561; score: [0.8        0.44444444 0.26666667 0.2        0.35294118 0.
 0.5        0.         0.6       ]
2025-09-04 20:05:07,750 - INFO - pod     precision | micro: 0.225513; macro: 0.226769; score: [0.32258065 0.28947368 0.16666667 0.19178082 0.22340426 0.
 0.22580645 0.04545455 0.57575758]
2025-09-04 20:05:07,750 - INFO - pod     recall    | micro: 0.853448; macro: 0.819968; score: [1.         1.         0.8        0.66666667 0.91304348 0.
 1.         1.         1.        ]
2025-09-04 20:05:07,750 - INFO - pod     f1        | micro: 0.356757; macro: 0.339516; score: [0.48780488 0.44897959 0.27586207 0.29787234 0.35897436 0.
 0.36842105 0.08695652 0.73076923]
2025-09-04 20:05:07,750 - INFO - ----------
2025-09-04 20:05:09,013 - INFO - [41/300] | train_loss: 0.18532
2025-09-04 20:05:10,292 - INFO - [42/300] | train_loss: 0.18068
2025-09-04 20:05:11,556 - INFO - [43/300] | train_loss: 0.18666
2025-09-04 20:05:12,823 - INFO - [44/300] | train_loss: 0.17990
2025-09-04 20:05:14,088 - INFO - [45/300] | train_loss: 0.18745
2025-09-04 20:05:15,369 - INFO - [46/300] | train_loss: 0.15730
2025-09-04 20:05:16,660 - INFO - [47/300] | train_loss: 0.16968
2025-09-04 20:05:17,950 - INFO - [48/300] | train_loss: 0.16849
2025-09-04 20:05:19,349 - INFO - [49/300] | train_loss: 0.15328
2025-09-04 20:05:20,662 - INFO - [50/300] | train_loss: 0.16517
2025-09-04 20:05:20,775 - INFO - ----------
2025-09-04 20:05:20,775 - INFO - evaluation dataset type: valid
2025-09-04 20:05:20,792 - INFO - node    precision | micro: 0.451613; macro: 0.441667; score: [0.5  0.25 0.4  0.   0.5  1.  ]
2025-09-04 20:05:20,792 - INFO - node    recall    | micro: 0.875000; macro: 0.722222; score: [1.         0.66666667 0.66666667 0.         1.         1.        ]
2025-09-04 20:05:20,792 - INFO - node    f1        | micro: 0.595745; macro: 0.532828; score: [0.66666667 0.36363636 0.5        0.         0.66666667 1.        ]
2025-09-04 20:05:20,809 - INFO - service precision | micro: 0.342857; macro: 0.352910; score: [1.         0.33333333 0.14285714 0.2        0.4        0.
 0.5        0.         0.6       ]
2025-09-04 20:05:20,809 - INFO - service recall    | micro: 0.500000; macro: 0.511111; score: [1.   1.   0.25 0.2  0.4  0.   1.   0.   0.75]
2025-09-04 20:05:20,809 - INFO - service f1        | micro: 0.406780; macro: 0.401684; score: [1.         0.5        0.18181818 0.2        0.4        0.
 0.66666667 0.         0.66666667]
2025-09-04 20:05:20,837 - INFO - pod     precision | micro: 0.264095; macro: 0.274174; score: [0.55555556 0.2972973  0.20289855 0.21052632 0.29032258 0.03125
 0.23333333 0.05263158 0.59375   ]
2025-09-04 20:05:20,837 - INFO - pod     recall    | micro: 0.767241; macro: 0.790396; score: [1.         1.         0.7        0.38095238 0.7826087  0.25
 1.         1.         1.        ]
2025-09-04 20:05:20,837 - INFO - pod     f1        | micro: 0.392936; macro: 0.384553; score: [0.71428571 0.45833333 0.31460674 0.27118644 0.42352941 0.05555556
 0.37837838 0.1        0.74509804]
2025-09-04 20:05:20,837 - INFO - ----------
2025-09-04 20:05:22,117 - INFO - [51/300] | train_loss: 0.14972
2025-09-04 20:05:23,401 - INFO - [52/300] | train_loss: 0.14022
2025-09-04 20:05:24,687 - INFO - [53/300] | train_loss: 0.14851
2025-09-04 20:05:25,958 - INFO - [54/300] | train_loss: 0.14605
2025-09-04 20:05:27,228 - INFO - [55/300] | train_loss: 0.17155
2025-09-04 20:05:28,514 - INFO - [56/300] | train_loss: 0.16068
2025-09-04 20:05:29,796 - INFO - [57/300] | train_loss: 0.15842
2025-09-04 20:05:31,071 - INFO - [58/300] | train_loss: 0.17643
2025-09-04 20:05:32,343 - INFO - [59/300] | train_loss: 0.14753
2025-09-04 20:05:33,617 - INFO - [60/300] | train_loss: 0.16856
2025-09-04 20:05:33,727 - INFO - ----------
2025-09-04 20:05:33,728 - INFO - evaluation dataset type: valid
2025-09-04 20:05:33,744 - INFO - node    precision | micro: 0.518519; macro: 0.562500; score: [0.625 0.25  1.    0.    0.5   1.   ]
2025-09-04 20:05:33,744 - INFO - node    recall    | micro: 0.875000; macro: 0.722222; score: [1.         0.66666667 0.66666667 0.         1.         1.        ]
2025-09-04 20:05:33,744 - INFO - node    f1        | micro: 0.651163; macro: 0.599922; score: [0.76923077 0.36363636 0.8        0.         0.66666667 1.        ]
2025-09-04 20:05:33,760 - INFO - service precision | micro: 0.282609; macro: 0.337224; score: [1.         0.28571429 0.05882353 0.33333333 0.28571429 0.
 0.5        0.         0.57142857]
2025-09-04 20:05:33,760 - INFO - service recall    | micro: 0.541667; macro: 0.538889; score: [1.   1.   0.25 0.2  0.4  0.   1.   0.   1.  ]
2025-09-04 20:05:33,760 - INFO - service f1        | micro: 0.371429; macro: 0.390773; score: [1.         0.44444444 0.0952381  0.25       0.33333333 0.
 0.66666667 0.         0.72727273]
2025-09-04 20:05:33,788 - INFO - pod     precision | micro: 0.241935; macro: 0.287119; score: [0.71428571 0.2972973  0.11111111 0.20930233 0.296875   0.
 0.26923077 0.05263158 0.63333333]
2025-09-04 20:05:33,788 - INFO - pod     recall    | micro: 0.775862; macro: 0.772740; score: [1.         1.         0.7        0.42857143 0.82608696 0.
 1.         1.         1.        ]
2025-09-04 20:05:33,788 - INFO - pod     f1        | micro: 0.368852; macro: 0.389026; score: [0.83333333 0.45833333 0.19178082 0.28125    0.43678161 0.
 0.42424242 0.1        0.7755102 ]
2025-09-04 20:05:33,788 - INFO - ----------
2025-09-04 20:05:35,077 - INFO - [61/300] | train_loss: 0.15180
2025-09-04 20:05:36,354 - INFO - [62/300] | train_loss: 0.14414
2025-09-04 20:05:37,639 - INFO - [63/300] | train_loss: 0.13070
2025-09-04 20:05:38,918 - INFO - [64/300] | train_loss: 0.12933
2025-09-04 20:05:40,200 - INFO - [65/300] | train_loss: 0.15773
2025-09-04 20:05:41,470 - INFO - [66/300] | train_loss: 0.18076
2025-09-04 20:05:42,742 - INFO - [67/300] | train_loss: 0.12207
2025-09-04 20:05:44,023 - INFO - [68/300] | train_loss: 0.13347
2025-09-04 20:05:45,306 - INFO - [69/300] | train_loss: 0.12389
2025-09-04 20:05:46,591 - INFO - [70/300] | train_loss: 0.12479
2025-09-04 20:05:46,696 - INFO - ----------
2025-09-04 20:05:46,696 - INFO - evaluation dataset type: valid
2025-09-04 20:05:46,712 - INFO - node    precision | micro: 0.608696; macro: 0.587500; score: [0.625 0.4   1.    0.    0.5   1.   ]
2025-09-04 20:05:46,712 - INFO - node    recall    | micro: 0.875000; macro: 0.722222; score: [1.         0.66666667 0.66666667 0.         1.         1.        ]
2025-09-04 20:05:46,712 - INFO - node    f1        | micro: 0.717949; macro: 0.622650; score: [0.76923077 0.5        0.8        0.         0.66666667 1.        ]
2025-09-04 20:05:46,728 - INFO - service precision | micro: 0.311111; macro: 0.316246; score: [0.66666667 0.5        0.09090909 0.125      0.36363636 0.
 0.5        0.         0.6       ]
2025-09-04 20:05:46,728 - INFO - service recall    | micro: 0.583333; macro: 0.555556; score: [1.   1.   0.25 0.2  0.8  0.   1.   0.   0.75]
2025-09-04 20:05:46,728 - INFO - service f1        | micro: 0.405797; macro: 0.398575; score: [0.8        0.66666667 0.13333333 0.15384615 0.5        0.
 0.66666667 0.         0.66666667]
2025-09-04 20:05:46,755 - INFO - pod     precision | micro: 0.276527; macro: 0.312315; score: [0.83333333 0.33333333 0.1641791  0.13114754 0.31666667 0.
 0.31818182 0.05882353 0.65517241]
2025-09-04 20:05:46,755 - INFO - pod     recall    | micro: 0.741379; macro: 0.750782; score: [1.         1.         0.55       0.38095238 0.82608696 0.
 1.         1.         1.        ]
2025-09-04 20:05:46,756 - INFO - pod     f1        | micro: 0.402810; macro: 0.411162; score: [0.90909091 0.5        0.25287356 0.19512195 0.45783133 0.
 0.48275862 0.11111111 0.79166667]
2025-09-04 20:05:46,756 - INFO - ----------
2025-09-04 20:05:48,052 - INFO - [71/300] | train_loss: 0.11901
2025-09-04 20:05:49,334 - INFO - [72/300] | train_loss: 0.14166
2025-09-04 20:05:50,632 - INFO - [73/300] | train_loss: 0.12778
2025-09-04 20:05:51,916 - INFO - [74/300] | train_loss: 0.13373
2025-09-04 20:05:53,272 - INFO - [75/300] | train_loss: 0.15883
2025-09-04 20:05:54,544 - INFO - [76/300] | train_loss: 0.16780
2025-09-04 20:05:55,816 - INFO - [77/300] | train_loss: 0.13953
2025-09-04 20:05:57,098 - INFO - [78/300] | train_loss: 0.13810
2025-09-04 20:05:58,369 - INFO - [79/300] | train_loss: 0.11941
2025-09-04 20:05:59,654 - INFO - [80/300] | train_loss: 0.11508
2025-09-04 20:05:59,759 - INFO - ----------
2025-09-04 20:05:59,759 - INFO - evaluation dataset type: valid
2025-09-04 20:05:59,776 - INFO - node    precision | micro: 0.583333; macro: 0.531944; score: [0.625      0.4        0.66666667 0.         0.5        1.        ]
2025-09-04 20:05:59,776 - INFO - node    recall    | micro: 0.875000; macro: 0.722222; score: [1.         0.66666667 0.66666667 0.         1.         1.        ]
2025-09-04 20:05:59,776 - INFO - node    f1        | micro: 0.700000; macro: 0.600427; score: [0.76923077 0.5        0.66666667 0.         0.66666667 1.        ]
2025-09-04 20:05:59,793 - INFO - service precision | micro: 0.357143; macro: 0.349471; score: [0.66666667 0.4        0.2        0.2        0.42857143 0.
 0.5        0.         0.75      ]
2025-09-04 20:05:59,793 - INFO - service recall    | micro: 0.625000; macro: 0.583333; score: [1.   1.   0.5  0.4  0.6  0.   1.   0.   0.75]
2025-09-04 20:05:59,793 - INFO - service f1        | micro: 0.454545; macro: 0.426720; score: [0.8        0.57142857 0.28571429 0.26666667 0.5        0.
 0.66666667 0.         0.75      ]
2025-09-04 20:05:59,821 - INFO - pod     precision | micro: 0.272981; macro: 0.308857; score: [0.83333333 0.32352941 0.19736842 0.18181818 0.26923077 0.
 0.31818182 0.0625     0.59375   ]
2025-09-04 20:05:59,821 - INFO - pod     recall    | micro: 0.844828; macro: 0.814412; score: [1.         1.         0.75       0.66666667 0.91304348 0.
 1.         1.         1.        ]
2025-09-04 20:05:59,821 - INFO - pod     f1        | micro: 0.412632; macro: 0.417504; score: [0.90909091 0.48888889 0.3125     0.28571429 0.41584158 0.
 0.48275862 0.11764706 0.74509804]
2025-09-04 20:05:59,821 - INFO - ----------
2025-09-04 20:06:01,106 - INFO - [81/300] | train_loss: 0.11062
2025-09-04 20:06:02,407 - INFO - [82/300] | train_loss: 0.13783
2025-09-04 20:06:03,715 - INFO - [83/300] | train_loss: 0.10046
2025-09-04 20:06:05,026 - INFO - [84/300] | train_loss: 0.09839
2025-09-04 20:06:06,328 - INFO - [85/300] | train_loss: 0.09167
2025-09-04 20:06:07,610 - INFO - [86/300] | train_loss: 0.09919
2025-09-04 20:06:08,894 - INFO - [87/300] | train_loss: 0.09714
2025-09-04 20:06:10,189 - INFO - [88/300] | train_loss: 0.09600
2025-09-04 20:06:11,483 - INFO - [89/300] | train_loss: 0.08264
2025-09-04 20:06:12,765 - INFO - [90/300] | train_loss: 0.08646
2025-09-04 20:06:12,871 - INFO - ----------
2025-09-04 20:06:12,871 - INFO - evaluation dataset type: valid
2025-09-04 20:06:12,886 - INFO - node    precision | micro: 0.608696; macro: 0.546825; score: [0.71428571 0.4        0.66666667 0.         0.5        1.        ]
2025-09-04 20:06:12,886 - INFO - node    recall    | micro: 0.875000; macro: 0.722222; score: [1.         0.66666667 0.66666667 0.         1.         1.        ]
2025-09-04 20:06:12,887 - INFO - node    f1        | micro: 0.717949; macro: 0.611111; score: [0.83333333 0.5        0.66666667 0.         0.66666667 1.        ]
2025-09-04 20:06:12,903 - INFO - service precision | micro: 0.444444; macro: 0.499074; score: [1.         0.5        0.2        0.125      0.66666667 0.
 1.         0.         1.        ]
2025-09-04 20:06:12,903 - INFO - service recall    | micro: 0.500000; macro: 0.511111; score: [1.   1.   0.25 0.2  0.4  0.   1.   0.   0.75]
2025-09-04 20:06:12,903 - INFO - service f1        | micro: 0.470588; macro: 0.488875; score: [1.         0.66666667 0.22222222 0.15384615 0.5        0.
 1.         0.         0.85714286]
2025-09-04 20:06:12,931 - INFO - pod     precision | micro: 0.342742; macro: 0.352232; score: [0.90909091 0.40740741 0.26       0.15555556 0.37777778 0.
 0.35       0.07692308 0.63333333]
2025-09-04 20:06:12,932 - INFO - pod     recall    | micro: 0.732759; macro: 0.746940; score: [1.         1.         0.65       0.33333333 0.73913043 0.
 1.         1.         1.        ]
2025-09-04 20:06:12,932 - INFO - pod     f1        | micro: 0.467033; macro: 0.450196; score: [0.95238095 0.57894737 0.37142857 0.21212121 0.5        0.
 0.51851852 0.14285714 0.7755102 ]
2025-09-04 20:06:12,932 - INFO - ----------
2025-09-04 20:06:14,204 - INFO - [91/300] | train_loss: 0.07577
2025-09-04 20:06:15,566 - INFO - [92/300] | train_loss: 0.08477
2025-09-04 20:06:16,838 - INFO - [93/300] | train_loss: 0.08856
2025-09-04 20:06:18,191 - INFO - [94/300] | train_loss: 0.08036
2025-09-04 20:06:19,466 - INFO - [95/300] | train_loss: 0.07266
2025-09-04 20:06:20,745 - INFO - [96/300] | train_loss: 0.08276
2025-09-04 20:06:22,029 - INFO - [97/300] | train_loss: 0.08031
2025-09-04 20:06:23,301 - INFO - [98/300] | train_loss: 0.08220
2025-09-04 20:06:24,586 - INFO - [99/300] | train_loss: 0.08639
2025-09-04 20:06:25,857 - INFO - [100/300] | train_loss: 0.07490
2025-09-04 20:06:25,962 - INFO - ----------
2025-09-04 20:06:25,962 - INFO - evaluation dataset type: valid
2025-09-04 20:06:25,978 - INFO - node    precision | micro: 0.636364; macro: 0.574603; score: [0.71428571 0.4        0.66666667 0.         0.66666667 1.        ]
2025-09-04 20:06:25,978 - INFO - node    recall    | micro: 0.875000; macro: 0.722222; score: [1.         0.66666667 0.66666667 0.         1.         1.        ]
2025-09-04 20:06:25,978 - INFO - node    f1        | micro: 0.736842; macro: 0.633333; score: [0.83333333 0.5        0.66666667 0.         0.8        1.        ]
2025-09-04 20:06:25,994 - INFO - service precision | micro: 0.444444; macro: 0.461111; score: [1.         0.33333333 0.2        0.2        0.66666667 0.
 1.         0.         0.75      ]
2025-09-04 20:06:25,995 - INFO - service recall    | micro: 0.500000; macro: 0.511111; score: [1.   1.   0.25 0.2  0.4  0.   1.   0.   0.75]
2025-09-04 20:06:25,995 - INFO - service f1        | micro: 0.470588; macro: 0.463580; score: [1.         0.5        0.22222222 0.2        0.5        0.
 1.         0.         0.75      ]
2025-09-04 20:06:26,022 - INFO - pod     precision | micro: 0.361233; macro: 0.356502; score: [0.83333333 0.40740741 0.26829268 0.16666667 0.42105263 0.
 0.41176471 0.1        0.6       ]
2025-09-04 20:06:26,022 - INFO - pod     recall    | micro: 0.706897; macro: 0.730441; score: [1.         1.         0.55       0.38095238 0.69565217 0.
 1.         1.         0.94736842]
2025-09-04 20:06:26,022 - INFO - pod     f1        | micro: 0.478134; macro: 0.456113; score: [0.90909091 0.57894737 0.36065574 0.23188406 0.52459016 0.
 0.58333333 0.18181818 0.73469388]
2025-09-04 20:06:26,022 - INFO - ----------
2025-09-04 20:06:27,290 - INFO - [101/300] | train_loss: 0.08799
2025-09-04 20:06:28,553 - INFO - [102/300] | train_loss: 0.07021
2025-09-04 20:06:29,825 - INFO - [103/300] | train_loss: 0.08863
2025-09-04 20:06:31,095 - INFO - [104/300] | train_loss: 0.06848
2025-09-04 20:06:32,391 - INFO - [105/300] | train_loss: 0.09201
2025-09-04 20:06:33,661 - INFO - [106/300] | train_loss: 0.06649
2025-09-04 20:06:34,938 - INFO - [107/300] | train_loss: 0.07979
2025-09-04 20:06:36,222 - INFO - [108/300] | train_loss: 0.09130
2025-09-04 20:06:37,501 - INFO - [109/300] | train_loss: 0.08640
2025-09-04 20:06:38,783 - INFO - [110/300] | train_loss: 0.08228
2025-09-04 20:06:38,891 - INFO - ----------
2025-09-04 20:06:38,891 - INFO - evaluation dataset type: valid
2025-09-04 20:06:38,907 - INFO - node    precision | micro: 0.636364; macro: 0.574603; score: [0.71428571 0.4        0.66666667 0.         0.66666667 1.        ]
2025-09-04 20:06:38,907 - INFO - node    recall    | micro: 0.875000; macro: 0.722222; score: [1.         0.66666667 0.66666667 0.         1.         1.        ]
2025-09-04 20:06:38,908 - INFO - node    f1        | micro: 0.736842; macro: 0.633333; score: [0.83333333 0.5        0.66666667 0.         0.8        1.        ]
2025-09-04 20:06:38,924 - INFO - service precision | micro: 0.461538; macro: 0.461111; score: [1.         0.33333333 0.2        0.2        0.66666667 0.
 1.         0.         0.75      ]
2025-09-04 20:06:38,925 - INFO - service recall    | micro: 0.500000; macro: 0.511111; score: [1.   1.   0.25 0.2  0.4  0.   1.   0.   0.75]
2025-09-04 20:06:38,925 - INFO - service f1        | micro: 0.480000; macro: 0.463580; score: [1.         0.5        0.22222222 0.2        0.5        0.
 1.         0.         0.75      ]
2025-09-04 20:06:38,952 - INFO - pod     precision | micro: 0.352941; macro: 0.373244; score: [0.83333333 0.45833333 0.23076923 0.18181818 0.3902439  0.
 0.46666667 0.14285714 0.65517241]
2025-09-04 20:06:38,952 - INFO - pod     recall    | micro: 0.724138; macro: 0.741845; score: [1.         1.         0.6        0.38095238 0.69565217 0.
 1.         1.         1.        ]
2025-09-04 20:06:38,953 - INFO - pod     f1        | micro: 0.474576; macro: 0.477242; score: [0.90909091 0.62857143 0.33333333 0.24615385 0.5        0.
 0.63636364 0.25       0.79166667]
2025-09-04 20:06:38,953 - INFO - ----------
2025-09-04 20:06:40,232 - INFO - [111/300] | train_loss: 0.08906
2025-09-04 20:06:41,534 - INFO - [112/300] | train_loss: 0.08516
2025-09-04 20:06:42,827 - INFO - [113/300] | train_loss: 0.07302
2025-09-04 20:06:44,111 - INFO - [114/300] | train_loss: 0.06711
2025-09-04 20:06:45,392 - INFO - [115/300] | train_loss: 0.07766
2025-09-04 20:06:46,682 - INFO - [116/300] | train_loss: 0.08849
2025-09-04 20:06:47,969 - INFO - [117/300] | train_loss: 0.06163
2025-09-04 20:06:49,312 - INFO - [118/300] | train_loss: 0.07927
2025-09-04 20:06:50,597 - INFO - [119/300] | train_loss: 0.07346
2025-09-04 20:06:51,981 - INFO - [120/300] | train_loss: 0.09011
2025-09-04 20:06:52,087 - INFO - ----------
2025-09-04 20:06:52,087 - INFO - evaluation dataset type: valid
2025-09-04 20:06:52,104 - INFO - node    precision | micro: 0.636364; macro: 0.574603; score: [0.71428571 0.4        0.66666667 0.         0.66666667 1.        ]
2025-09-04 20:06:52,104 - INFO - node    recall    | micro: 0.875000; macro: 0.722222; score: [1.         0.66666667 0.66666667 0.         1.         1.        ]
2025-09-04 20:06:52,104 - INFO - node    f1        | micro: 0.736842; macro: 0.633333; score: [0.83333333 0.5        0.66666667 0.         0.8        1.        ]
2025-09-04 20:06:52,120 - INFO - service precision | micro: 0.521739; macro: 0.494444; score: [1.   0.5  0.25 0.2  0.5  0.   1.   0.   1.  ]
2025-09-04 20:06:52,120 - INFO - service recall    | micro: 0.500000; macro: 0.516667; score: [1.   1.   0.25 0.2  0.2  0.   1.   0.   1.  ]
2025-09-04 20:06:52,121 - INFO - service f1        | micro: 0.510638; macro: 0.489153; score: [1.         0.66666667 0.25       0.2        0.28571429 0.
 1.         0.         1.        ]
2025-09-04 20:06:52,147 - INFO - pod     precision | micro: 0.400990; macro: 0.400398; score: [0.90909091 0.52380952 0.23913043 0.21621622 0.41176471 0.
 0.5        0.125      0.67857143]
2025-09-04 20:06:52,148 - INFO - pod     recall    | micro: 0.698276; macro: 0.726628; score: [1.         1.         0.55       0.38095238 0.60869565 0.
 1.         1.         1.        ]
2025-09-04 20:06:52,148 - INFO - pod     f1        | micro: 0.509434; macro: 0.493078; score: [0.95238095 0.6875     0.33333333 0.27586207 0.49122807 0.
 0.66666667 0.22222222 0.80851064]
2025-09-04 20:06:52,148 - INFO - ----------
2025-09-04 20:06:53,457 - INFO - [121/300] | train_loss: 0.07774
2025-09-04 20:06:54,731 - INFO - [122/300] | train_loss: 0.07420
2025-09-04 20:06:55,999 - INFO - [123/300] | train_loss: 0.07801
2025-09-04 20:06:57,265 - INFO - [124/300] | train_loss: 0.08095
2025-09-04 20:06:58,526 - INFO - [125/300] | train_loss: 0.06081
2025-09-04 20:06:59,805 - INFO - [126/300] | train_loss: 0.07661
2025-09-04 20:07:01,086 - INFO - [127/300] | train_loss: 0.08073
2025-09-04 20:07:02,375 - INFO - [128/300] | train_loss: 0.07103
2025-09-04 20:07:03,667 - INFO - [129/300] | train_loss: 0.06985
2025-09-04 20:07:04,949 - INFO - [130/300] | train_loss: 0.07202
2025-09-04 20:07:05,054 - INFO - ----------
2025-09-04 20:07:05,054 - INFO - evaluation dataset type: valid
2025-09-04 20:07:05,070 - INFO - node    precision | micro: 0.636364; macro: 0.574603; score: [0.71428571 0.4        0.66666667 0.         0.66666667 1.        ]
2025-09-04 20:07:05,070 - INFO - node    recall    | micro: 0.875000; macro: 0.722222; score: [1.         0.66666667 0.66666667 0.         1.         1.        ]
2025-09-04 20:07:05,070 - INFO - node    f1        | micro: 0.736842; macro: 0.633333; score: [0.83333333 0.5        0.66666667 0.         0.8        1.        ]
2025-09-04 20:07:05,086 - INFO - service precision | micro: 0.480000; macro: 0.474074; score: [0.66666667 0.4        0.33333333 0.2        0.66666667 0.
 1.         0.         1.        ]
2025-09-04 20:07:05,086 - INFO - service recall    | micro: 0.500000; macro: 0.511111; score: [1.   1.   0.25 0.2  0.4  0.   1.   0.   0.75]
2025-09-04 20:07:05,087 - INFO - service f1        | micro: 0.489796; macro: 0.468254; score: [0.8        0.57142857 0.28571429 0.2        0.5        0.
 1.         0.         0.85714286]
2025-09-04 20:07:05,114 - INFO - pod     precision | micro: 0.387560; macro: 0.398573; score: [0.90909091 0.45833333 0.22222222 0.24137931 0.4375     0.
 0.53846154 0.125      0.65517241]
2025-09-04 20:07:05,114 - INFO - pod     recall    | micro: 0.698276; macro: 0.726892; score: [1.         1.         0.6        0.33333333 0.60869565 0.
 1.         1.         1.        ]
2025-09-04 20:07:05,114 - INFO - pod     f1        | micro: 0.498462; macro: 0.489806; score: [0.95238095 0.62857143 0.32432432 0.28       0.50909091 0.
 0.7        0.22222222 0.79166667]
2025-09-04 20:07:05,114 - INFO - ----------
2025-09-04 20:07:06,409 - INFO - [131/300] | train_loss: 0.07824
2025-09-04 20:07:07,704 - INFO - [132/300] | train_loss: 0.07258
2025-09-04 20:07:08,970 - INFO - [133/300] | train_loss: 0.06953
2025-09-04 20:07:10,236 - INFO - [134/300] | train_loss: 0.06818
2025-09-04 20:07:11,531 - INFO - [135/300] | train_loss: 0.07269
2025-09-04 20:07:12,845 - INFO - [136/300] | train_loss: 0.05109
2025-09-04 20:07:14,139 - INFO - [137/300] | train_loss: 0.06172
2025-09-04 20:07:15,416 - INFO - [138/300] | train_loss: 0.06375
2025-09-04 20:07:16,716 - INFO - [139/300] | train_loss: 0.05289
2025-09-04 20:07:17,997 - INFO - [140/300] | train_loss: 0.07229
2025-09-04 20:07:18,102 - INFO - ----------
2025-09-04 20:07:18,102 - INFO - evaluation dataset type: valid
2025-09-04 20:07:18,118 - INFO - node    precision | micro: 0.666667; macro: 0.630159; score: [0.71428571 0.4        1.         0.         0.66666667 1.        ]
2025-09-04 20:07:18,118 - INFO - node    recall    | micro: 0.875000; macro: 0.722222; score: [1.         0.66666667 0.66666667 0.         1.         1.        ]
2025-09-04 20:07:18,118 - INFO - node    f1        | micro: 0.756757; macro: 0.655556; score: [0.83333333 0.5        0.8        0.         0.8        1.        ]
2025-09-04 20:07:18,135 - INFO - service precision | micro: 0.458333; macro: 0.448148; score: [1.         0.4        0.33333333 0.2        0.5        0.
 1.         0.         0.6       ]
2025-09-04 20:07:18,135 - INFO - service recall    | micro: 0.458333; macro: 0.488889; score: [1.   1.   0.25 0.2  0.2  0.   1.   0.   0.75]
2025-09-04 20:07:18,135 - INFO - service f1        | micro: 0.458333; macro: 0.445503; score: [1.         0.57142857 0.28571429 0.2        0.28571429 0.
 1.         0.         0.66666667]
2025-09-04 20:07:18,162 - INFO - pod     precision | micro: 0.421622; macro: 0.432576; score: [0.90909091 0.42307692 0.28205128 0.23333333 0.5        0.
 0.875      0.14285714 0.52777778]
2025-09-04 20:07:18,162 - INFO - pod     recall    | micro: 0.672414; macro: 0.711675; score: [1.         1.         0.55       0.33333333 0.52173913 0.
 1.         1.         1.        ]
2025-09-04 20:07:18,163 - INFO - pod     f1        | micro: 0.518272; macro: 0.508805; score: [0.95238095 0.59459459 0.37288136 0.2745098  0.5106383  0.
 0.93333333 0.25       0.69090909]
2025-09-04 20:07:18,163 - INFO - ----------
2025-09-04 20:07:19,435 - INFO - [141/300] | train_loss: 0.05543
2025-09-04 20:07:20,727 - INFO - [142/300] | train_loss: 0.05008
2025-09-04 20:07:22,017 - INFO - [143/300] | train_loss: 0.06453
2025-09-04 20:07:23,302 - INFO - [144/300] | train_loss: 0.06566
2025-09-04 20:07:24,595 - INFO - [145/300] | train_loss: 0.06981
2025-09-04 20:07:25,884 - INFO - [146/300] | train_loss: 0.06224
2025-09-04 20:07:27,199 - INFO - [147/300] | train_loss: 0.06628
2025-09-04 20:07:28,482 - INFO - [148/300] | train_loss: 0.07495
2025-09-04 20:07:29,753 - INFO - [149/300] | train_loss: 0.05400
2025-09-04 20:07:31,021 - INFO - [150/300] | train_loss: 0.04813
2025-09-04 20:07:31,127 - INFO - ----------
2025-09-04 20:07:31,127 - INFO - evaluation dataset type: valid
2025-09-04 20:07:31,143 - INFO - node    precision | micro: 0.636364; macro: 0.574603; score: [0.71428571 0.4        0.66666667 0.         0.66666667 1.        ]
2025-09-04 20:07:31,144 - INFO - node    recall    | micro: 0.875000; macro: 0.722222; score: [1.         0.66666667 0.66666667 0.         1.         1.        ]
2025-09-04 20:07:31,144 - INFO - node    f1        | micro: 0.736842; macro: 0.633333; score: [0.83333333 0.5        0.66666667 0.         0.8        1.        ]
2025-09-04 20:07:31,160 - INFO - service precision | micro: 0.687500; macro: 0.592593; score: [1.         0.66666667 0.33333333 0.33333333 1.         0.
 1.         0.         1.        ]
2025-09-04 20:07:31,160 - INFO - service recall    | micro: 0.458333; macro: 0.488889; score: [1.   1.   0.25 0.2  0.2  0.   1.   0.   0.75]
2025-09-04 20:07:31,160 - INFO - service f1        | micro: 0.550000; macro: 0.502910; score: [1.         0.8        0.28571429 0.25       0.33333333 0.
 1.         0.         0.85714286]
2025-09-04 20:07:31,189 - INFO - pod     precision | micro: 0.493590; macro: 0.466360; score: [0.90909091 0.55       0.27777778 0.24       0.65       0.
 0.7        0.16666667 0.7037037 ]
2025-09-04 20:07:31,189 - INFO - pod     recall    | micro: 0.663793; macro: 0.705659; score: [1.         1.         0.5        0.28571429 0.56521739 0.
 1.         1.         1.        ]
2025-09-04 20:07:31,189 - INFO - pod     f1        | micro: 0.566176; macro: 0.535561; score: [0.95238095 0.70967742 0.35714286 0.26086957 0.60465116 0.
 0.82352941 0.28571429 0.82608696]
2025-09-04 20:07:31,189 - INFO - ----------
2025-09-04 20:07:32,466 - INFO - [151/300] | train_loss: 0.05766
2025-09-04 20:07:33,733 - INFO - [152/300] | train_loss: 0.05797
2025-09-04 20:07:35,023 - INFO - [153/300] | train_loss: 0.06618
2025-09-04 20:07:36,290 - INFO - [154/300] | train_loss: 0.06361
2025-09-04 20:07:37,564 - INFO - [155/300] | train_loss: 0.05878
2025-09-04 20:07:38,840 - INFO - [156/300] | train_loss: 0.07617
2025-09-04 20:07:40,110 - INFO - [157/300] | train_loss: 0.05573
2025-09-04 20:07:41,375 - INFO - [158/300] | train_loss: 0.04482
2025-09-04 20:07:42,661 - INFO - [159/300] | train_loss: 0.07002
2025-09-04 20:07:43,938 - INFO - [160/300] | train_loss: 0.06891
2025-09-04 20:07:44,043 - INFO - ----------
2025-09-04 20:07:44,043 - INFO - evaluation dataset type: valid
2025-09-04 20:07:44,059 - INFO - node    precision | micro: 0.636364; macro: 0.574603; score: [0.71428571 0.4        0.66666667 0.         0.66666667 1.        ]
2025-09-04 20:07:44,059 - INFO - node    recall    | micro: 0.875000; macro: 0.722222; score: [1.         0.66666667 0.66666667 0.         1.         1.        ]
2025-09-04 20:07:44,059 - INFO - node    f1        | micro: 0.736842; macro: 0.633333; score: [0.83333333 0.5        0.66666667 0.         0.8        1.        ]
2025-09-04 20:07:44,075 - INFO - service precision | micro: 0.523810; macro: 0.479630; score: [1.         0.4        0.33333333 0.33333333 0.5        0.
 1.         0.         0.75      ]
2025-09-04 20:07:44,075 - INFO - service recall    | micro: 0.458333; macro: 0.488889; score: [1.   1.   0.25 0.2  0.2  0.   1.   0.   0.75]
2025-09-04 20:07:44,076 - INFO - service f1        | micro: 0.488889; macro: 0.460317; score: [1.         0.57142857 0.28571429 0.25       0.28571429 0.
 1.         0.         0.75      ]
2025-09-04 20:07:44,102 - INFO - pod     precision | micro: 0.467456; macro: 0.476712; score: [0.90909091 0.5        0.30555556 0.25       0.58333333 0.
 1.         0.16666667 0.57575758]
2025-09-04 20:07:44,103 - INFO - pod     recall    | micro: 0.681034; macro: 0.716046; score: [1.         1.         0.55       0.28571429 0.60869565 0.
 1.         1.         1.        ]
2025-09-04 20:07:44,103 - INFO - pod     f1        | micro: 0.554386; macro: 0.543422; score: [0.95238095 0.66666667 0.39285714 0.26666667 0.59574468 0.
 1.         0.28571429 0.73076923]
2025-09-04 20:07:44,103 - INFO - ----------
2025-09-04 20:07:45,374 - INFO - [161/300] | train_loss: 0.05212
2025-09-04 20:07:46,646 - INFO - [162/300] | train_loss: 0.06927
2025-09-04 20:07:47,923 - INFO - [163/300] | train_loss: 0.05812
2025-09-04 20:07:49,191 - INFO - [164/300] | train_loss: 0.05605
2025-09-04 20:07:50,466 - INFO - [165/300] | train_loss: 0.06470
2025-09-04 20:07:51,737 - INFO - [166/300] | train_loss: 0.04326
2025-09-04 20:07:53,004 - INFO - [167/300] | train_loss: 0.05220
2025-09-04 20:07:54,278 - INFO - [168/300] | train_loss: 0.05026
2025-09-04 20:07:55,551 - INFO - [169/300] | train_loss: 0.04108
2025-09-04 20:07:56,819 - INFO - [170/300] | train_loss: 0.05897
2025-09-04 20:07:56,924 - INFO - ----------
2025-09-04 20:07:56,924 - INFO - evaluation dataset type: valid
2025-09-04 20:07:56,940 - INFO - node    precision | micro: 0.666667; macro: 0.630159; score: [0.71428571 0.4        1.         0.         0.66666667 1.        ]
2025-09-04 20:07:56,940 - INFO - node    recall    | micro: 0.875000; macro: 0.722222; score: [1.         0.66666667 0.66666667 0.         1.         1.        ]
2025-09-04 20:07:56,941 - INFO - node    f1        | micro: 0.756757; macro: 0.655556; score: [0.83333333 0.5        0.8        0.         0.8        1.        ]
2025-09-04 20:07:56,957 - INFO - service precision | micro: 0.550000; macro: 0.553704; score: [1.         0.4        0.25       0.33333333 1.         0.
 1.         0.         1.        ]
2025-09-04 20:07:56,957 - INFO - service recall    | micro: 0.458333; macro: 0.488889; score: [1.   1.   0.25 0.2  0.2  0.   1.   0.   0.75]
2025-09-04 20:07:56,957 - INFO - service f1        | micro: 0.500000; macro: 0.473545; score: [1.         0.57142857 0.25       0.25       0.33333333 0.
 1.         0.         0.85714286]
2025-09-04 20:07:56,984 - INFO - pod     precision | micro: 0.509934; macro: 0.507825; score: [0.90909091 0.61111111 0.29411765 0.26086957 0.65       0.
 1.         0.16666667 0.67857143]
2025-09-04 20:07:56,984 - INFO - pod     recall    | micro: 0.663793; macro: 0.705659; score: [1.         1.         0.5        0.28571429 0.56521739 0.
 1.         1.         1.        ]
2025-09-04 20:07:56,984 - INFO - pod     f1        | micro: 0.576779; macro: 0.561442; score: [0.95238095 0.75862069 0.37037037 0.27272727 0.60465116 0.
 1.         0.28571429 0.80851064]
2025-09-04 20:07:56,984 - INFO - ----------
2025-09-04 20:07:58,262 - INFO - [171/300] | train_loss: 0.06728
2025-09-04 20:07:59,528 - INFO - [172/300] | train_loss: 0.06199
2025-09-04 20:08:00,792 - INFO - [173/300] | train_loss: 0.05018
2025-09-04 20:08:02,079 - INFO - [174/300] | train_loss: 0.07650
2025-09-04 20:08:03,374 - INFO - [175/300] | train_loss: 0.05911
2025-09-04 20:08:04,703 - INFO - [176/300] | train_loss: 0.04917
2025-09-04 20:08:05,964 - INFO - [177/300] | train_loss: 0.06621
2025-09-04 20:08:07,250 - INFO - [178/300] | train_loss: 0.05743
2025-09-04 20:08:08,527 - INFO - [179/300] | train_loss: 0.04787
2025-09-04 20:08:09,815 - INFO - [180/300] | train_loss: 0.05514
2025-09-04 20:08:09,920 - INFO - ----------
2025-09-04 20:08:09,920 - INFO - evaluation dataset type: valid
2025-09-04 20:08:09,936 - INFO - node    precision | micro: 0.666667; macro: 0.630159; score: [0.71428571 0.4        1.         0.         0.66666667 1.        ]
2025-09-04 20:08:09,936 - INFO - node    recall    | micro: 0.875000; macro: 0.722222; score: [1.         0.66666667 0.66666667 0.         1.         1.        ]
2025-09-04 20:08:09,936 - INFO - node    f1        | micro: 0.756757; macro: 0.655556; score: [0.83333333 0.5        0.8        0.         0.8        1.        ]
2025-09-04 20:08:09,952 - INFO - service precision | micro: 0.500000; macro: 0.481481; score: [1.         0.33333333 0.25       0.25       0.5        0.
 1.         0.         1.        ]
2025-09-04 20:08:09,952 - INFO - service recall    | micro: 0.458333; macro: 0.488889; score: [1.   1.   0.25 0.2  0.2  0.   1.   0.   0.75]
2025-09-04 20:08:09,952 - INFO - service f1        | micro: 0.478261; macro: 0.457231; score: [1.         0.5        0.25       0.22222222 0.28571429 0.
 1.         0.         0.85714286]
2025-09-04 20:08:09,979 - INFO - pod     precision | micro: 0.470930; macro: 0.481493; score: [0.90909091 0.52380952 0.29268293 0.27272727 0.55555556 0.
 1.         0.16666667 0.61290323]
2025-09-04 20:08:09,979 - INFO - pod     recall    | micro: 0.698276; macro: 0.726432; score: [1.         1.         0.6        0.28571429 0.65217391 0.
 1.         1.         1.        ]
2025-09-04 20:08:09,980 - INFO - pod     f1        | micro: 0.562500; macro: 0.550901; score: [0.95238095 0.6875     0.39344262 0.27906977 0.6        0.
 1.         0.28571429 0.76      ]
2025-09-04 20:08:09,980 - INFO - ----------
2025-09-04 20:08:11,252 - INFO - [181/300] | train_loss: 0.06656
2025-09-04 20:08:12,535 - INFO - [182/300] | train_loss: 0.06149
2025-09-04 20:08:13,798 - INFO - [183/300] | train_loss: 0.06407
2025-09-04 20:08:15,075 - INFO - [184/300] | train_loss: 0.05373
2025-09-04 20:08:16,347 - INFO - [185/300] | train_loss: 0.04662
2025-09-04 20:08:17,619 - INFO - [186/300] | train_loss: 0.06532
2025-09-04 20:08:18,896 - INFO - [187/300] | train_loss: 0.07050
2025-09-04 20:08:20,166 - INFO - [188/300] | train_loss: 0.07332
2025-09-04 20:08:21,438 - INFO - [189/300] | train_loss: 0.06534
2025-09-04 20:08:22,696 - INFO - [190/300] | train_loss: 0.06733
2025-09-04 20:08:22,802 - INFO - ----------
2025-09-04 20:08:22,802 - INFO - evaluation dataset type: valid
2025-09-04 20:08:22,817 - INFO - node    precision | micro: 0.666667; macro: 0.630159; score: [0.71428571 0.4        1.         0.         0.66666667 1.        ]
2025-09-04 20:08:22,817 - INFO - node    recall    | micro: 0.875000; macro: 0.722222; score: [1.         0.66666667 0.66666667 0.         1.         1.        ]
2025-09-04 20:08:22,817 - INFO - node    f1        | micro: 0.756757; macro: 0.655556; score: [0.83333333 0.5        0.8        0.         0.8        1.        ]
2025-09-04 20:08:22,833 - INFO - service precision | micro: 0.481481; macro: 0.515432; score: [1.         0.5        0.22222222 0.25       0.66666667 0.
 1.         0.         1.        ]
2025-09-04 20:08:22,833 - INFO - service recall    | micro: 0.541667; macro: 0.538889; score: [1.   1.   0.5  0.2  0.4  0.   1.   0.   0.75]
2025-09-04 20:08:22,833 - INFO - service f1        | micro: 0.509804; macro: 0.505969; score: [1.         0.66666667 0.30769231 0.22222222 0.5        0.
 1.         0.         0.85714286]
2025-09-04 20:08:22,860 - INFO - pod     precision | micro: 0.413613; macro: 0.483782; score: [0.90909091 0.55       0.17142857 0.26086957 0.56521739 0.
 1.         0.16666667 0.73076923]
2025-09-04 20:08:22,860 - INFO - pod     recall    | micro: 0.681034; macro: 0.716770; score: [1.         1.         0.6        0.28571429 0.56521739 0.
 1.         1.         1.        ]
2025-09-04 20:08:22,860 - INFO - pod     f1        | micro: 0.514658; macro: 0.544092; score: [0.95238095 0.70967742 0.26666667 0.27272727 0.56521739 0.
 1.         0.28571429 0.84444444]
2025-09-04 20:08:22,860 - INFO - ----------
2025-09-04 20:08:24,136 - INFO - [191/300] | train_loss: 0.05608
2025-09-04 20:08:25,420 - INFO - [192/300] | train_loss: 0.06753
2025-09-04 20:08:26,689 - INFO - [193/300] | train_loss: 0.06093
2025-09-04 20:08:27,979 - INFO - [194/300] | train_loss: 0.04366
2025-09-04 20:08:29,294 - INFO - [195/300] | train_loss: 0.06776
2025-09-04 20:08:30,573 - INFO - [196/300] | train_loss: 0.05877
2025-09-04 20:08:31,860 - INFO - [197/300] | train_loss: 0.04796
2025-09-04 20:08:33,162 - INFO - [198/300] | train_loss: 0.04817
2025-09-04 20:08:34,436 - INFO - [199/300] | train_loss: 0.04750
2025-09-04 20:08:35,704 - INFO - [200/300] | train_loss: 0.04958
2025-09-04 20:08:35,811 - INFO - ----------
2025-09-04 20:08:35,811 - INFO - evaluation dataset type: valid
2025-09-04 20:08:35,828 - INFO - node    precision | micro: 0.608696; macro: 0.574603; score: [0.71428571 0.4        0.66666667 0.         0.66666667 1.        ]
2025-09-04 20:08:35,828 - INFO - node    recall    | micro: 0.875000; macro: 0.722222; score: [1.         0.66666667 0.66666667 0.         1.         1.        ]
2025-09-04 20:08:35,828 - INFO - node    f1        | micro: 0.717949; macro: 0.633333; score: [0.83333333 0.5        0.66666667 0.         0.8        1.        ]
2025-09-04 20:08:35,845 - INFO - service precision | micro: 0.571429; macro: 0.518519; score: [1.         0.5        0.25       0.25       0.66666667 0.
 1.         0.         1.        ]
2025-09-04 20:08:35,845 - INFO - service recall    | micro: 0.500000; macro: 0.511111; score: [1.   1.   0.25 0.2  0.4  0.   1.   0.   0.75]
2025-09-04 20:08:35,846 - INFO - service f1        | micro: 0.533333; macro: 0.499559; score: [1.         0.66666667 0.25       0.22222222 0.5        0.
 1.         0.         0.85714286]
2025-09-04 20:08:35,873 - INFO - pod     precision | micro: 0.506329; macro: 0.472083; score: [0.90909091 0.5        0.3125     0.26086957 0.66666667 0.
 0.77777778 0.16666667 0.65517241]
2025-09-04 20:08:35,874 - INFO - pod     recall    | micro: 0.689655; macro: 0.720152; score: [1.         1.         0.5        0.28571429 0.69565217 0.
 1.         1.         1.        ]
2025-09-04 20:08:35,874 - INFO - pod     f1        | micro: 0.583942; macro: 0.545514; score: [0.95238095 0.66666667 0.38461538 0.27272727 0.68085106 0.
 0.875      0.28571429 0.79166667]
2025-09-04 20:08:35,874 - INFO - ----------
2025-09-04 20:08:37,142 - INFO - [201/300] | train_loss: 0.06630
2025-09-04 20:08:38,435 - INFO - [202/300] | train_loss: 0.04158
2025-09-04 20:08:39,739 - INFO - [203/300] | train_loss: 0.06281
2025-09-04 20:08:41,012 - INFO - [204/300] | train_loss: 0.04720
2025-09-04 20:08:42,298 - INFO - [205/300] | train_loss: 0.04475
2025-09-04 20:08:43,575 - INFO - [206/300] | train_loss: 0.03982
2025-09-04 20:08:44,855 - INFO - [207/300] | train_loss: 0.05382
2025-09-04 20:08:46,137 - INFO - [208/300] | train_loss: 0.04886
2025-09-04 20:08:47,427 - INFO - [209/300] | train_loss: 0.05419
2025-09-04 20:08:48,725 - INFO - [210/300] | train_loss: 0.06965
2025-09-04 20:08:48,832 - INFO - ----------
2025-09-04 20:08:48,833 - INFO - evaluation dataset type: valid
2025-09-04 20:08:48,848 - INFO - node    precision | micro: 0.636364; macro: 0.574603; score: [0.71428571 0.4        0.66666667 0.         0.66666667 1.        ]
2025-09-04 20:08:48,848 - INFO - node    recall    | micro: 0.875000; macro: 0.722222; score: [1.         0.66666667 0.66666667 0.         1.         1.        ]
2025-09-04 20:08:48,849 - INFO - node    f1        | micro: 0.736842; macro: 0.633333; score: [0.83333333 0.5        0.66666667 0.         0.8        1.        ]
2025-09-04 20:08:48,865 - INFO - service precision | micro: 0.631579; macro: 0.564815; score: [1.         0.5        0.25       0.33333333 1.         0.
 1.         0.         1.        ]
2025-09-04 20:08:48,865 - INFO - service recall    | micro: 0.500000; macro: 0.511111; score: [1.   1.   0.25 0.2  0.4  0.   1.   0.   0.75]
2025-09-04 20:08:48,865 - INFO - service f1        | micro: 0.558140; macro: 0.510582; score: [1.         0.66666667 0.25       0.25       0.57142857 0.
 1.         0.         0.85714286]
2025-09-04 20:08:48,892 - INFO - pod     precision | micro: 0.519481; macro: 0.491550; score: [0.90909091 0.57894737 0.28947368 0.28571429 0.65217391 0.
 0.77777778 0.2        0.73076923]
2025-09-04 20:08:48,892 - INFO - pod     recall    | micro: 0.689655; macro: 0.720876; score: [1.         1.         0.55       0.28571429 0.65217391 0.
 1.         1.         1.        ]
2025-09-04 20:08:48,892 - INFO - pod     f1        | micro: 0.592593; macro: 0.561743; score: [0.95238095 0.73333333 0.37931034 0.28571429 0.65217391 0.
 0.875      0.33333333 0.84444444]
2025-09-04 20:08:48,892 - INFO - ----------
2025-09-04 20:08:50,168 - INFO - [211/300] | train_loss: 0.04328
2025-09-04 20:08:51,443 - INFO - [212/300] | train_loss: 0.05173
2025-09-04 20:08:52,766 - INFO - [213/300] | train_loss: 0.05350
2025-09-04 20:08:54,047 - INFO - [214/300] | train_loss: 0.05096
2025-09-04 20:08:55,416 - INFO - [215/300] | train_loss: 0.05399
2025-09-04 20:08:56,685 - INFO - [216/300] | train_loss: 0.04806
2025-09-04 20:08:58,002 - INFO - [217/300] | train_loss: 0.07723
2025-09-04 20:08:59,269 - INFO - [218/300] | train_loss: 0.07164
2025-09-04 20:09:00,573 - INFO - [219/300] | train_loss: 0.07999
2025-09-04 20:09:01,878 - INFO - [220/300] | train_loss: 0.07763
2025-09-04 20:09:01,984 - INFO - ----------
2025-09-04 20:09:01,984 - INFO - evaluation dataset type: valid
2025-09-04 20:09:01,999 - INFO - node    precision | micro: 0.576923; macro: 0.570437; score: [0.71428571 0.375      0.66666667 0.         0.66666667 1.        ]
2025-09-04 20:09:01,999 - INFO - node    recall    | micro: 0.937500; macro: 0.777778; score: [1.         1.         0.66666667 0.         1.         1.        ]
2025-09-04 20:09:02,000 - INFO - node    f1        | micro: 0.714286; macro: 0.640909; score: [0.83333333 0.54545455 0.66666667 0.         0.8        1.        ]
2025-09-04 20:09:02,016 - INFO - service precision | micro: 0.521739; macro: 0.498148; score: [1.         0.4        0.33333333 0.25       0.5        0.
 1.         0.         1.        ]
2025-09-04 20:09:02,016 - INFO - service recall    | micro: 0.500000; macro: 0.516667; score: [1.   1.   0.5  0.2  0.2  0.   1.   0.   0.75]
2025-09-04 20:09:02,016 - INFO - service f1        | micro: 0.510638; macro: 0.481834; score: [1.         0.57142857 0.4        0.22222222 0.28571429 0.
 1.         0.         0.85714286]
2025-09-04 20:09:02,043 - INFO - pod     precision | micro: 0.435897; macro: 0.440809; score: [0.76923077 0.52380952 0.25       0.22857143 0.45454545 0.
 0.63636364 0.2        0.9047619 ]
2025-09-04 20:09:02,043 - INFO - pod     recall    | micro: 0.732759; macro: 0.748125; score: [1.         1.         0.7        0.38095238 0.65217391 0.
 1.         1.         1.        ]
2025-09-04 20:09:02,043 - INFO - pod     f1        | micro: 0.546624; macro: 0.534225; score: [0.86956522 0.6875     0.36842105 0.28571429 0.53571429 0.
 0.77777778 0.33333333 0.95      ]
2025-09-04 20:09:02,043 - INFO - ----------
2025-09-04 20:09:03,351 - INFO - [221/300] | train_loss: 0.08031
2025-09-04 20:09:04,666 - INFO - [222/300] | train_loss: 0.07873
2025-09-04 20:09:05,939 - INFO - [223/300] | train_loss: 0.10791
2025-09-04 20:09:07,246 - INFO - [224/300] | train_loss: 0.09417
2025-09-04 20:09:08,522 - INFO - [225/300] | train_loss: 0.09867
2025-09-04 20:09:09,809 - INFO - [226/300] | train_loss: 0.08754
2025-09-04 20:09:11,212 - INFO - [227/300] | train_loss: 0.08713
2025-09-04 20:09:12,544 - INFO - [228/300] | train_loss: 0.09930
2025-09-04 20:09:13,870 - INFO - [229/300] | train_loss: 0.07141
2025-09-04 20:09:15,165 - INFO - [230/300] | train_loss: 0.06791
2025-09-04 20:09:15,274 - INFO - ----------
2025-09-04 20:09:15,275 - INFO - evaluation dataset type: valid
2025-09-04 20:09:15,290 - INFO - node    precision | micro: 0.666667; macro: 0.591270; score: [0.71428571 0.5        0.66666667 0.         0.66666667 1.        ]
2025-09-04 20:09:15,290 - INFO - node    recall    | micro: 0.875000; macro: 0.722222; score: [1.         0.66666667 0.66666667 0.         1.         1.        ]
2025-09-04 20:09:15,290 - INFO - node    f1        | micro: 0.756757; macro: 0.645238; score: [0.83333333 0.57142857 0.66666667 0.         0.8        1.        ]
2025-09-04 20:09:15,307 - INFO - service precision | micro: 0.341463; macro: 0.334656; score: [0.28571429 0.14285714 0.33333333 0.25       0.66666667 0.
 0.33333333 0.         1.        ]
2025-09-04 20:09:15,307 - INFO - service recall    | micro: 0.583333; macro: 0.566667; score: [1.  1.  0.5 0.2 0.4 0.  1.  0.  1. ]
2025-09-04 20:09:15,307 - INFO - service f1        | micro: 0.430769; macro: 0.368519; score: [0.44444444 0.25       0.4        0.22222222 0.5        0.
 0.5        0.         1.        ]
2025-09-04 20:09:15,335 - INFO - pod     precision | micro: 0.461538; macro: 0.502987; score: [0.83333333 0.61111111 0.23076923 0.3        0.625      0.
 1.         0.16666667 0.76      ]
2025-09-04 20:09:15,335 - INFO - pod     recall    | micro: 0.724138; macro: 0.742305; score: [1.         1.         0.6        0.42857143 0.65217391 0.
 1.         1.         1.        ]
2025-09-04 20:09:15,335 - INFO - pod     f1        | micro: 0.563758; macro: 0.571293; score: [0.90909091 0.75862069 0.33333333 0.35294118 0.63829787 0.
 1.         0.28571429 0.86363636]
2025-09-04 20:09:15,335 - INFO - ----------
2025-09-04 20:09:16,636 - INFO - [231/300] | train_loss: 0.06175
2025-09-04 20:09:17,925 - INFO - [232/300] | train_loss: 0.09531
2025-09-04 20:09:19,243 - INFO - [233/300] | train_loss: 0.15003
2025-09-04 20:09:20,526 - INFO - [234/300] | train_loss: 0.11683
2025-09-04 20:09:21,788 - INFO - [235/300] | train_loss: 0.08492
2025-09-04 20:09:23,067 - INFO - [236/300] | train_loss: 0.07603
2025-09-04 20:09:24,329 - INFO - [237/300] | train_loss: 0.10940
2025-09-04 20:09:25,619 - INFO - [238/300] | train_loss: 0.07770
2025-09-04 20:09:26,901 - INFO - [239/300] | train_loss: 0.07898
2025-09-04 20:09:28,177 - INFO - [240/300] | train_loss: 0.12715
2025-09-04 20:09:28,282 - INFO - ----------
2025-09-04 20:09:28,282 - INFO - evaluation dataset type: valid
2025-09-04 20:09:28,298 - INFO - node    precision | micro: 0.736842; macro: 0.666667; score: [0.83333333 0.5        1.         0.         0.66666667 1.        ]
2025-09-04 20:09:28,298 - INFO - node    recall    | micro: 0.875000; macro: 0.722222; score: [1.         0.66666667 0.66666667 0.         1.         1.        ]
2025-09-04 20:09:28,298 - INFO - node    f1        | micro: 0.800000; macro: 0.680087; score: [0.90909091 0.57142857 0.8        0.         0.8        1.        ]
2025-09-04 20:09:28,314 - INFO - service precision | micro: 0.347826; macro: 0.362037; score: [1.         0.33333333 0.16666667 0.25       0.375      0.
 0.33333333 0.         0.8       ]
2025-09-04 20:09:28,314 - INFO - service recall    | micro: 0.666667; macro: 0.616667; score: [1.   1.   0.75 0.2  0.6  0.   1.   0.   1.  ]
2025-09-04 20:09:28,315 - INFO - service f1        | micro: 0.457143; macro: 0.427264; score: [1.         0.5        0.27272727 0.22222222 0.46153846 0.
 0.5        0.         0.88888889]
2025-09-04 20:09:28,341 - INFO - pod     precision | micro: 0.307190; macro: 0.439329; score: [0.90909091 0.57894737 0.14414414 0.25581395 0.32142857 0.05882353
 1.         0.14285714 0.54285714]
2025-09-04 20:09:28,342 - INFO - pod     recall    | micro: 0.810345; macro: 0.817380; score: [1.         1.         0.8        0.52380952 0.7826087  0.25
 1.         1.         1.        ]
2025-09-04 20:09:28,342 - INFO - pod     f1        | micro: 0.445498; macro: 0.530931; score: [0.95238095 0.73333333 0.24427481 0.34375    0.4556962  0.0952381
 1.         0.25       0.7037037 ]
2025-09-04 20:09:28,342 - INFO - ----------
2025-09-04 20:09:29,611 - INFO - [241/300] | train_loss: 0.06960
2025-09-04 20:09:30,883 - INFO - [242/300] | train_loss: 0.07190
2025-09-04 20:09:32,153 - INFO - [243/300] | train_loss: 0.06063
2025-09-04 20:09:33,433 - INFO - [244/300] | train_loss: 0.05305
2025-09-04 20:09:34,712 - INFO - [245/300] | train_loss: 0.04456
2025-09-04 20:09:36,001 - INFO - [246/300] | train_loss: 0.05233
2025-09-04 20:09:37,283 - INFO - [247/300] | train_loss: 0.04592
2025-09-04 20:09:38,555 - INFO - [248/300] | train_loss: 0.08342
2025-09-04 20:09:39,840 - INFO - [249/300] | train_loss: 0.03612
2025-09-04 20:09:41,119 - INFO - [250/300] | train_loss: 0.06040
2025-09-04 20:09:41,224 - INFO - ----------
2025-09-04 20:09:41,224 - INFO - evaluation dataset type: valid
2025-09-04 20:09:41,240 - INFO - node    precision | micro: 0.700000; macro: 0.646825; score: [0.71428571 0.5        1.         0.         0.66666667 1.        ]
2025-09-04 20:09:41,240 - INFO - node    recall    | micro: 0.875000; macro: 0.722222; score: [1.         0.66666667 0.66666667 0.         1.         1.        ]
2025-09-04 20:09:41,240 - INFO - node    f1        | micro: 0.777778; macro: 0.667460; score: [0.83333333 0.57142857 0.8        0.         0.8        1.        ]
2025-09-04 20:09:41,256 - INFO - service precision | micro: 0.736842; macro: 0.611111; score: [1.         0.66666667 0.5        0.33333333 1.         0.
 1.         0.         1.        ]
2025-09-04 20:09:41,256 - INFO - service recall    | micro: 0.583333; macro: 0.566667; score: [1.  1.  0.5 0.2 0.4 0.  1.  0.  1. ]
2025-09-04 20:09:41,256 - INFO - service f1        | micro: 0.651163; macro: 0.569048; score: [1.         0.8        0.5        0.25       0.57142857 0.
 1.         0.         1.        ]
2025-09-04 20:09:41,284 - INFO - pod     precision | micro: 0.538462; macro: 0.539977; score: [0.90909091 0.55       0.31428571 0.28       0.85714286 0.
 1.         0.16666667 0.7826087 ]
2025-09-04 20:09:41,284 - INFO - pod     recall    | micro: 0.663793; macro: 0.705827; score: [1.         1.         0.55       0.33333333 0.52173913 0.
 1.         1.         0.94736842]
2025-09-04 20:09:41,284 - INFO - pod     f1        | micro: 0.594595; macro: 0.573101; score: [0.95238095 0.70967742 0.4        0.30434783 0.64864865 0.
 1.         0.28571429 0.85714286]
2025-09-04 20:09:41,284 - INFO - ----------
2025-09-04 20:09:42,563 - INFO - [251/300] | train_loss: 0.06798
2025-09-04 20:09:43,838 - INFO - [252/300] | train_loss: 0.05590
2025-09-04 20:09:45,113 - INFO - [253/300] | train_loss: 0.04582
2025-09-04 20:09:46,396 - INFO - [254/300] | train_loss: 0.04375
2025-09-04 20:09:47,671 - INFO - [255/300] | train_loss: 0.04060
2025-09-04 20:09:48,970 - INFO - [256/300] | train_loss: 0.03574
2025-09-04 20:09:50,241 - INFO - [257/300] | train_loss: 0.05852
2025-09-04 20:09:51,518 - INFO - [258/300] | train_loss: 0.08295
2025-09-04 20:09:52,806 - INFO - [259/300] | train_loss: 0.06567
2025-09-04 20:09:54,095 - INFO - [260/300] | train_loss: 0.04812
2025-09-04 20:09:54,200 - INFO - ----------
2025-09-04 20:09:54,200 - INFO - evaluation dataset type: valid
2025-09-04 20:09:54,215 - INFO - node    precision | micro: 0.700000; macro: 0.646825; score: [0.71428571 0.5        1.         0.         0.66666667 1.        ]
2025-09-04 20:09:54,216 - INFO - node    recall    | micro: 0.875000; macro: 0.722222; score: [1.         0.66666667 0.66666667 0.         1.         1.        ]
2025-09-04 20:09:54,216 - INFO - node    f1        | micro: 0.777778; macro: 0.667460; score: [0.83333333 0.57142857 0.8        0.         0.8        1.        ]
2025-09-04 20:09:54,231 - INFO - service precision | micro: 0.611111; macro: 0.564815; score: [1.         0.5        0.33333333 0.25       1.         0.
 1.         0.         1.        ]
2025-09-04 20:09:54,232 - INFO - service recall    | micro: 0.458333; macro: 0.488889; score: [1.   1.   0.25 0.2  0.2  0.   1.   0.   0.75]
2025-09-04 20:09:54,232 - INFO - service f1        | micro: 0.523810; macro: 0.485009; score: [1.         0.66666667 0.28571429 0.22222222 0.33333333 0.
 1.         0.         0.85714286]
2025-09-04 20:09:54,259 - INFO - pod     precision | micro: 0.552448; macro: 0.540254; score: [0.90909091 0.64705882 0.2972973  0.27272727 0.77777778 0.
 1.         0.16666667 0.79166667]
2025-09-04 20:09:54,259 - INFO - pod     recall    | micro: 0.681034; macro: 0.716046; score: [1.         1.         0.55       0.28571429 0.60869565 0.
 1.         1.         1.        ]
2025-09-04 20:09:54,259 - INFO - pod     f1        | micro: 0.610039; macro: 0.583944; score: [0.95238095 0.78571429 0.38596491 0.27906977 0.68292683 0.
 1.         0.28571429 0.88372093]
2025-09-04 20:09:54,259 - INFO - ----------
2025-09-04 20:09:55,555 - INFO - [261/300] | train_loss: 0.05073
2025-09-04 20:09:56,830 - INFO - [262/300] | train_loss: 0.04674
2025-09-04 20:09:58,107 - INFO - [263/300] | train_loss: 0.04707
2025-09-04 20:09:59,400 - INFO - [264/300] | train_loss: 0.04862
2025-09-04 20:10:00,677 - INFO - [265/300] | train_loss: 0.05212
2025-09-04 20:10:01,945 - INFO - [266/300] | train_loss: 0.06659
2025-09-04 20:10:03,224 - INFO - [267/300] | train_loss: 0.04247
2025-09-04 20:10:04,489 - INFO - [268/300] | train_loss: 0.03359
2025-09-04 20:10:05,757 - INFO - [269/300] | train_loss: 0.02853
2025-09-04 20:10:07,025 - INFO - [270/300] | train_loss: 0.06253
2025-09-04 20:10:07,130 - INFO - ----------
2025-09-04 20:10:07,130 - INFO - evaluation dataset type: valid
2025-09-04 20:10:07,146 - INFO - node    precision | micro: 0.700000; macro: 0.646825; score: [0.71428571 0.5        1.         0.         0.66666667 1.        ]
2025-09-04 20:10:07,146 - INFO - node    recall    | micro: 0.875000; macro: 0.722222; score: [1.         0.66666667 0.66666667 0.         1.         1.        ]
2025-09-04 20:10:07,146 - INFO - node    f1        | micro: 0.777778; macro: 0.667460; score: [0.83333333 0.57142857 0.8        0.         0.8        1.        ]
2025-09-04 20:10:07,162 - INFO - service precision | micro: 0.611111; macro: 0.564815; score: [1.         0.5        0.33333333 0.25       1.         0.
 1.         0.         1.        ]
2025-09-04 20:10:07,162 - INFO - service recall    | micro: 0.458333; macro: 0.488889; score: [1.   1.   0.25 0.2  0.2  0.   1.   0.   0.75]
2025-09-04 20:10:07,162 - INFO - service f1        | micro: 0.523810; macro: 0.485009; score: [1.         0.66666667 0.28571429 0.22222222 0.33333333 0.
 1.         0.         0.85714286]
2025-09-04 20:10:07,189 - INFO - pod     precision | micro: 0.568345; macro: 0.544509; score: [0.90909091 0.57894737 0.32352941 0.27272727 0.82352941 0.
 1.         0.16666667 0.82608696]
2025-09-04 20:10:07,189 - INFO - pod     recall    | micro: 0.681034; macro: 0.716046; score: [1.         1.         0.55       0.28571429 0.60869565 0.
 1.         1.         1.        ]
2025-09-04 20:10:07,189 - INFO - pod     f1        | micro: 0.619608; macro: 0.584741; score: [0.95238095 0.73333333 0.40740741 0.27906977 0.7        0.
 1.         0.28571429 0.9047619 ]
2025-09-04 20:10:07,189 - INFO - ----------
2025-09-04 20:10:08,455 - INFO - [271/300] | train_loss: 0.03981
2025-09-04 20:10:09,743 - INFO - [272/300] | train_loss: 0.06569
2025-09-04 20:10:11,014 - INFO - [273/300] | train_loss: 0.04159
2025-09-04 20:10:12,285 - INFO - [274/300] | train_loss: 0.03821
2025-09-04 20:10:13,567 - INFO - [275/300] | train_loss: 0.04623
2025-09-04 20:10:14,831 - INFO - [276/300] | train_loss: 0.05285
2025-09-04 20:10:16,105 - INFO - [277/300] | train_loss: 0.05483
2025-09-04 20:10:17,369 - INFO - [278/300] | train_loss: 0.03912
2025-09-04 20:10:18,632 - INFO - [279/300] | train_loss: 0.03691
2025-09-04 20:10:19,904 - INFO - [280/300] | train_loss: 0.03668
2025-09-04 20:10:20,009 - INFO - ----------
2025-09-04 20:10:20,010 - INFO - evaluation dataset type: valid
2025-09-04 20:10:20,025 - INFO - node    precision | micro: 0.700000; macro: 0.646825; score: [0.71428571 0.5        1.         0.         0.66666667 1.        ]
2025-09-04 20:10:20,025 - INFO - node    recall    | micro: 0.875000; macro: 0.722222; score: [1.         0.66666667 0.66666667 0.         1.         1.        ]
2025-09-04 20:10:20,026 - INFO - node    f1        | micro: 0.777778; macro: 0.667460; score: [0.83333333 0.57142857 0.8        0.         0.8        1.        ]
2025-09-04 20:10:20,042 - INFO - service precision | micro: 0.578947; macro: 0.568519; score: [1.         0.66666667 0.2        0.25       1.         0.
 1.         0.         1.        ]
2025-09-04 20:10:20,042 - INFO - service recall    | micro: 0.458333; macro: 0.488889; score: [1.   1.   0.25 0.2  0.2  0.   1.   0.   0.75]
2025-09-04 20:10:20,042 - INFO - service f1        | micro: 0.511628; macro: 0.492769; score: [1.         0.8        0.22222222 0.22222222 0.33333333 0.
 1.         0.         0.85714286]
2025-09-04 20:10:20,069 - INFO - pod     precision | micro: 0.520000; macro: 0.539125; score: [0.90909091 0.64705882 0.26086957 0.24       0.8125     0.
 1.         0.2        0.7826087 ]
2025-09-04 20:10:20,069 - INFO - pod     recall    | micro: 0.672414; macro: 0.710922; score: [1.         1.         0.6        0.28571429 0.56521739 0.
 1.         1.         0.94736842]
2025-09-04 20:10:20,069 - INFO - pod     f1        | micro: 0.586466; macro: 0.579972; score: [0.95238095 0.78571429 0.36363636 0.26086957 0.66666667 0.
 1.         0.33333333 0.85714286]
2025-09-04 20:10:20,069 - INFO - ----------
2025-09-04 20:10:21,338 - INFO - [281/300] | train_loss: 0.05387
2025-09-04 20:10:22,623 - INFO - [282/300] | train_loss: 0.05709
2025-09-04 20:10:23,900 - INFO - [283/300] | train_loss: 0.04041
2025-09-04 20:10:25,167 - INFO - [284/300] | train_loss: 0.05354
2025-09-04 20:10:26,579 - INFO - [285/300] | train_loss: 0.03996
2025-09-04 20:10:27,973 - INFO - [286/300] | train_loss: 0.04794
2025-09-04 20:10:29,247 - INFO - [287/300] | train_loss: 0.03509
2025-09-04 20:10:30,536 - INFO - [288/300] | train_loss: 0.03983
2025-09-04 20:10:31,802 - INFO - [289/300] | train_loss: 0.04009
2025-09-04 20:10:33,068 - INFO - [290/300] | train_loss: 0.03582
2025-09-04 20:10:33,172 - INFO - ----------
2025-09-04 20:10:33,173 - INFO - evaluation dataset type: valid
2025-09-04 20:10:33,188 - INFO - node    precision | micro: 0.700000; macro: 0.646825; score: [0.71428571 0.5        1.         0.         0.66666667 1.        ]
2025-09-04 20:10:33,188 - INFO - node    recall    | micro: 0.875000; macro: 0.722222; score: [1.         0.66666667 0.66666667 0.         1.         1.        ]
2025-09-04 20:10:33,188 - INFO - node    f1        | micro: 0.777778; macro: 0.667460; score: [0.83333333 0.57142857 0.8        0.         0.8        1.        ]
2025-09-04 20:10:33,204 - INFO - service precision | micro: 0.578947; macro: 0.553704; score: [1.         0.4        0.33333333 0.25       1.         0.
 1.         0.         1.        ]
2025-09-04 20:10:33,204 - INFO - service recall    | micro: 0.458333; macro: 0.488889; score: [1.   1.   0.25 0.2  0.2  0.   1.   0.   0.75]
2025-09-04 20:10:33,205 - INFO - service f1        | micro: 0.511628; macro: 0.474427; score: [1.         0.57142857 0.28571429 0.22222222 0.33333333 0.
 1.         0.         0.85714286]
2025-09-04 20:10:33,232 - INFO - pod     precision | micro: 0.608000; macro: 0.570322; score: [0.90909091 0.6875     0.33333333 0.28571429 0.8125     0.
 1.         0.2        0.9047619 ]
2025-09-04 20:10:33,232 - INFO - pod     recall    | micro: 0.655172; macro: 0.700104; score: [1.         1.         0.45       0.28571429 0.56521739 0.
 1.         1.         1.        ]
2025-09-04 20:10:33,232 - INFO - pod     f1        | micro: 0.630705; macro: 0.598432; score: [0.95238095 0.81481481 0.38297872 0.28571429 0.66666667 0.
 1.         0.33333333 0.95      ]
2025-09-04 20:10:33,232 - INFO - ----------
2025-09-04 20:10:34,514 - INFO - [291/300] | train_loss: 0.05531
2025-09-04 20:10:35,784 - INFO - [292/300] | train_loss: 0.04059
2025-09-04 20:10:37,056 - INFO - [293/300] | train_loss: 0.04038
2025-09-04 20:10:38,323 - INFO - [294/300] | train_loss: 0.04881
2025-09-04 20:10:39,600 - INFO - [295/300] | train_loss: 0.03609
2025-09-04 20:10:40,873 - INFO - [296/300] | train_loss: 0.04680
2025-09-04 20:10:42,161 - INFO - [297/300] | train_loss: 0.03847
2025-09-04 20:10:43,475 - INFO - [298/300] | train_loss: 0.06463
2025-09-04 20:10:44,746 - INFO - [299/300] | train_loss: 0.09720
2025-09-04 20:10:45,274 - INFO - ----------
2025-09-04 20:10:45,274 - INFO - evaluation dataset type: test
2025-09-04 20:10:45,294 - INFO - node    precision | micro: 0.610000; macro: 0.622103; score: [0.82352941 0.4        0.7        0.40909091 0.73333333 0.66666667]
2025-09-04 20:10:45,294 - INFO - node    recall    | micro: 0.910448; macro: 0.897487; score: [1.         0.85714286 0.77777778 0.75       1.         1.        ]
2025-09-04 20:10:45,294 - INFO - node    f1        | micro: 0.730539; macro: 0.726848; score: [0.90322581 0.54545455 0.73684211 0.52941176 0.84615385 0.8       ]
2025-09-04 20:10:45,321 - INFO - service precision | micro: 0.432927; macro: 0.592417; score: [0.32142857 0.9        0.24390244 0.16129032 0.5        0.76923077
 0.76923077 1.         0.66666667]
2025-09-04 20:10:45,321 - INFO - service recall    | micro: 0.806818; macro: 0.838889; score: [1.         1.         1.         0.41666667 0.66666667 0.66666667
 1.         1.         0.8       ]
2025-09-04 20:10:45,321 - INFO - service f1        | micro: 0.563492; macro: 0.660125; score: [0.48648649 0.94736842 0.39215686 0.23255814 0.57142857 0.71428571
 0.86956522 1.         0.72727273]
2025-09-04 20:10:45,396 - INFO - pod     precision | micro: 0.420519; macro: 0.585817; score: [0.7704918  0.67692308 0.16470588 0.2295082  0.47058824 0.47321429
 0.83606557 0.94117647 0.70967742]
2025-09-04 20:10:45,396 - INFO - pod     recall    | micro: 0.851598; macro: 0.866622; score: [1.         0.95652174 0.85714286 0.67741935 0.71428571 0.77941176
 1.         1.         0.81481481]
2025-09-04 20:10:45,396 - INFO - pod     f1        | micro: 0.563019; macro: 0.675293; score: [0.87037037 0.79279279 0.27631579 0.34285714 0.56737589 0.58888889
 0.91071429 0.96969697 0.75862069]
2025-09-04 20:10:45,397 - INFO - ----------
----GATNet----
GAT_name1:  GATConv
GAT_name2:  GATConv
activ_fun1:  leaky_relu
activ_fun2:  relu6
begin----------------------------------------
Running: python ./HolisticRCA/trainer/a_rca_trainer.py   --model_path /root/shared-nvme/work/code/RCA/HolisticRCA/model/a/checkpoint/main.pt   --epochs 300   --orl_te_heads 2   --orl_te_layers 2   --orl_te_in_channels 256   --efi_in_dim 256   --efi_te_heads 4   --efi_te_layers 2   --efi_out_dim 256   --eff_in_dim 256   --eff_GAT_out_channels 128   --eff_GAT_heads 2   --batch_size 64   --eff_GAT_dropout 0.1           --GAT_name1 GATConv           --GAT_name2 GATConv           --activ_fun1 relu6           --activ_fun2 leaky_relu
2025-09-04 20:10:51,547 - INFO - [0/300] | train_loss: 3.93853
2025-09-04 20:10:51,649 - INFO - ----------
2025-09-04 20:10:51,649 - INFO - evaluation dataset type: valid
2025-09-04 20:10:51,665 - INFO - node    precision | micro: 0.047059; macro: 0.047092; score: [0.04651163 0.06818182 0.         0.         0.025      0.14285714]
2025-09-04 20:10:51,665 - INFO - node    recall    | micro: 0.750000; macro: 0.633333; score: [0.8 1.  0.  0.  1.  1. ]
2025-09-04 20:10:51,665 - INFO - node    f1        | micro: 0.088561; macro: 0.085725; score: [0.08791209 0.12765957 0.         0.         0.04878049 0.25      ]
2025-09-04 20:10:51,682 - INFO - service precision | micro: 0.009050; macro: 0.168154; score: [0.0049505  0.         0.         1.         0.         0.
 0.5        0.         0.00843882]
2025-09-04 20:10:51,682 - INFO - service recall    | micro: 0.333333; macro: 0.355556; score: [1.  0.  0.  0.2 0.  0.  1.  0.  1. ]
2025-09-04 20:10:51,682 - INFO - service f1        | micro: 0.017621; macro: 0.114065; score: [0.00985222 0.         0.         0.33333333 0.         0.
 0.66666667 0.         0.0167364 ]
2025-09-04 20:10:51,714 - INFO - pod     precision | micro: 0.008141; macro: 0.120111; score: [8.00000000e-01 0.00000000e+00 1.18483412e-02 3.05343511e-02
 2.12765957e-02 2.11193242e-03 2.06896552e-01 4.16666667e-04
 7.91666667e-03]
2025-09-04 20:10:51,714 - INFO - pod     recall    | micro: 0.577586; macro: 0.663020; score: [0.8        0.         0.25       0.19047619 0.86956522 1.
 0.85714286 1.         1.        ]
2025-09-04 20:10:51,715 - INFO - pod     f1        | micro: 0.016056; macro: 0.141209; score: [0.8        0.         0.02262443 0.05263158 0.04153686 0.00421496
 0.33333333 0.00083299 0.01570897]
2025-09-04 20:10:51,715 - INFO - ----------
2025-09-04 20:10:53,000 - INFO - [1/300] | train_loss: 3.39183
2025-09-04 20:10:54,350 - INFO - [2/300] | train_loss: 2.76398
2025-09-04 20:10:55,634 - INFO - [3/300] | train_loss: 2.16747
2025-09-04 20:10:56,915 - INFO - [4/300] | train_loss: 1.68185
2025-09-04 20:10:58,190 - INFO - [5/300] | train_loss: 1.36283
2025-09-04 20:10:59,469 - INFO - [6/300] | train_loss: 1.09488
2025-09-04 20:11:00,740 - INFO - [7/300] | train_loss: 0.91039
2025-09-04 20:11:02,012 - INFO - [8/300] | train_loss: 0.80025
2025-09-04 20:11:03,295 - INFO - [9/300] | train_loss: 0.68724
2025-09-04 20:11:04,555 - INFO - [10/300] | train_loss: 0.58409
2025-09-04 20:11:04,658 - INFO - ----------
2025-09-04 20:11:04,658 - INFO - evaluation dataset type: valid
2025-09-04 20:11:04,675 - INFO - node    precision | micro: 0.245902; macro: 0.271164; score: [0.35714286 0.21428571 0.22222222 0.         0.33333333 0.5       ]
2025-09-04 20:11:04,676 - INFO - node    recall    | micro: 0.937500; macro: 0.777778; score: [1.         1.         0.66666667 0.         1.         1.        ]
2025-09-04 20:11:04,676 - INFO - node    f1        | micro: 0.389610; macro: 0.396543; score: [0.52631579 0.35294118 0.33333333 0.         0.5        0.66666667]
2025-09-04 20:11:04,692 - INFO - service precision | micro: 0.124088; macro: 0.157156; score: [0.28571429 0.11764706 0.03636364 0.25       0.18181818 0.
 0.14285714 0.         0.4       ]
2025-09-04 20:11:04,692 - INFO - service recall    | micro: 0.708333; macro: 0.633333; score: [1.  1.  0.5 0.4 0.8 0.  1.  0.  1. ]
2025-09-04 20:11:04,692 - INFO - service f1        | micro: 0.211180; macro: 0.238687; score: [0.44444444 0.21052632 0.06779661 0.30769231 0.2962963  0.
 0.25       0.         0.57142857]
2025-09-04 20:11:04,720 - INFO - pod     precision | micro: 0.120647; macro: 0.164736; score: [0.26315789 0.25       0.07438017 0.16949153 0.16528926 0.00694444
 0.14893617 0.01666667 0.3877551 ]
2025-09-04 20:11:04,720 - INFO - pod     recall    | micro: 0.836207; macro: 0.832862; score: [1.         1.         0.9        0.47619048 0.86956522 0.25
 1.         1.         1.        ]
2025-09-04 20:11:04,720 - INFO - pod     f1        | micro: 0.210870; macro: 0.260692; score: [0.41666667 0.4        0.13740458 0.25       0.27777778 0.01351351
 0.25925926 0.03278689 0.55882353]
2025-09-04 20:11:04,720 - INFO - ----------
2025-09-04 20:11:05,982 - INFO - [11/300] | train_loss: 0.55890
2025-09-04 20:11:07,246 - INFO - [12/300] | train_loss: 0.49924
2025-09-04 20:11:08,510 - INFO - [13/300] | train_loss: 0.47064
2025-09-04 20:11:09,776 - INFO - [14/300] | train_loss: 0.41862
2025-09-04 20:11:11,031 - INFO - [15/300] | train_loss: 0.40594
2025-09-04 20:11:12,286 - INFO - [16/300] | train_loss: 0.37802
2025-09-04 20:11:13,540 - INFO - [17/300] | train_loss: 0.32867
2025-09-04 20:11:14,805 - INFO - [18/300] | train_loss: 0.33957
2025-09-04 20:11:16,070 - INFO - [19/300] | train_loss: 0.34701
2025-09-04 20:11:17,336 - INFO - [20/300] | train_loss: 0.30606
2025-09-04 20:11:17,440 - INFO - ----------
2025-09-04 20:11:17,441 - INFO - evaluation dataset type: valid
2025-09-04 20:11:17,457 - INFO - node    precision | micro: 0.375000; macro: 0.416997; score: [0.45454545 0.23076923 0.66666667 0.         0.4        0.75      ]
2025-09-04 20:11:17,457 - INFO - node    recall    | micro: 0.937500; macro: 0.777778; score: [1.         1.         0.66666667 0.         1.         1.        ]
2025-09-04 20:11:17,457 - INFO - node    f1        | micro: 0.535714; macro: 0.515873; score: [0.625      0.375      0.66666667 0.         0.57142857 0.85714286]
2025-09-04 20:11:17,473 - INFO - service precision | micro: 0.269231; macro: 0.250978; score: [0.5        0.18181818 0.22222222 0.25       0.33333333 0.
 0.2        0.         0.57142857]
2025-09-04 20:11:17,473 - INFO - service recall    | micro: 0.583333; macro: 0.566667; score: [1.  1.  0.5 0.2 0.4 0.  1.  0.  1. ]
2025-09-04 20:11:17,473 - INFO - service f1        | micro: 0.368421; macro: 0.325391; score: [0.66666667 0.30769231 0.30769231 0.22222222 0.36363636 0.
 0.33333333 0.         0.72727273]
2025-09-04 20:11:17,501 - INFO - pod     precision | micro: 0.181818; macro: 0.194343; score: [0.33333333 0.26190476 0.14150943 0.1875     0.2        0.01538462
 0.18421053 0.02941176 0.39583333]
2025-09-04 20:11:17,501 - INFO - pod     recall    | micro: 0.810345; macro: 0.817115; score: [1.         1.         0.75       0.57142857 0.7826087  0.25
 1.         1.         1.        ]
2025-09-04 20:11:17,501 - INFO - pod     f1        | micro: 0.296998; macro: 0.302059; score: [0.5        0.41509434 0.23809524 0.28235294 0.31858407 0.02898551
 0.31111111 0.05714286 0.56716418]
2025-09-04 20:11:17,501 - INFO - ----------
2025-09-04 20:11:18,854 - INFO - [21/300] | train_loss: 0.29131
2025-09-04 20:11:20,112 - INFO - [22/300] | train_loss: 0.28782
2025-09-04 20:11:21,372 - INFO - [23/300] | train_loss: 0.25939
2025-09-04 20:11:22,636 - INFO - [24/300] | train_loss: 0.25917
2025-09-04 20:11:23,897 - INFO - [25/300] | train_loss: 0.25280
2025-09-04 20:11:25,158 - INFO - [26/300] | train_loss: 0.26715
2025-09-04 20:11:26,419 - INFO - [27/300] | train_loss: 0.22563
2025-09-04 20:11:27,678 - INFO - [28/300] | train_loss: 0.25031
2025-09-04 20:11:28,953 - INFO - [29/300] | train_loss: 0.21457
2025-09-04 20:11:30,212 - INFO - [30/300] | train_loss: 0.22079
2025-09-04 20:11:30,316 - INFO - ----------
2025-09-04 20:11:30,316 - INFO - evaluation dataset type: valid
2025-09-04 20:11:30,331 - INFO - node    precision | micro: 0.416667; macro: 0.445455; score: [0.5        0.27272727 0.5        0.         0.4        1.        ]
2025-09-04 20:11:30,331 - INFO - node    recall    | micro: 0.937500; macro: 0.777778; score: [1.         1.         0.66666667 0.         1.         1.        ]
2025-09-04 20:11:30,332 - INFO - node    f1        | micro: 0.576923; macro: 0.539683; score: [0.66666667 0.42857143 0.57142857 0.         0.57142857 1.        ]
2025-09-04 20:11:30,348 - INFO - service precision | micro: 0.285714; macro: 0.237654; score: [0.66666667 0.22222222 0.14285714 0.         0.28571429 0.
 0.25       0.         0.57142857]
2025-09-04 20:11:30,348 - INFO - service recall    | micro: 0.500000; macro: 0.516667; score: [1.   1.   0.25 0.   0.4  0.   1.   0.   1.  ]
2025-09-04 20:11:30,348 - INFO - service f1        | micro: 0.363636; macro: 0.311785; score: [0.8        0.36363636 0.18181818 0.         0.33333333 0.
 0.4        0.         0.72727273]
2025-09-04 20:11:30,375 - INFO - pod     precision | micro: 0.225806; macro: 0.231549; score: [0.4        0.275      0.16470588 0.17857143 0.23376623 0.03846154
 0.21212121 0.03846154 0.54285714]
2025-09-04 20:11:30,375 - INFO - pod     recall    | micro: 0.784483; macro: 0.800978; score: [1.         1.         0.7        0.47619048 0.7826087  0.25
 1.         1.         1.        ]
2025-09-04 20:11:30,375 - INFO - pod     f1        | micro: 0.350674; macro: 0.342628; score: [0.57142857 0.43137255 0.26666667 0.25974026 0.36       0.06666667
 0.35       0.07407407 0.7037037 ]
2025-09-04 20:11:30,375 - INFO - ----------
2025-09-04 20:11:31,640 - INFO - [31/300] | train_loss: 0.21048
2025-09-04 20:11:32,917 - INFO - [32/300] | train_loss: 0.21136
2025-09-04 20:11:34,187 - INFO - [33/300] | train_loss: 0.22678
2025-09-04 20:11:35,449 - INFO - [34/300] | train_loss: 0.19249
2025-09-04 20:11:36,711 - INFO - [35/300] | train_loss: 0.23116
2025-09-04 20:11:37,972 - INFO - [36/300] | train_loss: 0.20881
2025-09-04 20:11:39,230 - INFO - [37/300] | train_loss: 0.17566
2025-09-04 20:11:40,485 - INFO - [38/300] | train_loss: 0.17301
2025-09-04 20:11:41,743 - INFO - [39/300] | train_loss: 0.18145
2025-09-04 20:11:43,013 - INFO - [40/300] | train_loss: 0.18340
2025-09-04 20:11:43,118 - INFO - ----------
2025-09-04 20:11:43,118 - INFO - evaluation dataset type: valid
2025-09-04 20:11:43,134 - INFO - node    precision | micro: 0.500000; macro: 0.484656; score: [0.55555556 0.28571429 0.66666667 0.         0.4        1.        ]
2025-09-04 20:11:43,134 - INFO - node    recall    | micro: 0.875000; macro: 0.722222; score: [1.         0.66666667 0.66666667 0.         1.         1.        ]
2025-09-04 20:11:43,134 - INFO - node    f1        | micro: 0.636364; macro: 0.558730; score: [0.71428571 0.4        0.66666667 0.         0.57142857 1.        ]
2025-09-04 20:11:43,151 - INFO - service precision | micro: 0.296296; macro: 0.300686; score: [0.66666667 0.25       0.30769231 0.18181818 0.2        0.
 0.5        0.         0.6       ]
2025-09-04 20:11:43,151 - INFO - service recall    | micro: 0.666667; macro: 0.616667; score: [1.   1.   1.   0.4  0.4  0.   1.   0.   0.75]
2025-09-04 20:11:43,151 - INFO - service f1        | micro: 0.410256; macro: 0.391176; score: [0.8        0.4        0.47058824 0.25       0.26666667 0.
 0.66666667 0.         0.66666667]
2025-09-04 20:11:43,179 - INFO - pod     precision | micro: 0.206009; macro: 0.238218; score: [0.41666667 0.33333333 0.1171875  0.15584416 0.20408163 0.05263158
 0.25       0.03846154 0.57575758]
2025-09-04 20:11:43,179 - INFO - pod     recall    | micro: 0.827586; macro: 0.826777; score: [1.         1.         0.75       0.57142857 0.86956522 0.25
 1.         1.         1.        ]
2025-09-04 20:11:43,179 - INFO - pod     f1        | micro: 0.329897; macro: 0.350913; score: [0.58823529 0.5        0.2027027  0.24489796 0.33057851 0.08695652
 0.4        0.07407407 0.73076923]
2025-09-04 20:11:43,179 - INFO - ----------
2025-09-04 20:11:44,431 - INFO - [41/300] | train_loss: 0.15891
2025-09-04 20:11:45,693 - INFO - [42/300] | train_loss: 0.17063
2025-09-04 20:11:46,948 - INFO - [43/300] | train_loss: 0.17509
2025-09-04 20:11:48,215 - INFO - [44/300] | train_loss: 0.16550
2025-09-04 20:11:49,479 - INFO - [45/300] | train_loss: 0.17279
2025-09-04 20:11:50,738 - INFO - [46/300] | train_loss: 0.14422
2025-09-04 20:11:51,994 - INFO - [47/300] | train_loss: 0.15753
2025-09-04 20:11:53,261 - INFO - [48/300] | train_loss: 0.15229
2025-09-04 20:11:54,521 - INFO - [49/300] | train_loss: 0.12811
2025-09-04 20:11:55,777 - INFO - [50/300] | train_loss: 0.14418
2025-09-04 20:11:55,883 - INFO - ----------
2025-09-04 20:11:55,883 - INFO - evaluation dataset type: valid
2025-09-04 20:11:55,898 - INFO - node    precision | micro: 0.535714; macro: 0.525132; score: [0.55555556 0.42857143 0.66666667 0.         0.5        1.        ]
2025-09-04 20:11:55,899 - INFO - node    recall    | micro: 0.937500; macro: 0.777778; score: [1.         1.         0.66666667 0.         1.         1.        ]
2025-09-04 20:11:55,899 - INFO - node    f1        | micro: 0.681818; macro: 0.607937; score: [0.71428571 0.6        0.66666667 0.         0.66666667 1.        ]
2025-09-04 20:11:55,915 - INFO - service precision | micro: 0.297872; macro: 0.328770; score: [1.         0.28571429 0.1875     0.2        0.28571429 0.
 0.5        0.         0.5       ]
2025-09-04 20:11:55,915 - INFO - service recall    | micro: 0.583333; macro: 0.566667; score: [1.   1.   0.75 0.2  0.4  0.   1.   0.   0.75]
2025-09-04 20:11:55,915 - INFO - service f1        | micro: 0.394366; macro: 0.393827; score: [1.         0.44444444 0.3        0.2        0.33333333 0.
 0.66666667 0.         0.6       ]
2025-09-04 20:11:55,942 - INFO - pod     precision | micro: 0.235294; macro: 0.279602; score: [0.66666667 0.2972973  0.11538462 0.15909091 0.29166667 0.0625
 0.33333333 0.04761905 0.54285714]
2025-09-04 20:11:55,942 - INFO - pod     recall    | micro: 0.793103; macro: 0.805153; score: [1.         1.         0.75       0.33333333 0.91304348 0.25
 1.         1.         1.        ]
2025-09-04 20:11:55,943 - INFO - pod     f1        | micro: 0.362919; macro: 0.390048; score: [0.8        0.45833333 0.2        0.21538462 0.44210526 0.1
 0.5        0.09090909 0.7037037 ]
2025-09-04 20:11:55,943 - INFO - ----------
2025-09-04 20:11:57,197 - INFO - [51/300] | train_loss: 0.13015
2025-09-04 20:11:58,457 - INFO - [52/300] | train_loss: 0.14602
2025-09-04 20:11:59,726 - INFO - [53/300] | train_loss: 0.16202
2025-09-04 20:12:00,984 - INFO - [54/300] | train_loss: 0.14106
2025-09-04 20:12:02,241 - INFO - [55/300] | train_loss: 0.13875
2025-09-04 20:12:03,512 - INFO - [56/300] | train_loss: 0.13489
2025-09-04 20:12:04,782 - INFO - [57/300] | train_loss: 0.12686
2025-09-04 20:12:06,052 - INFO - [58/300] | train_loss: 0.14683
2025-09-04 20:12:07,318 - INFO - [59/300] | train_loss: 0.12084
2025-09-04 20:12:08,576 - INFO - [60/300] | train_loss: 0.12159
2025-09-04 20:12:08,681 - INFO - ----------
2025-09-04 20:12:08,681 - INFO - evaluation dataset type: valid
2025-09-04 20:12:08,697 - INFO - node    precision | micro: 0.600000; macro: 0.592262; score: [0.625      0.42857143 1.         0.         0.5        1.        ]
2025-09-04 20:12:08,697 - INFO - node    recall    | micro: 0.937500; macro: 0.777778; score: [1.         1.         0.66666667 0.         1.         1.        ]
2025-09-04 20:12:08,697 - INFO - node    f1        | micro: 0.731707; macro: 0.639316; score: [0.76923077 0.6        0.8        0.         0.66666667 1.        ]
2025-09-04 20:12:08,714 - INFO - service precision | micro: 0.444444; macro: 0.420370; score: [1.         0.33333333 0.2        0.33333333 0.66666667 0.
 0.5        0.         0.75      ]
2025-09-04 20:12:08,714 - INFO - service recall    | micro: 0.500000; macro: 0.511111; score: [1.   1.   0.25 0.2  0.4  0.   1.   0.   0.75]
2025-09-04 20:12:08,714 - INFO - service f1        | micro: 0.470588; macro: 0.432099; score: [1.         0.5        0.22222222 0.25       0.5        0.
 0.66666667 0.         0.75      ]
2025-09-04 20:12:08,741 - INFO - pod     precision | micro: 0.307407; macro: 0.348186; score: [0.90909091 0.37931034 0.17808219 0.14285714 0.34693878 0.
 0.46666667 0.05555556 0.65517241]
2025-09-04 20:12:08,741 - INFO - pod     recall    | micro: 0.715517; macro: 0.736358; score: [1.         1.         0.65       0.23809524 0.73913043 0.
 1.         1.         1.        ]
2025-09-04 20:12:08,741 - INFO - pod     f1        | micro: 0.430052; macro: 0.440671; score: [0.95238095 0.55       0.27956989 0.17857143 0.47222222 0.
 0.63636364 0.10526316 0.79166667]
2025-09-04 20:12:08,741 - INFO - ----------
2025-09-04 20:12:09,994 - INFO - [61/300] | train_loss: 0.12719
2025-09-04 20:12:11,251 - INFO - [62/300] | train_loss: 0.12847
2025-09-04 20:12:12,510 - INFO - [63/300] | train_loss: 0.12253
2025-09-04 20:12:13,771 - INFO - [64/300] | train_loss: 0.08978
2025-09-04 20:12:15,033 - INFO - [65/300] | train_loss: 0.11183
2025-09-04 20:12:16,306 - INFO - [66/300] | train_loss: 0.14094
2025-09-04 20:12:17,565 - INFO - [67/300] | train_loss: 0.09520
2025-09-04 20:12:18,826 - INFO - [68/300] | train_loss: 0.10774
2025-09-04 20:12:20,093 - INFO - [69/300] | train_loss: 0.09839
2025-09-04 20:12:21,355 - INFO - [70/300] | train_loss: 0.09892
2025-09-04 20:12:21,461 - INFO - ----------
2025-09-04 20:12:21,461 - INFO - evaluation dataset type: valid
2025-09-04 20:12:21,477 - INFO - node    precision | micro: 0.608696; macro: 0.591270; score: [0.71428571 0.33333333 1.         0.         0.5        1.        ]
2025-09-04 20:12:21,477 - INFO - node    recall    | micro: 0.875000; macro: 0.722222; score: [1.         0.66666667 0.66666667 0.         1.         1.        ]
2025-09-04 20:12:21,477 - INFO - node    f1        | micro: 0.717949; macro: 0.624074; score: [0.83333333 0.44444444 0.8        0.         0.66666667 1.        ]
2025-09-04 20:12:21,494 - INFO - service precision | micro: 0.428571; macro: 0.451852; score: [1.         0.4        0.33333333 0.25       0.33333333 0.
 1.         0.         0.75      ]
2025-09-04 20:12:21,494 - INFO - service recall    | micro: 0.625000; macro: 0.588889; score: [1.   1.   0.75 0.2  0.6  0.   1.   0.   0.75]
2025-09-04 20:12:21,495 - INFO - service f1        | micro: 0.508475; macro: 0.492640; score: [1.         0.57142857 0.46153846 0.22222222 0.42857143 0.
 1.         0.         0.75      ]
2025-09-04 20:12:21,522 - INFO - pod     precision | micro: 0.358650; macro: 0.380753; score: [0.90909091 0.39285714 0.24528302 0.15151515 0.39583333 0.
 0.63636364 0.0625     0.63333333]
2025-09-04 20:12:21,522 - INFO - pod     recall    | micro: 0.732759; macro: 0.746020; score: [1.         1.         0.65       0.23809524 0.82608696 0.
 1.         1.         1.        ]
2025-09-04 20:12:21,522 - INFO - pod     f1        | micro: 0.481586; macro: 0.473775; score: [0.95238095 0.56410256 0.35616438 0.18518519 0.53521127 0.
 0.77777778 0.11764706 0.7755102 ]
2025-09-04 20:12:21,522 - INFO - ----------
2025-09-04 20:12:22,775 - INFO - [71/300] | train_loss: 0.09496
2025-09-04 20:12:24,034 - INFO - [72/300] | train_loss: 0.10741
2025-09-04 20:12:25,305 - INFO - [73/300] | train_loss: 0.09176
2025-09-04 20:12:26,575 - INFO - [74/300] | train_loss: 0.11808
2025-09-04 20:12:27,843 - INFO - [75/300] | train_loss: 0.10847
2025-09-04 20:12:29,118 - INFO - [76/300] | train_loss: 0.10596
2025-09-04 20:12:30,386 - INFO - [77/300] | train_loss: 0.07870
2025-09-04 20:12:31,651 - INFO - [78/300] | train_loss: 0.10551
2025-09-04 20:12:32,940 - INFO - [79/300] | train_loss: 0.09546
2025-09-04 20:12:34,246 - INFO - [80/300] | train_loss: 0.07982
2025-09-04 20:12:34,354 - INFO - ----------
2025-09-04 20:12:34,354 - INFO - evaluation dataset type: valid
2025-09-04 20:12:34,369 - INFO - node    precision | micro: 0.636364; macro: 0.574603; score: [0.71428571 0.4        0.66666667 0.         0.66666667 1.        ]
2025-09-04 20:12:34,370 - INFO - node    recall    | micro: 0.875000; macro: 0.722222; score: [1.         0.66666667 0.66666667 0.         1.         1.        ]
2025-09-04 20:12:34,370 - INFO - node    f1        | micro: 0.736842; macro: 0.633333; score: [0.83333333 0.5        0.66666667 0.         0.8        1.        ]
2025-09-04 20:12:34,387 - INFO - service precision | micro: 0.461538; macro: 0.461111; score: [0.66666667 0.4        0.16666667 0.25       0.66666667 0.
 1.         0.         1.        ]
2025-09-04 20:12:34,387 - INFO - service recall    | micro: 0.500000; macro: 0.511111; score: [1.   1.   0.25 0.2  0.4  0.   1.   0.   0.75]
2025-09-04 20:12:34,387 - INFO - service f1        | micro: 0.480000; macro: 0.461199; score: [0.8        0.57142857 0.2        0.22222222 0.5        0.
 1.         0.         0.85714286]
2025-09-04 20:12:34,416 - INFO - pod     precision | micro: 0.384259; macro: 0.370876; score: [0.71428571 0.5        0.25       0.16666667 0.45945946 0.
 0.63636364 0.08333333 0.52777778]
2025-09-04 20:12:34,416 - INFO - pod     recall    | micro: 0.715517; macro: 0.736358; score: [1.         1.         0.65       0.23809524 0.73913043 0.
 1.         1.         1.        ]
2025-09-04 20:12:34,416 - INFO - pod     f1        | micro: 0.500000; macro: 0.471821; score: [0.83333333 0.66666667 0.36111111 0.19607843 0.56666667 0.
 0.77777778 0.15384615 0.69090909]
2025-09-04 20:12:34,416 - INFO - ----------
2025-09-04 20:12:35,692 - INFO - [81/300] | train_loss: 0.08014
2025-09-04 20:12:36,975 - INFO - [82/300] | train_loss: 0.11303
2025-09-04 20:12:38,264 - INFO - [83/300] | train_loss: 0.07369
2025-09-04 20:12:39,541 - INFO - [84/300] | train_loss: 0.07534
2025-09-04 20:12:40,819 - INFO - [85/300] | train_loss: 0.09533
2025-09-04 20:12:42,103 - INFO - [86/300] | train_loss: 0.11684
2025-09-04 20:12:43,392 - INFO - [87/300] | train_loss: 0.10309
2025-09-04 20:12:44,668 - INFO - [88/300] | train_loss: 0.08797
2025-09-04 20:12:45,932 - INFO - [89/300] | train_loss: 0.08039
2025-09-04 20:12:47,203 - INFO - [90/300] | train_loss: 0.08184
2025-09-04 20:12:47,308 - INFO - ----------
2025-09-04 20:12:47,308 - INFO - evaluation dataset type: valid
2025-09-04 20:12:47,324 - INFO - node    precision | micro: 0.625000; macro: 0.607143; score: [0.71428571 0.42857143 1.         0.         0.5        1.        ]
2025-09-04 20:12:47,324 - INFO - node    recall    | micro: 0.937500; macro: 0.777778; score: [1.         1.         0.66666667 0.         1.         1.        ]
2025-09-04 20:12:47,324 - INFO - node    f1        | micro: 0.750000; macro: 0.650000; score: [0.83333333 0.6        0.8        0.         0.66666667 1.        ]
2025-09-04 20:12:47,340 - INFO - service precision | micro: 0.440000; macro: 0.466931; score: [1.         0.28571429 0.16666667 0.5        1.         0.
 0.5        0.         0.75      ]
2025-09-04 20:12:47,340 - INFO - service recall    | micro: 0.458333; macro: 0.488889; score: [1.   1.   0.25 0.2  0.2  0.   1.   0.   0.75]
2025-09-04 20:12:47,340 - INFO - service f1        | micro: 0.448980; macro: 0.408907; score: [1.         0.44444444 0.2        0.28571429 0.33333333 0.
 0.66666667 0.         0.75      ]
2025-09-04 20:12:47,367 - INFO - pod     precision | micro: 0.358079; macro: 0.401364; score: [0.90909091 0.44       0.20895522 0.18518519 0.53571429 0.
 0.58333333 0.07142857 0.67857143]
2025-09-04 20:12:47,367 - INFO - pod     recall    | micro: 0.706897; macro: 0.732252; score: [1.         1.         0.7        0.23809524 0.65217391 0.
 1.         1.         1.        ]
2025-09-04 20:12:47,367 - INFO - pod     f1        | micro: 0.475362; macro: 0.484510; score: [0.95238095 0.61111111 0.32183908 0.20833333 0.58823529 0.
 0.73684211 0.13333333 0.80851064]
2025-09-04 20:12:47,367 - INFO - ----------
2025-09-04 20:12:48,641 - INFO - [91/300] | train_loss: 0.07068
2025-09-04 20:12:49,906 - INFO - [92/300] | train_loss: 0.07845
2025-09-04 20:12:51,185 - INFO - [93/300] | train_loss: 0.08650
2025-09-04 20:12:52,457 - INFO - [94/300] | train_loss: 0.07580
2025-09-04 20:12:53,732 - INFO - [95/300] | train_loss: 0.06996
2025-09-04 20:12:54,997 - INFO - [96/300] | train_loss: 0.07242
2025-09-04 20:12:56,271 - INFO - [97/300] | train_loss: 0.07167
2025-09-04 20:12:57,544 - INFO - [98/300] | train_loss: 0.06785
2025-09-04 20:12:58,814 - INFO - [99/300] | train_loss: 0.07473
2025-09-04 20:13:00,089 - INFO - [100/300] | train_loss: 0.06268
2025-09-04 20:13:00,194 - INFO - ----------
2025-09-04 20:13:00,194 - INFO - evaluation dataset type: valid
2025-09-04 20:13:00,210 - INFO - node    precision | micro: 0.583333; macro: 0.535714; score: [0.71428571 0.33333333 0.66666667 0.         0.5        1.        ]
2025-09-04 20:13:00,210 - INFO - node    recall    | micro: 0.875000; macro: 0.722222; score: [1.         0.66666667 0.66666667 0.         1.         1.        ]
2025-09-04 20:13:00,210 - INFO - node    f1        | micro: 0.700000; macro: 0.601852; score: [0.83333333 0.44444444 0.66666667 0.         0.66666667 1.        ]
2025-09-04 20:13:00,226 - INFO - service precision | micro: 0.523810; macro: 0.479630; score: [1.         0.4        0.25       0.5        0.66666667 0.
 1.         0.         0.5       ]
2025-09-04 20:13:00,227 - INFO - service recall    | micro: 0.458333; macro: 0.483333; score: [1.   1.   0.25 0.2  0.4  0.   1.   0.   0.5 ]
2025-09-04 20:13:00,227 - INFO - service f1        | micro: 0.488889; macro: 0.456349; score: [1.         0.57142857 0.25       0.28571429 0.5        0.
 1.         0.         0.5       ]
2025-09-04 20:13:00,254 - INFO - pod     precision | micro: 0.445652; macro: 0.463638; score: [0.90909091 0.55       0.25531915 0.2        0.60714286 0.
 0.875      0.14285714 0.63333333]
2025-09-04 20:13:00,254 - INFO - pod     recall    | micro: 0.706897; macro: 0.730803; score: [1.         1.         0.6        0.23809524 0.73913043 0.
 1.         1.         1.        ]
2025-09-04 20:13:00,254 - INFO - pod     f1        | micro: 0.546667; macro: 0.540352; score: [0.95238095 0.70967742 0.35820896 0.2173913  0.66666667 0.
 0.93333333 0.25       0.7755102 ]
2025-09-04 20:13:00,254 - INFO - ----------
2025-09-04 20:13:01,596 - INFO - [101/300] | train_loss: 0.07440
2025-09-04 20:13:02,873 - INFO - [102/300] | train_loss: 0.05230
2025-09-04 20:13:04,149 - INFO - [103/300] | train_loss: 0.07038
2025-09-04 20:13:05,424 - INFO - [104/300] | train_loss: 0.05503
2025-09-04 20:13:06,698 - INFO - [105/300] | train_loss: 0.07438
2025-09-04 20:13:07,959 - INFO - [106/300] | train_loss: 0.05320
2025-09-04 20:13:09,223 - INFO - [107/300] | train_loss: 0.07103
2025-09-04 20:13:10,486 - INFO - [108/300] | train_loss: 0.08762
2025-09-04 20:13:11,743 - INFO - [109/300] | train_loss: 0.07517
2025-09-04 20:13:13,004 - INFO - [110/300] | train_loss: 0.08134
2025-09-04 20:13:13,110 - INFO - ----------
2025-09-04 20:13:13,110 - INFO - evaluation dataset type: valid
2025-09-04 20:13:13,126 - INFO - node    precision | micro: 0.576923; macro: 0.536706; score: [0.625      0.42857143 0.66666667 0.         0.5        1.        ]
2025-09-04 20:13:13,126 - INFO - node    recall    | micro: 0.937500; macro: 0.777778; score: [1.         1.         0.66666667 0.         1.         1.        ]
2025-09-04 20:13:13,126 - INFO - node    f1        | micro: 0.714286; macro: 0.617094; score: [0.76923077 0.6        0.66666667 0.         0.66666667 1.        ]
2025-09-04 20:13:13,142 - INFO - service precision | micro: 0.352941; macro: 0.348413; score: [0.28571429 0.25       0.33333333 0.16666667 0.6        0.
 0.5        0.         1.        ]
2025-09-04 20:13:13,142 - INFO - service recall    | micro: 0.500000; macro: 0.505556; score: [1.   1.   0.25 0.2  0.6  0.   1.   0.   0.5 ]
2025-09-04 20:13:13,143 - INFO - service f1        | micro: 0.413793; macro: 0.360590; score: [0.44444444 0.4        0.28571429 0.18181818 0.6        0.
 0.66666667 0.         0.66666667]
2025-09-04 20:13:13,170 - INFO - pod     precision | micro: 0.393519; macro: 0.450874; score: [0.90909091 0.55       0.2826087  0.13953488 0.38297872 0.
 0.77777778 0.11111111 0.9047619 ]
2025-09-04 20:13:13,170 - INFO - pod     recall    | micro: 0.732759; macro: 0.746480; score: [1.         1.         0.65       0.28571429 0.7826087  0.
 1.         1.         1.        ]
2025-09-04 20:13:13,170 - INFO - pod     f1        | micro: 0.512048; macro: 0.531420; score: [0.95238095 0.70967742 0.39393939 0.1875     0.51428571 0.
 0.875      0.2        0.95      ]
2025-09-04 20:13:13,170 - INFO - ----------
2025-09-04 20:13:14,425 - INFO - [111/300] | train_loss: 0.09402
2025-09-04 20:13:15,695 - INFO - [112/300] | train_loss: 0.07984
2025-09-04 20:13:16,957 - INFO - [113/300] | train_loss: 0.07477
2025-09-04 20:13:18,222 - INFO - [114/300] | train_loss: 0.06176
2025-09-04 20:13:19,490 - INFO - [115/300] | train_loss: 0.06299
2025-09-04 20:13:20,763 - INFO - [116/300] | train_loss: 0.07829
2025-09-04 20:13:22,031 - INFO - [117/300] | train_loss: 0.05421
2025-09-04 20:13:23,297 - INFO - [118/300] | train_loss: 0.07601
2025-09-04 20:13:24,576 - INFO - [119/300] | train_loss: 0.06991
2025-09-04 20:13:25,857 - INFO - [120/300] | train_loss: 0.08293
2025-09-04 20:13:25,964 - INFO - ----------
2025-09-04 20:13:25,964 - INFO - evaluation dataset type: valid
2025-09-04 20:13:25,980 - INFO - node    precision | micro: 0.636364; macro: 0.574603; score: [0.71428571 0.4        0.66666667 0.         0.66666667 1.        ]
2025-09-04 20:13:25,980 - INFO - node    recall    | micro: 0.875000; macro: 0.722222; score: [1.         0.66666667 0.66666667 0.         1.         1.        ]
2025-09-04 20:13:25,981 - INFO - node    f1        | micro: 0.736842; macro: 0.633333; score: [0.83333333 0.5        0.66666667 0.         0.8        1.        ]
2025-09-04 20:13:25,997 - INFO - service precision | micro: 0.541667; macro: 0.455556; score: [1.         0.4        0.33333333 0.2        0.66666667 0.
 0.5        0.         1.        ]
2025-09-04 20:13:25,997 - INFO - service recall    | micro: 0.541667; macro: 0.538889; score: [1.   1.   0.25 0.2  0.4  0.   1.   0.   1.  ]
2025-09-04 20:13:25,997 - INFO - service f1        | micro: 0.541667; macro: 0.469312; score: [1.         0.57142857 0.28571429 0.2        0.5        0.
 0.66666667 0.         1.        ]
2025-09-04 20:13:26,024 - INFO - pod     precision | micro: 0.432292; macro: 0.446796; score: [0.90909091 0.52380952 0.30952381 0.17647059 0.48484848 0.
 0.875      0.16666667 0.57575758]
2025-09-04 20:13:26,025 - INFO - pod     recall    | micro: 0.715517; macro: 0.736818; score: [1.         1.         0.65       0.28571429 0.69565217 0.
 1.         1.         1.        ]
2025-09-04 20:13:26,025 - INFO - pod     f1        | micro: 0.538961; macro: 0.533185; score: [0.95238095 0.6875     0.41935484 0.21818182 0.57142857 0.
 0.93333333 0.28571429 0.73076923]
2025-09-04 20:13:26,025 - INFO - ----------
2025-09-04 20:13:27,330 - INFO - [121/300] | train_loss: 0.06805
2025-09-04 20:13:28,624 - INFO - [122/300] | train_loss: 0.05914
2025-09-04 20:13:29,902 - INFO - [123/300] | train_loss: 0.06972
2025-09-04 20:13:31,213 - INFO - [124/300] | train_loss: 0.06965
2025-09-04 20:13:32,542 - INFO - [125/300] | train_loss: 0.04683
2025-09-04 20:13:33,810 - INFO - [126/300] | train_loss: 0.06876
2025-09-04 20:13:35,087 - INFO - [127/300] | train_loss: 0.06944
2025-09-04 20:13:36,351 - INFO - [128/300] | train_loss: 0.05625
2025-09-04 20:13:37,609 - INFO - [129/300] | train_loss: 0.05612
2025-09-04 20:13:38,891 - INFO - [130/300] | train_loss: 0.05419
2025-09-04 20:13:38,995 - INFO - ----------
2025-09-04 20:13:38,995 - INFO - evaluation dataset type: valid
2025-09-04 20:13:39,010 - INFO - node    precision | micro: 0.666667; macro: 0.630159; score: [0.71428571 0.4        1.         0.         0.66666667 1.        ]
2025-09-04 20:13:39,011 - INFO - node    recall    | micro: 0.875000; macro: 0.722222; score: [1.         0.66666667 0.66666667 0.         1.         1.        ]
2025-09-04 20:13:39,011 - INFO - node    f1        | micro: 0.756757; macro: 0.655556; score: [0.83333333 0.5        0.8        0.         0.8        1.        ]
2025-09-04 20:13:39,027 - INFO - service precision | micro: 0.578947; macro: 0.585185; score: [0.66666667 0.4        0.2        1.         1.         0.
 1.         0.         1.        ]
2025-09-04 20:13:39,027 - INFO - service recall    | micro: 0.458333; macro: 0.488889; score: [1.   1.   0.25 0.2  0.2  0.   1.   0.   0.75]
2025-09-04 20:13:39,027 - INFO - service f1        | micro: 0.511628; macro: 0.457496; score: [0.8        0.57142857 0.22222222 0.33333333 0.33333333 0.
 1.         0.         0.85714286]
2025-09-04 20:13:39,053 - INFO - pod     precision | micro: 0.546099; macro: 0.507988; score: [0.83333333 0.61111111 0.33333333 0.29411765 0.7        0.
 1.         0.16666667 0.63333333]
2025-09-04 20:13:39,054 - INFO - pod     recall    | micro: 0.663793; macro: 0.705199; score: [1.         1.         0.5        0.23809524 0.60869565 0.
 1.         1.         1.        ]
2025-09-04 20:13:39,054 - INFO - pod     f1        | micro: 0.599222; macro: 0.560362; score: [0.90909091 0.75862069 0.4        0.26315789 0.65116279 0.
 1.         0.28571429 0.7755102 ]
2025-09-04 20:13:39,054 - INFO - ----------
2025-09-04 20:13:40,347 - INFO - [131/300] | train_loss: 0.06400
2025-09-04 20:13:41,629 - INFO - [132/300] | train_loss: 0.05910
2025-09-04 20:13:42,917 - INFO - [133/300] | train_loss: 0.05734
2025-09-04 20:13:44,193 - INFO - [134/300] | train_loss: 0.05753
2025-09-04 20:13:45,467 - INFO - [135/300] | train_loss: 0.06113
2025-09-04 20:13:46,747 - INFO - [136/300] | train_loss: 0.04299
2025-09-04 20:13:48,034 - INFO - [137/300] | train_loss: 0.05342
2025-09-04 20:13:49,331 - INFO - [138/300] | train_loss: 0.05736
2025-09-04 20:13:50,613 - INFO - [139/300] | train_loss: 0.04251
2025-09-04 20:13:51,894 - INFO - [140/300] | train_loss: 0.06418
2025-09-04 20:13:52,000 - INFO - ----------
2025-09-04 20:13:52,000 - INFO - evaluation dataset type: valid
2025-09-04 20:13:52,016 - INFO - node    precision | micro: 0.625000; macro: 0.591270; score: [0.71428571 0.5        0.66666667 0.         0.66666667 1.        ]
2025-09-04 20:13:52,016 - INFO - node    recall    | micro: 0.937500; macro: 0.777778; score: [1.         1.         0.66666667 0.         1.         1.        ]
2025-09-04 20:13:52,016 - INFO - node    f1        | micro: 0.750000; macro: 0.661111; score: [0.83333333 0.66666667 0.66666667 0.         0.8        1.        ]
2025-09-04 20:13:52,032 - INFO - service precision | micro: 0.555556; macro: 0.535185; score: [0.66666667 0.4        0.25       1.         0.5        0.
 1.         0.         1.        ]
2025-09-04 20:13:52,033 - INFO - service recall    | micro: 0.416667; macro: 0.461111; score: [1.   1.   0.25 0.2  0.2  0.   1.   0.   0.5 ]
2025-09-04 20:13:52,033 - INFO - service f1        | micro: 0.476190; macro: 0.434127; score: [0.8        0.57142857 0.25       0.33333333 0.28571429 0.
 1.         0.         0.66666667]
2025-09-04 20:13:52,060 - INFO - pod     precision | micro: 0.512500; macro: 0.500839; score: [0.83333333 0.61111111 0.35       0.2173913  0.53571429 0.
 1.         0.2        0.76      ]
2025-09-04 20:13:52,060 - INFO - pod     recall    | micro: 0.706897; macro: 0.732252; score: [1.         1.         0.7        0.23809524 0.65217391 0.
 1.         1.         1.        ]
2025-09-04 20:13:52,060 - INFO - pod     f1        | micro: 0.594203; macro: 0.571873; score: [0.90909091 0.75862069 0.46666667 0.22727273 0.58823529 0.
 1.         0.33333333 0.86363636]
2025-09-04 20:13:52,060 - INFO - ----------
2025-09-04 20:13:53,356 - INFO - [141/300] | train_loss: 0.04802
2025-09-04 20:13:54,793 - INFO - [142/300] | train_loss: 0.04350
2025-09-04 20:13:56,093 - INFO - [143/300] | train_loss: 0.05562
2025-09-04 20:13:57,384 - INFO - [144/300] | train_loss: 0.05775
2025-09-04 20:13:58,669 - INFO - [145/300] | train_loss: 0.05722
2025-09-04 20:13:59,959 - INFO - [146/300] | train_loss: 0.05395
2025-09-04 20:14:01,234 - INFO - [147/300] | train_loss: 0.07858
2025-09-04 20:14:02,508 - INFO - [148/300] | train_loss: 0.08278
2025-09-04 20:14:03,779 - INFO - [149/300] | train_loss: 0.05394
2025-09-04 20:14:05,054 - INFO - [150/300] | train_loss: 0.05289
2025-09-04 20:14:05,161 - INFO - ----------
2025-09-04 20:14:05,161 - INFO - evaluation dataset type: valid
2025-09-04 20:14:05,177 - INFO - node    precision | micro: 0.636364; macro: 0.563492; score: [0.71428571 0.5        0.66666667 0.         0.5        1.        ]
2025-09-04 20:14:05,177 - INFO - node    recall    | micro: 0.875000; macro: 0.722222; score: [1.         0.66666667 0.66666667 0.         1.         1.        ]
2025-09-04 20:14:05,177 - INFO - node    f1        | micro: 0.736842; macro: 0.623016; score: [0.83333333 0.57142857 0.66666667 0.         0.66666667 1.        ]
2025-09-04 20:14:05,193 - INFO - service precision | micro: 0.480000; macro: 0.400265; score: [0.66666667 0.28571429 0.4        0.5        0.5        0.
 0.5        0.         0.75      ]
2025-09-04 20:14:05,194 - INFO - service recall    | micro: 0.500000; macro: 0.516667; score: [1.   1.   0.5  0.2  0.2  0.   1.   0.   0.75]
2025-09-04 20:14:05,194 - INFO - service f1        | micro: 0.489796; macro: 0.408554; score: [0.8        0.44444444 0.44444444 0.28571429 0.28571429 0.
 0.66666667 0.         0.75      ]
2025-09-04 20:14:05,222 - INFO - pod     precision | micro: 0.464706; macro: 0.446584; score: [0.71428571 0.5        0.32352941 0.21428571 0.58333333 0.
 0.875      0.25       0.55882353]
2025-09-04 20:14:05,222 - INFO - pod     recall    | micro: 0.681034; macro: 0.716046; score: [1.         1.         0.55       0.28571429 0.60869565 0.
 1.         1.         1.        ]
2025-09-04 20:14:05,222 - INFO - pod     f1        | micro: 0.552448; macro: 0.533152; score: [0.83333333 0.66666667 0.40740741 0.24489796 0.59574468 0.
 0.93333333 0.4        0.71698113]
2025-09-04 20:14:05,222 - INFO - ----------
2025-09-04 20:14:06,543 - INFO - [151/300] | train_loss: 0.05529
2025-09-04 20:14:07,823 - INFO - [152/300] | train_loss: 0.05280
2025-09-04 20:14:09,117 - INFO - [153/300] | train_loss: 0.06433
2025-09-04 20:14:10,407 - INFO - [154/300] | train_loss: 0.06316
2025-09-04 20:14:11,694 - INFO - [155/300] | train_loss: 0.04739
2025-09-04 20:14:12,975 - INFO - [156/300] | train_loss: 0.06335
2025-09-04 20:14:14,261 - INFO - [157/300] | train_loss: 0.04634
2025-09-04 20:14:15,562 - INFO - [158/300] | train_loss: 0.03353
2025-09-04 20:14:16,851 - INFO - [159/300] | train_loss: 0.06150
2025-09-04 20:14:18,122 - INFO - [160/300] | train_loss: 0.06221
2025-09-04 20:14:18,227 - INFO - ----------
2025-09-04 20:14:18,228 - INFO - evaluation dataset type: valid
2025-09-04 20:14:18,243 - INFO - node    precision | micro: 0.608696; macro: 0.546825; score: [0.71428571 0.4        0.66666667 0.         0.5        1.        ]
2025-09-04 20:14:18,243 - INFO - node    recall    | micro: 0.875000; macro: 0.722222; score: [1.         0.66666667 0.66666667 0.         1.         1.        ]
2025-09-04 20:14:18,243 - INFO - node    f1        | micro: 0.717949; macro: 0.611111; score: [0.83333333 0.5        0.66666667 0.         0.66666667 1.        ]
2025-09-04 20:14:18,259 - INFO - service precision | micro: 0.476190; macro: 0.522222; score: [0.66666667 0.33333333 0.2        0.5        1.         0.
 1.         0.         1.        ]
2025-09-04 20:14:18,260 - INFO - service recall    | micro: 0.416667; macro: 0.461111; score: [1.   1.   0.25 0.2  0.2  0.   1.   0.   0.5 ]
2025-09-04 20:14:18,260 - INFO - service f1        | micro: 0.444444; macro: 0.423104; score: [0.8        0.5        0.22222222 0.28571429 0.33333333 0.
 1.         0.         0.66666667]
2025-09-04 20:14:18,287 - INFO - pod     precision | micro: 0.493976; macro: 0.477415; score: [0.66666667 0.55       0.30434783 0.2173913  0.6        0.
 1.         0.16666667 0.79166667]
2025-09-04 20:14:18,287 - INFO - pod     recall    | micro: 0.706897; macro: 0.732252; score: [1.         1.         0.7        0.23809524 0.65217391 0.
 1.         1.         1.        ]
2025-09-04 20:14:18,288 - INFO - pod     f1        | micro: 0.581560; macro: 0.550625; score: [0.8        0.70967742 0.42424242 0.22727273 0.625      0.
 1.         0.28571429 0.88372093]
2025-09-04 20:14:18,288 - INFO - ----------
2025-09-04 20:14:19,546 - INFO - [161/300] | train_loss: 0.04367
2025-09-04 20:14:20,823 - INFO - [162/300] | train_loss: 0.06128
2025-09-04 20:14:22,106 - INFO - [163/300] | train_loss: 0.05109
2025-09-04 20:14:23,387 - INFO - [164/300] | train_loss: 0.05171
2025-09-04 20:14:24,666 - INFO - [165/300] | train_loss: 0.05842
2025-09-04 20:14:25,945 - INFO - [166/300] | train_loss: 0.03639
2025-09-04 20:14:27,215 - INFO - [167/300] | train_loss: 0.04716
2025-09-04 20:14:28,490 - INFO - [168/300] | train_loss: 0.04483
2025-09-04 20:14:29,771 - INFO - [169/300] | train_loss: 0.03403
2025-09-04 20:14:31,049 - INFO - [170/300] | train_loss: 0.05180
2025-09-04 20:14:31,154 - INFO - ----------
2025-09-04 20:14:31,154 - INFO - evaluation dataset type: valid
2025-09-04 20:14:31,169 - INFO - node    precision | micro: 0.666667; macro: 0.619048; score: [0.71428571 0.5        1.         0.         0.5        1.        ]
2025-09-04 20:14:31,170 - INFO - node    recall    | micro: 0.875000; macro: 0.722222; score: [1.         0.66666667 0.66666667 0.         1.         1.        ]
2025-09-04 20:14:31,170 - INFO - node    f1        | micro: 0.756757; macro: 0.645238; score: [0.83333333 0.57142857 0.8        0.         0.66666667 1.        ]
2025-09-04 20:14:31,185 - INFO - service precision | micro: 0.571429; macro: 0.544444; score: [0.66666667 0.4        0.33333333 1.         1.         0.
 0.5        0.         1.        ]
2025-09-04 20:14:31,186 - INFO - service recall    | micro: 0.500000; macro: 0.516667; score: [1.   1.   0.5  0.2  0.2  0.   1.   0.   0.75]
2025-09-04 20:14:31,186 - INFO - service f1        | micro: 0.533333; macro: 0.440212; score: [0.8        0.57142857 0.4        0.33333333 0.33333333 0.
 0.66666667 0.         0.85714286]
2025-09-04 20:14:31,213 - INFO - pod     precision | micro: 0.496970; macro: 0.471260; score: [0.71428571 0.55       0.28571429 0.23809524 0.68181818 0.
 0.7        0.16666667 0.9047619 ]
2025-09-04 20:14:31,213 - INFO - pod     recall    | micro: 0.706897; macro: 0.732252; score: [1.         1.         0.7        0.23809524 0.65217391 0.
 1.         1.         1.        ]
2025-09-04 20:14:31,213 - INFO - pod     f1        | micro: 0.583630; macro: 0.545868; score: [0.83333333 0.70967742 0.4057971  0.23809524 0.66666667 0.
 0.82352941 0.28571429 0.95      ]
2025-09-04 20:14:31,213 - INFO - ----------
2025-09-04 20:14:32,487 - INFO - [171/300] | train_loss: 0.06319
2025-09-04 20:14:33,796 - INFO - [172/300] | train_loss: 0.05547
2025-09-04 20:14:35,077 - INFO - [173/300] | train_loss: 0.04140
2025-09-04 20:14:36,334 - INFO - [174/300] | train_loss: 0.06986
2025-09-04 20:14:37,592 - INFO - [175/300] | train_loss: 0.05191
2025-09-04 20:14:38,861 - INFO - [176/300] | train_loss: 0.04559
2025-09-04 20:14:40,131 - INFO - [177/300] | train_loss: 0.06441
2025-09-04 20:14:41,396 - INFO - [178/300] | train_loss: 0.05707
2025-09-04 20:14:42,660 - INFO - [179/300] | train_loss: 0.04442
2025-09-04 20:14:43,923 - INFO - [180/300] | train_loss: 0.05084
2025-09-04 20:14:44,029 - INFO - ----------
2025-09-04 20:14:44,029 - INFO - evaluation dataset type: valid
2025-09-04 20:14:44,045 - INFO - node    precision | micro: 0.700000; macro: 0.646825; score: [0.71428571 0.5        1.         0.         0.66666667 1.        ]
2025-09-04 20:14:44,045 - INFO - node    recall    | micro: 0.875000; macro: 0.722222; score: [1.         0.66666667 0.66666667 0.         1.         1.        ]
2025-09-04 20:14:44,045 - INFO - node    f1        | micro: 0.777778; macro: 0.667460; score: [0.83333333 0.57142857 0.8        0.         0.8        1.        ]
2025-09-04 20:14:44,061 - INFO - service precision | micro: 0.523810; macro: 0.531481; score: [1.         0.33333333 0.2        1.         1.         0.
 0.5        0.         0.75      ]
2025-09-04 20:14:44,061 - INFO - service recall    | micro: 0.458333; macro: 0.488889; score: [1.   1.   0.25 0.2  0.2  0.   1.   0.   0.75]
2025-09-04 20:14:44,061 - INFO - service f1        | micro: 0.488889; macro: 0.422840; score: [1.         0.5        0.22222222 0.33333333 0.33333333 0.
 0.66666667 0.         0.75      ]
2025-09-04 20:14:44,088 - INFO - pod     precision | micro: 0.547945; macro: 0.517376; score: [0.76923077 0.64705882 0.28888889 0.35714286 0.82352941 0.
 0.77777778 0.16666667 0.82608696]
2025-09-04 20:14:44,088 - INFO - pod     recall    | micro: 0.689655; macro: 0.721866; score: [1.         1.         0.65       0.23809524 0.60869565 0.
 1.         1.         1.        ]
2025-09-04 20:14:44,088 - INFO - pod     f1        | micro: 0.610687; macro: 0.567386; score: [0.86956522 0.78571429 0.4        0.28571429 0.7        0.
 0.875      0.28571429 0.9047619 ]
2025-09-04 20:14:44,088 - INFO - ----------
2025-09-04 20:14:45,351 - INFO - [181/300] | train_loss: 0.06412
2025-09-04 20:14:46,621 - INFO - [182/300] | train_loss: 0.05556
2025-09-04 20:14:47,883 - INFO - [183/300] | train_loss: 0.05803
2025-09-04 20:14:49,154 - INFO - [184/300] | train_loss: 0.05037
2025-09-04 20:14:50,429 - INFO - [185/300] | train_loss: 0.03697
2025-09-04 20:14:51,701 - INFO - [186/300] | train_loss: 0.04949
2025-09-04 20:14:52,958 - INFO - [187/300] | train_loss: 0.05096
2025-09-04 20:14:54,212 - INFO - [188/300] | train_loss: 0.05409
2025-09-04 20:14:55,501 - INFO - [189/300] | train_loss: 0.05010
2025-09-04 20:14:56,777 - INFO - [190/300] | train_loss: 0.05704
2025-09-04 20:14:56,882 - INFO - ----------
2025-09-04 20:14:56,882 - INFO - evaluation dataset type: valid
2025-09-04 20:14:56,897 - INFO - node    precision | micro: 0.666667; macro: 0.591270; score: [0.71428571 0.5        0.66666667 0.         0.66666667 1.        ]
2025-09-04 20:14:56,898 - INFO - node    recall    | micro: 0.875000; macro: 0.722222; score: [1.         0.66666667 0.66666667 0.         1.         1.        ]
2025-09-04 20:14:56,898 - INFO - node    f1        | micro: 0.756757; macro: 0.645238; score: [0.83333333 0.57142857 0.66666667 0.         0.8        1.        ]
2025-09-04 20:14:56,914 - INFO - service precision | micro: 0.521739; macro: 0.475926; score: [0.66666667 0.5        0.2        0.25       0.66666667 0.
 1.         0.         1.        ]
2025-09-04 20:14:56,914 - INFO - service recall    | micro: 0.500000; macro: 0.511111; score: [1.   1.   0.25 0.2  0.4  0.   1.   0.   0.75]
2025-09-04 20:14:56,915 - INFO - service f1        | micro: 0.510638; macro: 0.474250; score: [0.8        0.66666667 0.22222222 0.22222222 0.5        0.
 1.         0.         0.85714286]
2025-09-04 20:14:56,941 - INFO - pod     precision | micro: 0.528662; macro: 0.515277; score: [0.76923077 0.61111111 0.325      0.27272727 0.66666667 0.
 1.         0.16666667 0.82608696]
2025-09-04 20:14:56,941 - INFO - pod     recall    | micro: 0.715517; macro: 0.736818; score: [1.         1.         0.65       0.28571429 0.69565217 0.
 1.         1.         1.        ]
2025-09-04 20:14:56,941 - INFO - pod     f1        | micro: 0.608059; macro: 0.579102; score: [0.86956522 0.75862069 0.43333333 0.27906977 0.68085106 0.
 1.         0.28571429 0.9047619 ]
2025-09-04 20:14:56,941 - INFO - ----------
2025-09-04 20:14:58,200 - INFO - [191/300] | train_loss: 0.03989
2025-09-04 20:14:59,466 - INFO - [192/300] | train_loss: 0.05303
2025-09-04 20:15:00,725 - INFO - [193/300] | train_loss: 0.04889
2025-09-04 20:15:01,993 - INFO - [194/300] | train_loss: 0.03158
2025-09-04 20:15:03,251 - INFO - [195/300] | train_loss: 0.05697
2025-09-04 20:15:04,512 - INFO - [196/300] | train_loss: 0.05266
2025-09-04 20:15:05,777 - INFO - [197/300] | train_loss: 0.04401
2025-09-04 20:15:07,040 - INFO - [198/300] | train_loss: 0.04713
2025-09-04 20:15:08,310 - INFO - [199/300] | train_loss: 0.06981
2025-09-04 20:15:09,575 - INFO - [200/300] | train_loss: 0.28265
2025-09-04 20:15:09,679 - INFO - ----------
2025-09-04 20:15:09,679 - INFO - evaluation dataset type: valid
2025-09-04 20:15:09,695 - INFO - node    precision | micro: 0.451613; macro: 0.467821; score: [0.45454545 0.28571429 0.4        0.         0.66666667 1.        ]
2025-09-04 20:15:09,696 - INFO - node    recall    | micro: 0.875000; macro: 0.722222; score: [1.         0.66666667 0.66666667 0.         1.         1.        ]
2025-09-04 20:15:09,696 - INFO - node    f1        | micro: 0.595745; macro: 0.554167; score: [0.625 0.4   0.5   0.    0.8   1.   ]
2025-09-04 20:15:09,712 - INFO - service precision | micro: 0.076923; macro: 0.285376; score: [0.2        0.125      1.         0.03703704 0.0952381  0.
 0.11111111 0.         1.        ]
2025-09-04 20:15:09,713 - INFO - service recall    | micro: 0.666667; macro: 0.594444; score: [1.   1.   0.25 0.8  0.8  0.   1.   0.   0.5 ]
2025-09-04 20:15:09,713 - INFO - service f1        | micro: 0.137931; macro: 0.229248; score: [0.33333333 0.22222222 0.4        0.07079646 0.17021277 0.
 0.2        0.         0.66666667]
2025-09-04 20:15:09,741 - INFO - pod     precision | micro: 0.124031; macro: 0.290739; score: [0.3030303  0.71428571 0.26086957 0.0519802  0.11702128 0.
 0.20588235 0.05882353 0.9047619 ]
2025-09-04 20:15:09,741 - INFO - pod     recall    | micro: 0.827586; macro: 0.796179; score: [1.         0.90909091 0.3        1.         0.95652174 0.
 1.         1.         1.        ]
2025-09-04 20:15:09,741 - INFO - pod     f1        | micro: 0.215730; macro: 0.361568; score: [0.46511628 0.8        0.27906977 0.09882353 0.20853081 0.
 0.34146341 0.11111111 0.95      ]
2025-09-04 20:15:09,741 - INFO - ----------
2025-09-04 20:15:10,998 - INFO - [201/300] | train_loss: 0.31064
2025-09-04 20:15:12,265 - INFO - [202/300] | train_loss: 0.22945
2025-09-04 20:15:13,532 - INFO - [203/300] | train_loss: 0.20423
2025-09-04 20:15:14,790 - INFO - [204/300] | train_loss: 0.14710
2025-09-04 20:15:16,054 - INFO - [205/300] | train_loss: 0.14073
2025-09-04 20:15:17,310 - INFO - [206/300] | train_loss: 0.15208
2025-09-04 20:15:18,573 - INFO - [207/300] | train_loss: 0.13265
2025-09-04 20:15:19,833 - INFO - [208/300] | train_loss: 0.11070
2025-09-04 20:15:21,080 - INFO - [209/300] | train_loss: 0.13050
2025-09-04 20:15:22,329 - INFO - [210/300] | train_loss: 0.14278
2025-09-04 20:15:22,433 - INFO - ----------
2025-09-04 20:15:22,434 - INFO - evaluation dataset type: valid
2025-09-04 20:15:22,449 - INFO - node    precision | micro: 0.652174; macro: 0.607937; score: [0.71428571 0.6        0.66666667 0.         0.66666667 1.        ]
2025-09-04 20:15:22,450 - INFO - node    recall    | micro: 0.937500; macro: 0.777778; score: [1.         1.         0.66666667 0.         1.         1.        ]
2025-09-04 20:15:22,450 - INFO - node    f1        | micro: 0.769231; macro: 0.675000; score: [0.83333333 0.75       0.66666667 0.         0.8        1.        ]
2025-09-04 20:15:22,466 - INFO - service precision | micro: 0.350000; macro: 0.389934; score: [0.33333333 0.15384615 0.33333333 0.22222222 0.66666667 0.
 1.         0.         0.8       ]
2025-09-04 20:15:22,467 - INFO - service recall    | micro: 0.583333; macro: 0.561111; score: [1.   1.   0.25 0.4  0.4  0.   1.   0.   1.  ]
2025-09-04 20:15:22,467 - INFO - service f1        | micro: 0.437500; macro: 0.414109; score: [0.5        0.26666667 0.28571429 0.28571429 0.5        0.
 1.         0.         0.88888889]
2025-09-04 20:15:22,494 - INFO - pod     precision | micro: 0.392857; macro: 0.424325; score: [0.76923077 0.36666667 0.27272727 0.2        0.52631579 0.
 0.63636364 0.14285714 0.9047619 ]
2025-09-04 20:15:22,494 - INFO - pod     recall    | micro: 0.663793; macro: 0.706775; score: [1.         1.         0.45       0.47619048 0.43478261 0.
 1.         1.         1.        ]
2025-09-04 20:15:22,494 - INFO - pod     f1        | micro: 0.493590; macro: 0.497937; score: [0.86956522 0.53658537 0.33962264 0.28169014 0.47619048 0.
 0.77777778 0.25       0.95      ]
2025-09-04 20:15:22,494 - INFO - ----------
2025-09-04 20:15:23,746 - INFO - [211/300] | train_loss: 0.11184
2025-09-04 20:15:25,006 - INFO - [212/300] | train_loss: 0.11909
2025-09-04 20:15:26,285 - INFO - [213/300] | train_loss: 0.10813
2025-09-04 20:15:27,560 - INFO - [214/300] | train_loss: 0.09436
2025-09-04 20:15:28,819 - INFO - [215/300] | train_loss: 0.10114
2025-09-04 20:15:30,076 - INFO - [216/300] | train_loss: 0.08468
2025-09-04 20:15:31,335 - INFO - [217/300] | train_loss: 0.07892
2025-09-04 20:15:32,594 - INFO - [218/300] | train_loss: 0.08895
2025-09-04 20:15:33,854 - INFO - [219/300] | train_loss: 0.09140
2025-09-04 20:15:35,115 - INFO - [220/300] | train_loss: 0.13004
2025-09-04 20:15:35,219 - INFO - ----------
2025-09-04 20:15:35,219 - INFO - evaluation dataset type: valid
2025-09-04 20:15:35,235 - INFO - node    precision | micro: 0.666667; macro: 0.619048; score: [0.71428571 0.5        1.         0.         0.5        1.        ]
2025-09-04 20:15:35,235 - INFO - node    recall    | micro: 0.875000; macro: 0.722222; score: [1.         0.66666667 0.66666667 0.         1.         1.        ]
2025-09-04 20:15:35,235 - INFO - node    f1        | micro: 0.756757; macro: 0.645238; score: [0.83333333 0.57142857 0.8        0.         0.66666667 1.        ]
2025-09-04 20:15:35,251 - INFO - service precision | micro: 0.265306; macro: 0.340212; score: [0.14285714 0.14285714 0.5        0.14285714 1.         0.
 0.33333333 0.         0.8       ]
2025-09-04 20:15:35,251 - INFO - service recall    | micro: 0.541667; macro: 0.538889; score: [1.   1.   0.25 0.2  0.4  0.   1.   0.   1.  ]
2025-09-04 20:15:35,251 - INFO - service f1        | micro: 0.356164; macro: 0.328924; score: [0.25       0.25       0.33333333 0.16666667 0.57142857 0.
 0.5        0.         0.88888889]
2025-09-04 20:15:35,278 - INFO - pod     precision | micro: 0.338912; macro: 0.434933; score: [0.66666667 0.47826087 0.17241379 0.14705882 0.33333333 0.
 1.         0.16666667 0.95      ]
2025-09-04 20:15:35,278 - INFO - pod     recall    | micro: 0.698276; macro: 0.726823; score: [1.         1.         0.5        0.47619048 0.56521739 0.
 1.         1.         1.        ]
2025-09-04 20:15:35,279 - INFO - pod     f1        | micro: 0.456338; macro: 0.511957; score: [0.8        0.64705882 0.25641026 0.2247191  0.41935484 0.
 1.         0.28571429 0.97435897]
2025-09-04 20:15:35,279 - INFO - ----------
2025-09-04 20:15:36,545 - INFO - [221/300] | train_loss: 0.11363
2025-09-04 20:15:37,812 - INFO - [222/300] | train_loss: 0.09166
2025-09-04 20:15:39,078 - INFO - [223/300] | train_loss: 0.08461
2025-09-04 20:15:40,338 - INFO - [224/300] | train_loss: 0.08446
2025-09-04 20:15:41,607 - INFO - [225/300] | train_loss: 0.09263
2025-09-04 20:15:42,870 - INFO - [226/300] | train_loss: 0.07608
2025-09-04 20:15:44,145 - INFO - [227/300] | train_loss: 0.09401
2025-09-04 20:15:45,415 - INFO - [228/300] | train_loss: 0.10876
2025-09-04 20:15:46,671 - INFO - [229/300] | train_loss: 0.08048
2025-09-04 20:15:47,933 - INFO - [230/300] | train_loss: 0.07210
2025-09-04 20:15:48,039 - INFO - ----------
2025-09-04 20:15:48,039 - INFO - evaluation dataset type: valid
2025-09-04 20:15:48,054 - INFO - node    precision | micro: 0.681818; macro: 0.635714; score: [0.71428571 0.6        1.         0.         0.5        1.        ]
2025-09-04 20:15:48,055 - INFO - node    recall    | micro: 0.937500; macro: 0.777778; score: [1.         1.         0.66666667 0.         1.         1.        ]
2025-09-04 20:15:48,055 - INFO - node    f1        | micro: 0.789474; macro: 0.675000; score: [0.83333333 0.75       0.8        0.         0.66666667 1.        ]
2025-09-04 20:15:48,070 - INFO - service precision | micro: 0.520000; macro: 0.574074; score: [1.         0.66666667 0.33333333 0.16666667 1.         0.
 1.         0.         1.        ]
2025-09-04 20:15:48,071 - INFO - service recall    | micro: 0.541667; macro: 0.544444; score: [1.   1.   0.75 0.2  0.2  0.   1.   0.   0.75]
2025-09-04 20:15:48,071 - INFO - service f1        | micro: 0.530612; macro: 0.514870; score: [1.         0.8        0.46153846 0.18181818 0.33333333 0.
 1.         0.         0.85714286]
2025-09-04 20:15:48,097 - INFO - pod     precision | micro: 0.491124; macro: 0.507462; score: [0.90909091 0.78571429 0.28888889 0.25806452 0.5        0.
 0.77777778 0.14285714 0.9047619 ]
2025-09-04 20:15:48,097 - INFO - pod     recall    | micro: 0.715517; macro: 0.737739; score: [1.         1.         0.65       0.38095238 0.60869565 0.
 1.         1.         1.        ]
2025-09-04 20:15:48,098 - INFO - pod     f1        | micro: 0.582456; macro: 0.573788; score: [0.95238095 0.88       0.4        0.30769231 0.54901961 0.
 0.875      0.25       0.95      ]
2025-09-04 20:15:48,098 - INFO - ----------
2025-09-04 20:15:49,351 - INFO - [231/300] | train_loss: 0.05702
2025-09-04 20:15:50,608 - INFO - [232/300] | train_loss: 0.06579
2025-09-04 20:15:51,869 - INFO - [233/300] | train_loss: 0.07954
2025-09-04 20:15:53,134 - INFO - [234/300] | train_loss: 0.07444
2025-09-04 20:15:54,391 - INFO - [235/300] | train_loss: 0.05643
2025-09-04 20:15:55,656 - INFO - [236/300] | train_loss: 0.04845
2025-09-04 20:15:56,920 - INFO - [237/300] | train_loss: 0.08168
2025-09-04 20:15:58,186 - INFO - [238/300] | train_loss: 0.05998
2025-09-04 20:15:59,449 - INFO - [239/300] | train_loss: 0.06180
2025-09-04 20:16:00,719 - INFO - [240/300] | train_loss: 0.10448
2025-09-04 20:16:00,823 - INFO - ----------
2025-09-04 20:16:00,823 - INFO - evaluation dataset type: valid
2025-09-04 20:16:00,838 - INFO - node    precision | micro: 0.666667; macro: 0.619048; score: [0.71428571 0.5        1.         0.         0.5        1.        ]
2025-09-04 20:16:00,838 - INFO - node    recall    | micro: 0.875000; macro: 0.722222; score: [1.         0.66666667 0.66666667 0.         1.         1.        ]
2025-09-04 20:16:00,838 - INFO - node    f1        | micro: 0.756757; macro: 0.645238; score: [0.83333333 0.57142857 0.8        0.         0.66666667 1.        ]
2025-09-04 20:16:00,854 - INFO - service precision | micro: 0.608696; macro: 0.620370; score: [1.         1.         0.33333333 0.25       1.         0.
 1.         0.         1.        ]
2025-09-04 20:16:00,854 - INFO - service recall    | micro: 0.583333; macro: 0.566667; score: [1.   1.   0.75 0.2  0.4  0.   1.   0.   0.75]
2025-09-04 20:16:00,854 - INFO - service f1        | micro: 0.595745; macro: 0.568037; score: [1.         1.         0.46153846 0.22222222 0.57142857 0.
 1.         0.         0.85714286]
2025-09-04 20:16:00,881 - INFO - pod     precision | micro: 0.484663; macro: 0.516607; score: [0.90909091 0.78571429 0.25       0.30769231 0.55555556 0.
 0.77777778 0.2        0.86363636]
2025-09-04 20:16:00,881 - INFO - pod     recall    | micro: 0.681034; macro: 0.718415; score: [1.         1.         0.65       0.38095238 0.43478261 0.
 1.         1.         1.        ]
2025-09-04 20:16:00,881 - INFO - pod     f1        | micro: 0.566308; macro: 0.572987; score: [0.95238095 0.88       0.36111111 0.34042553 0.48780488 0.
 0.875      0.33333333 0.92682927]
2025-09-04 20:16:00,881 - INFO - ----------
2025-09-04 20:16:02,135 - INFO - [241/300] | train_loss: 0.05650
2025-09-04 20:16:03,393 - INFO - [242/300] | train_loss: 0.06755
2025-09-04 20:16:04,665 - INFO - [243/300] | train_loss: 0.05651
2025-09-04 20:16:05,944 - INFO - [244/300] | train_loss: 0.04816
2025-09-04 20:16:07,235 - INFO - [245/300] | train_loss: 0.04785
2025-09-04 20:16:08,517 - INFO - [246/300] | train_loss: 0.05594
2025-09-04 20:16:09,795 - INFO - [247/300] | train_loss: 0.05304
2025-09-04 20:16:11,129 - INFO - [248/300] | train_loss: 0.08212
2025-09-04 20:16:12,406 - INFO - [249/300] | train_loss: 0.03878
2025-09-04 20:16:13,715 - INFO - [250/300] | train_loss: 0.06141
2025-09-04 20:16:13,822 - INFO - ----------
2025-09-04 20:16:13,822 - INFO - evaluation dataset type: valid
2025-09-04 20:16:13,838 - INFO - node    precision | micro: 0.700000; macro: 0.646825; score: [0.71428571 0.5        1.         0.         0.66666667 1.        ]
2025-09-04 20:16:13,838 - INFO - node    recall    | micro: 0.875000; macro: 0.722222; score: [1.         0.66666667 0.66666667 0.         1.         1.        ]
2025-09-04 20:16:13,838 - INFO - node    f1        | micro: 0.777778; macro: 0.667460; score: [0.83333333 0.57142857 0.8        0.         0.8        1.        ]
2025-09-04 20:16:13,855 - INFO - service precision | micro: 0.666667; macro: 0.601852; score: [1.         0.66666667 0.5        0.25       1.         0.
 1.         0.         1.        ]
2025-09-04 20:16:13,855 - INFO - service recall    | micro: 0.500000; macro: 0.516667; score: [1.   1.   0.5  0.2  0.2  0.   1.   0.   0.75]
2025-09-04 20:16:13,855 - INFO - service f1        | micro: 0.571429; macro: 0.523633; score: [1.         0.8        0.5        0.22222222 0.33333333 0.
 1.         0.         0.85714286]
2025-09-04 20:16:13,882 - INFO - pod     precision | micro: 0.597015; macro: 0.568269; score: [0.90909091 0.6875     0.38235294 0.32       0.78571429 0.
 0.875      0.25       0.9047619 ]
2025-09-04 20:16:13,882 - INFO - pod     recall    | micro: 0.689655; macro: 0.723246; score: [1.         1.         0.65       0.38095238 0.47826087 0.
 1.         1.         1.        ]
2025-09-04 20:16:13,883 - INFO - pod     f1        | micro: 0.640000; macro: 0.608270; score: [0.95238095 0.81481481 0.48148148 0.34782609 0.59459459 0.
 0.93333333 0.4        0.95      ]
2025-09-04 20:16:13,883 - INFO - ----------
2025-09-04 20:16:15,159 - INFO - [251/300] | train_loss: 0.06952
2025-09-04 20:16:16,422 - INFO - [252/300] | train_loss: 0.06215
2025-09-04 20:16:17,688 - INFO - [253/300] | train_loss: 0.05115
2025-09-04 20:16:18,947 - INFO - [254/300] | train_loss: 0.05251
2025-09-04 20:16:20,210 - INFO - [255/300] | train_loss: 0.04507
2025-09-04 20:16:21,502 - INFO - [256/300] | train_loss: 0.04042
2025-09-04 20:16:22,785 - INFO - [257/300] | train_loss: 0.06247
2025-09-04 20:16:24,059 - INFO - [258/300] | train_loss: 0.08700
2025-09-04 20:16:25,331 - INFO - [259/300] | train_loss: 0.06565
2025-09-04 20:16:26,598 - INFO - [260/300] | train_loss: 0.05001
2025-09-04 20:16:26,706 - INFO - ----------
2025-09-04 20:16:26,706 - INFO - evaluation dataset type: valid
2025-09-04 20:16:26,722 - INFO - node    precision | micro: 0.700000; macro: 0.646825; score: [0.71428571 0.5        1.         0.         0.66666667 1.        ]
2025-09-04 20:16:26,722 - INFO - node    recall    | micro: 0.875000; macro: 0.722222; score: [1.         0.66666667 0.66666667 0.         1.         1.        ]
2025-09-04 20:16:26,722 - INFO - node    f1        | micro: 0.777778; macro: 0.667460; score: [0.83333333 0.57142857 0.8        0.         0.8        1.        ]
2025-09-04 20:16:26,739 - INFO - service precision | micro: 0.684211; macro: 0.601852; score: [1.         0.66666667 0.5        0.25       1.         0.
 1.         0.         1.        ]
2025-09-04 20:16:26,739 - INFO - service recall    | micro: 0.541667; macro: 0.538889; score: [1.   1.   0.5  0.2  0.4  0.   1.   0.   0.75]
2025-09-04 20:16:26,739 - INFO - service f1        | micro: 0.604651; macro: 0.550088; score: [1.         0.8        0.5        0.22222222 0.57142857 0.
 1.         0.         0.85714286]
2025-09-04 20:16:26,767 - INFO - pod     precision | micro: 0.574627; macro: 0.549965; score: [0.90909091 0.64705882 0.38709677 0.27272727 0.57894737 0.
 1.         0.25       0.9047619 ]
2025-09-04 20:16:26,768 - INFO - pod     recall    | micro: 0.663793; macro: 0.707108; score: [1.         1.         0.6        0.28571429 0.47826087 0.
 1.         1.         1.        ]
2025-09-04 20:16:26,768 - INFO - pod     f1        | micro: 0.616000; macro: 0.595729; score: [0.95238095 0.78571429 0.47058824 0.27906977 0.52380952 0.
 1.         0.4        0.95      ]
2025-09-04 20:16:26,768 - INFO - ----------
2025-09-04 20:16:28,052 - INFO - [261/300] | train_loss: 0.05188
2025-09-04 20:16:29,341 - INFO - [262/300] | train_loss: 0.05128
2025-09-04 20:16:30,627 - INFO - [263/300] | train_loss: 0.05131
2025-09-04 20:16:31,885 - INFO - [264/300] | train_loss: 0.05055
2025-09-04 20:16:33,149 - INFO - [265/300] | train_loss: 0.05310
2025-09-04 20:16:34,417 - INFO - [266/300] | train_loss: 0.07165
2025-09-04 20:16:35,699 - INFO - [267/300] | train_loss: 0.04328
2025-09-04 20:16:36,983 - INFO - [268/300] | train_loss: 0.03592
2025-09-04 20:16:38,280 - INFO - [269/300] | train_loss: 0.03162
2025-09-04 20:16:39,559 - INFO - [270/300] | train_loss: 0.07060
2025-09-04 20:16:39,666 - INFO - ----------
2025-09-04 20:16:39,666 - INFO - evaluation dataset type: valid
2025-09-04 20:16:39,682 - INFO - node    precision | micro: 0.700000; macro: 0.646825; score: [0.71428571 0.5        1.         0.         0.66666667 1.        ]
2025-09-04 20:16:39,682 - INFO - node    recall    | micro: 0.875000; macro: 0.722222; score: [1.         0.66666667 0.66666667 0.         1.         1.        ]
2025-09-04 20:16:39,682 - INFO - node    f1        | micro: 0.777778; macro: 0.667460; score: [0.83333333 0.57142857 0.8        0.         0.8        1.        ]
2025-09-04 20:16:39,699 - INFO - service precision | micro: 0.650000; macro: 0.583333; score: [1.   0.5  0.5  0.25 1.   0.   1.   0.   1.  ]
2025-09-04 20:16:39,699 - INFO - service recall    | micro: 0.541667; macro: 0.538889; score: [1.   1.   0.5  0.2  0.4  0.   1.   0.   0.75]
2025-09-04 20:16:39,699 - INFO - service f1        | micro: 0.590909; macro: 0.535273; score: [1.         0.66666667 0.5        0.22222222 0.57142857 0.
 1.         0.         0.85714286]
2025-09-04 20:16:39,725 - INFO - pod     precision | micro: 0.561151; macro: 0.541161; score: [0.83333333 0.57894737 0.36111111 0.3        0.64705882 0.
 1.         0.2        0.95      ]
2025-09-04 20:16:39,726 - INFO - pod     recall    | micro: 0.672414; macro: 0.712664; score: [1.         1.         0.65       0.28571429 0.47826087 0.
 1.         1.         1.        ]
2025-09-04 20:16:39,726 - INFO - pod     f1        | micro: 0.611765; macro: 0.584121; score: [0.90909091 0.73333333 0.46428571 0.29268293 0.55       0.
 1.         0.33333333 0.97435897]
2025-09-04 20:16:39,726 - INFO - ----------
2025-09-04 20:16:40,994 - INFO - [271/300] | train_loss: 0.04268
2025-09-04 20:16:42,276 - INFO - [272/300] | train_loss: 0.07095
2025-09-04 20:16:43,562 - INFO - [273/300] | train_loss: 0.04724
2025-09-04 20:16:44,874 - INFO - [274/300] | train_loss: 0.04041
2025-09-04 20:16:46,157 - INFO - [275/300] | train_loss: 0.05270
2025-09-04 20:16:47,446 - INFO - [276/300] | train_loss: 0.05662
2025-09-04 20:16:48,733 - INFO - [277/300] | train_loss: 0.05824
2025-09-04 20:16:50,020 - INFO - [278/300] | train_loss: 0.04360
2025-09-04 20:16:51,304 - INFO - [279/300] | train_loss: 0.04198
2025-09-04 20:16:52,579 - INFO - [280/300] | train_loss: 0.04139
2025-09-04 20:16:52,687 - INFO - ----------
2025-09-04 20:16:52,687 - INFO - evaluation dataset type: valid
2025-09-04 20:16:52,703 - INFO - node    precision | micro: 0.700000; macro: 0.646825; score: [0.71428571 0.5        1.         0.         0.66666667 1.        ]
2025-09-04 20:16:52,703 - INFO - node    recall    | micro: 0.875000; macro: 0.722222; score: [1.         0.66666667 0.66666667 0.         1.         1.        ]
2025-09-04 20:16:52,703 - INFO - node    f1        | micro: 0.777778; macro: 0.667460; score: [0.83333333 0.57142857 0.8        0.         0.8        1.        ]
2025-09-04 20:16:52,719 - INFO - service precision | micro: 0.777778; macro: 0.648148; score: [1.         1.         0.5        0.33333333 1.         0.
 1.         0.         1.        ]
2025-09-04 20:16:52,719 - INFO - service recall    | micro: 0.583333; macro: 0.566667; score: [1.  1.  0.5 0.2 0.4 0.  1.  0.  1. ]
2025-09-04 20:16:52,719 - INFO - service f1        | micro: 0.666667; macro: 0.591270; score: [1.         1.         0.5        0.25       0.57142857 0.
 1.         0.         1.        ]
2025-09-04 20:16:52,746 - INFO - pod     precision | micro: 0.586466; macro: 0.582419; score: [0.90909091 0.78571429 0.36363636 0.25       0.73333333 0.
 1.         0.2        1.        ]
2025-09-04 20:16:52,746 - INFO - pod     recall    | micro: 0.672414; macro: 0.712399; score: [1.         1.         0.6        0.33333333 0.47826087 0.
 1.         1.         1.        ]
2025-09-04 20:16:52,746 - INFO - pod     f1        | micro: 0.626506; macro: 0.609245; score: [0.95238095 0.88       0.45283019 0.28571429 0.57894737 0.
 1.         0.33333333 1.        ]
2025-09-04 20:16:52,746 - INFO - ----------
2025-09-04 20:16:54,024 - INFO - [281/300] | train_loss: 0.05563
2025-09-04 20:16:55,296 - INFO - [282/300] | train_loss: 0.06196
2025-09-04 20:16:56,559 - INFO - [283/300] | train_loss: 0.04427
2025-09-04 20:16:57,844 - INFO - [284/300] | train_loss: 0.05604
2025-09-04 20:16:59,124 - INFO - [285/300] | train_loss: 0.04124
2025-09-04 20:17:00,431 - INFO - [286/300] | train_loss: 0.04872
2025-09-04 20:17:01,719 - INFO - [287/300] | train_loss: 0.03904
2025-09-04 20:17:03,012 - INFO - [288/300] | train_loss: 0.04244
2025-09-04 20:17:04,285 - INFO - [289/300] | train_loss: 0.04273
2025-09-04 20:17:05,573 - INFO - [290/300] | train_loss: 0.04129
2025-09-04 20:17:05,680 - INFO - ----------
2025-09-04 20:17:05,680 - INFO - evaluation dataset type: valid
2025-09-04 20:17:05,696 - INFO - node    precision | micro: 0.700000; macro: 0.646825; score: [0.71428571 0.5        1.         0.         0.66666667 1.        ]
2025-09-04 20:17:05,696 - INFO - node    recall    | micro: 0.875000; macro: 0.722222; score: [1.         0.66666667 0.66666667 0.         1.         1.        ]
2025-09-04 20:17:05,696 - INFO - node    f1        | micro: 0.777778; macro: 0.667460; score: [0.83333333 0.57142857 0.8        0.         0.8        1.        ]
2025-09-04 20:17:05,713 - INFO - service precision | micro: 0.705882; macro: 0.611111; score: [1.         0.66666667 0.5        0.33333333 1.         0.
 1.         0.         1.        ]
2025-09-04 20:17:05,713 - INFO - service recall    | micro: 0.500000; macro: 0.516667; score: [1.   1.   0.5  0.2  0.2  0.   1.   0.   0.75]
2025-09-04 20:17:05,713 - INFO - service f1        | micro: 0.585366; macro: 0.526720; score: [1.         0.8        0.5        0.25       0.33333333 0.
 1.         0.         0.85714286]
2025-09-04 20:17:05,741 - INFO - pod     precision | micro: 0.585185; macro: 0.576852; score: [0.90909091 0.78571429 0.34210526 0.3        0.75       0.
 1.         0.2        0.9047619 ]
2025-09-04 20:17:05,741 - INFO - pod     recall    | micro: 0.681034; macro: 0.717495; score: [1.         1.         0.65       0.28571429 0.52173913 0.
 1.         1.         1.        ]
2025-09-04 20:17:05,741 - INFO - pod     f1        | micro: 0.629482; macro: 0.608006; score: [0.95238095 0.88       0.44827586 0.29268293 0.61538462 0.
 1.         0.33333333 0.95      ]
2025-09-04 20:17:05,741 - INFO - ----------
2025-09-04 20:17:07,039 - INFO - [291/300] | train_loss: 0.05787
2025-09-04 20:17:08,320 - INFO - [292/300] | train_loss: 0.04321
2025-09-04 20:17:09,604 - INFO - [293/300] | train_loss: 0.03987
2025-09-04 20:17:10,884 - INFO - [294/300] | train_loss: 0.05097
2025-09-04 20:17:12,153 - INFO - [295/300] | train_loss: 0.04129
2025-09-04 20:17:13,432 - INFO - [296/300] | train_loss: 0.05133
2025-09-04 20:17:14,711 - INFO - [297/300] | train_loss: 0.03506
2025-09-04 20:17:15,988 - INFO - [298/300] | train_loss: 0.03338
2025-09-04 20:17:17,254 - INFO - [299/300] | train_loss: 0.06553
2025-09-04 20:17:17,790 - INFO - ----------
2025-09-04 20:17:17,790 - INFO - evaluation dataset type: test
2025-09-04 20:17:17,810 - INFO - node    precision | micro: 0.560748; macro: 0.579481; score: [0.73684211 0.33333333 0.7        0.40909091 0.71428571 0.58333333]
2025-09-04 20:17:17,810 - INFO - node    recall    | micro: 0.895522; macro: 0.882335; score: [1.         0.85714286 0.77777778 0.75       0.90909091 1.        ]
2025-09-04 20:17:17,810 - INFO - node    f1        | micro: 0.689655; macro: 0.688597; score: [0.84848485 0.48       0.73684211 0.52941176 0.8        0.73684211]
2025-09-04 20:17:17,838 - INFO - service precision | micro: 0.659574; macro: 0.733064; score: [1.         0.81818182 0.44444444 0.26315789 0.85714286 0.55555556
 0.90909091 1.         0.75      ]
2025-09-04 20:17:17,838 - INFO - service recall    | micro: 0.704545; macro: 0.731481; score: [1.         1.         0.4        0.41666667 0.5        0.66666667
 1.         1.         0.6       ]
2025-09-04 20:17:17,838 - INFO - service f1        | micro: 0.681319; macro: 0.722258; score: [1.         0.9        0.42105263 0.32258065 0.63157895 0.60606061
 0.95238095 1.         0.66666667]
2025-09-04 20:17:17,913 - INFO - pod     precision | micro: 0.570755; macro: 0.656626; score: [0.94       0.71428571 0.39130435 0.28030303 0.63793103 0.48245614
 0.87931034 0.84210526 0.74193548]
2025-09-04 20:17:17,913 - INFO - pod     recall    | micro: 0.828767; macro: 0.847902; score: [1.         0.97826087 0.73469388 0.59677419 0.66071429 0.80882353
 1.         1.         0.85185185]
2025-09-04 20:17:17,913 - INFO - pod     f1        | micro: 0.675978; macro: 0.731503; score: [0.96907216 0.82568807 0.5106383  0.3814433  0.64912281 0.6043956
 0.93577982 0.91428571 0.79310345]
2025-09-04 20:17:17,913 - INFO - ----------
----GATNet----
GAT_name1:  GATConv
GAT_name2:  GATConv
activ_fun1:  relu6
activ_fun2:  leaky_relu
begin----------------------------------------
Running: python ./HolisticRCA/trainer/a_rca_trainer.py   --model_path /root/shared-nvme/work/code/RCA/HolisticRCA/model/a/checkpoint/main.pt   --epochs 300   --orl_te_heads 2   --orl_te_layers 2   --orl_te_in_channels 256   --efi_in_dim 256   --efi_te_heads 4   --efi_te_layers 2   --efi_out_dim 256   --eff_in_dim 256   --eff_GAT_out_channels 128   --eff_GAT_heads 2   --batch_size 64   --eff_GAT_dropout 0.1           --GAT_name1 GATConv           --GAT_name2 GATConv           --activ_fun1 relu6           --activ_fun2 relu6
2025-09-04 20:17:24,048 - INFO - [0/300] | train_loss: 3.93933
2025-09-04 20:17:24,152 - INFO - ----------
2025-09-04 20:17:24,152 - INFO - evaluation dataset type: valid
2025-09-04 20:17:24,169 - INFO - node    precision | micro: 0.046332; macro: 0.047457; score: [0.04545455 0.07142857 0.         0.         0.025      0.14285714]
2025-09-04 20:17:24,169 - INFO - node    recall    | micro: 0.750000; macro: 0.633333; score: [0.8 1.  0.  0.  1.  1. ]
2025-09-04 20:17:24,169 - INFO - node    f1        | micro: 0.087273; macro: 0.086356; score: [0.08602151 0.13333333 0.         0.         0.04878049 0.25      ]
2025-09-04 20:17:24,186 - INFO - service precision | micro: 0.010782; macro: 0.168458; score: [0.00766284 0.         0.         1.         0.         0.
 0.5        0.         0.00845666]
2025-09-04 20:17:24,186 - INFO - service recall    | micro: 0.333333; macro: 0.355556; score: [1.  0.  0.  0.2 0.  0.  1.  0.  1. ]
2025-09-04 20:17:24,187 - INFO - service f1        | micro: 0.020888; macro: 0.114665; score: [0.01520913 0.         0.         0.33333333 0.         0.
 0.66666667 0.         0.01677149]
2025-09-04 20:17:24,219 - INFO - pod     precision | micro: 0.008229; macro: 0.130309; score: [8.88888889e-01 0.00000000e+00 1.59744409e-02 5.06329114e-02
 2.16216216e-02 2.14592275e-03 1.85185185e-01 4.16666667e-04
 7.91666667e-03]
2025-09-04 20:17:24,219 - INFO - pod     recall    | micro: 0.568966; macro: 0.647147; score: [0.8        0.         0.25       0.19047619 0.86956522 1.
 0.71428571 1.         1.        ]
2025-09-04 20:17:24,219 - INFO - pod     f1        | micro: 0.016224; macro: 0.145475; score: [8.42105263e-01 0.00000000e+00 3.00300300e-02 8.00000000e-02
 4.21940928e-02 4.28265525e-03 2.94117647e-01 8.32986256e-04
 1.57089706e-02]
2025-09-04 20:17:24,219 - INFO - ----------
2025-09-04 20:17:25,492 - INFO - [1/300] | train_loss: 3.39606
2025-09-04 20:17:26,762 - INFO - [2/300] | train_loss: 2.76848
2025-09-04 20:17:28,028 - INFO - [3/300] | train_loss: 2.17903
2025-09-04 20:17:29,316 - INFO - [4/300] | train_loss: 1.70158
2025-09-04 20:17:30,621 - INFO - [5/300] | train_loss: 1.40842
2025-09-04 20:17:31,934 - INFO - [6/300] | train_loss: 1.16318
2025-09-04 20:17:33,270 - INFO - [7/300] | train_loss: 0.97160
2025-09-04 20:17:34,574 - INFO - [8/300] | train_loss: 0.86556
2025-09-04 20:17:35,879 - INFO - [9/300] | train_loss: 0.75427
2025-09-04 20:17:37,188 - INFO - [10/300] | train_loss: 0.64835
2025-09-04 20:17:37,299 - INFO - ----------
2025-09-04 20:17:37,299 - INFO - evaluation dataset type: valid
2025-09-04 20:17:37,315 - INFO - node    precision | micro: 0.250000; macro: 0.265079; score: [0.35714286 0.2        0.2        0.         0.33333333 0.5       ]
2025-09-04 20:17:37,315 - INFO - node    recall    | micro: 0.937500; macro: 0.777778; score: [1.         1.         0.66666667 0.         1.         1.        ]
2025-09-04 20:17:37,315 - INFO - node    f1        | micro: 0.394737; macro: 0.389001; score: [0.52631579 0.33333333 0.30769231 0.         0.5        0.66666667]
2025-09-04 20:17:37,331 - INFO - service precision | micro: 0.121622; macro: 0.141172; score: [0.18181818 0.14285714 0.03846154 0.22222222 0.18518519 0.
 0.1        0.         0.4       ]
2025-09-04 20:17:37,331 - INFO - service recall    | micro: 0.750000; macro: 0.655556; score: [1.  1.  0.5 0.4 1.  0.  1.  0.  1. ]
2025-09-04 20:17:37,331 - INFO - service f1        | micro: 0.209302; macro: 0.220065; score: [0.30769231 0.25       0.07142857 0.28571429 0.3125     0.
 0.18181818 0.         0.57142857]
2025-09-04 20:17:37,358 - INFO - pod     precision | micro: 0.126005; macro: 0.156257; score: [0.27777778 0.24444444 0.06565657 0.13924051 0.1409396  0.01123596
 0.15555556 0.01960784 0.35185185]
2025-09-04 20:17:37,359 - INFO - pod     recall    | micro: 0.810345; macro: 0.815206; score: [1.         1.         0.65       0.52380952 0.91304348 0.25
 1.         1.         1.        ]
2025-09-04 20:17:37,359 - INFO - pod     f1        | micro: 0.218097; macro: 0.251204; score: [0.43478261 0.39285714 0.11926606 0.22       0.24418605 0.02150538
 0.26923077 0.03846154 0.52054795]
2025-09-04 20:17:37,359 - INFO - ----------
2025-09-04 20:17:38,673 - INFO - [11/300] | train_loss: 0.61757
2025-09-04 20:17:39,989 - INFO - [12/300] | train_loss: 0.55682
2025-09-04 20:17:41,317 - INFO - [13/300] | train_loss: 0.52127
2025-09-04 20:17:42,613 - INFO - [14/300] | train_loss: 0.47259
2025-09-04 20:17:43,919 - INFO - [15/300] | train_loss: 0.46072
2025-09-04 20:17:45,248 - INFO - [16/300] | train_loss: 0.42123
2025-09-04 20:17:46,559 - INFO - [17/300] | train_loss: 0.37391
2025-09-04 20:17:47,859 - INFO - [18/300] | train_loss: 0.38653
2025-09-04 20:17:49,170 - INFO - [19/300] | train_loss: 0.38939
2025-09-04 20:17:50,463 - INFO - [20/300] | train_loss: 0.36453
2025-09-04 20:17:50,589 - INFO - ----------
2025-09-04 20:17:50,589 - INFO - evaluation dataset type: valid
2025-09-04 20:17:50,605 - INFO - node    precision | micro: 0.365854; macro: 0.392424; score: [0.45454545 0.25       0.5        0.         0.4        0.75      ]
2025-09-04 20:17:50,605 - INFO - node    recall    | micro: 0.937500; macro: 0.777778; score: [1.         1.         0.66666667 0.         1.         1.        ]
2025-09-04 20:17:50,605 - INFO - node    f1        | micro: 0.526316; macro: 0.504167; score: [0.625      0.4        0.57142857 0.         0.57142857 0.85714286]
2025-09-04 20:17:50,621 - INFO - service precision | micro: 0.202703; macro: 0.216234; score: [0.5        0.18181818 0.1        0.2        0.21428571 0.
 0.25       0.         0.5       ]
2025-09-04 20:17:50,621 - INFO - service recall    | micro: 0.625000; macro: 0.588889; score: [1.  1.  0.5 0.2 0.6 0.  1.  0.  1. ]
2025-09-04 20:17:50,621 - INFO - service f1        | micro: 0.306122; macro: 0.302609; score: [0.66666667 0.30769231 0.16666667 0.2        0.31578947 0.
 0.4        0.         0.66666667]
2025-09-04 20:17:50,648 - INFO - pod     precision | micro: 0.175182; macro: 0.182247; score: [0.3030303  0.23913043 0.11965812 0.17567568 0.18691589 0.02222222
 0.17073171 0.02702703 0.39583333]
2025-09-04 20:17:50,648 - INFO - pod     recall    | micro: 0.827586; macro: 0.826513; score: [1.         1.         0.7        0.61904762 0.86956522 0.25
 1.         1.         1.        ]
2025-09-04 20:17:50,648 - INFO - pod     f1        | micro: 0.289157; macro: 0.287680; score: [0.46511628 0.38596491 0.20437956 0.27368421 0.30769231 0.04081633
 0.29166667 0.05263158 0.56716418]
2025-09-04 20:17:50,648 - INFO - ----------
2025-09-04 20:17:52,150 - INFO - [21/300] | train_loss: 0.33892
2025-09-04 20:17:53,456 - INFO - [22/300] | train_loss: 0.33060
2025-09-04 20:17:54,754 - INFO - [23/300] | train_loss: 0.29383
2025-09-04 20:17:56,060 - INFO - [24/300] | train_loss: 0.30640
2025-09-04 20:17:57,367 - INFO - [25/300] | train_loss: 0.29561
2025-09-04 20:17:58,698 - INFO - [26/300] | train_loss: 0.29961
2025-09-04 20:18:00,002 - INFO - [27/300] | train_loss: 0.26105
2025-09-04 20:18:01,315 - INFO - [28/300] | train_loss: 0.28395
2025-09-04 20:18:02,628 - INFO - [29/300] | train_loss: 0.24099
2025-09-04 20:18:03,929 - INFO - [30/300] | train_loss: 0.25123
2025-09-04 20:18:04,042 - INFO - ----------
2025-09-04 20:18:04,042 - INFO - evaluation dataset type: valid
2025-09-04 20:18:04,057 - INFO - node    precision | micro: 0.411765; macro: 0.442593; score: [0.55555556 0.2        0.5        0.         0.4        1.        ]
2025-09-04 20:18:04,057 - INFO - node    recall    | micro: 0.875000; macro: 0.722222; score: [1.         0.66666667 0.66666667 0.         1.         1.        ]
2025-09-04 20:18:04,058 - INFO - node    f1        | micro: 0.560000; macro: 0.527473; score: [0.71428571 0.30769231 0.57142857 0.         0.57142857 1.        ]
2025-09-04 20:18:04,074 - INFO - service precision | micro: 0.245283; macro: 0.241895; score: [0.4        0.18181818 0.08333333 0.33333333 0.42857143 0.
 0.25       0.         0.5       ]
2025-09-04 20:18:04,074 - INFO - service recall    | micro: 0.541667; macro: 0.533333; score: [1.   1.   0.25 0.2  0.6  0.   1.   0.   0.75]
2025-09-04 20:18:04,074 - INFO - service f1        | micro: 0.337662; macro: 0.306013; score: [0.57142857 0.30769231 0.125      0.25       0.5        0.
 0.4        0.         0.6       ]
2025-09-04 20:18:04,101 - INFO - pod     precision | micro: 0.215311; macro: 0.212098; score: [0.37037037 0.28205128 0.14457831 0.15942029 0.24358974 0.
 0.21212121 0.03333333 0.46341463]
2025-09-04 20:18:04,101 - INFO - pod     recall    | micro: 0.775862; macro: 0.772211; score: [1.         1.         0.6        0.52380952 0.82608696 0.
 1.         1.         1.        ]
2025-09-04 20:18:04,101 - INFO - pod     f1        | micro: 0.337079; macro: 0.320231; score: [0.54054054 0.44       0.23300971 0.24444444 0.37623762 0.
 0.35       0.06451613 0.63333333]
2025-09-04 20:18:04,101 - INFO - ----------
2025-09-04 20:18:05,397 - INFO - [31/300] | train_loss: 0.23789
2025-09-04 20:18:06,705 - INFO - [32/300] | train_loss: 0.22449
2025-09-04 20:18:08,040 - INFO - [33/300] | train_loss: 0.24581
2025-09-04 20:18:09,357 - INFO - [34/300] | train_loss: 0.22519
2025-09-04 20:18:10,670 - INFO - [35/300] | train_loss: 0.24716
2025-09-04 20:18:11,968 - INFO - [36/300] | train_loss: 0.21327
2025-09-04 20:18:13,273 - INFO - [37/300] | train_loss: 0.20220
2025-09-04 20:18:14,586 - INFO - [38/300] | train_loss: 0.19481
2025-09-04 20:18:15,902 - INFO - [39/300] | train_loss: 0.20370
2025-09-04 20:18:17,224 - INFO - [40/300] | train_loss: 0.19821
2025-09-04 20:18:17,332 - INFO - ----------
2025-09-04 20:18:17,332 - INFO - evaluation dataset type: valid
2025-09-04 20:18:17,348 - INFO - node    precision | micro: 0.518519; macro: 0.496230; score: [0.625      0.28571429 0.66666667 0.         0.4        1.        ]
2025-09-04 20:18:17,348 - INFO - node    recall    | micro: 0.875000; macro: 0.722222; score: [1.         0.66666667 0.66666667 0.         1.         1.        ]
2025-09-04 20:18:17,348 - INFO - node    f1        | micro: 0.651163; macro: 0.567888; score: [0.76923077 0.4        0.66666667 0.         0.57142857 1.        ]
2025-09-04 20:18:17,364 - INFO - service precision | micro: 0.277778; macro: 0.285714; score: [0.5        0.2        0.13333333 0.33333333 0.33333333 0.
 0.5        0.         0.57142857]
2025-09-04 20:18:17,364 - INFO - service recall    | micro: 0.625000; macro: 0.588889; score: [1.  1.  0.5 0.2 0.6 0.  1.  0.  1. ]
2025-09-04 20:18:17,364 - INFO - service f1        | micro: 0.384615; macro: 0.364782; score: [0.66666667 0.33333333 0.21052632 0.25       0.42857143 0.
 0.66666667 0.         0.72727273]
2025-09-04 20:18:17,391 - INFO - pod     precision | micro: 0.257143; macro: 0.252644; score: [0.47619048 0.34375    0.18181818 0.19230769 0.27142857 0.
 0.22580645 0.03703704 0.54545455]
2025-09-04 20:18:17,391 - INFO - pod     recall    | micro: 0.775862; macro: 0.772183; score: [1.         1.         0.7        0.47619048 0.82608696 0.
 1.         1.         0.94736842]
2025-09-04 20:18:17,391 - INFO - pod     f1        | micro: 0.386266; macro: 0.362242; score: [0.64516129 0.51162791 0.28865979 0.2739726  0.40860215 0.
 0.36842105 0.07142857 0.69230769]
2025-09-04 20:18:17,391 - INFO - ----------
2025-09-04 20:18:18,710 - INFO - [41/300] | train_loss: 0.17951
2025-09-04 20:18:20,013 - INFO - [42/300] | train_loss: 0.18536
2025-09-04 20:18:21,318 - INFO - [43/300] | train_loss: 0.19189
2025-09-04 20:18:22,621 - INFO - [44/300] | train_loss: 0.18538
2025-09-04 20:18:23,927 - INFO - [45/300] | train_loss: 0.19408
2025-09-04 20:18:25,252 - INFO - [46/300] | train_loss: 0.16435
2025-09-04 20:18:26,647 - INFO - [47/300] | train_loss: 0.17483
2025-09-04 20:18:27,953 - INFO - [48/300] | train_loss: 0.17624
2025-09-04 20:18:29,254 - INFO - [49/300] | train_loss: 0.14619
2025-09-04 20:18:30,554 - INFO - [50/300] | train_loss: 0.16576
2025-09-04 20:18:30,657 - INFO - ----------
2025-09-04 20:18:30,657 - INFO - evaluation dataset type: valid
2025-09-04 20:18:30,672 - INFO - node    precision | micro: 0.482759; macro: 0.495370; score: [0.55555556 0.25       0.66666667 0.         0.5        1.        ]
2025-09-04 20:18:30,673 - INFO - node    recall    | micro: 0.875000; macro: 0.722222; score: [1.         0.66666667 0.66666667 0.         1.         1.        ]
2025-09-04 20:18:30,673 - INFO - node    f1        | micro: 0.622222; macro: 0.568543; score: [0.71428571 0.36363636 0.66666667 0.         0.66666667 1.        ]
2025-09-04 20:18:30,689 - INFO - service precision | micro: 0.274510; macro: 0.342689; score: [0.66666667 0.18181818 0.2        1.         0.28571429 0.
 0.25       0.         0.5       ]
2025-09-04 20:18:30,689 - INFO - service recall    | micro: 0.583333; macro: 0.566667; score: [1.   1.   0.75 0.2  0.4  0.   1.   0.   0.75]
2025-09-04 20:18:30,689 - INFO - service f1        | micro: 0.373333; macro: 0.343350; score: [0.8        0.30769231 0.31578947 0.33333333 0.33333333 0.
 0.4        0.         0.6       ]
2025-09-04 20:18:30,717 - INFO - pod     precision | micro: 0.241026; macro: 0.259689; score: [0.58823529 0.23913043 0.17525773 0.2195122  0.27142857 0.04
 0.24137931 0.03448276 0.52777778]
2025-09-04 20:18:30,717 - INFO - pod     recall    | micro: 0.810345; macro: 0.817184; score: [1.         1.         0.85       0.42857143 0.82608696 0.25
 1.         1.         1.        ]
2025-09-04 20:18:30,717 - INFO - pod     f1        | micro: 0.371542; macro: 0.370184; score: [0.74074074 0.38596491 0.29059829 0.29032258 0.40860215 0.06896552
 0.38888889 0.06666667 0.69090909]
2025-09-04 20:18:30,717 - INFO - ----------
2025-09-04 20:18:32,017 - INFO - [51/300] | train_loss: 0.14942
2025-09-04 20:18:33,372 - INFO - [52/300] | train_loss: 0.16167
2025-09-04 20:18:34,678 - INFO - [53/300] | train_loss: 0.18995
2025-09-04 20:18:35,981 - INFO - [54/300] | train_loss: 0.16408
2025-09-04 20:18:37,282 - INFO - [55/300] | train_loss: 0.16307
2025-09-04 20:18:38,584 - INFO - [56/300] | train_loss: 0.15894
2025-09-04 20:18:39,888 - INFO - [57/300] | train_loss: 0.17350
2025-09-04 20:18:41,188 - INFO - [58/300] | train_loss: 0.17414
2025-09-04 20:18:42,487 - INFO - [59/300] | train_loss: 0.14273
2025-09-04 20:18:43,788 - INFO - [60/300] | train_loss: 0.14173
2025-09-04 20:18:43,895 - INFO - ----------
2025-09-04 20:18:43,896 - INFO - evaluation dataset type: valid
2025-09-04 20:18:43,912 - INFO - node    precision | micro: 0.560000; macro: 0.583333; score: [0.71428571 0.28571429 1.         0.         0.5        1.        ]
2025-09-04 20:18:43,912 - INFO - node    recall    | micro: 0.875000; macro: 0.722222; score: [1.         0.66666667 0.66666667 0.         1.         1.        ]
2025-09-04 20:18:43,912 - INFO - node    f1        | micro: 0.682927; macro: 0.616667; score: [0.83333333 0.4        0.8        0.         0.66666667 1.        ]
2025-09-04 20:18:43,928 - INFO - service precision | micro: 0.358974; macro: 0.319048; score: [0.66666667 0.28571429 0.28571429 0.2        0.5        0.
 0.33333333 0.         0.6       ]
2025-09-04 20:18:43,928 - INFO - service recall    | micro: 0.583333; macro: 0.561111; score: [1.   1.   0.5  0.2  0.6  0.   1.   0.   0.75]
2025-09-04 20:18:43,929 - INFO - service f1        | micro: 0.444444; macro: 0.391134; score: [0.8        0.44444444 0.36363636 0.2        0.54545455 0.
 0.5        0.         0.66666667]
2025-09-04 20:18:43,956 - INFO - pod     precision | micro: 0.289634; macro: 0.290216; score: [0.71428571 0.28205128 0.24193548 0.19298246 0.3        0.
 0.26923077 0.05263158 0.55882353]
2025-09-04 20:18:43,956 - INFO - pod     recall    | micro: 0.818966; macro: 0.798539; score: [1.         1.         0.75       0.52380952 0.91304348 0.
 1.         1.         1.        ]
2025-09-04 20:18:43,956 - INFO - pod     f1        | micro: 0.427928; macro: 0.401564; score: [0.83333333 0.44       0.36585366 0.28205128 0.4516129  0.
 0.42424242 0.1        0.71698113]
2025-09-04 20:18:43,956 - INFO - ----------
2025-09-04 20:18:45,254 - INFO - [61/300] | train_loss: 0.13730
2025-09-04 20:18:46,552 - INFO - [62/300] | train_loss: 0.14259
2025-09-04 20:18:47,855 - INFO - [63/300] | train_loss: 0.13105
2025-09-04 20:18:49,156 - INFO - [64/300] | train_loss: 0.10920
2025-09-04 20:18:50,461 - INFO - [65/300] | train_loss: 0.13181
2025-09-04 20:18:51,796 - INFO - [66/300] | train_loss: 0.16327
2025-09-04 20:18:53,093 - INFO - [67/300] | train_loss: 0.10862
2025-09-04 20:18:54,392 - INFO - [68/300] | train_loss: 0.12421
2025-09-04 20:18:55,700 - INFO - [69/300] | train_loss: 0.11390
2025-09-04 20:18:57,001 - INFO - [70/300] | train_loss: 0.10883
2025-09-04 20:18:57,107 - INFO - ----------
2025-09-04 20:18:57,107 - INFO - evaluation dataset type: valid
2025-09-04 20:18:57,123 - INFO - node    precision | micro: 0.636364; macro: 0.602381; score: [0.71428571 0.4        1.         0.         0.5        1.        ]
2025-09-04 20:18:57,123 - INFO - node    recall    | micro: 0.875000; macro: 0.722222; score: [1.         0.66666667 0.66666667 0.         1.         1.        ]
2025-09-04 20:18:57,123 - INFO - node    f1        | micro: 0.736842; macro: 0.633333; score: [0.83333333 0.5        0.8        0.         0.66666667 1.        ]
2025-09-04 20:18:57,139 - INFO - service precision | micro: 0.393939; macro: 0.394709; score: [0.66666667 0.28571429 0.25       0.25       0.6        0.
 1.         0.         0.5       ]
2025-09-04 20:18:57,139 - INFO - service recall    | micro: 0.541667; macro: 0.533333; score: [1.   1.   0.25 0.2  0.6  0.   1.   0.   0.75]
2025-09-04 20:18:57,139 - INFO - service f1        | micro: 0.456140; macro: 0.435185; score: [0.8        0.44444444 0.25       0.22222222 0.6        0.
 1.         0.         0.6       ]
2025-09-04 20:18:57,166 - INFO - pod     precision | micro: 0.315412; macro: 0.310595; score: [0.71428571 0.32352941 0.23214286 0.17021277 0.37254902 0.
 0.33333333 0.05555556 0.59375   ]
2025-09-04 20:18:57,166 - INFO - pod     recall    | micro: 0.758621; macro: 0.761893; score: [1.         1.         0.65       0.38095238 0.82608696 0.
 1.         1.         1.        ]
2025-09-04 20:18:57,166 - INFO - pod     f1        | micro: 0.445570; macro: 0.418166; score: [0.83333333 0.48888889 0.34210526 0.23529412 0.51351351 0.
 0.5        0.10526316 0.74509804]
2025-09-04 20:18:57,166 - INFO - ----------
2025-09-04 20:18:58,465 - INFO - [71/300] | train_loss: 0.10430
2025-09-04 20:18:59,779 - INFO - [72/300] | train_loss: 0.12070
2025-09-04 20:19:01,083 - INFO - [73/300] | train_loss: 0.10519
2025-09-04 20:19:02,389 - INFO - [74/300] | train_loss: 0.12206
2025-09-04 20:19:03,690 - INFO - [75/300] | train_loss: 0.10897
2025-09-04 20:19:04,990 - INFO - [76/300] | train_loss: 0.10984
2025-09-04 20:19:06,388 - INFO - [77/300] | train_loss: 0.08847
2025-09-04 20:19:07,693 - INFO - [78/300] | train_loss: 0.13921
2025-09-04 20:19:08,995 - INFO - [79/300] | train_loss: 0.15049
2025-09-04 20:19:10,298 - INFO - [80/300] | train_loss: 0.11655
2025-09-04 20:19:10,400 - INFO - ----------
2025-09-04 20:19:10,400 - INFO - evaluation dataset type: valid
2025-09-04 20:19:10,415 - INFO - node    precision | micro: 0.583333; macro: 0.546825; score: [0.71428571 0.4        0.66666667 0.         0.5        1.        ]
2025-09-04 20:19:10,416 - INFO - node    recall    | micro: 0.875000; macro: 0.722222; score: [1.         0.66666667 0.66666667 0.         1.         1.        ]
2025-09-04 20:19:10,416 - INFO - node    f1        | micro: 0.700000; macro: 0.611111; score: [0.83333333 0.5        0.66666667 0.         0.66666667 1.        ]
2025-09-04 20:19:10,432 - INFO - service precision | micro: 0.300000; macro: 0.382275; score: [0.66666667 0.25       0.19047619 0.33333333 0.4        0.
 1.         0.         0.6       ]
2025-09-04 20:19:10,432 - INFO - service recall    | micro: 0.625000; macro: 0.594444; score: [1.   1.   1.   0.2  0.4  0.   1.   0.   0.75]
2025-09-04 20:19:10,432 - INFO - service f1        | micro: 0.405405; macro: 0.426296; score: [0.8        0.4        0.32       0.25       0.4        0.
 1.         0.         0.66666667]
2025-09-04 20:19:10,460 - INFO - pod     precision | micro: 0.248634; macro: 0.315034; score: [0.83333333 0.28205128 0.12408759 0.26086957 0.36363636 0.
 0.35       0.0625     0.55882353]
2025-09-04 20:19:10,460 - INFO - pod     recall    | micro: 0.784483; macro: 0.778364; score: [1.         1.         0.85       0.28571429 0.86956522 0.
 1.         1.         1.        ]
2025-09-04 20:19:10,460 - INFO - pod     f1        | micro: 0.377593; macro: 0.411594; score: [0.90909091 0.44       0.21656051 0.27272727 0.51282051 0.
 0.51851852 0.11764706 0.71698113]
2025-09-04 20:19:10,460 - INFO - ----------
2025-09-04 20:19:11,761 - INFO - [81/300] | train_loss: 0.11449
2025-09-04 20:19:13,068 - INFO - [82/300] | train_loss: 0.14367
2025-09-04 20:19:14,370 - INFO - [83/300] | train_loss: 0.09695
2025-09-04 20:19:15,678 - INFO - [84/300] | train_loss: 0.09250
2025-09-04 20:19:17,003 - INFO - [85/300] | train_loss: 0.09678
2025-09-04 20:19:18,330 - INFO - [86/300] | train_loss: 0.10962
2025-09-04 20:19:19,631 - INFO - [87/300] | train_loss: 0.09889
2025-09-04 20:19:20,928 - INFO - [88/300] | train_loss: 0.09791
2025-09-04 20:19:22,234 - INFO - [89/300] | train_loss: 0.08460
2025-09-04 20:19:23,532 - INFO - [90/300] | train_loss: 0.08627
2025-09-04 20:19:23,640 - INFO - ----------
2025-09-04 20:19:23,640 - INFO - evaluation dataset type: valid
2025-09-04 20:19:23,656 - INFO - node    precision | micro: 0.636364; macro: 0.574603; score: [0.71428571 0.4        0.66666667 0.         0.66666667 1.        ]
2025-09-04 20:19:23,656 - INFO - node    recall    | micro: 0.875000; macro: 0.722222; score: [1.         0.66666667 0.66666667 0.         1.         1.        ]
2025-09-04 20:19:23,656 - INFO - node    f1        | micro: 0.736842; macro: 0.633333; score: [0.83333333 0.5        0.66666667 0.         0.8        1.        ]
2025-09-04 20:19:23,671 - INFO - service precision | micro: 0.500000; macro: 0.485185; score: [0.66666667 0.5        0.2        0.33333333 0.66666667 0.
 1.         0.         1.        ]
2025-09-04 20:19:23,672 - INFO - service recall    | micro: 0.500000; macro: 0.511111; score: [1.   1.   0.25 0.2  0.4  0.   1.   0.   0.75]
2025-09-04 20:19:23,672 - INFO - service f1        | micro: 0.500000; macro: 0.477337; score: [0.8        0.66666667 0.22222222 0.25       0.5        0.
 1.         0.         0.85714286]
2025-09-04 20:19:23,698 - INFO - pod     precision | micro: 0.349398; macro: 0.348712; score: [0.90909091 0.39285714 0.28301887 0.17073171 0.4047619  0.
 0.36842105 0.06666667 0.54285714]
2025-09-04 20:19:23,698 - INFO - pod     recall    | micro: 0.750000; macro: 0.758052; score: [1.         1.         0.75       0.33333333 0.73913043 0.
 1.         1.         1.        ]
2025-09-04 20:19:23,699 - INFO - pod     f1        | micro: 0.476712; macro: 0.449277; score: [0.95238095 0.56410256 0.4109589  0.22580645 0.52307692 0.
 0.53846154 0.125      0.7037037 ]
2025-09-04 20:19:23,699 - INFO - ----------
2025-09-04 20:19:24,996 - INFO - [91/300] | train_loss: 0.07755
2025-09-04 20:19:26,398 - INFO - [92/300] | train_loss: 0.08462
2025-09-04 20:19:27,750 - INFO - [93/300] | train_loss: 0.08766
2025-09-04 20:19:29,074 - INFO - [94/300] | train_loss: 0.08343
2025-09-04 20:19:30,379 - INFO - [95/300] | train_loss: 0.07484
2025-09-04 20:19:31,726 - INFO - [96/300] | train_loss: 0.08720
2025-09-04 20:19:33,040 - INFO - [97/300] | train_loss: 0.08461
2025-09-04 20:19:34,364 - INFO - [98/300] | train_loss: 0.08131
2025-09-04 20:19:35,690 - INFO - [99/300] | train_loss: 0.08699
2025-09-04 20:19:37,010 - INFO - [100/300] | train_loss: 0.07219
2025-09-04 20:19:37,119 - INFO - ----------
2025-09-04 20:19:37,119 - INFO - evaluation dataset type: valid
2025-09-04 20:19:37,135 - INFO - node    precision | micro: 0.636364; macro: 0.574603; score: [0.71428571 0.4        0.66666667 0.         0.66666667 1.        ]
2025-09-04 20:19:37,135 - INFO - node    recall    | micro: 0.875000; macro: 0.722222; score: [1.         0.66666667 0.66666667 0.         1.         1.        ]
2025-09-04 20:19:37,135 - INFO - node    f1        | micro: 0.736842; macro: 0.633333; score: [0.83333333 0.5        0.66666667 0.         0.8        1.        ]
2025-09-04 20:19:37,152 - INFO - service precision | micro: 0.384615; macro: 0.392593; score: [0.5        0.33333333 0.2        0.33333333 0.5        0.
 1.         0.         0.66666667]
2025-09-04 20:19:37,152 - INFO - service recall    | micro: 0.416667; macro: 0.461111; score: [1.   1.   0.25 0.2  0.2  0.   1.   0.   0.5 ]
2025-09-04 20:19:37,152 - INFO - service f1        | micro: 0.400000; macro: 0.388448; score: [0.66666667 0.5        0.22222222 0.25       0.28571429 0.
 1.         0.         0.57142857]
2025-09-04 20:19:37,179 - INFO - pod     precision | micro: 0.387560; macro: 0.362080; score: [0.76923077 0.36666667 0.27906977 0.16666667 0.53333333 0.
 0.46666667 0.08333333 0.59375   ]
2025-09-04 20:19:37,179 - INFO - pod     recall    | micro: 0.698276; macro: 0.725972; score: [1.         1.         0.6        0.23809524 0.69565217 0.
 1.         1.         1.        ]
2025-09-04 20:19:37,179 - INFO - pod     f1        | micro: 0.498462; macro: 0.458029; score: [0.86956522 0.53658537 0.38095238 0.19607843 0.60377358 0.
 0.63636364 0.15384615 0.74509804]
2025-09-04 20:19:37,179 - INFO - ----------
2025-09-04 20:19:38,491 - INFO - [101/300] | train_loss: 0.08308
2025-09-04 20:19:39,807 - INFO - [102/300] | train_loss: 0.06807
2025-09-04 20:19:41,115 - INFO - [103/300] | train_loss: 0.08287
2025-09-04 20:19:42,423 - INFO - [104/300] | train_loss: 0.06561
2025-09-04 20:19:43,817 - INFO - [105/300] | train_loss: 0.08293
2025-09-04 20:19:45,122 - INFO - [106/300] | train_loss: 0.06545
2025-09-04 20:19:46,456 - INFO - [107/300] | train_loss: 0.07817
2025-09-04 20:19:47,770 - INFO - [108/300] | train_loss: 0.08385
2025-09-04 20:19:49,080 - INFO - [109/300] | train_loss: 0.07492
2025-09-04 20:19:50,399 - INFO - [110/300] | train_loss: 0.07056
2025-09-04 20:19:50,509 - INFO - ----------
2025-09-04 20:19:50,509 - INFO - evaluation dataset type: valid
2025-09-04 20:19:50,525 - INFO - node    precision | micro: 0.636364; macro: 0.574603; score: [0.71428571 0.4        0.66666667 0.         0.66666667 1.        ]
2025-09-04 20:19:50,525 - INFO - node    recall    | micro: 0.875000; macro: 0.722222; score: [1.         0.66666667 0.66666667 0.         1.         1.        ]
2025-09-04 20:19:50,525 - INFO - node    f1        | micro: 0.736842; macro: 0.633333; score: [0.83333333 0.5        0.66666667 0.         0.8        1.        ]
2025-09-04 20:19:50,541 - INFO - service precision | micro: 0.461538; macro: 0.444444; score: [0.5        0.33333333 0.25       0.5        0.66666667 0.
 1.         0.         0.75      ]
2025-09-04 20:19:50,541 - INFO - service recall    | micro: 0.500000; macro: 0.511111; score: [1.   1.   0.25 0.2  0.4  0.   1.   0.   0.75]
2025-09-04 20:19:50,542 - INFO - service f1        | micro: 0.480000; macro: 0.439153; score: [0.66666667 0.5        0.25       0.28571429 0.5        0.
 1.         0.         0.75      ]
2025-09-04 20:19:50,568 - INFO - pod     precision | micro: 0.393365; macro: 0.363525; score: [0.66666667 0.40740741 0.29268293 0.21212121 0.43243243 0.
 0.58333333 0.08333333 0.59375   ]
2025-09-04 20:19:50,568 - INFO - pod     recall    | micro: 0.715517; macro: 0.736554; score: [1.         1.         0.6        0.33333333 0.69565217 0.
 1.         1.         1.        ]
2025-09-04 20:19:50,568 - INFO - pod     f1        | micro: 0.507645; macro: 0.466752; score: [0.8        0.57894737 0.39344262 0.25925926 0.53333333 0.
 0.73684211 0.15384615 0.74509804]
2025-09-04 20:19:50,569 - INFO - ----------
2025-09-04 20:19:51,889 - INFO - [111/300] | train_loss: 0.08024
2025-09-04 20:19:53,199 - INFO - [112/300] | train_loss: 0.07809
2025-09-04 20:19:54,564 - INFO - [113/300] | train_loss: 0.07212
2025-09-04 20:19:55,889 - INFO - [114/300] | train_loss: 0.06115
2025-09-04 20:19:57,203 - INFO - [115/300] | train_loss: 0.07161
2025-09-04 20:19:58,529 - INFO - [116/300] | train_loss: 0.08778
2025-09-04 20:19:59,852 - INFO - [117/300] | train_loss: 0.06115
2025-09-04 20:20:01,195 - INFO - [118/300] | train_loss: 0.08224
2025-09-04 20:20:02,512 - INFO - [119/300] | train_loss: 0.07698
2025-09-04 20:20:03,823 - INFO - [120/300] | train_loss: 0.08652
2025-09-04 20:20:03,934 - INFO - ----------
2025-09-04 20:20:03,934 - INFO - evaluation dataset type: valid
2025-09-04 20:20:03,950 - INFO - node    precision | micro: 0.636364; macro: 0.574603; score: [0.71428571 0.4        0.66666667 0.         0.66666667 1.        ]
2025-09-04 20:20:03,950 - INFO - node    recall    | micro: 0.875000; macro: 0.722222; score: [1.         0.66666667 0.66666667 0.         1.         1.        ]
2025-09-04 20:20:03,950 - INFO - node    f1        | micro: 0.736842; macro: 0.633333; score: [0.83333333 0.5        0.66666667 0.         0.8        1.        ]
2025-09-04 20:20:03,966 - INFO - service precision | micro: 0.433333; macro: 0.412963; score: [0.5        0.33333333 0.2        0.33333333 0.6        0.
 1.         0.         0.75      ]
2025-09-04 20:20:03,966 - INFO - service recall    | micro: 0.541667; macro: 0.533333; score: [1.   1.   0.25 0.2  0.6  0.   1.   0.   0.75]
2025-09-04 20:20:03,966 - INFO - service f1        | micro: 0.481481; macro: 0.443210; score: [0.66666667 0.5        0.22222222 0.25       0.6        0.
 1.         0.         0.75      ]
2025-09-04 20:20:03,992 - INFO - pod     precision | micro: 0.384615; macro: 0.365361; score: [0.66666667 0.44       0.275      0.19047619 0.44186047 0.
 0.58333333 0.09090909 0.6       ]
2025-09-04 20:20:03,993 - INFO - pod     recall    | micro: 0.732759; macro: 0.744934; score: [1.         1.         0.55       0.38095238 0.82608696 0.
 1.         1.         0.94736842]
2025-09-04 20:20:03,993 - INFO - pod     f1        | micro: 0.504451; macro: 0.471745; score: [0.8        0.61111111 0.36666667 0.25396825 0.57575758 0.
 0.73684211 0.16666667 0.73469388]
2025-09-04 20:20:03,993 - INFO - ----------
2025-09-04 20:20:05,301 - INFO - [121/300] | train_loss: 0.07728
2025-09-04 20:20:06,653 - INFO - [122/300] | train_loss: 0.07076
2025-09-04 20:20:07,952 - INFO - [123/300] | train_loss: 0.07625
2025-09-04 20:20:09,333 - INFO - [124/300] | train_loss: 0.08025
2025-09-04 20:20:10,639 - INFO - [125/300] | train_loss: 0.05645
2025-09-04 20:20:11,948 - INFO - [126/300] | train_loss: 0.07511
2025-09-04 20:20:13,260 - INFO - [127/300] | train_loss: 0.07709
2025-09-04 20:20:14,562 - INFO - [128/300] | train_loss: 0.06205
2025-09-04 20:20:15,856 - INFO - [129/300] | train_loss: 0.06313
2025-09-04 20:20:17,168 - INFO - [130/300] | train_loss: 0.06168
2025-09-04 20:20:17,274 - INFO - ----------
2025-09-04 20:20:17,275 - INFO - evaluation dataset type: valid
2025-09-04 20:20:17,290 - INFO - node    precision | micro: 0.636364; macro: 0.630159; score: [0.71428571 0.4        1.         0.         0.66666667 1.        ]
2025-09-04 20:20:17,290 - INFO - node    recall    | micro: 0.875000; macro: 0.722222; score: [1.         0.66666667 0.66666667 0.         1.         1.        ]
2025-09-04 20:20:17,291 - INFO - node    f1        | micro: 0.736842; macro: 0.655556; score: [0.83333333 0.5        0.8        0.         0.8        1.        ]
2025-09-04 20:20:17,307 - INFO - service precision | micro: 0.458333; macro: 0.481481; score: [0.5        0.33333333 0.25       0.5        1.         0.
 1.         0.         0.75      ]
2025-09-04 20:20:17,307 - INFO - service recall    | micro: 0.458333; macro: 0.488889; score: [1.   1.   0.25 0.2  0.2  0.   1.   0.   0.75]
2025-09-04 20:20:17,307 - INFO - service f1        | micro: 0.458333; macro: 0.420635; score: [0.66666667 0.5        0.25       0.28571429 0.33333333 0.
 1.         0.         0.75      ]
2025-09-04 20:20:17,334 - INFO - pod     precision | micro: 0.442623; macro: 0.390340; score: [0.625      0.42307692 0.2972973  0.27272727 0.61538462 0.
 0.58333333 0.08333333 0.61290323]
2025-09-04 20:20:17,334 - INFO - pod     recall    | micro: 0.698276; macro: 0.725707; score: [1.         1.         0.55       0.28571429 0.69565217 0.
 1.         1.         1.        ]
2025-09-04 20:20:17,334 - INFO - pod     f1        | micro: 0.541806; macro: 0.481401; score: [0.76923077 0.59459459 0.38596491 0.27906977 0.65306122 0.
 0.73684211 0.15384615 0.76      ]
2025-09-04 20:20:17,334 - INFO - ----------
2025-09-04 20:20:18,645 - INFO - [131/300] | train_loss: 0.07104
2025-09-04 20:20:19,951 - INFO - [132/300] | train_loss: 0.06379
2025-09-04 20:20:21,347 - INFO - [133/300] | train_loss: 0.06667
2025-09-04 20:20:22,662 - INFO - [134/300] | train_loss: 0.06369
2025-09-04 20:20:23,976 - INFO - [135/300] | train_loss: 0.07102
2025-09-04 20:20:25,342 - INFO - [136/300] | train_loss: 0.05003
2025-09-04 20:20:26,633 - INFO - [137/300] | train_loss: 0.05885
2025-09-04 20:20:27,970 - INFO - [138/300] | train_loss: 0.06406
2025-09-04 20:20:29,298 - INFO - [139/300] | train_loss: 0.04938
2025-09-04 20:20:30,632 - INFO - [140/300] | train_loss: 0.07035
2025-09-04 20:20:30,739 - INFO - ----------
2025-09-04 20:20:30,739 - INFO - evaluation dataset type: valid
2025-09-04 20:20:30,755 - INFO - node    precision | micro: 0.636364; macro: 0.630159; score: [0.71428571 0.4        1.         0.         0.66666667 1.        ]
2025-09-04 20:20:30,755 - INFO - node    recall    | micro: 0.875000; macro: 0.722222; score: [1.         0.66666667 0.66666667 0.         1.         1.        ]
2025-09-04 20:20:30,755 - INFO - node    f1        | micro: 0.736842; macro: 0.655556; score: [0.83333333 0.5        0.8        0.         0.8        1.        ]
2025-09-04 20:20:30,771 - INFO - service precision | micro: 0.523810; macro: 0.507407; score: [0.66666667 0.4        0.25       0.5        1.         0.
 1.         0.         0.75      ]
2025-09-04 20:20:30,771 - INFO - service recall    | micro: 0.458333; macro: 0.488889; score: [1.   1.   0.25 0.2  0.2  0.   1.   0.   0.75]
2025-09-04 20:20:30,771 - INFO - service f1        | micro: 0.488889; macro: 0.443386; score: [0.8        0.57142857 0.25       0.28571429 0.33333333 0.
 1.         0.         0.75      ]
2025-09-04 20:20:30,798 - INFO - pod     precision | micro: 0.453552; macro: 0.429609; score: [0.90909091 0.47826087 0.30232558 0.26086957 0.5        0.
 0.63636364 0.16666667 0.61290323]
2025-09-04 20:20:30,798 - INFO - pod     recall    | micro: 0.715517; macro: 0.736818; score: [1.         1.         0.65       0.28571429 0.69565217 0.
 1.         1.         1.        ]
2025-09-04 20:20:30,798 - INFO - pod     f1        | micro: 0.555184; macro: 0.521131; score: [0.95238095 0.64705882 0.41269841 0.27272727 0.58181818 0.
 0.77777778 0.28571429 0.76      ]
2025-09-04 20:20:30,798 - INFO - ----------
2025-09-04 20:20:32,091 - INFO - [141/300] | train_loss: 0.05403
2025-09-04 20:20:33,503 - INFO - [142/300] | train_loss: 0.04905
2025-09-04 20:20:34,813 - INFO - [143/300] | train_loss: 0.06142
2025-09-04 20:20:36,104 - INFO - [144/300] | train_loss: 0.06547
2025-09-04 20:20:37,396 - INFO - [145/300] | train_loss: 0.06505
2025-09-04 20:20:38,894 - INFO - [146/300] | train_loss: 0.05724
2025-09-04 20:20:40,203 - INFO - [147/300] | train_loss: 0.05685
2025-09-04 20:20:41,558 - INFO - [148/300] | train_loss: 0.06878
2025-09-04 20:20:42,863 - INFO - [149/300] | train_loss: 0.04796
2025-09-04 20:20:44,167 - INFO - [150/300] | train_loss: 0.04677
2025-09-04 20:20:44,276 - INFO - ----------
2025-09-04 20:20:44,276 - INFO - evaluation dataset type: valid
2025-09-04 20:20:44,292 - INFO - node    precision | micro: 0.636364; macro: 0.574603; score: [0.71428571 0.4        0.66666667 0.         0.66666667 1.        ]
2025-09-04 20:20:44,292 - INFO - node    recall    | micro: 0.875000; macro: 0.722222; score: [1.         0.66666667 0.66666667 0.         1.         1.        ]
2025-09-04 20:20:44,292 - INFO - node    f1        | micro: 0.736842; macro: 0.633333; score: [0.83333333 0.5        0.66666667 0.         0.8        1.        ]
2025-09-04 20:20:44,309 - INFO - service precision | micro: 0.578947; macro: 0.600000; score: [1.   0.4  0.25 1.   1.   0.   1.   0.   0.75]
2025-09-04 20:20:44,309 - INFO - service recall    | micro: 0.458333; macro: 0.488889; score: [1.   1.   0.25 0.2  0.2  0.   1.   0.   0.75]
2025-09-04 20:20:44,309 - INFO - service f1        | micro: 0.511628; macro: 0.470899; score: [1.         0.57142857 0.25       0.33333333 0.33333333 0.
 1.         0.         0.75      ]
2025-09-04 20:20:44,338 - INFO - pod     precision | micro: 0.496732; macro: 0.455687; score: [0.90909091 0.5        0.26315789 0.35714286 0.7        0.
 0.53846154 0.16666667 0.66666667]
2025-09-04 20:20:44,338 - INFO - pod     recall    | micro: 0.655172; macro: 0.699351; score: [1.         1.         0.5        0.23809524 0.60869565 0.
 1.         1.         0.94736842]
2025-09-04 20:20:44,338 - INFO - pod     f1        | micro: 0.565056; macro: 0.518786; score: [0.95238095 0.66666667 0.34482759 0.28571429 0.65116279 0.
 0.7        0.28571429 0.7826087 ]
2025-09-04 20:20:44,338 - INFO - ----------
2025-09-04 20:20:45,636 - INFO - [151/300] | train_loss: 0.05306
2025-09-04 20:20:46,934 - INFO - [152/300] | train_loss: 0.05465
2025-09-04 20:20:48,233 - INFO - [153/300] | train_loss: 0.06248
2025-09-04 20:20:49,575 - INFO - [154/300] | train_loss: 0.06489
2025-09-04 20:20:50,986 - INFO - [155/300] | train_loss: 0.05273
2025-09-04 20:20:52,332 - INFO - [156/300] | train_loss: 0.07023
2025-09-04 20:20:53,620 - INFO - [157/300] | train_loss: 0.05404
2025-09-04 20:20:54,937 - INFO - [158/300] | train_loss: 0.04255
2025-09-04 20:20:56,320 - INFO - [159/300] | train_loss: 0.07002
2025-09-04 20:20:57,642 - INFO - [160/300] | train_loss: 0.07065
2025-09-04 20:20:57,754 - INFO - ----------
2025-09-04 20:20:57,754 - INFO - evaluation dataset type: valid
2025-09-04 20:20:57,769 - INFO - node    precision | micro: 0.608696; macro: 0.574603; score: [0.71428571 0.4        0.66666667 0.         0.66666667 1.        ]
2025-09-04 20:20:57,770 - INFO - node    recall    | micro: 0.875000; macro: 0.722222; score: [1.         0.66666667 0.66666667 0.         1.         1.        ]
2025-09-04 20:20:57,770 - INFO - node    f1        | micro: 0.717949; macro: 0.633333; score: [0.83333333 0.5        0.66666667 0.         0.8        1.        ]
2025-09-04 20:20:57,785 - INFO - service precision | micro: 0.444444; macro: 0.398148; score: [0.5        0.33333333 0.33333333 0.33333333 1.         0.
 0.33333333 0.         0.75      ]
2025-09-04 20:20:57,785 - INFO - service recall    | micro: 0.500000; macro: 0.511111; score: [1.   1.   0.25 0.2  0.4  0.   1.   0.   0.75]
2025-09-04 20:20:57,786 - INFO - service f1        | micro: 0.470588; macro: 0.391534; score: [0.66666667 0.5        0.28571429 0.25       0.57142857 0.
 0.5        0.         0.75      ]
2025-09-04 20:20:57,812 - INFO - pod     precision | micro: 0.418848; macro: 0.361320; score: [0.58823529 0.40740741 0.30555556 0.25       0.57142857 0.
 0.4375     0.11111111 0.58064516]
2025-09-04 20:20:57,812 - INFO - pod     recall    | micro: 0.689655; macro: 0.719859; score: [1.         1.         0.55       0.28571429 0.69565217 0.
 1.         1.         0.94736842]
2025-09-04 20:20:57,812 - INFO - pod     f1        | micro: 0.521173; macro: 0.459484; score: [0.74074074 0.57894737 0.39285714 0.26666667 0.62745098 0.
 0.60869565 0.2        0.72      ]
2025-09-04 20:20:57,812 - INFO - ----------
2025-09-04 20:20:59,106 - INFO - [161/300] | train_loss: 0.05233
2025-09-04 20:21:00,400 - INFO - [162/300] | train_loss: 0.06933
2025-09-04 20:21:01,687 - INFO - [163/300] | train_loss: 0.05779
2025-09-04 20:21:02,981 - INFO - [164/300] | train_loss: 0.05448
2025-09-04 20:21:04,367 - INFO - [165/300] | train_loss: 0.06521
2025-09-04 20:21:05,661 - INFO - [166/300] | train_loss: 0.04349
2025-09-04 20:21:06,965 - INFO - [167/300] | train_loss: 0.05314
2025-09-04 20:21:08,311 - INFO - [168/300] | train_loss: 0.05128
2025-09-04 20:21:09,612 - INFO - [169/300] | train_loss: 0.04119
2025-09-04 20:21:10,910 - INFO - [170/300] | train_loss: 0.05739
2025-09-04 20:21:11,020 - INFO - ----------
2025-09-04 20:21:11,020 - INFO - evaluation dataset type: valid
2025-09-04 20:21:11,036 - INFO - node    precision | micro: 0.666667; macro: 0.630159; score: [0.71428571 0.4        1.         0.         0.66666667 1.        ]
2025-09-04 20:21:11,036 - INFO - node    recall    | micro: 0.875000; macro: 0.722222; score: [1.         0.66666667 0.66666667 0.         1.         1.        ]
2025-09-04 20:21:11,036 - INFO - node    f1        | micro: 0.756757; macro: 0.655556; score: [0.83333333 0.5        0.8        0.         0.8        1.        ]
2025-09-04 20:21:11,052 - INFO - service precision | micro: 0.636364; macro: 0.607407; score: [0.66666667 0.4        0.4        1.         1.         0.
 1.         0.         1.        ]
2025-09-04 20:21:11,052 - INFO - service recall    | micro: 0.583333; macro: 0.561111; score: [1.   1.   0.5  0.2  0.6  0.   1.   0.   0.75]
2025-09-04 20:21:11,052 - INFO - service f1        | micro: 0.608696; macro: 0.528483; score: [0.8        0.57142857 0.44444444 0.33333333 0.75       0.
 1.         0.         0.85714286]
2025-09-04 20:21:11,079 - INFO - pod     precision | micro: 0.485549; macro: 0.430546; score: [0.76923077 0.47826087 0.31914894 0.33333333 0.64       0.
 0.4375     0.16666667 0.73076923]
2025-09-04 20:21:11,079 - INFO - pod     recall    | micro: 0.724138; macro: 0.742639; score: [1.         1.         0.75       0.23809524 0.69565217 0.
 1.         1.         1.        ]
2025-09-04 20:21:11,079 - INFO - pod     f1        | micro: 0.581315; macro: 0.516409; score: [0.86956522 0.64705882 0.44776119 0.27777778 0.66666667 0.
 0.60869565 0.28571429 0.84444444]
2025-09-04 20:21:11,079 - INFO - ----------
2025-09-04 20:21:12,384 - INFO - [171/300] | train_loss: 0.06789
2025-09-04 20:21:13,679 - INFO - [172/300] | train_loss: 0.06027
2025-09-04 20:21:14,988 - INFO - [173/300] | train_loss: 0.04860
2025-09-04 20:21:16,327 - INFO - [174/300] | train_loss: 0.07409
2025-09-04 20:21:17,704 - INFO - [175/300] | train_loss: 0.05939
2025-09-04 20:21:18,981 - INFO - [176/300] | train_loss: 0.04743
2025-09-04 20:21:20,261 - INFO - [177/300] | train_loss: 0.06520
2025-09-04 20:21:21,558 - INFO - [178/300] | train_loss: 0.05736
2025-09-04 20:21:22,928 - INFO - [179/300] | train_loss: 0.04931
2025-09-04 20:21:24,201 - INFO - [180/300] | train_loss: 0.05415
2025-09-04 20:21:24,305 - INFO - ----------
2025-09-04 20:21:24,306 - INFO - evaluation dataset type: valid
2025-09-04 20:21:24,321 - INFO - node    precision | micro: 0.666667; macro: 0.630159; score: [0.71428571 0.4        1.         0.         0.66666667 1.        ]
2025-09-04 20:21:24,321 - INFO - node    recall    | micro: 0.875000; macro: 0.722222; score: [1.         0.66666667 0.66666667 0.         1.         1.        ]
2025-09-04 20:21:24,321 - INFO - node    f1        | micro: 0.756757; macro: 0.655556; score: [0.83333333 0.5        0.8        0.         0.8        1.        ]
2025-09-04 20:21:24,337 - INFO - service precision | micro: 0.555556; macro: 0.564286; score: [0.5        0.4        0.42857143 1.         1.         0.
 1.         0.         0.75      ]
2025-09-04 20:21:24,337 - INFO - service recall    | micro: 0.625000; macro: 0.588889; score: [1.   1.   0.75 0.2  0.6  0.   1.   0.   0.75]
2025-09-04 20:21:24,338 - INFO - service f1        | micro: 0.588235; macro: 0.512987; score: [0.66666667 0.57142857 0.54545455 0.33333333 0.75       0.
 1.         0.         0.75      ]
2025-09-04 20:21:24,364 - INFO - pod     precision | micro: 0.482955; macro: 0.488900; score: [0.71428571 0.45833333 0.25396825 0.5        0.69565217 0.
 0.875      0.14285714 0.76      ]
2025-09-04 20:21:24,364 - INFO - pod     recall    | micro: 0.732759; macro: 0.748194; score: [1.         1.         0.8        0.23809524 0.69565217 0.
 1.         1.         1.        ]
2025-09-04 20:21:24,364 - INFO - pod     f1        | micro: 0.582192; macro: 0.545850; score: [0.83333333 0.62857143 0.38554217 0.32258065 0.69565217 0.
 0.93333333 0.25       0.86363636]
2025-09-04 20:21:24,365 - INFO - ----------
2025-09-04 20:21:25,640 - INFO - [181/300] | train_loss: 0.06840
2025-09-04 20:21:26,913 - INFO - [182/300] | train_loss: 0.05927
2025-09-04 20:21:28,186 - INFO - [183/300] | train_loss: 0.06195
2025-09-04 20:21:29,496 - INFO - [184/300] | train_loss: 0.05261
2025-09-04 20:21:30,797 - INFO - [185/300] | train_loss: 0.03920
2025-09-04 20:21:32,088 - INFO - [186/300] | train_loss: 0.04720
2025-09-04 20:21:33,392 - INFO - [187/300] | train_loss: 0.05390
2025-09-04 20:21:34,723 - INFO - [188/300] | train_loss: 0.05721
2025-09-04 20:21:36,037 - INFO - [189/300] | train_loss: 0.05550
2025-09-04 20:21:37,334 - INFO - [190/300] | train_loss: 0.06119
2025-09-04 20:21:37,443 - INFO - ----------
2025-09-04 20:21:37,444 - INFO - evaluation dataset type: valid
2025-09-04 20:21:37,459 - INFO - node    precision | micro: 0.608696; macro: 0.574603; score: [0.71428571 0.4        0.66666667 0.         0.66666667 1.        ]
2025-09-04 20:21:37,459 - INFO - node    recall    | micro: 0.875000; macro: 0.722222; score: [1.         0.66666667 0.66666667 0.         1.         1.        ]
2025-09-04 20:21:37,459 - INFO - node    f1        | micro: 0.717949; macro: 0.633333; score: [0.83333333 0.5        0.66666667 0.         0.8        1.        ]
2025-09-04 20:21:37,475 - INFO - service precision | micro: 0.521739; macro: 0.516667; score: [0.66666667 0.4        0.25       0.33333333 1.         0.
 1.         0.         1.        ]
2025-09-04 20:21:37,475 - INFO - service recall    | micro: 0.500000; macro: 0.511111; score: [1.   1.   0.25 0.2  0.4  0.   1.   0.   0.75]
2025-09-04 20:21:37,476 - INFO - service f1        | micro: 0.510638; macro: 0.477778; score: [0.8        0.57142857 0.25       0.25       0.57142857 0.
 1.         0.         0.85714286]
2025-09-04 20:21:37,502 - INFO - pod     precision | micro: 0.512500; macro: 0.496616; score: [0.83333333 0.52380952 0.27906977 0.33333333 0.66666667 0.
 0.875      0.16666667 0.79166667]
2025-09-04 20:21:37,502 - INFO - pod     recall    | micro: 0.706897; macro: 0.731263; score: [1.         1.         0.6        0.28571429 0.69565217 0.
 1.         1.         1.        ]
2025-09-04 20:21:37,503 - INFO - pod     f1        | micro: 0.594203; macro: 0.563206; score: [0.90909091 0.6875     0.38095238 0.30769231 0.68085106 0.
 0.93333333 0.28571429 0.88372093]
2025-09-04 20:21:37,503 - INFO - ----------
2025-09-04 20:21:38,793 - INFO - [191/300] | train_loss: 0.04492
2025-09-04 20:21:40,085 - INFO - [192/300] | train_loss: 0.05948
2025-09-04 20:21:41,401 - INFO - [193/300] | train_loss: 0.05490
2025-09-04 20:21:42,713 - INFO - [194/300] | train_loss: 0.03617
2025-09-04 20:21:44,012 - INFO - [195/300] | train_loss: 0.06251
2025-09-04 20:21:45,302 - INFO - [196/300] | train_loss: 0.05575
2025-09-04 20:21:46,596 - INFO - [197/300] | train_loss: 0.05086
2025-09-04 20:21:47,904 - INFO - [198/300] | train_loss: 0.05342
2025-09-04 20:21:49,219 - INFO - [199/300] | train_loss: 0.05356
2025-09-04 20:21:50,532 - INFO - [200/300] | train_loss: 0.06553
2025-09-04 20:21:50,638 - INFO - ----------
2025-09-04 20:21:50,638 - INFO - evaluation dataset type: valid
2025-09-04 20:21:50,653 - INFO - node    precision | micro: 0.608696; macro: 0.619048; score: [0.71428571 0.33333333 1.         0.         0.66666667 1.        ]
2025-09-04 20:21:50,654 - INFO - node    recall    | micro: 0.875000; macro: 0.722222; score: [1.         0.66666667 0.66666667 0.         1.         1.        ]
2025-09-04 20:21:50,654 - INFO - node    f1        | micro: 0.717949; macro: 0.646296; score: [0.83333333 0.44444444 0.8        0.         0.8        1.        ]
2025-09-04 20:21:50,669 - INFO - service precision | micro: 0.250000; macro: 0.376574; score: [0.5        0.28571429 0.         0.10344828 1.         0.
 0.5        0.         1.        ]
2025-09-04 20:21:50,670 - INFO - service recall    | micro: 0.500000; macro: 0.500000; score: [1.  1.  0.  0.6 0.4 0.  1.  0.  0.5]
2025-09-04 20:21:50,670 - INFO - service f1        | micro: 0.333333; macro: 0.354705; score: [0.66666667 0.44444444 0.         0.17647059 0.57142857 0.
 0.66666667 0.         0.66666667]
2025-09-04 20:21:50,697 - INFO - pod     precision | micro: 0.269592; macro: 0.383653; score: [0.58823529 0.47826087 0.33333333 0.09444444 0.41463415 0.
 0.63636364 0.125      0.7826087 ]
2025-09-04 20:21:50,697 - INFO - pod     recall    | micro: 0.741379; macro: 0.749558; score: [1.         1.         0.25       0.80952381 0.73913043 0.
 1.         1.         0.94736842]
2025-09-04 20:21:50,697 - INFO - pod     f1        | micro: 0.395402; macro: 0.470118; score: [0.74074074 0.64705882 0.28571429 0.16915423 0.53125    0.
 0.77777778 0.22222222 0.85714286]
2025-09-04 20:21:50,697 - INFO - ----------
2025-09-04 20:21:51,992 - INFO - [201/300] | train_loss: 0.10755
2025-09-04 20:21:53,289 - INFO - [202/300] | train_loss: 0.11377
2025-09-04 20:21:54,599 - INFO - [203/300] | train_loss: 0.10670
2025-09-04 20:21:55,899 - INFO - [204/300] | train_loss: 0.07744
2025-09-04 20:21:57,210 - INFO - [205/300] | train_loss: 0.07843
2025-09-04 20:21:58,514 - INFO - [206/300] | train_loss: 0.08633
2025-09-04 20:21:59,790 - INFO - [207/300] | train_loss: 0.12760
2025-09-04 20:22:01,071 - INFO - [208/300] | train_loss: 0.16234
2025-09-04 20:22:02,376 - INFO - [209/300] | train_loss: 0.16827
2025-09-04 20:22:03,700 - INFO - [210/300] | train_loss: 0.13280
2025-09-04 20:22:03,808 - INFO - ----------
2025-09-04 20:22:03,808 - INFO - evaluation dataset type: valid
2025-09-04 20:22:03,823 - INFO - node    precision | micro: 0.700000; macro: 0.674603; score: [0.71428571 1.         0.66666667 0.         0.66666667 1.        ]
2025-09-04 20:22:03,824 - INFO - node    recall    | micro: 0.875000; macro: 0.722222; score: [1.         0.66666667 0.66666667 0.         1.         1.        ]
2025-09-04 20:22:03,824 - INFO - node    f1        | micro: 0.777778; macro: 0.683333; score: [0.83333333 0.8        0.66666667 0.         0.8        1.        ]
2025-09-04 20:22:03,839 - INFO - service precision | micro: 0.523810; macro: 0.444444; score: [1.         0.66666667 0.5        0.25       0.5        0.
 0.33333333 0.         0.75      ]
2025-09-04 20:22:03,839 - INFO - service recall    | micro: 0.458333; macro: 0.488889; score: [1.   1.   0.25 0.2  0.2  0.   1.   0.   0.75]
2025-09-04 20:22:03,840 - INFO - service f1        | micro: 0.488889; macro: 0.432363; score: [1.         0.8        0.33333333 0.22222222 0.28571429 0.
 0.5        0.         0.75      ]
2025-09-04 20:22:03,866 - INFO - pod     precision | micro: 0.490323; macro: 0.481245; score: [0.90909091 0.64705882 0.45833333 0.18918919 0.56521739 0.
 0.7        0.16666667 0.69565217]
2025-09-04 20:22:03,866 - INFO - pod     recall    | micro: 0.655172; macro: 0.698962; score: [1.         1.         0.55       0.33333333 0.56521739 0.
 1.         1.         0.84210526]
2025-09-04 20:22:03,866 - INFO - pod     f1        | micro: 0.560886; macro: 0.546204; score: [0.95238095 0.78571429 0.5        0.24137931 0.56521739 0.
 0.82352941 0.28571429 0.76190476]
2025-09-04 20:22:03,866 - INFO - ----------
2025-09-04 20:22:05,161 - INFO - [211/300] | train_loss: 0.09007
2025-09-04 20:22:06,485 - INFO - [212/300] | train_loss: 0.09274
2025-09-04 20:22:07,787 - INFO - [213/300] | train_loss: 0.08491
2025-09-04 20:22:09,110 - INFO - [214/300] | train_loss: 0.07508
2025-09-04 20:22:10,421 - INFO - [215/300] | train_loss: 0.07386
2025-09-04 20:22:11,742 - INFO - [216/300] | train_loss: 0.06625
2025-09-04 20:22:13,057 - INFO - [217/300] | train_loss: 0.06060
2025-09-04 20:22:14,351 - INFO - [218/300] | train_loss: 0.07268
2025-09-04 20:22:15,690 - INFO - [219/300] | train_loss: 0.06670
2025-09-04 20:22:16,989 - INFO - [220/300] | train_loss: 0.07619
2025-09-04 20:22:17,101 - INFO - ----------
2025-09-04 20:22:17,101 - INFO - evaluation dataset type: valid
2025-09-04 20:22:17,117 - INFO - node    precision | micro: 0.666667; macro: 0.591270; score: [0.71428571 0.5        0.66666667 0.         0.66666667 1.        ]
2025-09-04 20:22:17,117 - INFO - node    recall    | micro: 0.875000; macro: 0.722222; score: [1.         0.66666667 0.66666667 0.         1.         1.        ]
2025-09-04 20:22:17,117 - INFO - node    f1        | micro: 0.756757; macro: 0.645238; score: [0.83333333 0.57142857 0.66666667 0.         0.8        1.        ]
2025-09-04 20:22:17,133 - INFO - service precision | micro: 0.461538; macro: 0.522222; score: [1.         0.2        0.33333333 0.5        0.66666667 0.
 1.         0.         1.        ]
2025-09-04 20:22:17,134 - INFO - service recall    | micro: 0.500000; macro: 0.511111; score: [1.  1.  0.5 0.2 0.4 0.  1.  0.  0.5]
2025-09-04 20:22:17,134 - INFO - service f1        | micro: 0.480000; macro: 0.465079; score: [1.         0.33333333 0.4        0.28571429 0.5        0.
 1.         0.         0.66666667]
2025-09-04 20:22:17,160 - INFO - pod     precision | micro: 0.413613; macro: 0.459968; score: [0.90909091 0.5        0.1971831  0.27272727 0.6        0.
 0.875      0.14285714 0.64285714]
2025-09-04 20:22:17,160 - INFO - pod     recall    | micro: 0.681034; macro: 0.717202; score: [1.         1.         0.7        0.28571429 0.52173913 0.
 1.         1.         0.94736842]
2025-09-04 20:22:17,160 - INFO - pod     f1        | micro: 0.514658; macro: 0.523693; score: [0.95238095 0.66666667 0.30769231 0.27906977 0.55813953 0.
 0.93333333 0.25       0.76595745]
2025-09-04 20:22:17,160 - INFO - ----------
2025-09-04 20:22:18,467 - INFO - [221/300] | train_loss: 0.07139
2025-09-04 20:22:19,842 - INFO - [222/300] | train_loss: 0.05774
2025-09-04 20:22:21,160 - INFO - [223/300] | train_loss: 0.04746
2025-09-04 20:22:22,464 - INFO - [224/300] | train_loss: 0.04711
2025-09-04 20:22:23,788 - INFO - [225/300] | train_loss: 0.06626
2025-09-04 20:22:25,126 - INFO - [226/300] | train_loss: 0.05568
2025-09-04 20:22:26,443 - INFO - [227/300] | train_loss: 0.06746
2025-09-04 20:22:27,790 - INFO - [228/300] | train_loss: 0.08187
2025-09-04 20:22:29,099 - INFO - [229/300] | train_loss: 0.06308
2025-09-04 20:22:30,439 - INFO - [230/300] | train_loss: 0.05343
2025-09-04 20:22:30,547 - INFO - ----------
2025-09-04 20:22:30,547 - INFO - evaluation dataset type: valid
2025-09-04 20:22:30,562 - INFO - node    precision | micro: 0.700000; macro: 0.646825; score: [0.71428571 0.5        1.         0.         0.66666667 1.        ]
2025-09-04 20:22:30,562 - INFO - node    recall    | micro: 0.875000; macro: 0.722222; score: [1.         0.66666667 0.66666667 0.         1.         1.        ]
2025-09-04 20:22:30,563 - INFO - node    f1        | micro: 0.777778; macro: 0.667460; score: [0.83333333 0.57142857 0.8        0.         0.8        1.        ]
2025-09-04 20:22:30,579 - INFO - service precision | micro: 0.476190; macro: 0.552469; score: [1.         0.22222222 0.25       0.5        1.         0.
 1.         0.         1.        ]
2025-09-04 20:22:30,579 - INFO - service recall    | micro: 0.416667; macro: 0.461111; score: [1.   1.   0.25 0.2  0.2  0.   1.   0.   0.5 ]
2025-09-04 20:22:30,579 - INFO - service f1        | micro: 0.444444; macro: 0.433261; score: [1.         0.36363636 0.25       0.28571429 0.33333333 0.
 1.         0.         0.66666667]
2025-09-04 20:22:30,606 - INFO - pod     precision | micro: 0.542254; macro: 0.524890; score: [0.90909091 0.57894737 0.34375    0.25       0.72222222 0.
 1.         0.2        0.72      ]
2025-09-04 20:22:30,606 - INFO - pod     recall    | micro: 0.663793; macro: 0.705367; score: [1.         1.         0.55       0.28571429 0.56521739 0.
 1.         1.         0.94736842]
2025-09-04 20:22:30,606 - INFO - pod     f1        | micro: 0.596899; macro: 0.573458; score: [0.95238095 0.73333333 0.42307692 0.26666667 0.63414634 0.
 1.         0.33333333 0.81818182]
2025-09-04 20:22:30,606 - INFO - ----------
2025-09-04 20:22:31,937 - INFO - [231/300] | train_loss: 0.04051
2025-09-04 20:22:33,338 - INFO - [232/300] | train_loss: 0.05503
2025-09-04 20:22:34,649 - INFO - [233/300] | train_loss: 0.06171
2025-09-04 20:22:35,966 - INFO - [234/300] | train_loss: 0.05893
2025-09-04 20:22:37,495 - INFO - [235/300] | train_loss: 0.03793
2025-09-04 20:22:38,847 - INFO - [236/300] | train_loss: 0.03794
2025-09-04 20:22:40,137 - INFO - [237/300] | train_loss: 0.06008
2025-09-04 20:22:41,439 - INFO - [238/300] | train_loss: 0.04725
2025-09-04 20:22:42,869 - INFO - [239/300] | train_loss: 0.04993
2025-09-04 20:22:44,176 - INFO - [240/300] | train_loss: 0.09236
2025-09-04 20:22:44,279 - INFO - ----------
2025-09-04 20:22:44,279 - INFO - evaluation dataset type: valid
2025-09-04 20:22:44,294 - INFO - node    precision | micro: 0.700000; macro: 0.646825; score: [0.71428571 0.5        1.         0.         0.66666667 1.        ]
2025-09-04 20:22:44,294 - INFO - node    recall    | micro: 0.875000; macro: 0.722222; score: [1.         0.66666667 0.66666667 0.         1.         1.        ]
2025-09-04 20:22:44,294 - INFO - node    f1        | micro: 0.777778; macro: 0.667460; score: [0.83333333 0.57142857 0.8        0.         0.8        1.        ]
2025-09-04 20:22:44,311 - INFO - service precision | micro: 0.625000; macro: 0.581481; score: [1.         0.4        0.33333333 0.5        1.         0.
 1.         0.         1.        ]
2025-09-04 20:22:44,311 - INFO - service recall    | micro: 0.416667; macro: 0.461111; score: [1.   1.   0.25 0.2  0.2  0.   1.   0.   0.5 ]
2025-09-04 20:22:44,311 - INFO - service f1        | micro: 0.500000; macro: 0.460317; score: [1.         0.57142857 0.28571429 0.28571429 0.33333333 0.
 1.         0.         0.66666667]
2025-09-04 20:22:44,339 - INFO - pod     precision | micro: 0.568345; macro: 0.523177; score: [0.90909091 0.55       0.37931034 0.28571429 0.78947368 0.
 0.875      0.2        0.72      ]
2025-09-04 20:22:44,339 - INFO - pod     recall    | micro: 0.681034; macro: 0.715029; score: [1.         1.         0.55       0.28571429 0.65217391 0.
 1.         1.         0.94736842]
2025-09-04 20:22:44,339 - INFO - pod     f1        | micro: 0.619608; macro: 0.577321; score: [0.95238095 0.70967742 0.44897959 0.28571429 0.71428571 0.
 0.93333333 0.33333333 0.81818182]
2025-09-04 20:22:44,339 - INFO - ----------
2025-09-04 20:22:45,704 - INFO - [241/300] | train_loss: 0.04078
2025-09-04 20:22:47,067 - INFO - [242/300] | train_loss: 0.05644
2025-09-04 20:22:48,385 - INFO - [243/300] | train_loss: 0.04702
2025-09-04 20:22:49,683 - INFO - [244/300] | train_loss: 0.03690
2025-09-04 20:22:51,087 - INFO - [245/300] | train_loss: 0.03667
2025-09-04 20:22:52,450 - INFO - [246/300] | train_loss: 0.04724
2025-09-04 20:22:53,767 - INFO - [247/300] | train_loss: 0.04126
2025-09-04 20:22:55,075 - INFO - [248/300] | train_loss: 0.07172
2025-09-04 20:22:56,372 - INFO - [249/300] | train_loss: 0.03118
2025-09-04 20:22:57,659 - INFO - [250/300] | train_loss: 0.05544
2025-09-04 20:22:57,768 - INFO - ----------
2025-09-04 20:22:57,768 - INFO - evaluation dataset type: valid
2025-09-04 20:22:57,784 - INFO - node    precision | micro: 0.666667; macro: 0.591270; score: [0.71428571 0.5        0.66666667 0.         0.66666667 1.        ]
2025-09-04 20:22:57,784 - INFO - node    recall    | micro: 0.875000; macro: 0.722222; score: [1.         0.66666667 0.66666667 0.         1.         1.        ]
2025-09-04 20:22:57,784 - INFO - node    f1        | micro: 0.756757; macro: 0.645238; score: [0.83333333 0.57142857 0.66666667 0.         0.8        1.        ]
2025-09-04 20:22:57,800 - INFO - service precision | micro: 0.500000; macro: 0.485185; score: [1.         0.33333333 0.2        0.5        1.         0.
 0.33333333 0.         1.        ]
2025-09-04 20:22:57,800 - INFO - service recall    | micro: 0.458333; macro: 0.483333; score: [1.   1.   0.25 0.2  0.4  0.   1.   0.   0.5 ]
2025-09-04 20:22:57,800 - INFO - service f1        | micro: 0.478261; macro: 0.416226; score: [1.         0.5        0.22222222 0.28571429 0.57142857 0.
 0.5        0.         0.66666667]
2025-09-04 20:22:57,827 - INFO - pod     precision | micro: 0.516129; macro: 0.485384; score: [0.90909091 0.52380952 0.27272727 0.35294118 0.71428571 0.
 0.53846154 0.2        0.85714286]
2025-09-04 20:22:57,827 - INFO - pod     recall    | micro: 0.689655; macro: 0.720584; score: [1.         1.         0.6        0.28571429 0.65217391 0.
 1.         1.         0.94736842]
2025-09-04 20:22:57,827 - INFO - pod     f1        | micro: 0.590406; macro: 0.549536; score: [0.95238095 0.6875     0.375      0.31578947 0.68181818 0.
 0.7        0.33333333 0.9       ]
2025-09-04 20:22:57,827 - INFO - ----------
2025-09-04 20:22:59,101 - INFO - [251/300] | train_loss: 0.06224
2025-09-04 20:23:00,399 - INFO - [252/300] | train_loss: 0.05189
2025-09-04 20:23:01,719 - INFO - [253/300] | train_loss: 0.04379
2025-09-04 20:23:03,029 - INFO - [254/300] | train_loss: 0.04150
2025-09-04 20:23:04,340 - INFO - [255/300] | train_loss: 0.03937
2025-09-04 20:23:05,648 - INFO - [256/300] | train_loss: 0.03241
2025-09-04 20:23:06,950 - INFO - [257/300] | train_loss: 0.05520
2025-09-04 20:23:08,271 - INFO - [258/300] | train_loss: 0.08212
2025-09-04 20:23:09,602 - INFO - [259/300] | train_loss: 0.06217
2025-09-04 20:23:10,913 - INFO - [260/300] | train_loss: 0.04662
2025-09-04 20:23:11,020 - INFO - ----------
2025-09-04 20:23:11,020 - INFO - evaluation dataset type: valid
2025-09-04 20:23:11,035 - INFO - node    precision | micro: 0.700000; macro: 0.646825; score: [0.71428571 0.5        1.         0.         0.66666667 1.        ]
2025-09-04 20:23:11,036 - INFO - node    recall    | micro: 0.875000; macro: 0.722222; score: [1.         0.66666667 0.66666667 0.         1.         1.        ]
2025-09-04 20:23:11,036 - INFO - node    f1        | micro: 0.777778; macro: 0.667460; score: [0.83333333 0.57142857 0.8        0.         0.8        1.        ]
2025-09-04 20:23:11,052 - INFO - service precision | micro: 0.611111; macro: 0.577778; score: [1.  0.5 0.2 1.  1.  0.  0.5 0.  1. ]
2025-09-04 20:23:11,052 - INFO - service recall    | micro: 0.458333; macro: 0.483333; score: [1.   1.   0.25 0.2  0.4  0.   1.   0.   0.5 ]
2025-09-04 20:23:11,052 - INFO - service f1        | micro: 0.523810; macro: 0.458554; score: [1.         0.66666667 0.22222222 0.33333333 0.57142857 0.
 0.66666667 0.         0.66666667]
2025-09-04 20:23:11,078 - INFO - pod     precision | micro: 0.531469; macro: 0.497808; score: [0.90909091 0.52380952 0.26829268 0.46153846 0.68421053 0.
 0.58333333 0.2        0.85      ]
2025-09-04 20:23:11,078 - INFO - pod     recall    | micro: 0.655172; macro: 0.699519; score: [1.         1.         0.55       0.28571429 0.56521739 0.
 1.         1.         0.89473684]
2025-09-04 20:23:11,079 - INFO - pod     f1        | micro: 0.586873; macro: 0.546055; score: [0.95238095 0.6875     0.36065574 0.35294118 0.61904762 0.
 0.73684211 0.33333333 0.87179487]
2025-09-04 20:23:11,079 - INFO - ----------
2025-09-04 20:23:12,446 - INFO - [261/300] | train_loss: 0.04785
2025-09-04 20:23:13,815 - INFO - [262/300] | train_loss: 0.04475
2025-09-04 20:23:15,112 - INFO - [263/300] | train_loss: 0.04705
2025-09-04 20:23:16,410 - INFO - [264/300] | train_loss: 0.04887
2025-09-04 20:23:17,758 - INFO - [265/300] | train_loss: 0.05219
2025-09-04 20:23:19,084 - INFO - [266/300] | train_loss: 0.06439
2025-09-04 20:23:20,458 - INFO - [267/300] | train_loss: 0.04062
2025-09-04 20:23:21,777 - INFO - [268/300] | train_loss: 0.03507
2025-09-04 20:23:23,085 - INFO - [269/300] | train_loss: 0.03151
2025-09-04 20:23:24,382 - INFO - [270/300] | train_loss: 0.06427
2025-09-04 20:23:24,491 - INFO - ----------
2025-09-04 20:23:24,491 - INFO - evaluation dataset type: valid
2025-09-04 20:23:24,506 - INFO - node    precision | micro: 0.666667; macro: 0.591270; score: [0.71428571 0.5        0.66666667 0.         0.66666667 1.        ]
2025-09-04 20:23:24,507 - INFO - node    recall    | micro: 0.875000; macro: 0.722222; score: [1.         0.66666667 0.66666667 0.         1.         1.        ]
2025-09-04 20:23:24,507 - INFO - node    f1        | micro: 0.756757; macro: 0.645238; score: [0.83333333 0.57142857 0.66666667 0.         0.8        1.        ]
2025-09-04 20:23:24,522 - INFO - service precision | micro: 0.521739; macro: 0.518519; score: [0.66666667 0.25       0.25       1.         1.         0.
 0.5        0.         1.        ]
2025-09-04 20:23:24,523 - INFO - service recall    | micro: 0.500000; macro: 0.511111; score: [1.   1.   0.25 0.2  0.4  0.   1.   0.   0.75]
2025-09-04 20:23:24,523 - INFO - service f1        | micro: 0.510638; macro: 0.430952; score: [0.8        0.4        0.25       0.33333333 0.57142857 0.
 0.66666667 0.         0.85714286]
2025-09-04 20:23:24,549 - INFO - pod     precision | micro: 0.546099; macro: 0.515890; score: [0.90909091 0.5        0.28947368 0.4        0.7        0.
 0.7        0.2        0.94444444]
2025-09-04 20:23:24,549 - INFO - pod     recall    | micro: 0.663793; macro: 0.704350; score: [1.         1.         0.55       0.28571429 0.60869565 0.
 1.         1.         0.89473684]
2025-09-04 20:23:24,549 - INFO - pod     f1        | micro: 0.599222; macro: 0.562071; score: [0.95238095 0.66666667 0.37931034 0.33333333 0.65116279 0.
 0.82352941 0.33333333 0.91891892]
2025-09-04 20:23:24,550 - INFO - ----------
2025-09-04 20:23:25,846 - INFO - [271/300] | train_loss: 0.04177
2025-09-04 20:23:27,139 - INFO - [272/300] | train_loss: 0.06631
2025-09-04 20:23:28,438 - INFO - [273/300] | train_loss: 0.04257
2025-09-04 20:23:29,780 - INFO - [274/300] | train_loss: 0.03836
2025-09-04 20:23:31,086 - INFO - [275/300] | train_loss: 0.04870
2025-09-04 20:23:32,417 - INFO - [276/300] | train_loss: 0.05466
2025-09-04 20:23:33,752 - INFO - [277/300] | train_loss: 0.05383
2025-09-04 20:23:35,072 - INFO - [278/300] | train_loss: 0.03768
2025-09-04 20:23:36,372 - INFO - [279/300] | train_loss: 0.03632
2025-09-04 20:23:37,694 - INFO - [280/300] | train_loss: 0.03716
2025-09-04 20:23:37,849 - INFO - ----------
2025-09-04 20:23:37,849 - INFO - evaluation dataset type: valid
2025-09-04 20:23:37,870 - INFO - node    precision | micro: 0.700000; macro: 0.646825; score: [0.71428571 0.5        1.         0.         0.66666667 1.        ]
2025-09-04 20:23:37,871 - INFO - node    recall    | micro: 0.875000; macro: 0.722222; score: [1.         0.66666667 0.66666667 0.         1.         1.        ]
2025-09-04 20:23:37,871 - INFO - node    f1        | micro: 0.777778; macro: 0.667460; score: [0.83333333 0.57142857 0.8        0.         0.8        1.        ]
2025-09-04 20:23:37,888 - INFO - service precision | micro: 0.650000; macro: 0.574074; score: [0.66666667 0.66666667 0.33333333 1.         1.         0.
 0.5        0.         1.        ]
2025-09-04 20:23:37,888 - INFO - service recall    | micro: 0.541667; macro: 0.533333; score: [1.  1.  0.5 0.2 0.6 0.  1.  0.  0.5]
2025-09-04 20:23:37,888 - INFO - service f1        | micro: 0.590909; macro: 0.490741; score: [0.8        0.8        0.4        0.33333333 0.75       0.
 0.66666667 0.         0.66666667]
2025-09-04 20:23:37,916 - INFO - pod     precision | micro: 0.537931; macro: 0.519080; score: [0.90909091 0.55       0.25       0.5        0.68181818 0.
 0.63636364 0.2        0.94444444]
2025-09-04 20:23:37,916 - INFO - pod     recall    | micro: 0.672414; macro: 0.709181; score: [1.         1.         0.55       0.28571429 0.65217391 0.
 1.         1.         0.89473684]
2025-09-04 20:23:37,916 - INFO - pod     f1        | micro: 0.597701; macro: 0.562905; score: [0.95238095 0.70967742 0.34375    0.36363636 0.66666667 0.
 0.77777778 0.33333333 0.91891892]
2025-09-04 20:23:37,916 - INFO - ----------
2025-09-04 20:23:39,224 - INFO - [281/300] | train_loss: 0.05416
2025-09-04 20:23:40,520 - INFO - [282/300] | train_loss: 0.05466
2025-09-04 20:23:41,819 - INFO - [283/300] | train_loss: 0.04141
2025-09-04 20:23:43,210 - INFO - [284/300] | train_loss: 0.05266
2025-09-04 20:23:44,539 - INFO - [285/300] | train_loss: 0.03836
2025-09-04 20:23:45,839 - INFO - [286/300] | train_loss: 0.04812
2025-09-04 20:23:47,232 - INFO - [287/300] | train_loss: 0.03594
2025-09-04 20:23:48,527 - INFO - [288/300] | train_loss: 0.03650
2025-09-04 20:23:49,826 - INFO - [289/300] | train_loss: 0.04099
2025-09-04 20:23:51,149 - INFO - [290/300] | train_loss: 0.03605
2025-09-04 20:23:51,256 - INFO - ----------
2025-09-04 20:23:51,256 - INFO - evaluation dataset type: valid
2025-09-04 20:23:51,271 - INFO - node    precision | micro: 0.700000; macro: 0.674603; score: [0.71428571 0.66666667 1.         0.         0.66666667 1.        ]
2025-09-04 20:23:51,271 - INFO - node    recall    | micro: 0.875000; macro: 0.722222; score: [1.         0.66666667 0.66666667 0.         1.         1.        ]
2025-09-04 20:23:51,271 - INFO - node    f1        | micro: 0.777778; macro: 0.683333; score: [0.83333333 0.66666667 0.8        0.         0.8        1.        ]
2025-09-04 20:23:51,287 - INFO - service precision | micro: 0.750000; macro: 0.648148; score: [1.         0.5        0.33333333 1.         1.         0.
 1.         0.         1.        ]
2025-09-04 20:23:51,287 - INFO - service recall    | micro: 0.500000; macro: 0.505556; score: [1.   1.   0.25 0.2  0.6  0.   1.   0.   0.5 ]
2025-09-04 20:23:51,287 - INFO - service f1        | micro: 0.600000; macro: 0.522487; score: [1.         0.66666667 0.28571429 0.33333333 0.75       0.
 1.         0.         0.66666667]
2025-09-04 20:23:51,314 - INFO - pod     precision | micro: 0.619048; macro: 0.578058; score: [0.90909091 0.61111111 0.32258065 0.54545455 0.71428571 0.
 1.         0.2        0.9       ]
2025-09-04 20:23:51,314 - INFO - pod     recall    | micro: 0.672414; macro: 0.709473; score: [1.         1.         0.5        0.28571429 0.65217391 0.
 1.         1.         0.94736842]
2025-09-04 20:23:51,314 - INFO - pod     f1        | micro: 0.644628; macro: 0.601821; score: [0.95238095 0.75862069 0.39215686 0.375      0.68181818 0.
 1.         0.33333333 0.92307692]
2025-09-04 20:23:51,314 - INFO - ----------
2025-09-04 20:23:52,640 - INFO - [291/300] | train_loss: 0.05647
2025-09-04 20:23:53,966 - INFO - [292/300] | train_loss: 0.04340
2025-09-04 20:23:55,285 - INFO - [293/300] | train_loss: 0.04141
2025-09-04 20:23:56,653 - INFO - [294/300] | train_loss: 0.04844
2025-09-04 20:23:57,965 - INFO - [295/300] | train_loss: 0.03544
2025-09-04 20:23:59,270 - INFO - [296/300] | train_loss: 0.04631
2025-09-04 20:24:00,601 - INFO - [297/300] | train_loss: 0.03567
2025-09-04 20:24:01,902 - INFO - [298/300] | train_loss: 0.03585
2025-09-04 20:24:03,205 - INFO - [299/300] | train_loss: 0.07298
2025-09-04 20:24:03,842 - INFO - ----------
2025-09-04 20:24:03,842 - INFO - evaluation dataset type: test
2025-09-04 20:24:03,862 - INFO - node    precision | micro: 0.582524; macro: 0.604030; score: [0.82352941 0.375      0.7        0.375      0.71428571 0.63636364]
2025-09-04 20:24:03,862 - INFO - node    recall    | micro: 0.895522; macro: 0.882335; score: [1.         0.85714286 0.77777778 0.75       0.90909091 1.        ]
2025-09-04 20:24:03,862 - INFO - node    f1        | micro: 0.705882; macro: 0.706597; score: [0.90322581 0.52173913 0.73684211 0.5        0.8        0.77777778]
2025-09-04 20:24:03,889 - INFO - service precision | micro: 0.626374; macro: 0.700746; score: [0.85714286 0.9        0.33333333 0.25       0.85714286 0.6
 0.90909091 1.         0.6       ]
2025-09-04 20:24:03,890 - INFO - service recall    | micro: 0.647727; macro: 0.670370; score: [0.66666667 1.         0.5        0.33333333 0.5        0.6
 1.         0.83333333 0.6       ]
2025-09-04 20:24:03,890 - INFO - service f1        | micro: 0.636872; macro: 0.675126; score: [0.75       0.94736842 0.4        0.28571429 0.63157895 0.6
 0.95238095 0.90909091 0.6       ]
2025-09-04 20:24:03,964 - INFO - pod     precision | micro: 0.537538; macro: 0.620541; score: [0.75806452 0.68181818 0.30275229 0.25675676 0.63636364 0.58585859
 0.83606557 0.91428571 0.61290323]
2025-09-04 20:24:03,964 - INFO - pod     recall    | micro: 0.817352; macro: 0.827364; score: [1.         0.97826087 0.67346939 0.61290323 0.625      0.85294118
 1.         1.         0.7037037 ]
2025-09-04 20:24:03,964 - INFO - pod     f1        | micro: 0.648551; macro: 0.699104; score: [0.86238532 0.80357143 0.41772152 0.36190476 0.63063063 0.69461078
 0.91071429 0.95522388 0.65517241]
2025-09-04 20:24:03,964 - INFO - ----------
----GATNet----
GAT_name1:  GATConv
GAT_name2:  GATConv
activ_fun1:  relu6
activ_fun2:  relu6
begin----------------------------------------
Running: python ./HolisticRCA/trainer/a_rca_trainer.py   --model_path /root/shared-nvme/work/code/RCA/HolisticRCA/model/a/checkpoint/main.pt   --epochs 300   --orl_te_heads 2   --orl_te_layers 2   --orl_te_in_channels 256   --efi_in_dim 256   --efi_te_heads 4   --efi_te_layers 2   --efi_out_dim 256   --eff_in_dim 256   --eff_GAT_out_channels 128   --eff_GAT_heads 2   --batch_size 64   --eff_GAT_dropout 0.1           --GAT_name1 GATConv           --GAT_name2 GATv2Conv           --activ_fun1 leaky_relu           --activ_fun2 leaky_relu
2025-09-04 20:24:10,022 - INFO - [0/300] | train_loss: 3.93857
2025-09-04 20:24:10,126 - INFO - ----------
2025-09-04 20:24:10,126 - INFO - evaluation dataset type: valid
2025-09-04 20:24:10,143 - INFO - node    precision | micro: 0.011785; macro: 0.019730; score: [0.02941176 0.         0.00833333 0.         0.01680672 0.06382979]
2025-09-04 20:24:10,143 - INFO - node    recall    | micro: 0.437500; macro: 0.422222; score: [0.2        0.         0.33333333 0.         1.         1.        ]
2025-09-04 20:24:10,144 - INFO - node    f1        | micro: 0.022951; macro: 0.036767; score: [0.05128205 0.         0.01626016 0.         0.03305785 0.12      ]
2025-09-04 20:24:10,162 - INFO - service precision | micro: 0.007994; macro: 0.063497; score: [0.00628931 0.00488998 0.00666667 0.01165501 0.2        0.
 0.33333333 0.         0.00863931]
2025-09-04 20:24:10,162 - INFO - service recall    | micro: 0.833333; macro: 0.711111; score: [1.  1.  1.  1.  0.4 0.  1.  0.  1. ]
2025-09-04 20:24:10,163 - INFO - service f1        | micro: 0.015835; macro: 0.093591; score: [0.0125     0.00973236 0.01324503 0.02304147 0.26666667 0.
 0.5        0.         0.01713062]
2025-09-04 20:24:10,195 - INFO - pod     precision | micro: 0.011395; macro: 0.043894; score: [0.32142857 0.01222494 0.         0.0129672  0.01617251 0.00158983
 0.00337349 0.01041667 0.01687389]
2025-09-04 20:24:10,196 - INFO - pod     recall    | micro: 0.706897; macro: 0.739025; score: [0.9        0.90909091 0.         0.80952381 0.7826087  0.25
 1.         1.         1.        ]
2025-09-04 20:24:10,196 - INFO - pod     f1        | micro: 0.022429; macro: 0.068746; score: [0.47368421 0.02412545 0.         0.02552553 0.03169014 0.00315956
 0.0067243  0.02061856 0.03318777]
2025-09-04 20:24:10,196 - INFO - ----------
2025-09-04 20:24:11,475 - INFO - [1/300] | train_loss: 3.41074
2025-09-04 20:24:12,761 - INFO - [2/300] | train_loss: 2.83099
2025-09-04 20:24:14,038 - INFO - [3/300] | train_loss: 2.23078
2025-09-04 20:24:15,314 - INFO - [4/300] | train_loss: 1.78632
2025-09-04 20:24:16,590 - INFO - [5/300] | train_loss: 1.39635
2025-09-04 20:24:17,869 - INFO - [6/300] | train_loss: 1.14693
2025-09-04 20:24:19,137 - INFO - [7/300] | train_loss: 0.95574
2025-09-04 20:24:20,433 - INFO - [8/300] | train_loss: 0.80586
2025-09-04 20:24:21,721 - INFO - [9/300] | train_loss: 0.68650
2025-09-04 20:24:23,004 - INFO - [10/300] | train_loss: 0.61865
2025-09-04 20:24:23,108 - INFO - ----------
2025-09-04 20:24:23,109 - INFO - evaluation dataset type: valid
2025-09-04 20:24:23,127 - INFO - node    precision | micro: 0.217391; macro: 0.222718; score: [0.3125     0.21428571 0.14285714 0.         0.33333333 0.33333333]
2025-09-04 20:24:23,127 - INFO - node    recall    | micro: 0.937500; macro: 0.777778; score: [1.         1.         0.66666667 0.         1.         1.        ]
2025-09-04 20:24:23,127 - INFO - node    f1        | micro: 0.352941; macro: 0.344071; score: [0.47619048 0.35294118 0.23529412 0.         0.5        0.5       ]
2025-09-04 20:24:23,144 - INFO - service precision | micro: 0.168317; macro: 0.148944; score: [0.2        0.18181818 0.07142857 0.1        0.3125     0.
 0.11111111 0.         0.36363636]
2025-09-04 20:24:23,144 - INFO - service recall    | micro: 0.708333; macro: 0.633333; score: [1.  1.  0.5 0.2 1.  0.  1.  0.  1. ]
2025-09-04 20:24:23,144 - INFO - service f1        | micro: 0.272000; macro: 0.234320; score: [0.33333333 0.30769231 0.125      0.13333333 0.47619048 0.
 0.2        0.         0.53333333]
2025-09-04 20:24:23,174 - INFO - pod     precision | micro: 0.136681; macro: 0.165426; score: [0.2173913  0.22916667 0.07936508 0.15189873 0.23076923 0.01459854
 0.1627907  0.03030303 0.37254902]
2025-09-04 20:24:23,174 - INFO - pod     recall    | micro: 0.844828; macro: 0.859386; score: [1.         1.         0.75       0.57142857 0.91304348 0.5
 1.         1.         1.        ]
2025-09-04 20:24:23,174 - INFO - pod     f1        | micro: 0.235294; macro: 0.265782; score: [0.35714286 0.37288136 0.14354067 0.24       0.36842105 0.02836879
 0.28       0.05882353 0.54285714]
2025-09-04 20:24:23,174 - INFO - ----------
2025-09-04 20:24:24,461 - INFO - [11/300] | train_loss: 0.61863
2025-09-04 20:24:25,739 - INFO - [12/300] | train_loss: 0.50951
2025-09-04 20:24:27,018 - INFO - [13/300] | train_loss: 0.49350
2025-09-04 20:24:28,303 - INFO - [14/300] | train_loss: 0.43948
2025-09-04 20:24:29,584 - INFO - [15/300] | train_loss: 0.43112
2025-09-04 20:24:30,854 - INFO - [16/300] | train_loss: 0.38869
2025-09-04 20:24:32,123 - INFO - [17/300] | train_loss: 0.36008
2025-09-04 20:24:33,406 - INFO - [18/300] | train_loss: 0.31518
2025-09-04 20:24:34,689 - INFO - [19/300] | train_loss: 0.31941
2025-09-04 20:24:35,972 - INFO - [20/300] | train_loss: 0.32940
2025-09-04 20:24:36,076 - INFO - ----------
2025-09-04 20:24:36,076 - INFO - evaluation dataset type: valid
2025-09-04 20:24:36,091 - INFO - node    precision | micro: 0.394737; macro: 0.404714; score: [0.55555556 0.27272727 0.66666667 0.         0.33333333 0.6       ]
2025-09-04 20:24:36,091 - INFO - node    recall    | micro: 0.937500; macro: 0.777778; score: [1.         1.         0.66666667 0.         1.         1.        ]
2025-09-04 20:24:36,091 - INFO - node    f1        | micro: 0.555556; macro: 0.509921; score: [0.71428571 0.42857143 0.66666667 0.         0.5        0.75      ]
2025-09-04 20:24:36,108 - INFO - service precision | micro: 0.202703; macro: 0.172150; score: [0.2        0.2        0.14285714 0.125      0.375      0.
 0.14285714 0.         0.36363636]
2025-09-04 20:24:36,108 - INFO - service recall    | micro: 0.625000; macro: 0.588889; score: [1.  1.  0.5 0.2 0.6 0.  1.  0.  1. ]
2025-09-04 20:24:36,108 - INFO - service f1        | micro: 0.306122; macro: 0.254179; score: [0.33333333 0.33333333 0.22222222 0.15384615 0.46153846 0.
 0.25       0.         0.53333333]
2025-09-04 20:24:36,136 - INFO - pod     precision | micro: 0.207763; macro: 0.206461; score: [0.34482759 0.22916667 0.15053763 0.18367347 0.24657534 0.04878049
 0.21875    0.04       0.39583333]
2025-09-04 20:24:36,136 - INFO - pod     recall    | micro: 0.784483; macro: 0.823464; score: [1.         1.         0.7        0.42857143 0.7826087  0.5
 1.         1.         1.        ]
2025-09-04 20:24:36,136 - INFO - pod     f1        | micro: 0.328520; macro: 0.317509; score: [0.51282051 0.37288136 0.24778761 0.25714286 0.375      0.08888889
 0.35897436 0.07692308 0.56716418]
2025-09-04 20:24:36,136 - INFO - ----------
2025-09-04 20:24:37,559 - INFO - [21/300] | train_loss: 0.31423
2025-09-04 20:24:38,838 - INFO - [22/300] | train_loss: 0.29053
2025-09-04 20:24:40,121 - INFO - [23/300] | train_loss: 0.28670
2025-09-04 20:24:41,386 - INFO - [24/300] | train_loss: 0.25344
2025-09-04 20:24:42,657 - INFO - [25/300] | train_loss: 0.26006
2025-09-04 20:24:43,930 - INFO - [26/300] | train_loss: 0.25377
2025-09-04 20:24:45,203 - INFO - [27/300] | train_loss: 0.23122
2025-09-04 20:24:46,471 - INFO - [28/300] | train_loss: 0.21590
2025-09-04 20:24:47,743 - INFO - [29/300] | train_loss: 0.21779
2025-09-04 20:24:49,031 - INFO - [30/300] | train_loss: 0.21704
2025-09-04 20:24:49,139 - INFO - ----------
2025-09-04 20:24:49,139 - INFO - evaluation dataset type: valid
2025-09-04 20:24:49,155 - INFO - node    precision | micro: 0.437500; macro: 0.461111; score: [0.5        0.2        0.66666667 0.         0.4        1.        ]
2025-09-04 20:24:49,155 - INFO - node    recall    | micro: 0.875000; macro: 0.722222; score: [1.         0.66666667 0.66666667 0.         1.         1.        ]
2025-09-04 20:24:49,155 - INFO - node    f1        | micro: 0.583333; macro: 0.535409; score: [0.66666667 0.30769231 0.66666667 0.         0.57142857 1.        ]
2025-09-04 20:24:49,172 - INFO - service precision | micro: 0.157303; macro: 0.161959; score: [0.33333333 0.10526316 0.18181818 0.125      0.4        0.
 0.07692308 0.         0.23529412]
2025-09-04 20:24:49,172 - INFO - service recall    | micro: 0.583333; macro: 0.566667; score: [1.  1.  0.5 0.2 0.4 0.  1.  0.  1. ]
2025-09-04 20:24:49,172 - INFO - service f1        | micro: 0.247788; macro: 0.226089; score: [0.5        0.19047619 0.26666667 0.15384615 0.4        0.
 0.14285714 0.         0.38095238]
2025-09-04 20:24:49,200 - INFO - pod     precision | micro: 0.239362; macro: 0.239210; score: [0.5        0.22916667 0.14285714 0.17241379 0.296875   0.06666667
 0.26923077 0.07142857 0.40425532]
2025-09-04 20:24:49,200 - INFO - pod     recall    | micro: 0.775862; macro: 0.794697; score: [1.         1.         0.6        0.47619048 0.82608696 0.25
 1.         1.         1.        ]
2025-09-04 20:24:49,201 - INFO - pod     f1        | micro: 0.365854; macro: 0.355429; score: [0.66666667 0.37288136 0.23076923 0.25316456 0.43678161 0.10526316
 0.42424242 0.13333333 0.57575758]
2025-09-04 20:24:49,201 - INFO - ----------
2025-09-04 20:24:50,472 - INFO - [31/300] | train_loss: 0.23108
2025-09-04 20:24:51,744 - INFO - [32/300] | train_loss: 0.19311
2025-09-04 20:24:53,014 - INFO - [33/300] | train_loss: 0.20481
2025-09-04 20:24:54,281 - INFO - [34/300] | train_loss: 0.27392
2025-09-04 20:24:55,546 - INFO - [35/300] | train_loss: 0.24029
2025-09-04 20:24:56,817 - INFO - [36/300] | train_loss: 0.18183
2025-09-04 20:24:58,085 - INFO - [37/300] | train_loss: 0.17606
2025-09-04 20:24:59,352 - INFO - [38/300] | train_loss: 0.17956
2025-09-04 20:25:00,625 - INFO - [39/300] | train_loss: 0.18286
2025-09-04 20:25:01,902 - INFO - [40/300] | train_loss: 0.17229
2025-09-04 20:25:02,008 - INFO - ----------
2025-09-04 20:25:02,008 - INFO - evaluation dataset type: valid
2025-09-04 20:25:02,025 - INFO - node    precision | micro: 0.500000; macro: 0.489418; score: [0.71428571 0.22222222 0.5        0.         0.5        1.        ]
2025-09-04 20:25:02,025 - INFO - node    recall    | micro: 0.875000; macro: 0.722222; score: [1.         0.66666667 0.66666667 0.         1.         1.        ]
2025-09-04 20:25:02,025 - INFO - node    f1        | micro: 0.636364; macro: 0.567460; score: [0.83333333 0.33333333 0.57142857 0.         0.66666667 1.        ]
2025-09-04 20:25:02,041 - INFO - service precision | micro: 0.241935; macro: 0.236275; score: [0.66666667 0.25       0.17647059 0.16666667 0.33333333 0.
 0.2        0.         0.33333333]
2025-09-04 20:25:02,041 - INFO - service recall    | micro: 0.625000; macro: 0.588889; score: [1.   1.   0.75 0.2  0.6  0.   1.   0.   0.75]
2025-09-04 20:25:02,041 - INFO - service f1        | micro: 0.348837; macro: 0.321220; score: [0.8        0.4        0.28571429 0.18181818 0.42857143 0.
 0.33333333 0.         0.46153846]
2025-09-04 20:25:02,068 - INFO - pod     precision | micro: 0.244094; macro: 0.309004; score: [0.83333333 0.23913043 0.15454545 0.1875     0.25       0.
 0.41176471 0.07142857 0.63333333]
2025-09-04 20:25:02,068 - INFO - pod     recall    | micro: 0.801724; macro: 0.789406; score: [1.         1.         0.85       0.42857143 0.82608696 0.
 1.         1.         1.        ]
2025-09-04 20:25:02,068 - INFO - pod     f1        | micro: 0.374245; macro: 0.410387; score: [0.90909091 0.38596491 0.26153846 0.26086957 0.38383838 0.
 0.58333333 0.13333333 0.7755102 ]
2025-09-04 20:25:02,068 - INFO - ----------
2025-09-04 20:25:03,354 - INFO - [41/300] | train_loss: 0.14825
2025-09-04 20:25:04,622 - INFO - [42/300] | train_loss: 0.17701
2025-09-04 20:25:05,894 - INFO - [43/300] | train_loss: 0.13531
2025-09-04 20:25:07,165 - INFO - [44/300] | train_loss: 0.14682
2025-09-04 20:25:08,438 - INFO - [45/300] | train_loss: 0.13385
2025-09-04 20:25:09,709 - INFO - [46/300] | train_loss: 0.13684
2025-09-04 20:25:10,992 - INFO - [47/300] | train_loss: 0.14083
2025-09-04 20:25:12,275 - INFO - [48/300] | train_loss: 0.14141
2025-09-04 20:25:13,579 - INFO - [49/300] | train_loss: 0.13117
2025-09-04 20:25:14,868 - INFO - [50/300] | train_loss: 0.12697
2025-09-04 20:25:14,974 - INFO - ----------
2025-09-04 20:25:14,974 - INFO - evaluation dataset type: valid
2025-09-04 20:25:14,990 - INFO - node    precision | micro: 0.518519; macro: 0.483333; score: [0.71428571 0.28571429 0.4        0.         0.5        1.        ]
2025-09-04 20:25:14,990 - INFO - node    recall    | micro: 0.875000; macro: 0.722222; score: [1.         0.66666667 0.66666667 0.         1.         1.        ]
2025-09-04 20:25:14,990 - INFO - node    f1        | micro: 0.651163; macro: 0.566667; score: [0.83333333 0.4        0.5        0.         0.66666667 1.        ]
2025-09-04 20:25:15,007 - INFO - service precision | micro: 0.280702; macro: 0.260847; score: [0.5        0.22222222 0.21428571 0.16666667 0.6        0.
 0.2        0.         0.44444444]
2025-09-04 20:25:15,007 - INFO - service recall    | micro: 0.666667; macro: 0.616667; score: [1.   1.   0.75 0.2  0.6  0.   1.   0.   1.  ]
2025-09-04 20:25:15,007 - INFO - service f1        | micro: 0.395062; macro: 0.343797; score: [0.66666667 0.36363636 0.33333333 0.18181818 0.6        0.
 0.33333333 0.         0.61538462]
2025-09-04 20:25:15,034 - INFO - pod     precision | micro: 0.271028; macro: 0.324801; score: [0.83333333 0.28205128 0.13131313 0.16666667 0.30508475 0.
 0.5        0.07142857 0.63333333]
2025-09-04 20:25:15,035 - INFO - pod     recall    | micro: 0.750000; macro: 0.757062; score: [1.         1.         0.65       0.38095238 0.7826087  0.
 1.         1.         1.        ]
2025-09-04 20:25:15,035 - INFO - pod     f1        | micro: 0.398169; macro: 0.423777; score: [0.90909091 0.44       0.21848739 0.23188406 0.43902439 0.
 0.66666667 0.13333333 0.7755102 ]
2025-09-04 20:25:15,035 - INFO - ----------
2025-09-04 20:25:16,313 - INFO - [51/300] | train_loss: 0.11346
2025-09-04 20:25:17,593 - INFO - [52/300] | train_loss: 0.12100
2025-09-04 20:25:18,947 - INFO - [53/300] | train_loss: 0.11901
2025-09-04 20:25:20,227 - INFO - [54/300] | train_loss: 0.11687
2025-09-04 20:25:21,506 - INFO - [55/300] | train_loss: 0.11587
2025-09-04 20:25:22,797 - INFO - [56/300] | train_loss: 0.10653
2025-09-04 20:25:24,072 - INFO - [57/300] | train_loss: 0.14783
2025-09-04 20:25:25,345 - INFO - [58/300] | train_loss: 0.11027
2025-09-04 20:25:26,617 - INFO - [59/300] | train_loss: 0.11476
2025-09-04 20:25:27,956 - INFO - [60/300] | train_loss: 0.09853
2025-09-04 20:25:28,059 - INFO - ----------
2025-09-04 20:25:28,059 - INFO - evaluation dataset type: valid
2025-09-04 20:25:28,074 - INFO - node    precision | micro: 0.600000; macro: 0.551587; score: [0.71428571 0.42857143 0.5        0.         0.66666667 1.        ]
2025-09-04 20:25:28,074 - INFO - node    recall    | micro: 0.937500; macro: 0.777778; score: [1.         1.         0.66666667 0.         1.         1.        ]
2025-09-04 20:25:28,074 - INFO - node    f1        | micro: 0.731707; macro: 0.634127; score: [0.83333333 0.6        0.57142857 0.         0.8        1.        ]
2025-09-04 20:25:28,090 - INFO - service precision | micro: 0.375000; macro: 0.367901; score: [0.66666667 0.4        0.3        0.25       1.         0.
 0.25       0.         0.44444444]
2025-09-04 20:25:28,090 - INFO - service recall    | micro: 0.625000; macro: 0.594444; score: [1.   1.   0.75 0.2  0.4  0.   1.   0.   1.  ]
2025-09-04 20:25:28,090 - INFO - service f1        | micro: 0.468750; macro: 0.401004; score: [0.8        0.57142857 0.42857143 0.22222222 0.57142857 0.
 0.4        0.         0.61538462]
2025-09-04 20:25:28,117 - INFO - pod     precision | micro: 0.314607; macro: 0.383328; score: [0.90909091 0.36666667 0.14942529 0.19512195 0.40540541 0.
 0.7        0.09090909 0.63333333]
2025-09-04 20:25:28,118 - INFO - pod     recall    | micro: 0.724138; macro: 0.742570; score: [1.         1.         0.65       0.38095238 0.65217391 0.
 1.         1.         1.        ]
2025-09-04 20:25:28,118 - INFO - pod     f1        | micro: 0.438642; macro: 0.472859; score: [0.95238095 0.53658537 0.24299065 0.25806452 0.5        0.
 0.82352941 0.16666667 0.7755102 ]
2025-09-04 20:25:28,118 - INFO - ----------
2025-09-04 20:25:29,382 - INFO - [61/300] | train_loss: 0.11394
2025-09-04 20:25:30,655 - INFO - [62/300] | train_loss: 0.09122
2025-09-04 20:25:31,921 - INFO - [63/300] | train_loss: 0.10550
2025-09-04 20:25:33,200 - INFO - [64/300] | train_loss: 0.10565
2025-09-04 20:25:34,472 - INFO - [65/300] | train_loss: 0.09780
2025-09-04 20:25:35,746 - INFO - [66/300] | train_loss: 0.09098
2025-09-04 20:25:37,026 - INFO - [67/300] | train_loss: 0.08582
2025-09-04 20:25:38,298 - INFO - [68/300] | train_loss: 0.08752
2025-09-04 20:25:39,568 - INFO - [69/300] | train_loss: 0.09154
2025-09-04 20:25:40,844 - INFO - [70/300] | train_loss: 0.11241
2025-09-04 20:25:40,948 - INFO - ----------
2025-09-04 20:25:40,948 - INFO - evaluation dataset type: valid
2025-09-04 20:25:40,963 - INFO - node    precision | micro: 0.666667; macro: 0.630159; score: [0.71428571 0.4        1.         0.         0.66666667 1.        ]
2025-09-04 20:25:40,963 - INFO - node    recall    | micro: 0.875000; macro: 0.722222; score: [1.         0.66666667 0.66666667 0.         1.         1.        ]
2025-09-04 20:25:40,963 - INFO - node    f1        | micro: 0.756757; macro: 0.655556; score: [0.83333333 0.5        0.8        0.         0.8        1.        ]
2025-09-04 20:25:40,979 - INFO - service precision | micro: 0.394737; macro: 0.414021; score: [1.         0.5        0.21428571 0.25       1.         0.
 0.33333333 0.         0.42857143]
2025-09-04 20:25:40,979 - INFO - service recall    | micro: 0.625000; macro: 0.588889; score: [1.   1.   0.75 0.2  0.6  0.   1.   0.   0.75]
2025-09-04 20:25:40,980 - INFO - service f1        | micro: 0.483871; macro: 0.446409; score: [1.         0.66666667 0.33333333 0.22222222 0.75       0.
 0.5        0.         0.54545455]
2025-09-04 20:25:41,006 - INFO - pod     precision | micro: 0.343220; macro: 0.420725; score: [0.90909091 0.42307692 0.15294118 0.21621622 0.36363636 0.
 0.875      0.14285714 0.7037037 ]
2025-09-04 20:25:41,006 - INFO - pod     recall    | micro: 0.698276; macro: 0.728077; score: [1.         1.         0.65       0.38095238 0.52173913 0.
 1.         1.         1.        ]
2025-09-04 20:25:41,007 - INFO - pod     f1        | micro: 0.460227; macro: 0.500939; score: [0.95238095 0.59459459 0.24761905 0.27586207 0.42857143 0.
 0.93333333 0.25       0.82608696]
2025-09-04 20:25:41,007 - INFO - ----------
2025-09-04 20:25:42,279 - INFO - [71/300] | train_loss: 0.08479
2025-09-04 20:25:43,549 - INFO - [72/300] | train_loss: 0.09002
2025-09-04 20:25:44,817 - INFO - [73/300] | train_loss: 0.09186
2025-09-04 20:25:46,093 - INFO - [74/300] | train_loss: 0.06238
2025-09-04 20:25:47,368 - INFO - [75/300] | train_loss: 0.11069
2025-09-04 20:25:48,652 - INFO - [76/300] | train_loss: 0.09800
2025-09-04 20:25:49,925 - INFO - [77/300] | train_loss: 0.09125
2025-09-04 20:25:51,193 - INFO - [78/300] | train_loss: 0.08849
2025-09-04 20:25:52,463 - INFO - [79/300] | train_loss: 0.11063
2025-09-04 20:25:53,733 - INFO - [80/300] | train_loss: 0.07683
2025-09-04 20:25:53,837 - INFO - ----------
2025-09-04 20:25:53,838 - INFO - evaluation dataset type: valid
2025-09-04 20:25:53,853 - INFO - node    precision | micro: 0.560000; macro: 0.507937; score: [0.71428571 0.33333333 0.5        0.         0.5        1.        ]
2025-09-04 20:25:53,853 - INFO - node    recall    | micro: 0.875000; macro: 0.722222; score: [1.         0.66666667 0.66666667 0.         1.         1.        ]
2025-09-04 20:25:53,853 - INFO - node    f1        | micro: 0.682927; macro: 0.585979; score: [0.83333333 0.44444444 0.57142857 0.         0.66666667 1.        ]
2025-09-04 20:25:53,869 - INFO - service precision | micro: 0.358974; macro: 0.356261; score: [0.66666667 0.28571429 0.33333333 0.14285714 1.         0.
 0.33333333 0.         0.44444444]
2025-09-04 20:25:53,869 - INFO - service recall    | micro: 0.583333; macro: 0.566667; score: [1.  1.  0.5 0.2 0.4 0.  1.  0.  1. ]
2025-09-04 20:25:53,869 - INFO - service f1        | micro: 0.444444; macro: 0.388658; score: [0.8        0.44444444 0.4        0.16666667 0.57142857 0.
 0.5        0.         0.61538462]
2025-09-04 20:25:53,896 - INFO - pod     precision | micro: 0.394089; macro: 0.401320; score: [0.90909091 0.5        0.25       0.17142857 0.4        0.
 0.58333333 0.14285714 0.65517241]
2025-09-04 20:25:53,896 - INFO - pod     recall    | micro: 0.689655; macro: 0.721601; score: [1.         1.         0.6        0.28571429 0.60869565 0.
 1.         1.         1.        ]
2025-09-04 20:25:53,896 - INFO - pod     f1        | micro: 0.501567; macro: 0.494171; score: [0.95238095 0.66666667 0.35294118 0.21428571 0.48275862 0.
 0.73684211 0.25       0.79166667]
2025-09-04 20:25:53,896 - INFO - ----------
2025-09-04 20:25:55,172 - INFO - [81/300] | train_loss: 0.07768
2025-09-04 20:25:56,436 - INFO - [82/300] | train_loss: 0.08394
2025-09-04 20:25:57,704 - INFO - [83/300] | train_loss: 0.07910
2025-09-04 20:25:58,994 - INFO - [84/300] | train_loss: 0.06502
2025-09-04 20:26:00,259 - INFO - [85/300] | train_loss: 0.06543
2025-09-04 20:26:01,532 - INFO - [86/300] | train_loss: 0.07017
2025-09-04 20:26:02,803 - INFO - [87/300] | train_loss: 0.08483
2025-09-04 20:26:04,073 - INFO - [88/300] | train_loss: 0.08162
2025-09-04 20:26:05,345 - INFO - [89/300] | train_loss: 0.07605
2025-09-04 20:26:06,614 - INFO - [90/300] | train_loss: 0.07933
2025-09-04 20:26:06,717 - INFO - ----------
2025-09-04 20:26:06,717 - INFO - evaluation dataset type: valid
2025-09-04 20:26:06,732 - INFO - node    precision | micro: 0.652174; macro: 0.634921; score: [0.71428571 0.42857143 1.         0.         0.66666667 1.        ]
2025-09-04 20:26:06,732 - INFO - node    recall    | micro: 0.937500; macro: 0.777778; score: [1.         1.         0.66666667 0.         1.         1.        ]
2025-09-04 20:26:06,732 - INFO - node    f1        | micro: 0.769231; macro: 0.672222; score: [0.83333333 0.6        0.8        0.         0.8        1.        ]
2025-09-04 20:26:06,748 - INFO - service precision | micro: 0.371429; macro: 0.365961; score: [0.5        0.22222222 0.5        0.25       1.         0.
 0.25       0.         0.57142857]
2025-09-04 20:26:06,748 - INFO - service recall    | micro: 0.541667; macro: 0.538889; score: [1.   1.   0.25 0.2  0.4  0.   1.   0.   1.  ]
2025-09-04 20:26:06,748 - INFO - service f1        | micro: 0.440678; macro: 0.364951; score: [0.66666667 0.36363636 0.33333333 0.22222222 0.57142857 0.
 0.4        0.         0.72727273]
2025-09-04 20:26:06,775 - INFO - pod     precision | micro: 0.433155; macro: 0.465559; score: [0.90909091 0.44       0.27272727 0.23529412 0.40625    0.
 1.         0.16666667 0.76      ]
2025-09-04 20:26:06,775 - INFO - pod     recall    | micro: 0.698276; macro: 0.727352; score: [1.         1.         0.6        0.38095238 0.56521739 0.
 1.         1.         1.        ]
2025-09-04 20:26:06,775 - INFO - pod     f1        | micro: 0.534653; macro: 0.539053; score: [0.95238095 0.61111111 0.375      0.29090909 0.47272727 0.
 1.         0.28571429 0.86363636]
2025-09-04 20:26:06,775 - INFO - ----------
2025-09-04 20:26:08,054 - INFO - [91/300] | train_loss: 0.07037
2025-09-04 20:26:09,395 - INFO - [92/300] | train_loss: 0.09572
2025-09-04 20:26:10,663 - INFO - [93/300] | train_loss: 0.06985
2025-09-04 20:26:11,932 - INFO - [94/300] | train_loss: 0.06061
2025-09-04 20:26:13,199 - INFO - [95/300] | train_loss: 0.05969
2025-09-04 20:26:14,476 - INFO - [96/300] | train_loss: 0.05553
2025-09-04 20:26:15,750 - INFO - [97/300] | train_loss: 0.06574
2025-09-04 20:26:17,026 - INFO - [98/300] | train_loss: 0.08179
2025-09-04 20:26:18,305 - INFO - [99/300] | train_loss: 0.07090
2025-09-04 20:26:19,578 - INFO - [100/300] | train_loss: 0.05797
2025-09-04 20:26:19,683 - INFO - ----------
2025-09-04 20:26:19,683 - INFO - evaluation dataset type: valid
2025-09-04 20:26:19,698 - INFO - node    precision | micro: 0.666667; macro: 0.591270; score: [0.71428571 0.5        0.66666667 0.         0.66666667 1.        ]
2025-09-04 20:26:19,698 - INFO - node    recall    | micro: 0.875000; macro: 0.722222; score: [1.         0.66666667 0.66666667 0.         1.         1.        ]
2025-09-04 20:26:19,698 - INFO - node    f1        | micro: 0.756757; macro: 0.645238; score: [0.83333333 0.57142857 0.66666667 0.         0.8        1.        ]
2025-09-04 20:26:19,715 - INFO - service precision | micro: 0.520000; macro: 0.498677; score: [0.66666667 0.5        0.5        0.25       1.         0.
 1.         0.         0.57142857]
2025-09-04 20:26:19,715 - INFO - service recall    | micro: 0.541667; macro: 0.538889; score: [1.   1.   0.25 0.2  0.4  0.   1.   0.   1.  ]
2025-09-04 20:26:19,715 - INFO - service f1        | micro: 0.530612; macro: 0.480103; score: [0.8        0.66666667 0.33333333 0.22222222 0.57142857 0.
 1.         0.         0.72727273]
2025-09-04 20:26:19,742 - INFO - pod     precision | micro: 0.415000; macro: 0.469517; score: [0.90909091 0.52380952 0.24528302 0.24242424 0.37837838 0.
 1.         0.16666667 0.76      ]
2025-09-04 20:26:19,742 - INFO - pod     recall    | micro: 0.715517; macro: 0.737739; score: [1.         1.         0.65       0.38095238 0.60869565 0.
 1.         1.         1.        ]
2025-09-04 20:26:19,742 - INFO - pod     f1        | micro: 0.525316; macro: 0.545373; score: [0.95238095 0.6875     0.35616438 0.2962963  0.46666667 0.
 1.         0.28571429 0.86363636]
2025-09-04 20:26:19,742 - INFO - ----------
2025-09-04 20:26:21,013 - INFO - [101/300] | train_loss: 0.08153
2025-09-04 20:26:22,285 - INFO - [102/300] | train_loss: 0.07815
2025-09-04 20:26:23,557 - INFO - [103/300] | train_loss: 0.07997
2025-09-04 20:26:24,827 - INFO - [104/300] | train_loss: 0.06379
2025-09-04 20:26:26,105 - INFO - [105/300] | train_loss: 0.08980
2025-09-04 20:26:27,386 - INFO - [106/300] | train_loss: 0.07529
2025-09-04 20:26:28,669 - INFO - [107/300] | train_loss: 0.06632
2025-09-04 20:26:29,938 - INFO - [108/300] | train_loss: 0.25476
2025-09-04 20:26:31,215 - INFO - [109/300] | train_loss: 0.31837
2025-09-04 20:26:32,493 - INFO - [110/300] | train_loss: 0.27847
2025-09-04 20:26:32,599 - INFO - ----------
2025-09-04 20:26:32,599 - INFO - evaluation dataset type: valid
2025-09-04 20:26:32,615 - INFO - node    precision | micro: 0.405405; macro: 0.481481; score: [0.55555556 0.33333333 0.5        0.         0.5        1.        ]
2025-09-04 20:26:32,616 - INFO - node    recall    | micro: 0.937500; macro: 0.777778; score: [1.         1.         0.66666667 0.         1.         1.        ]
2025-09-04 20:26:32,616 - INFO - node    f1        | micro: 0.566038; macro: 0.575397; score: [0.71428571 0.5        0.57142857 0.         0.66666667 1.        ]
2025-09-04 20:26:32,633 - INFO - service precision | micro: 0.149123; macro: 0.357447; score: [1.         0.22222222 0.17391304 0.33333333 0.4        0.01612903
 0.5        0.         0.57142857]
2025-09-04 20:26:32,633 - INFO - service recall    | micro: 0.708333; macro: 0.733333; score: [1.  1.  1.  0.2 0.4 1.  1.  0.  1. ]
2025-09-04 20:26:32,633 - INFO - service f1        | micro: 0.246377; macro: 0.415069; score: [1.         0.36363636 0.2962963  0.25       0.4        0.03174603
 0.66666667 0.         0.72727273]
2025-09-04 20:26:32,661 - INFO - pod     precision | micro: 0.179012; macro: 0.341925; score: [0.66666667 0.28947368 0.16483516 0.26923077 0.5        0.01702128
 0.41176471 0.125      0.63333333]
2025-09-04 20:26:32,661 - INFO - pod     recall    | micro: 0.750000; macro: 0.849839; score: [1.         1.         0.75       0.33333333 0.56521739 1.
 1.         1.         1.        ]
2025-09-04 20:26:32,661 - INFO - pod     f1        | micro: 0.289037; macro: 0.440253; score: [0.8        0.44897959 0.27027027 0.29787234 0.53061224 0.0334728
 0.58333333 0.22222222 0.7755102 ]
2025-09-04 20:26:32,661 - INFO - ----------
2025-09-04 20:26:33,942 - INFO - [111/300] | train_loss: 0.28862
2025-09-04 20:26:35,225 - INFO - [112/300] | train_loss: 0.18814
2025-09-04 20:26:36,510 - INFO - [113/300] | train_loss: 0.16719
2025-09-04 20:26:37,792 - INFO - [114/300] | train_loss: 0.15982
2025-09-04 20:26:39,060 - INFO - [115/300] | train_loss: 0.12143
2025-09-04 20:26:40,335 - INFO - [116/300] | train_loss: 0.14234
2025-09-04 20:26:41,606 - INFO - [117/300] | train_loss: 0.08622
2025-09-04 20:26:42,880 - INFO - [118/300] | train_loss: 0.14320
2025-09-04 20:26:44,157 - INFO - [119/300] | train_loss: 0.09891
2025-09-04 20:26:45,433 - INFO - [120/300] | train_loss: 0.11002
2025-09-04 20:26:45,538 - INFO - ----------
2025-09-04 20:26:45,538 - INFO - evaluation dataset type: valid
2025-09-04 20:26:45,553 - INFO - node    precision | micro: 0.666667; macro: 0.591270; score: [0.71428571 0.5        0.66666667 0.         0.66666667 1.        ]
2025-09-04 20:26:45,553 - INFO - node    recall    | micro: 0.875000; macro: 0.722222; score: [1.         0.66666667 0.66666667 0.         1.         1.        ]
2025-09-04 20:26:45,553 - INFO - node    f1        | micro: 0.756757; macro: 0.645238; score: [0.83333333 0.57142857 0.66666667 0.         0.8        1.        ]
2025-09-04 20:26:45,570 - INFO - service precision | micro: 0.384615; macro: 0.387566; score: [1.         0.33333333 0.16666667 0.16666667 0.75       0.
 0.5        0.         0.57142857]
2025-09-04 20:26:45,570 - INFO - service recall    | micro: 0.625000; macro: 0.588889; score: [1.  1.  0.5 0.2 0.6 0.  1.  0.  1. ]
2025-09-04 20:26:45,570 - INFO - service f1        | micro: 0.476190; macro: 0.443603; score: [1.         0.5        0.25       0.18181818 0.66666667 0.
 0.66666667 0.         0.72727273]
2025-09-04 20:26:45,598 - INFO - pod     precision | micro: 0.337165; macro: 0.427812; score: [0.90909091 0.47826087 0.17045455 0.1875     0.52       0.
 0.7        0.125      0.76      ]
2025-09-04 20:26:45,598 - INFO - pod     recall    | micro: 0.758621; macro: 0.765183; score: [1.         1.         0.75       0.57142857 0.56521739 0.
 1.         1.         1.        ]
2025-09-04 20:26:45,598 - INFO - pod     f1        | micro: 0.466844; macro: 0.512292; score: [0.95238095 0.64705882 0.27777778 0.28235294 0.54166667 0.
 0.82352941 0.22222222 0.86363636]
2025-09-04 20:26:45,598 - INFO - ----------
2025-09-04 20:26:46,874 - INFO - [121/300] | train_loss: 0.13101
2025-09-04 20:26:48,150 - INFO - [122/300] | train_loss: 0.08759
2025-09-04 20:26:49,425 - INFO - [123/300] | train_loss: 0.09045
2025-09-04 20:26:50,704 - INFO - [124/300] | train_loss: 0.08132
2025-09-04 20:26:51,980 - INFO - [125/300] | train_loss: 0.07962
2025-09-04 20:26:53,256 - INFO - [126/300] | train_loss: 0.07307
2025-09-04 20:26:54,531 - INFO - [127/300] | train_loss: 0.07031
2025-09-04 20:26:55,811 - INFO - [128/300] | train_loss: 0.07411
2025-09-04 20:26:57,103 - INFO - [129/300] | train_loss: 0.12902
2025-09-04 20:26:58,371 - INFO - [130/300] | train_loss: 0.09669
2025-09-04 20:26:58,476 - INFO - ----------
2025-09-04 20:26:58,476 - INFO - evaluation dataset type: valid
2025-09-04 20:26:58,492 - INFO - node    precision | micro: 0.666667; macro: 0.591270; score: [0.71428571 0.5        0.66666667 0.         0.66666667 1.        ]
2025-09-04 20:26:58,492 - INFO - node    recall    | micro: 0.875000; macro: 0.722222; score: [1.         0.66666667 0.66666667 0.         1.         1.        ]
2025-09-04 20:26:58,492 - INFO - node    f1        | micro: 0.756757; macro: 0.645238; score: [0.83333333 0.57142857 0.66666667 0.         0.8        1.        ]
2025-09-04 20:26:58,508 - INFO - service precision | micro: 0.481481; macro: 0.538721; score: [1.         0.66666667 0.18181818 0.25       1.         0.
 1.         0.         0.75      ]
2025-09-04 20:26:58,508 - INFO - service recall    | micro: 0.541667; macro: 0.538889; score: [1.   1.   0.5  0.2  0.4  0.   1.   0.   0.75]
2025-09-04 20:26:58,508 - INFO - service f1        | micro: 0.509804; macro: 0.512257; score: [1.         0.8        0.26666667 0.22222222 0.57142857 0.
 1.         0.         0.75      ]
2025-09-04 20:26:58,535 - INFO - pod     precision | micro: 0.408654; macro: 0.484311; score: [0.90909091 0.52380952 0.203125   0.24444444 0.52       0.
 1.         0.16666667 0.79166667]
2025-09-04 20:26:58,535 - INFO - pod     recall    | micro: 0.732759; macro: 0.748781; score: [1.         1.         0.65       0.52380952 0.56521739 0.
 1.         1.         1.        ]
2025-09-04 20:26:58,535 - INFO - pod     f1        | micro: 0.524691; macro: 0.554871; score: [0.95238095 0.6875     0.30952381 0.33333333 0.54166667 0.
 1.         0.28571429 0.88372093]
2025-09-04 20:26:58,535 - INFO - ----------
2025-09-04 20:26:59,805 - INFO - [131/300] | train_loss: 0.07920
2025-09-04 20:27:01,078 - INFO - [132/300] | train_loss: 0.08809
2025-09-04 20:27:02,346 - INFO - [133/300] | train_loss: 0.09023
2025-09-04 20:27:03,616 - INFO - [134/300] | train_loss: 0.07516
2025-09-04 20:27:04,892 - INFO - [135/300] | train_loss: 0.06983
2025-09-04 20:27:06,159 - INFO - [136/300] | train_loss: 0.05720
2025-09-04 20:27:07,424 - INFO - [137/300] | train_loss: 0.07339
2025-09-04 20:27:08,691 - INFO - [138/300] | train_loss: 0.07000
2025-09-04 20:27:09,960 - INFO - [139/300] | train_loss: 0.06783
2025-09-04 20:27:11,232 - INFO - [140/300] | train_loss: 0.08248
2025-09-04 20:27:11,335 - INFO - ----------
2025-09-04 20:27:11,335 - INFO - evaluation dataset type: valid
2025-09-04 20:27:11,350 - INFO - node    precision | micro: 0.666667; macro: 0.591270; score: [0.71428571 0.5        0.66666667 0.         0.66666667 1.        ]
2025-09-04 20:27:11,350 - INFO - node    recall    | micro: 0.875000; macro: 0.722222; score: [1.         0.66666667 0.66666667 0.         1.         1.        ]
2025-09-04 20:27:11,350 - INFO - node    f1        | micro: 0.756757; macro: 0.645238; score: [0.83333333 0.57142857 0.66666667 0.         0.8        1.        ]
2025-09-04 20:27:11,366 - INFO - service precision | micro: 0.518519; macro: 0.535714; score: [1.         0.28571429 0.28571429 0.25       1.         0.
 1.         0.         1.        ]
2025-09-04 20:27:11,366 - INFO - service recall    | micro: 0.583333; macro: 0.566667; score: [1.  1.  0.5 0.2 0.4 0.  1.  0.  1. ]
2025-09-04 20:27:11,366 - INFO - service f1        | micro: 0.549020; macro: 0.511304; score: [1.         0.44444444 0.36363636 0.22222222 0.57142857 0.
 1.         0.         1.        ]
2025-09-04 20:27:11,392 - INFO - pod     precision | micro: 0.460227; macro: 0.510250; score: [0.90909091 0.45833333 0.27906977 0.22727273 0.64705882 0.
 1.         0.16666667 0.9047619 ]
2025-09-04 20:27:11,393 - INFO - pod     recall    | micro: 0.698276; macro: 0.728272; score: [1.         1.         0.6        0.47619048 0.47826087 0.
 1.         1.         1.        ]
2025-09-04 20:27:11,393 - INFO - pod     f1        | micro: 0.554795; macro: 0.561701; score: [0.95238095 0.62857143 0.38095238 0.30769231 0.55       0.
 1.         0.28571429 0.95      ]
2025-09-04 20:27:11,393 - INFO - ----------
2025-09-04 20:27:12,660 - INFO - [141/300] | train_loss: 0.06268
2025-09-04 20:27:13,929 - INFO - [142/300] | train_loss: 0.09979
2025-09-04 20:27:15,199 - INFO - [143/300] | train_loss: 0.07769
2025-09-04 20:27:16,465 - INFO - [144/300] | train_loss: 0.10050
2025-09-04 20:27:17,732 - INFO - [145/300] | train_loss: 0.08623
2025-09-04 20:27:19,000 - INFO - [146/300] | train_loss: 0.05924
2025-09-04 20:27:20,270 - INFO - [147/300] | train_loss: 0.07057
2025-09-04 20:27:21,543 - INFO - [148/300] | train_loss: 0.07759
2025-09-04 20:27:22,811 - INFO - [149/300] | train_loss: 0.06719
2025-09-04 20:27:24,081 - INFO - [150/300] | train_loss: 0.06182
2025-09-04 20:27:24,185 - INFO - ----------
2025-09-04 20:27:24,185 - INFO - evaluation dataset type: valid
2025-09-04 20:27:24,199 - INFO - node    precision | micro: 0.636364; macro: 0.574603; score: [0.71428571 0.4        0.66666667 0.         0.66666667 1.        ]
2025-09-04 20:27:24,200 - INFO - node    recall    | micro: 0.875000; macro: 0.722222; score: [1.         0.66666667 0.66666667 0.         1.         1.        ]
2025-09-04 20:27:24,200 - INFO - node    f1        | micro: 0.736842; macro: 0.633333; score: [0.83333333 0.5        0.66666667 0.         0.8        1.        ]
2025-09-04 20:27:24,215 - INFO - service precision | micro: 0.545455; macro: 0.538889; score: [1.   0.4  0.2  0.25 1.   0.   1.   0.   1.  ]
2025-09-04 20:27:24,215 - INFO - service recall    | micro: 0.500000; macro: 0.511111; score: [1.   1.   0.25 0.2  0.4  0.   1.   0.   0.75]
2025-09-04 20:27:24,216 - INFO - service f1        | micro: 0.521739; macro: 0.493827; score: [1.         0.57142857 0.22222222 0.22222222 0.57142857 0.
 1.         0.         0.85714286]
2025-09-04 20:27:24,242 - INFO - pod     precision | micro: 0.478788; macro: 0.505612; score: [0.90909091 0.64705882 0.27906977 0.21052632 0.73333333 0.
 0.7        0.16666667 0.9047619 ]
2025-09-04 20:27:24,242 - INFO - pod     recall    | micro: 0.681034; macro: 0.717690; score: [1.         1.         0.6        0.38095238 0.47826087 0.
 1.         1.         1.        ]
2025-09-04 20:27:24,242 - INFO - pod     f1        | micro: 0.562278; macro: 0.558714; score: [0.95238095 0.78571429 0.38095238 0.27118644 0.57894737 0.
 0.82352941 0.28571429 0.95      ]
2025-09-04 20:27:24,242 - INFO - ----------
2025-09-04 20:27:25,512 - INFO - [151/300] | train_loss: 0.07065
2025-09-04 20:27:26,784 - INFO - [152/300] | train_loss: 0.05095
2025-09-04 20:27:28,054 - INFO - [153/300] | train_loss: 0.07866
2025-09-04 20:27:29,325 - INFO - [154/300] | train_loss: 0.05207
2025-09-04 20:27:30,596 - INFO - [155/300] | train_loss: 0.06092
2025-09-04 20:27:31,866 - INFO - [156/300] | train_loss: 0.09172
2025-09-04 20:27:33,139 - INFO - [157/300] | train_loss: 0.05287
2025-09-04 20:27:34,411 - INFO - [158/300] | train_loss: 0.05646
2025-09-04 20:27:35,682 - INFO - [159/300] | train_loss: 0.07094
2025-09-04 20:27:36,954 - INFO - [160/300] | train_loss: 0.06211
2025-09-04 20:27:37,057 - INFO - ----------
2025-09-04 20:27:37,057 - INFO - evaluation dataset type: valid
2025-09-04 20:27:37,072 - INFO - node    precision | micro: 0.666667; macro: 0.591270; score: [0.71428571 0.5        0.66666667 0.         0.66666667 1.        ]
2025-09-04 20:27:37,072 - INFO - node    recall    | micro: 0.875000; macro: 0.722222; score: [1.         0.66666667 0.66666667 0.         1.         1.        ]
2025-09-04 20:27:37,072 - INFO - node    f1        | micro: 0.756757; macro: 0.645238; score: [0.83333333 0.57142857 0.66666667 0.         0.8        1.        ]
2025-09-04 20:27:37,088 - INFO - service precision | micro: 0.571429; macro: 0.564815; score: [1.         0.5        0.33333333 0.25       1.         0.
 1.         0.         1.        ]
2025-09-04 20:27:37,088 - INFO - service recall    | micro: 0.500000; macro: 0.511111; score: [1.  1.  0.5 0.2 0.4 0.  1.  0.  0.5]
2025-09-04 20:27:37,089 - INFO - service f1        | micro: 0.533333; macro: 0.502998; score: [1.         0.66666667 0.4        0.22222222 0.57142857 0.
 1.         0.         0.66666667]
2025-09-04 20:27:37,115 - INFO - pod     precision | micro: 0.485030; macro: 0.520712; score: [0.90909091 0.5        0.27906977 0.25       0.63157895 0.
 1.         0.16666667 0.95      ]
2025-09-04 20:27:37,115 - INFO - pod     recall    | micro: 0.698276; macro: 0.727812; score: [1.         1.         0.6        0.42857143 0.52173913 0.
 1.         1.         1.        ]
2025-09-04 20:27:37,115 - INFO - pod     f1        | micro: 0.572438; macro: 0.571921; score: [0.95238095 0.66666667 0.38095238 0.31578947 0.57142857 0.
 1.         0.28571429 0.97435897]
2025-09-04 20:27:37,115 - INFO - ----------
2025-09-04 20:27:38,385 - INFO - [161/300] | train_loss: 0.05766
2025-09-04 20:27:39,659 - INFO - [162/300] | train_loss: 0.06106
2025-09-04 20:27:40,924 - INFO - [163/300] | train_loss: 0.05402
2025-09-04 20:27:42,194 - INFO - [164/300] | train_loss: 0.05353
2025-09-04 20:27:43,464 - INFO - [165/300] | train_loss: 0.05237
2025-09-04 20:27:44,740 - INFO - [166/300] | train_loss: 0.05587
2025-09-04 20:27:46,009 - INFO - [167/300] | train_loss: 0.04917
2025-09-04 20:27:47,289 - INFO - [168/300] | train_loss: 0.04248
2025-09-04 20:27:48,559 - INFO - [169/300] | train_loss: 0.04935
2025-09-04 20:27:49,829 - INFO - [170/300] | train_loss: 0.06547
2025-09-04 20:27:49,932 - INFO - ----------
2025-09-04 20:27:49,933 - INFO - evaluation dataset type: valid
2025-09-04 20:27:49,948 - INFO - node    precision | micro: 0.666667; macro: 0.591270; score: [0.71428571 0.5        0.66666667 0.         0.66666667 1.        ]
2025-09-04 20:27:49,948 - INFO - node    recall    | micro: 0.875000; macro: 0.722222; score: [1.         0.66666667 0.66666667 0.         1.         1.        ]
2025-09-04 20:27:49,948 - INFO - node    f1        | micro: 0.756757; macro: 0.645238; score: [0.83333333 0.57142857 0.66666667 0.         0.8        1.        ]
2025-09-04 20:27:49,964 - INFO - service precision | micro: 0.535714; macro: 0.477778; score: [1.   0.5  0.25 0.25 1.   0.   0.5  0.   0.8 ]
2025-09-04 20:27:49,964 - INFO - service recall    | micro: 0.625000; macro: 0.588889; score: [1.  1.  0.5 0.2 0.6 0.  1.  0.  1. ]
2025-09-04 20:27:49,964 - INFO - service f1        | micro: 0.576923; macro: 0.503086; score: [1.         0.66666667 0.33333333 0.22222222 0.75       0.
 0.66666667 0.         0.88888889]
2025-09-04 20:27:49,991 - INFO - pod     precision | micro: 0.417526; macro: 0.514533; score: [0.90909091 0.5        0.21311475 0.18604651 0.70588235 0.
 1.         0.16666667 0.95      ]
2025-09-04 20:27:49,991 - INFO - pod     recall    | micro: 0.698276; macro: 0.728077; score: [1.         1.         0.65       0.38095238 0.52173913 0.
 1.         1.         1.        ]
2025-09-04 20:27:49,991 - INFO - pod     f1        | micro: 0.522581; macro: 0.561123; score: [0.95238095 0.66666667 0.32098765 0.25       0.6        0.
 1.         0.28571429 0.97435897]
2025-09-04 20:27:49,991 - INFO - ----------
2025-09-04 20:27:51,260 - INFO - [171/300] | train_loss: 0.06200
2025-09-04 20:27:52,526 - INFO - [172/300] | train_loss: 0.05157
2025-09-04 20:27:53,792 - INFO - [173/300] | train_loss: 0.04627
2025-09-04 20:27:55,060 - INFO - [174/300] | train_loss: 0.07189
2025-09-04 20:27:56,328 - INFO - [175/300] | train_loss: 0.05992
2025-09-04 20:27:57,599 - INFO - [176/300] | train_loss: 0.03580
2025-09-04 20:27:58,867 - INFO - [177/300] | train_loss: 0.05408
2025-09-04 20:28:00,153 - INFO - [178/300] | train_loss: 0.07391
2025-09-04 20:28:01,441 - INFO - [179/300] | train_loss: 0.05465
2025-09-04 20:28:02,711 - INFO - [180/300] | train_loss: 0.04987
2025-09-04 20:28:02,816 - INFO - ----------
2025-09-04 20:28:02,816 - INFO - evaluation dataset type: valid
2025-09-04 20:28:02,831 - INFO - node    precision | micro: 0.666667; macro: 0.591270; score: [0.71428571 0.5        0.66666667 0.         0.66666667 1.        ]
2025-09-04 20:28:02,831 - INFO - node    recall    | micro: 0.875000; macro: 0.722222; score: [1.         0.66666667 0.66666667 0.         1.         1.        ]
2025-09-04 20:28:02,832 - INFO - node    f1        | micro: 0.756757; macro: 0.645238; score: [0.83333333 0.57142857 0.66666667 0.         0.8        1.        ]
2025-09-04 20:28:02,847 - INFO - service precision | micro: 0.705882; macro: 0.620370; score: [1.         1.         0.33333333 0.25       1.         0.
 1.         0.         1.        ]
2025-09-04 20:28:02,847 - INFO - service recall    | micro: 0.500000; macro: 0.511111; score: [1.   1.   0.25 0.2  0.4  0.   1.   0.   0.75]
2025-09-04 20:28:02,848 - INFO - service f1        | micro: 0.585366; macro: 0.548501; score: [1.         1.         0.28571429 0.22222222 0.57142857 0.
 1.         0.         0.85714286]
2025-09-04 20:28:02,874 - INFO - pod     precision | micro: 0.646552; macro: 0.613053; score: [0.90909091 0.84615385 0.375      0.31818182 0.78571429 0.
 1.         0.33333333 0.95      ]
2025-09-04 20:28:02,874 - INFO - pod     recall    | micro: 0.646552; macro: 0.695733; score: [1.         1.         0.45       0.33333333 0.47826087 0.
 1.         1.         1.        ]
2025-09-04 20:28:02,874 - INFO - pod     f1        | micro: 0.646552; macro: 0.630297; score: [0.95238095 0.91666667 0.40909091 0.3255814  0.59459459 0.
 1.         0.5        0.97435897]
2025-09-04 20:28:02,874 - INFO - ----------
2025-09-04 20:28:04,142 - INFO - [181/300] | train_loss: 0.05465
2025-09-04 20:28:05,409 - INFO - [182/300] | train_loss: 0.04297
2025-09-04 20:28:06,678 - INFO - [183/300] | train_loss: 0.06861
2025-09-04 20:28:07,944 - INFO - [184/300] | train_loss: 0.04752
2025-09-04 20:28:09,220 - INFO - [185/300] | train_loss: 0.04904
2025-09-04 20:28:10,487 - INFO - [186/300] | train_loss: 0.05845
2025-09-04 20:28:11,750 - INFO - [187/300] | train_loss: 0.05337
2025-09-04 20:28:13,017 - INFO - [188/300] | train_loss: 0.05278
2025-09-04 20:28:14,305 - INFO - [189/300] | train_loss: 0.04797
2025-09-04 20:28:15,580 - INFO - [190/300] | train_loss: 0.08262
2025-09-04 20:28:15,684 - INFO - ----------
2025-09-04 20:28:15,685 - INFO - evaluation dataset type: valid
2025-09-04 20:28:15,700 - INFO - node    precision | micro: 0.636364; macro: 0.574603; score: [0.71428571 0.4        0.66666667 0.         0.66666667 1.        ]
2025-09-04 20:28:15,700 - INFO - node    recall    | micro: 0.875000; macro: 0.722222; score: [1.         0.66666667 0.66666667 0.         1.         1.        ]
2025-09-04 20:28:15,700 - INFO - node    f1        | micro: 0.736842; macro: 0.633333; score: [0.83333333 0.5        0.66666667 0.         0.8        1.        ]
2025-09-04 20:28:15,717 - INFO - service precision | micro: 0.565217; macro: 0.580247; score: [1.         0.66666667 0.22222222 0.33333333 1.         0.
 1.         0.         1.        ]
2025-09-04 20:28:15,717 - INFO - service recall    | micro: 0.541667; macro: 0.538889; score: [1.   1.   0.5  0.2  0.4  0.   1.   0.   0.75]
2025-09-04 20:28:15,717 - INFO - service f1        | micro: 0.553191; macro: 0.531807; score: [1.         0.8        0.30769231 0.25       0.57142857 0.
 1.         0.         0.85714286]
2025-09-04 20:28:15,744 - INFO - pod     precision | micro: 0.509677; macro: 0.548135; score: [0.90909091 0.61111111 0.25531915 0.30769231 0.73333333 0.
 1.         0.16666667 0.95      ]
2025-09-04 20:28:15,744 - INFO - pod     recall    | micro: 0.681034; macro: 0.717690; score: [1.         1.         0.6        0.38095238 0.47826087 0.
 1.         1.         1.        ]
2025-09-04 20:28:15,745 - INFO - pod     f1        | micro: 0.583026; macro: 0.583184; score: [0.95238095 0.75862069 0.35820896 0.34042553 0.57894737 0.
 1.         0.28571429 0.97435897]
2025-09-04 20:28:15,745 - INFO - ----------
2025-09-04 20:28:17,008 - INFO - [191/300] | train_loss: 0.04954
2025-09-04 20:28:18,275 - INFO - [192/300] | train_loss: 0.05758
2025-09-04 20:28:19,541 - INFO - [193/300] | train_loss: 0.06342
2025-09-04 20:28:20,806 - INFO - [194/300] | train_loss: 0.05504
2025-09-04 20:28:22,073 - INFO - [195/300] | train_loss: 0.04783
2025-09-04 20:28:23,340 - INFO - [196/300] | train_loss: 0.03987
2025-09-04 20:28:24,605 - INFO - [197/300] | train_loss: 0.03829
2025-09-04 20:28:25,876 - INFO - [198/300] | train_loss: 0.05883
2025-09-04 20:28:27,145 - INFO - [199/300] | train_loss: 0.04420
2025-09-04 20:28:28,415 - INFO - [200/300] | train_loss: 0.05798
2025-09-04 20:28:28,519 - INFO - ----------
2025-09-04 20:28:28,519 - INFO - evaluation dataset type: valid
2025-09-04 20:28:28,534 - INFO - node    precision | micro: 0.666667; macro: 0.591270; score: [0.71428571 0.5        0.66666667 0.         0.66666667 1.        ]
2025-09-04 20:28:28,534 - INFO - node    recall    | micro: 0.875000; macro: 0.722222; score: [1.         0.66666667 0.66666667 0.         1.         1.        ]
2025-09-04 20:28:28,534 - INFO - node    f1        | micro: 0.756757; macro: 0.645238; score: [0.83333333 0.57142857 0.66666667 0.         0.8        1.        ]
2025-09-04 20:28:28,550 - INFO - service precision | micro: 0.631579; macro: 0.546296; score: [1.         0.5        0.33333333 0.33333333 1.         0.
 1.         0.         0.75      ]
2025-09-04 20:28:28,550 - INFO - service recall    | micro: 0.500000; macro: 0.511111; score: [1.   1.   0.25 0.2  0.4  0.   1.   0.   0.75]
2025-09-04 20:28:28,550 - INFO - service f1        | micro: 0.558140; macro: 0.502646; score: [1.         0.66666667 0.28571429 0.25       0.57142857 0.
 1.         0.         0.75      ]
2025-09-04 20:28:28,577 - INFO - pod     precision | micro: 0.595238; macro: 0.568416; score: [0.90909091 0.78571429 0.29411765 0.375      0.64705882 0.
 1.         0.2        0.9047619 ]
2025-09-04 20:28:28,577 - INFO - pod     recall    | micro: 0.646552; macro: 0.695997; score: [1.         1.         0.5        0.28571429 0.47826087 0.
 1.         1.         1.        ]
2025-09-04 20:28:28,577 - INFO - pod     f1        | micro: 0.619835; macro: 0.595601; score: [0.95238095 0.88       0.37037037 0.32432432 0.55       0.
 1.         0.33333333 0.95      ]
2025-09-04 20:28:28,577 - INFO - ----------
2025-09-04 20:28:29,888 - INFO - [201/300] | train_loss: 0.07463
2025-09-04 20:28:31,178 - INFO - [202/300] | train_loss: 0.05397
2025-09-04 20:28:32,454 - INFO - [203/300] | train_loss: 0.05663
2025-09-04 20:28:33,736 - INFO - [204/300] | train_loss: 0.04765
2025-09-04 20:28:35,013 - INFO - [205/300] | train_loss: 0.03820
2025-09-04 20:28:36,291 - INFO - [206/300] | train_loss: 0.05828
2025-09-04 20:28:37,628 - INFO - [207/300] | train_loss: 0.07243
2025-09-04 20:28:38,903 - INFO - [208/300] | train_loss: 0.05647
2025-09-04 20:28:40,192 - INFO - [209/300] | train_loss: 0.05191
2025-09-04 20:28:41,470 - INFO - [210/300] | train_loss: 0.04203
2025-09-04 20:28:41,574 - INFO - ----------
2025-09-04 20:28:41,574 - INFO - evaluation dataset type: valid
2025-09-04 20:28:41,590 - INFO - node    precision | micro: 0.666667; macro: 0.591270; score: [0.71428571 0.5        0.66666667 0.         0.66666667 1.        ]
2025-09-04 20:28:41,590 - INFO - node    recall    | micro: 0.875000; macro: 0.722222; score: [1.         0.66666667 0.66666667 0.         1.         1.        ]
2025-09-04 20:28:41,590 - INFO - node    f1        | micro: 0.756757; macro: 0.645238; score: [0.83333333 0.57142857 0.66666667 0.         0.8        1.        ]
2025-09-04 20:28:41,606 - INFO - service precision | micro: 0.565217; macro: 0.525926; score: [0.66666667 0.4        0.33333333 0.33333333 1.         0.
 1.         0.         1.        ]
2025-09-04 20:28:41,606 - INFO - service recall    | micro: 0.541667; macro: 0.538889; score: [1.   1.   0.5  0.2  0.4  0.   1.   0.   0.75]
2025-09-04 20:28:41,607 - INFO - service f1        | micro: 0.553191; macro: 0.494444; score: [0.8        0.57142857 0.4        0.25       0.57142857 0.
 1.         0.         0.85714286]
2025-09-04 20:28:41,633 - INFO - pod     precision | micro: 0.611570; macro: 0.573153; score: [0.90909091 0.78571429 0.30769231 0.3        0.70588235 0.
 1.         0.2        0.95      ]
2025-09-04 20:28:41,633 - INFO - pod     recall    | micro: 0.637931; macro: 0.689717; score: [1.         1.         0.4        0.28571429 0.52173913 0.
 1.         1.         1.        ]
2025-09-04 20:28:41,633 - INFO - pod     f1        | micro: 0.624473; macro: 0.597842; score: [0.95238095 0.88       0.34782609 0.29268293 0.6        0.
 1.         0.33333333 0.97435897]
2025-09-04 20:28:41,633 - INFO - ----------
2025-09-04 20:28:42,905 - INFO - [211/300] | train_loss: 0.04828
2025-09-04 20:28:44,178 - INFO - [212/300] | train_loss: 0.07245
2025-09-04 20:28:45,450 - INFO - [213/300] | train_loss: 0.04610
2025-09-04 20:28:46,722 - INFO - [214/300] | train_loss: 0.04073
2025-09-04 20:28:47,994 - INFO - [215/300] | train_loss: 0.03319
2025-09-04 20:28:49,267 - INFO - [216/300] | train_loss: 0.03866
2025-09-04 20:28:50,544 - INFO - [217/300] | train_loss: 0.05181
2025-09-04 20:28:51,815 - INFO - [218/300] | train_loss: 0.05258
2025-09-04 20:28:53,087 - INFO - [219/300] | train_loss: 0.05771
2025-09-04 20:28:54,369 - INFO - [220/300] | train_loss: 0.05375
2025-09-04 20:28:54,475 - INFO - ----------
2025-09-04 20:28:54,475 - INFO - evaluation dataset type: valid
2025-09-04 20:28:54,490 - INFO - node    precision | micro: 0.666667; macro: 0.591270; score: [0.71428571 0.5        0.66666667 0.         0.66666667 1.        ]
2025-09-04 20:28:54,490 - INFO - node    recall    | micro: 0.875000; macro: 0.722222; score: [1.         0.66666667 0.66666667 0.         1.         1.        ]
2025-09-04 20:28:54,490 - INFO - node    f1        | micro: 0.756757; macro: 0.645238; score: [0.83333333 0.57142857 0.66666667 0.         0.8        1.        ]
2025-09-04 20:28:54,506 - INFO - service precision | micro: 0.619048; macro: 0.500000; score: [0.66666667 0.5        0.5        0.33333333 1.         0.
 0.5        0.         1.        ]
2025-09-04 20:28:54,506 - INFO - service recall    | micro: 0.541667; macro: 0.538889; score: [1.   1.   0.5  0.2  0.4  0.   1.   0.   0.75]
2025-09-04 20:28:54,506 - INFO - service f1        | micro: 0.577778; macro: 0.479101; score: [0.8        0.66666667 0.5        0.25       0.57142857 0.
 0.66666667 0.         0.85714286]
2025-09-04 20:28:54,533 - INFO - pod     precision | micro: 0.600000; macro: 0.578818; score: [0.90909091 0.84615385 0.30769231 0.375      0.66666667 0.
 1.         0.2        0.9047619 ]
2025-09-04 20:28:54,533 - INFO - pod     recall    | micro: 0.672414; macro: 0.711939; score: [1.         1.         0.6        0.28571429 0.52173913 0.
 1.         1.         1.        ]
2025-09-04 20:28:54,533 - INFO - pod     f1        | micro: 0.634146; macro: 0.607650; score: [0.95238095 0.91666667 0.40677966 0.32432432 0.58536585 0.
 1.         0.33333333 0.95      ]
2025-09-04 20:28:54,533 - INFO - ----------
2025-09-04 20:28:55,821 - INFO - [221/300] | train_loss: 0.05592
2025-09-04 20:28:57,095 - INFO - [222/300] | train_loss: 0.05542
2025-09-04 20:28:58,372 - INFO - [223/300] | train_loss: 0.03026
2025-09-04 20:28:59,644 - INFO - [224/300] | train_loss: 0.04352
2025-09-04 20:29:00,909 - INFO - [225/300] | train_loss: 0.05271
2025-09-04 20:29:02,175 - INFO - [226/300] | train_loss: 0.04859
2025-09-04 20:29:03,446 - INFO - [227/300] | train_loss: 0.05237
2025-09-04 20:29:04,838 - INFO - [228/300] | train_loss: 0.06373
2025-09-04 20:29:06,103 - INFO - [229/300] | train_loss: 0.06001
2025-09-04 20:29:07,433 - INFO - [230/300] | train_loss: 0.03739
2025-09-04 20:29:07,537 - INFO - ----------
2025-09-04 20:29:07,537 - INFO - evaluation dataset type: valid
2025-09-04 20:29:07,552 - INFO - node    precision | micro: 0.652174; macro: 0.580159; score: [0.71428571 0.6        0.5        0.         0.66666667 1.        ]
2025-09-04 20:29:07,553 - INFO - node    recall    | micro: 0.937500; macro: 0.777778; score: [1.         1.         0.66666667 0.         1.         1.        ]
2025-09-04 20:29:07,553 - INFO - node    f1        | micro: 0.769231; macro: 0.659127; score: [0.83333333 0.75       0.57142857 0.         0.8        1.        ]
2025-09-04 20:29:07,569 - INFO - service precision | micro: 0.521739; macro: 0.433333; score: [0.66666667 0.5        0.4        0.33333333 1.         0.
 0.33333333 0.         0.66666667]
2025-09-04 20:29:07,569 - INFO - service recall    | micro: 0.500000; macro: 0.511111; score: [1.  1.  0.5 0.2 0.4 0.  1.  0.  0.5]
2025-09-04 20:29:07,569 - INFO - service f1        | micro: 0.510638; macro: 0.422663; score: [0.8        0.66666667 0.44444444 0.25       0.57142857 0.
 0.5        0.         0.57142857]
2025-09-04 20:29:07,595 - INFO - pod     precision | micro: 0.678261; macro: 0.625939; score: [0.90909091 0.91666667 0.46153846 0.35       0.84615385 0.
 1.         0.2        0.95      ]
2025-09-04 20:29:07,596 - INFO - pod     recall    | micro: 0.672414; macro: 0.712399; score: [1.         1.         0.6        0.33333333 0.47826087 0.
 1.         1.         1.        ]
2025-09-04 20:29:07,596 - INFO - pod     f1        | micro: 0.675325; macro: 0.632323; score: [0.95238095 0.95652174 0.52173913 0.34146341 0.61111111 0.
 1.         0.33333333 0.97435897]
2025-09-04 20:29:07,596 - INFO - ----------
2025-09-04 20:29:08,853 - INFO - [231/300] | train_loss: 0.03338
2025-09-04 20:29:10,120 - INFO - [232/300] | train_loss: 0.04857
2025-09-04 20:29:11,384 - INFO - [233/300] | train_loss: 0.04478
2025-09-04 20:29:12,644 - INFO - [234/300] | train_loss: 0.04962
2025-09-04 20:29:13,919 - INFO - [235/300] | train_loss: 0.05625
2025-09-04 20:29:15,189 - INFO - [236/300] | train_loss: 0.04167
2025-09-04 20:29:16,455 - INFO - [237/300] | train_loss: 0.04405
2025-09-04 20:29:17,718 - INFO - [238/300] | train_loss: 0.06214
2025-09-04 20:29:18,987 - INFO - [239/300] | train_loss: 0.04078
2025-09-04 20:29:20,252 - INFO - [240/300] | train_loss: 0.06462
2025-09-04 20:29:20,357 - INFO - ----------
2025-09-04 20:29:20,358 - INFO - evaluation dataset type: valid
2025-09-04 20:29:20,373 - INFO - node    precision | micro: 0.666667; macro: 0.591270; score: [0.71428571 0.5        0.66666667 0.         0.66666667 1.        ]
2025-09-04 20:29:20,373 - INFO - node    recall    | micro: 0.875000; macro: 0.722222; score: [1.         0.66666667 0.66666667 0.         1.         1.        ]
2025-09-04 20:29:20,373 - INFO - node    f1        | micro: 0.756757; macro: 0.645238; score: [0.83333333 0.57142857 0.66666667 0.         0.8        1.        ]
2025-09-04 20:29:20,390 - INFO - service precision | micro: 0.600000; macro: 0.500000; score: [0.66666667 0.5        0.5        0.33333333 1.         0.
 0.5        0.         1.        ]
2025-09-04 20:29:20,390 - INFO - service recall    | micro: 0.500000; macro: 0.511111; score: [1.  1.  0.5 0.2 0.4 0.  1.  0.  0.5]
2025-09-04 20:29:20,390 - INFO - service f1        | micro: 0.545455; macro: 0.457937; score: [0.8        0.66666667 0.5        0.25       0.57142857 0.
 0.66666667 0.         0.66666667]
2025-09-04 20:29:20,417 - INFO - pod     precision | micro: 0.596899; macro: 0.573365; score: [0.90909091 0.78571429 0.33333333 0.36842105 0.64705882 0.
 1.         0.16666667 0.95      ]
2025-09-04 20:29:20,417 - INFO - pod     recall    | micro: 0.663793; macro: 0.706844; score: [1.         1.         0.55       0.33333333 0.47826087 0.
 1.         1.         1.        ]
2025-09-04 20:29:20,417 - INFO - pod     f1        | micro: 0.628571; macro: 0.600839; score: [0.95238095 0.88       0.41509434 0.35       0.55       0.
 1.         0.28571429 0.97435897]
2025-09-04 20:29:20,417 - INFO - ----------
2025-09-04 20:29:21,683 - INFO - [241/300] | train_loss: 0.06141
2025-09-04 20:29:22,945 - INFO - [242/300] | train_loss: 0.04458
2025-09-04 20:29:24,210 - INFO - [243/300] | train_loss: 0.04952
2025-09-04 20:29:25,472 - INFO - [244/300] | train_loss: 0.06249
2025-09-04 20:29:26,733 - INFO - [245/300] | train_loss: 0.09135
2025-09-04 20:29:28,002 - INFO - [246/300] | train_loss: 0.09818
2025-09-04 20:29:29,263 - INFO - [247/300] | train_loss: 0.08504
2025-09-04 20:29:30,537 - INFO - [248/300] | train_loss: 0.09892
2025-09-04 20:29:31,798 - INFO - [249/300] | train_loss: 0.07359
2025-09-04 20:29:33,058 - INFO - [250/300] | train_loss: 0.06076
2025-09-04 20:29:33,160 - INFO - ----------
2025-09-04 20:29:33,161 - INFO - evaluation dataset type: valid
2025-09-04 20:29:33,175 - INFO - node    precision | micro: 0.666667; macro: 0.591270; score: [0.71428571 0.5        0.66666667 0.         0.66666667 1.        ]
2025-09-04 20:29:33,175 - INFO - node    recall    | micro: 0.875000; macro: 0.722222; score: [1.         0.66666667 0.66666667 0.         1.         1.        ]
2025-09-04 20:29:33,175 - INFO - node    f1        | micro: 0.756757; macro: 0.645238; score: [0.83333333 0.57142857 0.66666667 0.         0.8        1.        ]
2025-09-04 20:29:33,191 - INFO - service precision | micro: 0.777778; macro: 0.629630; score: [1.         1.         0.5        0.5        0.66666667 0.
 1.         0.         1.        ]
2025-09-04 20:29:33,191 - INFO - service recall    | micro: 0.583333; macro: 0.566667; score: [1.  1.  0.5 0.2 0.4 0.  1.  0.  1. ]
2025-09-04 20:29:33,191 - INFO - service f1        | micro: 0.666667; macro: 0.587302; score: [1.         1.         0.5        0.28571429 0.5        0.
 1.         0.         1.        ]
2025-09-04 20:29:33,218 - INFO - pod     precision | micro: 0.560284; macro: 0.569640; score: [0.90909091 0.52380952 0.36       0.29411765 0.92307692 0.
 1.         0.16666667 0.95      ]
2025-09-04 20:29:33,218 - INFO - pod     recall    | micro: 0.681034; macro: 0.716437; score: [1.         1.         0.45       0.47619048 0.52173913 0.
 1.         1.         1.        ]
2025-09-04 20:29:33,218 - INFO - pod     f1        | micro: 0.614786; macro: 0.592251; score: [0.95238095 0.6875     0.4        0.36363636 0.66666667 0.
 1.         0.28571429 0.97435897]
2025-09-04 20:29:33,218 - INFO - ----------
2025-09-04 20:29:34,575 - INFO - [251/300] | train_loss: 0.05183
2025-09-04 20:29:35,852 - INFO - [252/300] | train_loss: 0.06363
2025-09-04 20:29:37,126 - INFO - [253/300] | train_loss: 0.06137
2025-09-04 20:29:38,394 - INFO - [254/300] | train_loss: 0.05239
2025-09-04 20:29:39,676 - INFO - [255/300] | train_loss: 0.04106
2025-09-04 20:29:40,957 - INFO - [256/300] | train_loss: 0.06233
2025-09-04 20:29:42,225 - INFO - [257/300] | train_loss: 0.04528
2025-09-04 20:29:43,500 - INFO - [258/300] | train_loss: 0.06553
2025-09-04 20:29:44,771 - INFO - [259/300] | train_loss: 0.05603
2025-09-04 20:29:46,039 - INFO - [260/300] | train_loss: 0.04238
2025-09-04 20:29:46,147 - INFO - ----------
2025-09-04 20:29:46,147 - INFO - evaluation dataset type: valid
2025-09-04 20:29:46,163 - INFO - node    precision | micro: 0.666667; macro: 0.591270; score: [0.71428571 0.5        0.66666667 0.         0.66666667 1.        ]
2025-09-04 20:29:46,163 - INFO - node    recall    | micro: 0.875000; macro: 0.722222; score: [1.         0.66666667 0.66666667 0.         1.         1.        ]
2025-09-04 20:29:46,163 - INFO - node    f1        | micro: 0.756757; macro: 0.645238; score: [0.83333333 0.57142857 0.66666667 0.         0.8        1.        ]
2025-09-04 20:29:46,180 - INFO - service precision | micro: 0.687500; macro: 0.574074; score: [1.         1.         0.33333333 0.33333333 0.5        0.
 1.         0.         1.        ]
2025-09-04 20:29:46,180 - INFO - service recall    | micro: 0.458333; macro: 0.488889; score: [1.   1.   0.25 0.2  0.2  0.   1.   0.   0.75]
2025-09-04 20:29:46,180 - INFO - service f1        | micro: 0.550000; macro: 0.519841; score: [1.         1.         0.28571429 0.25       0.28571429 0.
 1.         0.         0.85714286]
2025-09-04 20:29:46,208 - INFO - pod     precision | micro: 0.633333; macro: 0.607350; score: [0.90909091 0.64705882 0.36       0.35       0.75       0.
 1.         0.5        0.95      ]
2025-09-04 20:29:46,208 - INFO - pod     recall    | micro: 0.655172; macro: 0.700564; score: [1.         1.         0.45       0.33333333 0.52173913 0.
 1.         1.         1.        ]
2025-09-04 20:29:46,208 - INFO - pod     f1        | micro: 0.644068; macro: 0.637330; score: [0.95238095 0.78571429 0.4        0.34146341 0.61538462 0.
 1.         0.66666667 0.97435897]
2025-09-04 20:29:46,208 - INFO - ----------
2025-09-04 20:29:47,482 - INFO - [261/300] | train_loss: 0.05998
2025-09-04 20:29:48,772 - INFO - [262/300] | train_loss: 0.05434
2025-09-04 20:29:50,050 - INFO - [263/300] | train_loss: 0.04428
2025-09-04 20:29:51,328 - INFO - [264/300] | train_loss: 0.03407
2025-09-04 20:29:52,632 - INFO - [265/300] | train_loss: 0.07578
2025-09-04 20:29:53,910 - INFO - [266/300] | train_loss: 0.06279
2025-09-04 20:29:55,195 - INFO - [267/300] | train_loss: 0.05009
2025-09-04 20:29:56,478 - INFO - [268/300] | train_loss: 0.04118
2025-09-04 20:29:57,766 - INFO - [269/300] | train_loss: 0.04257
2025-09-04 20:29:59,048 - INFO - [270/300] | train_loss: 0.04902
2025-09-04 20:29:59,156 - INFO - ----------
2025-09-04 20:29:59,156 - INFO - evaluation dataset type: valid
2025-09-04 20:29:59,172 - INFO - node    precision | micro: 0.666667; macro: 0.591270; score: [0.71428571 0.5        0.66666667 0.         0.66666667 1.        ]
2025-09-04 20:29:59,173 - INFO - node    recall    | micro: 0.875000; macro: 0.722222; score: [1.         0.66666667 0.66666667 0.         1.         1.        ]
2025-09-04 20:29:59,173 - INFO - node    f1        | micro: 0.756757; macro: 0.645238; score: [0.83333333 0.57142857 0.66666667 0.         0.8        1.        ]
2025-09-04 20:29:59,189 - INFO - service precision | micro: 0.700000; macro: 0.600000; score: [1.         1.         0.4        0.33333333 0.66666667 0.
 1.         0.         1.        ]
2025-09-04 20:29:59,190 - INFO - service recall    | micro: 0.583333; macro: 0.566667; score: [1.  1.  0.5 0.2 0.4 0.  1.  0.  1. ]
2025-09-04 20:29:59,190 - INFO - service f1        | micro: 0.636364; macro: 0.577160; score: [1.         1.         0.44444444 0.25       0.5        0.
 1.         0.         1.        ]
2025-09-04 20:29:59,218 - INFO - pod     precision | micro: 0.595238; macro: 0.559859; score: [0.90909091 0.73333333 0.40909091 0.31578947 0.6        0.
 1.         0.16666667 0.9047619 ]
2025-09-04 20:29:59,218 - INFO - pod     recall    | micro: 0.646552; macro: 0.695273; score: [1.         1.         0.45       0.28571429 0.52173913 0.
 1.         1.         1.        ]
2025-09-04 20:29:59,218 - INFO - pod     f1        | micro: 0.619835; macro: 0.591218; score: [0.95238095 0.84615385 0.42857143 0.3        0.55813953 0.
 1.         0.28571429 0.95      ]
2025-09-04 20:29:59,218 - INFO - ----------
2025-09-04 20:30:00,501 - INFO - [271/300] | train_loss: 0.06388
2025-09-04 20:30:01,785 - INFO - [272/300] | train_loss: 0.06295
2025-09-04 20:30:03,061 - INFO - [273/300] | train_loss: 0.05682
2025-09-04 20:30:04,342 - INFO - [274/300] | train_loss: 0.03782
2025-09-04 20:30:05,622 - INFO - [275/300] | train_loss: 0.05023
2025-09-04 20:30:06,929 - INFO - [276/300] | train_loss: 0.06152
2025-09-04 20:30:08,208 - INFO - [277/300] | train_loss: 0.04812
2025-09-04 20:30:09,507 - INFO - [278/300] | train_loss: 0.03622
2025-09-04 20:30:10,784 - INFO - [279/300] | train_loss: 0.03644
2025-09-04 20:30:12,047 - INFO - [280/300] | train_loss: 0.04169
2025-09-04 20:30:12,151 - INFO - ----------
2025-09-04 20:30:12,152 - INFO - evaluation dataset type: valid
2025-09-04 20:30:12,167 - INFO - node    precision | micro: 0.666667; macro: 0.591270; score: [0.71428571 0.5        0.66666667 0.         0.66666667 1.        ]
2025-09-04 20:30:12,167 - INFO - node    recall    | micro: 0.875000; macro: 0.722222; score: [1.         0.66666667 0.66666667 0.         1.         1.        ]
2025-09-04 20:30:12,167 - INFO - node    f1        | micro: 0.756757; macro: 0.645238; score: [0.83333333 0.57142857 0.66666667 0.         0.8        1.        ]
2025-09-04 20:30:12,183 - INFO - service precision | micro: 0.800000; macro: 0.648148; score: [1.         1.         0.5        0.33333333 1.         0.
 1.         0.         1.        ]
2025-09-04 20:30:12,183 - INFO - service recall    | micro: 0.500000; macro: 0.511111; score: [1.   1.   0.25 0.2  0.4  0.   1.   0.   0.75]
2025-09-04 20:30:12,183 - INFO - service f1        | micro: 0.615385; macro: 0.556878; score: [1.         1.         0.33333333 0.25       0.57142857 0.
 1.         0.         0.85714286]
2025-09-04 20:30:12,209 - INFO - pod     precision | micro: 0.612903; macro: 0.558738; score: [0.90909091 0.84615385 0.34482759 0.33333333 0.85714286 0.
 0.58333333 0.25       0.9047619 ]
2025-09-04 20:30:12,209 - INFO - pod     recall    | micro: 0.655172; macro: 0.700828; score: [1.         1.         0.5        0.28571429 0.52173913 0.
 1.         1.         1.        ]
2025-09-04 20:30:12,210 - INFO - pod     f1        | micro: 0.633333; macro: 0.591155; score: [0.95238095 0.91666667 0.40816327 0.30769231 0.64864865 0.
 0.73684211 0.4        0.95      ]
2025-09-04 20:30:12,210 - INFO - ----------
2025-09-04 20:30:13,476 - INFO - [281/300] | train_loss: 0.03720
2025-09-04 20:30:14,745 - INFO - [282/300] | train_loss: 0.03848
2025-09-04 20:30:16,021 - INFO - [283/300] | train_loss: 0.06265
2025-09-04 20:30:17,287 - INFO - [284/300] | train_loss: 0.06306
2025-09-04 20:30:18,575 - INFO - [285/300] | train_loss: 0.04204
2025-09-04 20:30:19,849 - INFO - [286/300] | train_loss: 0.03098
2025-09-04 20:30:21,114 - INFO - [287/300] | train_loss: 0.03404
2025-09-04 20:30:22,381 - INFO - [288/300] | train_loss: 0.03298
2025-09-04 20:30:23,649 - INFO - [289/300] | train_loss: 0.03267
2025-09-04 20:30:24,919 - INFO - [290/300] | train_loss: 0.05295
2025-09-04 20:30:25,024 - INFO - ----------
2025-09-04 20:30:25,024 - INFO - evaluation dataset type: valid
2025-09-04 20:30:25,039 - INFO - node    precision | micro: 0.681818; macro: 0.607937; score: [0.71428571 0.6        0.66666667 0.         0.66666667 1.        ]
2025-09-04 20:30:25,039 - INFO - node    recall    | micro: 0.937500; macro: 0.777778; score: [1.         1.         0.66666667 0.         1.         1.        ]
2025-09-04 20:30:25,039 - INFO - node    f1        | micro: 0.789474; macro: 0.675000; score: [0.83333333 0.75       0.66666667 0.         0.8        1.        ]
2025-09-04 20:30:25,055 - INFO - service precision | micro: 0.750000; macro: 0.629630; score: [1.         1.         0.33333333 0.33333333 1.         0.
 1.         0.         1.        ]
2025-09-04 20:30:25,055 - INFO - service recall    | micro: 0.500000; macro: 0.511111; score: [1.   1.   0.25 0.2  0.4  0.   1.   0.   0.75]
2025-09-04 20:30:25,056 - INFO - service f1        | micro: 0.600000; macro: 0.551587; score: [1.         1.         0.28571429 0.25       0.57142857 0.
 1.         0.         0.85714286]
2025-09-04 20:30:25,082 - INFO - pod     precision | micro: 0.551471; macro: 0.567787; score: [0.90909091 0.6875     0.25       0.27777778 0.78571429 0.
 1.         0.25       0.95      ]
2025-09-04 20:30:25,083 - INFO - pod     recall    | micro: 0.646552; macro: 0.696262; score: [1.         1.         0.55       0.23809524 0.47826087 0.
 1.         1.         1.        ]
2025-09-04 20:30:25,083 - INFO - pod     f1        | micro: 0.595238; macro: 0.592923; score: [0.95238095 0.81481481 0.34375    0.25641026 0.59459459 0.
 1.         0.4        0.97435897]
2025-09-04 20:30:25,083 - INFO - ----------
2025-09-04 20:30:26,350 - INFO - [291/300] | train_loss: 0.05375
2025-09-04 20:30:27,623 - INFO - [292/300] | train_loss: 0.06857
2025-09-04 20:30:28,891 - INFO - [293/300] | train_loss: 0.02883
2025-09-04 20:30:30,163 - INFO - [294/300] | train_loss: 0.03991
2025-09-04 20:30:31,429 - INFO - [295/300] | train_loss: 0.02952
2025-09-04 20:30:32,702 - INFO - [296/300] | train_loss: 0.05653
2025-09-04 20:30:33,974 - INFO - [297/300] | train_loss: 0.06130
2025-09-04 20:30:35,246 - INFO - [298/300] | train_loss: 0.03832
2025-09-04 20:30:36,519 - INFO - [299/300] | train_loss: 0.04889
2025-09-04 20:30:37,047 - INFO - ----------
2025-09-04 20:30:37,047 - INFO - evaluation dataset type: test
2025-09-04 20:30:37,066 - INFO - node    precision | micro: 0.557522; macro: 0.558611; score: [0.73684211 0.35294118 0.53846154 0.44       0.64705882 0.63636364]
2025-09-04 20:30:37,066 - INFO - node    recall    | micro: 0.940299; macro: 0.925265; score: [1.         0.85714286 0.77777778 0.91666667 1.         1.        ]
2025-09-04 20:30:37,066 - INFO - node    f1        | micro: 0.700000; macro: 0.690489; score: [0.84848485 0.5        0.63636364 0.59459459 0.78571429 0.77777778]
2025-09-04 20:30:37,092 - INFO - service precision | micro: 0.648936; macro: 0.689057; score: [0.81818182 0.9        0.4        0.25       0.8        0.53333333
 1.         1.         0.5       ]
2025-09-04 20:30:37,093 - INFO - service recall    | micro: 0.693182; macro: 0.725926; score: [1.         1.         0.4        0.33333333 0.66666667 0.53333333
 1.         1.         0.6       ]
2025-09-04 20:30:37,093 - INFO - service f1        | micro: 0.670330; macro: 0.704349; score: [0.9        0.94736842 0.4        0.28571429 0.72727273 0.53333333
 1.         1.         0.54545455]
2025-09-04 20:30:37,169 - INFO - pod     precision | micro: 0.588235; macro: 0.664487; score: [0.87037037 0.72580645 0.3902439  0.32407407 0.59016393 0.46341463
 0.94444444 0.91428571 0.75757576]
2025-09-04 20:30:37,169 - INFO - pod     recall    | micro: 0.821918; macro: 0.844762; score: [1.         0.97826087 0.65306122 0.56451613 0.64285714 0.83823529
 1.         1.         0.92592593]
2025-09-04 20:30:37,169 - INFO - pod     f1        | micro: 0.685714; macro: 0.737397; score: [0.93069307 0.83333333 0.48854962 0.41176471 0.61538462 0.59685864
 0.97142857 0.95522388 0.83333333]
2025-09-04 20:30:37,169 - INFO - ----------
----GATNet----
GAT_name1:  GATConv
GAT_name2:  GATv2Conv
activ_fun1:  leaky_relu
activ_fun2:  leaky_relu
begin----------------------------------------
Running: python ./HolisticRCA/trainer/a_rca_trainer.py   --model_path /root/shared-nvme/work/code/RCA/HolisticRCA/model/a/checkpoint/main.pt   --epochs 300   --orl_te_heads 2   --orl_te_layers 2   --orl_te_in_channels 256   --efi_in_dim 256   --efi_te_heads 4   --efi_te_layers 2   --efi_out_dim 256   --eff_in_dim 256   --eff_GAT_out_channels 128   --eff_GAT_heads 2   --batch_size 64   --eff_GAT_dropout 0.1           --GAT_name1 GATConv           --GAT_name2 GATv2Conv           --activ_fun1 leaky_relu           --activ_fun2 relu6
2025-09-04 20:30:43,641 - INFO - [0/300] | train_loss: 3.93883
2025-09-04 20:30:43,749 - INFO - ----------
2025-09-04 20:30:43,749 - INFO - evaluation dataset type: valid
2025-09-04 20:30:43,766 - INFO - node    precision | micro: 0.011765; macro: 0.019730; score: [0.02941176 0.         0.00833333 0.         0.01680672 0.06382979]
2025-09-04 20:30:43,767 - INFO - node    recall    | micro: 0.437500; macro: 0.422222; score: [0.2        0.         0.33333333 0.         1.         1.        ]
2025-09-04 20:30:43,767 - INFO - node    f1        | micro: 0.022913; macro: 0.036767; score: [0.05128205 0.         0.01626016 0.         0.03305785 0.12      ]
2025-09-04 20:30:43,785 - INFO - service precision | micro: 0.008386; macro: 0.063785; score: [0.00711744 0.00508906 0.00666667 0.01278772 0.2        0.
 0.33333333 0.         0.00907029]
2025-09-04 20:30:43,785 - INFO - service recall    | micro: 0.833333; macro: 0.711111; score: [1.  1.  1.  1.  0.4 0.  1.  0.  1. ]
2025-09-04 20:30:43,786 - INFO - service f1        | micro: 0.016604; macro: 0.094156; score: [0.01413428 0.01012658 0.01324503 0.02525253 0.26666667 0.
 0.5        0.         0.01797753]
2025-09-04 20:30:43,818 - INFO - pod     precision | micro: 0.011464; macro: 0.044976; score: [0.33333333 0.01385042 0.         0.01123596 0.01572052 0.00192678
 0.00355691 0.00847458 0.0166813 ]
2025-09-04 20:30:43,818 - INFO - pod     recall    | micro: 0.715517; macro: 0.744316; score: [0.9        0.90909091 0.         0.85714286 0.7826087  0.25
 1.         1.         1.        ]
2025-09-04 20:30:43,818 - INFO - pod     f1        | micro: 0.022567; macro: 0.069701; score: [0.48648649 0.02728513 0.         0.02218115 0.03082192 0.00382409
 0.00708861 0.01680672 0.0328152 ]
2025-09-04 20:30:43,818 - INFO - ----------
2025-09-04 20:30:45,071 - INFO - [1/300] | train_loss: 3.41179
2025-09-04 20:30:46,326 - INFO - [2/300] | train_loss: 2.83026
2025-09-04 20:30:47,584 - INFO - [3/300] | train_loss: 2.26083
2025-09-04 20:30:48,839 - INFO - [4/300] | train_loss: 1.87944
2025-09-04 20:30:50,094 - INFO - [5/300] | train_loss: 1.55346
2025-09-04 20:30:51,370 - INFO - [6/300] | train_loss: 1.33212
2025-09-04 20:30:52,657 - INFO - [7/300] | train_loss: 1.12976
2025-09-04 20:30:53,947 - INFO - [8/300] | train_loss: 0.96481
2025-09-04 20:30:55,234 - INFO - [9/300] | train_loss: 0.85985
2025-09-04 20:30:56,511 - INFO - [10/300] | train_loss: 0.77608
2025-09-04 20:30:56,615 - INFO - ----------
2025-09-04 20:30:56,615 - INFO - evaluation dataset type: valid
2025-09-04 20:30:56,632 - INFO - node    precision | micro: 0.211268; macro: 0.212617; score: [0.3125     0.21428571 0.14285714 0.         0.33333333 0.27272727]
2025-09-04 20:30:56,632 - INFO - node    recall    | micro: 0.937500; macro: 0.777778; score: [1.         1.         0.66666667 0.         1.         1.        ]
2025-09-04 20:30:56,632 - INFO - node    f1        | micro: 0.344828; macro: 0.332166; score: [0.47619048 0.35294118 0.23529412 0.         0.5        0.42857143]
2025-09-04 20:30:56,649 - INFO - service precision | micro: 0.138686; macro: 0.152725; score: [0.22222222 0.22222222 0.04545455 0.15789474 0.23809524 0.
 0.125      0.         0.36363636]
2025-09-04 20:30:56,649 - INFO - service recall    | micro: 0.791667; macro: 0.677778; score: [1.  1.  0.5 0.6 1.  0.  1.  0.  1. ]
2025-09-04 20:30:56,649 - INFO - service f1        | micro: 0.236025; macro: 0.244531; score: [0.36363636 0.36363636 0.08333333 0.25       0.38461538 0.
 0.22222222 0.         0.53333333]
2025-09-04 20:30:56,677 - INFO - pod     precision | micro: 0.120525; macro: 0.138491; score: [0.20833333 0.2244898  0.07582938 0.13402062 0.18421053 0.0212766
 0.14285714 0.02083333 0.2345679 ]
2025-09-04 20:30:56,677 - INFO - pod     recall    | micro: 0.870690; macro: 0.898010; score: [1.         1.         0.8        0.61904762 0.91304348 0.75
 1.         1.         1.        ]
2025-09-04 20:30:56,677 - INFO - pod     f1        | micro: 0.211740; macro: 0.232125; score: [0.34482759 0.36666667 0.13852814 0.22033898 0.30656934 0.04137931
 0.25       0.04081633 0.38      ]
2025-09-04 20:30:56,677 - INFO - ----------
2025-09-04 20:30:57,953 - INFO - [11/300] | train_loss: 0.75127
2025-09-04 20:30:59,231 - INFO - [12/300] | train_loss: 0.64513
2025-09-04 20:31:00,518 - INFO - [13/300] | train_loss: 0.60421
2025-09-04 20:31:01,793 - INFO - [14/300] | train_loss: 0.58196
2025-09-04 20:31:03,069 - INFO - [15/300] | train_loss: 0.54936
2025-09-04 20:31:04,347 - INFO - [16/300] | train_loss: 0.51324
2025-09-04 20:31:05,619 - INFO - [17/300] | train_loss: 0.46509
2025-09-04 20:31:06,904 - INFO - [18/300] | train_loss: 0.41452
2025-09-04 20:31:08,182 - INFO - [19/300] | train_loss: 0.41310
2025-09-04 20:31:09,461 - INFO - [20/300] | train_loss: 0.39664
2025-09-04 20:31:09,563 - INFO - ----------
2025-09-04 20:31:09,563 - INFO - evaluation dataset type: valid
2025-09-04 20:31:09,578 - INFO - node    precision | micro: 0.405405; macro: 0.399158; score: [0.55555556 0.27272727 0.66666667 0.         0.4        0.5       ]
2025-09-04 20:31:09,579 - INFO - node    recall    | micro: 0.937500; macro: 0.777778; score: [1.         1.         0.66666667 0.         1.         1.        ]
2025-09-04 20:31:09,579 - INFO - node    f1        | micro: 0.566038; macro: 0.507937; score: [0.71428571 0.42857143 0.66666667 0.         0.57142857 0.66666667]
2025-09-04 20:31:09,595 - INFO - service precision | micro: 0.170000; macro: 0.145443; score: [0.18181818 0.16666667 0.11764706 0.14285714 0.26666667 0.
 0.1        0.         0.33333333]
2025-09-04 20:31:09,595 - INFO - service recall    | micro: 0.708333; macro: 0.633333; score: [1.  1.  0.5 0.4 0.8 0.  1.  0.  1. ]
2025-09-04 20:31:09,596 - INFO - service f1        | micro: 0.274194; macro: 0.230692; score: [0.30769231 0.28571429 0.19047619 0.21052632 0.4        0.
 0.18181818 0.         0.5       ]
2025-09-04 20:31:09,623 - INFO - pod     precision | micro: 0.181818; macro: 0.183844; score: [0.3125     0.22916667 0.13592233 0.1627907  0.19       0.03846154
 0.16666667 0.02325581 0.39583333]
2025-09-04 20:31:09,623 - INFO - pod     recall    | micro: 0.827586; macro: 0.826973; score: [1.         1.         0.7        0.66666667 0.82608696 0.25
 1.         1.         1.        ]
2025-09-04 20:31:09,623 - INFO - pod     f1        | micro: 0.298137; macro: 0.290260; score: [0.47619048 0.37288136 0.22764228 0.26168224 0.30894309 0.06666667
 0.28571429 0.04545455 0.56716418]
2025-09-04 20:31:09,623 - INFO - ----------
2025-09-04 20:31:10,983 - INFO - [21/300] | train_loss: 0.37574
2025-09-04 20:31:12,264 - INFO - [22/300] | train_loss: 0.35953
2025-09-04 20:31:13,541 - INFO - [23/300] | train_loss: 0.35052
2025-09-04 20:31:14,818 - INFO - [24/300] | train_loss: 0.31021
2025-09-04 20:31:16,091 - INFO - [25/300] | train_loss: 0.30057
2025-09-04 20:31:17,367 - INFO - [26/300] | train_loss: 0.30792
2025-09-04 20:31:18,642 - INFO - [27/300] | train_loss: 0.29032
2025-09-04 20:31:19,921 - INFO - [28/300] | train_loss: 0.26963
2025-09-04 20:31:21,197 - INFO - [29/300] | train_loss: 0.26813
2025-09-04 20:31:22,494 - INFO - [30/300] | train_loss: 0.27155
2025-09-04 20:31:22,601 - INFO - ----------
2025-09-04 20:31:22,602 - INFO - evaluation dataset type: valid
2025-09-04 20:31:22,617 - INFO - node    precision | micro: 0.416667; macro: 0.431566; score: [0.5        0.27272727 0.66666667 0.         0.4        0.75      ]
2025-09-04 20:31:22,617 - INFO - node    recall    | micro: 0.937500; macro: 0.777778; score: [1.         1.         0.66666667 0.         1.         1.        ]
2025-09-04 20:31:22,617 - INFO - node    f1        | micro: 0.576923; macro: 0.531746; score: [0.66666667 0.42857143 0.66666667 0.         0.57142857 0.85714286]
2025-09-04 20:31:22,634 - INFO - service precision | micro: 0.181818; macro: 0.156125; score: [0.13333333 0.16666667 0.23076923 0.2        0.2        0.
 0.16666667 0.         0.30769231]
2025-09-04 20:31:22,634 - INFO - service recall    | micro: 0.666667; macro: 0.616667; score: [1.   1.   0.75 0.4  0.4  0.   1.   0.   1.  ]
2025-09-04 20:31:22,634 - INFO - service f1        | micro: 0.285714; macro: 0.240398; score: [0.23529412 0.28571429 0.35294118 0.26666667 0.26666667 0.
 0.28571429 0.         0.47058824]
2025-09-04 20:31:22,662 - INFO - pod     precision | micro: 0.206667; macro: 0.206557; score: [0.37037037 0.2244898  0.17204301 0.14864865 0.20481928 0.04761905
 0.21212121 0.03703704 0.44186047]
2025-09-04 20:31:22,662 - INFO - pod     recall    | micro: 0.801724; macro: 0.812549; score: [1.         1.         0.8        0.52380952 0.73913043 0.25
 1.         1.         1.        ]
2025-09-04 20:31:22,662 - INFO - pod     f1        | micro: 0.328622; macro: 0.317451; score: [0.54054054 0.36666667 0.28318584 0.23157895 0.32075472 0.08
 0.35       0.07142857 0.61290323]
2025-09-04 20:31:22,662 - INFO - ----------
2025-09-04 20:31:23,946 - INFO - [31/300] | train_loss: 0.28894
2025-09-04 20:31:25,227 - INFO - [32/300] | train_loss: 0.24681
2025-09-04 20:31:26,507 - INFO - [33/300] | train_loss: 0.24784
2025-09-04 20:31:27,783 - INFO - [34/300] | train_loss: 0.25159
2025-09-04 20:31:29,058 - INFO - [35/300] | train_loss: 0.25535
2025-09-04 20:31:30,343 - INFO - [36/300] | train_loss: 0.21945
2025-09-04 20:31:31,625 - INFO - [37/300] | train_loss: 0.20989
2025-09-04 20:31:32,898 - INFO - [38/300] | train_loss: 0.22033
2025-09-04 20:31:34,183 - INFO - [39/300] | train_loss: 0.22716
2025-09-04 20:31:35,457 - INFO - [40/300] | train_loss: 0.22899
2025-09-04 20:31:35,560 - INFO - ----------
2025-09-04 20:31:35,560 - INFO - evaluation dataset type: valid
2025-09-04 20:31:35,576 - INFO - node    precision | micro: 0.500000; macro: 0.510732; score: [0.625      0.27272727 0.66666667 0.         0.5        1.        ]
2025-09-04 20:31:35,576 - INFO - node    recall    | micro: 0.937500; macro: 0.777778; score: [1.         1.         0.66666667 0.         1.         1.        ]
2025-09-04 20:31:35,576 - INFO - node    f1        | micro: 0.652174; macro: 0.588523; score: [0.76923077 0.42857143 0.66666667 0.         0.66666667 1.        ]
2025-09-04 20:31:35,592 - INFO - service precision | micro: 0.274510; macro: 0.256834; score: [0.5        0.22222222 0.125      0.28571429 0.42857143 0.
 0.25       0.         0.5       ]
2025-09-04 20:31:35,592 - INFO - service recall    | micro: 0.583333; macro: 0.555556; score: [1.   1.   0.25 0.4  0.6  0.   1.   0.   0.75]
2025-09-04 20:31:35,592 - INFO - service f1        | micro: 0.373333; macro: 0.336700; score: [0.66666667 0.36363636 0.16666667 0.33333333 0.5        0.
 0.4        0.         0.6       ]
2025-09-04 20:31:35,619 - INFO - pod     precision | micro: 0.244318; macro: 0.259217; score: [0.66666667 0.22       0.17105263 0.17857143 0.24590164 0.
 0.23333333 0.04166667 0.57575758]
2025-09-04 20:31:35,619 - INFO - pod     recall    | micro: 0.741379; macro: 0.753152; score: [1.         1.         0.65       0.47619048 0.65217391 0.
 1.         1.         1.        ]
2025-09-04 20:31:35,620 - INFO - pod     f1        | micro: 0.367521; macro: 0.359724; score: [0.8        0.36065574 0.27083333 0.25974026 0.35714286 0.
 0.37837838 0.08       0.73076923]
2025-09-04 20:31:35,620 - INFO - ----------
2025-09-04 20:31:36,899 - INFO - [41/300] | train_loss: 0.21927
2025-09-04 20:31:38,178 - INFO - [42/300] | train_loss: 0.23657
2025-09-04 20:31:39,456 - INFO - [43/300] | train_loss: 0.19242
2025-09-04 20:31:40,732 - INFO - [44/300] | train_loss: 0.21755
2025-09-04 20:31:42,017 - INFO - [45/300] | train_loss: 0.20374
2025-09-04 20:31:43,295 - INFO - [46/300] | train_loss: 0.18550
2025-09-04 20:31:44,586 - INFO - [47/300] | train_loss: 0.17601
2025-09-04 20:31:45,888 - INFO - [48/300] | train_loss: 0.18361
2025-09-04 20:31:47,158 - INFO - [49/300] | train_loss: 0.16593
2025-09-04 20:31:48,418 - INFO - [50/300] | train_loss: 0.16819
2025-09-04 20:31:48,548 - INFO - ----------
2025-09-04 20:31:48,548 - INFO - evaluation dataset type: valid
2025-09-04 20:31:48,566 - INFO - node    precision | micro: 0.560000; macro: 0.527778; score: [0.71428571 0.28571429 0.66666667 0.         0.5        1.        ]
2025-09-04 20:31:48,566 - INFO - node    recall    | micro: 0.875000; macro: 0.722222; score: [1.         0.66666667 0.66666667 0.         1.         1.        ]
2025-09-04 20:31:48,566 - INFO - node    f1        | micro: 0.682927; macro: 0.594444; score: [0.83333333 0.4        0.66666667 0.         0.66666667 1.        ]
2025-09-04 20:31:48,582 - INFO - service precision | micro: 0.320755; macro: 0.361111; score: [1.         0.25       0.25       0.25       0.33333333 0.
 0.5        0.         0.66666667]
2025-09-04 20:31:48,582 - INFO - service recall    | micro: 0.708333; macro: 0.638889; score: [1.   1.   0.75 0.4  0.6  0.   1.   0.   1.  ]
2025-09-04 20:31:48,582 - INFO - service f1        | micro: 0.441558; macro: 0.441992; score: [1.         0.4        0.375      0.30769231 0.42857143 0.
 0.66666667 0.         0.8       ]
2025-09-04 20:31:48,610 - INFO - pod     precision | micro: 0.249300; macro: 0.278127; score: [0.76923077 0.2244898  0.20512821 0.12903226 0.22972973 0.
 0.28       0.05263158 0.61290323]
2025-09-04 20:31:48,610 - INFO - pod     recall    | micro: 0.767241; macro: 0.768898; score: [1.         1.         0.8        0.38095238 0.73913043 0.
 1.         1.         1.        ]
2025-09-04 20:31:48,610 - INFO - pod     f1        | micro: 0.376321; macro: 0.378172; score: [0.86956522 0.36666667 0.32653061 0.19277108 0.35051546 0.
 0.4375     0.1        0.76      ]
2025-09-04 20:31:48,610 - INFO - ----------
2025-09-04 20:31:49,881 - INFO - [51/300] | train_loss: 0.15380
2025-09-04 20:31:51,146 - INFO - [52/300] | train_loss: 0.15433
2025-09-04 20:31:52,520 - INFO - [53/300] | train_loss: 0.15889
2025-09-04 20:31:53,783 - INFO - [54/300] | train_loss: 0.16114
2025-09-04 20:31:55,044 - INFO - [55/300] | train_loss: 0.14526
2025-09-04 20:31:56,307 - INFO - [56/300] | train_loss: 0.13110
2025-09-04 20:31:57,574 - INFO - [57/300] | train_loss: 0.16884
2025-09-04 20:31:58,828 - INFO - [58/300] | train_loss: 0.13810
2025-09-04 20:32:00,091 - INFO - [59/300] | train_loss: 0.13514
2025-09-04 20:32:01,362 - INFO - [60/300] | train_loss: 0.12848
2025-09-04 20:32:01,472 - INFO - ----------
2025-09-04 20:32:01,472 - INFO - evaluation dataset type: valid
2025-09-04 20:32:01,487 - INFO - node    precision | micro: 0.576923; macro: 0.563492; score: [0.71428571 0.33333333 0.66666667 0.         0.66666667 1.        ]
2025-09-04 20:32:01,487 - INFO - node    recall    | micro: 0.937500; macro: 0.777778; score: [1.         1.         0.66666667 0.         1.         1.        ]
2025-09-04 20:32:01,487 - INFO - node    f1        | micro: 0.714286; macro: 0.633333; score: [0.83333333 0.5        0.66666667 0.         0.8        1.        ]
2025-09-04 20:32:01,503 - INFO - service precision | micro: 0.309091; macro: 0.359722; score: [1.         0.33333333 0.1875     0.25       0.3        0.
 0.5        0.         0.66666667]
2025-09-04 20:32:01,503 - INFO - service recall    | micro: 0.708333; macro: 0.638889; score: [1.   1.   0.75 0.4  0.6  0.   1.   0.   1.  ]
2025-09-04 20:32:01,504 - INFO - service f1        | micro: 0.430380; macro: 0.441595; score: [1.         0.5        0.3        0.30769231 0.4        0.
 0.66666667 0.         0.8       ]
2025-09-04 20:32:01,532 - INFO - pod     precision | micro: 0.256338; macro: 0.289457; score: [0.76923077 0.23404255 0.18604651 0.13432836 0.27272727 0.
 0.33333333 0.0625     0.61290323]
2025-09-04 20:32:01,532 - INFO - pod     recall    | micro: 0.784483; macro: 0.779020; score: [1.         1.         0.8        0.42857143 0.7826087  0.
 1.         1.         1.        ]
2025-09-04 20:32:01,532 - INFO - pod     f1        | micro: 0.386412; macro: 0.393050; score: [0.86956522 0.37931034 0.30188679 0.20454545 0.40449438 0.
 0.5        0.11764706 0.76      ]
2025-09-04 20:32:01,532 - INFO - ----------
2025-09-04 20:32:02,829 - INFO - [61/300] | train_loss: 0.14606
2025-09-04 20:32:04,098 - INFO - [62/300] | train_loss: 0.12729
2025-09-04 20:32:05,376 - INFO - [63/300] | train_loss: 0.13028
2025-09-04 20:32:06,648 - INFO - [64/300] | train_loss: 0.13205
2025-09-04 20:32:07,920 - INFO - [65/300] | train_loss: 0.13344
2025-09-04 20:32:09,197 - INFO - [66/300] | train_loss: 0.12120
2025-09-04 20:32:10,458 - INFO - [67/300] | train_loss: 0.11672
2025-09-04 20:32:11,722 - INFO - [68/300] | train_loss: 0.11773
2025-09-04 20:32:12,994 - INFO - [69/300] | train_loss: 0.11565
2025-09-04 20:32:14,262 - INFO - [70/300] | train_loss: 0.14785
2025-09-04 20:32:14,367 - INFO - ----------
2025-09-04 20:32:14,367 - INFO - evaluation dataset type: valid
2025-09-04 20:32:14,382 - INFO - node    precision | micro: 0.583333; macro: 0.555556; score: [0.71428571 0.28571429 0.66666667 0.         0.66666667 1.        ]
2025-09-04 20:32:14,382 - INFO - node    recall    | micro: 0.875000; macro: 0.722222; score: [1.         0.66666667 0.66666667 0.         1.         1.        ]
2025-09-04 20:32:14,382 - INFO - node    f1        | micro: 0.700000; macro: 0.616667; score: [0.83333333 0.4        0.66666667 0.         0.8        1.        ]
2025-09-04 20:32:14,398 - INFO - service precision | micro: 0.333333; macro: 0.352734; score: [1.         0.28571429 0.22222222 0.22222222 0.5        0.
 0.5        0.         0.44444444]
2025-09-04 20:32:14,398 - INFO - service recall    | micro: 0.666667; macro: 0.611111; score: [1.  1.  0.5 0.4 0.6 0.  1.  0.  1. ]
2025-09-04 20:32:14,399 - INFO - service f1        | micro: 0.444444; macro: 0.429484; score: [1.         0.44444444 0.30769231 0.28571429 0.54545455 0.
 0.66666667 0.         0.61538462]
2025-09-04 20:32:14,425 - INFO - pod     precision | micro: 0.300971; macro: 0.326953; score: [0.76923077 0.28205128 0.22857143 0.15277778 0.30508475 0.
 0.5        0.11111111 0.59375   ]
2025-09-04 20:32:14,425 - INFO - pod     recall    | micro: 0.801724; macro: 0.789602; score: [1.         1.         0.8        0.52380952 0.7826087  0.
 1.         1.         1.        ]
2025-09-04 20:32:14,426 - INFO - pod     f1        | micro: 0.437647; macro: 0.439163; score: [0.86956522 0.44       0.35555556 0.23655914 0.43902439 0.
 0.66666667 0.2        0.74509804]
2025-09-04 20:32:14,426 - INFO - ----------
2025-09-04 20:32:15,691 - INFO - [71/300] | train_loss: 0.12725
2025-09-04 20:32:16,981 - INFO - [72/300] | train_loss: 0.13762
2025-09-04 20:32:18,252 - INFO - [73/300] | train_loss: 0.12928
2025-09-04 20:32:19,523 - INFO - [74/300] | train_loss: 0.10747
2025-09-04 20:32:20,795 - INFO - [75/300] | train_loss: 0.13567
2025-09-04 20:32:22,064 - INFO - [76/300] | train_loss: 0.12217
2025-09-04 20:32:23,329 - INFO - [77/300] | train_loss: 0.11619
2025-09-04 20:32:24,605 - INFO - [78/300] | train_loss: 0.11022
2025-09-04 20:32:25,871 - INFO - [79/300] | train_loss: 0.13431
2025-09-04 20:32:27,135 - INFO - [80/300] | train_loss: 0.09668
2025-09-04 20:32:27,240 - INFO - ----------
2025-09-04 20:32:27,240 - INFO - evaluation dataset type: valid
2025-09-04 20:32:27,256 - INFO - node    precision | micro: 0.576923; macro: 0.563492; score: [0.71428571 0.33333333 0.66666667 0.         0.66666667 1.        ]
2025-09-04 20:32:27,256 - INFO - node    recall    | micro: 0.937500; macro: 0.777778; score: [1.         1.         0.66666667 0.         1.         1.        ]
2025-09-04 20:32:27,256 - INFO - node    f1        | micro: 0.714286; macro: 0.633333; score: [0.83333333 0.5        0.66666667 0.         0.8        1.        ]
2025-09-04 20:32:27,272 - INFO - service precision | micro: 0.636364; macro: 0.601852; score: [1.         0.66666667 0.75       0.5        1.         0.
 1.         0.         0.5       ]
2025-09-04 20:32:27,272 - INFO - service recall    | micro: 0.583333; macro: 0.566667; score: [1.   1.   0.75 0.4  0.2  0.   1.   0.   0.75]
2025-09-04 20:32:27,272 - INFO - service f1        | micro: 0.608696; macro: 0.547531; score: [1.         0.8        0.75       0.44444444 0.33333333 0.
 1.         0.         0.6       ]
2025-09-04 20:32:27,299 - INFO - pod     precision | micro: 0.370536; macro: 0.410856; score: [0.90909091 0.30555556 0.31707317 0.14893617 0.36585366 0.
 0.875      0.14285714 0.63333333]
2025-09-04 20:32:27,299 - INFO - pod     recall    | micro: 0.715517; macro: 0.737279; score: [1.         1.         0.65       0.33333333 0.65217391 0.
 1.         1.         1.        ]
2025-09-04 20:32:27,300 - INFO - pod     f1        | micro: 0.488235; macro: 0.497797; score: [0.95238095 0.46808511 0.42622951 0.20588235 0.46875    0.
 0.93333333 0.25       0.7755102 ]
2025-09-04 20:32:27,300 - INFO - ----------
2025-09-04 20:32:28,562 - INFO - [81/300] | train_loss: 0.09819
2025-09-04 20:32:29,852 - INFO - [82/300] | train_loss: 0.11531
2025-09-04 20:32:31,165 - INFO - [83/300] | train_loss: 0.10181
2025-09-04 20:32:32,432 - INFO - [84/300] | train_loss: 0.08760
2025-09-04 20:32:33,709 - INFO - [85/300] | train_loss: 0.08734
2025-09-04 20:32:34,978 - INFO - [86/300] | train_loss: 0.08905
2025-09-04 20:32:36,257 - INFO - [87/300] | train_loss: 0.09854
2025-09-04 20:32:37,550 - INFO - [88/300] | train_loss: 0.09424
2025-09-04 20:32:38,826 - INFO - [89/300] | train_loss: 0.09164
2025-09-04 20:32:40,103 - INFO - [90/300] | train_loss: 0.09373
2025-09-04 20:32:40,210 - INFO - ----------
2025-09-04 20:32:40,210 - INFO - evaluation dataset type: valid
2025-09-04 20:32:40,225 - INFO - node    precision | micro: 0.600000; macro: 0.570437; score: [0.71428571 0.375      0.66666667 0.         0.66666667 1.        ]
2025-09-04 20:32:40,226 - INFO - node    recall    | micro: 0.937500; macro: 0.777778; score: [1.         1.         0.66666667 0.         1.         1.        ]
2025-09-04 20:32:40,226 - INFO - node    f1        | micro: 0.731707; macro: 0.640909; score: [0.83333333 0.54545455 0.66666667 0.         0.8        1.        ]
2025-09-04 20:32:40,242 - INFO - service precision | micro: 0.538462; macro: 0.556790; score: [1.         0.4        0.66666667 0.5        1.         0.
 1.         0.         0.44444444]
2025-09-04 20:32:40,242 - INFO - service recall    | micro: 0.583333; macro: 0.566667; score: [1.  1.  0.5 0.4 0.2 0.  1.  0.  1. ]
2025-09-04 20:32:40,242 - INFO - service f1        | micro: 0.560000; macro: 0.504002; score: [1.         0.57142857 0.57142857 0.44444444 0.33333333 0.
 1.         0.         0.61538462]
2025-09-04 20:32:40,271 - INFO - pod     precision | micro: 0.393365; macro: 0.423046; score: [0.90909091 0.31428571 0.325      0.16666667 0.44117647 0.
 0.875      0.14285714 0.63333333]
2025-09-04 20:32:40,271 - INFO - pod     recall    | micro: 0.715517; macro: 0.737279; score: [1.         1.         0.65       0.33333333 0.65217391 0.
 1.         1.         1.        ]
2025-09-04 20:32:40,271 - INFO - pod     f1        | micro: 0.507645; macro: 0.507929; score: [0.95238095 0.47826087 0.43333333 0.22222222 0.52631579 0.
 0.93333333 0.25       0.7755102 ]
2025-09-04 20:32:40,271 - INFO - ----------
2025-09-04 20:32:41,546 - INFO - [91/300] | train_loss: 0.08520
2025-09-04 20:32:42,816 - INFO - [92/300] | train_loss: 0.11605
2025-09-04 20:32:44,083 - INFO - [93/300] | train_loss: 0.10084
2025-09-04 20:32:45,349 - INFO - [94/300] | train_loss: 0.13711
2025-09-04 20:32:46,613 - INFO - [95/300] | train_loss: 0.15413
2025-09-04 20:32:47,880 - INFO - [96/300] | train_loss: 0.14257
2025-09-04 20:32:49,144 - INFO - [97/300] | train_loss: 0.14711
2025-09-04 20:32:50,417 - INFO - [98/300] | train_loss: 0.16857
2025-09-04 20:32:51,691 - INFO - [99/300] | train_loss: 0.12930
2025-09-04 20:32:52,963 - INFO - [100/300] | train_loss: 0.10282
2025-09-04 20:32:53,067 - INFO - ----------
2025-09-04 20:32:53,067 - INFO - evaluation dataset type: valid
2025-09-04 20:32:53,082 - INFO - node    precision | micro: 0.576923; macro: 0.542659; score: [0.71428571 0.375      0.5        0.         0.66666667 1.        ]
2025-09-04 20:32:53,082 - INFO - node    recall    | micro: 0.937500; macro: 0.777778; score: [1.         1.         0.66666667 0.         1.         1.        ]
2025-09-04 20:32:53,082 - INFO - node    f1        | micro: 0.714286; macro: 0.625036; score: [0.83333333 0.54545455 0.57142857 0.         0.8        1.        ]
2025-09-04 20:32:53,099 - INFO - service precision | micro: 0.500000; macro: 0.500000; score: [1.   0.5  0.5  0.25 0.5  0.   1.   0.   0.75]
2025-09-04 20:32:53,099 - INFO - service recall    | micro: 0.666667; macro: 0.605556; score: [1.   1.   0.5  0.4  0.8  0.   1.   0.   0.75]
2025-09-04 20:32:53,099 - INFO - service f1        | micro: 0.571429; macro: 0.537749; score: [1.         0.66666667 0.5        0.30769231 0.61538462 0.
 1.         0.         0.75      ]
2025-09-04 20:32:53,126 - INFO - pod     precision | micro: 0.349398; macro: 0.406248; score: [0.90909091 0.33333333 0.35135135 0.15       0.36170213 0.
 0.875      0.1        0.57575758]
2025-09-04 20:32:53,127 - INFO - pod     recall    | micro: 0.750000; macro: 0.757522; score: [1.         1.         0.65       0.42857143 0.73913043 0.
 1.         1.         1.        ]
2025-09-04 20:32:53,127 - INFO - pod     f1        | micro: 0.476712; macro: 0.495820; score: [0.95238095 0.5        0.45614035 0.22222222 0.48571429 0.
 0.93333333 0.18181818 0.73076923]
2025-09-04 20:32:53,127 - INFO - ----------
2025-09-04 20:32:54,399 - INFO - [101/300] | train_loss: 0.11288
2025-09-04 20:32:55,668 - INFO - [102/300] | train_loss: 0.10729
2025-09-04 20:32:56,943 - INFO - [103/300] | train_loss: 0.10680
2025-09-04 20:32:58,209 - INFO - [104/300] | train_loss: 0.09333
2025-09-04 20:32:59,476 - INFO - [105/300] | train_loss: 0.10088
2025-09-04 20:33:00,772 - INFO - [106/300] | train_loss: 0.09932
2025-09-04 20:33:02,045 - INFO - [107/300] | train_loss: 0.06763
2025-09-04 20:33:03,318 - INFO - [108/300] | train_loss: 0.06559
2025-09-04 20:33:04,588 - INFO - [109/300] | train_loss: 0.08204
2025-09-04 20:33:05,852 - INFO - [110/300] | train_loss: 0.08162
2025-09-04 20:33:05,958 - INFO - ----------
2025-09-04 20:33:05,958 - INFO - evaluation dataset type: valid
2025-09-04 20:33:05,974 - INFO - node    precision | micro: 0.750000; macro: 0.683333; score: [0.83333333 0.6        1.         0.         0.66666667 1.        ]
2025-09-04 20:33:05,974 - INFO - node    recall    | micro: 0.937500; macro: 0.777778; score: [1.         1.         0.66666667 0.         1.         1.        ]
2025-09-04 20:33:05,974 - INFO - node    f1        | micro: 0.833333; macro: 0.709848; score: [0.90909091 0.75       0.8        0.         0.8        1.        ]
2025-09-04 20:33:05,990 - INFO - service precision | micro: 0.555556; macro: 0.513492; score: [1.         0.4        0.75       0.4        1.         0.
 0.5        0.         0.57142857]
2025-09-04 20:33:05,991 - INFO - service recall    | micro: 0.625000; macro: 0.594444; score: [1.   1.   0.75 0.4  0.2  0.   1.   0.   1.  ]
2025-09-04 20:33:05,991 - INFO - service f1        | micro: 0.588235; macro: 0.494300; score: [1.         0.57142857 0.75       0.4        0.33333333 0.
 0.66666667 0.         0.72727273]
2025-09-04 20:33:06,018 - INFO - pod     precision | micro: 0.427083; macro: 0.435510; score: [0.83333333 0.39285714 0.31707317 0.17948718 0.5        0.
 0.875      0.16666667 0.65517241]
2025-09-04 20:33:06,018 - INFO - pod     recall    | micro: 0.706897; macro: 0.732448; score: [1.         1.         0.65       0.33333333 0.60869565 0.
 1.         1.         1.        ]
2025-09-04 20:33:06,018 - INFO - pod     f1        | micro: 0.532468; macro: 0.521388; score: [0.90909091 0.56410256 0.42622951 0.23333333 0.54901961 0.
 0.93333333 0.28571429 0.79166667]
2025-09-04 20:33:06,018 - INFO - ----------
2025-09-04 20:33:07,282 - INFO - [111/300] | train_loss: 0.07889
2025-09-04 20:33:08,545 - INFO - [112/300] | train_loss: 0.08530
2025-09-04 20:33:09,810 - INFO - [113/300] | train_loss: 0.09152
2025-09-04 20:33:11,070 - INFO - [114/300] | train_loss: 0.08984
2025-09-04 20:33:12,333 - INFO - [115/300] | train_loss: 0.07187
2025-09-04 20:33:13,594 - INFO - [116/300] | train_loss: 0.09754
2025-09-04 20:33:14,858 - INFO - [117/300] | train_loss: 0.06547
2025-09-04 20:33:16,140 - INFO - [118/300] | train_loss: 0.10986
2025-09-04 20:33:17,410 - INFO - [119/300] | train_loss: 0.07297
2025-09-04 20:33:18,687 - INFO - [120/300] | train_loss: 0.06952
2025-09-04 20:33:18,796 - INFO - ----------
2025-09-04 20:33:18,796 - INFO - evaluation dataset type: valid
2025-09-04 20:33:18,812 - INFO - node    precision | micro: 0.666667; macro: 0.594444; score: [0.83333333 0.4        0.66666667 0.         0.66666667 1.        ]
2025-09-04 20:33:18,812 - INFO - node    recall    | micro: 0.875000; macro: 0.722222; score: [1.         0.66666667 0.66666667 0.         1.         1.        ]
2025-09-04 20:33:18,812 - INFO - node    f1        | micro: 0.756757; macro: 0.645960; score: [0.90909091 0.5        0.66666667 0.         0.8        1.        ]
2025-09-04 20:33:18,829 - INFO - service precision | micro: 0.500000; macro: 0.475529; score: [1.         0.5        0.375      0.33333333 1.         0.
 0.5        0.         0.57142857]
2025-09-04 20:33:18,829 - INFO - service recall    | micro: 0.583333; macro: 0.572222; score: [1.   1.   0.75 0.2  0.2  0.   1.   0.   1.  ]
2025-09-04 20:33:18,829 - INFO - service f1        | micro: 0.538462; macro: 0.460438; score: [1.         0.66666667 0.5        0.25       0.33333333 0.
 0.66666667 0.         0.72727273]
2025-09-04 20:33:18,856 - INFO - pod     precision | micro: 0.506329; macro: 0.496685; score: [0.83333333 0.47826087 0.33333333 0.28       0.66666667 0.
 1.         0.2        0.67857143]
2025-09-04 20:33:18,856 - INFO - pod     recall    | micro: 0.689655; macro: 0.722786; score: [1.         1.         0.65       0.33333333 0.52173913 0.
 1.         1.         1.        ]
2025-09-04 20:33:18,857 - INFO - pod     f1        | micro: 0.583942; macro: 0.558709; score: [0.90909091 0.64705882 0.44067797 0.30434783 0.58536585 0.
 1.         0.33333333 0.80851064]
2025-09-04 20:33:18,857 - INFO - ----------
2025-09-04 20:33:20,123 - INFO - [121/300] | train_loss: 0.09929
2025-09-04 20:33:21,397 - INFO - [122/300] | train_loss: 0.07167
2025-09-04 20:33:22,663 - INFO - [123/300] | train_loss: 0.08170
2025-09-04 20:33:23,934 - INFO - [124/300] | train_loss: 0.07349
2025-09-04 20:33:25,213 - INFO - [125/300] | train_loss: 0.06299
2025-09-04 20:33:26,485 - INFO - [126/300] | train_loss: 0.06552
2025-09-04 20:33:27,751 - INFO - [127/300] | train_loss: 0.06620
2025-09-04 20:33:29,018 - INFO - [128/300] | train_loss: 0.07403
2025-09-04 20:33:30,285 - INFO - [129/300] | train_loss: 0.11696
2025-09-04 20:33:31,552 - INFO - [130/300] | train_loss: 0.07206
2025-09-04 20:33:31,663 - INFO - ----------
2025-09-04 20:33:31,663 - INFO - evaluation dataset type: valid
2025-09-04 20:33:31,679 - INFO - node    precision | micro: 0.700000; macro: 0.611111; score: [0.83333333 0.5        0.66666667 0.         0.66666667 1.        ]
2025-09-04 20:33:31,679 - INFO - node    recall    | micro: 0.875000; macro: 0.722222; score: [1.         0.66666667 0.66666667 0.         1.         1.        ]
2025-09-04 20:33:31,679 - INFO - node    f1        | micro: 0.777778; macro: 0.657864; score: [0.90909091 0.57142857 0.66666667 0.         0.8        1.        ]
2025-09-04 20:33:31,695 - INFO - service precision | micro: 0.545455; macro: 0.481481; score: [1.         0.5        0.33333333 0.33333333 1.         0.
 0.5        0.         0.66666667]
2025-09-04 20:33:31,695 - INFO - service recall    | micro: 0.500000; macro: 0.516667; score: [1.   1.   0.25 0.2  0.2  0.   1.   0.   1.  ]
2025-09-04 20:33:31,695 - INFO - service f1        | micro: 0.521739; macro: 0.444709; score: [1.         0.66666667 0.28571429 0.25       0.33333333 0.
 0.66666667 0.         0.8       ]
2025-09-04 20:33:31,723 - INFO - pod     precision | micro: 0.470930; macro: 0.481211; score: [0.83333333 0.5        0.30952381 0.24137931 0.52       0.
 1.         0.16666667 0.76      ]
2025-09-04 20:33:31,723 - INFO - pod     recall    | micro: 0.698276; macro: 0.727617; score: [1.         1.         0.65       0.33333333 0.56521739 0.
 1.         1.         1.        ]
2025-09-04 20:33:31,723 - INFO - pod     f1        | micro: 0.562500; macro: 0.551792; score: [0.90909091 0.66666667 0.41935484 0.28       0.54166667 0.
 1.         0.28571429 0.86363636]
2025-09-04 20:33:31,723 - INFO - ----------
2025-09-04 20:33:32,981 - INFO - [131/300] | train_loss: 0.07491
2025-09-04 20:33:34,247 - INFO - [132/300] | train_loss: 0.06411
2025-09-04 20:33:35,515 - INFO - [133/300] | train_loss: 0.07129
2025-09-04 20:33:36,772 - INFO - [134/300] | train_loss: 0.06767
2025-09-04 20:33:38,029 - INFO - [135/300] | train_loss: 0.05217
2025-09-04 20:33:39,289 - INFO - [136/300] | train_loss: 0.05100
2025-09-04 20:33:40,563 - INFO - [137/300] | train_loss: 0.06614
2025-09-04 20:33:41,820 - INFO - [138/300] | train_loss: 0.06480
2025-09-04 20:33:43,077 - INFO - [139/300] | train_loss: 0.06180
2025-09-04 20:33:44,335 - INFO - [140/300] | train_loss: 0.08193
2025-09-04 20:33:44,440 - INFO - ----------
2025-09-04 20:33:44,440 - INFO - evaluation dataset type: valid
2025-09-04 20:33:44,456 - INFO - node    precision | micro: 0.700000; macro: 0.646825; score: [0.71428571 0.5        1.         0.         0.66666667 1.        ]
2025-09-04 20:33:44,456 - INFO - node    recall    | micro: 0.875000; macro: 0.722222; score: [1.         0.66666667 0.66666667 0.         1.         1.        ]
2025-09-04 20:33:44,456 - INFO - node    f1        | micro: 0.777778; macro: 0.667460; score: [0.83333333 0.57142857 0.8        0.         0.8        1.        ]
2025-09-04 20:33:44,472 - INFO - service precision | micro: 0.500000; macro: 0.446561; score: [1.         0.5        0.4        0.28571429 0.66666667 0.
 0.5        0.         0.66666667]
2025-09-04 20:33:44,472 - INFO - service recall    | micro: 0.625000; macro: 0.588889; score: [1.  1.  0.5 0.4 0.4 0.  1.  0.  1. ]
2025-09-04 20:33:44,473 - INFO - service f1        | micro: 0.555556; macro: 0.490123; score: [1.         0.66666667 0.44444444 0.33333333 0.5        0.
 0.66666667 0.         0.8       ]
2025-09-04 20:33:44,499 - INFO - pod     precision | micro: 0.460317; macro: 0.480623; score: [0.83333333 0.44       0.33333333 0.22727273 0.53333333 0.
 1.         0.16666667 0.79166667]
2025-09-04 20:33:44,499 - INFO - pod     recall    | micro: 0.750000; macro: 0.757983; score: [1.         1.         0.65       0.47619048 0.69565217 0.
 1.         1.         1.        ]
2025-09-04 20:33:44,500 - INFO - pod     f1        | micro: 0.570492; macro: 0.560198; score: [0.90909091 0.61111111 0.44067797 0.30769231 0.60377358 0.
 1.         0.28571429 0.88372093]
2025-09-04 20:33:44,500 - INFO - ----------
2025-09-04 20:33:45,754 - INFO - [141/300] | train_loss: 0.05527
2025-09-04 20:33:47,011 - INFO - [142/300] | train_loss: 0.06862
2025-09-04 20:33:48,267 - INFO - [143/300] | train_loss: 0.05840
2025-09-04 20:33:49,529 - INFO - [144/300] | train_loss: 0.08195
2025-09-04 20:33:50,786 - INFO - [145/300] | train_loss: 0.07523
2025-09-04 20:33:52,045 - INFO - [146/300] | train_loss: 0.05292
2025-09-04 20:33:53,304 - INFO - [147/300] | train_loss: 0.05784
2025-09-04 20:33:54,563 - INFO - [148/300] | train_loss: 0.06274
2025-09-04 20:33:55,821 - INFO - [149/300] | train_loss: 0.05905
2025-09-04 20:33:57,078 - INFO - [150/300] | train_loss: 0.06283
2025-09-04 20:33:57,182 - INFO - ----------
2025-09-04 20:33:57,182 - INFO - evaluation dataset type: valid
2025-09-04 20:33:57,198 - INFO - node    precision | micro: 0.736842; macro: 0.666667; score: [0.83333333 0.5        1.         0.         0.66666667 1.        ]
2025-09-04 20:33:57,198 - INFO - node    recall    | micro: 0.875000; macro: 0.722222; score: [1.         0.66666667 0.66666667 0.         1.         1.        ]
2025-09-04 20:33:57,198 - INFO - node    f1        | micro: 0.800000; macro: 0.680087; score: [0.90909091 0.57142857 0.8        0.         0.8        1.        ]
2025-09-04 20:33:57,214 - INFO - service precision | micro: 0.650000; macro: 0.592593; score: [1.         0.5        0.5        0.33333333 1.         0.
 1.         0.         1.        ]
2025-09-04 20:33:57,214 - INFO - service recall    | micro: 0.541667; macro: 0.544444; score: [1.  1.  0.5 0.2 0.2 0.  1.  0.  1. ]
2025-09-04 20:33:57,214 - INFO - service f1        | micro: 0.590909; macro: 0.527778; score: [1.         0.66666667 0.5        0.25       0.33333333 0.
 1.         0.         1.        ]
2025-09-04 20:33:57,241 - INFO - pod     precision | micro: 0.556338; macro: 0.544296; score: [0.83333333 0.55       0.46153846 0.21212121 0.8        0.
 1.         0.25       0.79166667]
2025-09-04 20:33:57,241 - INFO - pod     recall    | micro: 0.681034; macro: 0.717230; score: [1.         1.         0.6        0.33333333 0.52173913 0.
 1.         1.         1.        ]
2025-09-04 20:33:57,241 - INFO - pod     f1        | micro: 0.612403; macro: 0.590563; score: [0.90909091 0.70967742 0.52173913 0.25925926 0.63157895 0.
 1.         0.4        0.88372093]
2025-09-04 20:33:57,241 - INFO - ----------
2025-09-04 20:33:58,492 - INFO - [151/300] | train_loss: 0.07033
2025-09-04 20:33:59,750 - INFO - [152/300] | train_loss: 0.04744
2025-09-04 20:34:01,005 - INFO - [153/300] | train_loss: 0.07307
2025-09-04 20:34:02,265 - INFO - [154/300] | train_loss: 0.04801
2025-09-04 20:34:03,524 - INFO - [155/300] | train_loss: 0.05722
2025-09-04 20:34:04,783 - INFO - [156/300] | train_loss: 0.09132
2025-09-04 20:34:06,043 - INFO - [157/300] | train_loss: 0.05746
2025-09-04 20:34:07,315 - INFO - [158/300] | train_loss: 0.05940
2025-09-04 20:34:08,574 - INFO - [159/300] | train_loss: 0.06913
2025-09-04 20:34:09,832 - INFO - [160/300] | train_loss: 0.06460
2025-09-04 20:34:09,936 - INFO - ----------
2025-09-04 20:34:09,936 - INFO - evaluation dataset type: valid
2025-09-04 20:34:09,951 - INFO - node    precision | micro: 0.714286; macro: 0.663492; score: [0.71428571 0.6        1.         0.         0.66666667 1.        ]
2025-09-04 20:34:09,951 - INFO - node    recall    | micro: 0.937500; macro: 0.777778; score: [1.         1.         0.66666667 0.         1.         1.        ]
2025-09-04 20:34:09,952 - INFO - node    f1        | micro: 0.810811; macro: 0.697222; score: [0.83333333 0.75       0.8        0.         0.8        1.        ]
2025-09-04 20:34:09,967 - INFO - service precision | micro: 0.647059; macro: 0.583333; score: [1.         0.66666667 0.5        0.33333333 1.         0.
 1.         0.         0.75      ]
2025-09-04 20:34:09,968 - INFO - service recall    | micro: 0.458333; macro: 0.488889; score: [1.   1.   0.25 0.2  0.2  0.   1.   0.   0.75]
2025-09-04 20:34:09,968 - INFO - service f1        | micro: 0.536585; macro: 0.496296; score: [1.         0.8        0.33333333 0.25       0.33333333 0.
 1.         0.         0.75      ]
2025-09-04 20:34:09,994 - INFO - pod     precision | micro: 0.573529; macro: 0.560774; score: [0.83333333 0.52380952 0.45454545 0.22580645 0.8125     0.
 1.         0.33333333 0.86363636]
2025-09-04 20:34:09,995 - INFO - pod     recall    | micro: 0.672414; macro: 0.710950; score: [1.         1.         0.5        0.33333333 0.56521739 0.
 1.         1.         1.        ]
2025-09-04 20:34:09,995 - INFO - pod     f1        | micro: 0.619048; macro: 0.603945; score: [0.90909091 0.6875     0.47619048 0.26923077 0.66666667 0.
 1.         0.5        0.92682927]
2025-09-04 20:34:09,995 - INFO - ----------
2025-09-04 20:34:11,262 - INFO - [161/300] | train_loss: 0.05866
2025-09-04 20:34:12,521 - INFO - [162/300] | train_loss: 0.06214
2025-09-04 20:34:13,776 - INFO - [163/300] | train_loss: 0.05693
2025-09-04 20:34:15,047 - INFO - [164/300] | train_loss: 0.06542
2025-09-04 20:34:16,305 - INFO - [165/300] | train_loss: 0.09939
2025-09-04 20:34:17,568 - INFO - [166/300] | train_loss: 0.09104
2025-09-04 20:34:18,834 - INFO - [167/300] | train_loss: 0.12342
2025-09-04 20:34:20,091 - INFO - [168/300] | train_loss: 0.11008
2025-09-04 20:34:21,350 - INFO - [169/300] | train_loss: 0.08506
2025-09-04 20:34:22,608 - INFO - [170/300] | train_loss: 0.08802
2025-09-04 20:34:22,712 - INFO - ----------
2025-09-04 20:34:22,712 - INFO - evaluation dataset type: valid
2025-09-04 20:34:22,728 - INFO - node    precision | micro: 0.681818; macro: 0.646825; score: [0.71428571 0.5        1.         0.         0.66666667 1.        ]
2025-09-04 20:34:22,728 - INFO - node    recall    | micro: 0.937500; macro: 0.777778; score: [1.         1.         0.66666667 0.         1.         1.        ]
2025-09-04 20:34:22,728 - INFO - node    f1        | micro: 0.789474; macro: 0.683333; score: [0.83333333 0.66666667 0.8        0.         0.8        1.        ]
2025-09-04 20:34:22,744 - INFO - service precision | micro: 0.457143; macro: 0.437963; score: [1.         0.33333333 0.375      0.4        0.66666667 0.
 0.5        0.         0.66666667]
2025-09-04 20:34:22,744 - INFO - service recall    | micro: 0.666667; macro: 0.616667; score: [1.   1.   0.75 0.4  0.4  0.   1.   0.   1.  ]
2025-09-04 20:34:22,745 - INFO - service f1        | micro: 0.542373; macro: 0.485185; score: [1.         0.5        0.5        0.4        0.5        0.
 0.66666667 0.         0.8       ]
2025-09-04 20:34:22,771 - INFO - pod     precision | micro: 0.358974; macro: 0.466797; score: [0.90909091 0.37931034 0.25925926 0.16666667 0.37837838 0.03703704
 1.         0.16666667 0.9047619 ]
2025-09-04 20:34:22,771 - INFO - pod     recall    | micro: 0.724138; macro: 0.765781; score: [1.         1.         0.7        0.33333333 0.60869565 0.25
 1.         1.         1.        ]
2025-09-04 20:34:22,771 - INFO - pod     f1        | micro: 0.480000; macro: 0.541098; score: [0.95238095 0.55       0.37837838 0.22222222 0.46666667 0.06451613
 1.         0.28571429 0.95      ]
2025-09-04 20:34:22,772 - INFO - ----------
2025-09-04 20:34:24,026 - INFO - [171/300] | train_loss: 0.08507
2025-09-04 20:34:25,282 - INFO - [172/300] | train_loss: 0.06360
2025-09-04 20:34:26,535 - INFO - [173/300] | train_loss: 0.05491
2025-09-04 20:34:27,794 - INFO - [174/300] | train_loss: 0.08450
2025-09-04 20:34:29,051 - INFO - [175/300] | train_loss: 0.07177
2025-09-04 20:34:30,308 - INFO - [176/300] | train_loss: 0.04419
2025-09-04 20:34:31,566 - INFO - [177/300] | train_loss: 0.06197
2025-09-04 20:34:32,821 - INFO - [178/300] | train_loss: 0.07600
2025-09-04 20:34:34,082 - INFO - [179/300] | train_loss: 0.05655
2025-09-04 20:34:35,345 - INFO - [180/300] | train_loss: 0.05224
2025-09-04 20:34:35,449 - INFO - ----------
2025-09-04 20:34:35,449 - INFO - evaluation dataset type: valid
2025-09-04 20:34:35,464 - INFO - node    precision | micro: 0.714286; macro: 0.666667; score: [0.83333333 0.5        1.         0.         0.66666667 1.        ]
2025-09-04 20:34:35,464 - INFO - node    recall    | micro: 0.937500; macro: 0.777778; score: [1.         1.         0.66666667 0.         1.         1.        ]
2025-09-04 20:34:35,464 - INFO - node    f1        | micro: 0.810811; macro: 0.695960; score: [0.90909091 0.66666667 0.8        0.         0.8        1.        ]
2025-09-04 20:34:35,480 - INFO - service precision | micro: 0.600000; macro: 0.500000; score: [1.         0.5        0.33333333 0.         1.         0.
 1.         0.         0.66666667]
2025-09-04 20:34:35,480 - INFO - service recall    | micro: 0.500000; macro: 0.516667; score: [1.   1.   0.25 0.   0.4  0.   1.   0.   1.  ]
2025-09-04 20:34:35,481 - INFO - service f1        | micro: 0.545455; macro: 0.480423; score: [1.         0.66666667 0.28571429 0.         0.57142857 0.
 1.         0.         0.8       ]
2025-09-04 20:34:35,507 - INFO - pod     precision | micro: 0.572464; macro: 0.558063; score: [0.90909091 0.5        0.38461538 0.29166667 0.77777778 0.
 1.         0.33333333 0.82608696]
2025-09-04 20:34:35,507 - INFO - pod     recall    | micro: 0.681034; macro: 0.715781; score: [1.         1.         0.5        0.33333333 0.60869565 0.
 1.         1.         1.        ]
2025-09-04 20:34:35,507 - INFO - pod     f1        | micro: 0.622047; macro: 0.605848; score: [0.95238095 0.66666667 0.43478261 0.31111111 0.68292683 0.
 1.         0.5        0.9047619 ]
2025-09-04 20:34:35,507 - INFO - ----------
2025-09-04 20:34:36,765 - INFO - [181/300] | train_loss: 0.05895
2025-09-04 20:34:38,026 - INFO - [182/300] | train_loss: 0.04942
2025-09-04 20:34:39,287 - INFO - [183/300] | train_loss: 0.06975
2025-09-04 20:34:40,563 - INFO - [184/300] | train_loss: 0.05023
2025-09-04 20:34:41,822 - INFO - [185/300] | train_loss: 0.05401
2025-09-04 20:34:43,079 - INFO - [186/300] | train_loss: 0.06138
2025-09-04 20:34:44,341 - INFO - [187/300] | train_loss: 0.05682
2025-09-04 20:34:45,596 - INFO - [188/300] | train_loss: 0.05299
2025-09-04 20:34:46,852 - INFO - [189/300] | train_loss: 0.04684
2025-09-04 20:34:48,109 - INFO - [190/300] | train_loss: 0.07363
2025-09-04 20:34:48,214 - INFO - ----------
2025-09-04 20:34:48,214 - INFO - evaluation dataset type: valid
2025-09-04 20:34:48,229 - INFO - node    precision | micro: 0.700000; macro: 0.611111; score: [0.83333333 0.5        0.66666667 0.         0.66666667 1.        ]
2025-09-04 20:34:48,230 - INFO - node    recall    | micro: 0.875000; macro: 0.722222; score: [1.         0.66666667 0.66666667 0.         1.         1.        ]
2025-09-04 20:34:48,230 - INFO - node    f1        | micro: 0.777778; macro: 0.657864; score: [0.90909091 0.57142857 0.66666667 0.         0.8        1.        ]
2025-09-04 20:34:48,246 - INFO - service precision | micro: 0.565217; macro: 0.500000; score: [1.         0.5        0.33333333 0.         1.         0.
 1.         0.         0.66666667]
2025-09-04 20:34:48,246 - INFO - service recall    | micro: 0.541667; macro: 0.544444; score: [1.  1.  0.5 0.  0.4 0.  1.  0.  1. ]
2025-09-04 20:34:48,246 - INFO - service f1        | micro: 0.553191; macro: 0.493122; score: [1.         0.66666667 0.4        0.         0.57142857 0.
 1.         0.         0.8       ]
2025-09-04 20:34:48,273 - INFO - pod     precision | micro: 0.540000; macro: 0.572907; score: [0.90909091 0.5        0.35897436 0.23809524 0.7        0.
 1.         0.5        0.95      ]
2025-09-04 20:34:48,273 - INFO - pod     recall    | micro: 0.698276; macro: 0.727421; score: [1.         1.         0.7        0.23809524 0.60869565 0.
 1.         1.         1.        ]
2025-09-04 20:34:48,273 - INFO - pod     f1        | micro: 0.609023; macro: 0.624879; score: [0.95238095 0.66666667 0.47457627 0.23809524 0.65116279 0.
 1.         0.66666667 0.97435897]
2025-09-04 20:34:48,273 - INFO - ----------
2025-09-04 20:34:49,525 - INFO - [191/300] | train_loss: 0.05133
2025-09-04 20:34:50,780 - INFO - [192/300] | train_loss: 0.05618
2025-09-04 20:34:52,049 - INFO - [193/300] | train_loss: 0.06773
2025-09-04 20:34:53,304 - INFO - [194/300] | train_loss: 0.05857
2025-09-04 20:34:54,562 - INFO - [195/300] | train_loss: 0.04911
2025-09-04 20:34:55,826 - INFO - [196/300] | train_loss: 0.04610
2025-09-04 20:34:57,081 - INFO - [197/300] | train_loss: 0.04102
2025-09-04 20:34:58,334 - INFO - [198/300] | train_loss: 0.05928
2025-09-04 20:34:59,592 - INFO - [199/300] | train_loss: 0.04271
2025-09-04 20:35:00,875 - INFO - [200/300] | train_loss: 0.05655
2025-09-04 20:35:00,982 - INFO - ----------
2025-09-04 20:35:00,982 - INFO - evaluation dataset type: valid
2025-09-04 20:35:00,997 - INFO - node    precision | micro: 0.736842; macro: 0.666667; score: [0.83333333 0.5        1.         0.         0.66666667 1.        ]
2025-09-04 20:35:00,998 - INFO - node    recall    | micro: 0.875000; macro: 0.722222; score: [1.         0.66666667 0.66666667 0.         1.         1.        ]
2025-09-04 20:35:00,998 - INFO - node    f1        | micro: 0.800000; macro: 0.680087; score: [0.90909091 0.57142857 0.8        0.         0.8        1.        ]
2025-09-04 20:35:01,014 - INFO - service precision | micro: 0.619048; macro: 0.522222; score: [1.  0.5 0.4 0.  1.  0.  1.  0.  0.8]
2025-09-04 20:35:01,014 - INFO - service recall    | micro: 0.541667; macro: 0.544444; score: [1.  1.  0.5 0.  0.4 0.  1.  0.  1. ]
2025-09-04 20:35:01,014 - INFO - service f1        | micro: 0.577778; macro: 0.507937; score: [1.         0.66666667 0.44444444 0.         0.57142857 0.
 1.         0.         0.88888889]
2025-09-04 20:35:01,041 - INFO - pod     precision | micro: 0.537931; macro: 0.544923; score: [0.83333333 0.5        0.32352941 0.22727273 0.73684211 0.
 1.         0.33333333 0.95      ]
2025-09-04 20:35:01,041 - INFO - pod     recall    | micro: 0.672414; macro: 0.710755; score: [1.         1.         0.55       0.23809524 0.60869565 0.
 1.         1.         1.        ]
2025-09-04 20:35:01,042 - INFO - pod     f1        | micro: 0.597701; macro: 0.595194; score: [0.90909091 0.66666667 0.40740741 0.23255814 0.66666667 0.
 1.         0.5        0.97435897]
2025-09-04 20:35:01,042 - INFO - ----------
2025-09-04 20:35:02,294 - INFO - [201/300] | train_loss: 0.07788
2025-09-04 20:35:03,547 - INFO - [202/300] | train_loss: 0.05110
2025-09-04 20:35:04,802 - INFO - [203/300] | train_loss: 0.05831
2025-09-04 20:35:06,060 - INFO - [204/300] | train_loss: 0.05103
2025-09-04 20:35:07,319 - INFO - [205/300] | train_loss: 0.04171
2025-09-04 20:35:08,576 - INFO - [206/300] | train_loss: 0.07306
2025-09-04 20:35:09,852 - INFO - [207/300] | train_loss: 0.08075
2025-09-04 20:35:11,125 - INFO - [208/300] | train_loss: 0.06683
2025-09-04 20:35:12,393 - INFO - [209/300] | train_loss: 0.05328
2025-09-04 20:35:13,657 - INFO - [210/300] | train_loss: 0.03922
2025-09-04 20:35:13,761 - INFO - ----------
2025-09-04 20:35:13,761 - INFO - evaluation dataset type: valid
2025-09-04 20:35:13,777 - INFO - node    precision | micro: 0.714286; macro: 0.663492; score: [0.71428571 0.6        1.         0.         0.66666667 1.        ]
2025-09-04 20:35:13,777 - INFO - node    recall    | micro: 0.937500; macro: 0.777778; score: [1.         1.         0.66666667 0.         1.         1.        ]
2025-09-04 20:35:13,777 - INFO - node    f1        | micro: 0.810811; macro: 0.697222; score: [0.83333333 0.75       0.8        0.         0.8        1.        ]
2025-09-04 20:35:13,793 - INFO - service precision | micro: 0.600000; macro: 0.546296; score: [1.         0.5        0.33333333 0.33333333 1.         0.
 1.         0.         0.75      ]
2025-09-04 20:35:13,793 - INFO - service recall    | micro: 0.500000; macro: 0.511111; score: [1.   1.   0.25 0.2  0.4  0.   1.   0.   0.75]
2025-09-04 20:35:13,793 - INFO - service f1        | micro: 0.545455; macro: 0.502646; score: [1.         0.66666667 0.28571429 0.25       0.57142857 0.
 1.         0.         0.75      ]
2025-09-04 20:35:13,820 - INFO - pod     precision | micro: 0.560811; macro: 0.557637; score: [0.83333333 0.5        0.42307692 0.26470588 0.71428571 0.
 1.         0.33333333 0.95      ]
2025-09-04 20:35:13,820 - INFO - pod     recall    | micro: 0.715517; macro: 0.736749; score: [1.         1.         0.55       0.42857143 0.65217391 0.
 1.         1.         1.        ]
2025-09-04 20:35:13,820 - INFO - pod     f1        | micro: 0.628788; macro: 0.615274; score: [0.90909091 0.66666667 0.47826087 0.32727273 0.68181818 0.
 1.         0.5        0.97435897]
2025-09-04 20:35:13,820 - INFO - ----------
2025-09-04 20:35:15,076 - INFO - [211/300] | train_loss: 0.05164
2025-09-04 20:35:16,334 - INFO - [212/300] | train_loss: 0.07537
2025-09-04 20:35:17,597 - INFO - [213/300] | train_loss: 0.04894
2025-09-04 20:35:18,854 - INFO - [214/300] | train_loss: 0.04317
2025-09-04 20:35:20,114 - INFO - [215/300] | train_loss: 0.03353
2025-09-04 20:35:21,373 - INFO - [216/300] | train_loss: 0.03820
2025-09-04 20:35:22,629 - INFO - [217/300] | train_loss: 0.05241
2025-09-04 20:35:23,884 - INFO - [218/300] | train_loss: 0.05534
2025-09-04 20:35:25,141 - INFO - [219/300] | train_loss: 0.05765
2025-09-04 20:35:26,400 - INFO - [220/300] | train_loss: 0.06296
2025-09-04 20:35:26,506 - INFO - ----------
2025-09-04 20:35:26,506 - INFO - evaluation dataset type: valid
2025-09-04 20:35:26,521 - INFO - node    precision | micro: 0.750000; macro: 0.683333; score: [0.83333333 0.6        1.         0.         0.66666667 1.        ]
2025-09-04 20:35:26,521 - INFO - node    recall    | micro: 0.937500; macro: 0.777778; score: [1.         1.         0.66666667 0.         1.         1.        ]
2025-09-04 20:35:26,521 - INFO - node    f1        | micro: 0.833333; macro: 0.709848; score: [0.90909091 0.75       0.8        0.         0.8        1.        ]
2025-09-04 20:35:26,537 - INFO - service precision | micro: 0.650000; macro: 0.533333; score: [1.  0.5 0.5 0.  1.  0.  1.  0.  0.8]
2025-09-04 20:35:26,538 - INFO - service recall    | micro: 0.541667; macro: 0.544444; score: [1.  1.  0.5 0.  0.4 0.  1.  0.  1. ]
2025-09-04 20:35:26,538 - INFO - service f1        | micro: 0.590909; macro: 0.514109; score: [1.         0.66666667 0.5        0.         0.57142857 0.
 1.         0.         0.88888889]
2025-09-04 20:35:26,564 - INFO - pod     precision | micro: 0.536913; macro: 0.517412; score: [0.83333333 0.52380952 0.36666667 0.25925926 0.56       0.
 1.         0.25       0.86363636]
2025-09-04 20:35:26,565 - INFO - pod     recall    | micro: 0.689655; macro: 0.721337; score: [1.         1.         0.55       0.33333333 0.60869565 0.
 1.         1.         1.        ]
2025-09-04 20:35:26,565 - INFO - pod     f1        | micro: 0.603774; macro: 0.582047; score: [0.90909091 0.6875     0.44       0.29166667 0.58333333 0.
 1.         0.4        0.92682927]
2025-09-04 20:35:26,565 - INFO - ----------
2025-09-04 20:35:27,824 - INFO - [221/300] | train_loss: 0.05834
2025-09-04 20:35:29,084 - INFO - [222/300] | train_loss: 0.06064
2025-09-04 20:35:30,356 - INFO - [223/300] | train_loss: 0.03631
2025-09-04 20:35:31,615 - INFO - [224/300] | train_loss: 0.04794
2025-09-04 20:35:32,870 - INFO - [225/300] | train_loss: 0.05122
2025-09-04 20:35:34,128 - INFO - [226/300] | train_loss: 0.05095
2025-09-04 20:35:35,383 - INFO - [227/300] | train_loss: 0.05104
2025-09-04 20:35:36,643 - INFO - [228/300] | train_loss: 0.05023
2025-09-04 20:35:37,902 - INFO - [229/300] | train_loss: 0.04842
2025-09-04 20:35:39,158 - INFO - [230/300] | train_loss: 0.04173
2025-09-04 20:35:39,262 - INFO - ----------
2025-09-04 20:35:39,263 - INFO - evaluation dataset type: valid
2025-09-04 20:35:39,277 - INFO - node    precision | micro: 0.714286; macro: 0.627778; score: [0.83333333 0.6        0.66666667 0.         0.66666667 1.        ]
2025-09-04 20:35:39,278 - INFO - node    recall    | micro: 0.937500; macro: 0.777778; score: [1.         1.         0.66666667 0.         1.         1.        ]
2025-09-04 20:35:39,278 - INFO - node    f1        | micro: 0.810811; macro: 0.687626; score: [0.90909091 0.75       0.66666667 0.         0.8        1.        ]
2025-09-04 20:35:39,294 - INFO - service precision | micro: 0.551724; macro: 0.552381; score: [1.         0.4        0.33333333 0.66666667 1.         0.
 1.         0.         0.57142857]
2025-09-04 20:35:39,294 - INFO - service recall    | micro: 0.666667; macro: 0.616667; score: [1.   1.   0.75 0.4  0.4  0.   1.   0.   1.  ]
2025-09-04 20:35:39,294 - INFO - service f1        | micro: 0.603774; macro: 0.536852; score: [1.         0.57142857 0.46153846 0.5        0.57142857 0.
 1.         0.         0.72727273]
2025-09-04 20:35:39,321 - INFO - pod     precision | micro: 0.440415; macro: 0.526574; score: [0.83333333 0.47826087 0.21666667 0.28205128 0.56521739 0.
 1.         0.5        0.86363636]
2025-09-04 20:35:39,321 - INFO - pod     recall    | micro: 0.732759; macro: 0.748781; score: [1.         1.         0.65       0.52380952 0.56521739 0.
 1.         1.         1.        ]
2025-09-04 20:35:39,321 - INFO - pod     f1        | micro: 0.550162; macro: 0.600726; score: [0.90909091 0.64705882 0.325      0.36666667 0.56521739 0.
 1.         0.66666667 0.92682927]
2025-09-04 20:35:39,321 - INFO - ----------
2025-09-04 20:35:40,582 - INFO - [231/300] | train_loss: 0.03848
2025-09-04 20:35:41,842 - INFO - [232/300] | train_loss: 0.05396
2025-09-04 20:35:43,093 - INFO - [233/300] | train_loss: 0.04721
2025-09-04 20:35:44,348 - INFO - [234/300] | train_loss: 0.05184
2025-09-04 20:35:45,616 - INFO - [235/300] | train_loss: 0.05967
2025-09-04 20:35:46,882 - INFO - [236/300] | train_loss: 0.04343
2025-09-04 20:35:48,140 - INFO - [237/300] | train_loss: 0.04625
2025-09-04 20:35:49,399 - INFO - [238/300] | train_loss: 0.06654
2025-09-04 20:35:50,660 - INFO - [239/300] | train_loss: 0.04338
2025-09-04 20:35:51,923 - INFO - [240/300] | train_loss: 0.06560
2025-09-04 20:35:52,030 - INFO - ----------
2025-09-04 20:35:52,030 - INFO - evaluation dataset type: valid
2025-09-04 20:35:52,045 - INFO - node    precision | micro: 0.700000; macro: 0.611111; score: [0.83333333 0.5        0.66666667 0.         0.66666667 1.        ]
2025-09-04 20:35:52,046 - INFO - node    recall    | micro: 0.875000; macro: 0.722222; score: [1.         0.66666667 0.66666667 0.         1.         1.        ]
2025-09-04 20:35:52,046 - INFO - node    f1        | micro: 0.777778; macro: 0.657864; score: [0.90909091 0.57142857 0.66666667 0.         0.8        1.        ]
2025-09-04 20:35:52,062 - INFO - service precision | micro: 0.764706; macro: 0.574074; score: [1.         0.66666667 0.5        0.         1.         0.
 1.         0.         1.        ]
2025-09-04 20:35:52,062 - INFO - service recall    | micro: 0.541667; macro: 0.544444; score: [1.  1.  0.5 0.  0.4 0.  1.  0.  1. ]
2025-09-04 20:35:52,062 - INFO - service f1        | micro: 0.634146; macro: 0.541270; score: [1.         0.8        0.5        0.         0.57142857 0.
 1.         0.         1.        ]
2025-09-04 20:35:52,090 - INFO - pod     precision | micro: 0.603053; macro: 0.598537; score: [0.83333333 0.57894737 0.37931034 0.42857143 0.66666667 0.
 1.         0.5        1.        ]
2025-09-04 20:35:52,090 - INFO - pod     recall    | micro: 0.681034; macro: 0.716046; score: [1.         1.         0.55       0.28571429 0.60869565 0.
 1.         1.         1.        ]
2025-09-04 20:35:52,090 - INFO - pod     f1        | micro: 0.639676; macro: 0.637477; score: [0.90909091 0.73333333 0.44897959 0.34285714 0.63636364 0.
 1.         0.66666667 1.        ]
2025-09-04 20:35:52,090 - INFO - ----------
2025-09-04 20:35:53,357 - INFO - [241/300] | train_loss: 0.06381
2025-09-04 20:35:54,620 - INFO - [242/300] | train_loss: 0.04540
2025-09-04 20:35:55,882 - INFO - [243/300] | train_loss: 0.05017
2025-09-04 20:35:57,139 - INFO - [244/300] | train_loss: 0.04676
2025-09-04 20:35:58,398 - INFO - [245/300] | train_loss: 0.05890
2025-09-04 20:35:59,669 - INFO - [246/300] | train_loss: 0.05357
2025-09-04 20:36:00,935 - INFO - [247/300] | train_loss: 0.05256
2025-09-04 20:36:02,203 - INFO - [248/300] | train_loss: 0.07159
2025-09-04 20:36:03,460 - INFO - [249/300] | train_loss: 0.05201
2025-09-04 20:36:04,720 - INFO - [250/300] | train_loss: 0.03927
2025-09-04 20:36:04,826 - INFO - ----------
2025-09-04 20:36:04,826 - INFO - evaluation dataset type: valid
2025-09-04 20:36:04,841 - INFO - node    precision | micro: 0.750000; macro: 0.688492; score: [0.71428571 0.75       1.         0.         0.66666667 1.        ]
2025-09-04 20:36:04,842 - INFO - node    recall    | micro: 0.937500; macro: 0.777778; score: [1.         1.         0.66666667 0.         1.         1.        ]
2025-09-04 20:36:04,842 - INFO - node    f1        | micro: 0.833333; macro: 0.715079; score: [0.83333333 0.85714286 0.8        0.         0.8        1.        ]
2025-09-04 20:36:04,858 - INFO - service precision | micro: 0.750000; macro: 0.570370; score: [1.         1.         0.33333333 0.         1.         0.
 1.         0.         0.8       ]
2025-09-04 20:36:04,858 - INFO - service recall    | micro: 0.500000; macro: 0.516667; score: [1.   1.   0.25 0.   0.4  0.   1.   0.   1.  ]
2025-09-04 20:36:04,858 - INFO - service f1        | micro: 0.600000; macro: 0.527337; score: [1.         1.         0.28571429 0.         0.57142857 0.
 1.         0.         0.88888889]
2025-09-04 20:36:04,884 - INFO - pod     precision | micro: 0.661017; macro: 0.613263; score: [0.83333333 0.61111111 0.44       0.35714286 0.77777778 0.
 1.         0.5        1.        ]
2025-09-04 20:36:04,884 - INFO - pod     recall    | micro: 0.672414; macro: 0.710755; score: [1.         1.         0.55       0.23809524 0.60869565 0.
 1.         1.         1.        ]
2025-09-04 20:36:04,885 - INFO - pod     f1        | micro: 0.666667; macro: 0.643545; score: [0.90909091 0.75862069 0.48888889 0.28571429 0.68292683 0.
 1.         0.66666667 1.        ]
2025-09-04 20:36:04,885 - INFO - ----------
2025-09-04 20:36:06,138 - INFO - [251/300] | train_loss: 0.03354
2025-09-04 20:36:07,395 - INFO - [252/300] | train_loss: 0.04680
2025-09-04 20:36:08,652 - INFO - [253/300] | train_loss: 0.04808
2025-09-04 20:36:09,910 - INFO - [254/300] | train_loss: 0.05380
2025-09-04 20:36:11,168 - INFO - [255/300] | train_loss: 0.04597
2025-09-04 20:36:12,425 - INFO - [256/300] | train_loss: 0.06842
2025-09-04 20:36:13,679 - INFO - [257/300] | train_loss: 0.05077
2025-09-04 20:36:14,934 - INFO - [258/300] | train_loss: 0.07086
2025-09-04 20:36:16,188 - INFO - [259/300] | train_loss: 0.05640
2025-09-04 20:36:17,458 - INFO - [260/300] | train_loss: 0.04677
2025-09-04 20:36:17,562 - INFO - ----------
2025-09-04 20:36:17,562 - INFO - evaluation dataset type: valid
2025-09-04 20:36:17,578 - INFO - node    precision | micro: 0.652174; macro: 0.599206; score: [0.83333333 0.42857143 0.66666667 0.         0.66666667 1.        ]
2025-09-04 20:36:17,578 - INFO - node    recall    | micro: 0.937500; macro: 0.777778; score: [1.         1.         0.66666667 0.         1.         1.        ]
2025-09-04 20:36:17,579 - INFO - node    f1        | micro: 0.769231; macro: 0.662626; score: [0.90909091 0.6        0.66666667 0.         0.8        1.        ]
2025-09-04 20:36:17,595 - INFO - service precision | micro: 0.650000; macro: 0.544444; score: [1.  0.4 0.5 0.  1.  0.  1.  0.  1. ]
2025-09-04 20:36:17,595 - INFO - service recall    | micro: 0.541667; macro: 0.544444; score: [1.  1.  0.5 0.  0.4 0.  1.  0.  1. ]
2025-09-04 20:36:17,595 - INFO - service f1        | micro: 0.590909; macro: 0.515873; score: [1.         0.57142857 0.5        0.         0.57142857 0.
 1.         0.         1.        ]
2025-09-04 20:36:17,623 - INFO - pod     precision | micro: 0.553957; macro: 0.569537; score: [0.83333333 0.57894737 0.36666667 0.21052632 0.63636364 0.
 1.         0.5        1.        ]
2025-09-04 20:36:17,623 - INFO - pod     recall    | micro: 0.663793; macro: 0.705464; score: [1.         1.         0.55       0.19047619 0.60869565 0.
 1.         1.         1.        ]
2025-09-04 20:36:17,624 - INFO - pod     f1        | micro: 0.603922; macro: 0.619035; score: [0.90909091 0.73333333 0.44       0.2        0.62222222 0.
 1.         0.66666667 1.        ]
2025-09-04 20:36:17,624 - INFO - ----------
2025-09-04 20:36:18,880 - INFO - [261/300] | train_loss: 0.05862
2025-09-04 20:36:20,136 - INFO - [262/300] | train_loss: 0.04498
2025-09-04 20:36:21,389 - INFO - [263/300] | train_loss: 0.04004
2025-09-04 20:36:22,645 - INFO - [264/300] | train_loss: 0.02778
2025-09-04 20:36:23,898 - INFO - [265/300] | train_loss: 0.06852
2025-09-04 20:36:25,152 - INFO - [266/300] | train_loss: 0.06225
2025-09-04 20:36:26,407 - INFO - [267/300] | train_loss: 0.04584
2025-09-04 20:36:27,662 - INFO - [268/300] | train_loss: 0.03692
2025-09-04 20:36:28,918 - INFO - [269/300] | train_loss: 0.04076
2025-09-04 20:36:30,176 - INFO - [270/300] | train_loss: 0.04266
2025-09-04 20:36:30,281 - INFO - ----------
2025-09-04 20:36:30,281 - INFO - evaluation dataset type: valid
2025-09-04 20:36:30,296 - INFO - node    precision | micro: 0.750000; macro: 0.683333; score: [0.83333333 0.6        1.         0.         0.66666667 1.        ]
2025-09-04 20:36:30,296 - INFO - node    recall    | micro: 0.937500; macro: 0.777778; score: [1.         1.         0.66666667 0.         1.         1.        ]
2025-09-04 20:36:30,296 - INFO - node    f1        | micro: 0.833333; macro: 0.709848; score: [0.90909091 0.75       0.8        0.         0.8        1.        ]
2025-09-04 20:36:30,312 - INFO - service precision | micro: 0.650000; macro: 0.533333; score: [1.         0.66666667 0.33333333 0.         1.         0.
 1.         0.         0.8       ]
2025-09-04 20:36:30,312 - INFO - service recall    | micro: 0.541667; macro: 0.544444; score: [1.  1.  0.5 0.  0.4 0.  1.  0.  1. ]
2025-09-04 20:36:30,312 - INFO - service f1        | micro: 0.590909; macro: 0.517813; score: [1.         0.8        0.4        0.         0.57142857 0.
 1.         0.         0.88888889]
2025-09-04 20:36:30,339 - INFO - pod     precision | micro: 0.620968; macro: 0.608212; score: [0.83333333 0.55       0.32352941 0.45454545 0.8125     0.
 1.         0.5        1.        ]
2025-09-04 20:36:30,339 - INFO - pod     recall    | micro: 0.663793; macro: 0.705924; score: [1.         1.         0.55       0.23809524 0.56521739 0.
 1.         1.         1.        ]
2025-09-04 20:36:30,339 - INFO - pod     f1        | micro: 0.641667; macro: 0.630223; score: [0.90909091 0.70967742 0.40740741 0.3125     0.66666667 0.
 1.         0.66666667 1.        ]
2025-09-04 20:36:30,339 - INFO - ----------
2025-09-04 20:36:31,611 - INFO - [271/300] | train_loss: 0.06066
2025-09-04 20:36:32,870 - INFO - [272/300] | train_loss: 0.05832
2025-09-04 20:36:34,126 - INFO - [273/300] | train_loss: 0.05186
2025-09-04 20:36:35,380 - INFO - [274/300] | train_loss: 0.03548
2025-09-04 20:36:36,633 - INFO - [275/300] | train_loss: 0.04868
2025-09-04 20:36:37,886 - INFO - [276/300] | train_loss: 0.06151
2025-09-04 20:36:39,140 - INFO - [277/300] | train_loss: 0.05633
2025-09-04 20:36:40,409 - INFO - [278/300] | train_loss: 0.04079
2025-09-04 20:36:41,684 - INFO - [279/300] | train_loss: 0.03901
2025-09-04 20:36:42,958 - INFO - [280/300] | train_loss: 0.04576
2025-09-04 20:36:43,062 - INFO - ----------
2025-09-04 20:36:43,062 - INFO - evaluation dataset type: valid
2025-09-04 20:36:43,077 - INFO - node    precision | micro: 0.736842; macro: 0.666667; score: [0.83333333 0.5        1.         0.         0.66666667 1.        ]
2025-09-04 20:36:43,077 - INFO - node    recall    | micro: 0.875000; macro: 0.722222; score: [1.         0.66666667 0.66666667 0.         1.         1.        ]
2025-09-04 20:36:43,077 - INFO - node    f1        | micro: 0.800000; macro: 0.680087; score: [0.90909091 0.57142857 0.8        0.         0.8        1.        ]
2025-09-04 20:36:43,093 - INFO - service precision | micro: 0.583333; macro: 0.482407; score: [1.         0.5        0.375      0.         0.66666667 0.
 1.         0.         0.8       ]
2025-09-04 20:36:43,094 - INFO - service recall    | micro: 0.583333; macro: 0.572222; score: [1.   1.   0.75 0.   0.4  0.   1.   0.   1.  ]
2025-09-04 20:36:43,094 - INFO - service f1        | micro: 0.583333; macro: 0.506173; score: [1.         0.66666667 0.5        0.         0.5        0.
 1.         0.         0.88888889]
2025-09-04 20:36:43,120 - INFO - pod     precision | micro: 0.578947; macro: 0.572090; score: [0.83333333 0.55       0.36666667 0.35714286 0.54166667 0.
 1.         0.5        1.        ]
2025-09-04 20:36:43,120 - INFO - pod     recall    | micro: 0.663793; macro: 0.705924; score: [1.         1.         0.55       0.23809524 0.56521739 0.
 1.         1.         1.        ]
2025-09-04 20:36:43,121 - INFO - pod     f1        | micro: 0.618474; macro: 0.618260; score: [0.90909091 0.70967742 0.44       0.28571429 0.55319149 0.
 1.         0.66666667 1.        ]
2025-09-04 20:36:43,121 - INFO - ----------
2025-09-04 20:36:44,392 - INFO - [281/300] | train_loss: 0.04063
2025-09-04 20:36:45,651 - INFO - [282/300] | train_loss: 0.04112
2025-09-04 20:36:46,911 - INFO - [283/300] | train_loss: 0.06625
2025-09-04 20:36:48,186 - INFO - [284/300] | train_loss: 0.06447
2025-09-04 20:36:49,468 - INFO - [285/300] | train_loss: 0.04555
2025-09-04 20:36:50,736 - INFO - [286/300] | train_loss: 0.03308
2025-09-04 20:36:52,007 - INFO - [287/300] | train_loss: 0.03379
2025-09-04 20:36:53,272 - INFO - [288/300] | train_loss: 0.03626
2025-09-04 20:36:54,536 - INFO - [289/300] | train_loss: 0.03675
2025-09-04 20:36:55,806 - INFO - [290/300] | train_loss: 0.05162
2025-09-04 20:36:55,911 - INFO - ----------
2025-09-04 20:36:55,912 - INFO - evaluation dataset type: valid
2025-09-04 20:36:55,927 - INFO - node    precision | micro: 0.714286; macro: 0.627778; score: [0.83333333 0.6        0.66666667 0.         0.66666667 1.        ]
2025-09-04 20:36:55,927 - INFO - node    recall    | micro: 0.937500; macro: 0.777778; score: [1.         1.         0.66666667 0.         1.         1.        ]
2025-09-04 20:36:55,927 - INFO - node    f1        | micro: 0.810811; macro: 0.687626; score: [0.90909091 0.75       0.66666667 0.         0.8        1.        ]
2025-09-04 20:36:55,943 - INFO - service precision | micro: 0.764706; macro: 0.592593; score: [1.         0.66666667 0.5        0.5        0.66666667 0.
 1.         0.         1.        ]
2025-09-04 20:36:55,943 - INFO - service recall    | micro: 0.541667; macro: 0.538889; score: [1.   1.   0.25 0.2  0.4  0.   1.   0.   1.  ]
2025-09-04 20:36:55,944 - INFO - service f1        | micro: 0.634146; macro: 0.546561; score: [1.         0.8        0.33333333 0.28571429 0.5        0.
 1.         0.         1.        ]
2025-09-04 20:36:55,970 - INFO - pod     precision | micro: 0.605839; macro: 0.571274; score: [0.83333333 0.57894737 0.42307692 0.42105263 0.55172414 0.
 1.         0.33333333 1.        ]
2025-09-04 20:36:55,971 - INFO - pod     recall    | micro: 0.715517; macro: 0.736289; score: [1.         1.         0.55       0.38095238 0.69565217 0.
 1.         1.         1.        ]
2025-09-04 20:36:55,971 - INFO - pod     f1        | micro: 0.656126; macro: 0.626230; score: [0.90909091 0.73333333 0.47826087 0.4        0.61538462 0.
 1.         0.5        1.        ]
2025-09-04 20:36:55,971 - INFO - ----------
2025-09-04 20:36:57,228 - INFO - [291/300] | train_loss: 0.04824
2025-09-04 20:36:58,485 - INFO - [292/300] | train_loss: 0.06424
2025-09-04 20:36:59,747 - INFO - [293/300] | train_loss: 0.02850
2025-09-04 20:37:01,008 - INFO - [294/300] | train_loss: 0.04357
2025-09-04 20:37:02,268 - INFO - [295/300] | train_loss: 0.02919
2025-09-04 20:37:03,531 - INFO - [296/300] | train_loss: 0.05507
2025-09-04 20:37:04,803 - INFO - [297/300] | train_loss: 0.06420
2025-09-04 20:37:06,062 - INFO - [298/300] | train_loss: 0.03866
2025-09-04 20:37:07,320 - INFO - [299/300] | train_loss: 0.04754
2025-09-04 20:37:07,952 - INFO - ----------
2025-09-04 20:37:07,952 - INFO - evaluation dataset type: test
2025-09-04 20:37:07,972 - INFO - node    precision | micro: 0.559633; macro: 0.581765; score: [0.82352941 0.4        0.7        0.36       0.64705882 0.56      ]
2025-09-04 20:37:07,972 - INFO - node    recall    | micro: 0.910448; macro: 0.897487; score: [1.         0.85714286 0.77777778 0.75       1.         1.        ]
2025-09-04 20:37:07,972 - INFO - node    f1        | micro: 0.693182; macro: 0.695945; score: [0.90322581 0.54545455 0.73684211 0.48648649 0.78571429 0.71794872]
2025-09-04 20:37:07,999 - INFO - service precision | micro: 0.706522; macro: 0.735714; score: [0.9        1.         0.45454545 0.4        0.75       0.63636364
 0.90909091 1.         0.57142857]
2025-09-04 20:37:07,999 - INFO - service recall    | micro: 0.738636; macro: 0.779630; score: [1.         1.         0.5        0.5        0.75       0.46666667
 1.         1.         0.8       ]
2025-09-04 20:37:07,999 - INFO - service f1        | micro: 0.722222; macro: 0.752835; score: [0.94736842 1.         0.47619048 0.44444444 0.75       0.53846154
 0.95238095 1.         0.66666667]
2025-09-04 20:37:08,076 - INFO - pod     precision | micro: 0.657993; macro: 0.703278; score: [0.92156863 0.80357143 0.42372881 0.34408602 0.61643836 0.63095238
 0.96226415 0.94117647 0.68571429]
2025-09-04 20:37:08,077 - INFO - pod     recall    | micro: 0.808219; macro: 0.830718; score: [1.         0.97826087 0.51020408 0.51612903 0.80357143 0.77941176
 1.         1.         0.88888889]
2025-09-04 20:37:08,077 - INFO - pod     f1        | micro: 0.725410; macro: 0.759678; score: [0.95918367 0.88235294 0.46296296 0.41290323 0.69767442 0.69736842
 0.98076923 0.96969697 0.77419355]
2025-09-04 20:37:08,077 - INFO - ----------
----GATNet----
GAT_name1:  GATConv
GAT_name2:  GATv2Conv
activ_fun1:  leaky_relu
activ_fun2:  relu6
begin----------------------------------------
Running: python ./HolisticRCA/trainer/a_rca_trainer.py   --model_path /root/shared-nvme/work/code/RCA/HolisticRCA/model/a/checkpoint/main.pt   --epochs 300   --orl_te_heads 2   --orl_te_layers 2   --orl_te_in_channels 256   --efi_in_dim 256   --efi_te_heads 4   --efi_te_layers 2   --efi_out_dim 256   --eff_in_dim 256   --eff_GAT_out_channels 128   --eff_GAT_heads 2   --batch_size 64   --eff_GAT_dropout 0.1           --GAT_name1 GATConv           --GAT_name2 GATv2Conv           --activ_fun1 relu6           --activ_fun2 leaky_relu
2025-09-04 20:37:16,072 - INFO - [0/300] | train_loss: 3.93938
2025-09-04 20:37:16,179 - INFO - ----------
2025-09-04 20:37:16,180 - INFO - evaluation dataset type: valid
2025-09-04 20:37:16,196 - INFO - node    precision | micro: 0.013311; macro: 0.022737; score: [0.05128205 0.         0.00833333 0.         0.01680672 0.06      ]
2025-09-04 20:37:16,196 - INFO - node    recall    | micro: 0.500000; macro: 0.455556; score: [0.4        0.         0.33333333 0.         1.         1.        ]
2025-09-04 20:37:16,196 - INFO - node    f1        | micro: 0.025932; macro: 0.042239; score: [0.09090909 0.         0.01626016 0.         0.03305785 0.11320755]
2025-09-04 20:37:16,215 - INFO - service precision | micro: 0.007648; macro: 0.085486; score: [0.00568182 0.00408163 0.00666667 0.00948767 0.4        0.
 0.33333333 0.         0.01012658]
2025-09-04 20:37:16,215 - INFO - service recall    | micro: 0.833333; macro: 0.711111; score: [1.  1.  1.  1.  0.4 0.  1.  0.  1. ]
2025-09-04 20:37:16,215 - INFO - service f1        | micro: 0.015157; macro: 0.107947; score: [0.01129944 0.00813008 0.01324503 0.01879699 0.4        0.
 0.5        0.         0.02005013]
2025-09-04 20:37:16,251 - INFO - pod     precision | micro: 0.010078; macro: 0.066939; score: [0.53333333 0.01956522 0.         0.01204013 0.01444623 0.00101112
 0.00372936 0.00793651 0.01038819]
2025-09-04 20:37:16,251 - INFO - pod     recall    | micro: 0.698276; macro: 0.723104; score: [0.8        0.81818182 0.         0.85714286 0.7826087  0.25
 1.         1.         1.        ]
2025-09-04 20:37:16,251 - INFO - pod     f1        | micro: 0.019870; macro: 0.086232; score: [0.64       0.03821656 0.         0.0237467  0.02836879 0.0020141
 0.007431   0.01574803 0.02056277]
2025-09-04 20:37:16,251 - INFO - ----------
2025-09-04 20:37:17,544 - INFO - [1/300] | train_loss: 3.41036
2025-09-04 20:37:18,840 - INFO - [2/300] | train_loss: 2.83695
2025-09-04 20:37:20,145 - INFO - [3/300] | train_loss: 2.25127
2025-09-04 20:37:21,455 - INFO - [4/300] | train_loss: 1.84405
2025-09-04 20:37:22,793 - INFO - [5/300] | train_loss: 1.50388
2025-09-04 20:37:24,129 - INFO - [6/300] | train_loss: 1.27354
2025-09-04 20:37:25,459 - INFO - [7/300] | train_loss: 1.08044
2025-09-04 20:37:26,790 - INFO - [8/300] | train_loss: 0.92830
2025-09-04 20:37:28,152 - INFO - [9/300] | train_loss: 0.81621
2025-09-04 20:37:29,496 - INFO - [10/300] | train_loss: 0.72752
2025-09-04 20:37:29,599 - INFO - ----------
2025-09-04 20:37:29,599 - INFO - evaluation dataset type: valid
2025-09-04 20:37:29,616 - INFO - node    precision | micro: 0.217391; macro: 0.225466; score: [0.3125     0.23076923 0.14285714 0.         0.33333333 0.33333333]
2025-09-04 20:37:29,616 - INFO - node    recall    | micro: 0.937500; macro: 0.777778; score: [1.         1.         0.66666667 0.         1.         1.        ]
2025-09-04 20:37:29,616 - INFO - node    f1        | micro: 0.352941; macro: 0.347747; score: [0.47619048 0.375      0.23529412 0.         0.5        0.5       ]
2025-09-04 20:37:29,633 - INFO - service precision | micro: 0.146154; macro: 0.156622; score: [0.2        0.18181818 0.04761905 0.14285714 0.25       0.
 0.14285714 0.         0.44444444]
2025-09-04 20:37:29,633 - INFO - service recall    | micro: 0.791667; macro: 0.677778; score: [1.  1.  0.5 0.6 1.  0.  1.  0.  1. ]
2025-09-04 20:37:29,633 - INFO - service f1        | micro: 0.246753; macro: 0.247126; score: [0.33333333 0.30769231 0.08695652 0.23076923 0.4        0.
 0.25       0.         0.61538462]
2025-09-04 20:37:29,662 - INFO - pod     precision | micro: 0.135734; macro: 0.158882; score: [0.20833333 0.2244898  0.08074534 0.12244898 0.22222222 0.02459016
 0.14583333 0.0212766  0.38      ]
2025-09-04 20:37:29,662 - INFO - pod     recall    | micro: 0.844828; macro: 0.880883; score: [1.         1.         0.65       0.57142857 0.95652174 0.75
 1.         1.         1.        ]
2025-09-04 20:37:29,662 - INFO - pod     f1        | micro: 0.233890; macro: 0.256893; score: [0.34482759 0.36666667 0.14364641 0.20168067 0.36065574 0.04761905
 0.25454545 0.04166667 0.55072464]
2025-09-04 20:37:29,662 - INFO - ----------
2025-09-04 20:37:30,974 - INFO - [11/300] | train_loss: 0.70113
2025-09-04 20:37:32,284 - INFO - [12/300] | train_loss: 0.59558
2025-09-04 20:37:33,590 - INFO - [13/300] | train_loss: 0.55479
2025-09-04 20:37:34,894 - INFO - [14/300] | train_loss: 0.57883
2025-09-04 20:37:36,205 - INFO - [15/300] | train_loss: 0.54361
2025-09-04 20:37:37,509 - INFO - [16/300] | train_loss: 0.50620
2025-09-04 20:37:38,808 - INFO - [17/300] | train_loss: 0.44984
2025-09-04 20:37:40,120 - INFO - [18/300] | train_loss: 0.39314
2025-09-04 20:37:41,432 - INFO - [19/300] | train_loss: 0.39164
2025-09-04 20:37:42,740 - INFO - [20/300] | train_loss: 0.37824
2025-09-04 20:37:42,842 - INFO - ----------
2025-09-04 20:37:42,842 - INFO - evaluation dataset type: valid
2025-09-04 20:37:42,858 - INFO - node    precision | micro: 0.400000; macro: 0.403704; score: [0.55555556 0.2        0.66666667 0.         0.4        0.6       ]
2025-09-04 20:37:42,858 - INFO - node    recall    | micro: 0.875000; macro: 0.722222; score: [1.         0.66666667 0.66666667 0.         1.         1.        ]
2025-09-04 20:37:42,859 - INFO - node    f1        | micro: 0.549020; macro: 0.501679; score: [0.71428571 0.30769231 0.66666667 0.         0.57142857 0.75      ]
2025-09-04 20:37:42,875 - INFO - service precision | micro: 0.195402; macro: 0.167520; score: [0.18181818 0.18181818 0.13333333 0.2        0.28571429 0.
 0.125      0.         0.4       ]
2025-09-04 20:37:42,875 - INFO - service recall    | micro: 0.708333; macro: 0.633333; score: [1.  1.  0.5 0.4 0.8 0.  1.  0.  1. ]
2025-09-04 20:37:42,875 - INFO - service f1        | micro: 0.306306; macro: 0.256365; score: [0.30769231 0.30769231 0.21052632 0.26666667 0.42105263 0.
 0.22222222 0.         0.57142857]
2025-09-04 20:37:42,904 - INFO - pod     precision | micro: 0.176583; macro: 0.172531; score: [0.2173913  0.22916667 0.14606742 0.14084507 0.2247191  0.02040816
 0.14893617 0.02941176 0.39583333]
2025-09-04 20:37:42,904 - INFO - pod     recall    | micro: 0.793103; macro: 0.805084; score: [1.         1.         0.65       0.47619048 0.86956522 0.25
 1.         1.         1.        ]
2025-09-04 20:37:42,904 - INFO - pod     f1        | micro: 0.288854; macro: 0.273821; score: [0.35714286 0.37288136 0.23853211 0.2173913  0.35714286 0.03773585
 0.25925926 0.05714286 0.56716418]
2025-09-04 20:37:42,904 - INFO - ----------
2025-09-04 20:37:44,326 - INFO - [21/300] | train_loss: 0.36611
2025-09-04 20:37:45,648 - INFO - [22/300] | train_loss: 0.34680
2025-09-04 20:37:46,977 - INFO - [23/300] | train_loss: 0.33527
2025-09-04 20:37:48,289 - INFO - [24/300] | train_loss: 0.29650
2025-09-04 20:37:49,600 - INFO - [25/300] | train_loss: 0.28613
2025-09-04 20:37:50,920 - INFO - [26/300] | train_loss: 0.28398
2025-09-04 20:37:52,266 - INFO - [27/300] | train_loss: 0.26154
2025-09-04 20:37:53,579 - INFO - [28/300] | train_loss: 0.24763
2025-09-04 20:37:54,890 - INFO - [29/300] | train_loss: 0.24441
2025-09-04 20:37:56,211 - INFO - [30/300] | train_loss: 0.23504
2025-09-04 20:37:56,324 - INFO - ----------
2025-09-04 20:37:56,324 - INFO - evaluation dataset type: valid
2025-09-04 20:37:56,341 - INFO - node    precision | micro: 0.454545; macro: 0.482492; score: [0.55555556 0.27272727 0.66666667 0.         0.4        1.        ]
2025-09-04 20:37:56,341 - INFO - node    recall    | micro: 0.937500; macro: 0.777778; score: [1.         1.         0.66666667 0.         1.         1.        ]
2025-09-04 20:37:56,341 - INFO - node    f1        | micro: 0.612245; macro: 0.563492; score: [0.71428571 0.42857143 0.66666667 0.         0.57142857 1.        ]
2025-09-04 20:37:56,360 - INFO - service precision | micro: 0.209302; macro: 0.186075; score: [0.2        0.15384615 0.1875     0.2        0.26666667 0.
 0.16666667 0.         0.5       ]
2025-09-04 20:37:56,361 - INFO - service recall    | micro: 0.750000; macro: 0.661111; score: [1.   1.   0.75 0.4  0.8  0.   1.   0.   1.  ]
2025-09-04 20:37:56,361 - INFO - service f1        | micro: 0.327273; macro: 0.279894; score: [0.33333333 0.26666667 0.3        0.26666667 0.4        0.
 0.28571429 0.         0.66666667]
2025-09-04 20:37:56,389 - INFO - pod     precision | micro: 0.198758; macro: 0.191197; score: [0.27027027 0.22916667 0.1588785  0.14102564 0.2183908  0.05
 0.21875    0.03846154 0.39583333]
2025-09-04 20:37:56,389 - INFO - pod     recall    | micro: 0.827586; macro: 0.827766; score: [1.         1.         0.85       0.52380952 0.82608696 0.25
 1.         1.         1.        ]
2025-09-04 20:37:56,390 - INFO - pod     f1        | micro: 0.320534; macro: 0.301928; score: [0.42553191 0.37288136 0.26771654 0.22222222 0.34545455 0.08333333
 0.35897436 0.07407407 0.56716418]
2025-09-04 20:37:56,390 - INFO - ----------
2025-09-04 20:37:57,704 - INFO - [31/300] | train_loss: 0.24974
2025-09-04 20:37:59,041 - INFO - [32/300] | train_loss: 0.21476
2025-09-04 20:38:00,359 - INFO - [33/300] | train_loss: 0.22215
2025-09-04 20:38:01,671 - INFO - [34/300] | train_loss: 0.22885
2025-09-04 20:38:02,995 - INFO - [35/300] | train_loss: 0.23491
2025-09-04 20:38:04,305 - INFO - [36/300] | train_loss: 0.19542
2025-09-04 20:38:05,649 - INFO - [37/300] | train_loss: 0.18773
2025-09-04 20:38:06,983 - INFO - [38/300] | train_loss: 0.19177
2025-09-04 20:38:08,344 - INFO - [39/300] | train_loss: 0.19646
2025-09-04 20:38:09,679 - INFO - [40/300] | train_loss: 0.19736
2025-09-04 20:38:09,789 - INFO - ----------
2025-09-04 20:38:09,789 - INFO - evaluation dataset type: valid
2025-09-04 20:38:09,805 - INFO - node    precision | micro: 0.468750; macro: 0.445833; score: [0.625 0.3   0.5   0.    0.5   0.75 ]
2025-09-04 20:38:09,805 - INFO - node    recall    | micro: 0.937500; macro: 0.777778; score: [1.         1.         0.66666667 0.         1.         1.        ]
2025-09-04 20:38:09,806 - INFO - node    f1        | micro: 0.625000; macro: 0.554335; score: [0.76923077 0.46153846 0.57142857 0.         0.66666667 0.85714286]
2025-09-04 20:38:09,823 - INFO - service precision | micro: 0.229730; macro: 0.210802; score: [0.4        0.14285714 0.21428571 0.22222222 0.375      0.
 0.14285714 0.         0.4       ]
2025-09-04 20:38:09,823 - INFO - service recall    | micro: 0.708333; macro: 0.638889; score: [1.   1.   0.75 0.4  0.6  0.   1.   0.   1.  ]
2025-09-04 20:38:09,823 - INFO - service f1        | micro: 0.346939; macro: 0.302605; score: [0.57142857 0.25       0.33333333 0.28571429 0.46153846 0.
 0.25       0.         0.57142857]
2025-09-04 20:38:09,852 - INFO - pod     precision | micro: 0.255952; macro: 0.256365; score: [0.52631579 0.23404255 0.2        0.15254237 0.26666667 0.
 0.25925926 0.05555556 0.61290323]
2025-09-04 20:38:09,852 - INFO - pod     recall    | micro: 0.741379; macro: 0.752692; score: [1.         1.         0.65       0.42857143 0.69565217 0.
 1.         1.         1.        ]
2025-09-04 20:38:09,852 - INFO - pod     f1        | micro: 0.380531; macro: 0.362491; score: [0.68965517 0.37931034 0.30588235 0.225      0.38554217 0.
 0.41176471 0.10526316 0.76      ]
2025-09-04 20:38:09,852 - INFO - ----------
2025-09-04 20:38:11,164 - INFO - [41/300] | train_loss: 0.18768
2025-09-04 20:38:12,478 - INFO - [42/300] | train_loss: 0.20375
2025-09-04 20:38:13,803 - INFO - [43/300] | train_loss: 0.18455
2025-09-04 20:38:15,136 - INFO - [44/300] | train_loss: 0.19833
2025-09-04 20:38:16,497 - INFO - [45/300] | train_loss: 0.17784
2025-09-04 20:38:17,830 - INFO - [46/300] | train_loss: 0.16838
2025-09-04 20:38:19,140 - INFO - [47/300] | train_loss: 0.15769
2025-09-04 20:38:20,454 - INFO - [48/300] | train_loss: 0.16483
2025-09-04 20:38:21,842 - INFO - [49/300] | train_loss: 0.15162
2025-09-04 20:38:23,169 - INFO - [50/300] | train_loss: 0.14566
2025-09-04 20:38:23,277 - INFO - ----------
2025-09-04 20:38:23,277 - INFO - evaluation dataset type: valid
2025-09-04 20:38:23,293 - INFO - node    precision | micro: 0.535714; macro: 0.514881; score: [0.71428571 0.375      0.5        0.         0.5        1.        ]
2025-09-04 20:38:23,293 - INFO - node    recall    | micro: 0.937500; macro: 0.777778; score: [1.         1.         0.66666667 0.         1.         1.        ]
2025-09-04 20:38:23,294 - INFO - node    f1        | micro: 0.681818; macro: 0.602814; score: [0.83333333 0.54545455 0.57142857 0.         0.66666667 1.        ]
2025-09-04 20:38:23,310 - INFO - service precision | micro: 0.261538; macro: 0.225758; score: [0.4        0.18181818 0.2        0.22222222 0.33333333 0.
 0.25       0.         0.44444444]
2025-09-04 20:38:23,310 - INFO - service recall    | micro: 0.708333; macro: 0.638889; score: [1.   1.   0.75 0.4  0.6  0.   1.   0.   1.  ]
2025-09-04 20:38:23,310 - INFO - service f1        | micro: 0.382022; macro: 0.324953; score: [0.57142857 0.30769231 0.31578947 0.28571429 0.42857143 0.
 0.4        0.         0.61538462]
2025-09-04 20:38:23,338 - INFO - pod     precision | micro: 0.249307; macro: 0.280489; score: [0.71428571 0.23913043 0.17777778 0.16666667 0.25373134 0.
 0.30434783 0.05555556 0.61290323]
2025-09-04 20:38:23,338 - INFO - pod     recall    | micro: 0.775862; macro: 0.774189; score: [1.         1.         0.8        0.42857143 0.73913043 0.
 1.         1.         1.        ]
2025-09-04 20:38:23,338 - INFO - pod     f1        | micro: 0.377358; macro: 0.384435; score: [0.83333333 0.38596491 0.29090909 0.24       0.37777778 0.
 0.46666667 0.10526316 0.76      ]
2025-09-04 20:38:23,338 - INFO - ----------
2025-09-04 20:38:24,657 - INFO - [51/300] | train_loss: 0.13141
2025-09-04 20:38:25,995 - INFO - [52/300] | train_loss: 0.13903
2025-09-04 20:38:27,314 - INFO - [53/300] | train_loss: 0.13857
2025-09-04 20:38:28,643 - INFO - [54/300] | train_loss: 0.13937
2025-09-04 20:38:29,978 - INFO - [55/300] | train_loss: 0.12227
2025-09-04 20:38:31,300 - INFO - [56/300] | train_loss: 0.12744
2025-09-04 20:38:32,607 - INFO - [57/300] | train_loss: 0.15828
2025-09-04 20:38:33,938 - INFO - [58/300] | train_loss: 0.11824
2025-09-04 20:38:35,284 - INFO - [59/300] | train_loss: 0.11508
2025-09-04 20:38:36,612 - INFO - [60/300] | train_loss: 0.10390
2025-09-04 20:38:36,719 - INFO - ----------
2025-09-04 20:38:36,719 - INFO - evaluation dataset type: valid
2025-09-04 20:38:36,735 - INFO - node    precision | micro: 0.500000; macro: 0.450595; score: [0.625      0.42857143 0.4        0.         0.5        0.75      ]
2025-09-04 20:38:36,735 - INFO - node    recall    | micro: 0.937500; macro: 0.777778; score: [1.         1.         0.66666667 0.         1.         1.        ]
2025-09-04 20:38:36,735 - INFO - node    f1        | micro: 0.652174; macro: 0.565507; score: [0.76923077 0.6        0.5        0.         0.66666667 0.85714286]
2025-09-04 20:38:36,752 - INFO - service precision | micro: 0.311111; macro: 0.325573; score: [0.66666667 0.28571429 0.16666667 0.11111111 0.6        0.
 0.5        0.         0.6       ]
2025-09-04 20:38:36,752 - INFO - service recall    | micro: 0.583333; macro: 0.561111; score: [1.   1.   0.5  0.2  0.6  0.   1.   0.   0.75]
2025-09-04 20:38:36,752 - INFO - service f1        | micro: 0.405797; macro: 0.396737; score: [0.8        0.44444444 0.25       0.14285714 0.6        0.
 0.66666667 0.         0.66666667]
2025-09-04 20:38:36,780 - INFO - pod     precision | micro: 0.325758; macro: 0.355148; score: [0.90909091 0.28947368 0.25       0.16666667 0.31481481 0.
 0.5        0.11111111 0.65517241]
2025-09-04 20:38:36,780 - INFO - pod     recall    | micro: 0.741379; macro: 0.752231; score: [1.         1.         0.65       0.38095238 0.73913043 0.
 1.         1.         1.        ]
2025-09-04 20:38:36,780 - INFO - pod     f1        | micro: 0.452632; macro: 0.454916; score: [0.95238095 0.44897959 0.36111111 0.23188406 0.44155844 0.
 0.66666667 0.2        0.79166667]
2025-09-04 20:38:36,780 - INFO - ----------
2025-09-04 20:38:38,092 - INFO - [61/300] | train_loss: 0.12619
2025-09-04 20:38:39,432 - INFO - [62/300] | train_loss: 0.10260
2025-09-04 20:38:40,745 - INFO - [63/300] | train_loss: 0.12284
2025-09-04 20:38:42,057 - INFO - [64/300] | train_loss: 0.12449
2025-09-04 20:38:43,396 - INFO - [65/300] | train_loss: 0.11740
2025-09-04 20:38:44,728 - INFO - [66/300] | train_loss: 0.10765
2025-09-04 20:38:46,045 - INFO - [67/300] | train_loss: 0.10406
2025-09-04 20:38:47,364 - INFO - [68/300] | train_loss: 0.09996
2025-09-04 20:38:48,697 - INFO - [69/300] | train_loss: 0.10434
2025-09-04 20:38:50,007 - INFO - [70/300] | train_loss: 0.12271
2025-09-04 20:38:50,113 - INFO - ----------
2025-09-04 20:38:50,113 - INFO - evaluation dataset type: valid
2025-09-04 20:38:50,129 - INFO - node    precision | micro: 0.560000; macro: 0.535714; score: [0.71428571 0.33333333 0.66666667 0.         0.5        1.        ]
2025-09-04 20:38:50,129 - INFO - node    recall    | micro: 0.875000; macro: 0.722222; score: [1.         0.66666667 0.66666667 0.         1.         1.        ]
2025-09-04 20:38:50,129 - INFO - node    f1        | micro: 0.682927; macro: 0.601852; score: [0.83333333 0.44444444 0.66666667 0.         0.66666667 1.        ]
2025-09-04 20:38:50,145 - INFO - service precision | micro: 0.341463; macro: 0.373457; score: [1.         0.4        0.25       0.11111111 0.66666667 0.
 0.33333333 0.         0.6       ]
2025-09-04 20:38:50,146 - INFO - service recall    | micro: 0.583333; macro: 0.566667; score: [1.   1.   0.75 0.2  0.4  0.   1.   0.   0.75]
2025-09-04 20:38:50,146 - INFO - service f1        | micro: 0.430769; macro: 0.417328; score: [1.         0.57142857 0.375      0.14285714 0.5        0.
 0.5        0.         0.66666667]
2025-09-04 20:38:50,173 - INFO - pod     precision | micro: 0.326996; macro: 0.373123; score: [0.90909091 0.28947368 0.20289855 0.15384615 0.3902439  0.
 0.63636364 0.14285714 0.63333333]
2025-09-04 20:38:50,173 - INFO - pod     recall    | micro: 0.741379; macro: 0.752956; score: [1.         1.         0.7        0.38095238 0.69565217 0.
 1.         1.         1.        ]
2025-09-04 20:38:50,173 - INFO - pod     f1        | micro: 0.453826; macro: 0.470937; score: [0.95238095 0.44897959 0.31460674 0.21917808 0.5        0.
 0.77777778 0.25       0.7755102 ]
2025-09-04 20:38:50,173 - INFO - ----------
2025-09-04 20:38:51,500 - INFO - [71/300] | train_loss: 0.09354
2025-09-04 20:38:52,823 - INFO - [72/300] | train_loss: 0.10060
2025-09-04 20:38:54,148 - INFO - [73/300] | train_loss: 0.10576
2025-09-04 20:38:55,472 - INFO - [74/300] | train_loss: 0.07393
2025-09-04 20:38:56,788 - INFO - [75/300] | train_loss: 0.09922
2025-09-04 20:38:58,105 - INFO - [76/300] | train_loss: 0.09765
2025-09-04 20:38:59,430 - INFO - [77/300] | train_loss: 0.09333
2025-09-04 20:39:00,749 - INFO - [78/300] | train_loss: 0.09158
2025-09-04 20:39:02,081 - INFO - [79/300] | train_loss: 0.10765
2025-09-04 20:39:03,422 - INFO - [80/300] | train_loss: 0.07582
2025-09-04 20:39:03,532 - INFO - ----------
2025-09-04 20:39:03,532 - INFO - evaluation dataset type: valid
2025-09-04 20:39:03,548 - INFO - node    precision | micro: 0.576923; macro: 0.551587; score: [0.71428571 0.42857143 0.66666667 0.         0.5        1.        ]
2025-09-04 20:39:03,548 - INFO - node    recall    | micro: 0.937500; macro: 0.777778; score: [1.         1.         0.66666667 0.         1.         1.        ]
2025-09-04 20:39:03,548 - INFO - node    f1        | micro: 0.714286; macro: 0.627778; score: [0.83333333 0.6        0.66666667 0.         0.66666667 1.        ]
2025-09-04 20:39:03,565 - INFO - service precision | micro: 0.361111; macro: 0.412037; score: [0.5        0.25       0.33333333 0.125      1.         0.
 1.         0.         0.5       ]
2025-09-04 20:39:03,565 - INFO - service recall    | micro: 0.541667; macro: 0.538889; score: [1.   1.   0.25 0.2  0.4  0.   1.   0.   1.  ]
2025-09-04 20:39:03,565 - INFO - service f1        | micro: 0.433333; macro: 0.416036; score: [0.66666667 0.4        0.28571429 0.15384615 0.57142857 0.
 1.         0.         0.66666667]
2025-09-04 20:39:03,593 - INFO - pod     precision | micro: 0.407035; macro: 0.427050; score: [0.90909091 0.37931034 0.38235294 0.15384615 0.4375     0.
 0.77777778 0.125      0.67857143]
2025-09-04 20:39:03,593 - INFO - pod     recall    | micro: 0.698276; macro: 0.727157; score: [1.         1.         0.65       0.28571429 0.60869565 0.
 1.         1.         1.        ]
2025-09-04 20:39:03,593 - INFO - pod     f1        | micro: 0.514286; macro: 0.510965; score: [0.95238095 0.55       0.48148148 0.2        0.50909091 0.
 0.875      0.22222222 0.80851064]
2025-09-04 20:39:03,593 - INFO - ----------
2025-09-04 20:39:04,916 - INFO - [81/300] | train_loss: 0.07090
2025-09-04 20:39:06,247 - INFO - [82/300] | train_loss: 0.08303
2025-09-04 20:39:07,578 - INFO - [83/300] | train_loss: 0.08248
2025-09-04 20:39:08,891 - INFO - [84/300] | train_loss: 0.06992
2025-09-04 20:39:10,216 - INFO - [85/300] | train_loss: 0.07187
2025-09-04 20:39:11,530 - INFO - [86/300] | train_loss: 0.07316
2025-09-04 20:39:12,871 - INFO - [87/300] | train_loss: 0.08446
2025-09-04 20:39:14,185 - INFO - [88/300] | train_loss: 0.08267
2025-09-04 20:39:15,500 - INFO - [89/300] | train_loss: 0.07653
2025-09-04 20:39:16,814 - INFO - [90/300] | train_loss: 0.07894
2025-09-04 20:39:16,917 - INFO - ----------
2025-09-04 20:39:16,917 - INFO - evaluation dataset type: valid
2025-09-04 20:39:16,933 - INFO - node    precision | micro: 0.625000; macro: 0.579365; score: [0.71428571 0.42857143 0.66666667 0.         0.66666667 1.        ]
2025-09-04 20:39:16,933 - INFO - node    recall    | micro: 0.937500; macro: 0.777778; score: [1.         1.         0.66666667 0.         1.         1.        ]
2025-09-04 20:39:16,933 - INFO - node    f1        | micro: 0.750000; macro: 0.650000; score: [0.83333333 0.6        0.66666667 0.         0.8        1.        ]
2025-09-04 20:39:16,949 - INFO - service precision | micro: 0.393939; macro: 0.474427; score: [1.         0.22222222 0.33333333 0.14285714 1.         0.
 1.         0.         0.57142857]
2025-09-04 20:39:16,949 - INFO - service recall    | micro: 0.541667; macro: 0.538889; score: [1.   1.   0.25 0.2  0.4  0.   1.   0.   1.  ]
2025-09-04 20:39:16,949 - INFO - service f1        | micro: 0.456140; macro: 0.457191; score: [1.         0.36363636 0.28571429 0.16666667 0.57142857 0.
 1.         0.         0.72727273]
2025-09-04 20:39:16,976 - INFO - pod     precision | micro: 0.436170; macro: 0.442326; score: [0.90909091 0.35483871 0.37142857 0.21875    0.4516129  0.
 0.77777778 0.16666667 0.73076923]
2025-09-04 20:39:16,976 - INFO - pod     recall    | micro: 0.706897; macro: 0.732448; score: [1.         1.         0.65       0.33333333 0.60869565 0.
 1.         1.         1.        ]
2025-09-04 20:39:16,976 - INFO - pod     f1        | micro: 0.539474; macro: 0.526305; score: [0.95238095 0.52380952 0.47272727 0.26415094 0.51851852 0.
 0.875      0.28571429 0.84444444]
2025-09-04 20:39:16,976 - INFO - ----------
2025-09-04 20:39:18,288 - INFO - [91/300] | train_loss: 0.07160
2025-09-04 20:39:19,612 - INFO - [92/300] | train_loss: 0.09814
2025-09-04 20:39:20,927 - INFO - [93/300] | train_loss: 0.07109
2025-09-04 20:39:22,235 - INFO - [94/300] | train_loss: 0.07208
2025-09-04 20:39:23,549 - INFO - [95/300] | train_loss: 0.06418
2025-09-04 20:39:24,864 - INFO - [96/300] | train_loss: 0.06951
2025-09-04 20:39:26,193 - INFO - [97/300] | train_loss: 0.07949
2025-09-04 20:39:27,529 - INFO - [98/300] | train_loss: 0.08839
2025-09-04 20:39:28,950 - INFO - [99/300] | train_loss: 0.08167
2025-09-04 20:39:30,268 - INFO - [100/300] | train_loss: 0.06092
2025-09-04 20:39:30,381 - INFO - ----------
2025-09-04 20:39:30,382 - INFO - evaluation dataset type: valid
2025-09-04 20:39:30,397 - INFO - node    precision | micro: 0.608696; macro: 0.563492; score: [0.71428571 0.5        0.66666667 0.         0.5        1.        ]
2025-09-04 20:39:30,397 - INFO - node    recall    | micro: 0.875000; macro: 0.722222; score: [1.         0.66666667 0.66666667 0.         1.         1.        ]
2025-09-04 20:39:30,397 - INFO - node    f1        | micro: 0.717949; macro: 0.623016; score: [0.83333333 0.57142857 0.66666667 0.         0.66666667 1.        ]
2025-09-04 20:39:30,413 - INFO - service precision | micro: 0.480000; macro: 0.500000; score: [1.         0.4        0.33333333 0.16666667 1.         0.
 1.         0.         0.6       ]
2025-09-04 20:39:30,414 - INFO - service recall    | micro: 0.500000; macro: 0.511111; score: [1.   1.   0.25 0.2  0.4  0.   1.   0.   0.75]
2025-09-04 20:39:30,414 - INFO - service f1        | micro: 0.489796; macro: 0.475228; score: [1.         0.57142857 0.28571429 0.18181818 0.57142857 0.
 1.         0.         0.66666667]
2025-09-04 20:39:30,440 - INFO - pod     precision | micro: 0.479042; macro: 0.482750; score: [0.90909091 0.40740741 0.42857143 0.22857143 0.44444444 0.
 1.         0.16666667 0.76      ]
2025-09-04 20:39:30,441 - INFO - pod     recall    | micro: 0.689655; macro: 0.722521; score: [1.         1.         0.6        0.38095238 0.52173913 0.
 1.         1.         1.        ]
2025-09-04 20:39:30,441 - INFO - pod     f1        | micro: 0.565371; macro: 0.549599; score: [0.95238095 0.57894737 0.5        0.28571429 0.48       0.
 1.         0.28571429 0.86363636]
2025-09-04 20:39:30,441 - INFO - ----------
2025-09-04 20:39:31,794 - INFO - [101/300] | train_loss: 0.08968
2025-09-04 20:39:33,115 - INFO - [102/300] | train_loss: 0.09834
2025-09-04 20:39:34,441 - INFO - [103/300] | train_loss: 0.09969
2025-09-04 20:39:35,759 - INFO - [104/300] | train_loss: 0.07956
2025-09-04 20:39:37,153 - INFO - [105/300] | train_loss: 0.09751
2025-09-04 20:39:38,473 - INFO - [106/300] | train_loss: 0.08135
2025-09-04 20:39:39,790 - INFO - [107/300] | train_loss: 0.06193
2025-09-04 20:39:41,111 - INFO - [108/300] | train_loss: 0.05544
2025-09-04 20:39:42,440 - INFO - [109/300] | train_loss: 0.08003
2025-09-04 20:39:43,779 - INFO - [110/300] | train_loss: 0.07599
2025-09-04 20:39:43,885 - INFO - ----------
2025-09-04 20:39:43,886 - INFO - evaluation dataset type: valid
2025-09-04 20:39:43,900 - INFO - node    precision | micro: 0.600000; macro: 0.579365; score: [0.71428571 0.42857143 0.66666667 0.         0.66666667 1.        ]
2025-09-04 20:39:43,901 - INFO - node    recall    | micro: 0.937500; macro: 0.777778; score: [1.         1.         0.66666667 0.         1.         1.        ]
2025-09-04 20:39:43,901 - INFO - node    f1        | micro: 0.731707; macro: 0.650000; score: [0.83333333 0.6        0.66666667 0.         0.8        1.        ]
2025-09-04 20:39:43,917 - INFO - service precision | micro: 0.451613; macro: 0.493519; score: [1.         0.4        0.25       0.125      0.66666667 0.
 1.         0.         1.        ]
2025-09-04 20:39:43,917 - INFO - service recall    | micro: 0.583333; macro: 0.566667; score: [1.  1.  0.5 0.2 0.4 0.  1.  0.  1. ]
2025-09-04 20:39:43,917 - INFO - service f1        | micro: 0.509091; macro: 0.506512; score: [1.         0.57142857 0.33333333 0.15384615 0.5        0.
 1.         0.         1.        ]
2025-09-04 20:39:43,944 - INFO - pod     precision | micro: 0.436842; macro: 0.482103; score: [0.83333333 0.5        0.28       0.22222222 0.51851852 0.
 1.         0.16666667 0.81818182]
2025-09-04 20:39:43,944 - INFO - pod     recall    | micro: 0.715517; macro: 0.737446; score: [1.         1.         0.7        0.38095238 0.60869565 0.
 1.         1.         0.94736842]
2025-09-04 20:39:43,944 - INFO - pod     f1        | micro: 0.542484; macro: 0.553358; score: [0.90909091 0.66666667 0.4        0.28070175 0.56       0.
 1.         0.28571429 0.87804878]
2025-09-04 20:39:43,944 - INFO - ----------
2025-09-04 20:39:45,267 - INFO - [111/300] | train_loss: 0.10073
2025-09-04 20:39:46,608 - INFO - [112/300] | train_loss: 0.09124
2025-09-04 20:39:47,933 - INFO - [113/300] | train_loss: 0.08746
2025-09-04 20:39:49,249 - INFO - [114/300] | train_loss: 0.08840
2025-09-04 20:39:50,563 - INFO - [115/300] | train_loss: 0.07775
2025-09-04 20:39:51,880 - INFO - [116/300] | train_loss: 0.11846
2025-09-04 20:39:53,217 - INFO - [117/300] | train_loss: 0.06066
2025-09-04 20:39:54,554 - INFO - [118/300] | train_loss: 0.10583
2025-09-04 20:39:55,874 - INFO - [119/300] | train_loss: 0.06392
2025-09-04 20:39:57,196 - INFO - [120/300] | train_loss: 0.05906
2025-09-04 20:39:57,301 - INFO - ----------
2025-09-04 20:39:57,301 - INFO - evaluation dataset type: valid
2025-09-04 20:39:57,317 - INFO - node    precision | micro: 0.625000; macro: 0.591270; score: [0.71428571 0.5        0.66666667 0.         0.66666667 1.        ]
2025-09-04 20:39:57,317 - INFO - node    recall    | micro: 0.937500; macro: 0.777778; score: [1.         1.         0.66666667 0.         1.         1.        ]
2025-09-04 20:39:57,317 - INFO - node    f1        | micro: 0.750000; macro: 0.661111; score: [0.83333333 0.66666667 0.66666667 0.         0.8        1.        ]
2025-09-04 20:39:57,334 - INFO - service precision | micro: 0.428571; macro: 0.459788; score: [0.66666667 0.4        0.25       0.25       1.         0.
 1.         0.         0.57142857]
2025-09-04 20:39:57,334 - INFO - service recall    | micro: 0.625000; macro: 0.594444; score: [1.   1.   0.75 0.2  0.4  0.   1.   0.   1.  ]
2025-09-04 20:39:57,334 - INFO - service f1        | micro: 0.508475; macro: 0.474150; score: [0.8        0.57142857 0.375      0.22222222 0.57142857 0.
 1.         0.         0.72727273]
2025-09-04 20:39:57,362 - INFO - pod     precision | micro: 0.379147; macro: 0.413753; score: [0.83333333 0.40740741 0.22058824 0.20689655 0.40740741 0.
 0.77777778 0.16666667 0.7037037 ]
2025-09-04 20:39:57,362 - INFO - pod     recall    | micro: 0.689655; macro: 0.723775; score: [1.         1.         0.75       0.28571429 0.47826087 0.
 1.         1.         1.        ]
2025-09-04 20:39:57,362 - INFO - pod     f1        | micro: 0.489297; macro: 0.499528; score: [0.90909091 0.57894737 0.34090909 0.24       0.44       0.
 0.875      0.28571429 0.82608696]
2025-09-04 20:39:57,362 - INFO - ----------
2025-09-04 20:39:58,678 - INFO - [121/300] | train_loss: 0.09092
2025-09-04 20:39:59,997 - INFO - [122/300] | train_loss: 0.06240
2025-09-04 20:40:01,308 - INFO - [123/300] | train_loss: 0.07029
2025-09-04 20:40:02,632 - INFO - [124/300] | train_loss: 0.06398
2025-09-04 20:40:03,948 - INFO - [125/300] | train_loss: 0.05290
2025-09-04 20:40:05,267 - INFO - [126/300] | train_loss: 0.05406
2025-09-04 20:40:06,607 - INFO - [127/300] | train_loss: 0.05267
2025-09-04 20:40:07,929 - INFO - [128/300] | train_loss: 0.06174
2025-09-04 20:40:09,256 - INFO - [129/300] | train_loss: 0.11020
2025-09-04 20:40:10,574 - INFO - [130/300] | train_loss: 0.06523
2025-09-04 20:40:10,685 - INFO - ----------
2025-09-04 20:40:10,685 - INFO - evaluation dataset type: valid
2025-09-04 20:40:10,701 - INFO - node    precision | micro: 0.625000; macro: 0.579365; score: [0.71428571 0.42857143 0.66666667 0.         0.66666667 1.        ]
2025-09-04 20:40:10,701 - INFO - node    recall    | micro: 0.937500; macro: 0.777778; score: [1.         1.         0.66666667 0.         1.         1.        ]
2025-09-04 20:40:10,701 - INFO - node    f1        | micro: 0.750000; macro: 0.650000; score: [0.83333333 0.6        0.66666667 0.         0.8        1.        ]
2025-09-04 20:40:10,717 - INFO - service precision | micro: 0.555556; macro: 0.584656; score: [1.         1.         0.42857143 0.16666667 1.         0.
 1.         0.         0.66666667]
2025-09-04 20:40:10,718 - INFO - service recall    | micro: 0.625000; macro: 0.594444; score: [1.   1.   0.75 0.2  0.4  0.   1.   0.   1.  ]
2025-09-04 20:40:10,718 - INFO - service f1        | micro: 0.588235; macro: 0.566522; score: [1.         1.         0.54545455 0.18181818 0.57142857 0.
 1.         0.         0.8       ]
2025-09-04 20:40:10,745 - INFO - pod     precision | micro: 0.484663; macro: 0.496542; score: [0.83333333 0.47826087 0.33333333 0.22222222 0.57142857 0.
 1.         0.16666667 0.86363636]
2025-09-04 20:40:10,745 - INFO - pod     recall    | micro: 0.681034; macro: 0.717495; score: [1.         1.         0.65       0.28571429 0.52173913 0.
 1.         1.         1.        ]
2025-09-04 20:40:10,745 - INFO - pod     f1        | micro: 0.566308; macro: 0.556092; score: [0.90909091 0.64705882 0.44067797 0.25       0.54545455 0.
 1.         0.28571429 0.92682927]
2025-09-04 20:40:10,745 - INFO - ----------
2025-09-04 20:40:12,060 - INFO - [131/300] | train_loss: 0.06113
2025-09-04 20:40:13,387 - INFO - [132/300] | train_loss: 0.06261
2025-09-04 20:40:14,715 - INFO - [133/300] | train_loss: 0.06471
2025-09-04 20:40:16,029 - INFO - [134/300] | train_loss: 0.05777
2025-09-04 20:40:17,340 - INFO - [135/300] | train_loss: 0.04732
2025-09-04 20:40:18,652 - INFO - [136/300] | train_loss: 0.04329
2025-09-04 20:40:19,988 - INFO - [137/300] | train_loss: 0.05721
2025-09-04 20:40:21,319 - INFO - [138/300] | train_loss: 0.05782
2025-09-04 20:40:22,662 - INFO - [139/300] | train_loss: 0.05645
2025-09-04 20:40:23,981 - INFO - [140/300] | train_loss: 0.07051
2025-09-04 20:40:24,084 - INFO - ----------
2025-09-04 20:40:24,084 - INFO - evaluation dataset type: valid
2025-09-04 20:40:24,099 - INFO - node    precision | micro: 0.666667; macro: 0.591270; score: [0.71428571 0.5        0.66666667 0.         0.66666667 1.        ]
2025-09-04 20:40:24,099 - INFO - node    recall    | micro: 0.875000; macro: 0.722222; score: [1.         0.66666667 0.66666667 0.         1.         1.        ]
2025-09-04 20:40:24,099 - INFO - node    f1        | micro: 0.756757; macro: 0.645238; score: [0.83333333 0.57142857 0.66666667 0.         0.8        1.        ]
2025-09-04 20:40:24,115 - INFO - service precision | micro: 0.565217; macro: 0.522222; score: [1.         0.5        0.33333333 0.2        1.         0.
 1.         0.         0.66666667]
2025-09-04 20:40:24,115 - INFO - service recall    | micro: 0.541667; macro: 0.538889; score: [1.   1.   0.25 0.2  0.4  0.   1.   0.   1.  ]
2025-09-04 20:40:24,115 - INFO - service f1        | micro: 0.553191; macro: 0.502646; score: [1.         0.66666667 0.28571429 0.2        0.57142857 0.
 1.         0.         0.8       ]
2025-09-04 20:40:24,143 - INFO - pod     precision | micro: 0.538462; macro: 0.522377; score: [0.83333333 0.45833333 0.42857143 0.22222222 0.6875     0.
 1.         0.16666667 0.9047619 ]
2025-09-04 20:40:24,143 - INFO - pod     recall    | micro: 0.663793; macro: 0.707108; score: [1.         1.         0.6        0.28571429 0.47826087 0.
 1.         1.         1.        ]
2025-09-04 20:40:24,143 - INFO - pod     f1        | micro: 0.594595; macro: 0.565275; score: [0.90909091 0.62857143 0.5        0.25       0.56410256 0.
 1.         0.28571429 0.95      ]
2025-09-04 20:40:24,143 - INFO - ----------
2025-09-04 20:40:25,458 - INFO - [141/300] | train_loss: 0.05628
2025-09-04 20:40:26,783 - INFO - [142/300] | train_loss: 0.08141
2025-09-04 20:40:28,111 - INFO - [143/300] | train_loss: 0.05429
2025-09-04 20:40:29,431 - INFO - [144/300] | train_loss: 0.12029
2025-09-04 20:40:30,744 - INFO - [145/300] | train_loss: 0.09421
2025-09-04 20:40:32,059 - INFO - [146/300] | train_loss: 0.07810
2025-09-04 20:40:33,371 - INFO - [147/300] | train_loss: 0.06394
2025-09-04 20:40:34,689 - INFO - [148/300] | train_loss: 0.06764
2025-09-04 20:40:36,006 - INFO - [149/300] | train_loss: 0.05404
2025-09-04 20:40:37,328 - INFO - [150/300] | train_loss: 0.05575
2025-09-04 20:40:37,431 - INFO - ----------
2025-09-04 20:40:37,431 - INFO - evaluation dataset type: valid
2025-09-04 20:40:37,446 - INFO - node    precision | micro: 0.576923; macro: 0.555556; score: [0.83333333 0.33333333 0.66666667 0.         0.5        1.        ]
2025-09-04 20:40:37,447 - INFO - node    recall    | micro: 0.937500; macro: 0.777778; score: [1.         1.         0.66666667 0.         1.         1.        ]
2025-09-04 20:40:37,447 - INFO - node    f1        | micro: 0.714286; macro: 0.623737; score: [0.90909091 0.5        0.66666667 0.         0.66666667 1.        ]
2025-09-04 20:40:37,463 - INFO - service precision | micro: 0.538462; macro: 0.542857; score: [1.         0.28571429 0.75       0.25       1.         0.
 1.         0.         0.6       ]
2025-09-04 20:40:37,463 - INFO - service recall    | micro: 0.583333; macro: 0.566667; score: [1.   1.   0.75 0.2  0.4  0.   1.   0.   0.75]
2025-09-04 20:40:37,463 - INFO - service f1        | micro: 0.560000; macro: 0.517196; score: [1.         0.44444444 0.75       0.22222222 0.57142857 0.
 1.         0.         0.66666667]
2025-09-04 20:40:37,489 - INFO - pod     precision | micro: 0.530612; macro: 0.523593; score: [0.83333333 0.45833333 0.41935484 0.30434783 0.66666667 0.
 1.         0.16666667 0.86363636]
2025-09-04 20:40:37,489 - INFO - pod     recall    | micro: 0.672414; macro: 0.713124; score: [1.         1.         0.65       0.33333333 0.43478261 0.
 1.         1.         1.        ]
2025-09-04 20:40:37,490 - INFO - pod     f1        | micro: 0.593156; macro: 0.567167; score: [0.90909091 0.62857143 0.50980392 0.31818182 0.52631579 0.
 1.         0.28571429 0.92682927]
2025-09-04 20:40:37,490 - INFO - ----------
2025-09-04 20:40:38,817 - INFO - [151/300] | train_loss: 0.06655
2025-09-04 20:40:40,146 - INFO - [152/300] | train_loss: 0.04131
2025-09-04 20:40:41,461 - INFO - [153/300] | train_loss: 0.06398
2025-09-04 20:40:42,827 - INFO - [154/300] | train_loss: 0.03853
2025-09-04 20:40:44,167 - INFO - [155/300] | train_loss: 0.04852
2025-09-04 20:40:45,494 - INFO - [156/300] | train_loss: 0.08577
2025-09-04 20:40:46,816 - INFO - [157/300] | train_loss: 0.05016
2025-09-04 20:40:48,138 - INFO - [158/300] | train_loss: 0.05157
2025-09-04 20:40:49,461 - INFO - [159/300] | train_loss: 0.06102
2025-09-04 20:40:50,780 - INFO - [160/300] | train_loss: 0.05536
2025-09-04 20:40:50,886 - INFO - ----------
2025-09-04 20:40:50,886 - INFO - evaluation dataset type: valid
2025-09-04 20:40:50,903 - INFO - node    precision | micro: 0.652174; macro: 0.591270; score: [0.71428571 0.5        0.66666667 0.         0.66666667 1.        ]
2025-09-04 20:40:50,903 - INFO - node    recall    | micro: 0.937500; macro: 0.777778; score: [1.         1.         0.66666667 0.         1.         1.        ]
2025-09-04 20:40:50,903 - INFO - node    f1        | micro: 0.769231; macro: 0.661111; score: [0.83333333 0.66666667 0.66666667 0.         0.8        1.        ]
2025-09-04 20:40:50,920 - INFO - service precision | micro: 0.666667; macro: 0.570370; score: [1.         0.5        0.66666667 0.5        0.66666667 0.
 1.         0.         0.8       ]
2025-09-04 20:40:50,920 - INFO - service recall    | micro: 0.583333; macro: 0.566667; score: [1.  1.  0.5 0.2 0.4 0.  1.  0.  1. ]
2025-09-04 20:40:50,920 - INFO - service f1        | micro: 0.622222; macro: 0.545855; score: [1.         0.66666667 0.57142857 0.28571429 0.5        0.
 1.         0.         0.88888889]
2025-09-04 20:40:50,947 - INFO - pod     precision | micro: 0.553191; macro: 0.544627; score: [0.83333333 0.55       0.36111111 0.27272727 0.6875     0.
 1.         0.33333333 0.86363636]
2025-09-04 20:40:50,947 - INFO - pod     recall    | micro: 0.672414; macro: 0.712664; score: [1.         1.         0.65       0.28571429 0.47826087 0.
 1.         1.         1.        ]
2025-09-04 20:40:50,947 - INFO - pod     f1        | micro: 0.607004; macro: 0.594784; score: [0.90909091 0.70967742 0.46428571 0.27906977 0.56410256 0.
 1.         0.5        0.92682927]
2025-09-04 20:40:50,947 - INFO - ----------
2025-09-04 20:40:52,257 - INFO - [161/300] | train_loss: 0.04980
2025-09-04 20:40:53,569 - INFO - [162/300] | train_loss: 0.05606
2025-09-04 20:40:54,891 - INFO - [163/300] | train_loss: 0.04803
2025-09-04 20:40:56,207 - INFO - [164/300] | train_loss: 0.04903
2025-09-04 20:40:57,520 - INFO - [165/300] | train_loss: 0.04610
2025-09-04 20:40:58,839 - INFO - [166/300] | train_loss: 0.04711
2025-09-04 20:41:00,149 - INFO - [167/300] | train_loss: 0.04836
2025-09-04 20:41:01,464 - INFO - [168/300] | train_loss: 0.03312
2025-09-04 20:41:02,785 - INFO - [169/300] | train_loss: 0.03613
2025-09-04 20:41:04,125 - INFO - [170/300] | train_loss: 0.05246
2025-09-04 20:41:04,228 - INFO - ----------
2025-09-04 20:41:04,228 - INFO - evaluation dataset type: valid
2025-09-04 20:41:04,243 - INFO - node    precision | micro: 0.714286; macro: 0.663492; score: [0.71428571 0.6        1.         0.         0.66666667 1.        ]
2025-09-04 20:41:04,243 - INFO - node    recall    | micro: 0.937500; macro: 0.777778; score: [1.         1.         0.66666667 0.         1.         1.        ]
2025-09-04 20:41:04,243 - INFO - node    f1        | micro: 0.810811; macro: 0.697222; score: [0.83333333 0.75       0.8        0.         0.8        1.        ]
2025-09-04 20:41:04,259 - INFO - service precision | micro: 0.764706; macro: 0.644444; score: [1.  1.  0.5 0.5 1.  0.  1.  0.  0.8]
2025-09-04 20:41:04,259 - INFO - service recall    | micro: 0.541667; macro: 0.538889; score: [1.   1.   0.25 0.2  0.4  0.   1.   0.   1.  ]
2025-09-04 20:41:04,259 - INFO - service f1        | micro: 0.634146; macro: 0.564374; score: [1.         1.         0.33333333 0.28571429 0.57142857 0.
 1.         0.         0.88888889]
2025-09-04 20:41:04,286 - INFO - pod     precision | micro: 0.530201; macro: 0.528596; score: [0.83333333 0.57894737 0.35135135 0.23809524 0.68421053 0.
 1.         0.16666667 0.9047619 ]
2025-09-04 20:41:04,286 - INFO - pod     recall    | micro: 0.681034; macro: 0.717035; score: [1.         1.         0.65       0.23809524 0.56521739 0.
 1.         1.         1.        ]
2025-09-04 20:41:04,286 - INFO - pod     f1        | micro: 0.596226; macro: 0.576825; score: [0.90909091 0.73333333 0.45614035 0.23809524 0.61904762 0.
 1.         0.28571429 0.95      ]
2025-09-04 20:41:04,286 - INFO - ----------
2025-09-04 20:41:05,623 - INFO - [171/300] | train_loss: 0.05443
2025-09-04 20:41:06,951 - INFO - [172/300] | train_loss: 0.04117
2025-09-04 20:41:08,303 - INFO - [173/300] | train_loss: 0.03725
2025-09-04 20:41:09,639 - INFO - [174/300] | train_loss: 0.06470
2025-09-04 20:41:10,959 - INFO - [175/300] | train_loss: 0.05327
2025-09-04 20:41:12,299 - INFO - [176/300] | train_loss: 0.03080
2025-09-04 20:41:13,632 - INFO - [177/300] | train_loss: 0.04549
2025-09-04 20:41:14,952 - INFO - [178/300] | train_loss: 0.06201
2025-09-04 20:41:16,277 - INFO - [179/300] | train_loss: 0.04087
2025-09-04 20:41:17,596 - INFO - [180/300] | train_loss: 0.03963
2025-09-04 20:41:17,702 - INFO - ----------
2025-09-04 20:41:17,702 - INFO - evaluation dataset type: valid
2025-09-04 20:41:17,718 - INFO - node    precision | micro: 0.714286; macro: 0.663492; score: [0.71428571 0.6        1.         0.         0.66666667 1.        ]
2025-09-04 20:41:17,718 - INFO - node    recall    | micro: 0.937500; macro: 0.777778; score: [1.         1.         0.66666667 0.         1.         1.        ]
2025-09-04 20:41:17,718 - INFO - node    f1        | micro: 0.810811; macro: 0.697222; score: [0.83333333 0.75       0.8        0.         0.8        1.        ]
2025-09-04 20:41:17,734 - INFO - service precision | micro: 0.666667; macro: 0.585185; score: [0.66666667 1.         0.5        0.5        1.         0.
 1.         0.         0.6       ]
2025-09-04 20:41:17,734 - INFO - service recall    | micro: 0.500000; macro: 0.511111; score: [1.   1.   0.25 0.2  0.4  0.   1.   0.   0.75]
2025-09-04 20:41:17,734 - INFO - service f1        | micro: 0.571429; macro: 0.517460; score: [0.8        1.         0.33333333 0.28571429 0.57142857 0.
 1.         0.         0.66666667]
2025-09-04 20:41:17,761 - INFO - pod     precision | micro: 0.576923; macro: 0.538307; score: [0.83333333 0.61111111 0.44       0.22222222 0.66666667 0.
 1.         0.16666667 0.9047619 ]
2025-09-04 20:41:17,761 - INFO - pod     recall    | micro: 0.646552; macro: 0.695802; score: [1.         1.         0.55       0.19047619 0.52173913 0.
 1.         1.         1.        ]
2025-09-04 20:41:17,762 - INFO - pod     f1        | micro: 0.609756; macro: 0.575868; score: [0.90909091 0.75862069 0.48888889 0.20512821 0.58536585 0.
 1.         0.28571429 0.95      ]
2025-09-04 20:41:17,762 - INFO - ----------
2025-09-04 20:41:19,083 - INFO - [181/300] | train_loss: 0.04478
2025-09-04 20:41:20,403 - INFO - [182/300] | train_loss: 0.03542
2025-09-04 20:41:21,714 - INFO - [183/300] | train_loss: 0.05997
2025-09-04 20:41:23,029 - INFO - [184/300] | train_loss: 0.03690
2025-09-04 20:41:24,350 - INFO - [185/300] | train_loss: 0.04287
2025-09-04 20:41:25,688 - INFO - [186/300] | train_loss: 0.05243
2025-09-04 20:41:27,029 - INFO - [187/300] | train_loss: 0.04245
2025-09-04 20:41:28,339 - INFO - [188/300] | train_loss: 0.04157
2025-09-04 20:41:29,655 - INFO - [189/300] | train_loss: 0.03955
2025-09-04 20:41:31,053 - INFO - [190/300] | train_loss: 0.06142
2025-09-04 20:41:31,165 - INFO - ----------
2025-09-04 20:41:31,166 - INFO - evaluation dataset type: valid
2025-09-04 20:41:31,181 - INFO - node    precision | micro: 0.681818; macro: 0.607937; score: [0.71428571 0.6        0.66666667 0.         0.66666667 1.        ]
2025-09-04 20:41:31,181 - INFO - node    recall    | micro: 0.937500; macro: 0.777778; score: [1.         1.         0.66666667 0.         1.         1.        ]
2025-09-04 20:41:31,181 - INFO - node    f1        | micro: 0.789474; macro: 0.675000; score: [0.83333333 0.75       0.66666667 0.         0.8        1.        ]
2025-09-04 20:41:31,198 - INFO - service precision | micro: 0.750000; macro: 0.640741; score: [0.66666667 1.         0.5        1.         1.         0.
 1.         0.         0.6       ]
2025-09-04 20:41:31,198 - INFO - service recall    | micro: 0.500000; macro: 0.511111; score: [1.   1.   0.25 0.2  0.4  0.   1.   0.   0.75]
2025-09-04 20:41:31,198 - INFO - service f1        | micro: 0.600000; macro: 0.522751; score: [0.8        1.         0.33333333 0.33333333 0.57142857 0.
 1.         0.         0.66666667]
2025-09-04 20:41:31,224 - INFO - pod     precision | micro: 0.649573; macro: 0.592721; score: [0.90909091 0.61111111 0.47619048 0.3        0.8        0.
 1.         0.33333333 0.9047619 ]
2025-09-04 20:41:31,225 - INFO - pod     recall    | micro: 0.655172; macro: 0.700828; score: [1.         1.         0.5        0.28571429 0.52173913 0.
 1.         1.         1.        ]
2025-09-04 20:41:31,225 - INFO - pod     f1        | micro: 0.652361; macro: 0.619230; score: [0.95238095 0.75862069 0.48780488 0.29268293 0.63157895 0.
 1.         0.5        0.95      ]
2025-09-04 20:41:31,225 - INFO - ----------
2025-09-04 20:41:32,543 - INFO - [191/300] | train_loss: 0.03984
2025-09-04 20:41:33,860 - INFO - [192/300] | train_loss: 0.04609
2025-09-04 20:41:35,222 - INFO - [193/300] | train_loss: 0.05701
2025-09-04 20:41:36,546 - INFO - [194/300] | train_loss: 0.05153
2025-09-04 20:41:37,864 - INFO - [195/300] | train_loss: 0.04191
2025-09-04 20:41:39,180 - INFO - [196/300] | train_loss: 0.03360
2025-09-04 20:41:40,521 - INFO - [197/300] | train_loss: 0.03221
2025-09-04 20:41:41,837 - INFO - [198/300] | train_loss: 0.05286
2025-09-04 20:41:43,154 - INFO - [199/300] | train_loss: 0.03752
2025-09-04 20:41:44,500 - INFO - [200/300] | train_loss: 0.04998
2025-09-04 20:41:44,603 - INFO - ----------
2025-09-04 20:41:44,603 - INFO - evaluation dataset type: valid
2025-09-04 20:41:44,618 - INFO - node    precision | micro: 0.714286; macro: 0.663492; score: [0.71428571 0.6        1.         0.         0.66666667 1.        ]
2025-09-04 20:41:44,619 - INFO - node    recall    | micro: 0.937500; macro: 0.777778; score: [1.         1.         0.66666667 0.         1.         1.        ]
2025-09-04 20:41:44,619 - INFO - node    f1        | micro: 0.810811; macro: 0.697222; score: [0.83333333 0.75       0.8        0.         0.8        1.        ]
2025-09-04 20:41:44,635 - INFO - service precision | micro: 0.705882; macro: 0.622222; score: [1.  0.5 0.5 1.  1.  0.  1.  0.  0.6]
2025-09-04 20:41:44,635 - INFO - service recall    | micro: 0.500000; macro: 0.511111; score: [1.   1.   0.25 0.2  0.4  0.   1.   0.   0.75]
2025-09-04 20:41:44,635 - INFO - service f1        | micro: 0.585366; macro: 0.507937; score: [1.         0.66666667 0.33333333 0.33333333 0.57142857 0.
 1.         0.         0.66666667]
2025-09-04 20:41:44,662 - INFO - pod     precision | micro: 0.675439; macro: 0.620012; score: [0.90909091 0.6875     0.44       0.45454545 0.68421053 0.
 1.         0.5        0.9047619 ]
2025-09-04 20:41:44,663 - INFO - pod     recall    | micro: 0.663793; macro: 0.705924; score: [1.         1.         0.55       0.23809524 0.56521739 0.
 1.         1.         1.        ]
2025-09-04 20:41:44,663 - INFO - pod     f1        | micro: 0.669565; macro: 0.644922; score: [0.95238095 0.81481481 0.48888889 0.3125     0.61904762 0.
 1.         0.66666667 0.95      ]
2025-09-04 20:41:44,663 - INFO - ----------
2025-09-04 20:41:45,994 - INFO - [201/300] | train_loss: 0.06957
2025-09-04 20:41:47,321 - INFO - [202/300] | train_loss: 0.04615
2025-09-04 20:41:48,641 - INFO - [203/300] | train_loss: 0.04859
2025-09-04 20:41:49,960 - INFO - [204/300] | train_loss: 0.04233
2025-09-04 20:41:51,292 - INFO - [205/300] | train_loss: 0.03192
2025-09-04 20:41:52,630 - INFO - [206/300] | train_loss: 0.05912
2025-09-04 20:41:53,956 - INFO - [207/300] | train_loss: 0.06850
2025-09-04 20:41:55,281 - INFO - [208/300] | train_loss: 0.04779
2025-09-04 20:41:56,599 - INFO - [209/300] | train_loss: 0.04626
2025-09-04 20:41:57,939 - INFO - [210/300] | train_loss: 0.02988
2025-09-04 20:41:58,046 - INFO - ----------
2025-09-04 20:41:58,046 - INFO - evaluation dataset type: valid
2025-09-04 20:41:58,062 - INFO - node    precision | micro: 0.636364; macro: 0.591270; score: [0.71428571 0.5        0.66666667 0.         0.66666667 1.        ]
2025-09-04 20:41:58,062 - INFO - node    recall    | micro: 0.875000; macro: 0.722222; score: [1.         0.66666667 0.66666667 0.         1.         1.        ]
2025-09-04 20:41:58,062 - INFO - node    f1        | micro: 0.736842; macro: 0.645238; score: [0.83333333 0.57142857 0.66666667 0.         0.8        1.        ]
2025-09-04 20:41:58,078 - INFO - service precision | micro: 0.600000; macro: 0.511111; score: [0.5 0.5 0.5 0.5 1.  0.  1.  0.  0.6]
2025-09-04 20:41:58,078 - INFO - service recall    | micro: 0.500000; macro: 0.511111; score: [1.   1.   0.25 0.2  0.4  0.   1.   0.   0.75]
2025-09-04 20:41:58,078 - INFO - service f1        | micro: 0.545455; macro: 0.465608; score: [0.66666667 0.66666667 0.33333333 0.28571429 0.57142857 0.
 1.         0.         0.66666667]
2025-09-04 20:41:58,105 - INFO - pod     precision | micro: 0.649123; macro: 0.604527; score: [0.90909091 0.64705882 0.4        0.29411765 0.78571429 0.
 1.         0.5        0.9047619 ]
2025-09-04 20:41:58,105 - INFO - pod     recall    | micro: 0.637931; macro: 0.690706; score: [1.         1.         0.5        0.23809524 0.47826087 0.
 1.         1.         1.        ]
2025-09-04 20:41:58,106 - INFO - pod     f1        | micro: 0.643478; macro: 0.628551; score: [0.95238095 0.78571429 0.44444444 0.26315789 0.59459459 0.
 1.         0.66666667 0.95      ]
2025-09-04 20:41:58,106 - INFO - ----------
2025-09-04 20:41:59,452 - INFO - [211/300] | train_loss: 0.04280
2025-09-04 20:42:00,774 - INFO - [212/300] | train_loss: 0.06637
2025-09-04 20:42:02,100 - INFO - [213/300] | train_loss: 0.04079
2025-09-04 20:42:03,413 - INFO - [214/300] | train_loss: 0.03763
2025-09-04 20:42:04,726 - INFO - [215/300] | train_loss: 0.02872
2025-09-04 20:42:06,044 - INFO - [216/300] | train_loss: 0.03519
2025-09-04 20:42:07,384 - INFO - [217/300] | train_loss: 0.04756
2025-09-04 20:42:08,723 - INFO - [218/300] | train_loss: 0.04662
2025-09-04 20:42:10,064 - INFO - [219/300] | train_loss: 0.04926
2025-09-04 20:42:11,380 - INFO - [220/300] | train_loss: 0.04855
2025-09-04 20:42:11,484 - INFO - ----------
2025-09-04 20:42:11,484 - INFO - evaluation dataset type: valid
2025-09-04 20:42:11,499 - INFO - node    precision | micro: 0.714286; macro: 0.663492; score: [0.71428571 0.6        1.         0.         0.66666667 1.        ]
2025-09-04 20:42:11,499 - INFO - node    recall    | micro: 0.937500; macro: 0.777778; score: [1.         1.         0.66666667 0.         1.         1.        ]
2025-09-04 20:42:11,499 - INFO - node    f1        | micro: 0.810811; macro: 0.697222; score: [0.83333333 0.75       0.8        0.         0.8        1.        ]
2025-09-04 20:42:11,515 - INFO - service precision | micro: 0.600000; macro: 0.511111; score: [0.5        0.66666667 0.5        0.33333333 1.         0.
 1.         0.         0.6       ]
2025-09-04 20:42:11,515 - INFO - service recall    | micro: 0.500000; macro: 0.511111; score: [1.   1.   0.25 0.2  0.4  0.   1.   0.   0.75]
2025-09-04 20:42:11,515 - INFO - service f1        | micro: 0.545455; macro: 0.476455; score: [0.66666667 0.8        0.33333333 0.25       0.57142857 0.
 1.         0.         0.66666667]
2025-09-04 20:42:11,541 - INFO - pod     precision | micro: 0.672566; macro: 0.602885; score: [0.90909091 0.78571429 0.45454545 0.35714286 0.76470588 0.
 1.         0.25       0.9047619 ]
2025-09-04 20:42:11,542 - INFO - pod     recall    | micro: 0.655172; macro: 0.700368; score: [1.         1.         0.5        0.23809524 0.56521739 0.
 1.         1.         1.        ]
2025-09-04 20:42:11,542 - INFO - pod     f1        | micro: 0.663755; macro: 0.621587; score: [0.95238095 0.88       0.47619048 0.28571429 0.65       0.
 1.         0.4        0.95      ]
2025-09-04 20:42:11,542 - INFO - ----------
2025-09-04 20:42:12,861 - INFO - [221/300] | train_loss: 0.04950
2025-09-04 20:42:14,179 - INFO - [222/300] | train_loss: 0.05031
2025-09-04 20:42:15,509 - INFO - [223/300] | train_loss: 0.02469
2025-09-04 20:42:16,881 - INFO - [224/300] | train_loss: 0.03756
2025-09-04 20:42:18,196 - INFO - [225/300] | train_loss: 0.04373
2025-09-04 20:42:19,516 - INFO - [226/300] | train_loss: 0.04527
2025-09-04 20:42:20,849 - INFO - [227/300] | train_loss: 0.04659
2025-09-04 20:42:22,164 - INFO - [228/300] | train_loss: 0.04882
2025-09-04 20:42:23,486 - INFO - [229/300] | train_loss: 0.04649
2025-09-04 20:42:24,825 - INFO - [230/300] | train_loss: 0.03589
2025-09-04 20:42:24,928 - INFO - ----------
2025-09-04 20:42:24,928 - INFO - evaluation dataset type: valid
2025-09-04 20:42:24,943 - INFO - node    precision | micro: 0.681818; macro: 0.607937; score: [0.71428571 0.6        0.66666667 0.         0.66666667 1.        ]
2025-09-04 20:42:24,943 - INFO - node    recall    | micro: 0.937500; macro: 0.777778; score: [1.         1.         0.66666667 0.         1.         1.        ]
2025-09-04 20:42:24,943 - INFO - node    f1        | micro: 0.789474; macro: 0.675000; score: [0.83333333 0.75       0.66666667 0.         0.8        1.        ]
2025-09-04 20:42:24,960 - INFO - service precision | micro: 0.424242; macro: 0.402469; score: [0.5        0.22222222 0.4        0.5        1.         0.
 0.33333333 0.         0.66666667]
2025-09-04 20:42:24,960 - INFO - service recall    | micro: 0.583333; macro: 0.566667; score: [1.  1.  0.5 0.2 0.4 0.  1.  0.  1. ]
2025-09-04 20:42:24,961 - INFO - service f1        | micro: 0.491228; macro: 0.403543; score: [0.66666667 0.36363636 0.44444444 0.28571429 0.57142857 0.
 0.5        0.         0.8       ]
2025-09-04 20:42:24,988 - INFO - pod     precision | micro: 0.588235; macro: 0.600228; score: [0.90909091 0.61111111 0.35135135 0.31578947 0.76470588 0.
 1.         0.5        0.95      ]
2025-09-04 20:42:24,988 - INFO - pod     recall    | micro: 0.689655; macro: 0.722326; score: [1.         1.         0.65       0.28571429 0.56521739 0.
 1.         1.         1.        ]
2025-09-04 20:42:24,988 - INFO - pod     f1        | micro: 0.634921; macro: 0.639796; score: [0.95238095 0.75862069 0.45614035 0.3        0.65       0.
 1.         0.66666667 0.97435897]
2025-09-04 20:42:24,988 - INFO - ----------
2025-09-04 20:42:26,308 - INFO - [231/300] | train_loss: 0.03220
2025-09-04 20:42:27,641 - INFO - [232/300] | train_loss: 0.04447
2025-09-04 20:42:28,967 - INFO - [233/300] | train_loss: 0.03937
2025-09-04 20:42:30,298 - INFO - [234/300] | train_loss: 0.04705
2025-09-04 20:42:31,624 - INFO - [235/300] | train_loss: 0.05279
2025-09-04 20:42:32,953 - INFO - [236/300] | train_loss: 0.03841
2025-09-04 20:42:34,305 - INFO - [237/300] | train_loss: 0.04067
2025-09-04 20:42:35,640 - INFO - [238/300] | train_loss: 0.06041
2025-09-04 20:42:36,963 - INFO - [239/300] | train_loss: 0.03860
2025-09-04 20:42:38,263 - INFO - [240/300] | train_loss: 0.06105
2025-09-04 20:42:38,373 - INFO - ----------
2025-09-04 20:42:38,373 - INFO - evaluation dataset type: valid
2025-09-04 20:42:38,399 - INFO - node    precision | micro: 0.666667; macro: 0.591270; score: [0.71428571 0.5        0.66666667 0.         0.66666667 1.        ]
2025-09-04 20:42:38,399 - INFO - node    recall    | micro: 0.875000; macro: 0.722222; score: [1.         0.66666667 0.66666667 0.         1.         1.        ]
2025-09-04 20:42:38,399 - INFO - node    f1        | micro: 0.756757; macro: 0.645238; score: [0.83333333 0.57142857 0.66666667 0.         0.8        1.        ]
2025-09-04 20:42:38,421 - INFO - service precision | micro: 0.705882; macro: 0.601852; score: [0.66666667 0.66666667 0.33333333 1.         1.         0.
 1.         0.         0.75      ]
2025-09-04 20:42:38,421 - INFO - service recall    | micro: 0.500000; macro: 0.511111; score: [1.   1.   0.25 0.2  0.4  0.   1.   0.   0.75]
2025-09-04 20:42:38,421 - INFO - service f1        | micro: 0.585366; macro: 0.504497; score: [0.8        0.8        0.28571429 0.33333333 0.57142857 0.
 1.         0.         0.75      ]
2025-09-04 20:42:38,452 - INFO - pod     precision | micro: 0.658120; macro: 0.604393; score: [0.90909091 0.78571429 0.39285714 0.38461538 0.8125     0.
 1.         0.25       0.9047619 ]
2025-09-04 20:42:38,452 - INFO - pod     recall    | micro: 0.663793; macro: 0.705924; score: [1.         1.         0.55       0.23809524 0.56521739 0.
 1.         1.         1.        ]
2025-09-04 20:42:38,452 - INFO - pod     f1        | micro: 0.660944; macro: 0.622389; score: [0.95238095 0.88       0.45833333 0.29411765 0.66666667 0.
 1.         0.4        0.95      ]
2025-09-04 20:42:38,452 - INFO - ----------
2025-09-04 20:42:39,740 - INFO - [241/300] | train_loss: 0.05935
2025-09-04 20:42:41,027 - INFO - [242/300] | train_loss: 0.03776
2025-09-04 20:42:42,325 - INFO - [243/300] | train_loss: 0.04540
2025-09-04 20:42:43,608 - INFO - [244/300] | train_loss: 0.04207
2025-09-04 20:42:44,923 - INFO - [245/300] | train_loss: 0.05115
2025-09-04 20:42:46,246 - INFO - [246/300] | train_loss: 0.04952
2025-09-04 20:42:47,562 - INFO - [247/300] | train_loss: 0.04752
2025-09-04 20:42:48,887 - INFO - [248/300] | train_loss: 0.07181
2025-09-04 20:42:50,198 - INFO - [249/300] | train_loss: 0.05254
2025-09-04 20:42:51,535 - INFO - [250/300] | train_loss: 0.03993
2025-09-04 20:42:51,640 - INFO - ----------
2025-09-04 20:42:51,640 - INFO - evaluation dataset type: valid
2025-09-04 20:42:51,655 - INFO - node    precision | micro: 0.681818; macro: 0.607937; score: [0.71428571 0.6        0.66666667 0.         0.66666667 1.        ]
2025-09-04 20:42:51,655 - INFO - node    recall    | micro: 0.937500; macro: 0.777778; score: [1.         1.         0.66666667 0.         1.         1.        ]
2025-09-04 20:42:51,655 - INFO - node    f1        | micro: 0.789474; macro: 0.675000; score: [0.83333333 0.75       0.66666667 0.         0.8        1.        ]
2025-09-04 20:42:51,673 - INFO - service precision | micro: 0.733333; macro: 0.629630; score: [0.66666667 0.66666667 0.33333333 1.         1.         0.
 1.         0.         1.        ]
2025-09-04 20:42:51,673 - INFO - service recall    | micro: 0.458333; macro: 0.488889; score: [1.   1.   0.25 0.2  0.2  0.   1.   0.   0.75]
2025-09-04 20:42:51,673 - INFO - service f1        | micro: 0.564103; macro: 0.489947; score: [0.8        0.8        0.28571429 0.33333333 0.33333333 0.
 1.         0.         0.85714286]
2025-09-04 20:42:51,700 - INFO - pod     precision | micro: 0.625000; macro: 0.589628; score: [0.90909091 0.78571429 0.37931034 0.35       0.77777778 0.
 1.         0.2        0.9047619 ]
2025-09-04 20:42:51,701 - INFO - pod     recall    | micro: 0.689655; macro: 0.721337; score: [1.         1.         0.55       0.33333333 0.60869565 0.
 1.         1.         1.        ]
2025-09-04 20:42:51,701 - INFO - pod     f1        | micro: 0.655738; macro: 0.621009; score: [0.95238095 0.88       0.44897959 0.34146341 0.68292683 0.
 1.         0.33333333 0.95      ]
2025-09-04 20:42:51,701 - INFO - ----------
2025-09-04 20:42:53,023 - INFO - [251/300] | train_loss: 0.03238
2025-09-04 20:42:54,344 - INFO - [252/300] | train_loss: 0.05054
2025-09-04 20:42:55,670 - INFO - [253/300] | train_loss: 0.04867
2025-09-04 20:42:56,986 - INFO - [254/300] | train_loss: 0.04202
2025-09-04 20:42:58,339 - INFO - [255/300] | train_loss: 0.03464
2025-09-04 20:42:59,669 - INFO - [256/300] | train_loss: 0.05563
2025-09-04 20:43:01,023 - INFO - [257/300] | train_loss: 0.03849
2025-09-04 20:43:02,346 - INFO - [258/300] | train_loss: 0.05729
2025-09-04 20:43:03,647 - INFO - [259/300] | train_loss: 0.04724
2025-09-04 20:43:04,949 - INFO - [260/300] | train_loss: 0.03668
2025-09-04 20:43:05,055 - INFO - ----------
2025-09-04 20:43:05,055 - INFO - evaluation dataset type: valid
2025-09-04 20:43:05,071 - INFO - node    precision | micro: 0.681818; macro: 0.607937; score: [0.71428571 0.6        0.66666667 0.         0.66666667 1.        ]
2025-09-04 20:43:05,072 - INFO - node    recall    | micro: 0.937500; macro: 0.777778; score: [1.         1.         0.66666667 0.         1.         1.        ]
2025-09-04 20:43:05,072 - INFO - node    f1        | micro: 0.789474; macro: 0.675000; score: [0.83333333 0.75       0.66666667 0.         0.8        1.        ]
2025-09-04 20:43:05,088 - INFO - service precision | micro: 0.590909; macro: 0.555556; score: [0.5  0.5  0.25 1.   1.   0.   1.   0.   0.75]
2025-09-04 20:43:05,089 - INFO - service recall    | micro: 0.541667; macro: 0.533333; score: [1.   1.   0.25 0.2  0.6  0.   1.   0.   0.75]
2025-09-04 20:43:05,089 - INFO - service f1        | micro: 0.565217; macro: 0.490741; score: [0.66666667 0.66666667 0.25       0.33333333 0.75       0.
 1.         0.         0.75      ]
2025-09-04 20:43:05,116 - INFO - pod     precision | micro: 0.622047; macro: 0.590939; score: [0.90909091 0.73333333 0.36363636 0.38461538 0.77777778 0.
 1.         0.2        0.95      ]
2025-09-04 20:43:05,116 - INFO - pod     recall    | micro: 0.681034; macro: 0.716310; score: [1.         1.         0.6        0.23809524 0.60869565 0.
 1.         1.         1.        ]
2025-09-04 20:43:05,116 - INFO - pod     f1        | micro: 0.650206; macro: 0.615122; score: [0.95238095 0.84615385 0.45283019 0.29411765 0.68292683 0.
 1.         0.33333333 0.97435897]
2025-09-04 20:43:05,116 - INFO - ----------
2025-09-04 20:43:06,405 - INFO - [261/300] | train_loss: 0.05248
2025-09-04 20:43:07,693 - INFO - [262/300] | train_loss: 0.03944
2025-09-04 20:43:08,983 - INFO - [263/300] | train_loss: 0.03723
2025-09-04 20:43:10,288 - INFO - [264/300] | train_loss: 0.02447
2025-09-04 20:43:11,579 - INFO - [265/300] | train_loss: 0.06601
2025-09-04 20:43:12,884 - INFO - [266/300] | train_loss: 0.06260
2025-09-04 20:43:14,197 - INFO - [267/300] | train_loss: 0.04375
2025-09-04 20:43:15,511 - INFO - [268/300] | train_loss: 0.03576
2025-09-04 20:43:16,830 - INFO - [269/300] | train_loss: 0.03459
2025-09-04 20:43:18,154 - INFO - [270/300] | train_loss: 0.03775
2025-09-04 20:43:18,257 - INFO - ----------
2025-09-04 20:43:18,257 - INFO - evaluation dataset type: valid
2025-09-04 20:43:18,272 - INFO - node    precision | micro: 0.714286; macro: 0.663492; score: [0.71428571 0.6        1.         0.         0.66666667 1.        ]
2025-09-04 20:43:18,272 - INFO - node    recall    | micro: 0.937500; macro: 0.777778; score: [1.         1.         0.66666667 0.         1.         1.        ]
2025-09-04 20:43:18,272 - INFO - node    f1        | micro: 0.810811; macro: 0.697222; score: [0.83333333 0.75       0.8        0.         0.8        1.        ]
2025-09-04 20:43:18,288 - INFO - service precision | micro: 0.592593; macro: 0.592593; score: [0.66666667 0.66666667 0.33333333 1.         1.         0.
 1.         0.         0.66666667]
2025-09-04 20:43:18,288 - INFO - service recall    | micro: 0.666667; macro: 0.616667; score: [1.   1.   0.75 0.2  0.6  0.   1.   0.   1.  ]
2025-09-04 20:43:18,288 - INFO - service f1        | micro: 0.627451; macro: 0.549430; score: [0.8        0.8        0.46153846 0.33333333 0.75       0.
 1.         0.         0.8       ]
2025-09-04 20:43:18,315 - INFO - pod     precision | micro: 0.579310; macro: 0.583964; score: [0.90909091 0.78571429 0.28888889 0.38461538 0.7826087  0.
 1.         0.2        0.9047619 ]
2025-09-04 20:43:18,315 - INFO - pod     recall    | micro: 0.724138; macro: 0.741189; score: [1.         1.         0.65       0.23809524 0.7826087  0.
 1.         1.         1.        ]
2025-09-04 20:43:18,315 - INFO - pod     f1        | micro: 0.643678; macro: 0.621382; score: [0.95238095 0.88       0.4        0.29411765 0.7826087  0.
 1.         0.33333333 0.95      ]
2025-09-04 20:43:18,315 - INFO - ----------
2025-09-04 20:43:19,644 - INFO - [271/300] | train_loss: 0.05638
2025-09-04 20:43:21,000 - INFO - [272/300] | train_loss: 0.05648
2025-09-04 20:43:22,351 - INFO - [273/300] | train_loss: 0.04943
2025-09-04 20:43:23,713 - INFO - [274/300] | train_loss: 0.03196
2025-09-04 20:43:25,045 - INFO - [275/300] | train_loss: 0.04371
2025-09-04 20:43:26,369 - INFO - [276/300] | train_loss: 0.05612
2025-09-04 20:43:27,688 - INFO - [277/300] | train_loss: 0.04261
2025-09-04 20:43:28,981 - INFO - [278/300] | train_loss: 0.02788
2025-09-04 20:43:30,273 - INFO - [279/300] | train_loss: 0.03016
2025-09-04 20:43:31,581 - INFO - [280/300] | train_loss: 0.04067
2025-09-04 20:43:31,686 - INFO - ----------
2025-09-04 20:43:31,686 - INFO - evaluation dataset type: valid
2025-09-04 20:43:31,702 - INFO - node    precision | micro: 0.625000; macro: 0.563492; score: [0.71428571 0.6        0.4        0.         0.66666667 1.        ]
2025-09-04 20:43:31,702 - INFO - node    recall    | micro: 0.937500; macro: 0.777778; score: [1.         1.         0.66666667 0.         1.         1.        ]
2025-09-04 20:43:31,702 - INFO - node    f1        | micro: 0.750000; macro: 0.647222; score: [0.83333333 0.75       0.5        0.         0.8        1.        ]
2025-09-04 20:43:31,718 - INFO - service precision | micro: 0.608696; macro: 0.577778; score: [0.5 0.5 0.4 1.  1.  0.  1.  0.  0.8]
2025-09-04 20:43:31,718 - INFO - service recall    | micro: 0.583333; macro: 0.566667; score: [1.  1.  0.5 0.2 0.4 0.  1.  0.  1. ]
2025-09-04 20:43:31,718 - INFO - service f1        | micro: 0.595745; macro: 0.507937; score: [0.66666667 0.66666667 0.44444444 0.33333333 0.57142857 0.
 1.         0.         0.88888889]
2025-09-04 20:43:31,745 - INFO - pod     precision | micro: 0.634146; macro: 0.607223; score: [0.90909091 0.78571429 0.36666667 0.35294118 0.8125     0.
 1.         0.33333333 0.9047619 ]
2025-09-04 20:43:31,745 - INFO - pod     recall    | micro: 0.672414; macro: 0.711215; score: [1.         1.         0.55       0.28571429 0.56521739 0.
 1.         1.         1.        ]
2025-09-04 20:43:31,746 - INFO - pod     f1        | micro: 0.652720; macro: 0.633871; score: [0.95238095 0.88       0.44       0.31578947 0.66666667 0.
 1.         0.5        0.95      ]
2025-09-04 20:43:31,746 - INFO - ----------
2025-09-04 20:43:33,023 - INFO - [281/300] | train_loss: 0.03677
2025-09-04 20:43:34,304 - INFO - [282/300] | train_loss: 0.03627
2025-09-04 20:43:35,587 - INFO - [283/300] | train_loss: 0.06026
2025-09-04 20:43:36,874 - INFO - [284/300] | train_loss: 0.05827
2025-09-04 20:43:38,149 - INFO - [285/300] | train_loss: 0.03935
2025-09-04 20:43:39,433 - INFO - [286/300] | train_loss: 0.02855
2025-09-04 20:43:40,740 - INFO - [287/300] | train_loss: 0.03186
2025-09-04 20:43:42,028 - INFO - [288/300] | train_loss: 0.02895
2025-09-04 20:43:43,316 - INFO - [289/300] | train_loss: 0.03371
2025-09-04 20:43:44,597 - INFO - [290/300] | train_loss: 0.05157
2025-09-04 20:43:44,746 - INFO - ----------
2025-09-04 20:43:44,747 - INFO - evaluation dataset type: valid
2025-09-04 20:43:44,764 - INFO - node    precision | micro: 0.652174; macro: 0.607937; score: [0.71428571 0.6        0.66666667 0.         0.66666667 1.        ]
2025-09-04 20:43:44,764 - INFO - node    recall    | micro: 0.937500; macro: 0.777778; score: [1.         1.         0.66666667 0.         1.         1.        ]
2025-09-04 20:43:44,764 - INFO - node    f1        | micro: 0.769231; macro: 0.675000; score: [0.83333333 0.75       0.66666667 0.         0.8        1.        ]
2025-09-04 20:43:44,781 - INFO - service precision | micro: 0.611111; macro: 0.564815; score: [0.5        0.5        0.33333333 1.         1.         0.
 1.         0.         0.75      ]
2025-09-04 20:43:44,781 - INFO - service recall    | micro: 0.458333; macro: 0.488889; score: [1.   1.   0.25 0.2  0.2  0.   1.   0.   0.75]
2025-09-04 20:43:44,781 - INFO - service f1        | micro: 0.523810; macro: 0.448413; score: [0.66666667 0.66666667 0.28571429 0.33333333 0.33333333 0.
 1.         0.         0.75      ]
2025-09-04 20:43:44,809 - INFO - pod     precision | micro: 0.650794; macro: 0.602651; score: [0.90909091 0.78571429 0.40625    0.33333333 0.78947368 0.
 1.         0.25       0.95      ]
2025-09-04 20:43:44,810 - INFO - pod     recall    | micro: 0.706897; macro: 0.731988; score: [1.         1.         0.65       0.28571429 0.65217391 0.
 1.         1.         1.        ]
2025-09-04 20:43:44,810 - INFO - pod     f1        | micro: 0.677686; macro: 0.636524; score: [0.95238095 0.88       0.5        0.30769231 0.71428571 0.
 1.         0.4        0.97435897]
2025-09-04 20:43:44,810 - INFO - ----------
2025-09-04 20:43:46,120 - INFO - [291/300] | train_loss: 0.04763
2025-09-04 20:43:47,449 - INFO - [292/300] | train_loss: 0.06275
2025-09-04 20:43:48,753 - INFO - [293/300] | train_loss: 0.02480
2025-09-04 20:43:50,048 - INFO - [294/300] | train_loss: 0.03700
2025-09-04 20:43:51,366 - INFO - [295/300] | train_loss: 0.02430
2025-09-04 20:43:52,656 - INFO - [296/300] | train_loss: 0.05067
2025-09-04 20:43:53,944 - INFO - [297/300] | train_loss: 0.05677
2025-09-04 20:43:55,251 - INFO - [298/300] | train_loss: 0.03679
2025-09-04 20:43:56,536 - INFO - [299/300] | train_loss: 0.04511
2025-09-04 20:43:57,144 - INFO - ----------
2025-09-04 20:43:57,144 - INFO - evaluation dataset type: test
2025-09-04 20:43:57,165 - INFO - node    precision | micro: 0.563636; macro: 0.575515; score: [0.77777778 0.33333333 0.63636364 0.43478261 0.6875     0.58333333]
2025-09-04 20:43:57,165 - INFO - node    recall    | micro: 0.925373; macro: 0.911376; score: [1.         0.85714286 0.77777778 0.83333333 1.         1.        ]
2025-09-04 20:43:57,165 - INFO - node    f1        | micro: 0.700565; macro: 0.696348; score: [0.875      0.48       0.7        0.57142857 0.81481481 0.73684211]
2025-09-04 20:43:57,193 - INFO - service precision | micro: 0.612903; macro: 0.662255; score: [0.6        0.75       0.375      0.23529412 1.         0.66666667
 0.83333333 1.         0.5       ]
2025-09-04 20:43:57,193 - INFO - service recall    | micro: 0.647727; macro: 0.677778; score: [1.         1.         0.3        0.33333333 0.5        0.53333333
 1.         0.83333333 0.6       ]
2025-09-04 20:43:57,193 - INFO - service f1        | micro: 0.629834; macro: 0.648804; score: [0.75       0.85714286 0.33333333 0.27586207 0.66666667 0.59259259
 0.90909091 0.90909091 0.54545455]
2025-09-04 20:43:57,272 - INFO - pod     precision | micro: 0.599332; macro: 0.667773; score: [0.88679245 0.8        0.44262295 0.3245614  0.48275862 0.52830189
 0.92727273 0.94117647 0.67647059]
2025-09-04 20:43:57,273 - INFO - pod     recall    | micro: 0.819635; macro: 0.836633; score: [1.         0.95652174 0.55102041 0.59677419 0.75       0.82352941
 1.         1.         0.85185185]
2025-09-04 20:43:57,273 - INFO - pod     f1        | micro: 0.692382; macro: 0.737756; score: [0.94       0.87128713 0.49090909 0.42045455 0.58741259 0.64367816
 0.96226415 0.96969697 0.75409836]
2025-09-04 20:43:57,273 - INFO - ----------
----GATNet----
GAT_name1:  GATConv
GAT_name2:  GATv2Conv
activ_fun1:  relu6
activ_fun2:  leaky_relu
begin----------------------------------------
Running: python ./HolisticRCA/trainer/a_rca_trainer.py   --model_path /root/shared-nvme/work/code/RCA/HolisticRCA/model/a/checkpoint/main.pt   --epochs 300   --orl_te_heads 2   --orl_te_layers 2   --orl_te_in_channels 256   --efi_in_dim 256   --efi_te_heads 4   --efi_te_layers 2   --efi_out_dim 256   --eff_in_dim 256   --eff_GAT_out_channels 128   --eff_GAT_heads 2   --batch_size 64   --eff_GAT_dropout 0.1           --GAT_name1 GATConv           --GAT_name2 GATv2Conv           --activ_fun1 relu6           --activ_fun2 relu6
2025-09-04 20:44:05,335 - INFO - [0/300] | train_loss: 3.94029
2025-09-04 20:44:05,439 - INFO - ----------
2025-09-04 20:44:05,439 - INFO - evaluation dataset type: valid
2025-09-04 20:44:05,455 - INFO - node    precision | micro: 0.014901; macro: 0.026791; score: [0.07692308 0.         0.00833333 0.         0.01666667 0.05882353]
2025-09-04 20:44:05,455 - INFO - node    recall    | micro: 0.562500; macro: 0.488889; score: [0.6        0.         0.33333333 0.         1.         1.        ]
2025-09-04 20:44:05,455 - INFO - node    f1        | micro: 0.029032; macro: 0.049420; score: [0.13636364 0.         0.01626016 0.         0.03278689 0.11111111]
2025-09-04 20:44:05,473 - INFO - service precision | micro: 0.007249; macro: 0.078106; score: [0.00653595 0.00423729 0.00666667 0.00866551 0.33333333 0.
 0.33333333 0.         0.01017812]
2025-09-04 20:44:05,473 - INFO - service recall    | micro: 0.791667; macro: 0.688889; score: [1.  1.  1.  1.  0.2 0.  1.  0.  1. ]
2025-09-04 20:44:05,473 - INFO - service f1        | micro: 0.014367; macro: 0.091334; score: [0.01298701 0.00843882 0.01324503 0.01718213 0.25       0.
 0.5        0.         0.02015113]
2025-09-04 20:44:05,506 - INFO - pod     precision | micro: 0.010392; macro: 0.071279; score: [0.57142857 0.01923077 0.         0.01255783 0.01529312 0.00083195
 0.00393258 0.00617284 0.01206349]
2025-09-04 20:44:05,507 - INFO - pod     recall    | micro: 0.706897; macro: 0.728395; score: [0.8        0.81818182 0.         0.9047619  0.7826087  0.25
 1.         1.         1.        ]
2025-09-04 20:44:05,507 - INFO - pod     f1        | micro: 0.020482; macro: 0.089402; score: [0.66666667 0.03757829 0.         0.02477184 0.03       0.00165837
 0.00783436 0.01226994 0.0238394 ]
2025-09-04 20:44:05,507 - INFO - ----------
2025-09-04 20:44:06,816 - INFO - [1/300] | train_loss: 3.41386
2025-09-04 20:44:08,116 - INFO - [2/300] | train_loss: 2.84732
2025-09-04 20:44:09,418 - INFO - [3/300] | train_loss: 2.28839
2025-09-04 20:44:10,705 - INFO - [4/300] | train_loss: 1.90977
2025-09-04 20:44:12,038 - INFO - [5/300] | train_loss: 1.60521
2025-09-04 20:44:13,362 - INFO - [6/300] | train_loss: 1.39215
2025-09-04 20:44:14,696 - INFO - [7/300] | train_loss: 1.20808
2025-09-04 20:44:16,030 - INFO - [8/300] | train_loss: 1.05076
2025-09-04 20:44:17,366 - INFO - [9/300] | train_loss: 0.94108
2025-09-04 20:44:18,682 - INFO - [10/300] | train_loss: 0.84628
2025-09-04 20:44:18,789 - INFO - ----------
2025-09-04 20:44:18,789 - INFO - evaluation dataset type: valid
2025-09-04 20:44:18,806 - INFO - node    precision | micro: 0.211268; macro: 0.219910; score: [0.3125     0.23076923 0.14285714 0.         0.33333333 0.3       ]
2025-09-04 20:44:18,806 - INFO - node    recall    | micro: 0.937500; macro: 0.777778; score: [1.         1.         0.66666667 0.         1.         1.        ]
2025-09-04 20:44:18,807 - INFO - node    f1        | micro: 0.344828; macro: 0.341337; score: [0.47619048 0.375      0.23529412 0.         0.5        0.46153846]
2025-09-04 20:44:18,823 - INFO - service precision | micro: 0.125000; macro: 0.132765; score: [0.18181818 0.15384615 0.04545455 0.13043478 0.25       0.
 0.1        0.         0.33333333]
2025-09-04 20:44:18,824 - INFO - service recall    | micro: 0.791667; macro: 0.677778; score: [1.  1.  0.5 0.6 1.  0.  1.  0.  1. ]
2025-09-04 20:44:18,824 - INFO - service f1        | micro: 0.215909; macro: 0.217088; score: [0.30769231 0.26666667 0.08333333 0.21428571 0.4        0.
 0.18181818 0.         0.5       ]
2025-09-04 20:44:18,852 - INFO - pod     precision | micro: 0.125316; macro: 0.145494; score: [0.20833333 0.22916667 0.07978723 0.14285714 0.18333333 0.0141844
 0.1372549  0.02222222 0.29230769]
2025-09-04 20:44:18,852 - INFO - pod     recall    | micro: 0.853448; macro: 0.864217; score: [1.         1.         0.75       0.57142857 0.95652174 0.5
 1.         1.         1.        ]
2025-09-04 20:44:18,852 - INFO - pod     f1        | micro: 0.218543; macro: 0.240336; score: [0.34482759 0.37288136 0.14423077 0.22857143 0.30769231 0.02758621
 0.24137931 0.04347826 0.45238095]
2025-09-04 20:44:18,852 - INFO - ----------
2025-09-04 20:44:20,173 - INFO - [11/300] | train_loss: 0.81079
2025-09-04 20:44:21,493 - INFO - [12/300] | train_loss: 0.68921
2025-09-04 20:44:22,813 - INFO - [13/300] | train_loss: 0.65654
2025-09-04 20:44:24,128 - INFO - [14/300] | train_loss: 0.60307
2025-09-04 20:44:25,439 - INFO - [15/300] | train_loss: 0.57302
2025-09-04 20:44:26,910 - INFO - [16/300] | train_loss: 0.53820
experiments_a.sh: line 84: 22386 Killed                  python ./HolisticRCA/trainer/a_rca_trainer.py --model_path /root/shared-nvme/work/code/RCA/HolisticRCA/model/a/checkpoint/main.pt --epochs 300 --orl_te_heads 2 --orl_te_layers 2 --orl_te_in_channels 256 --efi_in_dim 256 --efi_te_heads 4 --efi_te_layers 2 --efi_out_dim 256 --eff_in_dim 256 --eff_GAT_out_channels 128 --eff_GAT_heads 2 --batch_size 64 --eff_GAT_dropout 0.1 --GAT_name1 GATConv --GAT_name2 GATv2Conv --activ_fun1 relu6 --activ_fun2 relu6
begin----------------------------------------
Running: python ./HolisticRCA/trainer/a_rca_trainer.py   --model_path /root/shared-nvme/work/code/RCA/HolisticRCA/model/a/checkpoint/main.pt   --epochs 300   --orl_te_heads 2   --orl_te_layers 2   --orl_te_in_channels 256   --efi_in_dim 256   --efi_te_heads 4   --efi_te_layers 2   --efi_out_dim 256   --eff_in_dim 256   --eff_GAT_out_channels 128   --eff_GAT_heads 2   --batch_size 64   --eff_GAT_dropout 0.1           --GAT_name1 GATv2Conv           --GAT_name2 GATConv           --activ_fun1 leaky_relu           --activ_fun2 leaky_relu
2025-09-04 20:44:33,928 - INFO - [0/300] | train_loss: 3.96836
2025-09-04 20:44:34,036 - INFO - ----------
2025-09-04 20:44:34,036 - INFO - evaluation dataset type: valid
2025-09-04 20:44:34,052 - INFO - node    precision | micro: 0.014516; macro: 0.021941; score: [0.03614458 0.00787402 0.         0.         0.01785714 0.06976744]
2025-09-04 20:44:34,052 - INFO - node    recall    | micro: 0.562500; macro: 0.488889; score: [0.6        0.33333333 0.         0.         1.         1.        ]
2025-09-04 20:44:34,052 - INFO - node    f1        | micro: 0.028302; macro: 0.041515; score: [0.06818182 0.01538462 0.         0.         0.03508772 0.13043478]
2025-09-04 20:44:34,070 - INFO - service precision | micro: 0.007231; macro: 0.037018; score: [0.28571429 0.00925926 0.00351494 0.         0.0084317  0.0016835
 0.00952381 0.         0.01503759]
2025-09-04 20:44:34,070 - INFO - service recall    | micro: 0.708333; macro: 0.722222; score: [1.  1.  0.5 0.  1.  1.  1.  0.  1. ]
2025-09-04 20:44:34,070 - INFO - service f1        | micro: 0.014316; macro: 0.059817; score: [0.44444444 0.01834862 0.0069808  0.         0.01672241 0.00336134
 0.01886792 0.         0.02962963]
2025-09-04 20:44:34,102 - INFO - pod     precision | micro: 0.007777; macro: 0.013895; score: [0.04098361 0.00864553 0.00499584 0.         0.05462185 0.
 0.0065666  0.00041667 0.0088249 ]
2025-09-04 20:44:34,102 - INFO - pod     recall    | micro: 0.560345; macro: 0.631489; score: [1.         0.81818182 0.3        0.         0.56521739 0.
 1.         1.         1.        ]
2025-09-04 20:44:34,102 - INFO - pod     f1        | micro: 0.015341; macro: 0.026297; score: [0.07874016 0.01711027 0.00982801 0.         0.09961686 0.
 0.01304753 0.00083299 0.0174954 ]
2025-09-04 20:44:34,102 - INFO - ----------
2025-09-04 20:44:35,365 - INFO - [1/300] | train_loss: 3.45459
2025-09-04 20:44:36,635 - INFO - [2/300] | train_loss: 2.82176
2025-09-04 20:44:37,921 - INFO - [3/300] | train_loss: 2.24168
2025-09-04 20:44:39,197 - INFO - [4/300] | train_loss: 1.69161
2025-09-04 20:44:40,477 - INFO - [5/300] | train_loss: 1.35647
2025-09-04 20:44:41,760 - INFO - [6/300] | train_loss: 1.09001
2025-09-04 20:44:43,021 - INFO - [7/300] | train_loss: 0.83903
2025-09-04 20:44:44,292 - INFO - [8/300] | train_loss: 0.74909
2025-09-04 20:44:45,570 - INFO - [9/300] | train_loss: 0.65501
2025-09-04 20:44:46,834 - INFO - [10/300] | train_loss: 0.57166
2025-09-04 20:44:46,939 - INFO - ----------
2025-09-04 20:44:46,939 - INFO - evaluation dataset type: valid
2025-09-04 20:44:46,956 - INFO - node    precision | micro: 0.250000; macro: 0.331812; score: [0.45454545 0.23076923 0.22222222 0.         0.33333333 0.75      ]
2025-09-04 20:44:46,956 - INFO - node    recall    | micro: 0.937500; macro: 0.777778; score: [1.         1.         0.66666667 0.         1.         1.        ]
2025-09-04 20:44:46,957 - INFO - node    f1        | micro: 0.394737; macro: 0.448413; score: [0.625      0.375      0.33333333 0.         0.5        0.85714286]
2025-09-04 20:44:46,973 - INFO - service precision | micro: 0.120000; macro: 0.142235; score: [0.28571429 0.25       0.04651163 0.11764706 0.19230769 0.
 0.25       0.         0.13793103]
2025-09-04 20:44:46,973 - INFO - service recall    | micro: 0.750000; macro: 0.655556; score: [1.  1.  0.5 0.4 1.  0.  1.  0.  1. ]
2025-09-04 20:44:46,974 - INFO - service f1        | micro: 0.206897; macro: 0.230708; score: [0.44444444 0.4        0.08510638 0.18181818 0.32258065 0.
 0.4        0.         0.24242424]
2025-09-04 20:44:47,002 - INFO - pod     precision | micro: 0.126126; macro: 0.177121; score: [0.38461538 0.23404255 0.07373272 0.09022556 0.16153846 0.00934579
 0.22580645 0.02702703 0.3877551 ]
2025-09-04 20:44:47,002 - INFO - pod     recall    | micro: 0.844828; macro: 0.837164; score: [1.         1.         0.8        0.57142857 0.91304348 0.25
 1.         1.         1.        ]
2025-09-04 20:44:47,002 - INFO - pod     f1        | micro: 0.219485; macro: 0.277571; score: [0.55555556 0.37931034 0.1350211  0.15584416 0.2745098  0.01801802
 0.36842105 0.05263158 0.55882353]
2025-09-04 20:44:47,002 - INFO - ----------
2025-09-04 20:44:48,271 - INFO - [11/300] | train_loss: 0.58212
2025-09-04 20:44:49,529 - INFO - [12/300] | train_loss: 0.51593
2025-09-04 20:44:50,792 - INFO - [13/300] | train_loss: 0.48848
experiments_a.sh: line 84: 22631 Killed                  python ./HolisticRCA/trainer/a_rca_trainer.py --model_path /root/shared-nvme/work/code/RCA/HolisticRCA/model/a/checkpoint/main.pt --epochs 300 --orl_te_heads 2 --orl_te_layers 2 --orl_te_in_channels 256 --efi_in_dim 256 --efi_te_heads 4 --efi_te_layers 2 --efi_out_dim 256 --eff_in_dim 256 --eff_GAT_out_channels 128 --eff_GAT_heads 2 --batch_size 64 --eff_GAT_dropout 0.1 --GAT_name1 GATv2Conv --GAT_name2 GATConv --activ_fun1 leaky_relu --activ_fun2 leaky_relu
begin----------------------------------------
Running: python ./HolisticRCA/trainer/a_rca_trainer.py   --model_path /root/shared-nvme/work/code/RCA/HolisticRCA/model/a/checkpoint/main.pt   --epochs 300   --orl_te_heads 2   --orl_te_layers 2   --orl_te_in_channels 256   --efi_in_dim 256   --efi_te_heads 4   --efi_te_layers 2   --efi_out_dim 256   --eff_in_dim 256   --eff_GAT_out_channels 128   --eff_GAT_heads 2   --batch_size 64   --eff_GAT_dropout 0.1           --GAT_name1 GATv2Conv           --GAT_name2 GATConv           --activ_fun1 leaky_relu           --activ_fun2 relu6
2025-09-04 20:44:56,762 - INFO - [0/300] | train_loss: 3.96897
2025-09-04 20:44:56,869 - INFO - ----------
2025-09-04 20:44:56,869 - INFO - evaluation dataset type: valid
2025-09-04 20:44:56,885 - INFO - node    precision | micro: 0.014286; macro: 0.021432; score: [0.03296703 0.008      0.         0.         0.01785714 0.06976744]
2025-09-04 20:44:56,886 - INFO - node    recall    | micro: 0.562500; macro: 0.488889; score: [0.6        0.33333333 0.         0.         1.         1.        ]
2025-09-04 20:44:56,886 - INFO - node    f1        | micro: 0.027864; macro: 0.040608; score: [0.0625     0.015625   0.         0.         0.03508772 0.13043478]
2025-09-04 20:44:56,903 - INFO - service precision | micro: 0.007848; macro: 0.037285; score: [0.28571429 0.00961538 0.00670017 0.         0.00943396 0.00167785
 0.0125     0.         0.00992556]
2025-09-04 20:44:56,903 - INFO - service recall    | micro: 0.791667; macro: 0.777778; score: [1. 1. 1. 0. 1. 1. 1. 0. 1.]
2025-09-04 20:44:56,904 - INFO - service f1        | micro: 0.015542; macro: 0.060355; score: [0.44444444 0.01904762 0.01331115 0.         0.01869159 0.00335008
 0.02469136 0.         0.01965602]
2025-09-04 20:44:56,936 - INFO - pod     precision | micro: 0.007645; macro: 0.123707; score: [3.69003690e-02 7.55033557e-03 4.47427293e-03 1.00000000e+00
 4.87804878e-02 0.00000000e+00 6.61000944e-03 4.16666667e-04
 8.63243980e-03]
2025-09-04 20:44:56,936 - INFO - pod     recall    | micro: 0.577586; macro: 0.641611; score: [1.         0.81818182 0.3        0.04761905 0.60869565 0.
 1.         1.         1.        ]
2025-09-04 20:44:56,936 - INFO - pod     f1        | micro: 0.015090; macro: 0.034141; score: [0.07117438 0.01496259 0.00881705 0.09090909 0.09032258 0.
 0.01313321 0.00083299 0.01711712]
2025-09-04 20:44:56,936 - INFO - ----------
2025-09-04 20:44:58,211 - INFO - [1/300] | train_loss: 3.45569
2025-09-04 20:44:59,522 - INFO - [2/300] | train_loss: 2.82763
2025-09-04 20:45:00,825 - INFO - [3/300] | train_loss: 2.24226
2025-09-04 20:45:02,129 - INFO - [4/300] | train_loss: 1.72101
2025-09-04 20:45:03,432 - INFO - [5/300] | train_loss: 1.41608
2025-09-04 20:45:04,737 - INFO - [6/300] | train_loss: 1.18433
2025-09-04 20:45:06,052 - INFO - [7/300] | train_loss: 0.95815
2025-09-04 20:45:07,356 - INFO - [8/300] | train_loss: 0.88106
2025-09-04 20:45:08,654 - INFO - [9/300] | train_loss: 0.80788
2025-09-04 20:45:09,961 - INFO - [10/300] | train_loss: 0.69388
2025-09-04 20:45:10,065 - INFO - ----------
2025-09-04 20:45:10,066 - INFO - evaluation dataset type: valid
2025-09-04 20:45:10,083 - INFO - node    precision | micro: 0.238095; macro: 0.292460; score: [0.35714286 0.21428571 0.25       0.         0.33333333 0.6       ]
2025-09-04 20:45:10,083 - INFO - node    recall    | micro: 0.937500; macro: 0.777778; score: [1.         1.         0.66666667 0.         1.         1.        ]
2025-09-04 20:45:10,083 - INFO - node    f1        | micro: 0.379747; macro: 0.415482; score: [0.52631579 0.35294118 0.36363636 0.         0.5        0.75      ]
2025-09-04 20:45:10,099 - INFO - service precision | micro: 0.140625; macro: 0.134633; score: [0.2        0.2        0.06896552 0.15384615 0.2        0.
 0.16666667 0.         0.22222222]
2025-09-04 20:45:10,099 - INFO - service recall    | micro: 0.750000; macro: 0.655556; score: [1.  1.  0.5 0.4 1.  0.  1.  0.  1. ]
2025-09-04 20:45:10,099 - INFO - service f1        | micro: 0.236842; macro: 0.221421; score: [0.33333333 0.33333333 0.12121212 0.22222222 0.33333333 0.
 0.28571429 0.         0.36363636]
2025-09-04 20:45:10,127 - INFO - pod     precision | micro: 0.136691; macro: 0.166463; score: [0.3030303  0.22916667 0.10791367 0.09259259 0.17647059 0.00909091
 0.1627907  0.0212766  0.39583333]
2025-09-04 20:45:10,127 - INFO - pod     recall    | micro: 0.818966; macro: 0.821026; score: [1.         1.         0.75       0.47619048 0.91304348 0.25
 1.         1.         1.        ]
2025-09-04 20:45:10,127 - INFO - pod     f1        | micro: 0.234279; macro: 0.264874; score: [0.46511628 0.37288136 0.18867925 0.15503876 0.29577465 0.01754386
 0.28       0.04166667 0.56716418]
2025-09-04 20:45:10,127 - INFO - ----------
2025-09-04 20:45:11,419 - INFO - [11/300] | train_loss: 0.67374
2025-09-04 20:45:12,709 - INFO - [12/300] | train_loss: 0.59914
2025-09-04 20:45:13,999 - INFO - [13/300] | train_loss: 0.57162
2025-09-04 20:45:15,284 - INFO - [14/300] | train_loss: 0.57080
2025-09-04 20:45:16,571 - INFO - [15/300] | train_loss: 0.49431
2025-09-04 20:45:17,867 - INFO - [16/300] | train_loss: 0.46336
2025-09-04 20:45:19,156 - INFO - [17/300] | train_loss: 0.42848
2025-09-04 20:45:20,442 - INFO - [18/300] | train_loss: 0.40600
2025-09-04 20:45:21,727 - INFO - [19/300] | train_loss: 0.41019
2025-09-04 20:45:23,026 - INFO - [20/300] | train_loss: 0.38461
2025-09-04 20:45:23,131 - INFO - ----------
2025-09-04 20:45:23,132 - INFO - evaluation dataset type: valid
2025-09-04 20:45:23,147 - INFO - node    precision | micro: 0.384615; macro: 0.387121; score: [0.5        0.27272727 0.4        0.         0.4        0.75      ]
2025-09-04 20:45:23,147 - INFO - node    recall    | micro: 0.937500; macro: 0.777778; score: [1.         1.         0.66666667 0.         1.         1.        ]
2025-09-04 20:45:23,147 - INFO - node    f1        | micro: 0.545455; macro: 0.503968; score: [0.66666667 0.42857143 0.5        0.         0.57142857 0.85714286]
2025-09-04 20:45:23,164 - INFO - service precision | micro: 0.161017; macro: 0.148399; score: [0.22222222 0.18181818 0.11538462 0.16666667 0.22727273 0.
 0.2        0.         0.22222222]
2025-09-04 20:45:23,164 - INFO - service recall    | micro: 0.791667; macro: 0.683333; score: [1.   1.   0.75 0.4  1.   0.   1.   0.   1.  ]
2025-09-04 20:45:23,164 - INFO - service f1        | micro: 0.267606; macro: 0.241551; score: [0.36363636 0.30769231 0.2        0.23529412 0.37037037 0.
 0.33333333 0.         0.36363636]
2025-09-04 20:45:23,191 - INFO - pod     precision | micro: 0.155146; macro: 0.183552; score: [0.43478261 0.21568627 0.11428571 0.11570248 0.18103448 0.02941176
 0.18421053 0.025      0.35185185]
2025-09-04 20:45:23,192 - INFO - pod     recall    | micro: 0.870690; macro: 0.875523; score: [1.         1.         0.8        0.66666667 0.91304348 0.5
 1.         1.         1.        ]
2025-09-04 20:45:23,192 - INFO - pod     f1        | micro: 0.263364; macro: 0.288471; score: [0.60606061 0.35483871 0.2        0.1971831  0.30215827 0.05555556
 0.31111111 0.04878049 0.52054795]
2025-09-04 20:45:23,192 - INFO - ----------
2025-09-04 20:45:24,599 - INFO - [21/300] | train_loss: 0.36357
2025-09-04 20:45:25,886 - INFO - [22/300] | train_loss: 0.35834
2025-09-04 20:45:27,171 - INFO - [23/300] | train_loss: 0.35479
2025-09-04 20:45:28,487 - INFO - [24/300] | train_loss: 0.35797
2025-09-04 20:45:29,813 - INFO - [25/300] | train_loss: 0.39316
2025-09-04 20:45:31,107 - INFO - [26/300] | train_loss: 0.34608
2025-09-04 20:45:32,398 - INFO - [27/300] | train_loss: 0.32644
2025-09-04 20:45:33,688 - INFO - [28/300] | train_loss: 0.31616
2025-09-04 20:45:34,979 - INFO - [29/300] | train_loss: 0.29751
2025-09-04 20:45:36,270 - INFO - [30/300] | train_loss: 0.26320
2025-09-04 20:45:36,380 - INFO - ----------
2025-09-04 20:45:36,380 - INFO - evaluation dataset type: valid
2025-09-04 20:45:36,397 - INFO - node    precision | micro: 0.424242; macro: 0.428704; score: [0.55555556 0.2        0.66666667 0.         0.4        0.75      ]
2025-09-04 20:45:36,397 - INFO - node    recall    | micro: 0.875000; macro: 0.722222; score: [1.         0.66666667 0.66666667 0.         1.         1.        ]
2025-09-04 20:45:36,397 - INFO - node    f1        | micro: 0.571429; macro: 0.519536; score: [0.71428571 0.30769231 0.66666667 0.         0.57142857 0.85714286]
2025-09-04 20:45:36,414 - INFO - service precision | micro: 0.188406; macro: 0.195029; score: [0.4        0.2        0.10526316 0.25       0.25       0.
 0.25       0.         0.3       ]
2025-09-04 20:45:36,414 - INFO - service recall    | micro: 0.541667; macro: 0.538889; score: [1.   1.   0.5  0.2  0.4  0.   1.   0.   0.75]
2025-09-04 20:45:36,414 - INFO - service f1        | micro: 0.279570; macro: 0.270796; score: [0.57142857 0.33333333 0.17391304 0.22222222 0.30769231 0.
 0.4        0.         0.42857143]
2025-09-04 20:45:36,442 - INFO - pod     precision | micro: 0.199095; macro: 0.238616; score: [0.83333333 0.18644068 0.14851485 0.19607843 0.23809524 0.
 0.17948718 0.03225806 0.33333333]
2025-09-04 20:45:36,442 - INFO - pod     recall    | micro: 0.758621; macro: 0.764263; score: [1.         1.         0.75       0.47619048 0.65217391 0.
 1.         1.         1.        ]
2025-09-04 20:45:36,442 - INFO - pod     f1        | micro: 0.315412; macro: 0.329419; score: [0.90909091 0.31428571 0.24793388 0.27777778 0.34883721 0.
 0.30434783 0.0625     0.5       ]
2025-09-04 20:45:36,442 - INFO - ----------
2025-09-04 20:45:37,736 - INFO - [31/300] | train_loss: 0.27837
2025-09-04 20:45:39,037 - INFO - [32/300] | train_loss: 0.25143
2025-09-04 20:45:40,323 - INFO - [33/300] | train_loss: 0.25411
2025-09-04 20:45:41,617 - INFO - [34/300] | train_loss: 0.25134
2025-09-04 20:45:42,931 - INFO - [35/300] | train_loss: 0.24319
2025-09-04 20:45:44,224 - INFO - [36/300] | train_loss: 0.22822
2025-09-04 20:45:45,513 - INFO - [37/300] | train_loss: 0.20405
2025-09-04 20:45:46,800 - INFO - [38/300] | train_loss: 0.20936
2025-09-04 20:45:48,083 - INFO - [39/300] | train_loss: 0.20133
2025-09-04 20:45:49,369 - INFO - [40/300] | train_loss: 0.19270
2025-09-04 20:45:49,478 - INFO - ----------
2025-09-04 20:45:49,478 - INFO - evaluation dataset type: valid
2025-09-04 20:45:49,494 - INFO - node    precision | micro: 0.451613; macro: 0.474074; score: [0.55555556 0.22222222 0.66666667 0.         0.4        1.        ]
2025-09-04 20:45:49,494 - INFO - node    recall    | micro: 0.875000; macro: 0.722222; score: [1.         0.66666667 0.66666667 0.         1.         1.        ]
2025-09-04 20:45:49,494 - INFO - node    f1        | micro: 0.595745; macro: 0.547619; score: [0.71428571 0.33333333 0.66666667 0.         0.57142857 1.        ]
2025-09-04 20:45:49,511 - INFO - service precision | micro: 0.239130; macro: 0.256173; score: [0.5        0.22222222 0.16666667 0.5        0.25       0.
 0.33333333 0.         0.33333333]
2025-09-04 20:45:49,511 - INFO - service recall    | micro: 0.458333; macro: 0.488889; score: [1.   1.   0.25 0.2  0.2  0.   1.   0.   0.75]
2025-09-04 20:45:49,511 - INFO - service f1        | micro: 0.314286; macro: 0.299975; score: [0.66666667 0.36363636 0.2        0.28571429 0.22222222 0.
 0.5        0.         0.46153846]
2025-09-04 20:45:49,539 - INFO - pod     precision | micro: 0.236111; macro: 0.259872; score: [0.83333333 0.20754717 0.17105263 0.17073171 0.27868852 0.
 0.26923077 0.03571429 0.37254902]
2025-09-04 20:45:49,539 - INFO - pod     recall    | micro: 0.732759; macro: 0.746940; score: [1.         1.         0.65       0.33333333 0.73913043 0.
 1.         1.         1.        ]
2025-09-04 20:45:49,539 - INFO - pod     f1        | micro: 0.357143; macro: 0.354479; score: [0.90909091 0.34375    0.27083333 0.22580645 0.4047619  0.
 0.42424242 0.06896552 0.54285714]
2025-09-04 20:45:49,539 - INFO - ----------
2025-09-04 20:45:50,861 - INFO - [41/300] | train_loss: 0.21143
2025-09-04 20:45:52,157 - INFO - [42/300] | train_loss: 0.22543
2025-09-04 20:45:53,448 - INFO - [43/300] | train_loss: 0.23559
2025-09-04 20:45:54,743 - INFO - [44/300] | train_loss: 0.24588
2025-09-04 20:45:56,033 - INFO - [45/300] | train_loss: 0.27268
2025-09-04 20:45:57,322 - INFO - [46/300] | train_loss: 0.26348
2025-09-04 20:45:58,608 - INFO - [47/300] | train_loss: 0.23035
2025-09-04 20:45:59,894 - INFO - [48/300] | train_loss: 0.20239
2025-09-04 20:46:01,196 - INFO - [49/300] | train_loss: 0.20498
2025-09-04 20:46:02,484 - INFO - [50/300] | train_loss: 0.16248
2025-09-04 20:46:02,590 - INFO - ----------
2025-09-04 20:46:02,590 - INFO - evaluation dataset type: valid
2025-09-04 20:46:02,606 - INFO - node    precision | micro: 0.482759; macro: 0.484656; score: [0.55555556 0.28571429 0.66666667 0.         0.4        1.        ]
2025-09-04 20:46:02,606 - INFO - node    recall    | micro: 0.875000; macro: 0.722222; score: [1.         0.66666667 0.66666667 0.         1.         1.        ]
2025-09-04 20:46:02,606 - INFO - node    f1        | micro: 0.622222; macro: 0.558730; score: [0.71428571 0.4        0.66666667 0.         0.57142857 1.        ]
2025-09-04 20:46:02,622 - INFO - service precision | micro: 0.315789; macro: 0.272222; score: [0.5  0.2  0.25 0.   0.5  0.   0.5  0.   0.5 ]
2025-09-04 20:46:02,622 - INFO - service recall    | micro: 0.500000; macro: 0.522222; score: [1.  1.  0.5 0.  0.2 0.  1.  0.  1. ]
2025-09-04 20:46:02,622 - INFO - service f1        | micro: 0.387097; macro: 0.328042; score: [0.66666667 0.33333333 0.33333333 0.         0.28571429 0.
 0.66666667 0.         0.66666667]
2025-09-04 20:46:02,650 - INFO - pod     precision | micro: 0.229651; macro: 0.257224; score: [0.83333333 0.21153846 0.15853659 0.17857143 0.27083333 0.
 0.26923077 0.03448276 0.35849057]
2025-09-04 20:46:02,650 - INFO - pod     recall    | micro: 0.681034; macro: 0.717035; score: [1.         1.         0.65       0.23809524 0.56521739 0.
 1.         1.         1.        ]
2025-09-04 20:46:02,650 - INFO - pod     f1        | micro: 0.343478; macro: 0.344685; score: [0.90909091 0.34920635 0.25490196 0.20408163 0.36619718 0.
 0.42424242 0.06666667 0.52777778]
2025-09-04 20:46:02,650 - INFO - ----------
2025-09-04 20:46:03,929 - INFO - [51/300] | train_loss: 0.20195
2025-09-04 20:46:05,217 - INFO - [52/300] | train_loss: 0.19101
2025-09-04 20:46:06,502 - INFO - [53/300] | train_loss: 0.16718
2025-09-04 20:46:07,790 - INFO - [54/300] | train_loss: 0.18127
2025-09-04 20:46:09,081 - INFO - [55/300] | train_loss: 0.17823
2025-09-04 20:46:10,383 - INFO - [56/300] | train_loss: 0.18384
2025-09-04 20:46:11,661 - INFO - [57/300] | train_loss: 0.17469
2025-09-04 20:46:12,941 - INFO - [58/300] | train_loss: 0.17736
2025-09-04 20:46:14,230 - INFO - [59/300] | train_loss: 0.16222
2025-09-04 20:46:15,522 - INFO - [60/300] | train_loss: 0.14287
2025-09-04 20:46:15,627 - INFO - ----------
2025-09-04 20:46:15,628 - INFO - evaluation dataset type: valid
2025-09-04 20:46:15,643 - INFO - node    precision | micro: 0.518519; macro: 0.492593; score: [0.55555556 0.33333333 0.66666667 0.         0.4        1.        ]
2025-09-04 20:46:15,643 - INFO - node    recall    | micro: 0.875000; macro: 0.722222; score: [1.         0.66666667 0.66666667 0.         1.         1.        ]
2025-09-04 20:46:15,643 - INFO - node    f1        | micro: 0.651163; macro: 0.566138; score: [0.71428571 0.44444444 0.66666667 0.         0.57142857 1.        ]
2025-09-04 20:46:15,659 - INFO - service precision | micro: 0.285714; macro: 0.257937; score: [0.5        0.25       0.14285714 0.         0.5        0.
 0.5        0.         0.42857143]
2025-09-04 20:46:15,659 - INFO - service recall    | micro: 0.416667; macro: 0.466667; score: [1.   1.   0.25 0.   0.2  0.   1.   0.   0.75]
2025-09-04 20:46:15,659 - INFO - service f1        | micro: 0.338983; macro: 0.305147; score: [0.66666667 0.4        0.18181818 0.         0.28571429 0.
 0.66666667 0.         0.54545455]
2025-09-04 20:46:15,686 - INFO - pod     precision | micro: 0.277397; macro: 0.301965; score: [0.83333333 0.21568627 0.20967742 0.17647059 0.41176471 0.
 0.38888889 0.04       0.44186047]
2025-09-04 20:46:15,686 - INFO - pod     recall    | micro: 0.698276; macro: 0.727157; score: [1.         1.         0.65       0.28571429 0.60869565 0.
 1.         1.         1.        ]
2025-09-04 20:46:15,687 - INFO - pod     f1        | micro: 0.397059; macro: 0.393360; score: [0.90909091 0.35483871 0.31707317 0.21818182 0.49122807 0.
 0.56       0.07692308 0.61290323]
2025-09-04 20:46:15,687 - INFO - ----------
2025-09-04 20:46:16,971 - INFO - [61/300] | train_loss: 0.13489
2025-09-04 20:46:18,261 - INFO - [62/300] | train_loss: 0.14332
2025-09-04 20:46:19,534 - INFO - [63/300] | train_loss: 0.14948
2025-09-04 20:46:20,814 - INFO - [64/300] | train_loss: 0.14389
2025-09-04 20:46:22,094 - INFO - [65/300] | train_loss: 0.12653
2025-09-04 20:46:23,381 - INFO - [66/300] | train_loss: 0.13512
2025-09-04 20:46:24,667 - INFO - [67/300] | train_loss: 0.13380
2025-09-04 20:46:25,953 - INFO - [68/300] | train_loss: 0.11837
2025-09-04 20:46:27,238 - INFO - [69/300] | train_loss: 0.15353
2025-09-04 20:46:28,515 - INFO - [70/300] | train_loss: 0.13127
2025-09-04 20:46:28,620 - INFO - ----------
2025-09-04 20:46:28,620 - INFO - evaluation dataset type: valid
2025-09-04 20:46:28,635 - INFO - node    precision | micro: 0.576923; macro: 0.537037; score: [0.55555556 0.5        0.66666667 0.         0.5        1.        ]
2025-09-04 20:46:28,635 - INFO - node    recall    | micro: 0.937500; macro: 0.777778; score: [1.         1.         0.66666667 0.         1.         1.        ]
2025-09-04 20:46:28,636 - INFO - node    f1        | micro: 0.714286; macro: 0.619048; score: [0.71428571 0.66666667 0.66666667 0.         0.66666667 1.        ]
2025-09-04 20:46:28,652 - INFO - service precision | micro: 0.283333; macro: 0.278632; score: [0.33333333 0.125      0.36363636 0.28571429 0.5        0.
 0.5        0.         0.4       ]
2025-09-04 20:46:28,652 - INFO - service recall    | micro: 0.708333; macro: 0.644444; score: [1.  1.  1.  0.4 0.4 0.  1.  0.  1. ]
2025-09-04 20:46:28,652 - INFO - service f1        | micro: 0.404762; macro: 0.363492; score: [0.5        0.22222222 0.53333333 0.33333333 0.44444444 0.
 0.66666667 0.         0.57142857]
2025-09-04 20:46:28,680 - INFO - pod     precision | micro: 0.253602; macro: 0.292653; score: [0.83333333 0.2037037  0.22222222 0.16981132 0.34       0.
 0.41176471 0.04       0.41304348]
2025-09-04 20:46:28,680 - INFO - pod     recall    | micro: 0.758621; macro: 0.763078; score: [1.         1.         0.7        0.42857143 0.73913043 0.
 1.         1.         1.        ]
2025-09-04 20:46:28,681 - INFO - pod     f1        | micro: 0.380130; macro: 0.393197; score: [0.90909091 0.33846154 0.3373494  0.24324324 0.46575342 0.
 0.58333333 0.07692308 0.58461538]
2025-09-04 20:46:28,681 - INFO - ----------
2025-09-04 20:46:29,963 - INFO - [71/300] | train_loss: 0.12655
2025-09-04 20:46:31,244 - INFO - [72/300] | train_loss: 0.12753
2025-09-04 20:46:32,524 - INFO - [73/300] | train_loss: 0.13316
2025-09-04 20:46:33,809 - INFO - [74/300] | train_loss: 0.10820
2025-09-04 20:46:35,130 - INFO - [75/300] | train_loss: 0.12246
2025-09-04 20:46:36,420 - INFO - [76/300] | train_loss: 0.10624
2025-09-04 20:46:37,706 - INFO - [77/300] | train_loss: 0.11710
2025-09-04 20:46:38,992 - INFO - [78/300] | train_loss: 0.10249
2025-09-04 20:46:40,278 - INFO - [79/300] | train_loss: 0.11998
2025-09-04 20:46:41,562 - INFO - [80/300] | train_loss: 0.10225
2025-09-04 20:46:41,668 - INFO - ----------
2025-09-04 20:46:41,669 - INFO - evaluation dataset type: valid
2025-09-04 20:46:41,684 - INFO - node    precision | micro: 0.535714; macro: 0.492262; score: [0.625      0.42857143 0.4        0.         0.5        1.        ]
2025-09-04 20:46:41,684 - INFO - node    recall    | micro: 0.937500; macro: 0.777778; score: [1.         1.         0.66666667 0.         1.         1.        ]
2025-09-04 20:46:41,684 - INFO - node    f1        | micro: 0.681818; macro: 0.589316; score: [0.76923077 0.6        0.5        0.         0.66666667 1.        ]
2025-09-04 20:46:41,701 - INFO - service precision | micro: 0.379310; macro: 0.416667; score: [0.66666667 0.33333333 0.25       0.         1.         0.
 1.         0.         0.5       ]
2025-09-04 20:46:41,701 - INFO - service recall    | micro: 0.458333; macro: 0.494444; score: [1.   1.   0.25 0.   0.2  0.   1.   0.   1.  ]
2025-09-04 20:46:41,701 - INFO - service f1        | micro: 0.415094; macro: 0.394444; score: [0.8        0.5        0.25       0.         0.33333333 0.
 1.         0.         0.66666667]
2025-09-04 20:46:41,728 - INFO - pod     precision | micro: 0.321705; macro: 0.325403; score: [0.76923077 0.26190476 0.23076923 0.22580645 0.44444444 0.
 0.4375     0.04545455 0.51351351]
2025-09-04 20:46:41,728 - INFO - pod     recall    | micro: 0.715517; macro: 0.736554; score: [1.         1.         0.6        0.33333333 0.69565217 0.
 1.         1.         1.        ]
2025-09-04 20:46:41,728 - INFO - pod     f1        | micro: 0.443850; macro: 0.422647; score: [0.86956522 0.41509434 0.33333333 0.26923077 0.54237288 0.
 0.60869565 0.08695652 0.67857143]
2025-09-04 20:46:41,728 - INFO - ----------
2025-09-04 20:46:43,013 - INFO - [81/300] | train_loss: 0.10631
2025-09-04 20:46:44,306 - INFO - [82/300] | train_loss: 0.10733
2025-09-04 20:46:45,592 - INFO - [83/300] | train_loss: 0.08927
2025-09-04 20:46:46,870 - INFO - [84/300] | train_loss: 0.08068
2025-09-04 20:46:48,150 - INFO - [85/300] | train_loss: 0.08896
2025-09-04 20:46:49,432 - INFO - [86/300] | train_loss: 0.09744
2025-09-04 20:46:50,707 - INFO - [87/300] | train_loss: 0.09416
2025-09-04 20:46:51,993 - INFO - [88/300] | train_loss: 0.10110
2025-09-04 20:46:53,279 - INFO - [89/300] | train_loss: 0.09041
2025-09-04 20:46:54,559 - INFO - [90/300] | train_loss: 0.08700
2025-09-04 20:46:54,663 - INFO - ----------
2025-09-04 20:46:54,663 - INFO - evaluation dataset type: valid
2025-09-04 20:46:54,678 - INFO - node    precision | micro: 0.560000; macro: 0.504167; score: [0.625 0.4   0.5   0.    0.5   1.   ]
2025-09-04 20:46:54,678 - INFO - node    recall    | micro: 0.875000; macro: 0.722222; score: [1.         0.66666667 0.66666667 0.         1.         1.        ]
2025-09-04 20:46:54,678 - INFO - node    f1        | micro: 0.682927; macro: 0.584554; score: [0.76923077 0.5        0.57142857 0.         0.66666667 1.        ]
2025-09-04 20:46:54,694 - INFO - service precision | micro: 0.458333; macro: 0.488889; score: [1.  0.4 0.5 0.  1.  0.  1.  0.  0.5]
2025-09-04 20:46:54,694 - INFO - service recall    | micro: 0.458333; macro: 0.494444; score: [1.   1.   0.5  0.   0.2  0.   1.   0.   0.75]
2025-09-04 20:46:54,694 - INFO - service f1        | micro: 0.458333; macro: 0.444974; score: [1.         0.57142857 0.5        0.         0.33333333 0.
 1.         0.         0.6       ]
2025-09-04 20:46:54,721 - INFO - pod     precision | micro: 0.386139; macro: 0.371673; score: [0.83333333 0.35483871 0.33333333 0.2        0.48148148 0.
 0.46666667 0.0625     0.61290323]
2025-09-04 20:46:54,721 - INFO - pod     recall    | micro: 0.672414; macro: 0.711479; score: [1.         1.         0.6        0.23809524 0.56521739 0.
 1.         1.         1.        ]
2025-09-04 20:46:54,722 - INFO - pod     f1        | micro: 0.490566; macro: 0.456986; score: [0.90909091 0.52380952 0.42857143 0.2173913  0.52       0.
 0.63636364 0.11764706 0.76      ]
2025-09-04 20:46:54,722 - INFO - ----------
2025-09-04 20:46:56,002 - INFO - [91/300] | train_loss: 0.08062
2025-09-04 20:46:57,287 - INFO - [92/300] | train_loss: 0.08393
2025-09-04 20:46:58,570 - INFO - [93/300] | train_loss: 0.08580
2025-09-04 20:46:59,883 - INFO - [94/300] | train_loss: 0.08954
2025-09-04 20:47:01,172 - INFO - [95/300] | train_loss: 0.08537
2025-09-04 20:47:02,455 - INFO - [96/300] | train_loss: 0.08293
2025-09-04 20:47:03,737 - INFO - [97/300] | train_loss: 0.06968
2025-09-04 20:47:05,022 - INFO - [98/300] | train_loss: 0.08455
2025-09-04 20:47:06,311 - INFO - [99/300] | train_loss: 0.08732
2025-09-04 20:47:07,597 - INFO - [100/300] | train_loss: 0.08396
2025-09-04 20:47:07,703 - INFO - ----------
2025-09-04 20:47:07,703 - INFO - evaluation dataset type: valid
2025-09-04 20:47:07,735 - INFO - node    precision | micro: 0.600000; macro: 0.537500; score: [0.625 0.6   0.5   0.    0.5   1.   ]
2025-09-04 20:47:07,736 - INFO - node    recall    | micro: 0.937500; macro: 0.777778; score: [1.         1.         0.66666667 0.         1.         1.        ]
2025-09-04 20:47:07,736 - INFO - node    f1        | micro: 0.731707; macro: 0.626221; score: [0.76923077 0.75       0.57142857 0.         0.66666667 1.        ]
2025-09-04 20:47:07,752 - INFO - service precision | micro: 0.428571; macro: 0.472222; score: [1.   0.5  0.25 0.   1.   0.   1.   0.   0.5 ]
2025-09-04 20:47:07,752 - INFO - service recall    | micro: 0.375000; macro: 0.438889; score: [1.   1.   0.25 0.   0.2  0.   1.   0.   0.5 ]
2025-09-04 20:47:07,752 - INFO - service f1        | micro: 0.400000; macro: 0.416667; score: [1.         0.66666667 0.25       0.         0.33333333 0.
 1.         0.         0.5       ]
2025-09-04 20:47:07,779 - INFO - pod     precision | micro: 0.413043; macro: 0.380811; score: [0.83333333 0.39285714 0.32352941 0.16666667 0.52       0.
 0.46666667 0.09090909 0.63333333]
2025-09-04 20:47:07,779 - INFO - pod     recall    | micro: 0.655172; macro: 0.700633; score: [1.         1.         0.55       0.19047619 0.56521739 0.
 1.         1.         1.        ]
2025-09-04 20:47:07,780 - INFO - pod     f1        | micro: 0.506667; macro: 0.464287; score: [0.90909091 0.56410256 0.40740741 0.17777778 0.54166667 0.
 0.63636364 0.16666667 0.7755102 ]
2025-09-04 20:47:07,780 - INFO - ----------
2025-09-04 20:47:09,067 - INFO - [101/300] | train_loss: 0.07634
2025-09-04 20:47:10,353 - INFO - [102/300] | train_loss: 0.07297
2025-09-04 20:47:11,637 - INFO - [103/300] | train_loss: 0.08720
2025-09-04 20:47:12,917 - INFO - [104/300] | train_loss: 0.09869
2025-09-04 20:47:14,201 - INFO - [105/300] | train_loss: 0.07961
2025-09-04 20:47:15,483 - INFO - [106/300] | train_loss: 0.09356
2025-09-04 20:47:16,762 - INFO - [107/300] | train_loss: 0.07917
2025-09-04 20:47:18,045 - INFO - [108/300] | train_loss: 0.07909
2025-09-04 20:47:19,328 - INFO - [109/300] | train_loss: 0.08934
2025-09-04 20:47:20,610 - INFO - [110/300] | train_loss: 0.06331
2025-09-04 20:47:20,715 - INFO - ----------
2025-09-04 20:47:20,715 - INFO - evaluation dataset type: valid
2025-09-04 20:47:20,730 - INFO - node    precision | micro: 0.608696; macro: 0.535714; score: [0.71428571 0.5        0.5        0.         0.5        1.        ]
2025-09-04 20:47:20,730 - INFO - node    recall    | micro: 0.875000; macro: 0.722222; score: [1.         0.66666667 0.66666667 0.         1.         1.        ]
2025-09-04 20:47:20,730 - INFO - node    f1        | micro: 0.717949; macro: 0.607143; score: [0.83333333 0.57142857 0.57142857 0.         0.66666667 1.        ]
2025-09-04 20:47:20,746 - INFO - service precision | micro: 0.500000; macro: 0.492593; score: [1.         0.5        0.33333333 0.         1.         0.
 1.         0.         0.6       ]
2025-09-04 20:47:20,746 - INFO - service recall    | micro: 0.458333; macro: 0.494444; score: [1.   1.   0.5  0.   0.2  0.   1.   0.   0.75]
2025-09-04 20:47:20,746 - INFO - service f1        | micro: 0.478261; macro: 0.451852; score: [1.         0.66666667 0.4        0.         0.33333333 0.
 1.         0.         0.66666667]
2025-09-04 20:47:20,774 - INFO - pod     precision | micro: 0.432584; macro: 0.403476; score: [0.90909091 0.36666667 0.30952381 0.1875     0.52       0.
 0.58333333 0.1        0.65517241]
2025-09-04 20:47:20,774 - INFO - pod     recall    | micro: 0.663793; macro: 0.706453; score: [1.         1.         0.65       0.14285714 0.56521739 0.
 1.         1.         1.        ]
2025-09-04 20:47:20,774 - INFO - pod     f1        | micro: 0.523810; macro: 0.480275; score: [0.95238095 0.53658537 0.41935484 0.16216216 0.54166667 0.
 0.73684211 0.18181818 0.79166667]
2025-09-04 20:47:20,774 - INFO - ----------
2025-09-04 20:47:22,057 - INFO - [111/300] | train_loss: 0.08718
2025-09-04 20:47:23,345 - INFO - [112/300] | train_loss: 0.06892
2025-09-04 20:47:24,631 - INFO - [113/300] | train_loss: 0.06963
2025-09-04 20:47:25,913 - INFO - [114/300] | train_loss: 0.09452
2025-09-04 20:47:27,189 - INFO - [115/300] | train_loss: 0.07589
2025-09-04 20:47:28,468 - INFO - [116/300] | train_loss: 0.06447
2025-09-04 20:47:29,748 - INFO - [117/300] | train_loss: 0.07978
2025-09-04 20:47:31,027 - INFO - [118/300] | train_loss: 0.07284
2025-09-04 20:47:32,309 - INFO - [119/300] | train_loss: 0.06850
2025-09-04 20:47:33,595 - INFO - [120/300] | train_loss: 0.06712
2025-09-04 20:47:33,701 - INFO - ----------
2025-09-04 20:47:33,701 - INFO - evaluation dataset type: valid
2025-09-04 20:47:33,716 - INFO - node    precision | micro: 0.583333; macro: 0.520833; score: [0.625 0.5   0.5   0.    0.5   1.   ]
2025-09-04 20:47:33,716 - INFO - node    recall    | micro: 0.875000; macro: 0.722222; score: [1.         0.66666667 0.66666667 0.         1.         1.        ]
2025-09-04 20:47:33,716 - INFO - node    f1        | micro: 0.700000; macro: 0.596459; score: [0.76923077 0.57142857 0.57142857 0.         0.66666667 1.        ]
2025-09-04 20:47:33,733 - INFO - service precision | micro: 0.476190; macro: 0.518519; score: [1.         0.5        0.25       0.25       1.         0.
 1.         0.         0.66666667]
2025-09-04 20:47:33,733 - INFO - service recall    | micro: 0.416667; macro: 0.461111; score: [1.   1.   0.25 0.2  0.2  0.   1.   0.   0.5 ]
2025-09-04 20:47:33,733 - INFO - service f1        | micro: 0.444444; macro: 0.449295; score: [1.         0.66666667 0.25       0.22222222 0.33333333 0.
 1.         0.         0.57142857]
2025-09-04 20:47:33,760 - INFO - pod     precision | micro: 0.448276; macro: 0.418079; score: [0.90909091 0.40740741 0.33333333 0.2        0.45454545 0.
 0.7        0.125      0.63333333]
2025-09-04 20:47:33,760 - INFO - pod     recall    | micro: 0.672414; macro: 0.710294; score: [1.         1.         0.55       0.19047619 0.65217391 0.
 1.         1.         1.        ]
2025-09-04 20:47:33,760 - INFO - pod     f1        | micro: 0.537931; macro: 0.499836; score: [0.95238095 0.57894737 0.41509434 0.19512195 0.53571429 0.
 0.82352941 0.22222222 0.7755102 ]
2025-09-04 20:47:33,760 - INFO - ----------
2025-09-04 20:47:35,050 - INFO - [121/300] | train_loss: 0.09395
2025-09-04 20:47:36,333 - INFO - [122/300] | train_loss: 0.06639
2025-09-04 20:47:37,618 - INFO - [123/300] | train_loss: 0.07979
2025-09-04 20:47:38,910 - INFO - [124/300] | train_loss: 0.05719
2025-09-04 20:47:40,215 - INFO - [125/300] | train_loss: 0.06129
2025-09-04 20:47:41,522 - INFO - [126/300] | train_loss: 0.06497
2025-09-04 20:47:42,817 - INFO - [127/300] | train_loss: 0.06821
2025-09-04 20:47:44,110 - INFO - [128/300] | train_loss: 0.05875
2025-09-04 20:47:45,402 - INFO - [129/300] | train_loss: 0.06042
2025-09-04 20:47:46,694 - INFO - [130/300] | train_loss: 0.06306
2025-09-04 20:47:46,799 - INFO - ----------
2025-09-04 20:47:46,799 - INFO - evaluation dataset type: valid
2025-09-04 20:47:46,815 - INFO - node    precision | micro: 0.636364; macro: 0.604167; score: [0.625 0.5   1.    0.    0.5   1.   ]
2025-09-04 20:47:46,815 - INFO - node    recall    | micro: 0.875000; macro: 0.722222; score: [1.         0.66666667 0.66666667 0.         1.         1.        ]
2025-09-04 20:47:46,815 - INFO - node    f1        | micro: 0.736842; macro: 0.634554; score: [0.76923077 0.57142857 0.8        0.         0.66666667 1.        ]
2025-09-04 20:47:46,831 - INFO - service precision | micro: 0.625000; macro: 0.490741; score: [1.         0.5        0.25       0.         1.         0.
 1.         0.         0.66666667]
2025-09-04 20:47:46,831 - INFO - service recall    | micro: 0.416667; macro: 0.461111; score: [1.   1.   0.25 0.   0.4  0.   1.   0.   0.5 ]
2025-09-04 20:47:46,831 - INFO - service f1        | micro: 0.500000; macro: 0.451058; score: [1.         0.66666667 0.25       0.         0.57142857 0.
 1.         0.         0.57142857]
2025-09-04 20:47:46,858 - INFO - pod     precision | micro: 0.490323; macro: 0.446075; score: [0.90909091 0.44       0.33333333 0.27272727 0.58333333 0.
 0.7        0.14285714 0.63333333]
2025-09-04 20:47:46,858 - INFO - pod     recall    | micro: 0.655172; macro: 0.700173; score: [1.         1.         0.55       0.14285714 0.60869565 0.
 1.         1.         1.        ]
2025-09-04 20:47:46,858 - INFO - pod     f1        | micro: 0.560886; macro: 0.512319; score: [0.95238095 0.61111111 0.41509434 0.1875     0.59574468 0.
 0.82352941 0.25       0.7755102 ]
2025-09-04 20:47:46,858 - INFO - ----------
2025-09-04 20:47:48,139 - INFO - [131/300] | train_loss: 0.06581
2025-09-04 20:47:49,425 - INFO - [132/300] | train_loss: 0.05536
2025-09-04 20:47:50,710 - INFO - [133/300] | train_loss: 0.05244
2025-09-04 20:47:52,000 - INFO - [134/300] | train_loss: 0.07232
2025-09-04 20:47:53,284 - INFO - [135/300] | train_loss: 0.05589
2025-09-04 20:47:54,563 - INFO - [136/300] | train_loss: 0.05774
2025-09-04 20:47:55,843 - INFO - [137/300] | train_loss: 0.06439
2025-09-04 20:47:57,124 - INFO - [138/300] | train_loss: 0.07315
2025-09-04 20:47:58,408 - INFO - [139/300] | train_loss: 0.04980
2025-09-04 20:47:59,694 - INFO - [140/300] | train_loss: 0.05467
2025-09-04 20:47:59,799 - INFO - ----------
2025-09-04 20:47:59,799 - INFO - evaluation dataset type: valid
2025-09-04 20:47:59,814 - INFO - node    precision | micro: 0.583333; macro: 0.520833; score: [0.625 0.5   0.5   0.    0.5   1.   ]
2025-09-04 20:47:59,814 - INFO - node    recall    | micro: 0.875000; macro: 0.722222; score: [1.         0.66666667 0.66666667 0.         1.         1.        ]
2025-09-04 20:47:59,815 - INFO - node    f1        | micro: 0.700000; macro: 0.596459; score: [0.76923077 0.57142857 0.57142857 0.         0.66666667 1.        ]
2025-09-04 20:47:59,831 - INFO - service precision | micro: 0.647059; macro: 0.500000; score: [1.         0.5        0.33333333 0.         1.         0.
 1.         0.         0.66666667]
2025-09-04 20:47:59,831 - INFO - service recall    | micro: 0.458333; macro: 0.483333; score: [1.   1.   0.25 0.   0.6  0.   1.   0.   0.5 ]
2025-09-04 20:47:59,831 - INFO - service f1        | micro: 0.536585; macro: 0.474868; score: [1.         0.66666667 0.28571429 0.         0.75       0.
 1.         0.         0.57142857]
2025-09-04 20:47:59,858 - INFO - pod     precision | micro: 0.490566; macro: 0.447582; score: [0.90909091 0.47826087 0.33333333 0.25       0.53571429 0.
 0.7        0.16666667 0.65517241]
2025-09-04 20:47:59,858 - INFO - pod     recall    | micro: 0.672414; macro: 0.710294; score: [1.         1.         0.55       0.19047619 0.65217391 0.
 1.         1.         1.        ]
2025-09-04 20:47:59,859 - INFO - pod     f1        | micro: 0.567273; macro: 0.524433; score: [0.95238095 0.64705882 0.41509434 0.21621622 0.58823529 0.
 0.82352941 0.28571429 0.79166667]
2025-09-04 20:47:59,859 - INFO - ----------
2025-09-04 20:48:01,150 - INFO - [141/300] | train_loss: 0.06099
2025-09-04 20:48:02,430 - INFO - [142/300] | train_loss: 0.07207
2025-09-04 20:48:03,710 - INFO - [143/300] | train_loss: 0.07887
2025-09-04 20:48:04,995 - INFO - [144/300] | train_loss: 0.05704
2025-09-04 20:48:06,280 - INFO - [145/300] | train_loss: 0.05161
2025-09-04 20:48:07,563 - INFO - [146/300] | train_loss: 0.04922
2025-09-04 20:48:08,849 - INFO - [147/300] | train_loss: 0.07697
2025-09-04 20:48:10,132 - INFO - [148/300] | train_loss: 0.06430
2025-09-04 20:48:11,415 - INFO - [149/300] | train_loss: 0.05893
2025-09-04 20:48:12,697 - INFO - [150/300] | train_loss: 0.06629
2025-09-04 20:48:12,802 - INFO - ----------
2025-09-04 20:48:12,803 - INFO - evaluation dataset type: valid
2025-09-04 20:48:12,818 - INFO - node    precision | micro: 0.576923; macro: 0.520833; score: [0.625 0.5   0.5   0.    0.5   1.   ]
2025-09-04 20:48:12,818 - INFO - node    recall    | micro: 0.937500; macro: 0.777778; score: [1.         1.         0.66666667 0.         1.         1.        ]
2025-09-04 20:48:12,818 - INFO - node    f1        | micro: 0.714286; macro: 0.612332; score: [0.76923077 0.66666667 0.57142857 0.         0.66666667 1.        ]
2025-09-04 20:48:12,834 - INFO - service precision | micro: 0.378378; macro: 0.462597; score: [0.66666667 0.4        0.14285714 0.15384615 1.         0.
 1.         0.         0.8       ]
2025-09-04 20:48:12,834 - INFO - service recall    | micro: 0.583333; macro: 0.561111; score: [1.   1.   0.25 0.4  0.4  0.   1.   0.   1.  ]
2025-09-04 20:48:12,834 - INFO - service f1        | micro: 0.459016; macro: 0.470643; score: [0.8        0.57142857 0.18181818 0.22222222 0.57142857 0.
 1.         0.         0.88888889]
2025-09-04 20:48:12,861 - INFO - pod     precision | micro: 0.348178; macro: 0.437361; score: [0.90909091 0.45833333 0.25       0.12345679 0.625      0.
 0.7        0.16666667 0.7037037 ]
2025-09-04 20:48:12,861 - INFO - pod     recall    | micro: 0.741379; macro: 0.753152; score: [1.         1.         0.65       0.47619048 0.65217391 0.
 1.         1.         1.        ]
2025-09-04 20:48:12,862 - INFO - pod     f1        | micro: 0.473829; macro: 0.523530; score: [0.95238095 0.62857143 0.36111111 0.19607843 0.63829787 0.
 0.82352941 0.28571429 0.82608696]
2025-09-04 20:48:12,862 - INFO - ----------
2025-09-04 20:48:14,140 - INFO - [151/300] | train_loss: 0.09723
2025-09-04 20:48:15,439 - INFO - [152/300] | train_loss: 0.14102
2025-09-04 20:48:16,733 - INFO - [153/300] | train_loss: 0.16857
2025-09-04 20:48:18,009 - INFO - [154/300] | train_loss: 0.14099
2025-09-04 20:48:19,288 - INFO - [155/300] | train_loss: 0.12215
2025-09-04 20:48:20,565 - INFO - [156/300] | train_loss: 0.16171
2025-09-04 20:48:21,845 - INFO - [157/300] | train_loss: 0.14770
2025-09-04 20:48:23,123 - INFO - [158/300] | train_loss: 0.12702
2025-09-04 20:48:24,400 - INFO - [159/300] | train_loss: 0.13624
2025-09-04 20:48:25,679 - INFO - [160/300] | train_loss: 0.09972
2025-09-04 20:48:25,786 - INFO - ----------
2025-09-04 20:48:25,786 - INFO - evaluation dataset type: valid
2025-09-04 20:48:25,802 - INFO - node    precision | micro: 0.636364; macro: 0.563492; score: [0.71428571 0.5        0.66666667 0.         0.5        1.        ]
2025-09-04 20:48:25,802 - INFO - node    recall    | micro: 0.875000; macro: 0.722222; score: [1.         0.66666667 0.66666667 0.         1.         1.        ]
2025-09-04 20:48:25,802 - INFO - node    f1        | micro: 0.736842; macro: 0.623016; score: [0.83333333 0.57142857 0.66666667 0.         0.66666667 1.        ]
2025-09-04 20:48:25,818 - INFO - service precision | micro: 0.275862; macro: 0.311287; score: [0.66666667 0.28571429 0.16666667 0.11111111 0.5        0.
 0.5        0.         0.57142857]
2025-09-04 20:48:25,818 - INFO - service recall    | micro: 0.666667; macro: 0.622222; score: [1.  1.  1.  0.2 0.4 0.  1.  0.  1. ]
2025-09-04 20:48:25,819 - INFO - service f1        | micro: 0.390244; macro: 0.390156; score: [0.8        0.44444444 0.28571429 0.14285714 0.44444444 0.
 0.66666667 0.         0.72727273]
2025-09-04 20:48:25,846 - INFO - pod     precision | micro: 0.234286; macro: 0.361967; score: [0.76923077 0.34375    0.11666667 0.08955224 0.5        0.
 0.58333333 0.2        0.65517241]
2025-09-04 20:48:25,846 - INFO - pod     recall    | micro: 0.706897; macro: 0.732712; score: [1.         1.         0.7        0.28571429 0.60869565 0.
 1.         1.         1.        ]
2025-09-04 20:48:25,846 - INFO - pod     f1        | micro: 0.351931; macro: 0.458713; score: [0.86956522 0.51162791 0.2        0.13636364 0.54901961 0.
 0.73684211 0.33333333 0.79166667]
2025-09-04 20:48:25,847 - INFO - ----------
2025-09-04 20:48:27,146 - INFO - [161/300] | train_loss: 0.11048
2025-09-04 20:48:28,424 - INFO - [162/300] | train_loss: 0.12183
2025-09-04 20:48:29,710 - INFO - [163/300] | train_loss: 0.09876
2025-09-04 20:48:30,993 - INFO - [164/300] | train_loss: 0.08069
2025-09-04 20:48:32,274 - INFO - [165/300] | train_loss: 0.06562
2025-09-04 20:48:33,562 - INFO - [166/300] | train_loss: 0.07062
2025-09-04 20:48:34,854 - INFO - [167/300] | train_loss: 0.06955
2025-09-04 20:48:36,145 - INFO - [168/300] | train_loss: 0.06245
2025-09-04 20:48:37,433 - INFO - [169/300] | train_loss: 0.06338
2025-09-04 20:48:38,721 - INFO - [170/300] | train_loss: 0.07274
2025-09-04 20:48:38,825 - INFO - ----------
2025-09-04 20:48:38,825 - INFO - evaluation dataset type: valid
2025-09-04 20:48:38,840 - INFO - node    precision | micro: 0.608696; macro: 0.546825; score: [0.71428571 0.4        0.66666667 0.         0.5        1.        ]
2025-09-04 20:48:38,840 - INFO - node    recall    | micro: 0.875000; macro: 0.722222; score: [1.         0.66666667 0.66666667 0.         1.         1.        ]
2025-09-04 20:48:38,841 - INFO - node    f1        | micro: 0.717949; macro: 0.611111; score: [0.83333333 0.5        0.66666667 0.         0.66666667 1.        ]
2025-09-04 20:48:38,857 - INFO - service precision | micro: 0.565217; macro: 0.457407; score: [0.66666667 0.4        0.25       0.         1.         0.
 1.         0.         0.8       ]
2025-09-04 20:48:38,857 - INFO - service recall    | micro: 0.541667; macro: 0.538889; score: [1.   1.   0.25 0.   0.6  0.   1.   0.   1.  ]
2025-09-04 20:48:38,858 - INFO - service f1        | micro: 0.553191; macro: 0.473369; score: [0.8        0.57142857 0.25       0.         0.75       0.
 1.         0.         0.88888889]
2025-09-04 20:48:38,885 - INFO - pod     precision | micro: 0.483660; macro: 0.479645; score: [0.90909091 0.52380952 0.2962963  0.21052632 0.58333333 0.
 0.7        0.5        0.59375   ]
2025-09-04 20:48:38,885 - INFO - pod     recall    | micro: 0.637931; macro: 0.688797; score: [1.         1.         0.4        0.19047619 0.60869565 0.
 1.         1.         1.        ]
2025-09-04 20:48:38,885 - INFO - pod     f1        | micro: 0.550186; macro: 0.556816; score: [0.95238095 0.6875     0.34042553 0.2        0.59574468 0.
 0.82352941 0.66666667 0.74509804]
2025-09-04 20:48:38,885 - INFO - ----------
2025-09-04 20:48:40,173 - INFO - [171/300] | train_loss: 0.05831
2025-09-04 20:48:41,461 - INFO - [172/300] | train_loss: 0.05141
2025-09-04 20:48:42,738 - INFO - [173/300] | train_loss: 0.06347
2025-09-04 20:48:44,018 - INFO - [174/300] | train_loss: 0.07547
2025-09-04 20:48:45,300 - INFO - [175/300] | train_loss: 0.05638
2025-09-04 20:48:46,578 - INFO - [176/300] | train_loss: 0.06978
2025-09-04 20:48:47,860 - INFO - [177/300] | train_loss: 0.06601
2025-09-04 20:48:49,139 - INFO - [178/300] | train_loss: 0.05319
2025-09-04 20:48:50,421 - INFO - [179/300] | train_loss: 0.06431
2025-09-04 20:48:51,700 - INFO - [180/300] | train_loss: 0.04099
2025-09-04 20:48:51,804 - INFO - ----------
2025-09-04 20:48:51,804 - INFO - evaluation dataset type: valid
2025-09-04 20:48:51,819 - INFO - node    precision | micro: 0.636364; macro: 0.563492; score: [0.71428571 0.5        0.66666667 0.         0.5        1.        ]
2025-09-04 20:48:51,819 - INFO - node    recall    | micro: 0.875000; macro: 0.722222; score: [1.         0.66666667 0.66666667 0.         1.         1.        ]
2025-09-04 20:48:51,819 - INFO - node    f1        | micro: 0.736842; macro: 0.623016; score: [0.83333333 0.57142857 0.66666667 0.         0.66666667 1.        ]
2025-09-04 20:48:51,836 - INFO - service precision | micro: 0.631579; macro: 0.555556; score: [1.         0.66666667 0.25       0.33333333 1.         0.
 1.         0.         0.75      ]
2025-09-04 20:48:51,836 - INFO - service recall    | micro: 0.500000; macro: 0.511111; score: [1.   1.   0.25 0.2  0.4  0.   1.   0.   0.75]
2025-09-04 20:48:51,836 - INFO - service f1        | micro: 0.558140; macro: 0.513492; score: [1.         0.8        0.25       0.25       0.57142857 0.
 1.         0.         0.75      ]
2025-09-04 20:48:51,864 - INFO - pod     precision | micro: 0.542636; macro: 0.511112; score: [0.90909091 0.6875     0.29166667 0.17647059 0.63157895 0.
 0.7        0.5        0.7037037 ]
2025-09-04 20:48:51,864 - INFO - pod     recall    | micro: 0.603448; macro: 0.668288; score: [1.         1.         0.35       0.14285714 0.52173913 0.
 1.         1.         1.        ]
2025-09-04 20:48:51,864 - INFO - pod     f1        | micro: 0.571429; macro: 0.570109; score: [0.95238095 0.81481481 0.31818182 0.15789474 0.57142857 0.
 0.82352941 0.66666667 0.82608696]
2025-09-04 20:48:51,864 - INFO - ----------
2025-09-04 20:48:53,142 - INFO - [181/300] | train_loss: 0.05649
2025-09-04 20:48:54,421 - INFO - [182/300] | train_loss: 0.04729
2025-09-04 20:48:55,700 - INFO - [183/300] | train_loss: 0.06363
2025-09-04 20:48:56,981 - INFO - [184/300] | train_loss: 0.04740
2025-09-04 20:48:58,260 - INFO - [185/300] | train_loss: 0.04292
2025-09-04 20:48:59,539 - INFO - [186/300] | train_loss: 0.05876
2025-09-04 20:49:00,831 - INFO - [187/300] | train_loss: 0.05446
2025-09-04 20:49:02,109 - INFO - [188/300] | train_loss: 0.04606
2025-09-04 20:49:03,383 - INFO - [189/300] | train_loss: 0.05136
2025-09-04 20:49:04,661 - INFO - [190/300] | train_loss: 0.04391
2025-09-04 20:49:04,766 - INFO - ----------
2025-09-04 20:49:04,767 - INFO - evaluation dataset type: valid
2025-09-04 20:49:04,783 - INFO - node    precision | micro: 0.636364; macro: 0.563492; score: [0.71428571 0.5        0.66666667 0.         0.5        1.        ]
2025-09-04 20:49:04,783 - INFO - node    recall    | micro: 0.875000; macro: 0.722222; score: [1.         0.66666667 0.66666667 0.         1.         1.        ]
2025-09-04 20:49:04,783 - INFO - node    f1        | micro: 0.736842; macro: 0.623016; score: [0.83333333 0.57142857 0.66666667 0.         0.66666667 1.        ]
2025-09-04 20:49:04,799 - INFO - service precision | micro: 0.764706; macro: 0.638889; score: [1.         0.66666667 0.33333333 1.         1.         0.
 1.         0.         0.75      ]
2025-09-04 20:49:04,799 - INFO - service recall    | micro: 0.541667; macro: 0.533333; score: [1.   1.   0.25 0.2  0.6  0.   1.   0.   0.75]
2025-09-04 20:49:04,800 - INFO - service f1        | micro: 0.634146; macro: 0.546561; score: [1.         0.8        0.28571429 0.33333333 0.75       0.
 1.         0.         0.75      ]
2025-09-04 20:49:04,827 - INFO - pod     precision | micro: 0.571429; macro: 0.533892; score: [0.90909091 0.73333333 0.3125     0.28571429 0.63636364 0.
 0.63636364 0.5        0.79166667]
2025-09-04 20:49:04,827 - INFO - pod     recall    | micro: 0.655172; macro: 0.699908; score: [1.         1.         0.5        0.19047619 0.60869565 0.
 1.         1.         1.        ]
2025-09-04 20:49:04,827 - INFO - pod     f1        | micro: 0.610442; macro: 0.595790; score: [0.95238095 0.84615385 0.38461538 0.22857143 0.62222222 0.
 0.77777778 0.66666667 0.88372093]
2025-09-04 20:49:04,827 - INFO - ----------
2025-09-04 20:49:06,101 - INFO - [191/300] | train_loss: 0.04631
2025-09-04 20:49:07,381 - INFO - [192/300] | train_loss: 0.03641
2025-09-04 20:49:08,655 - INFO - [193/300] | train_loss: 0.04426
2025-09-04 20:49:09,949 - INFO - [194/300] | train_loss: 0.04978
2025-09-04 20:49:11,227 - INFO - [195/300] | train_loss: 0.05545
2025-09-04 20:49:12,500 - INFO - [196/300] | train_loss: 0.06952
2025-09-04 20:49:13,774 - INFO - [197/300] | train_loss: 0.04977
2025-09-04 20:49:15,060 - INFO - [198/300] | train_loss: 0.05684
2025-09-04 20:49:16,336 - INFO - [199/300] | train_loss: 0.03295
2025-09-04 20:49:17,613 - INFO - [200/300] | train_loss: 0.04081
2025-09-04 20:49:17,717 - INFO - ----------
2025-09-04 20:49:17,718 - INFO - evaluation dataset type: valid
2025-09-04 20:49:17,732 - INFO - node    precision | micro: 0.636364; macro: 0.563492; score: [0.71428571 0.5        0.66666667 0.         0.5        1.        ]
2025-09-04 20:49:17,732 - INFO - node    recall    | micro: 0.875000; macro: 0.722222; score: [1.         0.66666667 0.66666667 0.         1.         1.        ]
2025-09-04 20:49:17,732 - INFO - node    f1        | micro: 0.736842; macro: 0.623016; score: [0.83333333 0.57142857 0.66666667 0.         0.66666667 1.        ]
2025-09-04 20:49:17,748 - INFO - service precision | micro: 0.812500; macro: 0.666667; score: [1.         0.66666667 0.33333333 1.         1.         0.
 1.         0.         1.        ]
2025-09-04 20:49:17,748 - INFO - service recall    | micro: 0.541667; macro: 0.533333; score: [1.   1.   0.25 0.2  0.6  0.   1.   0.   0.75]
2025-09-04 20:49:17,748 - INFO - service f1        | micro: 0.650000; macro: 0.558466; score: [1.         0.8        0.28571429 0.33333333 0.75       0.
 1.         0.         0.85714286]
2025-09-04 20:49:17,775 - INFO - pod     precision | micro: 0.628319; macro: 0.559856; score: [0.90909091 0.6875     0.27272727 0.25       0.73684211 0.
 0.77777778 0.5        0.9047619 ]
2025-09-04 20:49:17,775 - INFO - pod     recall    | micro: 0.612069; macro: 0.672395; score: [1.         1.         0.3        0.14285714 0.60869565 0.
 1.         1.         1.        ]
2025-09-04 20:49:17,775 - INFO - pod     f1        | micro: 0.620087; macro: 0.599229; score: [0.95238095 0.81481481 0.28571429 0.18181818 0.66666667 0.
 0.875      0.66666667 0.95      ]
2025-09-04 20:49:17,775 - INFO - ----------
2025-09-04 20:49:19,052 - INFO - [201/300] | train_loss: 0.04486
2025-09-04 20:49:20,322 - INFO - [202/300] | train_loss: 0.04870
2025-09-04 20:49:21,597 - INFO - [203/300] | train_loss: 0.05793
2025-09-04 20:49:22,875 - INFO - [204/300] | train_loss: 0.05676
2025-09-04 20:49:24,163 - INFO - [205/300] | train_loss: 0.05486
2025-09-04 20:49:25,451 - INFO - [206/300] | train_loss: 0.03887
2025-09-04 20:49:26,732 - INFO - [207/300] | train_loss: 0.05118
2025-09-04 20:49:28,009 - INFO - [208/300] | train_loss: 0.04024
2025-09-04 20:49:29,298 - INFO - [209/300] | train_loss: 0.04050
2025-09-04 20:49:30,579 - INFO - [210/300] | train_loss: 0.04864
2025-09-04 20:49:30,683 - INFO - ----------
2025-09-04 20:49:30,683 - INFO - evaluation dataset type: valid
2025-09-04 20:49:30,698 - INFO - node    precision | micro: 0.636364; macro: 0.563492; score: [0.71428571 0.5        0.66666667 0.         0.5        1.        ]
2025-09-04 20:49:30,698 - INFO - node    recall    | micro: 0.875000; macro: 0.722222; score: [1.         0.66666667 0.66666667 0.         1.         1.        ]
2025-09-04 20:49:30,698 - INFO - node    f1        | micro: 0.736842; macro: 0.623016; score: [0.83333333 0.57142857 0.66666667 0.         0.66666667 1.        ]
2025-09-04 20:49:30,714 - INFO - service precision | micro: 0.736842; macro: 0.646296; score: [1.         0.66666667 0.4        1.         1.         0.
 1.         0.         0.75      ]
2025-09-04 20:49:30,714 - INFO - service recall    | micro: 0.583333; macro: 0.561111; score: [1.   1.   0.5  0.2  0.6  0.   1.   0.   0.75]
2025-09-04 20:49:30,714 - INFO - service f1        | micro: 0.651163; macro: 0.564198; score: [1.         0.8        0.44444444 0.33333333 0.75       0.
 1.         0.         0.75      ]
2025-09-04 20:49:30,741 - INFO - pod     precision | micro: 0.592000; macro: 0.553238; score: [0.90909091 0.61111111 0.32258065 0.27272727 0.72222222 0.
 0.77777778 0.5        0.86363636]
2025-09-04 20:49:30,741 - INFO - pod     recall    | micro: 0.637931; macro: 0.689786; score: [1.         1.         0.5        0.14285714 0.56521739 0.
 1.         1.         1.        ]
2025-09-04 20:49:30,742 - INFO - pod     f1        | micro: 0.614108; macro: 0.599256; score: [0.95238095 0.75862069 0.39215686 0.1875     0.63414634 0.
 0.875      0.66666667 0.92682927]
2025-09-04 20:49:30,742 - INFO - ----------
2025-09-04 20:49:32,021 - INFO - [211/300] | train_loss: 0.04041
2025-09-04 20:49:33,309 - INFO - [212/300] | train_loss: 0.04880
2025-09-04 20:49:34,595 - INFO - [213/300] | train_loss: 0.03706
2025-09-04 20:49:35,880 - INFO - [214/300] | train_loss: 0.05664
2025-09-04 20:49:37,164 - INFO - [215/300] | train_loss: 0.05653
2025-09-04 20:49:38,450 - INFO - [216/300] | train_loss: 0.08032
2025-09-04 20:49:39,735 - INFO - [217/300] | train_loss: 0.03721
2025-09-04 20:49:41,016 - INFO - [218/300] | train_loss: 0.05670
2025-09-04 20:49:42,298 - INFO - [219/300] | train_loss: 0.04564
2025-09-04 20:49:43,585 - INFO - [220/300] | train_loss: 0.05960
2025-09-04 20:49:43,689 - INFO - ----------
2025-09-04 20:49:43,689 - INFO - evaluation dataset type: valid
2025-09-04 20:49:43,704 - INFO - node    precision | micro: 0.636364; macro: 0.563492; score: [0.71428571 0.5        0.66666667 0.         0.5        1.        ]
2025-09-04 20:49:43,704 - INFO - node    recall    | micro: 0.875000; macro: 0.722222; score: [1.         0.66666667 0.66666667 0.         1.         1.        ]
2025-09-04 20:49:43,704 - INFO - node    f1        | micro: 0.736842; macro: 0.623016; score: [0.83333333 0.57142857 0.66666667 0.         0.66666667 1.        ]
2025-09-04 20:49:43,720 - INFO - service precision | micro: 0.800000; macro: 0.666667; score: [1.         0.66666667 0.33333333 1.         1.         0.
 1.         0.         1.        ]
2025-09-04 20:49:43,720 - INFO - service recall    | micro: 0.500000; macro: 0.511111; score: [1.   1.   0.25 0.2  0.4  0.   1.   0.   0.75]
2025-09-04 20:49:43,720 - INFO - service f1        | micro: 0.615385; macro: 0.538624; score: [1.         0.8        0.28571429 0.33333333 0.57142857 0.
 1.         0.         0.85714286]
2025-09-04 20:49:43,747 - INFO - pod     precision | micro: 0.618644; macro: 0.565000; score: [0.90909091 0.6875     0.2962963  0.27272727 0.73684211 0.
 0.77777778 0.5        0.9047619 ]
2025-09-04 20:49:43,747 - INFO - pod     recall    | micro: 0.629310; macro: 0.683506; score: [1.         1.         0.4        0.14285714 0.60869565 0.
 1.         1.         1.        ]
2025-09-04 20:49:43,748 - INFO - pod     f1        | micro: 0.623932; macro: 0.605939; score: [0.95238095 0.81481481 0.34042553 0.1875     0.66666667 0.
 0.875      0.66666667 0.95      ]
2025-09-04 20:49:43,748 - INFO - ----------
2025-09-04 20:49:45,026 - INFO - [221/300] | train_loss: 0.04791
2025-09-04 20:49:46,310 - INFO - [222/300] | train_loss: 0.05572
2025-09-04 20:49:47,603 - INFO - [223/300] | train_loss: 0.03017
2025-09-04 20:49:48,880 - INFO - [224/300] | train_loss: 0.04794
2025-09-04 20:49:50,158 - INFO - [225/300] | train_loss: 0.03961
2025-09-04 20:49:51,437 - INFO - [226/300] | train_loss: 0.04373
2025-09-04 20:49:52,716 - INFO - [227/300] | train_loss: 0.05092
2025-09-04 20:49:53,992 - INFO - [228/300] | train_loss: 0.03626
2025-09-04 20:49:55,273 - INFO - [229/300] | train_loss: 0.04411
2025-09-04 20:49:56,554 - INFO - [230/300] | train_loss: 0.06219
2025-09-04 20:49:56,662 - INFO - ----------
2025-09-04 20:49:56,662 - INFO - evaluation dataset type: valid
2025-09-04 20:49:56,678 - INFO - node    precision | micro: 0.636364; macro: 0.563492; score: [0.71428571 0.5        0.66666667 0.         0.5        1.        ]
2025-09-04 20:49:56,678 - INFO - node    recall    | micro: 0.875000; macro: 0.722222; score: [1.         0.66666667 0.66666667 0.         1.         1.        ]
2025-09-04 20:49:56,678 - INFO - node    f1        | micro: 0.736842; macro: 0.623016; score: [0.83333333 0.57142857 0.66666667 0.         0.66666667 1.        ]
2025-09-04 20:49:56,694 - INFO - service precision | micro: 0.684211; macro: 0.583333; score: [1.         0.66666667 0.25       0.33333333 1.         0.
 1.         0.         1.        ]
2025-09-04 20:49:56,695 - INFO - service recall    | micro: 0.541667; macro: 0.533333; score: [1.   1.   0.25 0.2  0.6  0.   1.   0.   0.75]
2025-09-04 20:49:56,695 - INFO - service f1        | micro: 0.604651; macro: 0.545238; score: [1.         0.8        0.25       0.25       0.75       0.
 1.         0.         0.85714286]
2025-09-04 20:49:56,722 - INFO - pod     precision | micro: 0.622951; macro: 0.584343; score: [0.90909091 0.73333333 0.33333333 0.33333333 0.72222222 0.
 0.77777778 0.5        0.95      ]
2025-09-04 20:49:56,722 - INFO - pod     recall    | micro: 0.655172; macro: 0.700368; score: [1.         1.         0.5        0.23809524 0.56521739 0.
 1.         1.         1.        ]
2025-09-04 20:49:56,722 - INFO - pod     f1        | micro: 0.638655; macro: 0.625165; score: [0.95238095 0.84615385 0.4        0.27777778 0.63414634 0.
 0.875      0.66666667 0.97435897]
2025-09-04 20:49:56,722 - INFO - ----------
2025-09-04 20:49:58,004 - INFO - [231/300] | train_loss: 0.04463
2025-09-04 20:49:59,291 - INFO - [232/300] | train_loss: 0.05196
2025-09-04 20:50:00,575 - INFO - [233/300] | train_loss: 0.05365
2025-09-04 20:50:01,862 - INFO - [234/300] | train_loss: 0.03975
2025-09-04 20:50:03,147 - INFO - [235/300] | train_loss: 0.04647
2025-09-04 20:50:04,429 - INFO - [236/300] | train_loss: 0.03937
2025-09-04 20:50:05,710 - INFO - [237/300] | train_loss: 0.05277
2025-09-04 20:50:06,993 - INFO - [238/300] | train_loss: 0.06341
2025-09-04 20:50:08,275 - INFO - [239/300] | train_loss: 0.04529
2025-09-04 20:50:09,560 - INFO - [240/300] | train_loss: 0.04717
2025-09-04 20:50:09,663 - INFO - ----------
2025-09-04 20:50:09,664 - INFO - evaluation dataset type: valid
2025-09-04 20:50:09,678 - INFO - node    precision | micro: 0.666667; macro: 0.619048; score: [0.71428571 0.5        1.         0.         0.5        1.        ]
2025-09-04 20:50:09,678 - INFO - node    recall    | micro: 0.875000; macro: 0.722222; score: [1.         0.66666667 0.66666667 0.         1.         1.        ]
2025-09-04 20:50:09,678 - INFO - node    f1        | micro: 0.756757; macro: 0.645238; score: [0.83333333 0.57142857 0.8        0.         0.66666667 1.        ]
2025-09-04 20:50:09,694 - INFO - service precision | micro: 0.733333; macro: 0.611111; score: [1.         0.66666667 0.33333333 0.5        1.         0.
 1.         0.         1.        ]
2025-09-04 20:50:09,694 - INFO - service recall    | micro: 0.458333; macro: 0.483333; score: [1.   1.   0.25 0.2  0.4  0.   1.   0.   0.5 ]
2025-09-04 20:50:09,694 - INFO - service f1        | micro: 0.564103; macro: 0.512169; score: [1.         0.8        0.28571429 0.28571429 0.57142857 0.
 1.         0.         0.66666667]
2025-09-04 20:50:09,721 - INFO - pod     precision | micro: 0.676190; macro: 0.578756; score: [0.90909091 0.73333333 0.38888889 0.27272727 0.72222222 0.
 0.77777778 0.5        0.9047619 ]
2025-09-04 20:50:09,721 - INFO - pod     recall    | micro: 0.612069; macro: 0.673119; score: [1.         1.         0.35       0.14285714 0.56521739 0.
 1.         1.         1.        ]
2025-09-04 20:50:09,721 - INFO - pod     f1        | micro: 0.642534; macro: 0.608919; score: [0.95238095 0.84615385 0.36842105 0.1875     0.63414634 0.
 0.875      0.66666667 0.95      ]
2025-09-04 20:50:09,721 - INFO - ----------
2025-09-04 20:50:10,998 - INFO - [241/300] | train_loss: 0.04860
2025-09-04 20:50:12,272 - INFO - [242/300] | train_loss: 0.06299
2025-09-04 20:50:13,546 - INFO - [243/300] | train_loss: 0.03697
2025-09-04 20:50:14,819 - INFO - [244/300] | train_loss: 0.05275
2025-09-04 20:50:16,090 - INFO - [245/300] | train_loss: 0.04070
2025-09-04 20:50:17,366 - INFO - [246/300] | train_loss: 0.03093
2025-09-04 20:50:18,638 - INFO - [247/300] | train_loss: 0.03708
2025-09-04 20:50:19,913 - INFO - [248/300] | train_loss: 0.04860
2025-09-04 20:50:21,185 - INFO - [249/300] | train_loss: 0.04940
2025-09-04 20:50:22,458 - INFO - [250/300] | train_loss: 0.05428
2025-09-04 20:50:22,561 - INFO - ----------
2025-09-04 20:50:22,562 - INFO - evaluation dataset type: valid
2025-09-04 20:50:22,576 - INFO - node    precision | micro: 0.636364; macro: 0.563492; score: [0.71428571 0.5        0.66666667 0.         0.5        1.        ]
2025-09-04 20:50:22,576 - INFO - node    recall    | micro: 0.875000; macro: 0.722222; score: [1.         0.66666667 0.66666667 0.         1.         1.        ]
2025-09-04 20:50:22,576 - INFO - node    f1        | micro: 0.736842; macro: 0.623016; score: [0.83333333 0.57142857 0.66666667 0.         0.66666667 1.        ]
2025-09-04 20:50:22,592 - INFO - service precision | micro: 0.687500; macro: 0.592593; score: [1.         0.66666667 0.33333333 0.33333333 1.         0.
 1.         0.         1.        ]
2025-09-04 20:50:22,592 - INFO - service recall    | micro: 0.458333; macro: 0.488889; score: [1.   1.   0.25 0.2  0.2  0.   1.   0.   0.75]
2025-09-04 20:50:22,592 - INFO - service f1        | micro: 0.550000; macro: 0.502910; score: [1.         0.8        0.28571429 0.25       0.33333333 0.
 1.         0.         0.85714286]
2025-09-04 20:50:22,619 - INFO - pod     precision | micro: 0.641026; macro: 0.584616; score: [0.90909091 0.73333333 0.375      0.29411765 0.72222222 0.
 0.77777778 0.5        0.95      ]
2025-09-04 20:50:22,619 - INFO - pod     recall    | micro: 0.646552; macro: 0.694813; score: [1.         1.         0.45       0.23809524 0.56521739 0.
 1.         1.         1.        ]
2025-09-04 20:50:22,619 - INFO - pod     f1        | micro: 0.643777; macro: 0.624551; score: [0.95238095 0.84615385 0.40909091 0.26315789 0.63414634 0.
 0.875      0.66666667 0.97435897]
2025-09-04 20:50:22,619 - INFO - ----------
2025-09-04 20:50:23,891 - INFO - [251/300] | train_loss: 0.04495
2025-09-04 20:50:25,168 - INFO - [252/300] | train_loss: 0.04440
2025-09-04 20:50:26,445 - INFO - [253/300] | train_loss: 0.04596
2025-09-04 20:50:27,719 - INFO - [254/300] | train_loss: 0.04908
2025-09-04 20:50:29,019 - INFO - [255/300] | train_loss: 0.04191
2025-09-04 20:50:30,296 - INFO - [256/300] | train_loss: 0.05453
2025-09-04 20:50:31,578 - INFO - [257/300] | train_loss: 0.03419
2025-09-04 20:50:32,852 - INFO - [258/300] | train_loss: 0.04977
2025-09-04 20:50:34,125 - INFO - [259/300] | train_loss: 0.06053
2025-09-04 20:50:35,401 - INFO - [260/300] | train_loss: 0.05067
2025-09-04 20:50:35,505 - INFO - ----------
2025-09-04 20:50:35,505 - INFO - evaluation dataset type: valid
2025-09-04 20:50:35,520 - INFO - node    precision | micro: 0.681818; macro: 0.605159; score: [0.71428571 0.75       0.66666667 0.         0.5        1.        ]
2025-09-04 20:50:35,521 - INFO - node    recall    | micro: 0.937500; macro: 0.777778; score: [1.         1.         0.66666667 0.         1.         1.        ]
2025-09-04 20:50:35,521 - INFO - node    f1        | micro: 0.789474; macro: 0.670635; score: [0.83333333 0.85714286 0.66666667 0.         0.66666667 1.        ]
2025-09-04 20:50:35,537 - INFO - service precision | micro: 0.750000; macro: 0.611111; score: [1.         0.66666667 0.33333333 0.5        1.         0.
 1.         0.         1.        ]
2025-09-04 20:50:35,537 - INFO - service recall    | micro: 0.500000; macro: 0.511111; score: [1.   1.   0.25 0.2  0.4  0.   1.   0.   0.75]
2025-09-04 20:50:35,537 - INFO - service f1        | micro: 0.600000; macro: 0.533333; score: [1.         0.8        0.28571429 0.28571429 0.57142857 0.
 1.         0.         0.85714286]
2025-09-04 20:50:35,564 - INFO - pod     precision | micro: 0.634783; macro: 0.590345; score: [0.90909091 0.78571429 0.38095238 0.27272727 0.73684211 0.
 0.77777778 0.5        0.95      ]
2025-09-04 20:50:35,564 - INFO - pod     recall    | micro: 0.629310; macro: 0.683506; score: [1.         1.         0.4        0.14285714 0.60869565 0.
 1.         1.         1.        ]
2025-09-04 20:50:35,564 - INFO - pod     f1        | micro: 0.632035; macro: 0.621424; score: [0.95238095 0.88       0.3902439  0.1875     0.66666667 0.
 0.875      0.66666667 0.97435897]
2025-09-04 20:50:35,564 - INFO - ----------
2025-09-04 20:50:36,834 - INFO - [261/300] | train_loss: 0.05040
2025-09-04 20:50:38,106 - INFO - [262/300] | train_loss: 0.04053
2025-09-04 20:50:39,377 - INFO - [263/300] | train_loss: 0.02954
2025-09-04 20:50:40,647 - INFO - [264/300] | train_loss: 0.03106
2025-09-04 20:50:41,920 - INFO - [265/300] | train_loss: 0.04371
2025-09-04 20:50:43,195 - INFO - [266/300] | train_loss: 0.04869
2025-09-04 20:50:44,469 - INFO - [267/300] | train_loss: 0.05949
2025-09-04 20:50:45,740 - INFO - [268/300] | train_loss: 0.04379
2025-09-04 20:50:47,012 - INFO - [269/300] | train_loss: 0.04440
2025-09-04 20:50:48,285 - INFO - [270/300] | train_loss: 0.05464
2025-09-04 20:50:48,388 - INFO - ----------
2025-09-04 20:50:48,388 - INFO - evaluation dataset type: valid
2025-09-04 20:50:48,403 - INFO - node    precision | micro: 0.636364; macro: 0.563492; score: [0.71428571 0.5        0.66666667 0.         0.5        1.        ]
2025-09-04 20:50:48,403 - INFO - node    recall    | micro: 0.875000; macro: 0.722222; score: [1.         0.66666667 0.66666667 0.         1.         1.        ]
2025-09-04 20:50:48,403 - INFO - node    f1        | micro: 0.736842; macro: 0.623016; score: [0.83333333 0.57142857 0.66666667 0.         0.66666667 1.        ]
2025-09-04 20:50:48,419 - INFO - service precision | micro: 0.750000; macro: 0.611111; score: [1.         0.66666667 0.33333333 0.5        1.         0.
 1.         0.         1.        ]
2025-09-04 20:50:48,419 - INFO - service recall    | micro: 0.500000; macro: 0.511111; score: [1.   1.   0.25 0.2  0.4  0.   1.   0.   0.75]
2025-09-04 20:50:48,419 - INFO - service f1        | micro: 0.600000; macro: 0.533333; score: [1.         0.8        0.28571429 0.28571429 0.57142857 0.
 1.         0.         0.85714286]
2025-09-04 20:50:48,445 - INFO - pod     precision | micro: 0.646018; macro: 0.576433; score: [0.90909091 0.6875     0.39130435 0.25       0.72222222 0.
 0.77777778 0.5        0.95      ]
2025-09-04 20:50:48,445 - INFO - pod     recall    | micro: 0.629310; macro: 0.684231; score: [1.         1.         0.45       0.14285714 0.56521739 0.
 1.         1.         1.        ]
2025-09-04 20:50:48,445 - INFO - pod     f1        | micro: 0.637555; macro: 0.613088; score: [0.95238095 0.81481481 0.41860465 0.18181818 0.63414634 0.
 0.875      0.66666667 0.97435897]
2025-09-04 20:50:48,445 - INFO - ----------
2025-09-04 20:50:49,717 - INFO - [271/300] | train_loss: 0.03521
2025-09-04 20:50:50,990 - INFO - [272/300] | train_loss: 0.06276
2025-09-04 20:50:52,262 - INFO - [273/300] | train_loss: 0.04571
2025-09-04 20:50:53,534 - INFO - [274/300] | train_loss: 0.04030
2025-09-04 20:50:54,809 - INFO - [275/300] | train_loss: 0.05215
2025-09-04 20:50:56,082 - INFO - [276/300] | train_loss: 0.05944
2025-09-04 20:50:57,357 - INFO - [277/300] | train_loss: 0.02693
2025-09-04 20:50:58,635 - INFO - [278/300] | train_loss: 0.04400
2025-09-04 20:50:59,909 - INFO - [279/300] | train_loss: 0.05413
2025-09-04 20:51:01,188 - INFO - [280/300] | train_loss: 0.04227
2025-09-04 20:51:01,291 - INFO - ----------
2025-09-04 20:51:01,291 - INFO - evaluation dataset type: valid
2025-09-04 20:51:01,305 - INFO - node    precision | micro: 0.666667; macro: 0.619048; score: [0.71428571 0.5        1.         0.         0.5        1.        ]
2025-09-04 20:51:01,306 - INFO - node    recall    | micro: 0.875000; macro: 0.722222; score: [1.         0.66666667 0.66666667 0.         1.         1.        ]
2025-09-04 20:51:01,306 - INFO - node    f1        | micro: 0.756757; macro: 0.645238; score: [0.83333333 0.57142857 0.8        0.         0.66666667 1.        ]
2025-09-04 20:51:01,321 - INFO - service precision | micro: 0.666667; macro: 0.574074; score: [1.         0.5        0.33333333 0.33333333 1.         0.
 1.         0.         1.        ]
2025-09-04 20:51:01,321 - INFO - service recall    | micro: 0.500000; macro: 0.511111; score: [1.   1.   0.25 0.2  0.4  0.   1.   0.   0.75]
2025-09-04 20:51:01,322 - INFO - service f1        | micro: 0.571429; macro: 0.514550; score: [1.         0.66666667 0.28571429 0.25       0.57142857 0.
 1.         0.         0.85714286]
2025-09-04 20:51:01,348 - INFO - pod     precision | micro: 0.640351; macro: 0.570128; score: [0.90909091 0.64705882 0.375      0.25       0.72222222 0.
 0.77777778 0.5        0.95      ]
2025-09-04 20:51:01,348 - INFO - pod     recall    | micro: 0.629310; macro: 0.684231; score: [1.         1.         0.45       0.14285714 0.56521739 0.
 1.         1.         1.        ]
2025-09-04 20:51:01,348 - INFO - pod     f1        | micro: 0.634783; macro: 0.608797; score: [0.95238095 0.78571429 0.40909091 0.18181818 0.63414634 0.
 0.875      0.66666667 0.97435897]
2025-09-04 20:51:01,348 - INFO - ----------
2025-09-04 20:51:02,627 - INFO - [281/300] | train_loss: 0.03114
2025-09-04 20:51:03,910 - INFO - [282/300] | train_loss: 0.04459
2025-09-04 20:51:05,193 - INFO - [283/300] | train_loss: 0.03385
2025-09-04 20:51:06,474 - INFO - [284/300] | train_loss: 0.04305
2025-09-04 20:51:07,750 - INFO - [285/300] | train_loss: 0.03463
2025-09-04 20:51:09,029 - INFO - [286/300] | train_loss: 0.03387
2025-09-04 20:51:10,319 - INFO - [287/300] | train_loss: 0.02527
2025-09-04 20:51:11,606 - INFO - [288/300] | train_loss: 0.04185
2025-09-04 20:51:12,887 - INFO - [289/300] | train_loss: 0.02608
2025-09-04 20:51:14,170 - INFO - [290/300] | train_loss: 0.03875
2025-09-04 20:51:14,276 - INFO - ----------
2025-09-04 20:51:14,277 - INFO - evaluation dataset type: valid
2025-09-04 20:51:14,292 - INFO - node    precision | micro: 0.636364; macro: 0.563492; score: [0.71428571 0.5        0.66666667 0.         0.5        1.        ]
2025-09-04 20:51:14,292 - INFO - node    recall    | micro: 0.875000; macro: 0.722222; score: [1.         0.66666667 0.66666667 0.         1.         1.        ]
2025-09-04 20:51:14,292 - INFO - node    f1        | micro: 0.736842; macro: 0.623016; score: [0.83333333 0.57142857 0.66666667 0.         0.66666667 1.        ]
2025-09-04 20:51:14,308 - INFO - service precision | micro: 0.800000; macro: 0.666667; score: [1.         0.66666667 0.33333333 1.         1.         0.
 1.         0.         1.        ]
2025-09-04 20:51:14,308 - INFO - service recall    | micro: 0.500000; macro: 0.505556; score: [1.   1.   0.25 0.2  0.6  0.   1.   0.   0.5 ]
2025-09-04 20:51:14,308 - INFO - service f1        | micro: 0.615385; macro: 0.537302; score: [1.         0.8        0.28571429 0.33333333 0.75       0.
 1.         0.         0.66666667]
2025-09-04 20:51:14,334 - INFO - pod     precision | micro: 0.657658; macro: 0.584051; score: [0.90909091 0.73333333 0.39130435 0.27272727 0.72222222 0.
 0.77777778 0.5        0.95      ]
2025-09-04 20:51:14,335 - INFO - pod     recall    | micro: 0.629310; macro: 0.684231; score: [1.         1.         0.45       0.14285714 0.56521739 0.
 1.         1.         1.        ]
2025-09-04 20:51:14,335 - INFO - pod     f1        | micro: 0.643172; macro: 0.617201; score: [0.95238095 0.84615385 0.41860465 0.1875     0.63414634 0.
 0.875      0.66666667 0.97435897]
2025-09-04 20:51:14,335 - INFO - ----------
2025-09-04 20:51:15,612 - INFO - [291/300] | train_loss: 0.03785
2025-09-04 20:51:16,893 - INFO - [292/300] | train_loss: 0.03637
2025-09-04 20:51:18,172 - INFO - [293/300] | train_loss: 0.04069
2025-09-04 20:51:19,453 - INFO - [294/300] | train_loss: 0.06224
2025-09-04 20:51:20,733 - INFO - [295/300] | train_loss: 0.04835
2025-09-04 20:51:22,011 - INFO - [296/300] | train_loss: 0.04150
2025-09-04 20:51:23,289 - INFO - [297/300] | train_loss: 0.04597
2025-09-04 20:51:24,566 - INFO - [298/300] | train_loss: 0.05042
2025-09-04 20:51:25,846 - INFO - [299/300] | train_loss: 0.06038
2025-09-04 20:51:26,531 - INFO - ----------
2025-09-04 20:51:26,531 - INFO - evaluation dataset type: test
2025-09-04 20:51:26,549 - INFO - node    precision | micro: 0.580952; macro: 0.605814; score: [0.77777778 0.35294118 0.75       0.4        0.6875     0.66666667]
2025-09-04 20:51:26,549 - INFO - node    recall    | micro: 0.910448; macro: 0.892857; score: [1.         0.85714286 0.66666667 0.83333333 1.         1.        ]
2025-09-04 20:51:26,550 - INFO - node    f1        | micro: 0.709302; macro: 0.706040; score: [0.875      0.5        0.70588235 0.54054054 0.81481481 0.8       ]
2025-09-04 20:51:26,576 - INFO - service precision | micro: 0.627660; macro: 0.673395; score: [1.         0.81818182 0.33333333 0.22222222 0.875      0.61538462
 0.625      1.         0.57142857]
2025-09-04 20:51:26,576 - INFO - service recall    | micro: 0.670455; macro: 0.716667; score: [1.         1.         0.2        0.33333333 0.58333333 0.53333333
 1.         1.         0.8       ]
2025-09-04 20:51:26,576 - INFO - service f1        | micro: 0.648352; macro: 0.680444; score: [1.         0.9        0.25       0.26666667 0.7        0.57142857
 0.76923077 1.         0.66666667]
2025-09-04 20:51:26,650 - INFO - pod     precision | micro: 0.568823; macro: 0.611525; score: [0.88679245 0.71428571 0.375      0.31313131 0.49315068 0.55913978
 0.67105263 0.94117647 0.55      ]
2025-09-04 20:51:26,650 - INFO - pod     recall    | micro: 0.783105; macro: 0.805740; score: [1.         0.97826087 0.55102041 0.5        0.64285714 0.76470588
 1.         1.         0.81481481]
2025-09-04 20:51:26,650 - INFO - pod     f1        | micro: 0.658982; macro: 0.692303; score: [0.94       0.82568807 0.44628099 0.38509317 0.55813953 0.64596273
 0.80314961 0.96969697 0.65671642]
2025-09-04 20:51:26,650 - INFO - ----------
----GATNet----
GAT_name1:  GATv2Conv
GAT_name2:  GATConv
activ_fun1:  leaky_relu
activ_fun2:  relu6
begin----------------------------------------
Running: python ./HolisticRCA/trainer/a_rca_trainer.py   --model_path /root/shared-nvme/work/code/RCA/HolisticRCA/model/a/checkpoint/main.pt   --epochs 300   --orl_te_heads 2   --orl_te_layers 2   --orl_te_in_channels 256   --efi_in_dim 256   --efi_te_heads 4   --efi_te_layers 2   --efi_out_dim 256   --eff_in_dim 256   --eff_GAT_out_channels 128   --eff_GAT_heads 2   --batch_size 64   --eff_GAT_dropout 0.1           --GAT_name1 GATv2Conv           --GAT_name2 GATConv           --activ_fun1 relu6           --activ_fun2 leaky_relu
2025-09-04 20:51:43,426 - INFO - [0/300] | train_loss: 3.97024
2025-09-04 20:51:43,541 - INFO - ----------
2025-09-04 20:51:43,541 - INFO - evaluation dataset type: valid
2025-09-04 20:51:43,558 - INFO - node    precision | micro: 0.015491; macro: 0.024110; score: [0.03571429 0.00917431 0.         0.         0.01869159 0.08108108]
2025-09-04 20:51:43,558 - INFO - node    recall    | micro: 0.562500; macro: 0.488889; score: [0.6        0.33333333 0.         0.         1.         1.        ]
2025-09-04 20:51:43,559 - INFO - node    f1        | micro: 0.030151; macro: 0.045328; score: [0.06741573 0.01785714 0.         0.         0.03669725 0.15      ]
2025-09-04 20:51:43,577 - INFO - service precision | micro: 0.007689; macro: 0.060461; score: [0.5        0.00833333 0.00728597 0.         0.00907029 0.00166667
 0.00578035 0.         0.01201201]
2025-09-04 20:51:43,577 - INFO - service recall    | micro: 0.750000; macro: 0.755556; score: [1.  1.  1.  0.  0.8 1.  1.  0.  1. ]
2025-09-04 20:51:43,577 - INFO - service f1        | micro: 0.015222; macro: 0.083796; score: [0.66666667 0.01652893 0.01446655 0.         0.01793722 0.00332779
 0.01149425 0.         0.02373887]
2025-09-04 20:51:43,610 - INFO - pod     precision | micro: 0.007596; macro: 0.017016; score: [0.08403361 0.009      0.00593472 0.         0.04049844 0.
 0.0051207  0.00041667 0.00813704]
2025-09-04 20:51:43,610 - INFO - pod     recall    | micro: 0.560345; macro: 0.631489; score: [1.         0.81818182 0.3        0.         0.56521739 0.
 1.         1.         1.        ]
2025-09-04 20:51:43,610 - INFO - pod     f1        | micro: 0.014989; macro: 0.031914; score: [0.15503876 0.01780415 0.01163919 0.         0.0755814  0.
 0.01018923 0.00083299 0.01614274]
2025-09-04 20:51:43,610 - INFO - ----------
2025-09-04 20:51:44,895 - INFO - [1/300] | train_loss: 3.46225
2025-09-04 20:51:46,180 - INFO - [2/300] | train_loss: 2.83268
2025-09-04 20:51:47,463 - INFO - [3/300] | train_loss: 2.24136
2025-09-04 20:51:48,751 - INFO - [4/300] | train_loss: 1.71130
2025-09-04 20:51:50,025 - INFO - [5/300] | train_loss: 1.41278
2025-09-04 20:51:51,300 - INFO - [6/300] | train_loss: 1.16686
2025-09-04 20:51:52,580 - INFO - [7/300] | train_loss: 0.94145
2025-09-04 20:51:53,855 - INFO - [8/300] | train_loss: 0.85102
2025-09-04 20:51:55,131 - INFO - [9/300] | train_loss: 0.74795
2025-09-04 20:51:56,410 - INFO - [10/300] | train_loss: 0.63860
2025-09-04 20:51:56,514 - INFO - ----------
2025-09-04 20:51:56,514 - INFO - evaluation dataset type: valid
2025-09-04 20:51:56,529 - INFO - node    precision | micro: 0.230769; macro: 0.287831; score: [0.35714286 0.21428571 0.22222222 0.         0.33333333 0.6       ]
2025-09-04 20:51:56,529 - INFO - node    recall    | micro: 0.937500; macro: 0.777778; score: [1.         1.         0.66666667 0.         1.         1.        ]
2025-09-04 20:51:56,529 - INFO - node    f1        | micro: 0.370370; macro: 0.410432; score: [0.52631579 0.35294118 0.33333333 0.         0.5        0.75      ]
2025-09-04 20:51:56,545 - INFO - service precision | micro: 0.122449; macro: 0.138730; score: [0.25       0.22222222 0.07142857 0.11764706 0.22727273 0.
 0.2        0.         0.16      ]
2025-09-04 20:51:56,545 - INFO - service recall    | micro: 0.750000; macro: 0.655556; score: [1.  1.  0.5 0.4 1.  0.  1.  0.  1. ]
2025-09-04 20:51:56,546 - INFO - service f1        | micro: 0.210526; macro: 0.227780; score: [0.4        0.36363636 0.125      0.18181818 0.37037037 0.
 0.33333333 0.         0.27586207]
2025-09-04 20:51:56,573 - INFO - pod     precision | micro: 0.144578; macro: 0.172581; score: [0.33333333 0.22916667 0.11538462 0.09821429 0.18584071 0.01052632
 0.17948718 0.0212766  0.38      ]
2025-09-04 20:51:56,573 - INFO - pod     recall    | micro: 0.827586; macro: 0.826317; score: [1.         1.         0.75       0.52380952 0.91304348 0.25
 1.         1.         1.        ]
2025-09-04 20:51:56,573 - INFO - pod     f1        | micro: 0.246154; macro: 0.273784; score: [0.5        0.37288136 0.2        0.16541353 0.30882353 0.02020202
 0.30434783 0.04166667 0.55072464]
2025-09-04 20:51:56,573 - INFO - ----------
2025-09-04 20:51:57,857 - INFO - [11/300] | train_loss: 0.62284
2025-09-04 20:51:59,139 - INFO - [12/300] | train_loss: 0.53925
2025-09-04 20:52:00,413 - INFO - [13/300] | train_loss: 0.49599
2025-09-04 20:52:01,686 - INFO - [14/300] | train_loss: 0.48935
2025-09-04 20:52:02,967 - INFO - [15/300] | train_loss: 0.42810
2025-09-04 20:52:04,248 - INFO - [16/300] | train_loss: 0.39277
2025-09-04 20:52:05,523 - INFO - [17/300] | train_loss: 0.38535
2025-09-04 20:52:06,799 - INFO - [18/300] | train_loss: 0.35880
2025-09-04 20:52:08,074 - INFO - [19/300] | train_loss: 0.36559
2025-09-04 20:52:09,347 - INFO - [20/300] | train_loss: 0.32811
2025-09-04 20:52:09,454 - INFO - ----------
2025-09-04 20:52:09,454 - INFO - evaluation dataset type: valid
2025-09-04 20:52:09,469 - INFO - node    precision | micro: 0.405405; macro: 0.431566; score: [0.5        0.27272727 0.66666667 0.         0.4        0.75      ]
2025-09-04 20:52:09,469 - INFO - node    recall    | micro: 0.937500; macro: 0.777778; score: [1.         1.         0.66666667 0.         1.         1.        ]
2025-09-04 20:52:09,469 - INFO - node    f1        | micro: 0.566038; macro: 0.531746; score: [0.66666667 0.42857143 0.66666667 0.         0.57142857 0.85714286]
2025-09-04 20:52:09,485 - INFO - service precision | micro: 0.174419; macro: 0.157760; score: [0.2        0.22222222 0.0952381  0.25       0.16666667 0.
 0.2        0.         0.28571429]
2025-09-04 20:52:09,485 - INFO - service recall    | micro: 0.625000; macro: 0.588889; score: [1.  1.  0.5 0.4 0.4 0.  1.  0.  1. ]
2025-09-04 20:52:09,485 - INFO - service f1        | micro: 0.272727; macro: 0.241970; score: [0.33333333 0.36363636 0.16       0.30769231 0.23529412 0.
 0.33333333 0.         0.44444444]
2025-09-04 20:52:09,513 - INFO - pod     precision | micro: 0.178846; macro: 0.221435; score: [0.71428571 0.21153846 0.1171875  0.16216216 0.19148936 0.
 0.21212121 0.02564103 0.35849057]
2025-09-04 20:52:09,513 - INFO - pod     recall    | micro: 0.801724; macro: 0.789337; score: [1.         1.         0.75       0.57142857 0.7826087  0.
 1.         1.         1.        ]
2025-09-04 20:52:09,513 - INFO - pod     f1        | micro: 0.292453; macro: 0.319260; score: [0.83333333 0.34920635 0.2027027  0.25263158 0.30769231 0.
 0.35       0.05       0.52777778]
2025-09-04 20:52:09,513 - INFO - ----------
2025-09-04 20:52:10,878 - INFO - [21/300] | train_loss: 0.28605
2025-09-04 20:52:12,189 - INFO - [22/300] | train_loss: 0.29381
2025-09-04 20:52:13,594 - INFO - [23/300] | train_loss: 0.28000
2025-09-04 20:52:14,873 - INFO - [24/300] | train_loss: 0.27745
2025-09-04 20:52:16,148 - INFO - [25/300] | train_loss: 0.28886
2025-09-04 20:52:17,425 - INFO - [26/300] | train_loss: 0.25248
2025-09-04 20:52:18,702 - INFO - [27/300] | train_loss: 0.25921
2025-09-04 20:52:19,975 - INFO - [28/300] | train_loss: 0.26372
2025-09-04 20:52:21,255 - INFO - [29/300] | train_loss: 0.25028
2025-09-04 20:52:22,532 - INFO - [30/300] | train_loss: 0.21121
2025-09-04 20:52:22,658 - INFO - ----------
2025-09-04 20:52:22,658 - INFO - evaluation dataset type: valid
2025-09-04 20:52:22,674 - INFO - node    precision | micro: 0.466667; macro: 0.443981; score: [0.625      0.22222222 0.66666667 0.         0.4        0.75      ]
2025-09-04 20:52:22,674 - INFO - node    recall    | micro: 0.875000; macro: 0.722222; score: [1.         0.66666667 0.66666667 0.         1.         1.        ]
2025-09-04 20:52:22,674 - INFO - node    f1        | micro: 0.608696; macro: 0.532967; score: [0.76923077 0.33333333 0.66666667 0.         0.57142857 0.85714286]
2025-09-04 20:52:22,691 - INFO - service precision | micro: 0.222222; macro: 0.206453; score: [0.5        0.22222222 0.13333333 0.25       0.22222222 0.
 0.16666667 0.         0.36363636]
2025-09-04 20:52:22,691 - INFO - service recall    | micro: 0.583333; macro: 0.566667; score: [1.  1.  0.5 0.2 0.4 0.  1.  0.  1. ]
2025-09-04 20:52:22,691 - INFO - service f1        | micro: 0.321839; macro: 0.285313; score: [0.66666667 0.36363636 0.21052632 0.22222222 0.28571429 0.
 0.28571429 0.         0.53333333]
2025-09-04 20:52:22,718 - INFO - pod     precision | micro: 0.199552; macro: 0.229553; score: [0.71428571 0.2        0.13157895 0.17857143 0.22535211 0.
 0.20588235 0.03030303 0.38      ]
2025-09-04 20:52:22,718 - INFO - pod     recall    | micro: 0.767241; macro: 0.769094; score: [1.         1.         0.75       0.47619048 0.69565217 0.
 1.         1.         1.        ]
2025-09-04 20:52:22,718 - INFO - pod     f1        | micro: 0.316726; macro: 0.326858; score: [0.83333333 0.33333333 0.2238806  0.25974026 0.34042553 0.
 0.34146341 0.05882353 0.55072464]
2025-09-04 20:52:22,718 - INFO - ----------
2025-09-04 20:52:23,995 - INFO - [31/300] | train_loss: 0.22809
2025-09-04 20:52:25,272 - INFO - [32/300] | train_loss: 0.20458
2025-09-04 20:52:26,549 - INFO - [33/300] | train_loss: 0.20553
2025-09-04 20:52:27,829 - INFO - [34/300] | train_loss: 0.20770
2025-09-04 20:52:29,119 - INFO - [35/300] | train_loss: 0.20540
2025-09-04 20:52:30,396 - INFO - [36/300] | train_loss: 0.18654
2025-09-04 20:52:31,672 - INFO - [37/300] | train_loss: 0.16647
2025-09-04 20:52:32,965 - INFO - [38/300] | train_loss: 0.18345
2025-09-04 20:52:34,242 - INFO - [39/300] | train_loss: 0.18107
2025-09-04 20:52:35,522 - INFO - [40/300] | train_loss: 0.17955
2025-09-04 20:52:35,629 - INFO - ----------
2025-09-04 20:52:35,629 - INFO - evaluation dataset type: valid
2025-09-04 20:52:35,644 - INFO - node    precision | micro: 0.483871; macro: 0.457540; score: [0.5        0.42857143 0.66666667 0.         0.4        0.75      ]
2025-09-04 20:52:35,644 - INFO - node    recall    | micro: 0.937500; macro: 0.777778; score: [1.         1.         0.66666667 0.         1.         1.        ]
2025-09-04 20:52:35,644 - INFO - node    f1        | micro: 0.638298; macro: 0.560317; score: [0.66666667 0.6        0.66666667 0.         0.57142857 0.85714286]
2025-09-04 20:52:35,660 - INFO - service precision | micro: 0.282609; macro: 0.245988; score: [0.5        0.22222222 0.125      0.33333333 0.2        0.
 0.33333333 0.         0.5       ]
2025-09-04 20:52:35,660 - INFO - service recall    | micro: 0.541667; macro: 0.538889; score: [1.   1.   0.25 0.4  0.2  0.   1.   0.   1.  ]
2025-09-04 20:52:35,660 - INFO - service f1        | micro: 0.371429; macro: 0.325253; score: [0.66666667 0.36363636 0.16666667 0.36363636 0.2        0.
 0.5        0.         0.66666667]
2025-09-04 20:52:35,687 - INFO - pod     precision | micro: 0.213942; macro: 0.260648; score: [0.71428571 0.19642857 0.14130435 0.1641791  0.23287671 0.
 0.4375     0.03703704 0.42222222]
2025-09-04 20:52:35,687 - INFO - pod     recall    | micro: 0.767241; macro: 0.768104; score: [1.         1.         0.65       0.52380952 0.73913043 0.
 1.         1.         1.        ]
2025-09-04 20:52:35,687 - INFO - pod     f1        | micro: 0.334586; macro: 0.363542; score: [0.83333333 0.32835821 0.23214286 0.25       0.35416667 0.
 0.60869565 0.07142857 0.59375   ]
2025-09-04 20:52:35,687 - INFO - ----------
2025-09-04 20:52:36,963 - INFO - [41/300] | train_loss: 0.17896
2025-09-04 20:52:38,239 - INFO - [42/300] | train_loss: 0.19489
2025-09-04 20:52:39,529 - INFO - [43/300] | train_loss: 0.19720
2025-09-04 20:52:40,805 - INFO - [44/300] | train_loss: 0.19415
2025-09-04 20:52:42,084 - INFO - [45/300] | train_loss: 0.18664
2025-09-04 20:52:43,365 - INFO - [46/300] | train_loss: 0.18075
2025-09-04 20:52:44,647 - INFO - [47/300] | train_loss: 0.16677
2025-09-04 20:52:45,925 - INFO - [48/300] | train_loss: 0.15702
2025-09-04 20:52:47,205 - INFO - [49/300] | train_loss: 0.15617
2025-09-04 20:52:48,487 - INFO - [50/300] | train_loss: 0.12255
2025-09-04 20:52:48,594 - INFO - ----------
2025-09-04 20:52:48,594 - INFO - evaluation dataset type: valid
2025-09-04 20:52:48,609 - INFO - node    precision | micro: 0.583333; macro: 0.548611; score: [0.625      0.5        0.66666667 0.         0.5        1.        ]
2025-09-04 20:52:48,610 - INFO - node    recall    | micro: 0.875000; macro: 0.722222; score: [1.         0.66666667 0.66666667 0.         1.         1.        ]
2025-09-04 20:52:48,610 - INFO - node    f1        | micro: 0.700000; macro: 0.612332; score: [0.76923077 0.57142857 0.66666667 0.         0.66666667 1.        ]
2025-09-04 20:52:48,626 - INFO - service precision | micro: 0.288462; macro: 0.288721; score: [0.66666667 0.18181818 0.2        0.4        0.25       0.
 0.5        0.         0.4       ]
2025-09-04 20:52:48,626 - INFO - service recall    | micro: 0.625000; macro: 0.588889; score: [1.  1.  0.5 0.4 0.4 0.  1.  0.  1. ]
2025-09-04 20:52:48,626 - INFO - service f1        | micro: 0.394737; macro: 0.371022; score: [0.8        0.30769231 0.28571429 0.4        0.30769231 0.
 0.66666667 0.         0.57142857]
2025-09-04 20:52:48,653 - INFO - pod     precision | micro: 0.244444; macro: 0.284256; score: [0.66666667 0.2037037  0.14772727 0.1754386  0.27868852 0.
 0.53846154 0.04761905 0.5       ]
2025-09-04 20:52:48,653 - INFO - pod     recall    | micro: 0.758621; macro: 0.762813; score: [1.         1.         0.65       0.47619048 0.73913043 0.
 1.         1.         1.        ]
2025-09-04 20:52:48,653 - INFO - pod     f1        | micro: 0.369748; macro: 0.388661; score: [0.8        0.33846154 0.24074074 0.25641026 0.4047619  0.
 0.7        0.09090909 0.66666667]
2025-09-04 20:52:48,654 - INFO - ----------
2025-09-04 20:52:49,954 - INFO - [51/300] | train_loss: 0.15218
2025-09-04 20:52:51,237 - INFO - [52/300] | train_loss: 0.14791
2025-09-04 20:52:52,515 - INFO - [53/300] | train_loss: 0.13051
2025-09-04 20:52:53,793 - INFO - [54/300] | train_loss: 0.12880
2025-09-04 20:52:55,078 - INFO - [55/300] | train_loss: 0.12564
2025-09-04 20:52:56,359 - INFO - [56/300] | train_loss: 0.13846
2025-09-04 20:52:57,641 - INFO - [57/300] | train_loss: 0.12579
2025-09-04 20:52:58,922 - INFO - [58/300] | train_loss: 0.13348
2025-09-04 20:53:00,204 - INFO - [59/300] | train_loss: 0.12413
2025-09-04 20:53:01,485 - INFO - [60/300] | train_loss: 0.10573
2025-09-04 20:53:01,590 - INFO - ----------
2025-09-04 20:53:01,590 - INFO - evaluation dataset type: valid
2025-09-04 20:53:01,605 - INFO - node    precision | micro: 0.625000; macro: 0.565278; score: [0.625      0.6        0.66666667 0.         0.5        1.        ]
2025-09-04 20:53:01,605 - INFO - node    recall    | micro: 0.937500; macro: 0.777778; score: [1.         1.         0.66666667 0.         1.         1.        ]
2025-09-04 20:53:01,605 - INFO - node    f1        | micro: 0.750000; macro: 0.642094; score: [0.76923077 0.75       0.66666667 0.         0.66666667 1.        ]
2025-09-04 20:53:01,621 - INFO - service precision | micro: 0.520000; macro: 0.524603; score: [1.         0.4        0.25       1.         1.         0.
 0.5        0.         0.57142857]
2025-09-04 20:53:01,621 - INFO - service recall    | micro: 0.541667; macro: 0.538889; score: [1.   1.   0.25 0.4  0.2  0.   1.   0.   1.  ]
2025-09-04 20:53:01,621 - INFO - service f1        | micro: 0.530612; macro: 0.457792; score: [1.         0.57142857 0.25       0.57142857 0.33333333 0.
 0.66666667 0.         0.72727273]
2025-09-04 20:53:01,648 - INFO - pod     precision | micro: 0.325397; macro: 0.369312; score: [0.83333333 0.275      0.19354839 0.21052632 0.34146341 0.
 0.77777778 0.05882353 0.63333333]
2025-09-04 20:53:01,648 - INFO - pod     recall    | micro: 0.706897; macro: 0.732183; score: [1.         1.         0.6        0.38095238 0.60869565 0.
 1.         1.         1.        ]
2025-09-04 20:53:01,649 - INFO - pod     f1        | micro: 0.445652; macro: 0.455939; score: [0.90909091 0.43137255 0.29268293 0.27118644 0.4375     0.
 0.875      0.11111111 0.7755102 ]
2025-09-04 20:53:01,649 - INFO - ----------
2025-09-04 20:53:02,931 - INFO - [61/300] | train_loss: 0.10830
2025-09-04 20:53:04,212 - INFO - [62/300] | train_loss: 0.11200
2025-09-04 20:53:05,492 - INFO - [63/300] | train_loss: 0.12262
2025-09-04 20:53:06,771 - INFO - [64/300] | train_loss: 0.12186
2025-09-04 20:53:08,052 - INFO - [65/300] | train_loss: 0.10357
2025-09-04 20:53:09,335 - INFO - [66/300] | train_loss: 0.11054
2025-09-04 20:53:10,616 - INFO - [67/300] | train_loss: 0.11288
2025-09-04 20:53:11,911 - INFO - [68/300] | train_loss: 0.09527
2025-09-04 20:53:13,188 - INFO - [69/300] | train_loss: 0.12315
2025-09-04 20:53:14,475 - INFO - [70/300] | train_loss: 0.09875
2025-09-04 20:53:14,580 - INFO - ----------
2025-09-04 20:53:14,580 - INFO - evaluation dataset type: valid
2025-09-04 20:53:14,595 - INFO - node    precision | micro: 0.608696; macro: 0.563492; score: [0.71428571 0.5        0.66666667 0.         0.5        1.        ]
2025-09-04 20:53:14,595 - INFO - node    recall    | micro: 0.875000; macro: 0.722222; score: [1.         0.66666667 0.66666667 0.         1.         1.        ]
2025-09-04 20:53:14,595 - INFO - node    f1        | micro: 0.717949; macro: 0.623016; score: [0.83333333 0.57142857 0.66666667 0.         0.66666667 1.        ]
2025-09-04 20:53:14,611 - INFO - service precision | micro: 0.480000; macro: 0.570899; score: [1.         0.4        0.16666667 1.         1.         0.
 1.         0.         0.57142857]
2025-09-04 20:53:14,611 - INFO - service recall    | micro: 0.500000; macro: 0.516667; score: [1.   1.   0.25 0.2  0.2  0.   1.   0.   1.  ]
2025-09-04 20:53:14,611 - INFO - service f1        | micro: 0.489796; macro: 0.462819; score: [1.         0.57142857 0.2        0.33333333 0.33333333 0.
 1.         0.         0.72727273]
2025-09-04 20:53:14,638 - INFO - pod     precision | micro: 0.329412; macro: 0.351893; score: [0.76923077 0.31428571 0.203125   0.23529412 0.3125     0.
 0.63636364 0.08333333 0.61290323]
2025-09-04 20:53:14,638 - INFO - pod     recall    | micro: 0.724138; macro: 0.742570; score: [1.         1.         0.65       0.38095238 0.65217391 0.
 1.         1.         1.        ]
2025-09-04 20:53:14,638 - INFO - pod     f1        | micro: 0.452830; macro: 0.451380; score: [0.86956522 0.47826087 0.30952381 0.29090909 0.42253521 0.
 0.77777778 0.15384615 0.76      ]
2025-09-04 20:53:14,638 - INFO - ----------
2025-09-04 20:53:15,931 - INFO - [71/300] | train_loss: 0.08760
2025-09-04 20:53:17,220 - INFO - [72/300] | train_loss: 0.09186
2025-09-04 20:53:18,511 - INFO - [73/300] | train_loss: 0.10460
2025-09-04 20:53:19,795 - INFO - [74/300] | train_loss: 0.08027
2025-09-04 20:53:21,077 - INFO - [75/300] | train_loss: 0.09894
2025-09-04 20:53:22,361 - INFO - [76/300] | train_loss: 0.08671
2025-09-04 20:53:23,644 - INFO - [77/300] | train_loss: 0.09666
2025-09-04 20:53:24,928 - INFO - [78/300] | train_loss: 0.08591
2025-09-04 20:53:26,211 - INFO - [79/300] | train_loss: 0.10092
2025-09-04 20:53:27,492 - INFO - [80/300] | train_loss: 0.08474
2025-09-04 20:53:27,595 - INFO - ----------
2025-09-04 20:53:27,595 - INFO - evaluation dataset type: valid
2025-09-04 20:53:27,611 - INFO - node    precision | micro: 0.576923; macro: 0.535714; score: [0.71428571 0.6        0.4        0.         0.5        1.        ]
2025-09-04 20:53:27,611 - INFO - node    recall    | micro: 0.937500; macro: 0.777778; score: [1.         1.         0.66666667 0.         1.         1.        ]
2025-09-04 20:53:27,611 - INFO - node    f1        | micro: 0.714286; macro: 0.625000; score: [0.83333333 0.75       0.5        0.         0.66666667 1.        ]
2025-09-04 20:53:27,627 - INFO - service precision | micro: 0.600000; macro: 0.594444; score: [1.   0.5  0.25 1.   1.   0.   1.   0.   0.6 ]
2025-09-04 20:53:27,627 - INFO - service recall    | micro: 0.500000; macro: 0.511111; score: [1.   1.   0.25 0.4  0.2  0.   1.   0.   0.75]
2025-09-04 20:53:27,627 - INFO - service f1        | micro: 0.545455; macro: 0.498677; score: [1.         0.66666667 0.25       0.57142857 0.33333333 0.
 1.         0.         0.66666667]
2025-09-04 20:53:27,654 - INFO - pod     precision | micro: 0.379808; macro: 0.383696; score: [0.76923077 0.39285714 0.25       0.21875    0.35294118 0.
 0.7        0.09090909 0.67857143]
2025-09-04 20:53:27,654 - INFO - pod     recall    | micro: 0.681034; macro: 0.717230; score: [1.         1.         0.6        0.33333333 0.52173913 0.
 1.         1.         1.        ]
2025-09-04 20:53:27,654 - INFO - pod     f1        | micro: 0.487654; macro: 0.474502; score: [0.86956522 0.56410256 0.35294118 0.26415094 0.42105263 0.
 0.82352941 0.16666667 0.80851064]
2025-09-04 20:53:27,654 - INFO - ----------
2025-09-04 20:53:28,937 - INFO - [81/300] | train_loss: 0.08441
2025-09-04 20:53:30,218 - INFO - [82/300] | train_loss: 0.09521
2025-09-04 20:53:31,497 - INFO - [83/300] | train_loss: 0.07133
2025-09-04 20:53:32,777 - INFO - [84/300] | train_loss: 0.06734
2025-09-04 20:53:34,060 - INFO - [85/300] | train_loss: 0.07943
2025-09-04 20:53:35,341 - INFO - [86/300] | train_loss: 0.09203
2025-09-04 20:53:36,622 - INFO - [87/300] | train_loss: 0.08486
2025-09-04 20:53:37,903 - INFO - [88/300] | train_loss: 0.08368
2025-09-04 20:53:39,185 - INFO - [89/300] | train_loss: 0.08009
2025-09-04 20:53:40,465 - INFO - [90/300] | train_loss: 0.07776
2025-09-04 20:53:40,569 - INFO - ----------
2025-09-04 20:53:40,569 - INFO - evaluation dataset type: valid
2025-09-04 20:53:40,584 - INFO - node    precision | micro: 0.608696; macro: 0.563492; score: [0.71428571 0.5        0.66666667 0.         0.5        1.        ]
2025-09-04 20:53:40,584 - INFO - node    recall    | micro: 0.875000; macro: 0.722222; score: [1.         0.66666667 0.66666667 0.         1.         1.        ]
2025-09-04 20:53:40,584 - INFO - node    f1        | micro: 0.717949; macro: 0.623016; score: [0.83333333 0.57142857 0.66666667 0.         0.66666667 1.        ]
2025-09-04 20:53:40,600 - INFO - service precision | micro: 0.555556; macro: 0.522222; score: [1.  0.5 0.2 0.  1.  0.  1.  0.  1. ]
2025-09-04 20:53:40,600 - INFO - service recall    | micro: 0.416667; macro: 0.466667; score: [1.   1.   0.25 0.   0.2  0.   1.   0.   0.75]
2025-09-04 20:53:40,600 - INFO - service f1        | micro: 0.476190; macro: 0.453263; score: [1.         0.66666667 0.22222222 0.         0.33333333 0.
 1.         0.         0.85714286]
2025-09-04 20:53:40,627 - INFO - pod     precision | micro: 0.441176; macro: 0.435115; score: [0.90909091 0.39285714 0.28571429 0.1875     0.42857143 0.
 0.77777778 0.14285714 0.79166667]
2025-09-04 20:53:40,627 - INFO - pod     recall    | micro: 0.646552; macro: 0.696066; score: [1.         1.         0.6        0.14285714 0.52173913 0.
 1.         1.         1.        ]
2025-09-04 20:53:40,627 - INFO - pod     f1        | micro: 0.524476; macro: 0.505006; score: [0.95238095 0.56410256 0.38709677 0.16216216 0.47058824 0.
 0.875      0.25       0.88372093]
2025-09-04 20:53:40,627 - INFO - ----------
2025-09-04 20:53:41,902 - INFO - [91/300] | train_loss: 0.06995
