=== 内容从行 7432 开始的 16 行 ===
2025-07-21 21:14:00,104 - INFO - evaluation dataset type: test
2025-07-21 21:14:00,124 - INFO - node    precision | micro: 0.600000; macro: 0.661482; score: [0.77777778 0.42857143 1.         0.38461538 0.76923077 0.60869565]
2025-07-21 21:14:00,124 - INFO - node    recall    | micro: 0.895522; macro: 0.877706; score: [1.         0.85714286 0.66666667 0.83333333 0.90909091 1.        ]
2025-07-21 21:14:00,124 - INFO - node    f1        | micro: 0.718563; macro: 0.727139; score: [0.875      0.57142857 0.8        0.52631579 0.83333333 0.75675676]
2025-07-21 21:14:00,151 - INFO - service precision | micro: 0.741573; macro: 0.780727; score: [1.         0.9        0.5        0.36842105 0.88888889 0.76923077
 1.         1.         0.6       ]
2025-07-21 21:14:00,151 - INFO - service recall    | micro: 0.750000; macro: 0.768519; score: [1.         1.         0.4        0.58333333 0.66666667 0.66666667
 1.         1.         0.6       ]
2025-07-21 21:14:00,151 - INFO - service f1        | micro: 0.745763; macro: 0.768846; score: [1.         0.94736842 0.44444444 0.4516129  0.76190476 0.71428571
 1.         1.         0.6       ]
2025-07-21 21:14:00,225 - INFO - pod     precision | micro: 0.673152; macro: 0.727334; score: [0.95918367 0.81481481 0.38888889 0.36470588 0.7755102  0.60869565
 0.96226415 0.94117647 0.73076923]
2025-07-21 21:14:00,226 - INFO - pod     recall    | micro: 0.789954; macro: 0.803751; score: [1.         0.95652174 0.57142857 0.5        0.67857143 0.82352941
 1.         1.         0.7037037 ]
2025-07-21 21:14:00,226 - INFO - pod     f1        | micro: 0.726891; macro: 0.759445; score: [0.97916667 0.88       0.46280992 0.42176871 0.72380952 0.7
 0.98076923 0.96969697 0.71698113]

=== 内容从行 9083 开始的 16 行 ===
2025-07-21 21:32:49,894 - INFO - evaluation dataset type: test
2025-07-21 21:32:49,914 - INFO - node    precision | micro: 0.600000; macro: 0.661482; score: [0.77777778 0.42857143 1.         0.38461538 0.76923077 0.60869565]
2025-07-21 21:32:49,914 - INFO - node    recall    | micro: 0.895522; macro: 0.877706; score: [1.         0.85714286 0.66666667 0.83333333 0.90909091 1.        ]
2025-07-21 21:32:49,914 - INFO - node    f1        | micro: 0.718563; macro: 0.727139; score: [0.875      0.57142857 0.8        0.52631579 0.83333333 0.75675676]
2025-07-21 21:32:49,942 - INFO - service precision | micro: 0.741573; macro: 0.780727; score: [1.         0.9        0.5        0.36842105 0.88888889 0.76923077
 1.         1.         0.6       ]
2025-07-21 21:32:49,942 - INFO - service recall    | micro: 0.750000; macro: 0.768519; score: [1.         1.         0.4        0.58333333 0.66666667 0.66666667
 1.         1.         0.6       ]
2025-07-21 21:32:49,942 - INFO - service f1        | micro: 0.745763; macro: 0.768846; score: [1.         0.94736842 0.44444444 0.4516129  0.76190476 0.71428571
 1.         1.         0.6       ]
2025-07-21 21:32:50,017 - INFO - pod     precision | micro: 0.673152; macro: 0.727334; score: [0.95918367 0.81481481 0.38888889 0.36470588 0.7755102  0.60869565
 0.96226415 0.94117647 0.73076923]
2025-07-21 21:32:50,017 - INFO - pod     recall    | micro: 0.789954; macro: 0.803751; score: [1.         0.95652174 0.57142857 0.5        0.67857143 0.82352941
 1.         1.         0.7037037 ]
2025-07-21 21:32:50,018 - INFO - pod     f1        | micro: 0.726891; macro: 0.759445; score: [0.97916667 0.88       0.46280992 0.42176871 0.72380952 0.7
 0.98076923 0.96969697 0.71698113]

=== 内容从行 13218 开始的 16 行 ===
2025-07-21 22:19:47,618 - INFO - evaluation dataset type: test
2025-07-21 22:19:47,638 - INFO - node    precision | micro: 0.603960; macro: 0.663738; score: [0.86666667 0.35294118 0.85714286 0.39285714 0.84615385 0.66666667]
2025-07-21 22:19:47,639 - INFO - node    recall    | micro: 0.910448; macro: 0.894841; score: [0.92857143 0.85714286 0.66666667 0.91666667 1.         1.        ]
2025-07-21 22:19:47,639 - INFO - node    f1        | micro: 0.726190; macro: 0.735536; score: [0.89655172 0.5        0.75       0.55       0.91666667 0.8       ]
2025-07-21 22:19:47,666 - INFO - service precision | micro: 0.696629; macro: 0.722236; score: [1.         0.9        0.57142857 0.35294118 0.6        0.66666667
 0.90909091 1.         0.5       ]
2025-07-21 22:19:47,666 - INFO - service recall    | micro: 0.704545; macro: 0.718519; score: [1.         1.         0.4        0.5        0.5        0.66666667
 1.         1.         0.4       ]
2025-07-21 22:19:47,666 - INFO - service f1        | micro: 0.700565; macro: 0.715633; score: [1.         0.94736842 0.47058824 0.4137931  0.54545455 0.66666667
 0.95238095 1.         0.44444444]
2025-07-21 22:19:47,742 - INFO - pod     precision | micro: 0.632463; macro: 0.695958; score: [0.90384615 0.71428571 0.275      0.37179487 0.69090909 0.56565657
 0.98076923 0.96969697 0.79166667]
2025-07-21 22:19:47,742 - INFO - pod     recall    | micro: 0.773973; macro: 0.788976; score: [1.         0.97826087 0.44897959 0.46774194 0.67857143 0.82352941
 1.         1.         0.7037037 ]
2025-07-21 22:19:47,742 - INFO - pod     f1        | micro: 0.696099; macro: 0.733989; score: [0.94949495 0.82568807 0.34108527 0.41428571 0.68468468 0.67065868
 0.99029126 0.98461538 0.74509804]

=== 内容从行 24004 开始的 16 行 ===
2025-07-22 00:20:56,467 - INFO - evaluation dataset type: test
2025-07-22 00:20:56,487 - INFO - node    precision | micro: 0.600000; macro: 0.653321; score: [0.93333333 0.38888889 0.75       0.39285714 0.84615385 0.60869565]
2025-07-22 00:20:56,487 - INFO - node    recall    | micro: 0.940299; macro: 0.930556; score: [1.         1.         0.66666667 0.91666667 1.         1.        ]
2025-07-22 00:20:56,487 - INFO - node    f1        | micro: 0.732558; macro: 0.742471; score: [0.96551724 0.56       0.70588235 0.55       0.91666667 0.75675676]
2025-07-22 00:20:56,514 - INFO - service precision | micro: 0.715909; macro: 0.750373; score: [1.         0.9        0.45454545 0.375      0.85714286 0.66666667
 1.         1.         0.5       ]
2025-07-22 00:20:56,514 - INFO - service recall    | micro: 0.715909; macro: 0.729630; score: [1.         1.         0.5        0.5        0.5        0.66666667
 1.         1.         0.4       ]
2025-07-22 00:20:56,514 - INFO - service f1        | micro: 0.715909; macro: 0.732758; score: [1.         0.94736842 0.47619048 0.42857143 0.63157895 0.66666667
 1.         1.         0.44444444]
2025-07-22 00:20:56,589 - INFO - pod     precision | micro: 0.671875; macro: 0.729072; score: [0.95918367 0.78947368 0.40322581 0.36734694 0.68627451 0.62650602
 0.98076923 0.94117647 0.80769231]
2025-07-22 00:20:56,590 - INFO - pod     recall    | micro: 0.785388; macro: 0.804066; score: [1.         0.97826087 0.51020408 0.58064516 0.625      0.76470588
 1.         1.         0.77777778]
2025-07-22 00:20:56,590 - INFO - pod     f1        | micro: 0.724211; macro: 0.760977; score: [0.97916667 0.87378641 0.45045045 0.45       0.65420561 0.68874172
 0.99029126 0.96969697 0.79245283]

=== 内容从行 25659 开始的 16 行 ===
2025-07-22 00:39:41,867 - INFO - evaluation dataset type: test
2025-07-22 00:39:41,886 - INFO - node    precision | micro: 0.596154; macro: 0.694127; score: [0.92307692 0.46666667 1.         0.35294118 0.78571429 0.63636364]
2025-07-22 00:39:41,887 - INFO - node    recall    | micro: 0.925373; macro: 0.920635; score: [0.85714286 1.         0.66666667 1.         1.         1.        ]
2025-07-22 00:39:41,887 - INFO - node    f1        | micro: 0.725146; macro: 0.750795; score: [0.88888889 0.63636364 0.8        0.52173913 0.88       0.77777778]
2025-07-22 00:39:41,913 - INFO - service precision | micro: 0.704545; macro: 0.754622; score: [1.         0.81818182 0.4        0.38888889 0.875      0.64285714
 1.         1.         0.66666667]
2025-07-22 00:39:41,913 - INFO - service recall    | micro: 0.704545; macro: 0.711111; score: [1.         1.         0.4        0.58333333 0.58333333 0.6
 1.         0.83333333 0.4       ]
2025-07-22 00:39:41,914 - INFO - service f1        | micro: 0.704545; macro: 0.721827; score: [1.         0.9        0.4        0.46666667 0.7        0.62068966
 1.         0.90909091 0.5       ]
2025-07-22 00:39:41,988 - INFO - pod     precision | micro: 0.614565; macro: 0.671179; score: [0.88679245 0.65217391 0.3255814  0.33333333 0.75471698 0.57446809
 0.96226415 0.82051282 0.73076923]
2025-07-22 00:39:41,988 - INFO - pod     recall    | micro: 0.789954; macro: 0.805074; score: [1.         0.97826087 0.57142857 0.48387097 0.71428571 0.79411765
 1.         1.         0.7037037 ]
2025-07-22 00:39:41,988 - INFO - pod     f1        | micro: 0.691309; macro: 0.725770; score: [0.94       0.7826087  0.41481481 0.39473684 0.73394495 0.66666667
 0.98076923 0.90140845 0.71698113]

=== 内容从行 29811 开始的 16 行 ===
2025-07-22 01:26:18,365 - INFO - evaluation dataset type: test
2025-07-22 01:26:18,385 - INFO - node    precision | micro: 0.596154; macro: 0.636066; score: [0.82352941 0.35294118 0.75       0.40740741 0.84615385 0.63636364]
2025-07-22 01:26:18,385 - INFO - node    recall    | micro: 0.925373; macro: 0.906746; score: [1.         0.85714286 0.66666667 0.91666667 1.         1.        ]
2025-07-22 01:26:18,385 - INFO - node    f1        | micro: 0.725146; macro: 0.727943; score: [0.90322581 0.5        0.70588235 0.56410256 0.91666667 0.77777778]
2025-07-22 01:26:18,412 - INFO - service precision | micro: 0.717391; macro: 0.745905; score: [1.         0.9        0.5        0.33333333 0.69230769 0.6875
 1.         1.         0.6       ]
2025-07-22 01:26:18,412 - INFO - service recall    | micro: 0.750000; macro: 0.766667; score: [1.         1.         0.4        0.41666667 0.75       0.73333333
 1.         1.         0.6       ]
2025-07-22 01:26:18,412 - INFO - service f1        | micro: 0.733333; macro: 0.754651; score: [1.         0.94736842 0.44444444 0.37037037 0.72       0.70967742
 1.         1.         0.6       ]
2025-07-22 01:26:18,486 - INFO - pod     precision | micro: 0.664047; macro: 0.697345; score: [0.90384615 0.75438596 0.51282051 0.34090909 0.64516129 0.6
 0.92727273 0.91428571 0.67741935]
2025-07-22 01:26:18,486 - INFO - pod     recall    | micro: 0.771689; macro: 0.790333; score: [1.         0.93478261 0.40816327 0.48387097 0.71428571 0.79411765
 1.         1.         0.77777778]
2025-07-22 01:26:18,486 - INFO - pod     f1        | micro: 0.713833; macro: 0.738014; score: [0.94949495 0.83495146 0.45454545 0.4        0.6779661  0.6835443
 0.96226415 0.95522388 0.72413793]

=== 内容从行 32292 开始的 16 行 ===
2025-07-22 01:54:18,741 - INFO - evaluation dataset type: test
2025-07-22 01:54:18,761 - INFO - node    precision | micro: 0.603960; macro: 0.631125; score: [0.77777778 0.4        0.75       0.42307692 0.76923077 0.66666667]
2025-07-22 01:54:18,761 - INFO - node    recall    | micro: 0.910448; macro: 0.891595; score: [1.         0.85714286 0.66666667 0.91666667 0.90909091 1.        ]
2025-07-22 01:54:18,762 - INFO - node    f1        | micro: 0.726190; macro: 0.723103; score: [0.875      0.54545455 0.70588235 0.57894737 0.83333333 0.8       ]
2025-07-22 01:54:18,789 - INFO - service precision | micro: 0.701149; macro: 0.743745; score: [1.         0.9        0.38461538 0.30769231 1.         0.69230769
 0.90909091 1.         0.5       ]
2025-07-22 01:54:18,789 - INFO - service recall    | micro: 0.693182; macro: 0.725926; score: [1.         1.         0.5        0.33333333 0.5        0.6
 1.         1.         0.6       ]
2025-07-22 01:54:18,789 - INFO - service f1        | micro: 0.697143; macro: 0.723279; score: [1.         0.94736842 0.43478261 0.32       0.66666667 0.64285714
 0.95238095 1.         0.54545455]
2025-07-22 01:54:18,863 - INFO - pod     precision | micro: 0.612789; macro: 0.684916; score: [0.94       0.74576271 0.31944444 0.34862385 0.65       0.53
 0.91071429 0.96969697 0.75      ]
2025-07-22 01:54:18,863 - INFO - pod     recall    | micro: 0.787671; macro: 0.797924; score: [1.         0.95652174 0.46938776 0.61290323 0.69642857 0.77941176
 1.         1.         0.66666667]
2025-07-22 01:54:18,864 - INFO - pod     f1        | micro: 0.689311; macro: 0.730990; score: [0.96907216 0.83809524 0.38016529 0.44444444 0.67241379 0.63095238
 0.95327103 0.98461538 0.70588235]

=== 内容从行 43076 开始的 16 行 ===
2025-07-22 03:55:52,324 - INFO - evaluation dataset type: test
2025-07-22 03:55:52,344 - INFO - node    precision | micro: 0.603960; macro: 0.631694; score: [0.76470588 0.4        0.75       0.42307692 0.78571429 0.66666667]
2025-07-22 03:55:52,344 - INFO - node    recall    | micro: 0.910448; macro: 0.894841; score: [0.92857143 0.85714286 0.66666667 0.91666667 1.         1.        ]
2025-07-22 03:55:52,344 - INFO - node    f1        | micro: 0.726190; macro: 0.724832; score: [0.83870968 0.54545455 0.70588235 0.57894737 0.88       0.8       ]
2025-07-22 03:55:52,371 - INFO - service precision | micro: 0.677083; macro: 0.717941; score: [0.9        0.9        0.41666667 0.25       0.8        0.71428571
 0.90909091 1.         0.57142857]
2025-07-22 03:55:52,371 - INFO - service recall    | micro: 0.738636; macro: 0.774074; score: [1.         1.         0.5        0.33333333 0.66666667 0.66666667
 1.         1.         0.8       ]
2025-07-22 03:55:52,371 - INFO - service f1        | micro: 0.706522; macro: 0.741219; score: [0.94736842 0.94736842 0.45454545 0.28571429 0.72727273 0.68965517
 0.95238095 1.         0.66666667]
2025-07-22 03:55:52,445 - INFO - pod     precision | micro: 0.596315; macro: 0.676538; score: [0.90384615 0.77192982 0.33766234 0.30645161 0.67741935 0.51851852
 0.94444444 0.91428571 0.71428571]
2025-07-22 03:55:52,445 - INFO - pod     recall    | micro: 0.812785; macro: 0.823812; score: [1.         0.95652174 0.53061224 0.61290323 0.75       0.82352941
 1.         1.         0.74074074]
2025-07-22 03:55:52,445 - INFO - pod     f1        | micro: 0.687923; macro: 0.736369; score: [0.94949495 0.85436893 0.41269841 0.40860215 0.71186441 0.63636364
 0.97142857 0.95522388 0.72727273]

=== 内容从行 49703 开始的 16 行 ===
2025-07-22 05:10:36,551 - INFO - evaluation dataset type: test
2025-07-22 05:10:36,571 - INFO - node    precision | micro: 0.603960; macro: 0.633872; score: [0.73684211 0.46153846 0.75       0.4        0.84615385 0.60869565]
2025-07-22 05:10:36,571 - INFO - node    recall    | micro: 0.910448; macro: 0.892857; score: [1.         0.85714286 0.66666667 0.83333333 1.         1.        ]
2025-07-22 05:10:36,571 - INFO - node    f1        | micro: 0.726190; macro: 0.728055; score: [0.84848485 0.6        0.70588235 0.54054054 0.91666667 0.75675676]
2025-07-22 05:10:36,598 - INFO - service precision | micro: 0.704545; macro: 0.745953; score: [1.         0.75       0.33333333 0.375      0.83333333 0.84615385
 0.90909091 1.         0.66666667]
2025-07-22 05:10:36,598 - INFO - service recall    | micro: 0.704545; macro: 0.716667; score: [1.         1.         0.4        0.5        0.41666667 0.73333333
 1.         1.         0.4       ]
2025-07-22 05:10:36,598 - INFO - service f1        | micro: 0.704545; macro: 0.715889; score: [1.         0.85714286 0.36363636 0.42857143 0.55555556 0.78571429
 0.95238095 1.         0.5       ]
2025-07-22 05:10:36,672 - INFO - pod     precision | micro: 0.675835; macro: 0.741184; score: [0.97916667 0.88235294 0.35294118 0.36585366 0.80851064 0.56
 0.94444444 0.96969697 0.80769231]
2025-07-22 05:10:36,673 - INFO - pod     recall    | micro: 0.785388; macro: 0.803534; score: [1.         0.97826087 0.48979592 0.48387097 0.67857143 0.82352941
 1.         1.         0.77777778]
2025-07-22 05:10:36,673 - INFO - pod     f1        | micro: 0.726505; macro: 0.766362; score: [0.98947368 0.92783505 0.41025641 0.41666667 0.73786408 0.66666667
 0.97142857 0.98461538 0.79245283]

=== 内容从行 55496 开始的 16 行 ===
2025-07-22 06:16:14,146 - INFO - evaluation dataset type: test
2025-07-22 06:16:14,166 - INFO - node    precision | micro: 0.600000; macro: 0.647371; score: [0.82352941 0.54545455 0.7        0.34615385 0.90909091 0.56      ]
2025-07-22 06:16:14,167 - INFO - node    recall    | micro: 0.895522; macro: 0.882335; score: [1.         0.85714286 0.77777778 0.75       0.90909091 1.        ]
2025-07-22 06:16:14,167 - INFO - node    f1        | micro: 0.718563; macro: 0.734576; score: [0.90322581 0.66666667 0.73684211 0.47368421 0.90909091 0.71794872]
2025-07-22 06:16:14,194 - INFO - service precision | micro: 0.703297; macro: 0.736748; score: [1.         0.81818182 0.41666667 0.4        0.875      0.69230769
 1.         1.         0.42857143]
2025-07-22 06:16:14,194 - INFO - service recall    | micro: 0.727273; macro: 0.753704; score: [1.         1.         0.5        0.5        0.58333333 0.6
 1.         1.         0.6       ]
2025-07-22 06:16:14,194 - INFO - service f1        | micro: 0.715084; macro: 0.737983; score: [1.         0.9        0.45454545 0.44444444 0.7        0.64285714
 1.         1.         0.5       ]
2025-07-22 06:16:14,269 - INFO - pod     precision | micro: 0.580699; macro: 0.662652; score: [0.92156863 0.703125   0.30107527 0.3047619  0.74509804 0.47368421
 0.96226415 0.94117647 0.61111111]
2025-07-22 06:16:14,269 - INFO - pod     recall    | micro: 0.796804; macro: 0.817036; score: [1.         0.97826087 0.57142857 0.51612903 0.67857143 0.79411765
 1.         1.         0.81481481]
2025-07-22 06:16:14,269 - INFO - pod     f1        | micro: 0.671800; macro: 0.723059; score: [0.95918367 0.81818182 0.3943662  0.38323353 0.71028037 0.59340659
 0.98076923 0.96969697 0.6984127 ]

=== 内容从行 67932 开始的 16 行 ===
2025-07-22 08:36:41,907 - INFO - evaluation dataset type: test
2025-07-22 08:36:41,927 - INFO - node    precision | micro: 0.596154; macro: 0.636873; score: [0.82352941 0.4        0.75       0.39285714 0.84615385 0.60869565]
2025-07-22 08:36:41,927 - INFO - node    recall    | micro: 0.925373; macro: 0.906746; score: [1.         0.85714286 0.66666667 0.91666667 1.         1.        ]
2025-07-22 08:36:41,927 - INFO - node    f1        | micro: 0.725146; macro: 0.729664; score: [0.90322581 0.54545455 0.70588235 0.55       0.91666667 0.75675676]
2025-07-22 08:36:41,954 - INFO - service precision | micro: 0.738636; macro: 0.749790; score: [1.         0.75       0.5        0.4375     0.72727273 0.73333333
 1.         1.         0.6       ]
2025-07-22 08:36:41,954 - INFO - service recall    | micro: 0.738636; macro: 0.753704; score: [1.         1.         0.2        0.58333333 0.66666667 0.73333333
 1.         1.         0.6       ]
2025-07-22 08:36:41,954 - INFO - service f1        | micro: 0.738636; macro: 0.741316; score: [1.         0.85714286 0.28571429 0.5        0.69565217 0.73333333
 1.         1.         0.6       ]
2025-07-22 08:36:42,028 - INFO - pod     precision | micro: 0.640684; macro: 0.707212; score: [0.94       0.66176471 0.37931034 0.36       0.825      0.53061224
 0.96226415 0.91428571 0.79166667]
2025-07-22 08:36:42,028 - INFO - pod     recall    | micro: 0.769406; macro: 0.785065; score: [1.         0.97826087 0.44897959 0.58064516 0.58928571 0.76470588
 1.         1.         0.7037037 ]
2025-07-22 08:36:42,028 - INFO - pod     f1        | micro: 0.699170; macro: 0.734367; score: [0.96907216 0.78947368 0.41121495 0.44444444 0.6875     0.62650602
 0.98076923 0.95522388 0.74509804]

=== 内容从行 70425 开始的 16 行 ===
2025-07-22 09:04:57,260 - INFO - evaluation dataset type: test
2025-07-22 09:04:57,279 - INFO - node    precision | micro: 0.596154; macro: 0.632016; score: [0.8125     0.4        0.77777778 0.40740741 0.78571429 0.60869565]
2025-07-22 09:04:57,279 - INFO - node    recall    | micro: 0.925373; macro: 0.913360; score: [0.92857143 0.85714286 0.77777778 0.91666667 1.         1.        ]
2025-07-22 09:04:57,280 - INFO - node    f1        | micro: 0.725146; macro: 0.731793; score: [0.86666667 0.54545455 0.77777778 0.56410256 0.88       0.75675676]
2025-07-22 09:04:57,306 - INFO - service precision | micro: 0.627451; macro: 0.706953; score: [0.9        0.9        0.3        0.4        0.88888889 0.47368421
 1.         1.         0.5       ]
2025-07-22 09:04:57,307 - INFO - service recall    | micro: 0.727273; macro: 0.733333; score: [1.         1.         0.6        0.5        0.66666667 0.6
 1.         0.83333333 0.4       ]
2025-07-22 09:04:57,307 - INFO - service f1        | micro: 0.673684; macro: 0.709337; score: [0.94736842 0.94736842 0.4        0.44444444 0.76190476 0.52941176
 1.         0.90909091 0.44444444]
2025-07-22 09:04:57,381 - INFO - pod     precision | micro: 0.523810; macro: 0.673254; score: [0.88679245 0.73333333 0.24369748 0.28467153 0.76923077 0.38095238
 0.92727273 1.         0.83333333]
2025-07-22 09:04:57,381 - INFO - pod     recall    | micro: 0.803653; macro: 0.804390; score: [1.         0.95652174 0.59183673 0.62903226 0.71428571 0.82352941
 1.         0.96875    0.55555556]
2025-07-22 09:04:57,381 - INFO - pod     f1        | micro: 0.634234; macro: 0.709124; score: [0.94       0.83018868 0.3452381  0.3919598  0.74074074 0.52093023
 0.96226415 0.98412698 0.66666667]

=== 内容从行 75403 开始的 16 行 ===
2025-07-22 10:00:44,652 - INFO - evaluation dataset type: test
2025-07-22 10:00:44,671 - INFO - node    precision | micro: 0.600000; macro: 0.628658; score: [0.76470588 0.42857143 0.75       0.42307692 0.76923077 0.63636364]
2025-07-22 10:00:44,672 - INFO - node    recall    | micro: 0.895522; macro: 0.879690; score: [0.92857143 0.85714286 0.66666667 0.91666667 0.90909091 1.        ]
2025-07-22 10:00:44,672 - INFO - node    f1        | micro: 0.718563; macro: 0.717680; score: [0.83870968 0.57142857 0.70588235 0.57894737 0.83333333 0.77777778]
2025-07-22 10:00:44,698 - INFO - service precision | micro: 0.698795; macro: 0.716041; score: [1.         0.81818182 0.33333333 0.28571429 0.85714286 0.75
 1.         1.         0.4       ]
2025-07-22 10:00:44,698 - INFO - service recall    | micro: 0.659091; macro: 0.681481; score: [1.         1.         0.3        0.33333333 0.5        0.6
 1.         1.         0.4       ]
2025-07-22 10:00:44,699 - INFO - service f1        | micro: 0.678363; macro: 0.691303; score: [1.         0.9        0.31578947 0.30769231 0.63157895 0.66666667
 1.         1.         0.4       ]
2025-07-22 10:00:44,773 - INFO - pod     precision | micro: 0.620879; macro: 0.676697; score: [0.88679245 0.73770492 0.34328358 0.35632184 0.58333333 0.53608247
 0.96226415 0.91176471 0.77272727]
2025-07-22 10:00:44,773 - INFO - pod     recall    | micro: 0.773973; macro: 0.784526; score: [1.         0.97826087 0.46938776 0.5        0.75       0.76470588
 1.         0.96875    0.62962963]
2025-07-22 10:00:44,773 - INFO - pod     f1        | micro: 0.689024; macro: 0.721597; score: [0.94       0.8411215  0.39655172 0.41610738 0.65625    0.63030303
 0.98076923 0.93939394 0.69387755]

=== 内容从行 78712 开始的 16 行 ===
2025-07-22 10:38:01,847 - INFO - evaluation dataset type: test
2025-07-22 10:38:01,866 - INFO - node    precision | micro: 0.598039; macro: 0.645881; score: [0.86666667 0.35294118 0.75       0.39285714 0.84615385 0.66666667]
2025-07-22 10:38:01,866 - INFO - node    recall    | micro: 0.910448; macro: 0.894841; score: [0.92857143 0.85714286 0.66666667 0.91666667 1.         1.        ]
2025-07-22 10:38:01,867 - INFO - node    f1        | micro: 0.721893; macro: 0.728183; score: [0.89655172 0.5        0.70588235 0.55       0.91666667 0.8       ]
2025-07-22 10:38:01,893 - INFO - service precision | micro: 0.692308; macro: 0.738580; score: [1.         0.75       0.4        0.4        0.875      0.55555556
 1.         1.         0.66666667]
2025-07-22 10:38:01,894 - INFO - service recall    | micro: 0.715909; macro: 0.727778; score: [1.         1.         0.4        0.5        0.58333333 0.66666667
 1.         1.         0.4       ]
2025-07-22 10:38:01,894 - INFO - service f1        | micro: 0.703911; macro: 0.723072; score: [1.         0.85714286 0.4        0.44444444 0.7        0.60606061
 1.         1.         0.5       ]
2025-07-22 10:38:01,968 - INFO - pod     precision | micro: 0.593277; macro: 0.698100; score: [0.95918367 0.703125   0.31192661 0.28712871 0.79591837 0.5
 0.94444444 0.94117647 0.84      ]
2025-07-22 10:38:01,968 - INFO - pod     recall    | micro: 0.805936; macro: 0.824768; score: [1.         0.97826087 0.69387755 0.46774194 0.69642857 0.80882353
 1.         1.         0.77777778]
2025-07-22 10:38:01,968 - INFO - pod     f1        | micro: 0.683446; macro: 0.743690; score: [0.97916667 0.81818182 0.43037975 0.35582822 0.74285714 0.61797753
 0.97142857 0.96969697 0.80769231]

=== 内容从行 82024 开始的 16 行 ===
2025-07-22 11:15:23,711 - INFO - evaluation dataset type: test
2025-07-22 11:15:23,731 - INFO - node    precision | micro: 0.601942; macro: 0.656549; score: [0.82352941 0.35294118 0.85714286 0.39285714 0.84615385 0.66666667]
2025-07-22 11:15:23,731 - INFO - node    recall    | micro: 0.925373; macro: 0.906746; score: [1.         0.85714286 0.66666667 0.91666667 1.         1.        ]
2025-07-22 11:15:23,731 - INFO - node    f1        | micro: 0.729412; macro: 0.736649; score: [0.90322581 0.5        0.75       0.55       0.91666667 0.8       ]
2025-07-22 11:15:23,758 - INFO - service precision | micro: 0.779070; macro: 0.823199; score: [1.         0.9        0.46153846 0.46153846 1.         0.78571429
 1.         1.         0.8       ]
2025-07-22 11:15:23,758 - INFO - service recall    | micro: 0.761364; macro: 0.780247; score: [0.88888889 1.         0.6        0.5        0.66666667 0.73333333
 1.         0.83333333 0.8       ]
2025-07-22 11:15:23,758 - INFO - service f1        | micro: 0.770115; macro: 0.795333; score: [0.94117647 0.94736842 0.52173913 0.48       0.8        0.75862069
 1.         0.90909091 0.8       ]
2025-07-22 11:15:23,833 - INFO - pod     precision | micro: 0.662768; macro: 0.726497; score: [0.92156863 0.8490566  0.3255814  0.35632184 0.70588235 0.69444444
 0.94444444 0.94117647 0.8       ]
2025-07-22 11:15:23,833 - INFO - pod     recall    | micro: 0.776256; macro: 0.796509; score: [1.         0.97826087 0.57142857 0.5        0.64285714 0.73529412
 1.         1.         0.74074074]
2025-07-22 11:15:23,833 - INFO - pod     f1        | micro: 0.715037; macro: 0.755193; score: [0.95918367 0.90909091 0.41481481 0.41610738 0.6728972  0.71428571
 0.97142857 0.96969697 0.76923077]

=== 内容从行 82851 开始的 16 行 ===
2025-07-22 11:24:39,484 - INFO - evaluation dataset type: test
2025-07-22 11:24:39,503 - INFO - node    precision | micro: 0.596154; macro: 0.618310; score: [0.76470588 0.4        0.7        0.42307692 0.78571429 0.63636364]
2025-07-22 11:24:39,503 - INFO - node    recall    | micro: 0.925373; macro: 0.913360; score: [0.92857143 0.85714286 0.77777778 0.91666667 1.         1.        ]
2025-07-22 11:24:39,504 - INFO - node    f1        | micro: 0.725146; macro: 0.726289; score: [0.83870968 0.54545455 0.73684211 0.57894737 0.88       0.77777778]
2025-07-22 11:24:39,530 - INFO - service precision | micro: 0.726190; macro: 0.733377; score: [1.         0.9        0.44444444 0.33333333 0.875      0.71428571
 0.83333333 1.         0.5       ]
2025-07-22 11:24:39,530 - INFO - service recall    | micro: 0.693182; macro: 0.709259; score: [1.         1.         0.4        0.33333333 0.58333333 0.66666667
 1.         1.         0.4       ]
2025-07-22 11:24:39,530 - INFO - service f1        | micro: 0.709302; macro: 0.716105; score: [1.         0.94736842 0.42105263 0.33333333 0.7        0.68965517
 0.90909091 1.         0.44444444]
2025-07-22 11:24:39,604 - INFO - pod     precision | micro: 0.644841; macro: 0.709020; score: [0.97916667 0.73333333 0.37704918 0.28947368 0.72916667 0.50961538
 0.98076923 1.         0.7826087 ]
2025-07-22 11:24:39,604 - INFO - pod     recall    | micro: 0.742009; macro: 0.761314; score: [1.         0.95652174 0.46938776 0.35483871 0.625      0.77941176
 1.         1.         0.66666667]
2025-07-22 11:24:39,604 - INFO - pod     f1        | micro: 0.690021; macro: 0.728481; score: [0.98947368 0.83018868 0.41818182 0.31884058 0.67307692 0.61627907
 0.99029126 1.         0.72      ]

=== 内容从行 84506 开始的 16 行 ===
2025-07-22 11:43:12,210 - INFO - evaluation dataset type: test
2025-07-22 11:43:12,229 - INFO - node    precision | micro: 0.596154; macro: 0.618310; score: [0.76470588 0.4        0.7        0.42307692 0.78571429 0.63636364]
2025-07-22 11:43:12,229 - INFO - node    recall    | micro: 0.925373; macro: 0.913360; score: [0.92857143 0.85714286 0.77777778 0.91666667 1.         1.        ]
2025-07-22 11:43:12,230 - INFO - node    f1        | micro: 0.725146; macro: 0.726289; score: [0.83870968 0.54545455 0.73684211 0.57894737 0.88       0.77777778]
2025-07-22 11:43:12,256 - INFO - service precision | micro: 0.726190; macro: 0.733377; score: [1.         0.9        0.44444444 0.33333333 0.875      0.71428571
 0.83333333 1.         0.5       ]
2025-07-22 11:43:12,256 - INFO - service recall    | micro: 0.693182; macro: 0.709259; score: [1.         1.         0.4        0.33333333 0.58333333 0.66666667
 1.         1.         0.4       ]
2025-07-22 11:43:12,257 - INFO - service f1        | micro: 0.709302; macro: 0.716105; score: [1.         0.94736842 0.42105263 0.33333333 0.7        0.68965517
 0.90909091 1.         0.44444444]
2025-07-22 11:43:12,330 - INFO - pod     precision | micro: 0.644841; macro: 0.709020; score: [0.97916667 0.73333333 0.37704918 0.28947368 0.72916667 0.50961538
 0.98076923 1.         0.7826087 ]
2025-07-22 11:43:12,331 - INFO - pod     recall    | micro: 0.742009; macro: 0.761314; score: [1.         0.95652174 0.46938776 0.35483871 0.625      0.77941176
 1.         1.         0.66666667]
2025-07-22 11:43:12,331 - INFO - pod     f1        | micro: 0.690021; macro: 0.728481; score: [0.98947368 0.83018868 0.41818182 0.31884058 0.67307692 0.61627907
 0.99029126 1.         0.72      ]

=== 内容从行 98603 开始的 16 行 ===
2025-07-22 14:22:58,887 - INFO - evaluation dataset type: test
2025-07-22 14:22:58,907 - INFO - node    precision | micro: 0.601942; macro: 0.655706; score: [0.82352941 0.33333333 0.85714286 0.40740741 0.84615385 0.66666667]
2025-07-22 14:22:58,907 - INFO - node    recall    | micro: 0.925373; macro: 0.906746; score: [1.         0.85714286 0.66666667 0.91666667 1.         1.        ]
2025-07-22 14:22:58,907 - INFO - node    f1        | micro: 0.729412; macro: 0.735666; score: [0.90322581 0.48       0.75       0.56410256 0.91666667 0.8       ]
2025-07-22 14:22:58,934 - INFO - service precision | micro: 0.772152; macro: 0.795855; score: [1.         0.75       0.66666667 0.35714286 0.88888889 0.75
 1.         1.         0.75      ]
2025-07-22 14:22:58,934 - INFO - service recall    | micro: 0.693182; macro: 0.720370; score: [1.         1.         0.2        0.41666667 0.66666667 0.6
 1.         1.         0.6       ]
2025-07-22 14:22:58,934 - INFO - service f1        | micro: 0.730539; macro: 0.738299; score: [1.         0.85714286 0.30769231 0.38461538 0.76190476 0.66666667
 1.         1.         0.66666667]
2025-07-22 14:22:59,008 - INFO - pod     precision | micro: 0.690832; macro: 0.729920; score: [0.90384615 0.68181818 0.41176471 0.3908046  0.82051282 0.61904762
 0.96226415 0.96969697 0.80952381]
2025-07-22 14:22:59,008 - INFO - pod     recall    | micro: 0.739726; macro: 0.753125; score: [1.         0.97826087 0.28571429 0.5483871  0.57142857 0.76470588
 1.         1.         0.62962963]
2025-07-22 14:22:59,008 - INFO - pod     f1        | micro: 0.714443; macro: 0.730934; score: [0.94949495 0.80357143 0.3373494  0.45637584 0.67368421 0.68421053
 0.98076923 0.98461538 0.70833333]

=== 内容从行 103578 开始的 16 行 ===
2025-07-22 15:19:07,755 - INFO - evaluation dataset type: test
2025-07-22 15:19:07,775 - INFO - node    precision | micro: 0.601942; macro: 0.641469; score: [0.8125     0.35294118 0.77777778 0.42307692 0.84615385 0.63636364]
2025-07-22 15:19:07,775 - INFO - node    recall    | micro: 0.925373; macro: 0.913360; score: [0.92857143 0.85714286 0.77777778 0.91666667 1.         1.        ]
2025-07-22 15:19:07,775 - INFO - node    f1        | micro: 0.729412; macro: 0.736306; score: [0.86666667 0.5        0.77777778 0.57894737 0.91666667 0.77777778]
2025-07-22 15:19:07,801 - INFO - service precision | micro: 0.706522; macro: 0.713454; score: [1.         0.81818182 0.42857143 0.4        0.81818182 0.64705882
 0.90909091 1.         0.4       ]
2025-07-22 15:19:07,802 - INFO - service recall    | micro: 0.738636; macro: 0.742593; score: [1.         1.         0.3        0.5        0.75       0.73333333
 1.         1.         0.4       ]
2025-07-22 15:19:07,802 - INFO - service f1        | micro: 0.722222; macro: 0.724431; score: [1.         0.9        0.35294118 0.44444444 0.7826087  0.6875
 0.95238095 1.         0.4       ]
2025-07-22 15:19:07,876 - INFO - pod     precision | micro: 0.611418; macro: 0.683155; score: [0.92156863 0.81481481 0.26388889 0.29213483 0.69642857 0.5046729
 0.94444444 0.96969697 0.74074074]
2025-07-22 15:19:07,876 - INFO - pod     recall    | micro: 0.757991; macro: 0.777213; score: [1.         0.95652174 0.3877551  0.41935484 0.69642857 0.79411765
 1.         1.         0.74074074]
2025-07-22 15:19:07,876 - INFO - pod     f1        | micro: 0.676860; macro: 0.723107; score: [0.95918367 0.88       0.31404959 0.34437086 0.69642857 0.61714286
 0.97142857 0.98461538 0.74074074]

=== 内容从行 121001 开始的 16 行 ===
2025-07-22 18:35:26,778 - INFO - evaluation dataset type: test
2025-07-22 18:35:26,800 - INFO - node    precision | micro: 0.601942; macro: 0.634729; score: [0.77777778 0.375      0.75       0.42307692 0.84615385 0.63636364]
2025-07-22 18:35:26,800 - INFO - node    recall    | micro: 0.925373; macro: 0.906746; score: [1.         0.85714286 0.66666667 0.91666667 1.         1.        ]
2025-07-22 18:35:26,801 - INFO - node    f1        | micro: 0.729412; macro: 0.729336; score: [0.875      0.52173913 0.70588235 0.57894737 0.91666667 0.77777778]
2025-07-22 18:35:26,828 - INFO - service precision | micro: 0.734940; macro: 0.763343; score: [1.         0.69230769 0.44444444 0.4        0.83333333 0.83333333
 1.         1.         0.66666667]
2025-07-22 18:35:26,828 - INFO - service recall    | micro: 0.693182; macro: 0.709259; score: [1.         1.         0.4        0.5        0.41666667 0.66666667
 1.         1.         0.4       ]
2025-07-22 18:35:26,828 - INFO - service f1        | micro: 0.713450; macro: 0.719997; score: [1.         0.81818182 0.42105263 0.44444444 0.55555556 0.74074074
 1.         1.         0.5       ]
2025-07-22 18:35:26,905 - INFO - pod     precision | micro: 0.624088; macro: 0.709054; score: [0.94       0.69230769 0.3442623  0.28571429 0.76595745 0.61111111
 0.98076923 0.96969697 0.79166667]
2025-07-22 18:35:26,905 - INFO - pod     recall    | micro: 0.780822; macro: 0.793651; score: [1.         0.97826087 0.42857143 0.58064516 0.64285714 0.80882353
 1.         1.         0.7037037 ]
2025-07-22 18:35:26,905 - INFO - pod     f1        | micro: 0.693712; macro: 0.739991; score: [0.96907216 0.81081081 0.38181818 0.38297872 0.69902913 0.69620253
 0.99029126 0.98461538 0.74509804]

=== 内容从行 125151 开始的 16 行 ===
2025-07-22 19:22:14,592 - INFO - evaluation dataset type: test
2025-07-22 19:22:14,612 - INFO - node    precision | micro: 0.596154; macro: 0.640313; score: [0.86666667 0.3        0.77777778 0.46153846 0.76923077 0.66666667]
2025-07-22 19:22:14,612 - INFO - node    recall    | micro: 0.925373; macro: 0.912097; score: [0.92857143 0.85714286 0.77777778 1.         0.90909091 1.        ]
2025-07-22 19:22:14,612 - INFO - node    f1        | micro: 0.725146; macro: 0.730614; score: [0.89655172 0.44444444 0.77777778 0.63157895 0.83333333 0.8       ]
2025-07-22 19:22:14,639 - INFO - service precision | micro: 0.776471; macro: 0.811031; score: [1.         0.81818182 0.45454545 0.42857143 0.88888889 0.90909091
 1.         1.         0.8       ]
2025-07-22 19:22:14,639 - INFO - service recall    | micro: 0.750000; macro: 0.774074; score: [1.         1.         0.5        0.5        0.66666667 0.66666667
 1.         0.83333333 0.8       ]
2025-07-22 19:22:14,639 - INFO - service f1        | micro: 0.763006; macro: 0.786439; score: [1.         0.9        0.47619048 0.46153846 0.76190476 0.76923077
 1.         0.90909091 0.8       ]
2025-07-22 19:22:14,713 - INFO - pod     precision | micro: 0.612847; macro: 0.686643; score: [0.87037037 0.6984127  0.33980583 0.34375    0.65       0.59550562
 0.98076923 0.94117647 0.76      ]
2025-07-22 19:22:14,713 - INFO - pod     recall    | micro: 0.805936; macro: 0.820290; score: [1.         0.95652174 0.71428571 0.53225806 0.69642857 0.77941176
 1.         1.         0.7037037 ]
2025-07-22 19:22:14,713 - INFO - pod     f1        | micro: 0.696252; macro: 0.739401; score: [0.93069307 0.80733945 0.46052632 0.41772152 0.67241379 0.67515924
 0.99029126 0.96969697 0.73076923]

=== 内容从行 126804 开始的 16 行 ===
2025-07-22 19:41:01,007 - INFO - evaluation dataset type: test
2025-07-22 19:41:01,027 - INFO - node    precision | micro: 0.596154; macro: 0.631052; score: [0.77777778 0.35294118 0.75       0.42307692 0.84615385 0.63636364]
2025-07-22 19:41:01,027 - INFO - node    recall    | micro: 0.925373; macro: 0.906746; score: [1.         0.85714286 0.66666667 0.91666667 1.         1.        ]
2025-07-22 19:41:01,027 - INFO - node    f1        | micro: 0.725146; macro: 0.725712; score: [0.875      0.5        0.70588235 0.57894737 0.91666667 0.77777778]
2025-07-22 19:41:01,054 - INFO - service precision | micro: 0.711111; macro: 0.765075; score: [1.         0.81818182 0.46153846 0.26666667 0.875      0.71428571
 1.         1.         0.75      ]
2025-07-22 19:41:01,054 - INFO - service recall    | micro: 0.727273; macro: 0.753704; score: [1.         1.         0.6        0.33333333 0.58333333 0.66666667
 1.         1.         0.6       ]
2025-07-22 19:41:01,055 - INFO - service f1        | micro: 0.719101; macro: 0.752706; score: [1.         0.9        0.52173913 0.2962963  0.7        0.68965517
 1.         1.         0.66666667]
2025-07-22 19:41:01,128 - INFO - pod     precision | micro: 0.618117; macro: 0.695790; score: [0.90384615 0.75       0.35       0.30769231 0.69811321 0.54901961
 0.96226415 0.94117647 0.8       ]
2025-07-22 19:41:01,129 - INFO - pod     recall    | micro: 0.794521; macro: 0.810089; score: [1.         0.97826087 0.57142857 0.51612903 0.66071429 0.82352941
 1.         1.         0.74074074]
2025-07-22 19:41:01,129 - INFO - pod     f1        | micro: 0.695305; macro: 0.741736; score: [0.94949495 0.8490566  0.43410853 0.38554217 0.67889908 0.65882353
 0.98076923 0.96969697 0.76923077]

=== 内容从行 129287 开始的 16 行 ===
2025-07-22 20:09:01,330 - INFO - evaluation dataset type: test
2025-07-22 20:09:01,349 - INFO - node    precision | micro: 0.596154; macro: 0.632731; score: [0.77777778 0.31578947 0.75       0.44       0.84615385 0.66666667]
2025-07-22 20:09:01,349 - INFO - node    recall    | micro: 0.925373; macro: 0.906746; score: [1.         0.85714286 0.66666667 0.91666667 1.         1.        ]
2025-07-22 20:09:01,349 - INFO - node    f1        | micro: 0.725146; macro: 0.725614; score: [0.875      0.46153846 0.70588235 0.59459459 0.91666667 0.8       ]
2025-07-22 20:09:01,376 - INFO - service precision | micro: 0.666667; macro: 0.713041; score: [1.         0.69230769 0.29411765 0.36363636 0.875      0.69230769
 1.         1.         0.5       ]
2025-07-22 20:09:01,376 - INFO - service recall    | micro: 0.704545; macro: 0.735185; score: [1.         1.         0.5        0.33333333 0.58333333 0.6
 1.         1.         0.6       ]
2025-07-22 20:09:01,376 - INFO - service f1        | micro: 0.685083; macro: 0.713854; score: [1.         0.81818182 0.37037037 0.34782609 0.7        0.64285714
 1.         1.         0.54545455]
2025-07-22 20:09:01,450 - INFO - pod     precision | micro: 0.659615; macro: 0.710991; score: [0.90384615 0.74576271 0.34375    0.37362637 0.74545455 0.6091954
 0.94444444 0.94117647 0.79166667]
2025-07-22 20:09:01,451 - INFO - pod     recall    | micro: 0.783105; macro: 0.796572; score: [1.         0.95652174 0.44897959 0.5483871  0.73214286 0.77941176
 1.         1.         0.7037037 ]
2025-07-22 20:09:01,451 - INFO - pod     f1        | micro: 0.716075; macro: 0.747805; score: [0.94949495 0.83809524 0.38938053 0.44444444 0.73873874 0.68387097
 0.97142857 0.96969697 0.74509804]

=== 内容从行 136754 开始的 16 行 ===
2025-07-22 21:33:02,595 - INFO - evaluation dataset type: test
2025-07-22 21:33:02,615 - INFO - node    precision | micro: 0.600000; macro: 0.636747; score: [0.77777778 0.375      0.77777778 0.40740741 0.84615385 0.63636364]
2025-07-22 21:33:02,615 - INFO - node    recall    | micro: 0.940299; macro: 0.925265; score: [1.         0.85714286 0.77777778 0.91666667 1.         1.        ]
2025-07-22 21:33:02,615 - INFO - node    f1        | micro: 0.732558; macro: 0.738844; score: [0.875      0.52173913 0.77777778 0.56410256 0.91666667 0.77777778]
2025-07-22 21:33:02,642 - INFO - service precision | micro: 0.724138; macro: 0.741867; score: [1.         0.81818182 0.625      0.27272727 0.9        0.625
 0.76923077 1.         0.66666667]
2025-07-22 21:33:02,642 - INFO - service recall    | micro: 0.715909; macro: 0.729630; score: [1.         1.         0.5        0.25       0.75       0.66666667
 1.         1.         0.4       ]
2025-07-22 21:33:02,642 - INFO - service f1        | micro: 0.720000; macro: 0.727704; score: [1.         0.9        0.55555556 0.26086957 0.81818182 0.64516129
 0.86956522 1.         0.5       ]
2025-07-22 21:33:02,716 - INFO - pod     precision | micro: 0.661509; macro: 0.715073; score: [0.97916667 0.70967742 0.5106383  0.35869565 0.74074074 0.52427184
 0.98076923 0.93939394 0.69230769]
2025-07-22 21:33:02,716 - INFO - pod     recall    | micro: 0.780822; macro: 0.791377; score: [1.         0.95652174 0.48979592 0.53225806 0.71428571 0.79411765
 1.         0.96875    0.66666667]
2025-07-22 21:33:02,716 - INFO - pod     f1        | micro: 0.716230; macro: 0.746122; score: [0.98947368 0.81481481 0.5        0.42857143 0.72727273 0.63157895
 0.99029126 0.95384615 0.67924528]

=== 内容从行 138410 开始的 16 行 ===
2025-07-22 21:51:36,805 - INFO - evaluation dataset type: test
2025-07-22 21:51:36,826 - INFO - node    precision | micro: 0.600000; macro: 0.636747; score: [0.77777778 0.375      0.77777778 0.40740741 0.84615385 0.63636364]
2025-07-22 21:51:36,826 - INFO - node    recall    | micro: 0.940299; macro: 0.925265; score: [1.         0.85714286 0.77777778 0.91666667 1.         1.        ]
2025-07-22 21:51:36,826 - INFO - node    f1        | micro: 0.732558; macro: 0.738844; score: [0.875      0.52173913 0.77777778 0.56410256 0.91666667 0.77777778]
2025-07-22 21:51:36,853 - INFO - service precision | micro: 0.724138; macro: 0.741867; score: [1.         0.81818182 0.625      0.27272727 0.9        0.625
 0.76923077 1.         0.66666667]
2025-07-22 21:51:36,853 - INFO - service recall    | micro: 0.715909; macro: 0.729630; score: [1.         1.         0.5        0.25       0.75       0.66666667
 1.         1.         0.4       ]
2025-07-22 21:51:36,853 - INFO - service f1        | micro: 0.720000; macro: 0.727704; score: [1.         0.9        0.55555556 0.26086957 0.81818182 0.64516129
 0.86956522 1.         0.5       ]
2025-07-22 21:51:36,927 - INFO - pod     precision | micro: 0.661509; macro: 0.715073; score: [0.97916667 0.70967742 0.5106383  0.35869565 0.74074074 0.52427184
 0.98076923 0.93939394 0.69230769]
2025-07-22 21:51:36,927 - INFO - pod     recall    | micro: 0.780822; macro: 0.791377; score: [1.         0.95652174 0.48979592 0.53225806 0.71428571 0.79411765
 1.         0.96875    0.66666667]
2025-07-22 21:51:36,927 - INFO - pod     f1        | micro: 0.716230; macro: 0.746122; score: [0.98947368 0.81481481 0.5        0.42857143 0.72727273 0.63157895
 0.99029126 0.95384615 0.67924528]

=== 内容从行 139238 开始的 16 行 ===
2025-07-22 22:00:55,208 - INFO - evaluation dataset type: test
2025-07-22 22:00:55,227 - INFO - node    precision | micro: 0.603960; macro: 0.636467; score: [0.77777778 0.46153846 0.75       0.4        0.84615385 0.58333333]
2025-07-22 22:00:55,227 - INFO - node    recall    | micro: 0.910448; macro: 0.892857; score: [1.         0.85714286 0.66666667 0.83333333 1.         1.        ]
2025-07-22 22:00:55,227 - INFO - node    f1        | micro: 0.726190; macro: 0.729155; score: [0.875      0.6        0.70588235 0.54054054 0.91666667 0.73684211]
2025-07-22 22:00:55,254 - INFO - service precision | micro: 0.777778; macro: 0.817420; score: [1.         1.         0.46153846 0.42857143 1.         0.8
 1.         1.         0.66666667]
2025-07-22 22:00:55,254 - INFO - service recall    | micro: 0.715909; macro: 0.735185; score: [1.         1.         0.6        0.5        0.58333333 0.53333333
 1.         1.         0.4       ]
2025-07-22 22:00:55,254 - INFO - service f1        | micro: 0.745562; macro: 0.762236; score: [1.         1.         0.52173913 0.46153846 0.73684211 0.64
 1.         1.         0.5       ]
2025-07-22 22:00:55,328 - INFO - pod     precision | micro: 0.640221; macro: 0.709178; score: [0.90384615 0.77586207 0.34065934 0.34615385 0.69090909 0.56701031
 0.98076923 0.96969697 0.80769231]
2025-07-22 22:00:55,329 - INFO - pod     recall    | micro: 0.792237; macro: 0.812397; score: [1.         0.97826087 0.63265306 0.43548387 0.67857143 0.80882353
 1.         1.         0.77777778]
2025-07-22 22:00:55,329 - INFO - pod     f1        | micro: 0.708163; macro: 0.751351; score: [0.94949495 0.86538462 0.44285714 0.38571429 0.68468468 0.66666667
 0.99029126 0.98461538 0.79245283]

=== 内容从行 141693 开始的 16 行 ===
2025-07-22 22:28:54,212 - INFO - evaluation dataset type: test
2025-07-22 22:28:54,232 - INFO - node    precision | micro: 0.602041; macro: 0.631573; score: [0.77777778 0.4        0.75       0.43478261 0.81818182 0.60869565]
2025-07-22 22:28:54,232 - INFO - node    recall    | micro: 0.880597; macro: 0.862554; score: [1.         0.85714286 0.66666667 0.83333333 0.81818182 1.        ]
2025-07-22 22:28:54,232 - INFO - node    f1        | micro: 0.715152; macro: 0.712117; score: [0.875      0.54545455 0.70588235 0.57142857 0.81818182 0.75675676]
2025-07-22 22:28:54,259 - INFO - service precision | micro: 0.714286; macro: 0.762793; score: [1.         0.9        0.36363636 0.31578947 1.         0.78571429
 1.         1.         0.5       ]
2025-07-22 22:28:54,259 - INFO - service recall    | micro: 0.738636; macro: 0.744444; score: [1.         1.         0.4        0.5        0.66666667 0.73333333
 1.         1.         0.4       ]
2025-07-22 22:28:54,259 - INFO - service f1        | micro: 0.726257; macro: 0.746498; score: [1.         0.94736842 0.38095238 0.38709677 0.8        0.75862069
 1.         1.         0.44444444]
2025-07-22 22:28:54,334 - INFO - pod     precision | micro: 0.641405; macro: 0.716341; score: [0.88679245 0.88       0.32352941 0.34188034 0.74509804 0.59782609
 0.98076923 0.94117647 0.75      ]
2025-07-22 22:28:54,334 - INFO - pod     recall    | micro: 0.792237; macro: 0.800525; score: [1.         0.95652174 0.44897959 0.64516129 0.67857143 0.80882353
 1.         1.         0.66666667]
2025-07-22 22:28:54,334 - INFO - pod     f1        | micro: 0.708887; macro: 0.749257; score: [0.94       0.91666667 0.37606838 0.44692737 0.71028037 0.6875
 0.99029126 0.96969697 0.70588235]

=== 内容从行 154088 开始的 16 行 ===
2025-07-23 00:49:39,488 - INFO - evaluation dataset type: test
2025-07-23 00:49:39,508 - INFO - node    precision | micro: 0.603960; macro: 0.622567; score: [0.76470588 0.42857143 0.66666667 0.42307692 0.78571429 0.66666667]
2025-07-23 00:49:39,508 - INFO - node    recall    | micro: 0.910448; macro: 0.894841; score: [0.92857143 0.85714286 0.66666667 0.91666667 1.         1.        ]
2025-07-23 00:49:39,508 - INFO - node    f1        | micro: 0.726190; macro: 0.722625; score: [0.83870968 0.57142857 0.66666667 0.57894737 0.88       0.8       ]
2025-07-23 00:49:39,535 - INFO - service precision | micro: 0.805556; macro: 0.785053; score: [1.         0.9        0.33333333 0.6        0.85714286 0.875
 1.         1.         0.5       ]
2025-07-23 00:49:39,535 - INFO - service recall    | micro: 0.659091; macro: 0.696296; score: [1.         1.         0.2        0.5        0.5        0.46666667
 1.         1.         0.6       ]
2025-07-23 00:49:39,536 - INFO - service f1        | micro: 0.725000; macro: 0.725395; score: [1.         0.94736842 0.25       0.54545455 0.63157895 0.60869565
 1.         1.         0.54545455]
2025-07-23 00:49:39,609 - INFO - pod     precision | micro: 0.676587; macro: 0.716058; score: [0.90384615 0.703125   0.33333333 0.375      0.83333333 0.70512821
 1.         0.91428571 0.67647059]
2025-07-23 00:49:39,610 - INFO - pod     recall    | micro: 0.778539; macro: 0.800484; score: [1.         0.97826087 0.40816327 0.53225806 0.625      0.80882353
 1.         1.         0.85185185]
2025-07-23 00:49:39,610 - INFO - pod     f1        | micro: 0.723992; macro: 0.750187; score: [0.94949495 0.81818182 0.36697248 0.44       0.71428571 0.75342466
 1.         0.95522388 0.75409836]

=== 内容从行 183880 开始的 16 行 ===
2025-07-23 06:27:03,210 - INFO - evaluation dataset type: test
2025-07-23 06:27:03,230 - INFO - node    precision | micro: 0.597938; macro: 0.652285; score: [0.77777778 0.33333333 0.85714286 0.40909091 0.9        0.63636364]
2025-07-23 06:27:03,230 - INFO - node    recall    | micro: 0.865672; macro: 0.848665; score: [1.         0.85714286 0.66666667 0.75       0.81818182 1.        ]
2025-07-23 06:27:03,230 - INFO - node    f1        | micro: 0.707317; macro: 0.711555; score: [0.875      0.48       0.75       0.52941176 0.85714286 0.77777778]
2025-07-23 06:27:03,257 - INFO - service precision | micro: 0.663158; macro: 0.710582; score: [1.         0.9        0.4        0.33333333 1.         0.64285714
 0.83333333 1.         0.28571429]
2025-07-23 06:27:03,257 - INFO - service recall    | micro: 0.715909; macro: 0.733333; score: [1.         1.         0.6        0.41666667 0.58333333 0.6
 1.         1.         0.4       ]
2025-07-23 06:27:03,257 - INFO - service f1        | micro: 0.688525; macro: 0.710855; score: [1.         0.94736842 0.48       0.37037037 0.73684211 0.62068966
 0.90909091 1.         0.33333333]
2025-07-23 06:27:03,332 - INFO - pod     precision | micro: 0.545879; macro: 0.636456; score: [0.87037037 0.73770492 0.22297297 0.34444444 0.60294118 0.52427184
 0.94444444 0.91428571 0.56666667]
2025-07-23 06:27:03,332 - INFO - pod     recall    | micro: 0.801370; macro: 0.811958; score: [1.         0.97826087 0.67346939 0.5        0.73214286 0.79411765
 1.         1.         0.62962963]
2025-07-23 06:27:03,332 - INFO - pod     f1        | micro: 0.649399; macro: 0.703416; score: [0.93069307 0.8411215  0.33502538 0.40789474 0.66129032 0.63157895
 0.97142857 0.95522388 0.59649123]

=== 内容从行 190500 开始的 16 行 ===
2025-07-23 07:42:03,868 - INFO - evaluation dataset type: test
2025-07-23 07:42:03,888 - INFO - node    precision | micro: 0.600000; macro: 0.639539; score: [0.77777778 0.375      0.75       0.41666667 0.90909091 0.60869565]
2025-07-23 07:42:03,888 - INFO - node    recall    | micro: 0.895522; macro: 0.877706; score: [1.         0.85714286 0.66666667 0.83333333 0.90909091 1.        ]
2025-07-23 07:42:03,888 - INFO - node    f1        | micro: 0.718563; macro: 0.720671; score: [0.875      0.52173913 0.70588235 0.55555556 0.90909091 0.75675676]
2025-07-23 07:42:03,915 - INFO - service precision | micro: 0.693182; macro: 0.749691; score: [1.         0.9        0.44444444 0.27777778 1.         0.625
 1.         1.         0.5       ]
2025-07-23 07:42:03,915 - INFO - service recall    | micro: 0.693182; macro: 0.709259; score: [1.         1.         0.4        0.41666667 0.5        0.66666667
 1.         1.         0.4       ]
2025-07-23 07:42:03,915 - INFO - service f1        | micro: 0.693182; macro: 0.717559; score: [1.         0.94736842 0.42105263 0.33333333 0.66666667 0.64516129
 1.         1.         0.44444444]
2025-07-23 07:42:03,989 - INFO - pod     precision | micro: 0.621469; macro: 0.703288; score: [0.88679245 0.89795918 0.28846154 0.3490566  0.7173913  0.45833333
 1.         0.96969697 0.76190476]
2025-07-23 07:42:03,990 - INFO - pod     recall    | micro: 0.753425; macro: 0.761124; score: [1.         0.95652174 0.30612245 0.59677419 0.58928571 0.80882353
 1.         1.         0.59259259]
2025-07-23 07:42:03,990 - INFO - pod     f1        | micro: 0.681115; macro: 0.720808; score: [0.94       0.92631579 0.2970297  0.44047619 0.64705882 0.58510638
 1.         0.98461538 0.66666667]

=== 内容从行 191326 开始的 16 行 ===
2025-07-23 07:51:58,762 - INFO - evaluation dataset type: test
2025-07-23 07:51:58,782 - INFO - node    precision | micro: 0.600000; macro: 0.638881; score: [0.77777778 0.35294118 0.75       0.43478261 0.90909091 0.60869565]
2025-07-23 07:51:58,782 - INFO - node    recall    | micro: 0.895522; macro: 0.877706; score: [1.         0.85714286 0.66666667 0.83333333 0.90909091 1.        ]
2025-07-23 07:51:58,782 - INFO - node    f1        | micro: 0.718563; macro: 0.719693; score: [0.875      0.5        0.70588235 0.57142857 0.90909091 0.75675676]
2025-07-23 07:51:58,809 - INFO - service precision | micro: 0.511111; macro: 0.619791; score: [0.9        0.9        0.24242424 0.27777778 0.5625     0.55555556
 0.90909091 1.         0.23076923]
2025-07-23 07:51:58,809 - INFO - service recall    | micro: 0.784091; macro: 0.803704; score: [1.         1.         0.8        0.41666667 0.75       0.66666667
 1.         1.         0.6       ]
2025-07-23 07:51:58,809 - INFO - service f1        | micro: 0.618834; macro: 0.681644; score: [0.94736842 0.94736842 0.37209302 0.33333333 0.64285714 0.60606061
 0.95238095 1.         0.33333333]
2025-07-23 07:51:58,884 - INFO - pod     precision | micro: 0.471895; macro: 0.553447; score: [0.80701754 0.71929825 0.21714286 0.34653465 0.49382716 0.46875
 0.85       0.79487179 0.28358209]
2025-07-23 07:51:58,884 - INFO - pod     recall    | micro: 0.824201; macro: 0.831016; score: [0.9787234  0.89130435 0.7755102  0.56451613 0.71428571 0.88235294
 1.         0.96875    0.7037037 ]
2025-07-23 07:51:58,884 - INFO - pod     f1        | micro: 0.600166; macro: 0.649118; score: [0.88461538 0.7961165  0.33928571 0.42944785 0.58394161 0.6122449
 0.91891892 0.87323944 0.40425532]

=== 内容从行 192156 开始的 16 行 ===
2025-07-23 08:01:19,941 - INFO - evaluation dataset type: test
2025-07-23 08:01:19,960 - INFO - node    precision | micro: 0.600000; macro: 0.639539; score: [0.77777778 0.375      0.75       0.41666667 0.90909091 0.60869565]
2025-07-23 08:01:19,960 - INFO - node    recall    | micro: 0.895522; macro: 0.877706; score: [1.         0.85714286 0.66666667 0.83333333 0.90909091 1.        ]
2025-07-23 08:01:19,961 - INFO - node    f1        | micro: 0.718563; macro: 0.720671; score: [0.875      0.52173913 0.70588235 0.55555556 0.90909091 0.75675676]
2025-07-23 08:01:19,987 - INFO - service precision | micro: 0.693182; macro: 0.749691; score: [1.         0.9        0.44444444 0.27777778 1.         0.625
 1.         1.         0.5       ]
2025-07-23 08:01:19,988 - INFO - service recall    | micro: 0.693182; macro: 0.709259; score: [1.         1.         0.4        0.41666667 0.5        0.66666667
 1.         1.         0.4       ]
2025-07-23 08:01:19,988 - INFO - service f1        | micro: 0.693182; macro: 0.717559; score: [1.         0.94736842 0.42105263 0.33333333 0.66666667 0.64516129
 1.         1.         0.44444444]
2025-07-23 08:01:20,063 - INFO - pod     precision | micro: 0.621469; macro: 0.703288; score: [0.88679245 0.89795918 0.28846154 0.3490566  0.7173913  0.45833333
 1.         0.96969697 0.76190476]
2025-07-23 08:01:20,063 - INFO - pod     recall    | micro: 0.753425; macro: 0.761124; score: [1.         0.95652174 0.30612245 0.59677419 0.58928571 0.80882353
 1.         1.         0.59259259]
2025-07-23 08:01:20,063 - INFO - pod     f1        | micro: 0.681115; macro: 0.720808; score: [0.94       0.92631579 0.2970297  0.44047619 0.64705882 0.58510638
 1.         0.98461538 0.66666667]

=== 内容从行 216997 开始的 16 行 ===
2025-07-23 12:43:38,921 - INFO - evaluation dataset type: test
2025-07-23 12:43:38,940 - INFO - node    precision | micro: 0.598039; macro: 0.612760; score: [0.82352941 0.4        0.66666667 0.41666667 0.73333333 0.63636364]
2025-07-23 12:43:38,941 - INFO - node    recall    | micro: 0.910448; macro: 0.892857; score: [1.         0.85714286 0.66666667 0.83333333 1.         1.        ]
2025-07-23 12:43:38,941 - INFO - node    f1        | micro: 0.721893; macro: 0.715806; score: [0.90322581 0.54545455 0.66666667 0.55555556 0.84615385 0.77777778]
2025-07-23 12:43:38,967 - INFO - service precision | micro: 0.684783; macro: 0.734879; score: [1.         1.         0.33333333 0.30769231 0.72727273 0.57894737
 1.         1.         0.66666667]
2025-07-23 12:43:38,967 - INFO - service recall    | micro: 0.715909; macro: 0.725926; score: [1.         1.         0.4        0.33333333 0.66666667 0.73333333
 1.         1.         0.4       ]
2025-07-23 12:43:38,968 - INFO - service f1        | micro: 0.700000; macro: 0.725150; score: [1.         1.         0.36363636 0.32       0.69565217 0.64705882
 1.         1.         0.5       ]
2025-07-23 12:43:39,042 - INFO - pod     precision | micro: 0.652985; macro: 0.712769; score: [0.90384615 0.67692308 0.35483871 0.44444444 0.72222222 0.52884615
 0.98076923 0.96969697 0.83333333]
2025-07-23 12:43:39,042 - INFO - pod     recall    | micro: 0.799087; macro: 0.810739; score: [1.         0.95652174 0.44897959 0.64516129 0.69642857 0.80882353
 1.         1.         0.74074074]
2025-07-23 12:43:39,042 - INFO - pod     f1        | micro: 0.718686; macro: 0.752538; score: [0.94949495 0.79279279 0.3963964  0.52631579 0.70909091 0.63953488
 0.99029126 0.98461538 0.78431373]

=== 内容从行 236044 开始的 16 行 ===
2025-07-23 16:22:27,341 - INFO - evaluation dataset type: test
2025-07-23 16:22:27,362 - INFO - node    precision | micro: 0.603960; macro: 0.652730; score: [0.77777778 0.42857143 0.85714286 0.37037037 0.84615385 0.63636364]
2025-07-23 16:22:27,362 - INFO - node    recall    | micro: 0.910448; macro: 0.892857; score: [1.         0.85714286 0.66666667 0.83333333 1.         1.        ]
2025-07-23 16:22:27,362 - INFO - node    f1        | micro: 0.726190; macro: 0.733949; score: [0.875      0.57142857 0.75       0.51282051 0.91666667 0.77777778]
2025-07-23 16:22:27,389 - INFO - service precision | micro: 0.840580; macro: 0.861392; score: [1.         0.9        1.         0.36363636 1.         0.88888889
 1.         1.         0.6       ]
2025-07-23 16:22:27,389 - INFO - service recall    | micro: 0.659091; macro: 0.694444; score: [1.         1.         0.2        0.33333333 0.58333333 0.53333333
 1.         1.         0.6       ]
2025-07-23 16:22:27,389 - INFO - service f1        | micro: 0.738854; macro: 0.736893; score: [1.         0.94736842 0.33333333 0.34782609 0.73684211 0.66666667
 1.         1.         0.6       ]
2025-07-23 16:22:27,467 - INFO - pod     precision | micro: 0.626812; macro: 0.676624; score: [0.88679245 0.70967742 0.35211268 0.34615385 0.69642857 0.60465116
 0.96226415 0.86486486 0.66666667]
2025-07-23 16:22:27,467 - INFO - pod     recall    | micro: 0.789954; macro: 0.805472; score: [1.         0.95652174 0.51020408 0.58064516 0.69642857 0.76470588
 1.         1.         0.74074074]
2025-07-23 16:22:27,467 - INFO - pod     f1        | micro: 0.698990; macro: 0.731892; score: [0.94       0.81481481 0.41666667 0.43373494 0.69642857 0.67532468
 0.98076923 0.92753623 0.70175439]

=== 内容从行 257624 开始的 16 行 ===
2025-07-23 20:28:34,822 - INFO - evaluation dataset type: test
2025-07-23 20:28:34,842 - INFO - node    precision | micro: 0.603960; macro: 0.652730; score: [0.77777778 0.42857143 0.85714286 0.37037037 0.84615385 0.63636364]
2025-07-23 20:28:34,842 - INFO - node    recall    | micro: 0.910448; macro: 0.892857; score: [1.         0.85714286 0.66666667 0.83333333 1.         1.        ]
2025-07-23 20:28:34,842 - INFO - node    f1        | micro: 0.726190; macro: 0.733949; score: [0.875      0.57142857 0.75       0.51282051 0.91666667 0.77777778]
2025-07-23 20:28:34,869 - INFO - service precision | micro: 0.840580; macro: 0.861392; score: [1.         0.9        1.         0.36363636 1.         0.88888889
 1.         1.         0.6       ]
2025-07-23 20:28:34,869 - INFO - service recall    | micro: 0.659091; macro: 0.694444; score: [1.         1.         0.2        0.33333333 0.58333333 0.53333333
 1.         1.         0.6       ]
2025-07-23 20:28:34,869 - INFO - service f1        | micro: 0.738854; macro: 0.736893; score: [1.         0.94736842 0.33333333 0.34782609 0.73684211 0.66666667
 1.         1.         0.6       ]
2025-07-23 20:28:34,945 - INFO - pod     precision | micro: 0.626812; macro: 0.676624; score: [0.88679245 0.70967742 0.35211268 0.34615385 0.69642857 0.60465116
 0.96226415 0.86486486 0.66666667]
2025-07-23 20:28:34,946 - INFO - pod     recall    | micro: 0.789954; macro: 0.805472; score: [1.         0.95652174 0.51020408 0.58064516 0.69642857 0.76470588
 1.         1.         0.74074074]
2025-07-23 20:28:34,946 - INFO - pod     f1        | micro: 0.698990; macro: 0.731892; score: [0.94       0.81481481 0.41666667 0.43373494 0.69642857 0.67532468
 0.98076923 0.92753623 0.70175439]

=== 内容从行 268362 开始的 16 行 ===
2025-07-23 22:31:08,274 - INFO - evaluation dataset type: test
2025-07-23 22:31:08,294 - INFO - node    precision | micro: 0.601942; macro: 0.613952; score: [0.77777778 0.375      0.58333333 0.43478261 0.84615385 0.66666667]
2025-07-23 22:31:08,294 - INFO - node    recall    | micro: 0.925373; macro: 0.911376; score: [1.         0.85714286 0.77777778 0.83333333 1.         1.        ]
2025-07-23 22:31:08,294 - INFO - node    f1        | micro: 0.729412; macro: 0.725250; score: [0.875      0.52173913 0.66666667 0.57142857 0.91666667 0.8       ]
2025-07-23 22:31:08,321 - INFO - service precision | micro: 0.764706; macro: 0.792338; score: [0.9        0.9        0.57142857 0.38461538 0.875      0.66666667
 1.         1.         0.83333333]
2025-07-23 22:31:08,321 - INFO - service recall    | micro: 0.738636; macro: 0.785185; score: [1.         1.         0.4        0.41666667 0.58333333 0.66666667
 1.         1.         1.        ]
2025-07-23 22:31:08,321 - INFO - service f1        | micro: 0.751445; macro: 0.782343; score: [0.94736842 0.94736842 0.47058824 0.4        0.7        0.66666667
 1.         1.         0.90909091]
2025-07-23 22:31:08,395 - INFO - pod     precision | micro: 0.627057; macro: 0.701163; score: [0.85454545 0.84313725 0.31343284 0.35714286 0.72727273 0.48598131
 0.94444444 0.96969697 0.81481481]
2025-07-23 22:31:08,395 - INFO - pod     recall    | micro: 0.783105; macro: 0.802409; score: [1.         0.93478261 0.42857143 0.56451613 0.71428571 0.76470588
 1.         1.         0.81481481]
2025-07-23 22:31:08,395 - INFO - pod     f1        | micro: 0.696447; macro: 0.743733; score: [0.92156863 0.88659794 0.36206897 0.4375     0.72072072 0.59428571
 0.97142857 0.98461538 0.81481481]

=== 内容从行 270845 开始的 16 行 ===
2025-07-23 22:59:27,430 - INFO - evaluation dataset type: test
2025-07-23 22:59:27,449 - INFO - node    precision | micro: 0.600000; macro: 0.632681; score: [0.82352941 0.35       0.7        0.4        0.78571429 0.73684211]
2025-07-23 22:59:27,450 - INFO - node    recall    | micro: 0.940299; macro: 0.935185; score: [1.         1.         0.77777778 0.83333333 1.         1.        ]
2025-07-23 22:59:27,450 - INFO - node    f1        | micro: 0.732558; macro: 0.737935; score: [0.90322581 0.51851852 0.73684211 0.54054054 0.88       0.84848485]
2025-07-23 22:59:27,476 - INFO - service precision | micro: 0.790123; macro: 0.802315; score: [1.         0.9        0.33333333 0.4375     0.9        0.9
 1.         1.         0.75      ]
2025-07-23 22:59:27,476 - INFO - service recall    | micro: 0.727273; macro: 0.748148; score: [1.         1.         0.2        0.58333333 0.75       0.6
 1.         1.         0.6       ]
2025-07-23 22:59:27,476 - INFO - service f1        | micro: 0.757396; macro: 0.766913; score: [1.         0.94736842 0.25       0.5        0.81818182 0.72
 1.         1.         0.66666667]
2025-07-23 22:59:27,550 - INFO - pod     precision | micro: 0.664093; macro: 0.729626; score: [0.85454545 0.88235294 0.37037037 0.34453782 0.76470588 0.64556962
 0.98076923 0.94117647 0.7826087 ]
2025-07-23 22:59:27,550 - INFO - pod     recall    | micro: 0.785388; macro: 0.795646; score: [1.         0.97826087 0.40816327 0.66129032 0.69642857 0.75
 1.         1.         0.66666667]
2025-07-23 22:59:27,551 - INFO - pod     f1        | micro: 0.719665; macro: 0.754848; score: [0.92156863 0.92783505 0.38834951 0.45303867 0.72897196 0.69387755
 0.99029126 0.96969697 0.72      ]

=== 内容从行 292415 开始的 16 行 ===
2025-07-24 03:04:31,416 - INFO - evaluation dataset type: test
2025-07-24 03:04:31,436 - INFO - node    precision | micro: 0.598039; macro: 0.613460; score: [0.72222222 0.35294118 0.7        0.5        0.76923077 0.63636364]
2025-07-24 03:04:31,437 - INFO - node    recall    | micro: 0.910448; macro: 0.898208; score: [0.92857143 0.85714286 0.77777778 0.91666667 0.90909091 1.        ]
2025-07-24 03:04:31,437 - INFO - node    f1        | micro: 0.721893; macro: 0.717919; score: [0.8125     0.5        0.73684211 0.64705882 0.83333333 0.77777778]
2025-07-24 03:04:31,464 - INFO - service precision | micro: 0.729167; macro: 0.778925; score: [1.         0.9        0.69230769 0.3125     1.         0.625
 0.90909091 1.         0.57142857]
2025-07-24 03:04:31,464 - INFO - service recall    | micro: 0.795455; macro: 0.827778; score: [1.         1.         0.9        0.41666667 0.66666667 0.66666667
 1.         1.         0.8       ]
2025-07-24 03:04:31,464 - INFO - service f1        | micro: 0.760870; macro: 0.794592; score: [1.         0.94736842 0.7826087  0.35714286 0.8        0.64516129
 0.95238095 1.         0.66666667]
2025-07-24 03:04:31,539 - INFO - pod     precision | micro: 0.605396; macro: 0.673892; score: [0.83928571 0.71666667 0.36842105 0.37362637 0.69090909 0.49107143
 0.86440678 0.93939394 0.78125   ]
2025-07-24 03:04:31,539 - INFO - pod     recall    | micro: 0.819635; macro: 0.842170; score: [1.         0.93478261 0.71428571 0.5483871  0.67857143 0.80882353
 1.         0.96875    0.92592593]
2025-07-24 03:04:31,539 - INFO - pod     f1        | micro: 0.696411; macro: 0.742097; score: [0.91262136 0.81132075 0.48611111 0.44444444 0.68468468 0.61111111
 0.92727273 0.95384615 0.84745763]

=== 内容从行 293244 开始的 16 行 ===
2025-07-24 03:13:59,173 - INFO - evaluation dataset type: test
2025-07-24 03:13:59,193 - INFO - node    precision | micro: 0.601942; macro: 0.629927; score: [0.76470588 0.375      0.77777778 0.44       0.78571429 0.63636364]
2025-07-24 03:13:59,193 - INFO - node    recall    | micro: 0.925373; macro: 0.913360; score: [0.92857143 0.85714286 0.77777778 0.91666667 1.         1.        ]
2025-07-24 03:13:59,193 - INFO - node    f1        | micro: 0.729412; macro: 0.731766; score: [0.83870968 0.52173913 0.77777778 0.59459459 0.88       0.77777778]
2025-07-24 03:13:59,220 - INFO - service precision | micro: 0.673684; macro: 0.692043; score: [1.         0.69230769 0.55555556 0.30769231 0.69230769 0.64285714
 0.90909091 1.         0.42857143]
2025-07-24 03:13:59,220 - INFO - service recall    | micro: 0.727273; macro: 0.753704; score: [1.         1.         0.5        0.33333333 0.75       0.6
 1.         1.         0.6       ]
2025-07-24 03:13:59,220 - INFO - service f1        | micro: 0.699454; macro: 0.717508; score: [1.         0.81818182 0.52631579 0.32       0.72       0.62068966
 0.95238095 1.         0.5       ]
2025-07-24 03:13:59,294 - INFO - pod     precision | micro: 0.575121; macro: 0.675364; score: [0.94       0.67164179 0.29906542 0.34343434 0.6031746  0.45901639
 0.98076923 0.94117647 0.84      ]
2025-07-24 03:13:59,294 - INFO - pod     recall    | micro: 0.812785; macro: 0.828843; score: [1.         0.97826087 0.65306122 0.5483871  0.67857143 0.82352941
 1.         1.         0.77777778]
2025-07-24 03:13:59,294 - INFO - pod     f1        | micro: 0.673605; macro: 0.732662; score: [0.96907216 0.79646018 0.41025641 0.42236025 0.63865546 0.58947368
 0.99029126 0.96969697 0.80769231]

=== 内容从行 294910 开始的 16 行 ===
2025-07-24 03:32:46,165 - INFO - evaluation dataset type: test
2025-07-24 03:32:46,185 - INFO - node    precision | micro: 0.595960; macro: 0.614332; score: [0.77777778 0.375      0.75       0.45454545 0.69230769 0.63636364]
2025-07-24 03:32:46,185 - INFO - node    recall    | micro: 0.880597; macro: 0.862554; score: [1.         0.85714286 0.66666667 0.83333333 0.81818182 1.        ]
2025-07-24 03:32:46,185 - INFO - node    f1        | micro: 0.710843; macro: 0.703106; score: [0.875      0.52173913 0.70588235 0.58823529 0.75       0.77777778]
2025-07-24 03:32:46,212 - INFO - service precision | micro: 0.324675; macro: 0.385280; score: [0.75       0.375      0.225      0.12244898 0.39130435 0.38709677
 0.5        0.3        0.41666667]
2025-07-24 03:32:46,212 - INFO - service recall    | micro: 0.852273; macro: 0.883333; score: [1.   1.   0.9  0.5  0.75 0.8  1.   1.   1.  ]
2025-07-24 03:32:46,212 - INFO - service f1        | micro: 0.470219; macro: 0.523532; score: [0.85714286 0.54545455 0.36       0.19672131 0.51428571 0.52173913
 0.66666667 0.46153846 0.58823529]
2025-07-24 03:32:46,288 - INFO - pod     precision | micro: 0.233617; macro: 0.318000; score: [0.5875     0.24731183 0.11634349 0.15319149 0.27325581 0.16338028
 0.67105263 0.39506173 0.25490196]
2025-07-24 03:32:46,288 - INFO - pod     recall    | micro: 0.878995; macro: 0.899220; score: [1.         1.         0.85714286 0.58064516 0.83928571 0.85294118
 1.         1.         0.96296296]
2025-07-24 03:32:46,288 - INFO - pod     f1        | micro: 0.369128; macro: 0.449238; score: [0.74015748 0.39655172 0.20487805 0.24242424 0.4122807  0.27423168
 0.80314961 0.56637168 0.40310078]
2025-07-24 03:32:46,288 - INFO - ----------

=== 内容从行 308171 开始的 16 行 ===
2025-07-24 06:03:30,774 - INFO - evaluation dataset type: test
2025-07-24 06:03:30,794 - INFO - node    precision | micro: 0.598039; macro: 0.616704; score: [0.8125     0.35294118 0.7        0.43478261 0.73333333 0.66666667]
2025-07-24 06:03:30,794 - INFO - node    recall    | micro: 0.910448; macro: 0.899471; score: [0.92857143 0.85714286 0.77777778 0.83333333 1.         1.        ]
2025-07-24 06:03:30,794 - INFO - node    f1        | micro: 0.721893; macro: 0.720182; score: [0.86666667 0.5        0.73684211 0.57142857 0.84615385 0.8       ]
2025-07-24 06:03:30,822 - INFO - service precision | micro: 0.697917; macro: 0.759282; score: [1.         0.9        0.54545455 0.41176471 0.7        0.52631579
 1.         1.         0.75      ]
2025-07-24 06:03:30,822 - INFO - service recall    | micro: 0.761364; macro: 0.781481; score: [1.         1.         0.6        0.58333333 0.58333333 0.66666667
 1.         1.         0.6       ]
2025-07-24 06:03:30,822 - INFO - service f1        | micro: 0.728261; macro: 0.765869; score: [1.         0.94736842 0.57142857 0.48275862 0.63636364 0.58823529
 1.         1.         0.66666667]
2025-07-24 06:03:30,898 - INFO - pod     precision | micro: 0.651429; macro: 0.713761; score: [0.90384615 0.88235294 0.50980392 0.33027523 0.68       0.54736842
 0.98076923 0.75609756 0.83333333]
2025-07-24 06:03:30,898 - INFO - pod     recall    | micro: 0.780822; macro: 0.796762; score: [1.         0.97826087 0.53061224 0.58064516 0.60714286 0.76470588
 1.         0.96875    0.74074074]
2025-07-24 06:03:30,899 - INFO - pod     f1        | micro: 0.710280; macro: 0.746872; score: [0.94949495 0.92783505 0.52       0.42105263 0.64150943 0.63803681
 0.99029126 0.84931507 0.78431373]

=== 内容从行 312305 开始的 16 行 ===
2025-07-24 06:50:43,536 - INFO - evaluation dataset type: test
2025-07-24 06:50:43,556 - INFO - node    precision | micro: 0.596154; macro: 0.615408; score: [0.76470588 0.375      0.7        0.45833333 0.78571429 0.60869565]
2025-07-24 06:50:43,556 - INFO - node    recall    | micro: 0.925373; macro: 0.913360; score: [0.92857143 0.85714286 0.77777778 0.91666667 1.         1.        ]
2025-07-24 06:50:43,556 - INFO - node    f1        | micro: 0.725146; macro: 0.724193; score: [0.83870968 0.52173913 0.73684211 0.61111111 0.88       0.75675676]
2025-07-24 06:50:43,585 - INFO - service precision | micro: 0.706522; macro: 0.751348; score: [1.         0.81818182 0.625      0.29411765 0.77777778 0.64705882
 1.         1.         0.6       ]
2025-07-24 06:50:43,585 - INFO - service recall    | micro: 0.738636; macro: 0.759259; score: [1.         1.         0.5        0.41666667 0.58333333 0.73333333
 1.         1.         0.6       ]
2025-07-24 06:50:43,586 - INFO - service f1        | micro: 0.722222; macro: 0.750506; score: [1.         0.9        0.55555556 0.34482759 0.66666667 0.6875
 1.         1.         0.6       ]
2025-07-24 06:50:43,661 - INFO - pod     precision | micro: 0.627993; macro: 0.698914; score: [0.92156863 0.8        0.44       0.30612245 0.63492063 0.47787611
 0.96226415 0.96969697 0.77777778]
2025-07-24 06:50:43,662 - INFO - pod     recall    | micro: 0.778539; macro: 0.797284; score: [1.         0.95652174 0.44897959 0.48387097 0.71428571 0.79411765
 1.         1.         0.77777778]
2025-07-24 06:50:43,662 - INFO - pod     f1        | micro: 0.695209; macro: 0.740226; score: [0.95918367 0.87128713 0.44444444 0.375      0.67226891 0.59668508
 0.98076923 0.98461538 0.77777778]

=== 内容从行 314796 开始的 16 行 ===
2025-07-24 07:18:49,476 - INFO - evaluation dataset type: test
2025-07-24 07:18:49,496 - INFO - node    precision | micro: 0.601942; macro: 0.626489; score: [0.8125     0.31578947 0.7        0.47826087 0.78571429 0.66666667]
2025-07-24 07:18:49,496 - INFO - node    recall    | micro: 0.925373; macro: 0.913360; score: [0.92857143 0.85714286 0.77777778 0.91666667 1.         1.        ]
2025-07-24 07:18:49,496 - INFO - node    f1        | micro: 0.729412; macro: 0.728936; score: [0.86666667 0.46153846 0.73684211 0.62857143 0.88       0.8       ]
2025-07-24 07:18:49,523 - INFO - service precision | micro: 0.686869; macro: 0.744802; score: [1.         0.9        0.41176471 0.26666667 0.8        0.76923077
 1.         1.         0.55555556]
2025-07-24 07:18:49,524 - INFO - service recall    | micro: 0.772727; macro: 0.818519; score: [1.         1.         0.7        0.33333333 0.66666667 0.66666667
 1.         1.         1.        ]
2025-07-24 07:18:49,524 - INFO - service f1        | micro: 0.727273; macro: 0.768670; score: [1.         0.94736842 0.51851852 0.2962963  0.72727273 0.71428571
 1.         1.         0.71428571]
2025-07-24 07:18:49,600 - INFO - pod     precision | micro: 0.615646; macro: 0.708199; score: [0.95918367 0.77586207 0.31355932 0.32075472 0.67857143 0.64634146
 0.98076923 0.94117647 0.75757576]
2025-07-24 07:18:49,600 - INFO - pod     recall    | micro: 0.826484; macro: 0.851740; score: [1.         0.97826087 0.75510204 0.5483871  0.67857143 0.77941176
 1.         1.         0.92592593]
2025-07-24 07:18:49,600 - INFO - pod     f1        | micro: 0.705653; macro: 0.763443; score: [0.97916667 0.86538462 0.44311377 0.4047619  0.67857143 0.70666667
 0.99029126 0.96969697 0.83333333]

=== 内容从行 323914 开始的 16 行 ===
2025-07-24 09:02:41,962 - INFO - evaluation dataset type: test
2025-07-24 09:02:41,983 - INFO - node    precision | micro: 0.595960; macro: 0.648026; score: [0.82352941 0.35294118 0.85714286 0.4        0.81818182 0.63636364]
2025-07-24 09:02:41,983 - INFO - node    recall    | micro: 0.880597; macro: 0.862554; score: [1.         0.85714286 0.66666667 0.83333333 0.81818182 1.        ]
2025-07-24 09:02:41,983 - INFO - node    f1        | micro: 0.710843; macro: 0.714954; score: [0.90322581 0.5        0.75       0.54054054 0.81818182 0.77777778]
2025-07-24 09:02:42,012 - INFO - service precision | micro: 0.721519; macro: 0.723705; score: [1.         0.81818182 0.5        0.25       1.         0.81818182
 1.         0.55555556 0.57142857]
2025-07-24 09:02:42,012 - INFO - service recall    | micro: 0.647727; macro: 0.687037; score: [1.         1.         0.2        0.25       0.5        0.6
 1.         0.83333333 0.8       ]
2025-07-24 09:02:42,012 - INFO - service f1        | micro: 0.682635; macro: 0.680891; score: [1.         0.9        0.28571429 0.25       0.66666667 0.69230769
 1.         0.66666667 0.66666667]
2025-07-24 09:02:42,089 - INFO - pod     precision | micro: 0.607639; macro: 0.641344; score: [0.85454545 0.52941176 0.45454545 0.35164835 0.60294118 0.61728395
 0.96226415 0.82051282 0.57894737]
2025-07-24 09:02:42,089 - INFO - pod     recall    | micro: 0.799087; macro: 0.820987; score: [1.         0.97826087 0.6122449  0.51612903 0.73214286 0.73529412
 1.         1.         0.81481481]
2025-07-24 09:02:42,089 - INFO - pod     f1        | micro: 0.690335; macro: 0.715574; score: [0.92156863 0.6870229  0.52173913 0.41830065 0.66129032 0.67114094
 0.98076923 0.90140845 0.67692308]

=== 内容从行 339714 开始的 16 行 ===
2025-07-24 12:02:06,464 - INFO - evaluation dataset type: test
2025-07-24 12:02:06,484 - INFO - node    precision | micro: 0.603960; macro: 0.662208; score: [0.82352941 0.46153846 1.         0.34615385 0.73333333 0.60869565]
2025-07-24 12:02:06,484 - INFO - node    recall    | micro: 0.910448; macro: 0.897487; score: [1.         0.85714286 0.77777778 0.75       1.         1.        ]
2025-07-24 12:02:06,484 - INFO - node    f1        | micro: 0.726190; macro: 0.742470; score: [0.90322581 0.6        0.875      0.47368421 0.84615385 0.75675676]
2025-07-24 12:02:06,511 - INFO - service precision | micro: 0.584746; macro: 0.655206; score: [0.9        0.6        0.36363636 0.23529412 0.61538462 0.61111111
 1.         1.         0.57142857]
2025-07-24 12:02:06,511 - INFO - service recall    | micro: 0.784091; macro: 0.814815; score: [1.         1.         0.8        0.33333333 0.66666667 0.73333333
 1.         1.         0.8       ]
2025-07-24 12:02:06,511 - INFO - service f1        | micro: 0.669903; macro: 0.716285; score: [0.94736842 0.75       0.5        0.27586207 0.64       0.66666667
 1.         1.         0.66666667]
2025-07-24 12:02:06,589 - INFO - pod     precision | micro: 0.482192; macro: 0.585595; score: [0.83928571 0.50561798 0.27941176 0.28421053 0.51351351 0.33333333
 0.94444444 0.91428571 0.65625   ]
2025-07-24 12:02:06,590 - INFO - pod     recall    | micro: 0.803653; macro: 0.825002; score: [1.         0.97826087 0.7755102  0.43548387 0.67857143 0.77941176
 1.         1.         0.77777778]
2025-07-24 12:02:06,590 - INFO - pod     f1        | micro: 0.602740; macro: 0.669349; score: [0.91262136 0.66666667 0.41081081 0.34394904 0.58461538 0.46696035
 0.97142857 0.95522388 0.71186441]

=== 内容从行 346370 开始的 16 行 ===
2025-07-24 13:17:42,143 - INFO - evaluation dataset type: test
2025-07-24 13:17:42,164 - INFO - node    precision | micro: 0.603960; macro: 0.620912; score: [0.76470588 0.42857143 0.75       0.45833333 0.6875     0.63636364]
2025-07-24 13:17:42,164 - INFO - node    recall    | micro: 0.910448; macro: 0.894841; score: [0.92857143 0.85714286 0.66666667 0.91666667 1.         1.        ]
2025-07-24 13:17:42,164 - INFO - node    f1        | micro: 0.726190; macro: 0.719954; score: [0.83870968 0.57142857 0.70588235 0.61111111 0.81481481 0.77777778]
2025-07-24 13:17:42,194 - INFO - service precision | micro: 0.647059; macro: 0.707488; score: [1.         0.88888889 0.39130435 0.25       0.88888889 0.70588235
 0.90909091 1.         0.33333333]
2025-07-24 13:17:42,194 - INFO - service recall    | micro: 0.750000; macro: 0.735802; score: [1.         0.88888889 0.9        0.33333333 0.66666667 0.8
 1.         0.83333333 0.2       ]
2025-07-24 13:17:42,194 - INFO - service f1        | micro: 0.694737; macro: 0.704826; score: [1.         0.88888889 0.54545455 0.28571429 0.76190476 0.75
 0.95238095 0.90909091 0.25      ]
2025-07-24 13:17:42,269 - INFO - pod     precision | micro: 0.518732; macro: 0.617777; score: [0.79661017 0.6        0.26582278 0.30434783 0.63492063 0.4375
 0.89473684 0.91176471 0.71428571]
2025-07-24 13:17:42,269 - INFO - pod     recall    | micro: 0.821918; macro: 0.837147; score: [1.         0.97826087 0.85714286 0.4516129  0.71428571 0.82352941
 1.         0.96875    0.74074074]
2025-07-24 13:17:42,269 - INFO - pod     f1        | micro: 0.636042; macro: 0.694982; score: [0.88679245 0.74380165 0.4057971  0.36363636 0.67226891 0.57142857
 0.94444444 0.93939394 0.72727273]

=== 内容从行 350524 开始的 16 行 ===
2025-07-24 14:04:37,364 - INFO - evaluation dataset type: test
2025-07-24 14:04:37,384 - INFO - node    precision | micro: 0.600000; macro: 0.636891; score: [0.86666667 0.31578947 0.77777778 0.41666667 0.66666667 0.77777778]
2025-07-24 14:04:37,384 - INFO - node    recall    | micro: 0.895522; macro: 0.884319; score: [0.92857143 0.85714286 0.77777778 0.83333333 0.90909091 1.        ]
2025-07-24 14:04:37,384 - INFO - node    f1        | micro: 0.718563; macro: 0.722609; score: [0.89655172 0.46153846 0.77777778 0.55555556 0.76923077 0.875     ]
2025-07-24 14:04:37,411 - INFO - service precision | micro: 0.705882; macro: 0.726487; score: [1.         0.81818182 0.5        0.33333333 0.77777778 0.6
 0.90909091 1.         0.6       ]
2025-07-24 14:04:37,411 - INFO - service recall    | micro: 0.681818; macro: 0.705556; score: [1.         1.         0.4        0.33333333 0.58333333 0.6
 1.         0.83333333 0.6       ]
2025-07-24 14:04:37,411 - INFO - service f1        | micro: 0.693642; macro: 0.711768; score: [1.         0.9        0.44444444 0.33333333 0.66666667 0.6
 0.95238095 0.90909091 0.6       ]
2025-07-24 14:04:37,489 - INFO - pod     precision | micro: 0.591696; macro: 0.664487; score: [0.78333333 0.74576271 0.30769231 0.32989691 0.75       0.5046729
 0.89473684 0.91428571 0.75      ]
2025-07-24 14:04:37,489 - INFO - pod     recall    | micro: 0.780822; macro: 0.800584; score: [1.         0.95652174 0.57142857 0.51612903 0.58928571 0.79411765
 1.         1.         0.77777778]
2025-07-24 14:04:37,489 - INFO - pod     f1        | micro: 0.673228; macro: 0.717729; score: [0.87850467 0.83809524 0.4        0.40251572 0.66       0.61714286
 0.94444444 0.95522388 0.76363636]

=== 内容从行 351352 开始的 16 行 ===
2025-07-24 14:14:08,429 - INFO - evaluation dataset type: test
2025-07-24 14:14:08,448 - INFO - node    precision | micro: 0.602041; macro: 0.597647; score: [0.75       0.46153846 0.5        0.45       0.6875     0.73684211]
2025-07-24 14:14:08,449 - INFO - node    recall    | micro: 0.880597; macro: 0.873677; score: [0.85714286 0.85714286 0.77777778 0.75       1.         1.        ]
2025-07-24 14:14:08,449 - INFO - node    f1        | micro: 0.715152; macro: 0.705749; score: [0.8        0.6        0.60869565 0.5625     0.81481481 0.84848485]
2025-07-24 14:14:08,476 - INFO - service precision | micro: 0.707865; macro: 0.764611; score: [1.         0.9        0.46666667 0.30769231 0.85714286 0.6
 1.         1.         0.75      ]
2025-07-24 14:14:08,476 - INFO - service recall    | micro: 0.715909; macro: 0.748148; score: [1.         1.         0.7        0.33333333 0.5        0.6
 1.         1.         0.6       ]
2025-07-24 14:14:08,476 - INFO - service f1        | micro: 0.711864; macro: 0.747290; score: [1.         0.94736842 0.56       0.32       0.63157895 0.6
 1.         1.         0.66666667]
2025-07-24 14:14:08,551 - INFO - pod     precision | micro: 0.611208; macro: 0.688201; score: [0.85454545 0.75862069 0.35714286 0.3627451  0.74418605 0.48672566
 0.98076923 0.93939394 0.70967742]
2025-07-24 14:14:08,552 - INFO - pod     recall    | micro: 0.796804; macro: 0.814373; score: [1.         0.95652174 0.6122449  0.59677419 0.57142857 0.80882353
 1.         0.96875    0.81481481]
2025-07-24 14:14:08,552 - INFO - pod     f1        | micro: 0.691774; macro: 0.736336; score: [0.92156863 0.84615385 0.45112782 0.45121951 0.64646465 0.60773481
 0.99029126 0.95384615 0.75862069]

=== 内容从行 357994 开始的 16 行 ===
2025-07-24 15:29:27,984 - INFO - evaluation dataset type: test
2025-07-24 15:29:28,004 - INFO - node    precision | micro: 0.598039; macro: 0.614828; score: [0.8125     0.35294118 0.63636364 0.43478261 0.78571429 0.66666667]
2025-07-24 15:29:28,004 - INFO - node    recall    | micro: 0.910448; macro: 0.899471; score: [0.92857143 0.85714286 0.77777778 0.83333333 1.         1.        ]
2025-07-24 15:29:28,004 - INFO - node    f1        | micro: 0.721893; macro: 0.719683; score: [0.86666667 0.5        0.7        0.57142857 0.88       0.8       ]
2025-07-24 15:29:28,032 - INFO - service precision | micro: 0.642202; macro: 0.720539; score: [1.         0.81818182 0.5        0.33333333 0.88888889 0.5
 1.         1.         0.44444444]
2025-07-24 15:29:28,032 - INFO - service recall    | micro: 0.795455; macro: 0.807407; score: [1.         1.         0.6        0.5        0.66666667 0.86666667
 1.         0.83333333 0.8       ]
2025-07-24 15:29:28,032 - INFO - service f1        | micro: 0.710660; macro: 0.746892; score: [1.         0.9        0.54545455 0.4        0.76190476 0.63414634
 1.         0.90909091 0.57142857]
2025-07-24 15:29:28,107 - INFO - pod     precision | micro: 0.549168; macro: 0.670444; score: [0.95918367 0.84615385 0.32608696 0.30701754 0.69230769 0.34319527
 0.89473684 0.94117647 0.72413793]
2025-07-24 15:29:28,108 - INFO - pod     recall    | micro: 0.828767; macro: 0.840841; score: [1.         0.95652174 0.6122449  0.56451613 0.80357143 0.85294118
 1.         1.         0.77777778]
2025-07-24 15:29:28,108 - INFO - pod     f1        | micro: 0.660601; macro: 0.733087; score: [0.97916667 0.89795918 0.42553191 0.39772727 0.74380165 0.48945148
 0.94444444 0.96969697 0.75      ]

=== 内容从行 368761 开始的 16 行 ===
2025-07-24 17:32:15,089 - INFO - evaluation dataset type: test
2025-07-24 17:32:15,110 - INFO - node    precision | micro: 0.598039; macro: 0.629587; score: [0.8125     0.35294118 0.75       0.44       0.78571429 0.63636364]
2025-07-24 17:32:15,110 - INFO - node    recall    | micro: 0.910448; macro: 0.894841; score: [0.92857143 0.85714286 0.66666667 0.91666667 1.         1.        ]
2025-07-24 17:32:15,110 - INFO - node    f1        | micro: 0.721893; macro: 0.720820; score: [0.86666667 0.5        0.70588235 0.59459459 0.88       0.77777778]
2025-07-24 17:32:15,138 - INFO - service precision | micro: 0.655914; macro: 0.717207; score: [1.         0.81818182 0.55555556 0.23529412 0.7        0.5625
 0.83333333 1.         0.75      ]
2025-07-24 17:32:15,138 - INFO - service recall    | micro: 0.693182; macro: 0.716667; score: [1.         1.         0.5        0.33333333 0.58333333 0.6
 1.         0.83333333 0.6       ]
2025-07-24 17:32:15,138 - INFO - service f1        | micro: 0.674033; macro: 0.711559; score: [1.         0.9        0.52631579 0.27586207 0.63636364 0.58064516
 0.90909091 0.90909091 0.66666667]
2025-07-24 17:32:15,214 - INFO - pod     precision | micro: 0.622061; macro: 0.687325; score: [0.94       0.66176471 0.37209302 0.34042553 0.59649123 0.61904762
 0.89473684 0.96969697 0.79166667]
2025-07-24 17:32:15,214 - INFO - pod     recall    | micro: 0.785388; macro: 0.802556; score: [1.         0.97826087 0.65306122 0.51612903 0.60714286 0.76470588
 1.         1.         0.7037037 ]
2025-07-24 17:32:15,214 - INFO - pod     f1        | micro: 0.694248; macro: 0.733668; score: [0.96907216 0.78947368 0.47407407 0.41025641 0.60176991 0.68421053
 0.94444444 0.98461538 0.74509804]

=== 内容从行 369586 开始的 16 行 ===
2025-07-24 17:41:38,544 - INFO - evaluation dataset type: test
2025-07-24 17:41:38,564 - INFO - node    precision | micro: 0.600000; macro: 0.636696; score: [0.86666667 0.33333333 0.75       0.4        0.73333333 0.73684211]
2025-07-24 17:41:38,564 - INFO - node    recall    | micro: 0.895522; macro: 0.880952; score: [0.92857143 0.85714286 0.66666667 0.83333333 1.         1.        ]
2025-07-24 17:41:38,565 - INFO - node    f1        | micro: 0.718563; macro: 0.719602; score: [0.89655172 0.48       0.70588235 0.54054054 0.84615385 0.84848485]
2025-07-24 17:41:38,591 - INFO - service precision | micro: 0.703297; macro: 0.752402; score: [1.         0.69230769 0.5        0.35294118 0.85714286 0.76923077
 1.         1.         0.6       ]
2025-07-24 17:41:38,591 - INFO - service recall    | micro: 0.727273; macro: 0.744444; score: [1.         1.         0.6        0.5        0.5        0.66666667
 1.         0.83333333 0.6       ]
2025-07-24 17:41:38,592 - INFO - service f1        | micro: 0.715084; macro: 0.736932; score: [1.         0.81818182 0.54545455 0.4137931  0.63157895 0.71428571
 1.         0.90909091 0.6       ]
2025-07-24 17:41:38,668 - INFO - pod     precision | micro: 0.624126; macro: 0.677386; score: [0.95918367 0.6984127  0.44444444 0.33636364 0.5862069  0.64197531
 0.87931034 0.86486486 0.68571429]
2025-07-24 17:41:38,668 - INFO - pod     recall    | micro: 0.815068; macro: 0.838747; score: [1.         0.95652174 0.73469388 0.59677419 0.60714286 0.76470588
 1.         1.         0.88888889]
2025-07-24 17:41:38,668 - INFO - pod     f1        | micro: 0.706931; macro: 0.744730; score: [0.97916667 0.80733945 0.55384615 0.43023256 0.59649123 0.69798658
 0.93577982 0.92753623 0.77419355]

=== 内容从行 379540 开始的 16 行 ===
2025-07-24 19:35:09,930 - INFO - evaluation dataset type: test
2025-07-24 19:35:09,950 - INFO - node    precision | micro: 0.598039; macro: 0.632969; score: [0.8125     0.33333333 0.77777778 0.42307692 0.71428571 0.73684211]
2025-07-24 19:35:09,950 - INFO - node    recall    | micro: 0.910448; macro: 0.898208; score: [0.92857143 0.85714286 0.77777778 0.91666667 0.90909091 1.        ]
2025-07-24 19:35:09,950 - INFO - node    f1        | micro: 0.721893; macro: 0.725313; score: [0.86666667 0.48       0.77777778 0.57894737 0.8        0.84848485]
2025-07-24 19:35:09,977 - INFO - service precision | micro: 0.705882; macro: 0.743013; score: [1.         0.75       0.58333333 0.28571429 0.8        0.69230769
 0.90909091 1.         0.66666667]
2025-07-24 19:35:09,978 - INFO - service recall    | micro: 0.681818; macro: 0.707407; score: [1.         1.         0.7        0.33333333 0.33333333 0.6
 1.         1.         0.4       ]
2025-07-24 19:35:09,978 - INFO - service f1        | micro: 0.693642; macro: 0.707447; score: [1.         0.85714286 0.63636364 0.30769231 0.47058824 0.64285714
 0.95238095 1.         0.5       ]
2025-07-24 19:35:10,053 - INFO - pod     precision | micro: 0.596284; macro: 0.660448; score: [0.87037037 0.69230769 0.40243902 0.2991453  0.62962963 0.56521739
 0.86440678 0.82051282 0.8       ]
2025-07-24 19:35:10,053 - INFO - pod     recall    | micro: 0.805936; macro: 0.830776; score: [1.         0.97826087 0.67346939 0.56451613 0.60714286 0.76470588
 1.         1.         0.88888889]
2025-07-24 19:35:10,053 - INFO - pod     f1        | micro: 0.685437; macro: 0.730594; score: [0.93069307 0.81081081 0.50381679 0.39106145 0.61818182 0.65
 0.92727273 0.90140845 0.84210526]

=== 内容从行 383690 开始的 16 行 ===
2025-07-24 20:22:27,521 - INFO - evaluation dataset type: test
2025-07-24 20:22:27,541 - INFO - node    precision | micro: 0.598039; macro: 0.626763; score: [0.8125     0.375      0.75       0.42307692 0.73333333 0.66666667]
2025-07-24 20:22:27,541 - INFO - node    recall    | micro: 0.910448; macro: 0.894841; score: [0.92857143 0.85714286 0.66666667 0.91666667 1.         1.        ]
2025-07-24 20:22:27,541 - INFO - node    f1        | micro: 0.721893; macro: 0.719898; score: [0.86666667 0.52173913 0.70588235 0.57894737 0.84615385 0.8       ]
2025-07-24 20:22:27,568 - INFO - service precision | micro: 0.735632; macro: 0.787973; score: [1.         1.         0.41666667 0.38461538 0.85714286 0.6
 1.         1.         0.83333333]
2025-07-24 20:22:27,568 - INFO - service recall    | micro: 0.727273; macro: 0.779630; score: [1.         1.         0.5        0.41666667 0.5        0.6
 1.         1.         1.        ]
2025-07-24 20:22:27,568 - INFO - service f1        | micro: 0.731429; macro: 0.777246; score: [1.         1.         0.45454545 0.4        0.63157895 0.6
 1.         1.         0.90909091]
2025-07-24 20:22:27,643 - INFO - pod     precision | micro: 0.676471; macro: 0.741293; score: [0.92156863 0.83333333 0.40506329 0.38554217 0.84848485 0.58510638
 0.98076923 0.91176471 0.8       ]
2025-07-24 20:22:27,643 - INFO - pod     recall    | micro: 0.787671; macro: 0.812657; score: [1.         0.97826087 0.65306122 0.51612903 0.5        0.80882353
 1.         0.96875    0.88888889]
2025-07-24 20:22:27,643 - INFO - pod     f1        | micro: 0.727848; macro: 0.764509; score: [0.95918367 0.9        0.5        0.44137931 0.62921348 0.67901235
 0.99029126 0.93939394 0.84210526]

=== 内容从行 384521 开始的 16 行 ===
2025-07-24 20:31:47,784 - INFO - evaluation dataset type: test
2025-07-24 20:31:47,804 - INFO - node    precision | micro: 0.595960; macro: 0.635960; score: [0.86666667 0.35294118 0.75       0.39130435 0.84615385 0.60869565]
2025-07-24 20:31:47,804 - INFO - node    recall    | micro: 0.880597; macro: 0.867063; score: [0.92857143 0.85714286 0.66666667 0.75       1.         1.        ]
2025-07-24 20:31:47,804 - INFO - node    f1        | micro: 0.710843; macro: 0.715024; score: [0.89655172 0.5        0.70588235 0.51428571 0.91666667 0.75675676]
2025-07-24 20:31:47,830 - INFO - service precision | micro: 0.683168; macro: 0.737149; score: [1.         0.9        0.4        0.38888889 0.81818182 0.81818182
 0.90909091 1.         0.4       ]
2025-07-24 20:31:47,831 - INFO - service recall    | micro: 0.784091; macro: 0.792593; score: [1.         1.         0.8        0.58333333 0.75       0.6
 1.         1.         0.4       ]
2025-07-24 20:31:47,831 - INFO - service f1        | micro: 0.730159; macro: 0.752741; score: [1.         0.94736842 0.53333333 0.46666667 0.7826087  0.69230769
 0.95238095 1.         0.4       ]
2025-07-24 20:31:47,905 - INFO - pod     precision | micro: 0.582382; macro: 0.674849; score: [0.83928571 0.81481481 0.35135135 0.2919708  0.73913043 0.58888889
 0.87931034 0.88888889 0.68      ]
2025-07-24 20:31:47,905 - INFO - pod     recall    | micro: 0.815068; macro: 0.823754; score: [1.         0.95652174 0.79591837 0.64516129 0.60714286 0.77941176
 1.         1.         0.62962963]
2025-07-24 20:31:47,906 - INFO - pod     f1        | micro: 0.679353; macro: 0.727832; score: [0.91262136 0.88       0.4875     0.40201005 0.66666667 0.67088608
 0.93577982 0.94117647 0.65384615]

=== 内容从行 386185 开始的 16 行 ===
2025-07-24 20:50:36,791 - INFO - evaluation dataset type: test
2025-07-24 20:50:36,811 - INFO - node    precision | micro: 0.595960; macro: 0.635960; score: [0.86666667 0.35294118 0.75       0.39130435 0.84615385 0.60869565]
2025-07-24 20:50:36,811 - INFO - node    recall    | micro: 0.880597; macro: 0.867063; score: [0.92857143 0.85714286 0.66666667 0.75       1.         1.        ]
2025-07-24 20:50:36,811 - INFO - node    f1        | micro: 0.710843; macro: 0.715024; score: [0.89655172 0.5        0.70588235 0.51428571 0.91666667 0.75675676]
2025-07-24 20:50:36,840 - INFO - service precision | micro: 0.683168; macro: 0.737149; score: [1.         0.9        0.4        0.38888889 0.81818182 0.81818182
 0.90909091 1.         0.4       ]
2025-07-24 20:50:36,840 - INFO - service recall    | micro: 0.784091; macro: 0.792593; score: [1.         1.         0.8        0.58333333 0.75       0.6
 1.         1.         0.4       ]
2025-07-24 20:50:36,840 - INFO - service f1        | micro: 0.730159; macro: 0.752741; score: [1.         0.94736842 0.53333333 0.46666667 0.7826087  0.69230769
 0.95238095 1.         0.4       ]
2025-07-24 20:50:36,915 - INFO - pod     precision | micro: 0.582382; macro: 0.674849; score: [0.83928571 0.81481481 0.35135135 0.2919708  0.73913043 0.58888889
 0.87931034 0.88888889 0.68      ]
2025-07-24 20:50:36,915 - INFO - pod     recall    | micro: 0.815068; macro: 0.823754; score: [1.         0.95652174 0.79591837 0.64516129 0.60714286 0.77941176
 1.         1.         0.62962963]
2025-07-24 20:50:36,915 - INFO - pod     f1        | micro: 0.679353; macro: 0.727832; score: [0.91262136 0.88       0.4875     0.40201005 0.66666667 0.67088608
 0.93577982 0.94117647 0.65384615]

=== 内容从行 390321 开始的 16 行 ===
2025-07-24 21:37:40,638 - INFO - evaluation dataset type: test
2025-07-24 21:37:40,658 - INFO - node    precision | micro: 0.598039; macro: 0.629587; score: [0.8125     0.35294118 0.75       0.44       0.78571429 0.63636364]
2025-07-24 21:37:40,658 - INFO - node    recall    | micro: 0.910448; macro: 0.894841; score: [0.92857143 0.85714286 0.66666667 0.91666667 1.         1.        ]
2025-07-24 21:37:40,658 - INFO - node    f1        | micro: 0.721893; macro: 0.720820; score: [0.86666667 0.5        0.70588235 0.59459459 0.88       0.77777778]
2025-07-24 21:37:40,685 - INFO - service precision | micro: 0.655914; macro: 0.717207; score: [1.         0.81818182 0.55555556 0.23529412 0.7        0.5625
 0.83333333 1.         0.75      ]
2025-07-24 21:37:40,685 - INFO - service recall    | micro: 0.693182; macro: 0.716667; score: [1.         1.         0.5        0.33333333 0.58333333 0.6
 1.         0.83333333 0.6       ]
2025-07-24 21:37:40,685 - INFO - service f1        | micro: 0.674033; macro: 0.711559; score: [1.         0.9        0.52631579 0.27586207 0.63636364 0.58064516
 0.90909091 0.90909091 0.66666667]
2025-07-24 21:37:40,760 - INFO - pod     precision | micro: 0.622061; macro: 0.687325; score: [0.94       0.66176471 0.37209302 0.34042553 0.59649123 0.61904762
 0.89473684 0.96969697 0.79166667]
2025-07-24 21:37:40,760 - INFO - pod     recall    | micro: 0.785388; macro: 0.802556; score: [1.         0.97826087 0.65306122 0.51612903 0.60714286 0.76470588
 1.         1.         0.7037037 ]
2025-07-24 21:37:40,761 - INFO - pod     f1        | micro: 0.694248; macro: 0.733668; score: [0.96907216 0.78947368 0.47407407 0.41025641 0.60176991 0.68421053
 0.94444444 0.98461538 0.74509804]

=== 内容从行 391146 开始的 16 行 ===
2025-07-24 21:47:08,640 - INFO - evaluation dataset type: test
2025-07-24 21:47:08,659 - INFO - node    precision | micro: 0.600000; macro: 0.636696; score: [0.86666667 0.33333333 0.75       0.4        0.73333333 0.73684211]
2025-07-24 21:47:08,659 - INFO - node    recall    | micro: 0.895522; macro: 0.880952; score: [0.92857143 0.85714286 0.66666667 0.83333333 1.         1.        ]
2025-07-24 21:47:08,659 - INFO - node    f1        | micro: 0.718563; macro: 0.719602; score: [0.89655172 0.48       0.70588235 0.54054054 0.84615385 0.84848485]
2025-07-24 21:47:08,686 - INFO - service precision | micro: 0.703297; macro: 0.752402; score: [1.         0.69230769 0.5        0.35294118 0.85714286 0.76923077
 1.         1.         0.6       ]
2025-07-24 21:47:08,686 - INFO - service recall    | micro: 0.727273; macro: 0.744444; score: [1.         1.         0.6        0.5        0.5        0.66666667
 1.         0.83333333 0.6       ]
2025-07-24 21:47:08,686 - INFO - service f1        | micro: 0.715084; macro: 0.736932; score: [1.         0.81818182 0.54545455 0.4137931  0.63157895 0.71428571
 1.         0.90909091 0.6       ]
2025-07-24 21:47:08,761 - INFO - pod     precision | micro: 0.624126; macro: 0.677386; score: [0.95918367 0.6984127  0.44444444 0.33636364 0.5862069  0.64197531
 0.87931034 0.86486486 0.68571429]
2025-07-24 21:47:08,762 - INFO - pod     recall    | micro: 0.815068; macro: 0.838747; score: [1.         0.95652174 0.73469388 0.59677419 0.60714286 0.76470588
 1.         1.         0.88888889]
2025-07-24 21:47:08,762 - INFO - pod     f1        | micro: 0.706931; macro: 0.744730; score: [0.97916667 0.80733945 0.55384615 0.43023256 0.59649123 0.69798658
 0.93577982 0.92753623 0.77419355]

=== 内容从行 408570 开始的 16 行 ===
2025-07-25 01:03:44,736 - INFO - evaluation dataset type: test
2025-07-25 01:03:44,755 - INFO - node    precision | micro: 0.600000; macro: 0.621236; score: [0.77777778 0.375      0.75       0.39130435 0.73333333 0.7       ]
2025-07-25 01:03:44,755 - INFO - node    recall    | micro: 0.895522; macro: 0.878968; score: [1.         0.85714286 0.66666667 0.75       1.         1.        ]
2025-07-25 01:03:44,755 - INFO - node    f1        | micro: 0.718563; macro: 0.714432; score: [0.875      0.52173913 0.70588235 0.51428571 0.84615385 0.82352941]
2025-07-25 01:03:44,781 - INFO - service precision | micro: 0.715909; macro: 0.758267; score: [1.         0.75       0.42857143 0.3125     1.         0.66666667
 1.         1.         0.66666667]
2025-07-25 01:03:44,782 - INFO - service recall    | micro: 0.715909; macro: 0.722222; score: [1.         1.         0.3        0.41666667 0.58333333 0.8
 1.         1.         0.4       ]
2025-07-25 01:03:44,782 - INFO - service f1        | micro: 0.715909; macro: 0.725705; score: [1.         0.85714286 0.35294118 0.35714286 0.73684211 0.72727273
 1.         1.         0.5       ]
2025-07-25 01:03:44,855 - INFO - pod     precision | micro: 0.650000; macro: 0.758556; score: [0.97916667 0.80357143 0.45098039 0.32291667 0.96774194 0.44186047
 0.98076923 1.         0.88      ]
2025-07-25 01:03:44,855 - INFO - pod     recall    | micro: 0.771689; macro: 0.792935; score: [1.         0.97826087 0.46938776 0.5        0.53571429 0.83823529
 1.         1.         0.81481481]
2025-07-25 01:03:44,855 - INFO - pod     f1        | micro: 0.705637; macro: 0.758779; score: [0.98947368 0.88235294 0.46       0.39240506 0.68965517 0.5786802
 0.99029126 1.         0.84615385]

=== 内容从行 426826 开始的 16 行 ===
2025-07-25 04:29:10,864 - INFO - evaluation dataset type: test
2025-07-25 04:29:10,884 - INFO - node    precision | micro: 0.600000; macro: 0.644189; score: [0.82352941 0.33333333 0.85714286 0.4        0.71428571 0.73684211]
2025-07-25 04:29:10,884 - INFO - node    recall    | micro: 0.895522; macro: 0.877706; score: [1.         0.85714286 0.66666667 0.83333333 0.90909091 1.        ]
2025-07-25 04:29:10,884 - INFO - node    f1        | micro: 0.718563; macro: 0.720375; score: [0.90322581 0.48       0.75       0.54054054 0.8        0.84848485]
2025-07-25 04:29:10,913 - INFO - service precision | micro: 0.725275; macro: 0.795734; score: [1.         0.81818182 0.71428571 0.30434783 0.88888889 0.76923077
 1.         1.         0.66666667]
2025-07-25 04:29:10,913 - INFO - service recall    | micro: 0.750000; macro: 0.757407; score: [1.         1.         0.5        0.58333333 0.66666667 0.66666667
 1.         1.         0.4       ]
2025-07-25 04:29:10,913 - INFO - service f1        | micro: 0.737430; macro: 0.762714; score: [1.         0.9        0.58823529 0.4        0.76190476 0.71428571
 1.         1.         0.5       ]
2025-07-25 04:29:10,989 - INFO - pod     precision | micro: 0.651515; macro: 0.723037; score: [0.95918367 0.8        0.54545455 0.26785714 0.58730159 0.64634146
 0.96226415 0.96969697 0.76923077]
2025-07-25 04:29:10,989 - INFO - pod     recall    | micro: 0.785388; macro: 0.803723; score: [1.         0.95652174 0.6122449  0.48387097 0.66071429 0.77941176
 1.         1.         0.74074074]
2025-07-25 04:29:10,989 - INFO - pod     f1        | micro: 0.712215; macro: 0.757869; score: [0.97916667 0.87128713 0.57692308 0.34482759 0.62184874 0.70666667
 0.98076923 0.98461538 0.75471698]

=== 内容从行 427654 开始的 16 行 ===
2025-07-25 04:38:36,897 - INFO - evaluation dataset type: test
2025-07-25 04:38:36,916 - INFO - node    precision | micro: 0.598039; macro: 0.647389; score: [0.82352941 0.33333333 0.85714286 0.38461538 0.78571429 0.7       ]
2025-07-25 04:38:36,916 - INFO - node    recall    | micro: 0.910448; macro: 0.892857; score: [1.         0.85714286 0.66666667 0.83333333 1.         1.        ]
2025-07-25 04:38:36,917 - INFO - node    f1        | micro: 0.721893; macro: 0.727179; score: [0.90322581 0.48       0.75       0.52631579 0.88       0.82352941]
2025-07-25 04:38:36,943 - INFO - service precision | micro: 0.694118; macro: 0.723457; score: [0.9        0.75       0.5        0.27777778 1.         0.75
 0.83333333 1.         0.5       ]
2025-07-25 04:38:36,943 - INFO - service recall    | micro: 0.670455; macro: 0.679630; score: [1.         1.         0.2        0.41666667 0.66666667 0.6
 1.         0.83333333 0.4       ]
2025-07-25 04:38:36,943 - INFO - service f1        | micro: 0.682081; macro: 0.683650; score: [0.94736842 0.85714286 0.28571429 0.33333333 0.8        0.66666667
 0.90909091 0.90909091 0.44444444]
2025-07-25 04:38:37,018 - INFO - pod     precision | micro: 0.657692; macro: 0.707412; score: [0.90384615 0.72580645 0.41818182 0.31067961 0.69642857 0.6875
 0.96226415 0.96969697 0.69230769]
2025-07-25 04:38:37,018 - INFO - pod     recall    | micro: 0.780822; macro: 0.792855; score: [1.         0.97826087 0.46938776 0.51612903 0.69642857 0.80882353
 1.         1.         0.66666667]
2025-07-25 04:38:37,018 - INFO - pod     f1        | micro: 0.713987; macro: 0.744146; score: [0.94949495 0.83333333 0.44230769 0.38787879 0.69642857 0.74324324
 0.98076923 0.98461538 0.67924528]

=== 内容从行 429315 开始的 16 行 ===
2025-07-25 04:57:13,883 - INFO - evaluation dataset type: test
2025-07-25 04:57:13,903 - INFO - node    precision | micro: 0.598039; macro: 0.647389; score: [0.82352941 0.33333333 0.85714286 0.38461538 0.78571429 0.7       ]
2025-07-25 04:57:13,903 - INFO - node    recall    | micro: 0.910448; macro: 0.892857; score: [1.         0.85714286 0.66666667 0.83333333 1.         1.        ]
2025-07-25 04:57:13,903 - INFO - node    f1        | micro: 0.721893; macro: 0.727179; score: [0.90322581 0.48       0.75       0.52631579 0.88       0.82352941]
2025-07-25 04:57:13,930 - INFO - service precision | micro: 0.694118; macro: 0.723457; score: [0.9        0.75       0.5        0.27777778 1.         0.75
 0.83333333 1.         0.5       ]
2025-07-25 04:57:13,930 - INFO - service recall    | micro: 0.670455; macro: 0.679630; score: [1.         1.         0.2        0.41666667 0.66666667 0.6
 1.         0.83333333 0.4       ]
2025-07-25 04:57:13,930 - INFO - service f1        | micro: 0.682081; macro: 0.683650; score: [0.94736842 0.85714286 0.28571429 0.33333333 0.8        0.66666667
 0.90909091 0.90909091 0.44444444]
2025-07-25 04:57:14,005 - INFO - pod     precision | micro: 0.657692; macro: 0.707412; score: [0.90384615 0.72580645 0.41818182 0.31067961 0.69642857 0.6875
 0.96226415 0.96969697 0.69230769]
2025-07-25 04:57:14,005 - INFO - pod     recall    | micro: 0.780822; macro: 0.792855; score: [1.         0.97826087 0.46938776 0.51612903 0.69642857 0.80882353
 1.         1.         0.66666667]
2025-07-25 04:57:14,005 - INFO - pod     f1        | micro: 0.713987; macro: 0.744146; score: [0.94949495 0.83333333 0.44230769 0.38787879 0.69642857 0.74324324
 0.98076923 0.98461538 0.67924528]

=== 内容从行 434293 开始的 16 行 ===
2025-07-25 05:53:03,279 - INFO - evaluation dataset type: test
2025-07-25 05:53:03,298 - INFO - node    precision | micro: 0.603960; macro: 0.617393; score: [0.70588235 0.42857143 0.58333333 0.42307692 0.78571429 0.77777778]
2025-07-25 05:53:03,298 - INFO - node    recall    | micro: 0.910448; macro: 0.901455; score: [0.85714286 0.85714286 0.77777778 0.91666667 1.         1.        ]
2025-07-25 05:53:03,299 - INFO - node    f1        | micro: 0.726190; macro: 0.724373; score: [0.77419355 0.57142857 0.66666667 0.57894737 0.88       0.875     ]
2025-07-25 05:53:03,325 - INFO - service precision | micro: 0.815789; macro: 0.841534; score: [1.         1.         0.8        0.33333333 0.85714286 0.91666667
 1.         1.         0.66666667]
2025-07-25 05:53:03,325 - INFO - service recall    | micro: 0.704545; macro: 0.716667; score: [1.         1.         0.4        0.41666667 0.5        0.73333333
 1.         1.         0.4       ]
2025-07-25 05:53:03,325 - INFO - service f1        | micro: 0.756098; macro: 0.761122; score: [1.         1.         0.53333333 0.37037037 0.63157895 0.81481481
 1.         1.         0.5       ]
2025-07-25 05:53:03,400 - INFO - pod     precision | micro: 0.656546; macro: 0.730500; score: [0.97916667 0.77586207 0.38095238 0.29347826 0.74       0.63855422
 0.98076923 1.         0.78571429]
2025-07-25 05:53:03,400 - INFO - pod     recall    | micro: 0.789954; macro: 0.813527; score: [1.         0.97826087 0.65306122 0.43548387 0.66071429 0.77941176
 1.         1.         0.81481481]
2025-07-25 05:53:03,400 - INFO - pod     f1        | micro: 0.717098; macro: 0.764122; score: [0.98947368 0.86538462 0.48120301 0.35064935 0.69811321 0.70198675
 0.99029126 1.         0.8       ]

=== 内容从行 449231 开始的 16 行 ===
2025-07-25 08:41:31,479 - INFO - evaluation dataset type: test
2025-07-25 08:41:31,499 - INFO - node    precision | micro: 0.598039; macro: 0.637548; score: [0.86666667 0.35294118 0.66666667 0.39285714 0.84615385 0.7       ]
2025-07-25 08:41:31,499 - INFO - node    recall    | micro: 0.910448; macro: 0.894841; score: [0.92857143 0.85714286 0.66666667 0.91666667 1.         1.        ]
2025-07-25 08:41:31,499 - INFO - node    f1        | micro: 0.721893; macro: 0.725569; score: [0.89655172 0.5        0.66666667 0.55       0.91666667 0.82352941]
2025-07-25 08:41:31,526 - INFO - service precision | micro: 0.782051; macro: 0.800522; score: [1.         0.69230769 0.6        0.38461538 0.88888889 0.88888889
 1.         1.         0.75      ]
2025-07-25 08:41:31,526 - INFO - service recall    | micro: 0.693182; macro: 0.724074; score: [1.         1.         0.3        0.41666667 0.66666667 0.53333333
 1.         1.         0.6       ]
2025-07-25 08:41:31,526 - INFO - service f1        | micro: 0.734940; macro: 0.745936; score: [1.         0.81818182 0.4        0.4        0.76190476 0.66666667
 1.         1.         0.66666667]
2025-07-25 08:41:31,600 - INFO - pod     precision | micro: 0.678571; macro: 0.730219; score: [0.95918367 0.63380282 0.40625    0.36046512 0.75555556 0.7012987
 1.         0.96969697 0.78571429]
2025-07-25 08:41:31,600 - INFO - pod     recall    | micro: 0.780822; macro: 0.802772; score: [1.         0.97826087 0.53061224 0.5        0.60714286 0.79411765
 1.         1.         0.81481481]
2025-07-25 08:41:31,600 - INFO - pod     f1        | micro: 0.726115; macro: 0.758912; score: [0.97916667 0.76923077 0.46017699 0.41891892 0.67326733 0.74482759
 1.         0.98461538 0.8       ]

=== 内容从行 450894 开始的 16 行 ===
2025-07-25 09:00:16,323 - INFO - evaluation dataset type: test
2025-07-25 09:00:16,343 - INFO - node    precision | micro: 0.598039; macro: 0.637548; score: [0.86666667 0.35294118 0.66666667 0.39285714 0.84615385 0.7       ]
2025-07-25 09:00:16,343 - INFO - node    recall    | micro: 0.910448; macro: 0.894841; score: [0.92857143 0.85714286 0.66666667 0.91666667 1.         1.        ]
2025-07-25 09:00:16,343 - INFO - node    f1        | micro: 0.721893; macro: 0.725569; score: [0.89655172 0.5        0.66666667 0.55       0.91666667 0.82352941]
2025-07-25 09:00:16,370 - INFO - service precision | micro: 0.782051; macro: 0.800522; score: [1.         0.69230769 0.6        0.38461538 0.88888889 0.88888889
 1.         1.         0.75      ]
2025-07-25 09:00:16,370 - INFO - service recall    | micro: 0.693182; macro: 0.724074; score: [1.         1.         0.3        0.41666667 0.66666667 0.53333333
 1.         1.         0.6       ]
2025-07-25 09:00:16,371 - INFO - service f1        | micro: 0.734940; macro: 0.745936; score: [1.         0.81818182 0.4        0.4        0.76190476 0.66666667
 1.         1.         0.66666667]
2025-07-25 09:00:16,445 - INFO - pod     precision | micro: 0.678571; macro: 0.730219; score: [0.95918367 0.63380282 0.40625    0.36046512 0.75555556 0.7012987
 1.         0.96969697 0.78571429]
2025-07-25 09:00:16,445 - INFO - pod     recall    | micro: 0.780822; macro: 0.802772; score: [1.         0.97826087 0.53061224 0.5        0.60714286 0.79411765
 1.         1.         0.81481481]
2025-07-25 09:00:16,445 - INFO - pod     f1        | micro: 0.726115; macro: 0.758912; score: [0.97916667 0.76923077 0.46017699 0.41891892 0.67326733 0.74482759
 1.         0.98461538 0.8       ]

=== 内容从行 452541 开始的 16 行 ===
2025-07-25 09:19:00,640 - INFO - evaluation dataset type: test
2025-07-25 09:19:00,660 - INFO - node    precision | micro: 0.595960; macro: 0.621528; score: [0.85714286 0.5        0.625      0.39285714 0.6875     0.66666667]
2025-07-25 09:19:00,660 - INFO - node    recall    | micro: 0.880597; macro: 0.864418; score: [0.85714286 0.85714286 0.55555556 0.91666667 1.         1.        ]
2025-07-25 09:19:00,660 - INFO - node    f1        | micro: 0.710843; macro: 0.706962; score: [0.85714286 0.63157895 0.58823529 0.55       0.81481481 0.8       ]
2025-07-25 09:19:00,687 - INFO - service precision | micro: 0.709302; macro: 0.742324; score: [1.         1.         0.33333333 0.27777778 0.875      0.78571429
 0.90909091 1.         0.5       ]
2025-07-25 09:19:00,687 - INFO - service recall    | micro: 0.693182; macro: 0.692593; score: [1.         1.         0.3        0.41666667 0.58333333 0.73333333
 1.         1.         0.2       ]
2025-07-25 09:19:00,687 - INFO - service f1        | micro: 0.701149; macro: 0.705093; score: [1.         1.         0.31578947 0.33333333 0.7        0.75862069
 0.95238095 1.         0.28571429]
2025-07-25 09:19:00,761 - INFO - pod     precision | micro: 0.620000; macro: 0.692894; score: [0.97916667 0.75862069 0.37931034 0.32478632 0.72916667 0.51886792
 0.91071429 0.96875    0.66666667]
2025-07-25 09:19:00,761 - INFO - pod     recall    | micro: 0.778539; macro: 0.787516; score: [1.         0.95652174 0.44897959 0.61290323 0.625      0.80882353
 1.         0.96875    0.66666667]
2025-07-25 09:19:00,762 - INFO - pod     f1        | micro: 0.690283; macro: 0.729486; score: [0.98947368 0.84615385 0.41121495 0.42458101 0.67307692 0.63218391
 0.95327103 0.96875    0.66666667]

=== 内容从行 464965 开始的 16 行 ===
2025-07-25 11:39:26,955 - INFO - evaluation dataset type: test
2025-07-25 11:39:26,975 - INFO - node    precision | micro: 0.604167; macro: 0.639733; score: [0.8125     0.375      0.85714286 0.43478261 0.69230769 0.66666667]
2025-07-25 11:39:26,975 - INFO - node    recall    | micro: 0.865672; macro: 0.850649; score: [0.92857143 0.85714286 0.66666667 0.83333333 0.81818182 1.        ]
2025-07-25 11:39:26,975 - INFO - node    f1        | micro: 0.711656; macro: 0.709972; score: [0.86666667 0.52173913 0.75       0.57142857 0.75       0.8       ]
2025-07-25 11:39:27,002 - INFO - service precision | micro: 0.800000; macro: 0.832115; score: [1.         0.81818182 0.6        0.41176471 1.         0.90909091
 1.         1.         0.75      ]
2025-07-25 11:39:27,002 - INFO - service recall    | micro: 0.727273; macro: 0.748148; score: [1.         1.         0.3        0.58333333 0.58333333 0.66666667
 1.         1.         0.6       ]
2025-07-25 11:39:27,002 - INFO - service f1        | micro: 0.761905; macro: 0.772833; score: [1.         0.9        0.4        0.48275862 0.73684211 0.76923077
 1.         1.         0.66666667]
2025-07-25 11:39:27,076 - INFO - pod     precision | micro: 0.661597; macro: 0.728948; score: [0.94       0.77192982 0.41428571 0.33944954 0.80434783 0.63855422
 0.96226415 0.96969697 0.72      ]
2025-07-25 11:39:27,076 - INFO - pod     recall    | micro: 0.794521; macro: 0.805769; score: [1.         0.95652174 0.59183673 0.59677419 0.66071429 0.77941176
 1.         1.         0.66666667]
2025-07-25 11:39:27,076 - INFO - pod     f1        | micro: 0.721992; macro: 0.758750; score: [0.96907216 0.85436893 0.48739496 0.43274854 0.7254902  0.70198675
 0.98076923 0.98461538 0.69230769]

=== 内容从行 487375 开始的 16 行 ===
2025-07-25 15:54:14,935 - INFO - evaluation dataset type: test
2025-07-25 15:54:14,955 - INFO - node    precision | micro: 0.602041; macro: 0.639330; score: [0.85714286 0.35294118 0.75       0.44       0.76923077 0.66666667]
2025-07-25 15:54:14,955 - INFO - node    recall    | micro: 0.880597; macro: 0.867785; score: [0.85714286 0.85714286 0.66666667 0.91666667 0.90909091 1.        ]
2025-07-25 15:54:14,956 - INFO - node    f1        | micro: 0.715152; macro: 0.715159; score: [0.85714286 0.5        0.70588235 0.59459459 0.83333333 0.8       ]
2025-07-25 15:54:14,982 - INFO - service precision | micro: 0.813333; macro: 0.812626; score: [1.         0.9        0.75       0.36363636 0.8        0.9
 1.         1.         0.6       ]
2025-07-25 15:54:14,982 - INFO - service recall    | micro: 0.693182; macro: 0.722222; score: [1.         1.         0.3        0.33333333 0.66666667 0.6
 1.         1.         0.6       ]
2025-07-25 15:54:14,982 - INFO - service f1        | micro: 0.748466; macro: 0.752338; score: [1.         0.94736842 0.42857143 0.34782609 0.72727273 0.72
 1.         1.         0.6       ]
2025-07-25 15:54:15,056 - INFO - pod     precision | micro: 0.649903; macro: 0.690304; score: [0.95918367 0.76271186 0.36065574 0.32894737 0.66071429 0.57894737
 0.98076923 0.96969697 0.61111111]
2025-07-25 15:54:15,057 - INFO - pod     recall    | micro: 0.767123; macro: 0.790535; score: [1.         0.97826087 0.44897959 0.40322581 0.66071429 0.80882353
 1.         1.         0.81481481]
2025-07-25 15:54:15,057 - INFO - pod     f1        | micro: 0.703665; macro: 0.734168; score: [0.97916667 0.85714286 0.4        0.36231884 0.66071429 0.67484663
 0.99029126 0.98461538 0.6984127 ]

=== 内容从行 490700 开始的 16 行 ===
2025-07-25 16:32:10,958 - INFO - evaluation dataset type: test
2025-07-25 16:32:10,977 - INFO - node    precision | micro: 0.603960; macro: 0.617778; score: [0.8125     0.4        0.66666667 0.44       0.6875     0.7       ]
2025-07-25 16:32:10,977 - INFO - node    recall    | micro: 0.910448; macro: 0.894841; score: [0.92857143 0.85714286 0.66666667 0.91666667 1.         1.        ]
2025-07-25 16:32:10,978 - INFO - node    f1        | micro: 0.726190; macro: 0.718621; score: [0.86666667 0.54545455 0.66666667 0.59459459 0.81481481 0.82352941]
2025-07-25 16:32:11,004 - INFO - service precision | micro: 0.784091; macro: 0.814057; score: [1.         0.75       0.625      0.33333333 0.81818182 1.
 1.         1.         0.8       ]
2025-07-25 16:32:11,004 - INFO - service recall    | micro: 0.784091; macro: 0.807407; score: [1.         1.         0.5        0.41666667 0.75       0.8
 1.         1.         0.8       ]
2025-07-25 16:32:11,005 - INFO - service f1        | micro: 0.784091; macro: 0.806063; score: [1.         0.85714286 0.55555556 0.37037037 0.7826087  0.88888889
 1.         1.         0.8       ]
2025-07-25 16:32:11,078 - INFO - pod     precision | micro: 0.619130; macro: 0.673320; score: [0.90384615 0.67164179 0.45588235 0.32       0.71186441 0.52336449
 0.89473684 0.88888889 0.68965517]
2025-07-25 16:32:11,078 - INFO - pod     recall    | micro: 0.812785; macro: 0.826813; score: [1.         0.97826087 0.63265306 0.51612903 0.75       0.82352941
 1.         1.         0.74074074]
2025-07-25 16:32:11,079 - INFO - pod     f1        | micro: 0.702863; macro: 0.737919; score: [0.94949495 0.79646018 0.52991453 0.39506173 0.73043478 0.64
 0.94444444 0.94117647 0.71428571]

=== 内容从行 503958 开始的 16 行 ===
2025-07-25 19:02:55,655 - INFO - evaluation dataset type: test
2025-07-25 19:02:55,675 - INFO - node    precision | micro: 0.601942; macro: 0.622586; score: [0.82352941 0.35294118 0.66666667 0.44       0.78571429 0.66666667]
2025-07-25 19:02:55,675 - INFO - node    recall    | micro: 0.925373; macro: 0.906746; score: [1.         0.85714286 0.66666667 0.91666667 1.         1.        ]
2025-07-25 19:02:55,675 - INFO - node    f1        | micro: 0.729412; macro: 0.724081; score: [0.90322581 0.5        0.66666667 0.59459459 0.88       0.8       ]
2025-07-25 19:02:55,702 - INFO - service precision | micro: 0.741573; macro: 0.783025; score: [1.         0.9        0.55555556 0.375      0.66666667 0.75
 1.         1.         0.8       ]
2025-07-25 19:02:55,702 - INFO - service recall    | micro: 0.750000; macro: 0.785185; score: [1.         1.         0.5        0.5        0.66666667 0.6
 1.         1.         0.8       ]
2025-07-25 19:02:55,702 - INFO - service f1        | micro: 0.745763; macro: 0.781732; score: [1.         0.94736842 0.52631579 0.42857143 0.66666667 0.66666667
 1.         1.         0.8       ]
2025-07-25 19:02:55,776 - INFO - pod     precision | micro: 0.596346; macro: 0.689612; score: [0.94       0.703125   0.36046512 0.27692308 0.67213115 0.5625
 0.96226415 0.91428571 0.81481481]
2025-07-25 19:02:55,776 - INFO - pod     recall    | micro: 0.819635; macro: 0.836959; score: [1.         0.97826087 0.63265306 0.58064516 0.73214286 0.79411765
 1.         1.         0.81481481]
2025-07-25 19:02:55,777 - INFO - pod     f1        | micro: 0.690385; macro: 0.747968; score: [0.96907216 0.81818182 0.45925926 0.375      0.7008547  0.65853659
 0.98076923 0.95522388 0.81481481]

=== 内容从行 505600 开始的 16 行 ===
2025-07-25 19:21:44,651 - INFO - evaluation dataset type: test
2025-07-25 19:21:44,673 - INFO - node    precision | micro: 0.598039; macro: 0.624976; score: [0.77777778 0.4        0.75       0.4        0.78571429 0.63636364]
2025-07-25 19:21:44,673 - INFO - node    recall    | micro: 0.910448; macro: 0.892857; score: [1.         0.85714286 0.66666667 0.83333333 1.         1.        ]
2025-07-25 19:21:44,674 - INFO - node    f1        | micro: 0.721893; macro: 0.720776; score: [0.875      0.54545455 0.70588235 0.54054054 0.88       0.77777778]
2025-07-25 19:21:44,700 - INFO - service precision | micro: 0.695652; macro: 0.733025; score: [1.         0.75       0.625      0.5        0.77777778 0.44444444
 1.         1.         0.5       ]
2025-07-25 19:21:44,701 - INFO - service recall    | micro: 0.727273; macro: 0.755556; score: [1.         1.         0.5        0.58333333 0.58333333 0.53333333
 1.         1.         0.6       ]
2025-07-25 19:21:44,701 - INFO - service f1        | micro: 0.711111; macro: 0.738681; score: [1.         0.85714286 0.55555556 0.53846154 0.66666667 0.48484848
 1.         1.         0.54545455]
2025-07-25 19:21:44,775 - INFO - pod     precision | micro: 0.620141; macro: 0.678865; score: [0.94       0.73770492 0.45945946 0.36111111 0.55714286 0.46280992
 0.94444444 0.96969697 0.67741935]
2025-07-25 19:21:44,775 - INFO - pod     recall    | micro: 0.801370; macro: 0.821025; score: [1.         0.97826087 0.69387755 0.41935484 0.69642857 0.82352941
 1.         1.         0.77777778]
2025-07-25 19:21:44,775 - INFO - pod     f1        | micro: 0.699203; macro: 0.738102; score: [0.96907216 0.8411215  0.55284553 0.3880597  0.61904762 0.59259259
 0.97142857 0.98461538 0.72413793]

=== 内容从行 508923 开始的 16 行 ===
2025-07-25 19:59:29,404 - INFO - evaluation dataset type: test
2025-07-25 19:59:29,425 - INFO - node    precision | micro: 0.603960; macro: 0.619514; score: [0.76470588 0.375      0.66666667 0.45833333 0.78571429 0.66666667]
2025-07-25 19:59:29,425 - INFO - node    recall    | micro: 0.910448; macro: 0.894841; score: [0.92857143 0.85714286 0.66666667 0.91666667 1.         1.        ]
2025-07-25 19:59:29,425 - INFO - node    f1        | micro: 0.726190; macro: 0.719704; score: [0.83870968 0.52173913 0.66666667 0.61111111 0.88       0.8       ]
2025-07-25 19:59:29,452 - INFO - service precision | micro: 0.705882; macro: 0.734330; score: [1.         0.69230769 0.41666667 0.5        0.8        0.7
 1.         1.         0.5       ]
2025-07-25 19:59:29,452 - INFO - service recall    | micro: 0.681818; macro: 0.707407; score: [1.         1.         0.5        0.66666667 0.33333333 0.46666667
 1.         1.         0.4       ]
2025-07-25 19:59:29,452 - INFO - service f1        | micro: 0.693642; macro: 0.702132; score: [1.         0.81818182 0.45454545 0.57142857 0.47058824 0.56
 1.         1.         0.44444444]
2025-07-25 19:59:29,530 - INFO - pod     precision | micro: 0.585691; macro: 0.707531; score: [0.97916667 0.77192982 0.31182796 0.26490066 0.71698113 0.58823529
 0.89473684 1.         0.84      ]
2025-07-25 19:59:29,530 - INFO - pod     recall    | micro: 0.803653; macro: 0.820574; score: [1.         0.95652174 0.59183673 0.64516129 0.67857143 0.73529412
 1.         1.         0.77777778]
2025-07-25 19:59:29,530 - INFO - pod     f1        | micro: 0.677575; macro: 0.747873; score: [0.98947368 0.85436893 0.4084507  0.37558685 0.69724771 0.65359477
 0.94444444 1.         0.80769231]

=== 内容从行 516396 开始的 16 行 ===
2025-07-25 21:24:16,127 - INFO - evaluation dataset type: test
2025-07-25 21:24:16,147 - INFO - node    precision | micro: 0.596154; macro: 0.636560; score: [0.82352941 0.33333333 0.875      0.4        0.6875     0.7       ]
2025-07-25 21:24:16,147 - INFO - node    recall    | micro: 0.925373; macro: 0.911376; score: [1.         0.85714286 0.77777778 0.83333333 1.         1.        ]
2025-07-25 21:24:16,147 - INFO - node    f1        | micro: 0.725146; macro: 0.730940; score: [0.90322581 0.48       0.82352941 0.54054054 0.81481481 0.82352941]
2025-07-25 21:24:16,175 - INFO - service precision | micro: 0.726190; macro: 0.757848; score: [1.         0.81818182 0.66666667 0.29411765 0.875      0.66666667
 1.         1.         0.5       ]
2025-07-25 21:24:16,175 - INFO - service recall    | micro: 0.693182; macro: 0.703704; score: [1.         1.         0.6        0.41666667 0.58333333 0.53333333
 1.         1.         0.2       ]
2025-07-25 21:24:16,175 - INFO - service f1        | micro: 0.709302; macro: 0.717190; score: [1.         0.9        0.63157895 0.34482759 0.7        0.59259259
 1.         1.         0.28571429]
2025-07-25 21:24:16,250 - INFO - pod     precision | micro: 0.663569; macro: 0.724660; score: [1.         0.80357143 0.48       0.34065934 0.61016949 0.59139785
 0.98076923 0.94117647 0.77419355]
2025-07-25 21:24:16,250 - INFO - pod     recall    | micro: 0.815068; macro: 0.839280; score: [1.         0.97826087 0.73469388 0.5        0.64285714 0.80882353
 1.         1.         0.88888889]
2025-07-25 21:24:16,250 - INFO - pod     f1        | micro: 0.731557; macro: 0.773902; score: [1.         0.88235294 0.58064516 0.40522876 0.62608696 0.68322981
 0.99029126 0.96969697 0.82758621]

=== 内容从行 519720 开始的 16 行 ===
2025-07-25 22:01:59,429 - INFO - evaluation dataset type: test
2025-07-25 22:01:59,449 - INFO - node    precision | micro: 0.598039; macro: 0.618129; score: [0.76470588 0.35294118 0.7        0.44       0.71428571 0.73684211]
2025-07-25 22:01:59,449 - INFO - node    recall    | micro: 0.910448; macro: 0.898208; score: [0.92857143 0.85714286 0.77777778 0.91666667 0.90909091 1.        ]
2025-07-25 22:01:59,449 - INFO - node    f1        | micro: 0.721893; macro: 0.719772; score: [0.83870968 0.5        0.73684211 0.59459459 0.8        0.84848485]
2025-07-25 22:01:59,476 - INFO - service precision | micro: 0.756098; macro: 0.786897; score: [1.         0.81818182 0.5        0.33333333 0.88888889 0.875
 1.         1.         0.66666667]
2025-07-25 22:01:59,476 - INFO - service recall    | micro: 0.704545; macro: 0.750000; score: [1.         1.         0.4        0.41666667 0.66666667 0.46666667
 1.         1.         0.8       ]
2025-07-25 22:01:59,476 - INFO - service f1        | micro: 0.729412; macro: 0.756965; score: [1.         0.9        0.44444444 0.37037037 0.76190476 0.60869565
 1.         1.         0.72727273]
2025-07-25 22:01:59,552 - INFO - pod     precision | micro: 0.635063; macro: 0.721042; score: [1.         0.7962963  0.38666667 0.31578947 0.75925926 0.54
 0.96226415 0.91428571 0.81481481]
2025-07-25 22:01:59,552 - INFO - pod     recall    | micro: 0.810502; macro: 0.827593; score: [1.         0.93478261 0.59183673 0.58064516 0.73214286 0.79411765
 1.         1.         0.81481481]
2025-07-25 22:01:59,552 - INFO - pod     f1        | micro: 0.712136; macro: 0.763995; score: [1.         0.86       0.46774194 0.40909091 0.74545455 0.64285714
 0.98076923 0.95522388 0.81481481]

=== 内容从行 520552 开始的 16 行 ===
2025-07-25 22:11:23,789 - INFO - evaluation dataset type: test
2025-07-25 22:11:23,811 - INFO - node    precision | micro: 0.596154; macro: 0.623483; score: [0.8125     0.35294118 0.7        0.42307692 0.78571429 0.66666667]
2025-07-25 22:11:23,811 - INFO - node    recall    | micro: 0.925373; macro: 0.913360; score: [0.92857143 0.85714286 0.77777778 0.91666667 1.         1.        ]
2025-07-25 22:11:23,811 - INFO - node    f1        | micro: 0.725146; macro: 0.727076; score: [0.86666667 0.5        0.73684211 0.57894737 0.88       0.8       ]
2025-07-25 22:11:23,839 - INFO - service precision | micro: 0.623656; macro: 0.645277; score: [0.64285714 0.69230769 0.625      0.26666667 0.83333333 0.58823529
 0.90909091 1.         0.25      ]
2025-07-25 22:11:23,839 - INFO - service recall    | micro: 0.659091; macro: 0.661111; score: [1.         1.         0.5        0.33333333 0.41666667 0.66666667
 1.         0.83333333 0.2       ]
2025-07-25 22:11:23,839 - INFO - service f1        | micro: 0.640884; macro: 0.635210; score: [0.7826087  0.81818182 0.55555556 0.2962963  0.55555556 0.625
 0.95238095 0.90909091 0.22222222]
2025-07-25 22:11:23,917 - INFO - pod     precision | micro: 0.650735; macro: 0.717855; score: [1.         0.77192982 0.34065934 0.38961039 0.70175439 0.56565657
 0.98076923 0.88888889 0.82142857]
2025-07-25 22:11:23,917 - INFO - pod     recall    | micro: 0.808219; macro: 0.829190; score: [1.         0.95652174 0.63265306 0.48387097 0.71428571 0.82352941
 1.         1.         0.85185185]
2025-07-25 22:11:23,917 - INFO - pod     f1        | micro: 0.720978; macro: 0.763926; score: [1.         0.85436893 0.44285714 0.43165468 0.7079646  0.67065868
 0.99029126 0.94117647 0.83636364]

=== 内容从行 523872 开始的 16 行 ===
2025-07-25 22:48:58,984 - INFO - evaluation dataset type: test
2025-07-25 22:48:59,004 - INFO - node    precision | micro: 0.602041; macro: 0.642038; score: [0.92307692 0.33333333 0.66666667 0.42307692 0.76923077 0.73684211]
2025-07-25 22:48:59,004 - INFO - node    recall    | micro: 0.880597; macro: 0.867785; score: [0.85714286 0.85714286 0.66666667 0.91666667 0.90909091 1.        ]
2025-07-25 22:48:59,004 - INFO - node    f1        | micro: 0.715152; macro: 0.716054; score: [0.88888889 0.48       0.66666667 0.57894737 0.83333333 0.84848485]
2025-07-25 22:48:59,032 - INFO - service precision | micro: 0.663043; macro: 0.711672; score: [1.         0.9        0.5        0.27777778 0.72727273 0.5
 1.         1.         0.5       ]
2025-07-25 22:48:59,032 - INFO - service recall    | micro: 0.693182; macro: 0.712963; score: [1.         1.         0.4        0.41666667 0.66666667 0.53333333
 1.         1.         0.4       ]
2025-07-25 22:48:59,032 - INFO - service f1        | micro: 0.677778; macro: 0.709041; score: [1.         0.94736842 0.44444444 0.33333333 0.69565217 0.51612903
 1.         1.         0.44444444]
2025-07-25 22:48:59,111 - INFO - pod     precision | micro: 0.624779; macro: 0.692979; score: [0.95918367 0.70967742 0.37837838 0.31067961 0.58108108 0.6091954
 0.98076923 0.94117647 0.76666667]
2025-07-25 22:48:59,111 - INFO - pod     recall    | micro: 0.805936; macro: 0.827022; score: [1.         0.95652174 0.57142857 0.51612903 0.76785714 0.77941176
 1.         1.         0.85185185]
2025-07-25 22:48:59,111 - INFO - pod     f1        | micro: 0.703888; macro: 0.749951; score: [0.97916667 0.81481481 0.45528455 0.38787879 0.66153846 0.68387097
 0.99029126 0.96969697 0.80701754]

=== 内容从行 530517 开始的 16 行 ===
2025-07-26 00:04:36,556 - INFO - evaluation dataset type: test
2025-07-26 00:04:36,576 - INFO - node    precision | micro: 0.603960; macro: 0.619514; score: [0.76470588 0.375      0.66666667 0.45833333 0.78571429 0.66666667]
2025-07-26 00:04:36,577 - INFO - node    recall    | micro: 0.910448; macro: 0.894841; score: [0.92857143 0.85714286 0.66666667 0.91666667 1.         1.        ]
2025-07-26 00:04:36,577 - INFO - node    f1        | micro: 0.726190; macro: 0.719704; score: [0.83870968 0.52173913 0.66666667 0.61111111 0.88       0.8       ]
2025-07-26 00:04:36,603 - INFO - service precision | micro: 0.705882; macro: 0.734330; score: [1.         0.69230769 0.41666667 0.5        0.8        0.7
 1.         1.         0.5       ]
2025-07-26 00:04:36,604 - INFO - service recall    | micro: 0.681818; macro: 0.707407; score: [1.         1.         0.5        0.66666667 0.33333333 0.46666667
 1.         1.         0.4       ]
2025-07-26 00:04:36,604 - INFO - service f1        | micro: 0.693642; macro: 0.702132; score: [1.         0.81818182 0.45454545 0.57142857 0.47058824 0.56
 1.         1.         0.44444444]
2025-07-26 00:04:36,680 - INFO - pod     precision | micro: 0.585691; macro: 0.707531; score: [0.97916667 0.77192982 0.31182796 0.26490066 0.71698113 0.58823529
 0.89473684 1.         0.84      ]
2025-07-26 00:04:36,680 - INFO - pod     recall    | micro: 0.803653; macro: 0.820574; score: [1.         0.95652174 0.59183673 0.64516129 0.67857143 0.73529412
 1.         1.         0.77777778]
2025-07-26 00:04:36,680 - INFO - pod     f1        | micro: 0.677575; macro: 0.747873; score: [0.98947368 0.85436893 0.4084507  0.37558685 0.69724771 0.65359477
 0.94444444 1.         0.80769231]

=== 内容从行 537990 开始的 16 行 ===
2025-07-26 01:29:24,894 - INFO - evaluation dataset type: test
2025-07-26 01:29:24,913 - INFO - node    precision | micro: 0.596154; macro: 0.636560; score: [0.82352941 0.33333333 0.875      0.4        0.6875     0.7       ]
2025-07-26 01:29:24,913 - INFO - node    recall    | micro: 0.925373; macro: 0.911376; score: [1.         0.85714286 0.77777778 0.83333333 1.         1.        ]
2025-07-26 01:29:24,914 - INFO - node    f1        | micro: 0.725146; macro: 0.730940; score: [0.90322581 0.48       0.82352941 0.54054054 0.81481481 0.82352941]
2025-07-26 01:29:24,940 - INFO - service precision | micro: 0.726190; macro: 0.757848; score: [1.         0.81818182 0.66666667 0.29411765 0.875      0.66666667
 1.         1.         0.5       ]
2025-07-26 01:29:24,940 - INFO - service recall    | micro: 0.693182; macro: 0.703704; score: [1.         1.         0.6        0.41666667 0.58333333 0.53333333
 1.         1.         0.2       ]
2025-07-26 01:29:24,941 - INFO - service f1        | micro: 0.709302; macro: 0.717190; score: [1.         0.9        0.63157895 0.34482759 0.7        0.59259259
 1.         1.         0.28571429]
2025-07-26 01:29:25,019 - INFO - pod     precision | micro: 0.663569; macro: 0.724660; score: [1.         0.80357143 0.48       0.34065934 0.61016949 0.59139785
 0.98076923 0.94117647 0.77419355]
2025-07-26 01:29:25,019 - INFO - pod     recall    | micro: 0.815068; macro: 0.839280; score: [1.         0.97826087 0.73469388 0.5        0.64285714 0.80882353
 1.         1.         0.88888889]
2025-07-26 01:29:25,019 - INFO - pod     f1        | micro: 0.731557; macro: 0.773902; score: [1.         0.88235294 0.58064516 0.40522876 0.62608696 0.68322981
 0.99029126 0.96969697 0.82758621]

=== 内容从行 549558 开始的 16 行 ===
2025-07-26 03:40:51,634 - INFO - evaluation dataset type: test
2025-07-26 03:40:51,654 - INFO - node    precision | micro: 0.603960; macro: 0.631677; score: [0.8125     0.375      0.66666667 0.42307692 0.84615385 0.66666667]
2025-07-26 03:40:51,654 - INFO - node    recall    | micro: 0.910448; macro: 0.894841; score: [0.92857143 0.85714286 0.66666667 0.91666667 1.         1.        ]
2025-07-26 03:40:51,654 - INFO - node    f1        | micro: 0.726190; macro: 0.725114; score: [0.86666667 0.52173913 0.66666667 0.57894737 0.91666667 0.8       ]
2025-07-26 03:40:51,682 - INFO - service precision | micro: 0.706522; macro: 0.765700; score: [0.9        0.81818182 0.41666667 0.23529412 0.875      0.84615385
 1.         1.         0.8       ]
2025-07-26 03:40:51,683 - INFO - service recall    | micro: 0.738636; macro: 0.772222; score: [1.         1.         0.5        0.33333333 0.58333333 0.73333333
 1.         1.         0.8       ]
2025-07-26 03:40:51,683 - INFO - service f1        | micro: 0.722222; macro: 0.762610; score: [0.94736842 0.9        0.45454545 0.27586207 0.7        0.78571429
 1.         1.         0.8       ]
2025-07-26 03:40:51,757 - INFO - pod     precision | micro: 0.645161; macro: 0.689029; score: [0.90384615 0.72580645 0.43396226 0.32183908 0.74509804 0.54545455
 0.94444444 0.96969697 0.61111111]
2025-07-26 03:40:51,757 - INFO - pod     recall    | micro: 0.776256; macro: 0.798529; score: [1.         0.97826087 0.46938776 0.4516129  0.67857143 0.79411765
 1.         1.         0.81481481]
2025-07-26 03:40:51,757 - INFO - pod     f1        | micro: 0.704663; macro: 0.735677; score: [0.94949495 0.83333333 0.45098039 0.37583893 0.71028037 0.64670659
 0.97142857 0.98461538 0.6984127 ]

=== 内容从行 9902 开始的 16 行 ===
2025-07-21 21:42:20,446 - INFO - evaluation dataset type: test
2025-07-21 21:42:20,466 - INFO - node    precision | micro: 0.610000; macro: 0.651517; score: [0.77777778 0.375      0.85714286 0.41666667 0.84615385 0.63636364]
2025-07-21 21:42:20,466 - INFO - node    recall    | micro: 0.910448; macro: 0.892857; score: [1.         0.85714286 0.66666667 0.83333333 1.         1.        ]
2025-07-21 21:42:20,466 - INFO - node    f1        | micro: 0.730539; macro: 0.732790; score: [0.875      0.52173913 0.75       0.55555556 0.91666667 0.77777778]
2025-07-21 21:42:20,493 - INFO - service precision | micro: 0.707865; macro: 0.760173; score: [1.         0.81818182 0.4        0.33333333 1.         0.71428571
 0.90909091 1.         0.66666667]
2025-07-21 21:42:20,493 - INFO - service recall    | micro: 0.715909; macro: 0.727778; score: [1.         1.         0.4        0.5        0.58333333 0.66666667
 1.         1.         0.4       ]
2025-07-21 21:42:20,493 - INFO - service f1        | micro: 0.711864; macro: 0.730986; score: [1.         0.9        0.4        0.4        0.73684211 0.68965517
 0.95238095 1.         0.5       ]
2025-07-21 21:42:20,567 - INFO - pod     precision | micro: 0.626394; macro: 0.724880; score: [0.94       0.9        0.32432432 0.27659574 0.88095238 0.47008547
 0.96226415 0.96969697 0.8       ]
2025-07-21 21:42:20,567 - INFO - pod     recall    | micro: 0.769406; macro: 0.788632; score: [1.         0.97826087 0.48979592 0.41935484 0.66071429 0.80882353
 1.         1.         0.74074074]
2025-07-21 21:42:20,567 - INFO - pod     f1        | micro: 0.690574; macro: 0.746051; score: [0.96907216 0.9375     0.3902439  0.33333333 0.75510204 0.59459459
 0.98076923 0.98461538 0.76923077]

=== 内容从行 19034 开始的 16 行 ===
2025-07-21 23:25:06,435 - INFO - evaluation dataset type: test
2025-07-21 23:25:06,458 - INFO - node    precision | micro: 0.612245; macro: 0.654248; score: [0.70588235 0.35294118 0.875      0.45833333 0.83333333 0.7       ]
2025-07-21 23:25:06,458 - INFO - node    recall    | micro: 0.895522; macro: 0.886304; score: [0.85714286 0.85714286 0.77777778 0.91666667 0.90909091 1.        ]
2025-07-21 23:25:06,458 - INFO - node    f1        | micro: 0.727273; macro: 0.733655; score: [0.77419355 0.5        0.82352941 0.61111111 0.86956522 0.82352941]
2025-07-21 23:25:06,485 - INFO - service precision | micro: 0.607477; macro: 0.683765; score: [1.         0.69230769 0.27272727 0.28571429 0.875      0.78571429
 0.90909091 1.         0.33333333]
2025-07-21 23:25:06,485 - INFO - service recall    | micro: 0.738636; macro: 0.735185; score: [1.         1.         0.6        0.5        0.58333333 0.73333333
 1.         1.         0.2       ]
2025-07-21 23:25:06,485 - INFO - service f1        | micro: 0.666667; macro: 0.690869; score: [1.         0.81818182 0.375      0.36363636 0.7        0.75862069
 0.95238095 1.         0.25      ]
2025-07-21 23:25:06,560 - INFO - pod     precision | micro: 0.550225; macro: 0.639400; score: [0.87037037 0.66153846 0.3        0.30232558 0.6557377  0.50877193
 0.91071429 0.88888889 0.65625   ]
2025-07-21 23:25:06,561 - INFO - pod     recall    | micro: 0.837900; macro: 0.849279; score: [1.         0.93478261 0.73469388 0.62903226 0.71428571 0.85294118
 1.         1.         0.77777778]
2025-07-21 23:25:06,561 - INFO - pod     f1        | micro: 0.664253; macro: 0.718591; score: [0.93069307 0.77477477 0.4260355  0.40837696 0.68376068 0.63736264
 0.95327103 0.94117647 0.71186441]

=== 内容从行 22355 开始的 16 行 ===
2025-07-22 00:02:19,415 - INFO - evaluation dataset type: test
2025-07-22 00:02:19,435 - INFO - node    precision | micro: 0.610000; macro: 0.641696; score: [0.82352941 0.5        0.7        0.38461538 0.83333333 0.60869565]
2025-07-22 00:02:19,435 - INFO - node    recall    | micro: 0.910448; macro: 0.896224; score: [1.         0.85714286 0.77777778 0.83333333 0.90909091 1.        ]
2025-07-22 00:02:19,435 - INFO - node    f1        | micro: 0.730539; macro: 0.737381; score: [0.90322581 0.63157895 0.73684211 0.52631579 0.86956522 0.75675676]
2025-07-22 00:02:19,461 - INFO - service precision | micro: 0.737500; macro: 0.775525; score: [1.         0.9        0.28571429 0.38888889 0.85714286 0.88888889
 0.90909091 1.         0.75      ]
2025-07-22 00:02:19,461 - INFO - service recall    | micro: 0.670455; macro: 0.694444; score: [1.         1.         0.2        0.58333333 0.5        0.53333333
 1.         0.83333333 0.6       ]
2025-07-22 00:02:19,462 - INFO - service f1        | micro: 0.702381; macro: 0.719524; score: [1.         0.94736842 0.23529412 0.46666667 0.63157895 0.66666667
 0.95238095 0.90909091 0.66666667]
2025-07-22 00:02:19,535 - INFO - pod     precision | micro: 0.638418; macro: 0.685215; score: [0.85454545 0.59210526 0.4        0.3125     0.79591837 0.65789474
 0.96226415 0.91428571 0.67741935]
2025-07-22 00:02:19,536 - INFO - pod     recall    | micro: 0.773973; macro: 0.795714; score: [1.         0.97826087 0.48979592 0.48387097 0.69642857 0.73529412
 1.         1.         0.77777778]
2025-07-22 00:02:19,536 - INFO - pod     f1        | micro: 0.699690; macro: 0.730758; score: [0.92156863 0.73770492 0.44036697 0.37974684 0.74285714 0.69444444
 0.98076923 0.95522388 0.72413793]

=== 内容从行 27326 开始的 16 行 ===
2025-07-22 00:58:20,652 - INFO - evaluation dataset type: test
2025-07-22 00:58:20,672 - INFO - node    precision | micro: 0.611650; macro: 0.638187; score: [0.82352941 0.4        0.7        0.42307692 0.84615385 0.63636364]
2025-07-22 00:58:20,672 - INFO - node    recall    | micro: 0.940299; macro: 0.925265; score: [1.         0.85714286 0.77777778 0.91666667 1.         1.        ]
2025-07-22 00:58:20,672 - INFO - node    f1        | micro: 0.741176; macro: 0.743152; score: [0.90322581 0.54545455 0.73684211 0.57894737 0.91666667 0.77777778]
2025-07-22 00:58:20,699 - INFO - service precision | micro: 0.743902; macro: 0.770789; score: [1.         0.9        0.6        0.35714286 0.85714286 0.64705882
 0.90909091 1.         0.66666667]
2025-07-22 00:58:20,699 - INFO - service recall    | micro: 0.693182; macro: 0.705556; score: [1.         1.         0.3        0.41666667 0.5        0.73333333
 1.         1.         0.4       ]
2025-07-22 00:58:20,699 - INFO - service f1        | micro: 0.717647; macro: 0.722605; score: [1.         0.94736842 0.4        0.38461538 0.63157895 0.6875
 0.95238095 1.         0.5       ]
2025-07-22 00:58:20,773 - INFO - pod     precision | micro: 0.647860; macro: 0.716267; score: [0.95918367 0.86538462 0.42105263 0.33333333 0.63636364 0.49090909
 0.98076923 0.96774194 0.79166667]
2025-07-22 00:58:20,773 - INFO - pod     recall    | micro: 0.760274; macro: 0.775555; score: [1.         0.97826087 0.48979592 0.4516129  0.625      0.79411765
 1.         0.9375     0.7037037 ]
2025-07-22 00:58:20,773 - INFO - pod     f1        | micro: 0.699580; macro: 0.739896; score: [0.97916667 0.91836735 0.45283019 0.38356164 0.63063063 0.60674157
 0.99029126 0.95238095 0.74509804]

=== 内容从行 28156 开始的 16 行 ===
2025-07-22 01:07:42,352 - INFO - evaluation dataset type: test
2025-07-22 01:07:42,372 - INFO - node    precision | micro: 0.605769; macro: 0.637586; score: [0.73684211 0.375      0.77777778 0.42307692 0.84615385 0.66666667]
2025-07-22 01:07:42,372 - INFO - node    recall    | micro: 0.940299; macro: 0.925265; score: [1.         0.85714286 0.77777778 0.91666667 1.         1.        ]
2025-07-22 01:07:42,372 - INFO - node    f1        | micro: 0.736842; macro: 0.740603; score: [0.84848485 0.52173913 0.77777778 0.57894737 0.91666667 0.8       ]
2025-07-22 01:07:42,399 - INFO - service precision | micro: 0.776471; macro: 0.813858; score: [0.9        0.9        0.5        0.42857143 1.         0.84615385
 1.         1.         0.75      ]
2025-07-22 01:07:42,399 - INFO - service recall    | micro: 0.750000; macro: 0.770370; score: [1.         1.         0.6        0.5        0.5        0.73333333
 1.         1.         0.6       ]
2025-07-22 01:07:42,399 - INFO - service f1        | micro: 0.763006; macro: 0.780086; score: [0.94736842 0.94736842 0.54545455 0.46153846 0.66666667 0.78571429
 1.         1.         0.66666667]
2025-07-22 01:07:42,473 - INFO - pod     precision | micro: 0.638258; macro: 0.706292; score: [0.85454545 0.9375     0.29230769 0.35365854 0.78       0.48672566
 0.91071429 0.94117647 0.8       ]
2025-07-22 01:07:42,473 - INFO - pod     recall    | micro: 0.769406; macro: 0.786639; score: [1.         0.97826087 0.3877551  0.46774194 0.69642857 0.80882353
 1.         1.         0.74074074]
2025-07-22 01:07:42,473 - INFO - pod     f1        | micro: 0.697723; macro: 0.738990; score: [0.92156863 0.95744681 0.33333333 0.40277778 0.73584906 0.60773481
 0.95327103 0.96969697 0.76923077]

=== 内容从行 38101 开始的 16 行 ===
2025-07-22 02:59:53,953 - INFO - evaluation dataset type: test
2025-07-22 02:59:53,973 - INFO - node    precision | micro: 0.606061; macro: 0.647242; score: [0.8        0.42857143 0.77777778 0.40740741 0.83333333 0.63636364]
2025-07-22 02:59:53,973 - INFO - node    recall    | micro: 0.895522; macro: 0.886304; score: [0.85714286 0.85714286 0.77777778 0.91666667 0.90909091 1.        ]
2025-07-22 02:59:53,973 - INFO - node    f1        | micro: 0.722892; macro: 0.731373; score: [0.82758621 0.57142857 0.77777778 0.56410256 0.86956522 0.77777778]
2025-07-22 02:59:54,001 - INFO - service precision | micro: 0.741176; macro: 0.780177; score: [1.         0.9        0.66666667 0.3125     0.75       0.73333333
 0.90909091 1.         0.75      ]
2025-07-22 02:59:54,002 - INFO - service recall    | micro: 0.715909; macro: 0.738889; score: [1.         1.         0.4        0.41666667 0.5        0.73333333
 1.         1.         0.6       ]
2025-07-22 02:59:54,002 - INFO - service f1        | micro: 0.728324; macro: 0.750766; score: [1.         0.94736842 0.5        0.35714286 0.6        0.73333333
 0.95238095 1.         0.66666667]
2025-07-22 02:59:54,076 - INFO - pod     precision | micro: 0.626617; macro: 0.704360; score: [0.94       0.78571429 0.35185185 0.33333333 0.66071429 0.49107143
 0.98076923 0.96969697 0.82608696]
2025-07-22 02:59:54,076 - INFO - pod     recall    | micro: 0.773973; macro: 0.786893; score: [1.         0.95652174 0.3877551  0.56451613 0.66071429 0.80882353
 1.         1.         0.7037037 ]
2025-07-22 02:59:54,076 - INFO - pod     f1        | micro: 0.692543; macro: 0.736294; score: [0.96907216 0.8627451  0.36893204 0.41916168 0.66071429 0.61111111
 0.99029126 0.98461538 0.76      ]

=== 内容从行 39761 开始的 16 行 ===
2025-07-22 03:18:31,168 - INFO - evaluation dataset type: test
2025-07-22 03:18:31,188 - INFO - node    precision | micro: 0.611650; macro: 0.627714; score: [0.875      0.4        0.53846154 0.44       0.84615385 0.66666667]
2025-07-22 03:18:31,188 - INFO - node    recall    | micro: 0.940299; macro: 0.925265; score: [1.         0.85714286 0.77777778 0.91666667 1.         1.        ]
2025-07-22 03:18:31,189 - INFO - node    f1        | micro: 0.741176; macro: 0.737735; score: [0.93333333 0.54545455 0.63636364 0.59459459 0.91666667 0.8       ]
2025-07-22 03:18:31,215 - INFO - service precision | micro: 0.636364; macro: 0.708536; score: [1.         0.81818182 0.33333333 0.31578947 0.64285714 0.6
 1.         1.         0.66666667]
2025-07-22 03:18:31,215 - INFO - service recall    | micro: 0.795455; macro: 0.816667; score: [1.   1.   0.5  0.5  0.75 0.8  1.   1.   0.8 ]
2025-07-22 03:18:31,216 - INFO - service f1        | micro: 0.707071; macro: 0.754710; score: [1.         0.9        0.4        0.38709677 0.69230769 0.68571429
 1.         1.         0.72727273]
2025-07-22 03:18:31,290 - INFO - pod     precision | micro: 0.598949; macro: 0.666898; score: [0.94       0.78571429 0.29032258 0.35365854 0.5942029  0.50485437
 0.92727273 0.93939394 0.66666667]
2025-07-22 03:18:31,290 - INFO - pod     recall    | micro: 0.780822; macro: 0.797958; score: [1.         0.95652174 0.55102041 0.46774194 0.73214286 0.76470588
 1.         0.96875    0.74074074]
2025-07-22 03:18:31,290 - INFO - pod     f1        | micro: 0.677899; macro: 0.721881; score: [0.96907216 0.8627451  0.38028169 0.40277778 0.656      0.60818713
 0.96226415 0.95384615 0.70175439]
2025-07-22 03:18:31,290 - INFO - ----------

=== 内容从行 41422 开始的 16 行 ===
2025-07-22 03:37:14,327 - INFO - evaluation dataset type: test
2025-07-22 03:37:14,347 - INFO - node    precision | micro: 0.611650; macro: 0.627714; score: [0.875      0.4        0.53846154 0.44       0.84615385 0.66666667]
2025-07-22 03:37:14,347 - INFO - node    recall    | micro: 0.940299; macro: 0.925265; score: [1.         0.85714286 0.77777778 0.91666667 1.         1.        ]
2025-07-22 03:37:14,347 - INFO - node    f1        | micro: 0.741176; macro: 0.737735; score: [0.93333333 0.54545455 0.63636364 0.59459459 0.91666667 0.8       ]
2025-07-22 03:37:14,375 - INFO - service precision | micro: 0.636364; macro: 0.708536; score: [1.         0.81818182 0.33333333 0.31578947 0.64285714 0.6
 1.         1.         0.66666667]
2025-07-22 03:37:14,375 - INFO - service recall    | micro: 0.795455; macro: 0.816667; score: [1.   1.   0.5  0.5  0.75 0.8  1.   1.   0.8 ]
2025-07-22 03:37:14,375 - INFO - service f1        | micro: 0.707071; macro: 0.754710; score: [1.         0.9        0.4        0.38709677 0.69230769 0.68571429
 1.         1.         0.72727273]
2025-07-22 03:37:14,449 - INFO - pod     precision | micro: 0.598949; macro: 0.666898; score: [0.94       0.78571429 0.29032258 0.35365854 0.5942029  0.50485437
 0.92727273 0.93939394 0.66666667]
2025-07-22 03:37:14,450 - INFO - pod     recall    | micro: 0.780822; macro: 0.797958; score: [1.         0.95652174 0.55102041 0.46774194 0.73214286 0.76470588
 1.         0.96875    0.74074074]
2025-07-22 03:37:14,450 - INFO - pod     f1        | micro: 0.677899; macro: 0.721881; score: [0.96907216 0.8627451  0.38028169 0.40277778 0.656      0.60818713
 0.96226415 0.95384615 0.70175439]
2025-07-22 03:37:14,450 - INFO - ----------

=== 内容从行 50529 开始的 16 行 ===
2025-07-22 05:20:04,764 - INFO - evaluation dataset type: test
2025-07-22 05:20:04,784 - INFO - node    precision | micro: 0.606061; macro: 0.650770; score: [0.77777778 0.4        0.85714286 0.4        0.83333333 0.63636364]
2025-07-22 05:20:04,784 - INFO - node    recall    | micro: 0.895522; macro: 0.877706; score: [1.         0.85714286 0.66666667 0.83333333 0.90909091 1.        ]
2025-07-22 05:20:04,784 - INFO - node    f1        | micro: 0.722892; macro: 0.726390; score: [0.875      0.54545455 0.75       0.54054054 0.86956522 0.77777778]
2025-07-22 05:20:04,811 - INFO - service precision | micro: 0.732558; macro: 0.758211; score: [1.         0.81818182 0.44444444 0.35294118 0.875      0.83333333
 1.         1.         0.5       ]
2025-07-22 05:20:04,811 - INFO - service recall    | micro: 0.715909; macro: 0.727778; score: [1.         1.         0.4        0.5        0.58333333 0.66666667
 1.         1.         0.4       ]
2025-07-22 05:20:04,811 - INFO - service f1        | micro: 0.724138; macro: 0.735559; score: [1.         0.9        0.42105263 0.4137931  0.7        0.74074074
 1.         1.         0.44444444]
2025-07-22 05:20:04,885 - INFO - pod     precision | micro: 0.710970; macro: 0.747579; score: [0.95918367 0.88       0.43333333 0.41558442 0.82926829 0.64285714
 0.94444444 0.96969697 0.65384615]
2025-07-22 05:20:04,885 - INFO - pod     recall    | micro: 0.769406; macro: 0.781573; score: [1.         0.95652174 0.53061224 0.51612903 0.60714286 0.79411765
 1.         1.         0.62962963]
2025-07-22 05:20:04,885 - INFO - pod     f1        | micro: 0.739035; macro: 0.760271; score: [0.97916667 0.91666667 0.47706422 0.46043165 0.70103093 0.71052632
 0.97142857 0.98461538 0.64150943]

=== 内容从行 52182 开始的 16 行 ===
2025-07-22 05:38:45,591 - INFO - evaluation dataset type: test
2025-07-22 05:38:45,611 - INFO - node    precision | micro: 0.606061; macro: 0.650770; score: [0.77777778 0.4        0.85714286 0.4        0.83333333 0.63636364]
2025-07-22 05:38:45,611 - INFO - node    recall    | micro: 0.895522; macro: 0.877706; score: [1.         0.85714286 0.66666667 0.83333333 0.90909091 1.        ]
2025-07-22 05:38:45,611 - INFO - node    f1        | micro: 0.722892; macro: 0.726390; score: [0.875      0.54545455 0.75       0.54054054 0.86956522 0.77777778]
2025-07-22 05:38:45,638 - INFO - service precision | micro: 0.732558; macro: 0.758211; score: [1.         0.81818182 0.44444444 0.35294118 0.875      0.83333333
 1.         1.         0.5       ]
2025-07-22 05:38:45,638 - INFO - service recall    | micro: 0.715909; macro: 0.727778; score: [1.         1.         0.4        0.5        0.58333333 0.66666667
 1.         1.         0.4       ]
2025-07-22 05:38:45,638 - INFO - service f1        | micro: 0.724138; macro: 0.735559; score: [1.         0.9        0.42105263 0.4137931  0.7        0.74074074
 1.         1.         0.44444444]
2025-07-22 05:38:45,712 - INFO - pod     precision | micro: 0.710970; macro: 0.747579; score: [0.95918367 0.88       0.43333333 0.41558442 0.82926829 0.64285714
 0.94444444 0.96969697 0.65384615]
2025-07-22 05:38:45,712 - INFO - pod     recall    | micro: 0.769406; macro: 0.781573; score: [1.         0.95652174 0.53061224 0.51612903 0.60714286 0.79411765
 1.         1.         0.62962963]
2025-07-22 05:38:45,712 - INFO - pod     f1        | micro: 0.739035; macro: 0.760271; score: [0.97916667 0.91666667 0.47706422 0.46043165 0.70103093 0.71052632
 0.97142857 0.98461538 0.64150943]

=== 内容从行 53835 开始的 16 行 ===
2025-07-22 05:57:23,325 - INFO - evaluation dataset type: test
2025-07-22 05:57:23,345 - INFO - node    precision | micro: 0.610000; macro: 0.645253; score: [0.875      0.375      0.75       0.41666667 0.84615385 0.60869565]
2025-07-22 05:57:23,345 - INFO - node    recall    | micro: 0.910448; macro: 0.892857; score: [1.         0.85714286 0.66666667 0.83333333 1.         1.        ]
2025-07-22 05:57:23,345 - INFO - node    f1        | micro: 0.730539; macro: 0.731656; score: [0.93333333 0.52173913 0.70588235 0.55555556 0.91666667 0.75675676]
2025-07-22 05:57:23,374 - INFO - service precision | micro: 0.182716; macro: 0.634230; score: [0.9        0.81818182 0.03610108 0.19047619 0.25806452 0.84615385
 0.90909091 1.         0.75      ]
2025-07-22 05:57:23,374 - INFO - service recall    | micro: 0.840909; macro: 0.851852; score: [1.         1.         1.         0.66666667 0.66666667 0.73333333
 1.         1.         0.6       ]
2025-07-22 05:57:23,374 - INFO - service f1        | micro: 0.300203; macro: 0.665578; score: [0.94736842 0.9        0.06968641 0.2962963  0.37209302 0.78571429
 0.95238095 1.         0.66666667]
2025-07-22 05:57:23,449 - INFO - pod     precision | micro: 0.186902; macro: 0.603090; score: [0.95918367 0.83333333 0.0374415  0.15725806 0.25165563 0.6043956
 1.         0.88888889 0.69565217]
2025-07-22 05:57:23,450 - INFO - pod     recall    | micro: 0.847032; macro: 0.851875; score: [1.         0.97826087 0.97959184 0.62903226 0.67857143 0.80882353
 1.         1.         0.59259259]
2025-07-22 05:57:23,450 - INFO - pod     f1        | micro: 0.306232; macro: 0.649228; score: [0.97916667 0.9        0.07212622 0.2516129  0.36714976 0.6918239
 1.         0.94117647 0.64      ]

=== 内容从行 83679 开始的 16 行 ===
2025-07-22 11:33:56,284 - INFO - evaluation dataset type: test
2025-07-22 11:33:56,304 - INFO - node    precision | micro: 0.607843; macro: 0.643497; score: [0.76470588 0.42857143 0.77777778 0.40740741 0.84615385 0.63636364]
2025-07-22 11:33:56,304 - INFO - node    recall    | micro: 0.925373; macro: 0.913360; score: [0.92857143 0.85714286 0.77777778 0.91666667 1.         1.        ]
2025-07-22 11:33:56,304 - INFO - node    f1        | micro: 0.733728; macro: 0.741077; score: [0.83870968 0.57142857 0.77777778 0.56410256 0.91666667 0.77777778]
2025-07-22 11:33:56,332 - INFO - service precision | micro: 0.761905; macro: 0.783074; score: [1.         0.81818182 0.5        0.33333333 0.75       0.84615385
 1.         1.         0.8       ]
2025-07-22 11:33:56,332 - INFO - service recall    | micro: 0.727273; macro: 0.762963; score: [1.         1.         0.5        0.33333333 0.5        0.73333333
 1.         1.         0.8       ]
2025-07-22 11:33:56,332 - INFO - service f1        | micro: 0.744186; macro: 0.768783; score: [1.         0.9        0.5        0.33333333 0.6        0.78571429
 1.         1.         0.8       ]
2025-07-22 11:33:56,406 - INFO - pod     precision | micro: 0.631481; macro: 0.692427; score: [0.92156863 0.65671642 0.35820896 0.32692308 0.72       0.62068966
 0.92727273 0.96969697 0.73076923]
2025-07-22 11:33:56,406 - INFO - pod     recall    | micro: 0.778539; macro: 0.792820; score: [1.         0.95652174 0.48979592 0.5483871  0.64285714 0.79411765
 1.         1.         0.7037037 ]
2025-07-22 11:33:56,406 - INFO - pod     f1        | micro: 0.697342; macro: 0.733473; score: [0.95918367 0.77876106 0.4137931  0.40963855 0.67924528 0.69677419
 0.96226415 0.98461538 0.71698113]

=== 内容从行 86154 开始的 16 行 ===
2025-07-22 12:01:53,034 - INFO - evaluation dataset type: test
2025-07-22 12:01:53,054 - INFO - node    precision | micro: 0.606061; macro: 0.628165; score: [0.76470588 0.4        0.75       0.44       0.71428571 0.7       ]
2025-07-22 12:01:53,054 - INFO - node    recall    | micro: 0.895522; macro: 0.879690; score: [0.92857143 0.85714286 0.66666667 0.91666667 0.90909091 1.        ]
2025-07-22 12:01:53,054 - INFO - node    f1        | micro: 0.722892; macro: 0.718028; score: [0.83870968 0.54545455 0.70588235 0.59459459 0.8        0.82352941]
2025-07-22 12:01:53,080 - INFO - service precision | micro: 0.717647; macro: 0.739562; score: [1.         0.9        0.4        0.41666667 0.63636364 0.63636364
 1.         1.         0.66666667]
2025-07-22 12:01:53,081 - INFO - service recall    | micro: 0.693182; macro: 0.740741; score: [1.         1.         0.4        0.41666667 0.58333333 0.46666667
 1.         1.         0.8       ]
2025-07-22 12:01:53,081 - INFO - service f1        | micro: 0.705202; macro: 0.737607; score: [1.         0.94736842 0.4        0.41666667 0.60869565 0.53846154
 1.         1.         0.72727273]
2025-07-22 12:01:53,155 - INFO - pod     precision | micro: 0.683897; macro: 0.709428; score: [0.92156863 0.74576271 0.47169811 0.41860465 0.69642857 0.66216216
 0.96226415 0.91176471 0.59459459]
2025-07-22 12:01:53,156 - INFO - pod     recall    | micro: 0.785388; macro: 0.805328; score: [1.         0.95652174 0.51020408 0.58064516 0.69642857 0.72058824
 1.         0.96875    0.81481481]
2025-07-22 12:01:53,156 - INFO - pod     f1        | micro: 0.731137; macro: 0.752022; score: [0.95918367 0.83809524 0.49019608 0.48648649 0.69642857 0.69014085
 0.98076923 0.93939394 0.6875    ]

=== 内容从行 100260 开始的 16 行 ===
2025-07-22 14:41:38,695 - INFO - evaluation dataset type: test
2025-07-22 14:41:38,715 - INFO - node    precision | micro: 0.607843; macro: 0.656087; score: [0.82352941 0.33333333 0.85714286 0.44       0.84615385 0.63636364]
2025-07-22 14:41:38,715 - INFO - node    recall    | micro: 0.925373; macro: 0.906746; score: [1.         0.85714286 0.66666667 0.91666667 1.         1.        ]
2025-07-22 14:41:38,715 - INFO - node    f1        | micro: 0.733728; macro: 0.737044; score: [0.90322581 0.48       0.75       0.59459459 0.91666667 0.77777778]
2025-07-22 14:41:38,742 - INFO - service precision | micro: 0.712644; macro: 0.737098; score: [1.         0.75       0.66666667 0.30769231 0.64285714 0.66666667
 1.         1.         0.6       ]
2025-07-22 14:41:38,742 - INFO - service recall    | micro: 0.704545; macro: 0.735185; score: [1.         1.         0.4        0.33333333 0.75       0.53333333
 1.         1.         0.6       ]
2025-07-22 14:41:38,743 - INFO - service f1        | micro: 0.708571; macro: 0.729116; score: [1.         0.85714286 0.5        0.32       0.69230769 0.59259259
 1.         1.         0.6       ]
2025-07-22 14:41:38,817 - INFO - pod     precision | micro: 0.629696; macro: 0.676324; score: [0.94       0.66176471 0.43478261 0.36956522 0.55714286 0.58426966
 0.98076923 0.8        0.75862069]
2025-07-22 14:41:38,817 - INFO - pod     recall    | micro: 0.803653; macro: 0.823871; score: [1.         0.97826087 0.6122449  0.5483871  0.69642857 0.76470588
 1.         1.         0.81481481]
2025-07-22 14:41:38,817 - INFO - pod     f1        | micro: 0.706118; macro: 0.739438; score: [0.96907216 0.78947368 0.50847458 0.44155844 0.61904762 0.66242038
 0.99029126 0.88888889 0.78571429]

=== 内容从行 105239 开始的 16 行 ===
2025-07-22 15:37:53,988 - INFO - evaluation dataset type: test
2025-07-22 15:37:54,008 - INFO - node    precision | micro: 0.610000; macro: 0.661047; score: [0.82352941 0.46153846 0.85714286 0.40740741 0.83333333 0.58333333]
2025-07-22 15:37:54,008 - INFO - node    recall    | micro: 0.910448; macro: 0.891595; score: [1.         0.85714286 0.66666667 0.91666667 0.90909091 1.        ]
2025-07-22 15:37:54,008 - INFO - node    f1        | micro: 0.730539; macro: 0.737289; score: [0.90322581 0.6        0.75       0.56410256 0.86956522 0.73684211]
2025-07-22 15:37:54,035 - INFO - service precision | micro: 0.750000; macro: 0.730640; score: [1.         0.9        0.66666667 0.3        0.8        0.66666667
 0.90909091 1.         0.33333333]
2025-07-22 15:37:54,035 - INFO - service recall    | micro: 0.613636; macro: 0.627778; score: [1.         1.         0.2        0.25       0.33333333 0.66666667
 1.         1.         0.2       ]
2025-07-22 15:37:54,035 - INFO - service f1        | micro: 0.675000; macro: 0.651936; score: [1.         0.94736842 0.30769231 0.27272727 0.47058824 0.66666667
 0.95238095 1.         0.25      ]
2025-07-22 15:37:54,110 - INFO - pod     precision | micro: 0.677419; macro: 0.717022; score: [0.94       0.65671642 0.45945946 0.35483871 0.77272727 0.52941176
 0.96226415 1.         0.77777778]
2025-07-22 15:37:54,110 - INFO - pod     recall    | micro: 0.719178; macro: 0.730898; score: [1.         0.95652174 0.34693878 0.35483871 0.60714286 0.79411765
 1.         1.         0.51851852]
2025-07-22 15:37:54,110 - INFO - pod     f1        | micro: 0.697674; macro: 0.712923; score: [0.96907216 0.77876106 0.39534884 0.35483871 0.68       0.63529412
 0.98076923 1.         0.62222222]

=== 内容从行 135099 开始的 16 行 ===
2025-07-22 21:14:20,792 - INFO - evaluation dataset type: test
2025-07-22 21:14:20,811 - INFO - node    precision | micro: 0.612245; macro: 0.645366; score: [0.8125     0.4        0.75       0.44       0.83333333 0.63636364]
2025-07-22 21:14:20,812 - INFO - node    recall    | micro: 0.895522; macro: 0.879690; score: [0.92857143 0.85714286 0.66666667 0.91666667 0.90909091 1.        ]
2025-07-22 21:14:20,812 - INFO - node    f1        | micro: 0.727273; macro: 0.726657; score: [0.86666667 0.54545455 0.70588235 0.59459459 0.86956522 0.77777778]
2025-07-22 21:14:20,838 - INFO - service precision | micro: 0.720930; macro: 0.748024; score: [1.         0.9        0.57142857 0.29411765 0.8        0.66666667
 1.         1.         0.5       ]
2025-07-22 21:14:20,838 - INFO - service recall    | micro: 0.704545; macro: 0.705556; score: [1.         1.         0.4        0.41666667 0.66666667 0.66666667
 1.         1.         0.2       ]
2025-07-22 21:14:20,838 - INFO - service f1        | micro: 0.712644; macro: 0.715826; score: [1.         0.94736842 0.47058824 0.34482759 0.72727273 0.66666667
 1.         1.         0.28571429]
2025-07-22 21:14:20,912 - INFO - pod     precision | micro: 0.562798; macro: 0.678517; score: [0.92156863 0.59459459 0.29411765 0.27160494 0.75       0.5625
 0.96226415 1.         0.75      ]
2025-07-22 21:14:20,912 - INFO - pod     recall    | micro: 0.808219; macro: 0.814846; score: [1.         0.95652174 0.51020408 0.70967742 0.69642857 0.79411765
 1.         1.         0.66666667]
2025-07-22 21:14:20,912 - INFO - pod     f1        | micro: 0.663543; macro: 0.725102; score: [0.95918367 0.73333333 0.37313433 0.39285714 0.72222222 0.65853659
 0.98076923 1.         0.70588235]

=== 内容从行 148297 开始的 16 行 ===
2025-07-22 23:43:54,669 - INFO - evaluation dataset type: test
2025-07-22 23:43:54,689 - INFO - node    precision | micro: 0.612245; macro: 0.670822; score: [0.875      0.375      0.85714286 0.4        0.90909091 0.60869565]
2025-07-22 23:43:54,689 - INFO - node    recall    | micro: 0.895522; macro: 0.877706; score: [1.         0.85714286 0.66666667 0.83333333 0.90909091 1.        ]
2025-07-22 23:43:54,689 - INFO - node    f1        | micro: 0.727273; macro: 0.735243; score: [0.93333333 0.52173913 0.75       0.54054054 0.90909091 0.75675676]
2025-07-22 23:43:54,716 - INFO - service precision | micro: 0.732558; macro: 0.765478; score: [1.         0.9        0.42857143 0.36842105 1.         0.69230769
 1.         1.         0.5       ]
2025-07-22 23:43:54,716 - INFO - service recall    | micro: 0.715909; macro: 0.727778; score: [1.         1.         0.3        0.58333333 0.66666667 0.6
 1.         1.         0.4       ]
2025-07-22 23:43:54,716 - INFO - service f1        | micro: 0.724138; macro: 0.737692; score: [1.         0.94736842 0.35294118 0.4516129  0.8        0.64285714
 1.         1.         0.44444444]
2025-07-22 23:43:54,791 - INFO - pod     precision | micro: 0.643657; macro: 0.713818; score: [0.97916667 0.89795918 0.35820896 0.36448598 0.66101695 0.54639175
 0.98076923 0.96969697 0.66666667]
2025-07-22 23:43:54,791 - INFO - pod     recall    | micro: 0.787671; macro: 0.793754; score: [1.         0.95652174 0.48979592 0.62903226 0.69642857 0.77941176
 1.         1.         0.59259259]
2025-07-22 23:43:54,792 - INFO - pod     f1        | micro: 0.708419; macro: 0.746018; score: [0.98947368 0.92631579 0.4137931  0.46153846 0.67826087 0.64242424
 0.99029126 0.98461538 0.62745098]

=== 内容从行 152436 开始的 16 行 ===
2025-07-23 00:30:51,021 - INFO - evaluation dataset type: test
2025-07-23 00:30:51,041 - INFO - node    precision | micro: 0.612245; macro: 0.627726; score: [0.77777778 0.4        0.66666667 0.40909091 0.84615385 0.66666667]
2025-07-23 00:30:51,041 - INFO - node    recall    | micro: 0.895522; macro: 0.878968; score: [1.         0.85714286 0.66666667 0.75       1.         1.        ]
2025-07-23 00:30:51,041 - INFO - node    f1        | micro: 0.727273; macro: 0.722200; score: [0.875      0.54545455 0.66666667 0.52941176 0.91666667 0.8       ]
2025-07-23 00:30:51,068 - INFO - service precision | micro: 0.394286; macro: 0.693795; score: [1.         1.         0.26086957 0.5        0.76923077 0.13829787
 0.90909091 1.         0.66666667]
2025-07-23 00:30:51,068 - INFO - service recall    | micro: 0.784091; macro: 0.807407; score: [1.         1.         0.6        0.16666667 0.83333333 0.86666667
 1.         1.         0.8       ]
2025-07-23 00:30:51,068 - INFO - service f1        | micro: 0.524715; macro: 0.703536; score: [1.         1.         0.36363636 0.25       0.8        0.23853211
 0.95238095 1.         0.72727273]
2025-07-23 00:30:51,143 - INFO - pod     precision | micro: 0.453532; macro: 0.645356; score: [0.90384615 0.87755102 0.17256637 0.5        0.61111111 0.26008969
 0.85       0.91428571 0.71875   ]
2025-07-23 00:30:51,143 - INFO - pod     recall    | micro: 0.835616; macro: 0.854328; score: [1.         0.93478261 0.79591837 0.46774194 0.78571429 0.85294118
 1.         1.         0.85185185]
2025-07-23 00:30:51,143 - INFO - pod     f1        | micro: 0.587952; macro: 0.706851; score: [0.94949495 0.90526316 0.28363636 0.48333333 0.6875     0.39862543
 0.91891892 0.95522388 0.77966102]

=== 内容从行 156583 开始的 16 行 ===
2025-07-23 01:17:47,657 - INFO - evaluation dataset type: test
2025-07-23 01:17:47,677 - INFO - node    precision | micro: 0.612245; macro: 0.627869; score: [0.82352941 0.4        0.66666667 0.39130435 0.78571429 0.7       ]
2025-07-23 01:17:47,677 - INFO - node    recall    | micro: 0.895522; macro: 0.878968; score: [1.         0.85714286 0.66666667 0.75       1.         1.        ]
2025-07-23 01:17:47,677 - INFO - node    f1        | micro: 0.727273; macro: 0.722194; score: [0.90322581 0.54545455 0.66666667 0.51428571 0.88       0.82352941]
2025-07-23 01:17:47,703 - INFO - service precision | micro: 0.670103; macro: 0.732540; score: [0.9        0.9        0.3        0.375      0.875      0.64285714
 1.         1.         0.6       ]
2025-07-23 01:17:47,704 - INFO - service recall    | micro: 0.738636; macro: 0.759259; score: [1.         1.         0.3        0.75       0.58333333 0.6
 1.         1.         0.6       ]
2025-07-23 01:17:47,704 - INFO - service f1        | micro: 0.702703; macro: 0.735047; score: [0.94736842 0.94736842 0.3        0.5        0.7        0.62068966
 1.         1.         0.6       ]
2025-07-23 01:17:47,777 - INFO - pod     precision | micro: 0.600683; macro: 0.692191; score: [0.88679245 0.74137931 0.37735849 0.29452055 0.70491803 0.51428571
 0.98076923 0.96969697 0.76      ]
2025-07-23 01:17:47,778 - INFO - pod     recall    | micro: 0.803653; macro: 0.811353; score: [1.         0.93478261 0.40816327 0.69354839 0.76785714 0.79411765
 1.         1.         0.7037037 ]
2025-07-23 01:17:47,778 - INFO - pod     f1        | micro: 0.687500; macro: 0.737504; score: [0.94       0.82692308 0.39215686 0.41346154 0.73504274 0.62427746
 0.99029126 0.98461538 0.73076923]

=== 内容从行 158237 开始的 16 行 ===
2025-07-23 01:36:27,800 - INFO - evaluation dataset type: test
2025-07-23 01:36:27,820 - INFO - node    precision | micro: 0.607843; macro: 0.631766; score: [0.77777778 0.4        0.7        0.4        0.84615385 0.66666667]
2025-07-23 01:36:27,820 - INFO - node    recall    | micro: 0.925373; macro: 0.911376; score: [1.         0.85714286 0.77777778 0.83333333 1.         1.        ]
2025-07-23 01:36:27,820 - INFO - node    f1        | micro: 0.733728; macro: 0.735751; score: [0.875      0.54545455 0.73684211 0.54054054 0.91666667 0.8       ]
2025-07-23 01:36:27,847 - INFO - service precision | micro: 0.673469; macro: 0.730135; score: [1.         0.9        0.45454545 0.33333333 0.83333333 0.45
 1.         1.         0.6       ]
2025-07-23 01:36:27,847 - INFO - service recall    | micro: 0.750000; macro: 0.772222; score: [1.         1.         0.5        0.41666667 0.83333333 0.6
 1.         1.         0.6       ]
2025-07-23 01:36:27,847 - INFO - service f1        | micro: 0.709677; macro: 0.749061; score: [1.         0.94736842 0.47619048 0.37037037 0.83333333 0.51428571
 1.         1.         0.6       ]
2025-07-23 01:36:27,921 - INFO - pod     precision | micro: 0.652830; macro: 0.709633; score: [0.90384615 0.81132075 0.4        0.38043478 0.640625   0.55
 0.98076923 0.96969697 0.75      ]
2025-07-23 01:36:27,921 - INFO - pod     recall    | micro: 0.789954; macro: 0.799636; score: [1.         0.93478261 0.48979592 0.56451613 0.73214286 0.80882353
 1.         1.         0.66666667]
2025-07-23 01:36:27,921 - INFO - pod     f1        | micro: 0.714876; macro: 0.747998; score: [0.94949495 0.86868687 0.44036697 0.45454545 0.68333333 0.6547619
 0.99029126 0.98461538 0.70588235]

=== 内容从行 159894 开始的 16 行 ===
2025-07-23 01:55:14,940 - INFO - evaluation dataset type: test
2025-07-23 01:55:14,960 - INFO - node    precision | micro: 0.607843; macro: 0.631766; score: [0.77777778 0.4        0.7        0.4        0.84615385 0.66666667]
2025-07-23 01:55:14,960 - INFO - node    recall    | micro: 0.925373; macro: 0.911376; score: [1.         0.85714286 0.77777778 0.83333333 1.         1.        ]
2025-07-23 01:55:14,960 - INFO - node    f1        | micro: 0.733728; macro: 0.735751; score: [0.875      0.54545455 0.73684211 0.54054054 0.91666667 0.8       ]
2025-07-23 01:55:14,987 - INFO - service precision | micro: 0.673469; macro: 0.730135; score: [1.         0.9        0.45454545 0.33333333 0.83333333 0.45
 1.         1.         0.6       ]
2025-07-23 01:55:14,987 - INFO - service recall    | micro: 0.750000; macro: 0.772222; score: [1.         1.         0.5        0.41666667 0.83333333 0.6
 1.         1.         0.6       ]
2025-07-23 01:55:14,987 - INFO - service f1        | micro: 0.709677; macro: 0.749061; score: [1.         0.94736842 0.47619048 0.37037037 0.83333333 0.51428571
 1.         1.         0.6       ]
2025-07-23 01:55:15,062 - INFO - pod     precision | micro: 0.652830; macro: 0.709633; score: [0.90384615 0.81132075 0.4        0.38043478 0.640625   0.55
 0.98076923 0.96969697 0.75      ]
2025-07-23 01:55:15,062 - INFO - pod     recall    | micro: 0.789954; macro: 0.799636; score: [1.         0.93478261 0.48979592 0.56451613 0.73214286 0.80882353
 1.         1.         0.66666667]
2025-07-23 01:55:15,062 - INFO - pod     f1        | micro: 0.714876; macro: 0.747998; score: [0.94949495 0.86868687 0.44036697 0.45454545 0.68333333 0.6547619
 0.99029126 0.98461538 0.70588235]

=== 内容从行 160719 开始的 16 行 ===
2025-07-23 02:04:33,417 - INFO - evaluation dataset type: test
2025-07-23 02:04:33,437 - INFO - node    precision | micro: 0.610000; macro: 0.642674; score: [0.82352941 0.4        0.75       0.4        0.84615385 0.63636364]
2025-07-23 02:04:33,437 - INFO - node    recall    | micro: 0.910448; macro: 0.892857; score: [1.         0.85714286 0.66666667 0.83333333 1.         1.        ]
2025-07-23 02:04:33,437 - INFO - node    f1        | micro: 0.730539; macro: 0.731591; score: [0.90322581 0.54545455 0.70588235 0.54054054 0.91666667 0.77777778]
2025-07-23 02:04:33,464 - INFO - service precision | micro: 0.805195; macro: 0.806173; score: [1.         1.         0.5        0.46666667 0.88888889 0.8
 1.         1.         0.6       ]
2025-07-23 02:04:33,464 - INFO - service recall    | micro: 0.704545; macro: 0.731481; score: [1.         1.         0.2        0.58333333 0.66666667 0.53333333
 1.         1.         0.6       ]
2025-07-23 02:04:33,465 - INFO - service f1        | micro: 0.751515; macro: 0.756238; score: [1.         1.         0.28571429 0.51851852 0.76190476 0.64
 1.         1.         0.6       ]
2025-07-23 02:04:33,539 - INFO - pod     precision | micro: 0.628205; macro: 0.700354; score: [0.94       0.81632653 0.30508475 0.34745763 0.6557377  0.56382979
 0.92727273 0.96969697 0.77777778]
2025-07-23 02:04:33,539 - INFO - pod     recall    | micro: 0.783105; macro: 0.796631; score: [1.         0.86956522 0.36734694 0.66129032 0.71428571 0.77941176
 1.         1.         0.77777778]
2025-07-23 02:04:33,540 - INFO - pod     f1        | micro: 0.697154; macro: 0.740312; score: [0.96907216 0.84210526 0.33333333 0.45555556 0.68376068 0.65432099
 0.96226415 0.98461538 0.77777778]

=== 内容从行 164028 开始的 16 行 ===
2025-07-23 02:42:03,831 - INFO - evaluation dataset type: test
2025-07-23 02:42:03,851 - INFO - node    precision | micro: 0.610000; macro: 0.631516; score: [0.82352941 0.42857143 0.66666667 0.38461538 0.78571429 0.7       ]
2025-07-23 02:42:03,852 - INFO - node    recall    | micro: 0.910448; macro: 0.892857; score: [1.         0.85714286 0.66666667 0.83333333 1.         1.        ]
2025-07-23 02:42:03,852 - INFO - node    f1        | micro: 0.730539; macro: 0.728528; score: [0.90322581 0.57142857 0.66666667 0.52631579 0.88       0.82352941]
2025-07-23 02:42:03,878 - INFO - service precision | micro: 0.768293; macro: 0.780519; score: [1.         0.81818182 0.5        0.36363636 0.9        0.64285714
 1.         1.         0.8       ]
2025-07-23 02:42:03,878 - INFO - service recall    | micro: 0.715909; macro: 0.753704; score: [1.         1.         0.3        0.33333333 0.75       0.6
 1.         1.         0.8       ]
2025-07-23 02:42:03,879 - INFO - service f1        | micro: 0.741176; macro: 0.762411; score: [1.         0.9        0.375      0.34782609 0.81818182 0.62068966
 1.         1.         0.8       ]
2025-07-23 02:42:03,952 - INFO - pod     precision | micro: 0.655046; macro: 0.714143; score: [0.92156863 0.72131148 0.37096774 0.37068966 0.66129032 0.69230769
 0.96226415 0.94117647 0.78571429]
2025-07-23 02:42:03,952 - INFO - pod     recall    | micro: 0.815068; macro: 0.828948; score: [1.         0.95652174 0.46938776 0.69354839 0.73214286 0.79411765
 1.         1.         0.81481481]
2025-07-23 02:42:03,953 - INFO - pod     f1        | micro: 0.726348; macro: 0.762698; score: [0.95918367 0.82242991 0.41441441 0.48314607 0.69491525 0.73972603
 0.98076923 0.96969697 0.8       ]

=== 内容从行 167350 开始的 16 行 ===
2025-07-23 03:19:29,722 - INFO - evaluation dataset type: test
2025-07-23 03:19:29,742 - INFO - node    precision | micro: 0.606061; macro: 0.629678; score: [0.8125     0.42857143 0.66666667 0.38461538 0.78571429 0.7       ]
2025-07-23 03:19:29,742 - INFO - node    recall    | micro: 0.895522; macro: 0.880952; score: [0.92857143 0.85714286 0.66666667 0.83333333 1.         1.        ]
2025-07-23 03:19:29,742 - INFO - node    f1        | micro: 0.722892; macro: 0.722435; score: [0.86666667 0.57142857 0.66666667 0.52631579 0.88       0.82352941]
2025-07-23 03:19:29,770 - INFO - service precision | micro: 0.765432; macro: 0.775520; score: [1.         1.         0.5        0.5        0.90909091 0.47058824
 1.         1.         0.6       ]
2025-07-23 03:19:29,770 - INFO - service recall    | micro: 0.704545; macro: 0.735185; score: [1.         1.         0.4        0.25       0.83333333 0.53333333
 1.         1.         0.6       ]
2025-07-23 03:19:29,770 - INFO - service f1        | micro: 0.733728; macro: 0.749705; score: [1.         1.         0.44444444 0.33333333 0.86956522 0.5
 1.         1.         0.6       ]
2025-07-23 03:19:29,845 - INFO - pod     precision | micro: 0.636872; macro: 0.694316; score: [0.92156863 0.82692308 0.33333333 0.36170213 0.62318841 0.52941176
 0.98076923 0.94117647 0.73076923]
2025-07-23 03:19:29,846 - INFO - pod     recall    | micro: 0.780822; macro: 0.792956; score: [1.         0.93478261 0.3877551  0.5483871  0.76785714 0.79411765
 1.         1.         0.7037037 ]
2025-07-23 03:19:29,846 - INFO - pod     f1        | micro: 0.701538; macro: 0.736821; score: [0.95918367 0.87755102 0.35849057 0.43589744 0.688      0.63529412
 0.99029126 0.96969697 0.71698113]

=== 内容从行 169007 开始的 16 行 ===
2025-07-23 03:38:11,344 - INFO - evaluation dataset type: test
2025-07-23 03:38:11,364 - INFO - node    precision | micro: 0.610000; macro: 0.636034; score: [0.82352941 0.42857143 0.66666667 0.38461538 0.84615385 0.66666667]
2025-07-23 03:38:11,364 - INFO - node    recall    | micro: 0.910448; macro: 0.892857; score: [1.         0.85714286 0.66666667 0.83333333 1.         1.        ]
2025-07-23 03:38:11,365 - INFO - node    f1        | micro: 0.730539; macro: 0.730717; score: [0.90322581 0.57142857 0.66666667 0.52631579 0.91666667 0.8       ]
2025-07-23 03:38:11,391 - INFO - service precision | micro: 0.673913; macro: 0.723545; score: [1.         0.9        0.33333333 0.42857143 0.75       0.5
 1.         1.         0.6       ]
2025-07-23 03:38:11,391 - INFO - service recall    | micro: 0.704545; macro: 0.733333; score: [1.  1.  0.4 0.5 0.5 0.6 1.  1.  0.6]
2025-07-23 03:38:11,391 - INFO - service f1        | micro: 0.688889; macro: 0.724222; score: [1.         0.94736842 0.36363636 0.46153846 0.6        0.54545455
 1.         1.         0.6       ]
2025-07-23 03:38:11,466 - INFO - pod     precision | micro: 0.626374; macro: 0.697099; score: [0.92156863 0.86       0.30357143 0.37       0.72727273 0.46721311
 0.96226415 0.96969697 0.69230769]
2025-07-23 03:38:11,466 - INFO - pod     recall    | micro: 0.780822; macro: 0.788631; score: [1.         0.93478261 0.34693878 0.59677419 0.71428571 0.83823529
 1.         1.         0.66666667]
2025-07-23 03:38:11,466 - INFO - pod     f1        | micro: 0.695122; macro: 0.733441; score: [0.95918367 0.89583333 0.32380952 0.45679012 0.72072072 0.6
 0.98076923 0.98461538 0.67924528]
2025-07-23 03:38:11,466 - INFO - ----------

=== 内容从行 169837 开始的 16 行 ===
2025-07-23 03:47:39,855 - INFO - evaluation dataset type: test
2025-07-23 03:47:39,876 - INFO - node    precision | micro: 0.608247; macro: 0.648013; score: [0.85714286 0.33333333 0.75       0.43478261 0.84615385 0.66666667]
2025-07-23 03:47:39,876 - INFO - node    recall    | micro: 0.880597; macro: 0.869048; score: [0.85714286 0.85714286 0.66666667 0.83333333 1.         1.        ]
2025-07-23 03:47:39,876 - INFO - node    f1        | micro: 0.719512; macro: 0.721853; score: [0.85714286 0.48       0.70588235 0.57142857 0.91666667 0.8       ]
2025-07-23 03:47:39,903 - INFO - service precision | micro: 0.677419; macro: 0.734418; score: [1.         0.81818182 0.36363636 0.35294118 0.875      0.53333333
 1.         1.         0.66666667]
2025-07-23 03:47:39,903 - INFO - service recall    | micro: 0.715909; macro: 0.757407; score: [1.         1.         0.4        0.5        0.58333333 0.53333333
 1.         1.         0.8       ]
2025-07-23 03:47:39,903 - INFO - service f1        | micro: 0.696133; macro: 0.739484; score: [1.         0.9        0.38095238 0.4137931  0.7        0.53333333
 1.         1.         0.72727273]
2025-07-23 03:47:39,977 - INFO - pod     precision | micro: 0.626594; macro: 0.696281; score: [0.94       0.6875     0.37333333 0.37614679 0.75       0.54081633
 0.98076923 0.93939394 0.67857143]
2025-07-23 03:47:39,977 - INFO - pod     recall    | micro: 0.785388; macro: 0.797424; score: [1.         0.95652174 0.57142857 0.66129032 0.53571429 0.77941176
 1.         0.96875    0.7037037 ]
2025-07-23 03:47:39,977 - INFO - pod     f1        | micro: 0.697062; macro: 0.733202; score: [0.96907216 0.8        0.4516129  0.47953216 0.625      0.63855422
 0.99029126 0.95384615 0.69090909]

=== 内容从行 170665 开始的 16 行 ===
2025-07-23 03:57:00,994 - INFO - evaluation dataset type: test
2025-07-23 03:57:01,014 - INFO - node    precision | micro: 0.610000; macro: 0.636034; score: [0.82352941 0.42857143 0.66666667 0.38461538 0.84615385 0.66666667]
2025-07-23 03:57:01,014 - INFO - node    recall    | micro: 0.910448; macro: 0.892857; score: [1.         0.85714286 0.66666667 0.83333333 1.         1.        ]
2025-07-23 03:57:01,014 - INFO - node    f1        | micro: 0.730539; macro: 0.730717; score: [0.90322581 0.57142857 0.66666667 0.52631579 0.91666667 0.8       ]
2025-07-23 03:57:01,041 - INFO - service precision | micro: 0.673913; macro: 0.723545; score: [1.         0.9        0.33333333 0.42857143 0.75       0.5
 1.         1.         0.6       ]
2025-07-23 03:57:01,041 - INFO - service recall    | micro: 0.704545; macro: 0.733333; score: [1.  1.  0.4 0.5 0.5 0.6 1.  1.  0.6]
2025-07-23 03:57:01,041 - INFO - service f1        | micro: 0.688889; macro: 0.724222; score: [1.         0.94736842 0.36363636 0.46153846 0.6        0.54545455
 1.         1.         0.6       ]
2025-07-23 03:57:01,115 - INFO - pod     precision | micro: 0.626374; macro: 0.697099; score: [0.92156863 0.86       0.30357143 0.37       0.72727273 0.46721311
 0.96226415 0.96969697 0.69230769]
2025-07-23 03:57:01,115 - INFO - pod     recall    | micro: 0.780822; macro: 0.788631; score: [1.         0.93478261 0.34693878 0.59677419 0.71428571 0.83823529
 1.         1.         0.66666667]
2025-07-23 03:57:01,115 - INFO - pod     f1        | micro: 0.695122; macro: 0.733441; score: [0.95918367 0.89583333 0.32380952 0.45679012 0.72072072 0.6
 0.98076923 0.98461538 0.67924528]
2025-07-23 03:57:01,116 - INFO - ----------

=== 内容从行 171482 开始的 16 行 ===
2025-07-23 04:06:23,854 - INFO - evaluation dataset type: test
2025-07-23 04:06:23,873 - INFO - node    precision | micro: 0.610000; macro: 0.640100; score: [0.77777778 0.4        0.75       0.4        0.84615385 0.66666667]
2025-07-23 04:06:23,874 - INFO - node    recall    | micro: 0.910448; macro: 0.892857; score: [1.         0.85714286 0.66666667 0.83333333 1.         1.        ]
2025-07-23 04:06:23,874 - INFO - node    f1        | micro: 0.730539; macro: 0.730591; score: [0.875      0.54545455 0.70588235 0.54054054 0.91666667 0.8       ]
2025-07-23 04:06:23,900 - INFO - service precision | micro: 0.673077; macro: 0.747557; score: [0.75       1.         0.31818182 0.61538462 0.88888889 0.55555556
 1.         1.         0.6       ]
2025-07-23 04:06:23,901 - INFO - service recall    | micro: 0.795455; macro: 0.811111; score: [1.         1.         0.7        0.66666667 0.66666667 0.66666667
 1.         1.         0.6       ]
2025-07-23 04:06:23,901 - INFO - service f1        | micro: 0.729167; macro: 0.766956; score: [0.85714286 1.         0.4375     0.64       0.76190476 0.60606061
 1.         1.         0.6       ]
2025-07-23 04:06:23,975 - INFO - pod     precision | micro: 0.516854; macro: 0.658837; score: [0.81034483 0.8490566  0.21105528 0.38823529 0.640625   0.41176471
 0.92727273 0.94117647 0.75      ]
2025-07-23 04:06:23,975 - INFO - pod     recall    | micro: 0.840183; macro: 0.855679; score: [1.         0.97826087 0.85714286 0.53225806 0.73214286 0.82352941
 1.         1.         0.77777778]
2025-07-23 04:06:23,975 - INFO - pod     f1        | micro: 0.640000; macro: 0.724441; score: [0.8952381  0.90909091 0.33870968 0.44897959 0.68333333 0.54901961
 0.96226415 0.96969697 0.76363636]

=== 内容从行 172310 开始的 16 行 ===
2025-07-23 04:15:50,959 - INFO - evaluation dataset type: test
2025-07-23 04:15:50,979 - INFO - node    precision | micro: 0.608247; macro: 0.639309; score: [0.76470588 0.4        0.7        0.43478261 0.9        0.63636364]
2025-07-23 04:15:50,979 - INFO - node    recall    | micro: 0.880597; macro: 0.869168; score: [0.92857143 0.85714286 0.77777778 0.83333333 0.81818182 1.        ]
2025-07-23 04:15:50,980 - INFO - node    f1        | micro: 0.719512; macro: 0.721226; score: [0.83870968 0.54545455 0.73684211 0.57142857 0.85714286 0.77777778]
2025-07-23 04:15:51,006 - INFO - service precision | micro: 0.712644; macro: 0.739278; score: [1.         0.81818182 0.5        0.375      0.88888889 0.57142857
 1.         1.         0.5       ]
2025-07-23 04:15:51,007 - INFO - service recall    | micro: 0.704545; macro: 0.722222; score: [1.         1.         0.4        0.5        0.66666667 0.53333333
 1.         1.         0.4       ]
2025-07-23 04:15:51,007 - INFO - service f1        | micro: 0.708571; macro: 0.725677; score: [1.         0.9        0.44444444 0.42857143 0.76190476 0.55172414
 1.         1.         0.44444444]
2025-07-23 04:15:51,081 - INFO - pod     precision | micro: 0.631868; macro: 0.698651; score: [0.94       0.58666667 0.45454545 0.32786885 0.67741935 0.61176471
 0.98076923 0.96969697 0.73913043]
2025-07-23 04:15:51,081 - INFO - pod     recall    | micro: 0.787671; macro: 0.794909; score: [1.         0.95652174 0.40816327 0.64516129 0.75       0.76470588
 1.         1.         0.62962963]
2025-07-23 04:15:51,081 - INFO - pod     f1        | micro: 0.701220; macro: 0.734194; score: [0.96907216 0.72727273 0.43010753 0.43478261 0.71186441 0.67973856
 0.99029126 0.98461538 0.68      ]

=== 内容从行 173143 开始的 16 行 ===
2025-07-23 04:25:11,196 - INFO - evaluation dataset type: test
2025-07-23 04:25:11,216 - INFO - node    precision | micro: 0.606061; macro: 0.653698; score: [0.77777778 0.33333333 0.85714286 0.42857143 0.91666667 0.60869565]
2025-07-23 04:25:11,216 - INFO - node    recall    | micro: 0.895522; macro: 0.878968; score: [1.         0.85714286 0.66666667 0.75       1.         1.        ]
2025-07-23 04:25:11,216 - INFO - node    f1        | micro: 0.722892; macro: 0.727289; score: [0.875      0.48       0.75       0.54545455 0.95652174 0.75675676]
2025-07-23 04:25:11,242 - INFO - service precision | micro: 0.707317; macro: 0.699423; score: [0.9        0.9        0.28571429 0.5        0.8        0.8
 0.90909091 1.         0.2       ]
2025-07-23 04:25:11,243 - INFO - service recall    | micro: 0.659091; macro: 0.681481; score: [1.         1.         0.2        0.33333333 0.66666667 0.53333333
 1.         1.         0.4       ]
2025-07-23 04:25:11,243 - INFO - service f1        | micro: 0.682353; macro: 0.679595; score: [0.94736842 0.94736842 0.23529412 0.4        0.72727273 0.64
 0.95238095 1.         0.26666667]
2025-07-23 04:25:11,316 - INFO - pod     precision | micro: 0.631970; macro: 0.670729; score: [0.85454545 0.77586207 0.32835821 0.32142857 0.671875   0.59090909
 0.92727273 0.88888889 0.67741935]
2025-07-23 04:25:11,317 - INFO - pod     recall    | micro: 0.776256; macro: 0.797007; score: [1.         0.97826087 0.44897959 0.43548387 0.76785714 0.76470588
 1.         1.         0.77777778]
2025-07-23 04:25:11,317 - INFO - pod     f1        | micro: 0.696721; macro: 0.727449; score: [0.92156863 0.86538462 0.37931034 0.36986301 0.71666667 0.66666667
 0.96226415 0.94117647 0.72413793]

=== 内容从行 173969 开始的 16 行 ===
2025-07-23 04:34:35,191 - INFO - evaluation dataset type: test
2025-07-23 04:34:35,211 - INFO - node    precision | micro: 0.613861; macro: 0.630442; score: [0.76470588 0.46153846 0.7        0.42307692 0.73333333 0.7       ]
2025-07-23 04:34:35,211 - INFO - node    recall    | micro: 0.925373; macro: 0.913360; score: [0.92857143 0.85714286 0.77777778 0.91666667 1.         1.        ]
2025-07-23 04:34:35,211 - INFO - node    f1        | micro: 0.738095; macro: 0.737364; score: [0.83870968 0.6        0.73684211 0.57894737 0.84615385 0.82352941]
2025-07-23 04:34:35,239 - INFO - service precision | micro: 0.740741; macro: 0.763818; score: [1.         0.9        0.4        0.30769231 0.88888889 0.77777778
 1.         1.         0.6       ]
2025-07-23 04:34:35,239 - INFO - service recall    | micro: 0.681818; macro: 0.718519; score: [1.         1.         0.4        0.33333333 0.66666667 0.46666667
 1.         1.         0.6       ]
2025-07-23 04:34:35,239 - INFO - service f1        | micro: 0.710059; macro: 0.734734; score: [1.         0.94736842 0.4        0.32       0.76190476 0.58333333
 1.         1.         0.6       ]
2025-07-23 04:34:35,315 - INFO - pod     precision | micro: 0.571661; macro: 0.659182; score: [0.88679245 0.75438596 0.30985915 0.26530612 0.54545455 0.59782609
 0.94444444 0.91428571 0.71428571]
2025-07-23 04:34:35,315 - INFO - pod     recall    | micro: 0.801370; macro: 0.812484; score: [1.         0.93478261 0.44897959 0.62903226 0.75       0.80882353
 1.         1.         0.74074074]
2025-07-23 04:34:35,315 - INFO - pod     f1        | micro: 0.667300; macro: 0.720870; score: [0.94       0.83495146 0.36666667 0.37320574 0.63157895 0.6875
 0.97142857 0.95522388 0.72727273]

=== 内容从行 182219 开始的 16 行 ===
2025-07-23 06:08:20,027 - INFO - evaluation dataset type: test
2025-07-23 06:08:20,046 - INFO - node    precision | micro: 0.607843; macro: 0.644740; score: [0.82352941 0.4        0.77777778 0.38461538 0.84615385 0.63636364]
2025-07-23 06:08:20,046 - INFO - node    recall    | micro: 0.925373; macro: 0.911376; score: [1.         0.85714286 0.77777778 0.83333333 1.         1.        ]
2025-07-23 06:08:20,046 - INFO - node    f1        | micro: 0.733728; macro: 0.741203; score: [0.90322581 0.54545455 0.77777778 0.52631579 0.91666667 0.77777778]
2025-07-23 06:08:20,073 - INFO - service precision | micro: 0.720930; macro: 0.737125; score: [1.         0.9        0.25       0.42857143 0.88888889 0.5
 1.         1.         0.66666667]
2025-07-23 06:08:20,073 - INFO - service recall    | micro: 0.704545; macro: 0.740741; score: [1.         1.         0.1        0.5        0.66666667 0.6
 1.         1.         0.8       ]
2025-07-23 06:08:20,073 - INFO - service f1        | micro: 0.712644; macro: 0.731822; score: [1.         0.94736842 0.14285714 0.46153846 0.76190476 0.54545455
 1.         1.         0.72727273]
2025-07-23 06:08:20,147 - INFO - pod     precision | micro: 0.637993; macro: 0.696441; score: [0.87037037 0.75       0.45614035 0.4        0.71666667 0.45762712
 0.89473684 0.94117647 0.78125   ]
2025-07-23 06:08:20,147 - INFO - pod     recall    | micro: 0.812785; macro: 0.834689; score: [1.         0.91304348 0.53061224 0.58064516 0.76785714 0.79411765
 1.         1.         0.92592593]
2025-07-23 06:08:20,147 - INFO - pod     f1        | micro: 0.714859; macro: 0.755788; score: [0.93069307 0.82352941 0.49056604 0.47368421 0.74137931 0.58064516
 0.94444444 0.96969697 0.84745763]

=== 内容从行 183049 开始的 16 行 ===
2025-07-23 06:17:38,231 - INFO - evaluation dataset type: test
2025-07-23 06:17:38,250 - INFO - node    precision | micro: 0.608247; macro: 0.620050; score: [0.76470588 0.4        0.7        0.45       0.76923077 0.63636364]
2025-07-23 06:17:38,250 - INFO - node    recall    | micro: 0.880597; macro: 0.870430; score: [0.92857143 0.85714286 0.77777778 0.75       0.90909091 1.        ]
2025-07-23 06:17:38,250 - INFO - node    f1        | micro: 0.719512; macro: 0.715770; score: [0.83870968 0.54545455 0.73684211 0.5625     0.83333333 0.77777778]
2025-07-23 06:17:38,277 - INFO - service precision | micro: 0.775000; macro: 0.777909; score: [1.         0.9        0.55555556 0.46153846 0.875      0.8
 0.90909091 1.         0.5       ]
2025-07-23 06:17:38,277 - INFO - service recall    | micro: 0.704545; macro: 0.724074; score: [1.         1.         0.5        0.5        0.58333333 0.53333333
 1.         1.         0.4       ]
2025-07-23 06:17:38,277 - INFO - service f1        | micro: 0.738095; macro: 0.743390; score: [1.         0.94736842 0.52631579 0.48       0.7        0.64
 0.95238095 1.         0.44444444]
2025-07-23 06:17:38,352 - INFO - pod     precision | micro: 0.618705; macro: 0.686425; score: [0.88679245 0.77586207 0.26744186 0.33333333 0.7037037  0.64705882
 0.92727273 0.96969697 0.66666667]
2025-07-23 06:17:38,352 - INFO - pod     recall    | micro: 0.785388; macro: 0.796247; score: [1.         0.97826087 0.46938776 0.56451613 0.67857143 0.80882353
 1.         1.         0.66666667]
2025-07-23 06:17:38,352 - INFO - pod     f1        | micro: 0.692153; macro: 0.732077; score: [0.94       0.86538462 0.34074074 0.41916168 0.69090909 0.71895425
 0.96226415 0.98461538 0.66666667]

=== 内容从行 186353 开始的 16 行 ===
2025-07-23 06:55:13,093 - INFO - evaluation dataset type: test
2025-07-23 06:55:13,113 - INFO - node    precision | micro: 0.608247; macro: 0.642002; score: [0.85714286 0.46153846 0.7        0.41666667 0.83333333 0.58333333]
2025-07-23 06:55:13,113 - INFO - node    recall    | micro: 0.880597; macro: 0.872415; score: [0.85714286 0.85714286 0.77777778 0.83333333 0.90909091 1.        ]
2025-07-23 06:55:13,113 - INFO - node    f1        | micro: 0.719512; macro: 0.725991; score: [0.85714286 0.6        0.73684211 0.55555556 0.86956522 0.73684211]
2025-07-23 06:55:13,140 - INFO - service precision | micro: 0.666667; macro: 0.730167; score: [1.         0.9        0.38461538 0.34782609 0.69230769 0.81818182
 1.         1.         0.42857143]
2025-07-23 06:55:13,140 - INFO - service recall    | micro: 0.772727; macro: 0.790741; score: [1.         1.         0.5        0.66666667 0.75       0.6
 1.         1.         0.6       ]
2025-07-23 06:55:13,140 - INFO - service f1        | micro: 0.715789; macro: 0.750178; score: [1.         0.94736842 0.43478261 0.45714286 0.72       0.69230769
 1.         1.         0.5       ]
2025-07-23 06:55:13,215 - INFO - pod     precision | micro: 0.578352; macro: 0.667695; score: [0.94       0.78181818 0.35443038 0.27205882 0.58108108 0.53773585
 0.92727273 0.96969697 0.64516129]
2025-07-23 06:55:13,215 - INFO - pod     recall    | micro: 0.817352; macro: 0.827758; score: [1.         0.93478261 0.57142857 0.59677419 0.76785714 0.83823529
 1.         1.         0.74074074]
2025-07-23 06:55:13,215 - INFO - pod     f1        | micro: 0.677389; macro: 0.731671; score: [0.96907216 0.85148515 0.4375     0.37373737 0.66153846 0.65517241
 0.96226415 0.98461538 0.68965517]

=== 内容从行 187185 开始的 16 行 ===
2025-07-23 07:04:32,641 - INFO - evaluation dataset type: test
2025-07-23 07:04:32,661 - INFO - node    precision | micro: 0.612903; macro: 0.665003; score: [0.82352941 0.375      0.85714286 0.40909091 0.88888889 0.63636364]
2025-07-23 07:04:32,661 - INFO - node    recall    | micro: 0.850746; macro: 0.833514; score: [1.         0.85714286 0.66666667 0.75       0.72727273 1.        ]
2025-07-23 07:04:32,661 - INFO - node    f1        | micro: 0.712500; macro: 0.713692; score: [0.90322581 0.52173913 0.75       0.52941176 0.8        0.77777778]
2025-07-23 07:04:32,688 - INFO - service precision | micro: 0.571429; macro: 0.610125; score: [1.         0.81818182 0.4        0.2173913  0.75       0.66666667
 0.66666667 0.75       0.22222222]
2025-07-23 07:04:32,688 - INFO - service recall    | micro: 0.727273; macro: 0.737037; score: [1.         1.         0.4        0.41666667 0.75       0.66666667
 1.         1.         0.4       ]
2025-07-23 07:04:32,688 - INFO - service f1        | micro: 0.640000; macro: 0.660582; score: [1.         0.9        0.4        0.28571429 0.75       0.66666667
 0.8        0.85714286 0.28571429]
2025-07-23 07:04:32,763 - INFO - pod     precision | micro: 0.544141; macro: 0.605189; score: [0.8245614  0.74576271 0.30588235 0.24603175 0.60869565 0.50505051
 0.91071429 0.8        0.5       ]
2025-07-23 07:04:32,763 - INFO - pod     recall    | micro: 0.773973; macro: 0.785002; score: [1.         0.95652174 0.53061224 0.5        0.75       0.73529412
 1.         1.         0.59259259]
2025-07-23 07:04:32,763 - INFO - pod     f1        | micro: 0.639020; macro: 0.679458; score: [0.90384615 0.83809524 0.3880597  0.32978723 0.672      0.5988024
 0.95327103 0.88888889 0.54237288]

=== 内容从行 214513 开始的 16 行 ===
2025-07-23 12:15:15,516 - INFO - evaluation dataset type: test
2025-07-23 12:15:15,536 - INFO - node    precision | micro: 0.610000; macro: 0.646741; score: [0.8125     0.4        0.7        0.38461538 0.91666667 0.66666667]
2025-07-23 12:15:15,536 - INFO - node    recall    | micro: 0.910448; macro: 0.899471; score: [0.92857143 0.85714286 0.77777778 0.83333333 1.         1.        ]
2025-07-23 12:15:15,537 - INFO - node    f1        | micro: 0.730539; macro: 0.738633; score: [0.86666667 0.54545455 0.73684211 0.52631579 0.95652174 0.8       ]
2025-07-23 12:15:15,564 - INFO - service precision | micro: 0.743902; macro: 0.780556; score: [1.    0.9   0.3   0.4   0.875 0.8   1.    1.    0.75 ]
2025-07-23 12:15:15,564 - INFO - service recall    | micro: 0.693182; macro: 0.724074; score: [1.         1.         0.3        0.5        0.58333333 0.53333333
 1.         1.         0.6       ]
2025-07-23 12:15:15,564 - INFO - service f1        | micro: 0.717647; macro: 0.744276; score: [1.         0.94736842 0.3        0.44444444 0.7        0.64
 1.         1.         0.66666667]
2025-07-23 12:15:15,639 - INFO - pod     precision | micro: 0.646630; macro: 0.715951; score: [0.95918367 0.84615385 0.36764706 0.38       0.62686567 0.54545455
 0.96226415 0.94117647 0.81481481]
2025-07-23 12:15:15,640 - INFO - pod     recall    | micro: 0.810502; macro: 0.826507; score: [1.         0.95652174 0.51020408 0.61290323 0.75       0.79411765
 1.         1.         0.81481481]
2025-07-23 12:15:15,640 - INFO - pod     f1        | micro: 0.719352; macro: 0.763170; score: [0.97916667 0.89795918 0.42735043 0.4691358  0.68292683 0.64670659
 0.98076923 0.96969697 0.81481481]
2025-07-23 12:15:15,640 - INFO - ----------

=== 内容从行 218639 开始的 16 行 ===
2025-07-23 13:02:34,682 - INFO - evaluation dataset type: test
2025-07-23 13:02:34,703 - INFO - node    precision | micro: 0.610000; macro: 0.633683; score: [0.82352941 0.42857143 0.75       0.4        0.73333333 0.66666667]
2025-07-23 13:02:34,703 - INFO - node    recall    | micro: 0.910448; macro: 0.892857; score: [1.         0.85714286 0.66666667 0.83333333 1.         1.        ]
2025-07-23 13:02:34,703 - INFO - node    f1        | micro: 0.730539; macro: 0.727872; score: [0.90322581 0.57142857 0.70588235 0.54054054 0.84615385 0.8       ]
2025-07-23 13:02:34,730 - INFO - service precision | micro: 0.709302; macro: 0.754802; score: [1.         1.         0.3        0.6        0.88888889 0.42857143
 0.90909091 1.         0.66666667]
2025-07-23 13:02:34,731 - INFO - service recall    | micro: 0.693182; macro: 0.735185; score: [1.         1.         0.3        0.25       0.66666667 0.6
 1.         1.         0.8       ]
2025-07-23 13:02:34,731 - INFO - service f1        | micro: 0.701149; macro: 0.732722; score: [1.         1.         0.3        0.35294118 0.76190476 0.5
 0.95238095 1.         0.72727273]
2025-07-23 13:02:34,816 - INFO - pod     precision | micro: 0.644660; macro: 0.716409; score: [0.88679245 0.76785714 0.28723404 0.4084507  0.87096774 0.57894737
 0.98076923 0.88888889 0.77777778]
2025-07-23 13:02:34,816 - INFO - pod     recall    | micro: 0.757991; macro: 0.780254; score: [1.         0.93478261 0.55102041 0.46774194 0.48214286 0.80882353
 1.         1.         0.77777778]
2025-07-23 13:02:34,817 - INFO - pod     f1        | micro: 0.696747; macro: 0.733515; score: [0.94       0.84313725 0.37762238 0.43609023 0.62068966 0.67484663
 0.99029126 0.94117647 0.77777778]

=== 内容从行 219473 开始的 16 行 ===
2025-07-23 13:12:14,628 - INFO - evaluation dataset type: test
2025-07-23 13:12:14,648 - INFO - node    precision | micro: 0.614583; macro: 0.651901; score: [0.82352941 0.4        0.75       0.45454545 0.9        0.58333333]
2025-07-23 13:12:14,648 - INFO - node    recall    | micro: 0.880597; macro: 0.862554; score: [1.         0.85714286 0.66666667 0.83333333 0.81818182 1.        ]
2025-07-23 13:12:14,648 - INFO - node    f1        | micro: 0.723926; macro: 0.722797; score: [0.90322581 0.54545455 0.70588235 0.58823529 0.85714286 0.73684211]
2025-07-23 13:12:14,675 - INFO - service precision | micro: 0.666667; macro: 0.697306; score: [1.         0.81818182 0.16666667 0.27272727 0.9        0.81818182
 1.         1.         0.3       ]
2025-07-23 13:12:14,675 - INFO - service recall    | micro: 0.681818; macro: 0.711111; score: [1.   1.   0.2  0.25 0.75 0.6  1.   1.   0.6 ]
2025-07-23 13:12:14,675 - INFO - service f1        | micro: 0.674157; macro: 0.694797; score: [1.         0.9        0.18181818 0.26086957 0.81818182 0.69230769
 1.         1.         0.4       ]
2025-07-23 13:12:14,758 - INFO - pod     precision | micro: 0.581126; macro: 0.648095; score: [0.8245614  0.67164179 0.30120482 0.30630631 0.58974359 0.55913978
 0.96226415 0.91428571 0.7037037 ]
2025-07-23 13:12:14,759 - INFO - pod     recall    | micro: 0.801370; macro: 0.814077; score: [1.         0.97826087 0.51020408 0.5483871  0.82142857 0.76470588
 1.         1.         0.7037037 ]
2025-07-23 13:12:14,759 - INFO - pod     f1        | micro: 0.673704; macro: 0.716043; score: [0.90384615 0.79646018 0.37878788 0.39306358 0.68656716 0.64596273
 0.98076923 0.95522388 0.7037037 ]
2025-07-23 13:12:14,759 - INFO - ----------

=== 内容从行 221958 开始的 16 行 ===
2025-07-23 13:41:02,593 - INFO - evaluation dataset type: test
2025-07-23 13:41:02,615 - INFO - node    precision | micro: 0.612245; macro: 0.640858; score: [0.8125     0.46153846 0.77777778 0.36       0.73333333 0.7       ]
2025-07-23 13:41:02,615 - INFO - node    recall    | micro: 0.895522; macro: 0.885582; score: [0.92857143 0.85714286 0.77777778 0.75       1.         1.        ]
2025-07-23 13:41:02,615 - INFO - node    f1        | micro: 0.727273; macro: 0.733436; score: [0.86666667 0.6        0.77777778 0.48648649 0.84615385 0.82352941]
2025-07-23 13:41:02,642 - INFO - service precision | micro: 0.824324; macro: 0.808642; score: [1.         0.9        0.33333333 0.44444444 1.         0.8
 1.         1.         0.8       ]
2025-07-23 13:41:02,642 - INFO - service recall    | micro: 0.693182; macro: 0.735185; score: [1.         1.         0.2        0.33333333 0.75       0.53333333
 1.         1.         0.8       ]
2025-07-23 13:41:02,642 - INFO - service f1        | micro: 0.753086; macro: 0.763940; score: [1.         0.94736842 0.25       0.38095238 0.85714286 0.64
 1.         1.         0.8       ]
2025-07-23 13:41:02,733 - INFO - pod     precision | micro: 0.663462; macro: 0.717676; score: [0.95918367 0.81481481 0.32786885 0.38888889 0.68965517 0.57894737
 0.98076923 0.94117647 0.77777778]
2025-07-23 13:41:02,733 - INFO - pod     recall    | micro: 0.787671; macro: 0.803343; score: [1.         0.95652174 0.40816327 0.56451613 0.71428571 0.80882353
 1.         1.         0.77777778]
2025-07-23 13:41:02,733 - INFO - pod     f1        | micro: 0.720251; macro: 0.755300; score: [0.97916667 0.88       0.36363636 0.46052632 0.70175439 0.67484663
 0.99029126 0.96969697 0.77777778]

=== 内容从行 236877 开始的 16 行 ===
2025-07-23 16:31:53,865 - INFO - evaluation dataset type: test
2025-07-23 16:31:53,883 - INFO - node    precision | micro: 0.606061; macro: 0.638321; score: [0.8125     0.4        0.66666667 0.45833333 0.90909091 0.58333333]
2025-07-23 16:31:53,884 - INFO - node    recall    | micro: 0.895522; macro: 0.879690; score: [0.92857143 0.85714286 0.66666667 0.91666667 0.90909091 1.        ]
2025-07-23 16:31:53,884 - INFO - node    f1        | micro: 0.722892; macro: 0.722639; score: [0.86666667 0.54545455 0.66666667 0.61111111 0.90909091 0.73684211]
2025-07-23 16:31:53,910 - INFO - service precision | micro: 0.746835; macro: 0.733025; score: [1.         0.75       0.375      0.33333333 0.75       0.88888889
 1.         1.         0.5       ]
2025-07-23 16:31:53,910 - INFO - service recall    | micro: 0.670455; macro: 0.692593; score: [1.         1.         0.3        0.25       0.75       0.53333333
 1.         1.         0.4       ]
2025-07-23 16:31:53,911 - INFO - service f1        | micro: 0.706587; macro: 0.704145; score: [1.         0.85714286 0.33333333 0.28571429 0.75       0.66666667
 1.         1.         0.44444444]
2025-07-23 16:31:53,985 - INFO - pod     precision | micro: 0.665377; macro: 0.696667; score: [0.88679245 0.74576271 0.34482759 0.39361702 0.66666667 0.7260274
 0.94444444 0.94117647 0.62068966]
2025-07-23 16:31:53,985 - INFO - pod     recall    | micro: 0.785388; macro: 0.795282; score: [1.         0.95652174 0.40816327 0.59677419 0.75       0.77941176
 1.         1.         0.66666667]
2025-07-23 16:31:53,985 - INFO - pod     f1        | micro: 0.720419; macro: 0.740880; score: [0.94       0.83809524 0.37383178 0.47435897 0.70588235 0.75177305
 0.97142857 0.96969697 0.64285714]

=== 内容从行 242687 开始的 16 行 ===
2025-07-23 17:38:07,988 - INFO - evaluation dataset type: test
2025-07-23 17:38:08,009 - INFO - node    precision | micro: 0.608247; macro: 0.627423; score: [0.8        0.35294118 0.6        0.47826087 0.83333333 0.7       ]
2025-07-23 17:38:08,009 - INFO - node    recall    | micro: 0.880597; macro: 0.867785; score: [0.85714286 0.85714286 0.66666667 0.91666667 0.90909091 1.        ]
2025-07-23 17:38:08,009 - INFO - node    f1        | micro: 0.719512; macro: 0.713472; score: [0.82758621 0.5        0.63157895 0.62857143 0.86956522 0.82352941]
2025-07-23 17:38:08,036 - INFO - service precision | micro: 0.747253; macro: 0.773349; score: [0.9        0.9        0.71428571 0.41176471 0.90909091 0.75
 1.         1.         0.375     ]
2025-07-23 17:38:08,036 - INFO - service recall    | micro: 0.772727; macro: 0.790741; score: [1.         1.         0.5        0.58333333 0.83333333 0.6
 1.         1.         0.6       ]
2025-07-23 17:38:08,036 - INFO - service f1        | micro: 0.759777; macro: 0.773722; score: [0.94736842 0.94736842 0.58823529 0.48275862 0.86956522 0.66666667
 1.         1.         0.46153846]
2025-07-23 17:38:08,128 - INFO - pod     precision | micro: 0.594958; macro: 0.671399; score: [0.8245614  0.6984127  0.38888889 0.31851852 0.7037037  0.5257732
 0.92727273 0.94117647 0.71428571]
2025-07-23 17:38:08,128 - INFO - pod     recall    | micro: 0.808219; macro: 0.821201; score: [1.         0.95652174 0.57142857 0.69354839 0.67857143 0.75
 1.         1.         0.74074074]
2025-07-23 17:38:08,128 - INFO - pod     f1        | micro: 0.685382; macro: 0.730985; score: [0.90384615 0.80733945 0.46280992 0.43654822 0.69090909 0.61818182
 0.96226415 0.96969697 0.72727273]

=== 内容从行 258457 开始的 16 行 ===
2025-07-23 20:37:56,624 - INFO - evaluation dataset type: test
2025-07-23 20:37:56,644 - INFO - node    precision | micro: 0.606061; macro: 0.638321; score: [0.8125     0.4        0.66666667 0.45833333 0.90909091 0.58333333]
2025-07-23 20:37:56,644 - INFO - node    recall    | micro: 0.895522; macro: 0.879690; score: [0.92857143 0.85714286 0.66666667 0.91666667 0.90909091 1.        ]
2025-07-23 20:37:56,644 - INFO - node    f1        | micro: 0.722892; macro: 0.722639; score: [0.86666667 0.54545455 0.66666667 0.61111111 0.90909091 0.73684211]
2025-07-23 20:37:56,672 - INFO - service precision | micro: 0.746835; macro: 0.733025; score: [1.         0.75       0.375      0.33333333 0.75       0.88888889
 1.         1.         0.5       ]
2025-07-23 20:37:56,672 - INFO - service recall    | micro: 0.670455; macro: 0.692593; score: [1.         1.         0.3        0.25       0.75       0.53333333
 1.         1.         0.4       ]
2025-07-23 20:37:56,672 - INFO - service f1        | micro: 0.706587; macro: 0.704145; score: [1.         0.85714286 0.33333333 0.28571429 0.75       0.66666667
 1.         1.         0.44444444]
2025-07-23 20:37:56,749 - INFO - pod     precision | micro: 0.665377; macro: 0.696667; score: [0.88679245 0.74576271 0.34482759 0.39361702 0.66666667 0.7260274
 0.94444444 0.94117647 0.62068966]
2025-07-23 20:37:56,749 - INFO - pod     recall    | micro: 0.785388; macro: 0.795282; score: [1.         0.95652174 0.40816327 0.59677419 0.75       0.77941176
 1.         1.         0.66666667]
2025-07-23 20:37:56,749 - INFO - pod     f1        | micro: 0.720419; macro: 0.740880; score: [0.94       0.83809524 0.37383178 0.47435897 0.70588235 0.75177305
 0.97142857 0.96969697 0.64285714]

=== 内容从行 260937 开始的 16 行 ===
2025-07-23 21:06:18,302 - INFO - evaluation dataset type: test
2025-07-23 21:06:18,323 - INFO - node    precision | micro: 0.612245; macro: 0.632242; score: [0.8125     0.42857143 0.66666667 0.4        0.78571429 0.7       ]
2025-07-23 21:06:18,323 - INFO - node    recall    | micro: 0.895522; macro: 0.880952; score: [0.92857143 0.85714286 0.66666667 0.83333333 1.         1.        ]
2025-07-23 21:06:18,323 - INFO - node    f1        | micro: 0.727273; macro: 0.724805; score: [0.86666667 0.57142857 0.66666667 0.54054054 0.88       0.82352941]
2025-07-23 21:06:18,349 - INFO - service precision | micro: 0.734940; macro: 0.774074; score: [1.         1.         0.375      0.41666667 0.875      0.5
 1.         1.         0.8       ]
2025-07-23 21:06:18,350 - INFO - service recall    | micro: 0.693182; macro: 0.737037; score: [1.         1.         0.3        0.41666667 0.58333333 0.53333333
 1.         1.         0.8       ]
2025-07-23 21:06:18,350 - INFO - service f1        | micro: 0.713450; macro: 0.751792; score: [1.         1.         0.33333333 0.41666667 0.7        0.51612903
 1.         1.         0.8       ]
2025-07-23 21:06:18,425 - INFO - pod     precision | micro: 0.620183; macro: 0.697100; score: [0.92156863 0.81481481 0.32258065 0.32110092 0.7        0.5
 1.         0.96969697 0.72413793]
2025-07-23 21:06:18,425 - INFO - pod     recall    | micro: 0.771689; macro: 0.790155; score: [1.         0.95652174 0.40816327 0.56451613 0.625      0.77941176
 1.         1.         0.77777778]
2025-07-23 21:06:18,425 - INFO - pod     f1        | micro: 0.687691; macro: 0.734788; score: [0.95918367 0.88       0.36036036 0.40935673 0.66037736 0.6091954
 1.         0.98461538 0.75      ]

=== 内容从行 261762 开始的 16 行 ===
2025-07-23 21:15:44,892 - INFO - evaluation dataset type: test
2025-07-23 21:15:44,912 - INFO - node    precision | micro: 0.610000; macro: 0.623366; score: [0.82352941 0.4        0.66666667 0.41666667 0.73333333 0.7       ]
2025-07-23 21:15:44,912 - INFO - node    recall    | micro: 0.910448; macro: 0.892857; score: [1.         0.85714286 0.66666667 0.83333333 1.         1.        ]
2025-07-23 21:15:44,912 - INFO - node    f1        | micro: 0.730539; macro: 0.723431; score: [0.90322581 0.54545455 0.66666667 0.55555556 0.84615385 0.82352941]
2025-07-23 21:15:44,940 - INFO - service precision | micro: 0.697674; macro: 0.749537; score: [1.         0.9        0.25       0.3125     1.         0.53333333
 1.         1.         0.75      ]
2025-07-23 21:15:44,941 - INFO - service recall    | micro: 0.681818; macro: 0.712963; score: [1.         1.         0.2        0.41666667 0.66666667 0.53333333
 1.         1.         0.6       ]
2025-07-23 21:15:44,941 - INFO - service f1        | micro: 0.689655; macro: 0.725193; score: [1.         0.94736842 0.22222222 0.35714286 0.8        0.53333333
 1.         1.         0.66666667]
2025-07-23 21:15:45,017 - INFO - pod     precision | micro: 0.656566; macro: 0.722319; score: [0.94       0.7962963  0.36363636 0.31818182 0.82926829 0.4953271
 0.98076923 0.96969697 0.80769231]
2025-07-23 21:15:45,018 - INFO - pod     recall    | micro: 0.742009; macro: 0.764140; score: [1.         0.93478261 0.32653061 0.4516129  0.60714286 0.77941176
 1.         1.         0.77777778]
2025-07-23 21:15:45,018 - INFO - pod     f1        | micro: 0.696677; macro: 0.735622; score: [0.96907216 0.86       0.34408602 0.37333333 0.70103093 0.60571429
 0.99029126 0.98461538 0.79245283]

=== 内容从行 262595 开始的 16 行 ===
2025-07-23 21:25:11,624 - INFO - evaluation dataset type: test
2025-07-23 21:25:11,644 - INFO - node    precision | micro: 0.606061; macro: 0.631033; score: [0.77777778 0.375      0.75       0.42857143 0.84615385 0.60869565]
2025-07-23 21:25:11,644 - INFO - node    recall    | micro: 0.895522; macro: 0.878968; score: [1.         0.85714286 0.66666667 0.75       1.         1.        ]
2025-07-23 21:25:11,644 - INFO - node    f1        | micro: 0.722892; macro: 0.720250; score: [0.875      0.52173913 0.70588235 0.54545455 0.91666667 0.75675676]
2025-07-23 21:25:11,672 - INFO - service precision | micro: 0.642202; macro: 0.715641; score: [1.         1.         0.25       0.41666667 0.83333333 0.64705882
 0.90909091 1.         0.38461538]
2025-07-23 21:25:11,672 - INFO - service recall    | micro: 0.795455; macro: 0.831481; score: [1.         1.         0.5        0.41666667 0.83333333 0.73333333
 1.         1.         1.        ]
2025-07-23 21:25:11,672 - INFO - service f1        | micro: 0.710660; macro: 0.753197; score: [1.         1.         0.33333333 0.41666667 0.83333333 0.6875
 0.95238095 1.         0.55555556]
2025-07-23 21:25:11,749 - INFO - pod     precision | micro: 0.558779; macro: 0.644581; score: [0.83928571 0.69230769 0.28       0.35164835 0.56790123 0.47008547
 0.94444444 0.88888889 0.76666667]
2025-07-23 21:25:11,749 - INFO - pod     recall    | micro: 0.835616; macro: 0.854531; score: [1.         0.97826087 0.71428571 0.51612903 0.82142857 0.80882353
 1.         1.         0.85185185]
2025-07-23 21:25:11,749 - INFO - pod     f1        | micro: 0.669716; macro: 0.725531; score: [0.91262136 0.81081081 0.40229885 0.41830065 0.67153285 0.59459459
 0.97142857 0.94117647 0.80701754]

=== 内容从行 265068 开始的 16 行 ===
2025-07-23 21:53:22,687 - INFO - evaluation dataset type: test
2025-07-23 21:53:22,706 - INFO - node    precision | micro: 0.606061; macro: 0.634081; score: [0.8        0.375      0.7        0.41666667 0.84615385 0.66666667]
2025-07-23 21:53:22,707 - INFO - node    recall    | micro: 0.895522; macro: 0.887566; score: [0.85714286 0.85714286 0.77777778 0.83333333 1.         1.        ]
2025-07-23 21:53:22,707 - INFO - node    f1        | micro: 0.722892; macro: 0.726398; score: [0.82758621 0.52173913 0.73684211 0.55555556 0.91666667 0.8       ]
2025-07-23 21:53:22,733 - INFO - service precision | micro: 0.755814; macro: 0.808131; score: [1.         1.         0.57142857 0.36842105 1.         0.66666667
 1.         1.         0.66666667]
2025-07-23 21:53:22,733 - INFO - service recall    | micro: 0.738636; macro: 0.775926; score: [1.         1.         0.4        0.58333333 0.66666667 0.53333333
 1.         1.         0.8       ]
2025-07-23 21:53:22,733 - INFO - service f1        | micro: 0.747126; macro: 0.782452; score: [1.         1.         0.47058824 0.4516129  0.8        0.59259259
 1.         1.         0.72727273]
2025-07-23 21:53:22,807 - INFO - pod     precision | micro: 0.629964; macro: 0.710335; score: [0.94       0.71666667 0.30434783 0.33333333 0.72       0.63529412
 0.98076923 0.94117647 0.82142857]
2025-07-23 21:53:22,807 - INFO - pod     recall    | micro: 0.796804; macro: 0.814400; score: [1.         0.93478261 0.42857143 0.67741935 0.64285714 0.79411765
 1.         1.         0.85185185]
2025-07-23 21:53:22,807 - INFO - pod     f1        | micro: 0.703629; macro: 0.751624; score: [0.96907216 0.81132075 0.3559322  0.44680851 0.67924528 0.70588235
 0.99029126 0.96969697 0.83636364]

=== 内容从行 288259 开始的 16 行 ===
2025-07-24 02:17:21,093 - INFO - evaluation dataset type: test
2025-07-24 02:17:21,112 - INFO - node    precision | micro: 0.610526; macro: 0.649802; score: [0.875      0.4        0.85714286 0.4        0.66666667 0.7       ]
2025-07-24 02:17:21,112 - INFO - node    recall    | micro: 0.865672; macro: 0.847403; score: [1.         0.85714286 0.66666667 0.83333333 0.72727273 1.        ]
2025-07-24 02:17:21,113 - INFO - node    f1        | micro: 0.716049; macro: 0.714752; score: [0.93333333 0.54545455 0.75       0.54054054 0.69565217 0.82352941]
2025-07-24 02:17:21,139 - INFO - service precision | micro: 0.717949; macro: 0.743407; score: [1.         0.75       0.57142857 0.26666667 1.         0.76923077
 1.         1.         0.33333333]
2025-07-24 02:17:21,140 - INFO - service recall    | micro: 0.636364; macro: 0.640741; score: [1.         1.         0.4        0.33333333 0.33333333 0.66666667
 1.         0.83333333 0.2       ]
2025-07-24 02:17:21,140 - INFO - service f1        | micro: 0.674699; macro: 0.666378; score: [1.         0.85714286 0.47058824 0.2962963  0.5        0.71428571
 1.         0.90909091 0.25      ]
2025-07-24 02:17:21,214 - INFO - pod     precision | micro: 0.639752; macro: 0.701418; score: [0.97916667 0.80357143 0.39705882 0.31081081 0.84       0.49056604
 0.98076923 0.93939394 0.57142857]
2025-07-24 02:17:21,214 - INFO - pod     recall    | micro: 0.705479; macro: 0.717017; score: [1.         0.97826087 0.55102041 0.37096774 0.375      0.76470588
 1.         0.96875    0.44444444]
2025-07-24 02:17:21,214 - INFO - pod     f1        | micro: 0.671010; macro: 0.692440; score: [0.98947368 0.88235294 0.46153846 0.33823529 0.51851852 0.59770115
 0.99029126 0.95384615 0.5       ]

=== 内容从行 298217 开始的 16 行 ===
2025-07-24 04:10:22,104 - INFO - evaluation dataset type: test
2025-07-24 04:10:22,124 - INFO - node    precision | micro: 0.610000; macro: 0.636451; score: [0.82352941 0.375      0.75       0.4        0.73333333 0.73684211]
2025-07-24 04:10:22,124 - INFO - node    recall    | micro: 0.910448; macro: 0.892857; score: [1.         0.85714286 0.66666667 0.83333333 1.         1.        ]
2025-07-24 04:10:22,124 - INFO - node    f1        | micro: 0.730539; macro: 0.727671; score: [0.90322581 0.52173913 0.70588235 0.54054054 0.84615385 0.84848485]
2025-07-24 04:10:22,151 - INFO - service precision | micro: 0.789474; macro: 0.795767; score: [1.         0.9        0.42857143 0.33333333 1.         0.75
 1.         1.         0.75      ]
2025-07-24 04:10:22,151 - INFO - service recall    | micro: 0.681818; macro: 0.707407; score: [1.         1.         0.3        0.25       0.41666667 0.8
 1.         1.         0.6       ]
2025-07-24 04:10:22,152 - INFO - service f1        | micro: 0.731707; macro: 0.735013; score: [1.         0.94736842 0.35294118 0.28571429 0.58823529 0.77419355
 1.         1.         0.66666667]
2025-07-24 04:10:22,229 - INFO - pod     precision | micro: 0.672917; macro: 0.730649; score: [0.90384615 0.78947368 0.37096774 0.33333333 0.82758621 0.61445783
 0.98076923 0.96969697 0.78571429]
2025-07-24 04:10:22,229 - INFO - pod     recall    | micro: 0.737443; macro: 0.765850; score: [1.         0.97826087 0.46938776 0.4516129  0.42857143 0.75
 1.         1.         0.81481481]
2025-07-24 04:10:22,229 - INFO - pod     f1        | micro: 0.703704; macro: 0.737374; score: [0.94949495 0.87378641 0.41441441 0.38356164 0.56470588 0.67549669
 0.99029126 0.98461538 0.8       ]

=== 内容从行 299870 开始的 16 行 ===
2025-07-24 04:29:14,774 - INFO - evaluation dataset type: test
2025-07-24 04:29:14,793 - INFO - node    precision | micro: 0.610000; macro: 0.636451; score: [0.82352941 0.375      0.75       0.4        0.73333333 0.73684211]
2025-07-24 04:29:14,794 - INFO - node    recall    | micro: 0.910448; macro: 0.892857; score: [1.         0.85714286 0.66666667 0.83333333 1.         1.        ]
2025-07-24 04:29:14,794 - INFO - node    f1        | micro: 0.730539; macro: 0.727671; score: [0.90322581 0.52173913 0.70588235 0.54054054 0.84615385 0.84848485]
2025-07-24 04:29:14,821 - INFO - service precision | micro: 0.789474; macro: 0.795767; score: [1.         0.9        0.42857143 0.33333333 1.         0.75
 1.         1.         0.75      ]
2025-07-24 04:29:14,821 - INFO - service recall    | micro: 0.681818; macro: 0.707407; score: [1.         1.         0.3        0.25       0.41666667 0.8
 1.         1.         0.6       ]
2025-07-24 04:29:14,821 - INFO - service f1        | micro: 0.731707; macro: 0.735013; score: [1.         0.94736842 0.35294118 0.28571429 0.58823529 0.77419355
 1.         1.         0.66666667]
2025-07-24 04:29:14,897 - INFO - pod     precision | micro: 0.672917; macro: 0.730649; score: [0.90384615 0.78947368 0.37096774 0.33333333 0.82758621 0.61445783
 0.98076923 0.96969697 0.78571429]
2025-07-24 04:29:14,897 - INFO - pod     recall    | micro: 0.737443; macro: 0.765850; score: [1.         0.97826087 0.46938776 0.4516129  0.42857143 0.75
 1.         1.         0.81481481]
2025-07-24 04:29:14,897 - INFO - pod     f1        | micro: 0.703704; macro: 0.737374; score: [0.94949495 0.87378641 0.41441441 0.38356164 0.56470588 0.67549669
 0.99029126 0.98461538 0.8       ]

=== 内容从行 303193 开始的 16 行 ===
2025-07-24 05:06:56,215 - INFO - evaluation dataset type: test
2025-07-24 05:06:56,235 - INFO - node    precision | micro: 0.614583; macro: 0.648876; score: [0.85714286 0.375      0.75       0.4        0.73333333 0.77777778]
2025-07-24 05:06:56,235 - INFO - node    recall    | micro: 0.880597; macro: 0.869048; score: [0.85714286 0.85714286 0.66666667 0.83333333 1.         1.        ]
2025-07-24 05:06:56,235 - INFO - node    f1        | micro: 0.723926; macro: 0.724410; score: [0.85714286 0.52173913 0.70588235 0.54054054 0.84615385 0.875     ]
2025-07-24 05:06:56,262 - INFO - service precision | micro: 0.725000; macro: 0.746744; score: [1.         0.9        0.75       0.30769231 0.85714286 0.61538462
 0.83333333 0.85714286 0.6       ]
2025-07-24 05:06:56,262 - INFO - service recall    | micro: 0.659091; macro: 0.696296; score: [1.         1.         0.3        0.33333333 0.5        0.53333333
 1.         1.         0.6       ]
2025-07-24 05:06:56,263 - INFO - service f1        | micro: 0.690476; macro: 0.703457; score: [1.         0.94736842 0.42857143 0.32       0.63157895 0.57142857
 0.90909091 0.92307692 0.6       ]
2025-07-24 05:06:56,339 - INFO - pod     precision | micro: 0.662109; macro: 0.709224; score: [0.95918367 0.69230769 0.46938776 0.32222222 0.7254902  0.58426966
 0.94444444 0.88571429 0.8       ]
2025-07-24 05:06:56,339 - INFO - pod     recall    | micro: 0.773973; macro: 0.799828; score: [1.         0.97826087 0.46938776 0.46774194 0.66071429 0.76470588
 1.         0.96875    0.88888889]
2025-07-24 05:06:56,340 - INFO - pod     f1        | micro: 0.713684; macro: 0.748207; score: [0.97916667 0.81081081 0.46938776 0.38157895 0.69158879 0.66242038
 0.97142857 0.92537313 0.84210526]

=== 内容从行 316458 开始的 16 行 ===
2025-07-24 07:37:41,298 - INFO - evaluation dataset type: test
2025-07-24 07:37:41,365 - INFO - node    precision | micro: 0.610000; macro: 0.644464; score: [0.77777778 0.375      0.85714286 0.43478261 0.78571429 0.63636364]
2025-07-24 07:37:41,365 - INFO - node    recall    | micro: 0.910448; macro: 0.892857; score: [1.         0.85714286 0.66666667 0.83333333 1.         1.        ]
2025-07-24 07:37:41,365 - INFO - node    f1        | micro: 0.730539; macro: 0.729324; score: [0.875      0.52173913 0.75       0.57142857 0.88       0.77777778]
2025-07-24 07:37:41,393 - INFO - service precision | micro: 0.746479; macro: 0.729056; score: [1.         0.75       0.33333333 0.33333333 0.88888889 0.875
 1.         0.71428571 0.66666667]
2025-07-24 07:37:41,393 - INFO - service recall    | micro: 0.602273; macro: 0.620988; score: [0.88888889 1.         0.1        0.33333333 0.66666667 0.46666667
 0.9        0.83333333 0.4       ]
2025-07-24 07:37:41,394 - INFO - service f1        | micro: 0.666667; macro: 0.652522; score: [0.94117647 0.85714286 0.15384615 0.33333333 0.76190476 0.60869565
 0.94736842 0.76923077 0.5       ]
2025-07-24 07:37:41,469 - INFO - pod     precision | micro: 0.596120; macro: 0.630192; score: [0.81034483 0.47368421 0.359375   0.37804878 0.66666667 0.5952381
 0.91071429 0.82051282 0.65714286]
2025-07-24 07:37:41,469 - INFO - pod     recall    | micro: 0.771689; macro: 0.797517; score: [1.         0.97826087 0.46938776 0.5        0.64285714 0.73529412
 1.         1.         0.85185185]
2025-07-24 07:37:41,470 - INFO - pod     f1        | micro: 0.672637; macro: 0.697803; score: [0.8952381  0.63829787 0.40707965 0.43055556 0.65454545 0.65789474
 0.95327103 0.90140845 0.74193548]

=== 内容从行 333056 开始的 16 行 ===
2025-07-24 10:46:35,304 - INFO - evaluation dataset type: test
2025-07-24 10:46:35,326 - INFO - node    precision | micro: 0.614583; macro: 0.646340; score: [0.8        0.42857143 0.75       0.40740741 0.71428571 0.77777778]
2025-07-24 10:46:35,326 - INFO - node    recall    | micro: 0.880597; macro: 0.867785; score: [0.85714286 0.85714286 0.66666667 0.91666667 0.90909091 1.        ]
2025-07-24 10:46:35,326 - INFO - node    f1        | micro: 0.723926; macro: 0.724000; score: [0.82758621 0.57142857 0.70588235 0.56410256 0.8        0.875     ]
2025-07-24 10:46:35,354 - INFO - service precision | micro: 0.737500; macro: 0.759127; score: [0.9        1.         0.66666667 0.375      0.85714286 0.7
 1.         1.         0.33333333]
2025-07-24 10:46:35,354 - INFO - service recall    | micro: 0.670455; macro: 0.696296; score: [1.         1.         0.4        0.5        0.5        0.46666667
 1.         1.         0.4       ]
2025-07-24 10:46:35,354 - INFO - service f1        | micro: 0.702381; macro: 0.714573; score: [0.94736842 1.         0.5        0.42857143 0.63157895 0.56
 1.         1.         0.36363636]
2025-07-24 10:46:35,432 - INFO - pod     precision | micro: 0.607527; macro: 0.653075; score: [0.87037037 0.78947368 0.3        0.36893204 0.66666667 0.58139535
 0.94444444 0.84210526 0.51428571]
2025-07-24 10:46:35,432 - INFO - pod     recall    | micro: 0.773973; macro: 0.787785; score: [1.         0.97826087 0.48979592 0.61290323 0.60714286 0.73529412
 1.         1.         0.66666667]
2025-07-24 10:46:35,432 - INFO - pod     f1        | micro: 0.680723; macro: 0.709823; score: [0.93069307 0.87378641 0.37209302 0.46060606 0.63551402 0.64935065
 0.97142857 0.91428571 0.58064516]

=== 内容从行 334719 开始的 16 行 ===
2025-07-24 11:05:28,386 - INFO - evaluation dataset type: test
2025-07-24 11:05:28,407 - INFO - node    precision | micro: 0.606061; macro: 0.642636; score: [0.875      0.46153846 0.85714286 0.39130435 0.6875     0.58333333]
2025-07-24 11:05:28,407 - INFO - node    recall    | micro: 0.895522; macro: 0.878968; score: [1.         0.85714286 0.66666667 0.75       1.         1.        ]
2025-07-24 11:05:28,407 - INFO - node    f1        | micro: 0.722892; macro: 0.724879; score: [0.93333333 0.6        0.75       0.51428571 0.81481481 0.73684211]
2025-07-24 11:05:28,434 - INFO - service precision | micro: 0.546218; macro: 0.583484; score: [1.         0.5625     0.5        0.20833333 0.64285714 0.64285714
 0.90909091 0.5        0.28571429]
2025-07-24 11:05:28,434 - INFO - service recall    | micro: 0.738636; macro: 0.751852; score: [1.         1.         0.6        0.41666667 0.75       0.6
 1.         1.         0.4       ]
2025-07-24 11:05:28,434 - INFO - service f1        | micro: 0.628019; macro: 0.645401; score: [1.         0.72       0.54545455 0.27777778 0.69230769 0.62068966
 0.95238095 0.66666667 0.33333333]
2025-07-24 11:05:28,509 - INFO - pod     precision | micro: 0.457895; macro: 0.517280; score: [0.83928571 0.32608696 0.32978723 0.22727273 0.50588235 0.51612903
 0.89473684 0.62745098 0.38888889]
2025-07-24 11:05:28,510 - INFO - pod     recall    | micro: 0.794521; macro: 0.816256; score: [1.         0.97826087 0.63265306 0.48387097 0.76785714 0.70588235
 1.         1.         0.77777778]
2025-07-24 11:05:28,510 - INFO - pod     f1        | micro: 0.580968; macro: 0.620538; score: [0.91262136 0.48913043 0.43356643 0.30927835 0.60992908 0.59627329
 0.94444444 0.77108434 0.51851852]

=== 内容从行 347201 开始的 16 行 ===
2025-07-24 13:27:05,548 - INFO - evaluation dataset type: test
2025-07-24 13:27:05,568 - INFO - node    precision | micro: 0.608247; macro: 0.638033; score: [0.85714286 0.35294118 0.75       0.43478261 0.73333333 0.7       ]
2025-07-24 13:27:05,568 - INFO - node    recall    | micro: 0.880597; macro: 0.869048; score: [0.85714286 0.85714286 0.66666667 0.83333333 1.         1.        ]
2025-07-24 13:27:05,569 - INFO - node    f1        | micro: 0.719512; macro: 0.717356; score: [0.85714286 0.5        0.70588235 0.57142857 0.84615385 0.82352941]
2025-07-24 13:27:05,595 - INFO - service precision | micro: 0.758621; macro: 0.776853; score: [1.         0.81818182 0.71428571 0.30769231 0.81818182 0.83333333
 0.83333333 1.         0.66666667]
2025-07-24 13:27:05,595 - INFO - service recall    | micro: 0.750000; macro: 0.783333; score: [1.         1.         0.5        0.33333333 0.75       0.66666667
 1.         1.         0.8       ]
2025-07-24 13:27:05,596 - INFO - service f1        | micro: 0.754286; macro: 0.774216; score: [1.         0.9        0.58823529 0.32       0.7826087  0.74074074
 0.90909091 1.         0.72727273]
2025-07-24 13:27:05,676 - INFO - pod     precision | micro: 0.636201; macro: 0.687183; score: [0.90384615 0.74576271 0.43373494 0.36470588 0.63793103 0.54639175
 0.91071429 0.91428571 0.72727273]
2025-07-24 13:27:05,676 - INFO - pod     recall    | micro: 0.810502; macro: 0.835581; score: [1.         0.95652174 0.73469388 0.5        0.66071429 0.77941176
 1.         1.         0.88888889]
2025-07-24 13:27:05,676 - INFO - pod     f1        | micro: 0.712851; macro: 0.750539; score: [0.94949495 0.83809524 0.54545455 0.42176871 0.64912281 0.64242424
 0.95327103 0.95522388 0.8       ]

=== 内容从行 362967 开始的 16 行 ===
2025-07-24 16:26:06,378 - INFO - evaluation dataset type: test
2025-07-24 16:26:06,398 - INFO - node    precision | micro: 0.613861; macro: 0.640235; score: [0.82352941 0.35294118 0.77777778 0.43478261 0.78571429 0.66666667]
2025-07-24 16:26:06,398 - INFO - node    recall    | micro: 0.925373; macro: 0.911376; score: [1.         0.85714286 0.77777778 0.83333333 1.         1.        ]
2025-07-24 16:26:06,398 - INFO - node    f1        | micro: 0.738095; macro: 0.738739; score: [0.90322581 0.5        0.77777778 0.57142857 0.88       0.8       ]
2025-07-24 16:26:06,425 - INFO - service precision | micro: 0.746835; macro: 0.754241; score: [1.         0.81818182 0.5        0.25       0.875      0.76923077
 0.90909091 1.         0.66666667]
2025-07-24 16:26:06,425 - INFO - service recall    | micro: 0.670455; macro: 0.688889; score: [1.         1.         0.3        0.25       0.58333333 0.66666667
 1.         1.         0.4       ]
2025-07-24 16:26:06,425 - INFO - service f1        | micro: 0.706587; macro: 0.710185; score: [1.         0.9        0.375      0.25       0.7        0.71428571
 0.95238095 1.         0.5       ]
2025-07-24 16:26:06,500 - INFO - pod     precision | micro: 0.686567; macro: 0.752254; score: [0.94       0.86538462 0.5        0.33695652 0.87096774 0.53535354
 0.96226415 0.94117647 0.81818182]
2025-07-24 16:26:06,500 - INFO - pod     recall    | micro: 0.735160; macro: 0.752648; score: [1.         0.97826087 0.36734694 0.5        0.48214286 0.77941176
 1.         1.         0.66666667]
2025-07-24 16:26:06,501 - INFO - pod     f1        | micro: 0.710033; macro: 0.739350; score: [0.96907216 0.91836735 0.42352941 0.4025974  0.62068966 0.63473054
 0.98076923 0.96969697 0.73469388]

=== 内容从行 364625 开始的 16 行 ===
2025-07-24 16:45:01,944 - INFO - evaluation dataset type: test
2025-07-24 16:45:01,965 - INFO - node    precision | micro: 0.613861; macro: 0.640235; score: [0.82352941 0.35294118 0.77777778 0.43478261 0.78571429 0.66666667]
2025-07-24 16:45:01,965 - INFO - node    recall    | micro: 0.925373; macro: 0.911376; score: [1.         0.85714286 0.77777778 0.83333333 1.         1.        ]
2025-07-24 16:45:01,965 - INFO - node    f1        | micro: 0.738095; macro: 0.738739; score: [0.90322581 0.5        0.77777778 0.57142857 0.88       0.8       ]
2025-07-24 16:45:01,994 - INFO - service precision | micro: 0.746835; macro: 0.754241; score: [1.         0.81818182 0.5        0.25       0.875      0.76923077
 0.90909091 1.         0.66666667]
2025-07-24 16:45:01,994 - INFO - service recall    | micro: 0.670455; macro: 0.688889; score: [1.         1.         0.3        0.25       0.58333333 0.66666667
 1.         1.         0.4       ]
2025-07-24 16:45:01,994 - INFO - service f1        | micro: 0.706587; macro: 0.710185; score: [1.         0.9        0.375      0.25       0.7        0.71428571
 0.95238095 1.         0.5       ]
2025-07-24 16:45:02,070 - INFO - pod     precision | micro: 0.686567; macro: 0.752254; score: [0.94       0.86538462 0.5        0.33695652 0.87096774 0.53535354
 0.96226415 0.94117647 0.81818182]
2025-07-24 16:45:02,070 - INFO - pod     recall    | micro: 0.735160; macro: 0.752648; score: [1.         0.97826087 0.36734694 0.5        0.48214286 0.77941176
 1.         1.         0.66666667]
2025-07-24 16:45:02,070 - INFO - pod     f1        | micro: 0.710033; macro: 0.739350; score: [0.96907216 0.91836735 0.42352941 0.4025974  0.62068966 0.63473054
 0.98076923 0.96969697 0.73469388]

=== 内容从行 372911 开始的 16 行 ===
2025-07-24 18:19:24,794 - INFO - evaluation dataset type: test
2025-07-24 18:19:24,815 - INFO - node    precision | micro: 0.607843; macro: 0.626276; score: [0.8125     0.4        0.63636364 0.42307692 0.78571429 0.7       ]
2025-07-24 18:19:24,815 - INFO - node    recall    | micro: 0.925373; macro: 0.913360; score: [0.92857143 0.85714286 0.77777778 0.91666667 1.         1.        ]
2025-07-24 18:19:24,815 - INFO - node    f1        | micro: 0.733728; macro: 0.732433; score: [0.86666667 0.54545455 0.7        0.57894737 0.88       0.82352941]
2025-07-24 18:19:24,842 - INFO - service precision | micro: 0.771084; macro: 0.807744; score: [1.         0.81818182 0.625      0.33333333 0.875      0.81818182
 1.         1.         0.8       ]
2025-07-24 18:19:24,842 - INFO - service recall    | micro: 0.727273; macro: 0.766667; score: [1.         1.         0.5        0.41666667 0.58333333 0.6
 1.         1.         0.8       ]
2025-07-24 18:19:24,842 - INFO - service f1        | micro: 0.748538; macro: 0.779804; score: [1.         0.9        0.55555556 0.37037037 0.7        0.69230769
 1.         1.         0.8       ]
2025-07-24 18:19:24,919 - INFO - pod     precision | micro: 0.629032; macro: 0.693363; score: [0.8245614  0.73770492 0.39189189 0.33009709 0.69811321 0.56382979
 0.98076923 0.88571429 0.82758621]
2025-07-24 18:19:24,919 - INFO - pod     recall    | micro: 0.801370; macro: 0.824028; score: [1.         0.97826087 0.59183673 0.5483871  0.66071429 0.77941176
 1.         0.96875    0.88888889]
2025-07-24 18:19:24,919 - INFO - pod     f1        | micro: 0.704819; macro: 0.748296; score: [0.90384615 0.8411215  0.47154472 0.41212121 0.67889908 0.65432099
 0.99029126 0.92537313 0.85714286]

=== 内容从行 373737 开始的 16 行 ===
2025-07-24 18:28:54,339 - INFO - evaluation dataset type: test
2025-07-24 18:28:54,359 - INFO - node    precision | micro: 0.610000; macro: 0.643943; score: [0.875      0.35294118 0.75       0.4        0.78571429 0.7       ]
2025-07-24 18:28:54,359 - INFO - node    recall    | micro: 0.910448; macro: 0.892857; score: [1.         0.85714286 0.66666667 0.83333333 1.         1.        ]
2025-07-24 18:28:54,359 - INFO - node    f1        | micro: 0.730539; macro: 0.730548; score: [0.93333333 0.5        0.70588235 0.54054054 0.88       0.82352941]
2025-07-24 18:28:54,390 - INFO - service precision | micro: 0.693069; macro: 0.771868; score: [1.         0.9        0.42105263 0.33333333 0.75       0.83333333
 0.90909091 1.         0.8       ]
2025-07-24 18:28:54,391 - INFO - service recall    | micro: 0.795455; macro: 0.816667; score: [1.         1.         0.8        0.5        0.75       0.66666667
 1.         0.83333333 0.8       ]
2025-07-24 18:28:54,391 - INFO - service f1        | micro: 0.740741; macro: 0.783478; score: [1.         0.94736842 0.55172414 0.4        0.75       0.74074074
 0.95238095 0.90909091 0.8       ]
2025-07-24 18:28:54,467 - INFO - pod     precision | micro: 0.642593; macro: 0.720296; score: [0.95918367 0.83333333 0.33333333 0.33333333 0.62962963 0.63855422
 0.96226415 0.94117647 0.85185185]
2025-07-24 18:28:54,467 - INFO - pod     recall    | micro: 0.792237; macro: 0.814689; score: [1.         0.97826087 0.55102041 0.56451613 0.60714286 0.77941176
 1.         1.         0.85185185]
2025-07-24 18:28:54,468 - INFO - pod     f1        | micro: 0.709611; macro: 0.759578; score: [0.97916667 0.9        0.41538462 0.41916168 0.61818182 0.70198675
 0.98076923 0.96969697 0.85185185]

=== 内容从行 375396 开始的 16 行 ===
2025-07-24 18:47:45,084 - INFO - evaluation dataset type: test
2025-07-24 18:47:45,104 - INFO - node    precision | micro: 0.610000; macro: 0.643943; score: [0.875      0.35294118 0.75       0.4        0.78571429 0.7       ]
2025-07-24 18:47:45,104 - INFO - node    recall    | micro: 0.910448; macro: 0.892857; score: [1.         0.85714286 0.66666667 0.83333333 1.         1.        ]
2025-07-24 18:47:45,104 - INFO - node    f1        | micro: 0.730539; macro: 0.730548; score: [0.93333333 0.5        0.70588235 0.54054054 0.88       0.82352941]
2025-07-24 18:47:45,131 - INFO - service precision | micro: 0.693069; macro: 0.771868; score: [1.         0.9        0.42105263 0.33333333 0.75       0.83333333
 0.90909091 1.         0.8       ]
2025-07-24 18:47:45,131 - INFO - service recall    | micro: 0.795455; macro: 0.816667; score: [1.         1.         0.8        0.5        0.75       0.66666667
 1.         0.83333333 0.8       ]
2025-07-24 18:47:45,131 - INFO - service f1        | micro: 0.740741; macro: 0.783478; score: [1.         0.94736842 0.55172414 0.4        0.75       0.74074074
 0.95238095 0.90909091 0.8       ]
2025-07-24 18:47:45,206 - INFO - pod     precision | micro: 0.642593; macro: 0.720296; score: [0.95918367 0.83333333 0.33333333 0.33333333 0.62962963 0.63855422
 0.96226415 0.94117647 0.85185185]
2025-07-24 18:47:45,206 - INFO - pod     recall    | micro: 0.792237; macro: 0.814689; score: [1.         0.97826087 0.55102041 0.56451613 0.60714286 0.77941176
 1.         1.         0.85185185]
2025-07-24 18:47:45,207 - INFO - pod     f1        | micro: 0.709611; macro: 0.759578; score: [0.97916667 0.9        0.41538462 0.41916168 0.61818182 0.70198675
 0.98076923 0.96969697 0.85185185]

=== 内容从行 377055 开始的 16 行 ===
2025-07-24 19:06:39,238 - INFO - evaluation dataset type: test
2025-07-24 19:06:39,260 - INFO - node    precision | micro: 0.612245; macro: 0.637349; score: [0.8125     0.33333333 0.71428571 0.47826087 0.78571429 0.7       ]
2025-07-24 19:06:39,260 - INFO - node    recall    | micro: 0.895522; macro: 0.876323; score: [0.92857143 0.85714286 0.55555556 0.91666667 1.         1.        ]
2025-07-24 19:06:39,260 - INFO - node    f1        | micro: 0.727273; macro: 0.717295; score: [0.86666667 0.48       0.625      0.62857143 0.88       0.82352941]
2025-07-24 19:06:39,288 - INFO - service precision | micro: 0.729412; macro: 0.740689; score: [1.         0.9        0.4        0.36363636 0.8        0.76923077
 0.83333333 1.         0.6       ]
2025-07-24 19:06:39,288 - INFO - service recall    | micro: 0.704545; macro: 0.722222; score: [1.         1.         0.4        0.33333333 0.66666667 0.66666667
 1.         0.83333333 0.6       ]
2025-07-24 19:06:39,288 - INFO - service f1        | micro: 0.716763; macro: 0.728326; score: [1.         0.94736842 0.4        0.34782609 0.72727273 0.71428571
 0.90909091 0.90909091 0.6       ]
2025-07-24 19:06:39,368 - INFO - pod     precision | micro: 0.636882; macro: 0.706338; score: [0.92156863 0.75862069 0.36585366 0.29347826 0.66       0.62650602
 0.96226415 0.96875    0.8       ]
2025-07-24 19:06:39,368 - INFO - pod     recall    | micro: 0.764840; macro: 0.785304; score: [1.         0.95652174 0.6122449  0.43548387 0.58928571 0.76470588
 1.         0.96875    0.74074074]
2025-07-24 19:06:39,368 - INFO - pod     f1        | micro: 0.695021; macro: 0.738237; score: [0.95918367 0.84615385 0.45801527 0.35064935 0.62264151 0.68874172
 0.98076923 0.96875    0.76923077]

=== 内容从行 394471 开始的 16 行 ===
2025-07-24 22:24:39,678 - INFO - evaluation dataset type: test
2025-07-24 22:24:39,697 - INFO - node    precision | micro: 0.607843; macro: 0.626276; score: [0.8125     0.4        0.63636364 0.42307692 0.78571429 0.7       ]
2025-07-24 22:24:39,697 - INFO - node    recall    | micro: 0.925373; macro: 0.913360; score: [0.92857143 0.85714286 0.77777778 0.91666667 1.         1.        ]
2025-07-24 22:24:39,697 - INFO - node    f1        | micro: 0.733728; macro: 0.732433; score: [0.86666667 0.54545455 0.7        0.57894737 0.88       0.82352941]
2025-07-24 22:24:39,724 - INFO - service precision | micro: 0.771084; macro: 0.807744; score: [1.         0.81818182 0.625      0.33333333 0.875      0.81818182
 1.         1.         0.8       ]
2025-07-24 22:24:39,724 - INFO - service recall    | micro: 0.727273; macro: 0.766667; score: [1.         1.         0.5        0.41666667 0.58333333 0.6
 1.         1.         0.8       ]
2025-07-24 22:24:39,724 - INFO - service f1        | micro: 0.748538; macro: 0.779804; score: [1.         0.9        0.55555556 0.37037037 0.7        0.69230769
 1.         1.         0.8       ]
2025-07-24 22:24:39,799 - INFO - pod     precision | micro: 0.629032; macro: 0.693363; score: [0.8245614  0.73770492 0.39189189 0.33009709 0.69811321 0.56382979
 0.98076923 0.88571429 0.82758621]
2025-07-24 22:24:39,799 - INFO - pod     recall    | micro: 0.801370; macro: 0.824028; score: [1.         0.97826087 0.59183673 0.5483871  0.66071429 0.77941176
 1.         0.96875    0.88888889]
2025-07-24 22:24:39,799 - INFO - pod     f1        | micro: 0.704819; macro: 0.748296; score: [0.90384615 0.8411215  0.47154472 0.41212121 0.67889908 0.65432099
 0.99029126 0.92537313 0.85714286]

=== 内容从行 395297 开始的 16 行 ===
2025-07-24 22:34:01,808 - INFO - evaluation dataset type: test
2025-07-24 22:34:01,827 - INFO - node    precision | micro: 0.610000; macro: 0.643943; score: [0.875      0.35294118 0.75       0.4        0.78571429 0.7       ]
2025-07-24 22:34:01,827 - INFO - node    recall    | micro: 0.910448; macro: 0.892857; score: [1.         0.85714286 0.66666667 0.83333333 1.         1.        ]
2025-07-24 22:34:01,827 - INFO - node    f1        | micro: 0.730539; macro: 0.730548; score: [0.93333333 0.5        0.70588235 0.54054054 0.88       0.82352941]
2025-07-24 22:34:01,854 - INFO - service precision | micro: 0.693069; macro: 0.771868; score: [1.         0.9        0.42105263 0.33333333 0.75       0.83333333
 0.90909091 1.         0.8       ]
2025-07-24 22:34:01,854 - INFO - service recall    | micro: 0.795455; macro: 0.816667; score: [1.         1.         0.8        0.5        0.75       0.66666667
 1.         0.83333333 0.8       ]
2025-07-24 22:34:01,854 - INFO - service f1        | micro: 0.740741; macro: 0.783478; score: [1.         0.94736842 0.55172414 0.4        0.75       0.74074074
 0.95238095 0.90909091 0.8       ]
2025-07-24 22:34:01,928 - INFO - pod     precision | micro: 0.642593; macro: 0.720296; score: [0.95918367 0.83333333 0.33333333 0.33333333 0.62962963 0.63855422
 0.96226415 0.94117647 0.85185185]
2025-07-24 22:34:01,928 - INFO - pod     recall    | micro: 0.792237; macro: 0.814689; score: [1.         0.97826087 0.55102041 0.56451613 0.60714286 0.77941176
 1.         1.         0.85185185]
2025-07-24 22:34:01,928 - INFO - pod     f1        | micro: 0.709611; macro: 0.759578; score: [0.97916667 0.9        0.41538462 0.41916168 0.61818182 0.70198675
 0.98076923 0.96969697 0.85185185]

=== 内容从行 396956 开始的 16 行 ===
2025-07-24 22:52:46,500 - INFO - evaluation dataset type: test
2025-07-24 22:52:46,519 - INFO - node    precision | micro: 0.610000; macro: 0.643943; score: [0.875      0.35294118 0.75       0.4        0.78571429 0.7       ]
2025-07-24 22:52:46,519 - INFO - node    recall    | micro: 0.910448; macro: 0.892857; score: [1.         0.85714286 0.66666667 0.83333333 1.         1.        ]
2025-07-24 22:52:46,520 - INFO - node    f1        | micro: 0.730539; macro: 0.730548; score: [0.93333333 0.5        0.70588235 0.54054054 0.88       0.82352941]
2025-07-24 22:52:46,546 - INFO - service precision | micro: 0.693069; macro: 0.771868; score: [1.         0.9        0.42105263 0.33333333 0.75       0.83333333
 0.90909091 1.         0.8       ]
2025-07-24 22:52:46,546 - INFO - service recall    | micro: 0.795455; macro: 0.816667; score: [1.         1.         0.8        0.5        0.75       0.66666667
 1.         0.83333333 0.8       ]
2025-07-24 22:52:46,546 - INFO - service f1        | micro: 0.740741; macro: 0.783478; score: [1.         0.94736842 0.55172414 0.4        0.75       0.74074074
 0.95238095 0.90909091 0.8       ]
2025-07-24 22:52:46,622 - INFO - pod     precision | micro: 0.642593; macro: 0.720296; score: [0.95918367 0.83333333 0.33333333 0.33333333 0.62962963 0.63855422
 0.96226415 0.94117647 0.85185185]
2025-07-24 22:52:46,622 - INFO - pod     recall    | micro: 0.792237; macro: 0.814689; score: [1.         0.97826087 0.55102041 0.56451613 0.60714286 0.77941176
 1.         1.         0.85185185]
2025-07-24 22:52:46,623 - INFO - pod     f1        | micro: 0.709611; macro: 0.759578; score: [0.97916667 0.9        0.41538462 0.41916168 0.61818182 0.70198675
 0.98076923 0.96969697 0.85185185]

=== 内容从行 398615 开始的 16 行 ===
2025-07-24 23:11:25,539 - INFO - evaluation dataset type: test
2025-07-24 23:11:25,558 - INFO - node    precision | micro: 0.612245; macro: 0.637349; score: [0.8125     0.33333333 0.71428571 0.47826087 0.78571429 0.7       ]
2025-07-24 23:11:25,558 - INFO - node    recall    | micro: 0.895522; macro: 0.876323; score: [0.92857143 0.85714286 0.55555556 0.91666667 1.         1.        ]
2025-07-24 23:11:25,558 - INFO - node    f1        | micro: 0.727273; macro: 0.717295; score: [0.86666667 0.48       0.625      0.62857143 0.88       0.82352941]
2025-07-24 23:11:25,585 - INFO - service precision | micro: 0.729412; macro: 0.740689; score: [1.         0.9        0.4        0.36363636 0.8        0.76923077
 0.83333333 1.         0.6       ]
2025-07-24 23:11:25,585 - INFO - service recall    | micro: 0.704545; macro: 0.722222; score: [1.         1.         0.4        0.33333333 0.66666667 0.66666667
 1.         0.83333333 0.6       ]
2025-07-24 23:11:25,586 - INFO - service f1        | micro: 0.716763; macro: 0.728326; score: [1.         0.94736842 0.4        0.34782609 0.72727273 0.71428571
 0.90909091 0.90909091 0.6       ]
2025-07-24 23:11:25,661 - INFO - pod     precision | micro: 0.636882; macro: 0.706338; score: [0.92156863 0.75862069 0.36585366 0.29347826 0.66       0.62650602
 0.96226415 0.96875    0.8       ]
2025-07-24 23:11:25,661 - INFO - pod     recall    | micro: 0.764840; macro: 0.785304; score: [1.         0.95652174 0.6122449  0.43548387 0.58928571 0.76470588
 1.         0.96875    0.74074074]
2025-07-24 23:11:25,661 - INFO - pod     f1        | micro: 0.695021; macro: 0.738237; score: [0.95918367 0.84615385 0.45801527 0.35064935 0.62264151 0.68874172
 0.98076923 0.96875    0.76923077]

=== 内容从行 404434 开始的 16 行 ===
2025-07-25 00:16:55,291 - INFO - evaluation dataset type: test
2025-07-25 00:16:55,311 - INFO - node    precision | micro: 0.606061; macro: 0.631250; score: [0.8125     0.375      0.75       0.41666667 0.73333333 0.7       ]
2025-07-25 00:16:55,311 - INFO - node    recall    | micro: 0.895522; macro: 0.880952; score: [0.92857143 0.85714286 0.66666667 0.83333333 1.         1.        ]
2025-07-25 00:16:55,311 - INFO - node    f1        | micro: 0.722892; macro: 0.719921; score: [0.86666667 0.52173913 0.70588235 0.55555556 0.84615385 0.82352941]
2025-07-25 00:16:55,338 - INFO - service precision | micro: 0.627273; macro: 0.716419; score: [1.         0.9        0.5        0.28571429 0.81818182 0.43478261
 0.90909091 1.         0.6       ]
2025-07-25 00:16:55,338 - INFO - service recall    | micro: 0.784091; macro: 0.801852; score: [1.         1.         0.7        0.5        0.75       0.66666667
 1.         1.         0.6       ]
2025-07-25 00:16:55,338 - INFO - service f1        | micro: 0.696970; macro: 0.750627; score: [1.         0.94736842 0.58333333 0.36363636 0.7826087  0.52631579
 0.95238095 1.         0.6       ]
2025-07-25 00:16:55,414 - INFO - pod     precision | micro: 0.580227; macro: 0.679502; score: [0.85454545 0.83018868 0.3255814  0.2983871  0.58208955 0.48717949
 0.94444444 1.         0.79310345]
2025-07-25 00:16:55,414 - INFO - pod     recall    | micro: 0.817352; macro: 0.834582; score: [1.         0.95652174 0.57142857 0.59677419 0.69642857 0.83823529
 1.         1.         0.85185185]
2025-07-25 00:16:55,414 - INFO - pod     f1        | micro: 0.678673; macro: 0.740705; score: [0.92156863 0.88888889 0.41481481 0.39784946 0.63414634 0.61621622
 0.97142857 1.         0.82142857]

=== 内容从行 406913 开始的 16 行 ===
2025-07-25 00:45:03,450 - INFO - evaluation dataset type: test
2025-07-25 00:45:03,470 - INFO - node    precision | micro: 0.606061; macro: 0.618883; score: [0.76470588 0.375      0.66666667 0.45454545 0.78571429 0.66666667]
2025-07-25 00:45:03,470 - INFO - node    recall    | micro: 0.895522; macro: 0.880952; score: [0.92857143 0.85714286 0.66666667 0.83333333 1.         1.        ]
2025-07-25 00:45:03,470 - INFO - node    f1        | micro: 0.722892; macro: 0.715892; score: [0.83870968 0.52173913 0.66666667 0.58823529 0.88       0.8       ]
2025-07-25 00:45:03,497 - INFO - service precision | micro: 0.628571; macro: 0.693437; score: [1.         0.6        0.5        0.26315789 0.77777778 0.6
 1.         1.         0.5       ]
2025-07-25 00:45:03,497 - INFO - service recall    | micro: 0.750000; macro: 0.788889; score: [1.         1.         0.7        0.41666667 0.58333333 0.6
 1.         1.         0.8       ]
2025-07-25 00:45:03,497 - INFO - service f1        | micro: 0.683938; macro: 0.726441; score: [1.         0.75       0.58333333 0.32258065 0.66666667 0.6
 1.         1.         0.61538462]
2025-07-25 00:45:03,571 - INFO - pod     precision | micro: 0.580488; macro: 0.684921; score: [0.85454545 0.60810811 0.34782609 0.29285714 0.75       0.5625
 0.92727273 0.94117647 0.88      ]
2025-07-25 00:45:03,571 - INFO - pod     recall    | micro: 0.815068; macro: 0.832315; score: [1.         0.97826087 0.65306122 0.66129032 0.58928571 0.79411765
 1.         1.         0.81481481]
2025-07-25 00:45:03,571 - INFO - pod     f1        | micro: 0.678063; macro: 0.736451; score: [0.92156863 0.75       0.45390071 0.40594059 0.66       0.65853659
 0.96226415 0.96969697 0.84615385]

=== 内容从行 416052 开始的 16 行 ===
2025-07-25 02:27:46,020 - INFO - evaluation dataset type: test
2025-07-25 02:27:46,040 - INFO - node    precision | micro: 0.609524; macro: 0.635261; score: [0.73684211 0.4        0.7        0.42857143 0.84615385 0.7       ]
2025-07-25 02:27:46,040 - INFO - node    recall    | micro: 0.955224; macro: 0.939153; score: [1.         0.85714286 0.77777778 1.         1.         1.        ]
2025-07-25 02:27:46,040 - INFO - node    f1        | micro: 0.744186; macro: 0.745163; score: [0.84848485 0.54545455 0.73684211 0.6        0.91666667 0.82352941]
2025-07-25 02:27:46,067 - INFO - service precision | micro: 0.750000; macro: 0.762475; score: [1.         0.75       0.53846154 0.2        0.85714286 0.91666667
 1.         1.         0.6       ]
2025-07-25 02:27:46,067 - INFO - service recall    | micro: 0.715909; macro: 0.744444; score: [1.         1.         0.7        0.16666667 0.5        0.73333333
 1.         1.         0.6       ]
2025-07-25 02:27:46,067 - INFO - service f1        | micro: 0.732558; macro: 0.743783; score: [1.         0.85714286 0.60869565 0.18181818 0.63157895 0.81481481
 1.         1.         0.6       ]
2025-07-25 02:27:46,141 - INFO - pod     precision | micro: 0.666004; macro: 0.730060; score: [0.90384615 0.91836735 0.41333333 0.34065934 0.75       0.58823529
 0.96226415 0.96969697 0.72413793]
2025-07-25 02:27:46,141 - INFO - pod     recall    | micro: 0.764840; macro: 0.789570; score: [1.         0.97826087 0.63265306 0.5        0.48214286 0.73529412
 1.         1.         0.77777778]
2025-07-25 02:27:46,141 - INFO - pod     f1        | micro: 0.712009; macro: 0.750892; score: [0.94949495 0.94736842 0.5        0.40522876 0.58695652 0.65359477
 0.98076923 0.98461538 0.75      ]

=== 内容从行 423503 开始的 16 行 ===
2025-07-25 03:51:46,629 - INFO - evaluation dataset type: test
2025-07-25 03:51:46,648 - INFO - node    precision | micro: 0.606061; macro: 0.640848; score: [0.77777778 0.4        0.875      0.4        0.69230769 0.7       ]
2025-07-25 03:51:46,648 - INFO - node    recall    | micro: 0.895522; macro: 0.881073; score: [1.         0.85714286 0.77777778 0.83333333 0.81818182 1.        ]
2025-07-25 03:51:46,648 - INFO - node    f1        | micro: 0.722892; macro: 0.726342; score: [0.875      0.54545455 0.82352941 0.54054054 0.75       0.82352941]
2025-07-25 03:51:46,675 - INFO - service precision | micro: 0.621359; macro: 0.683828; score: [1.         0.75       0.35294118 0.31818182 0.8        0.6
 1.         1.         0.33333333]
2025-07-25 03:51:46,675 - INFO - service recall    | micro: 0.727273; macro: 0.720370; score: [1.         1.         0.6        0.58333333 0.66666667 0.6
 1.         0.83333333 0.2       ]
2025-07-25 03:51:46,675 - INFO - service f1        | micro: 0.670157; macro: 0.688857; score: [1.         0.85714286 0.44444444 0.41176471 0.72727273 0.6
 1.         0.90909091 0.25      ]
2025-07-25 03:51:46,749 - INFO - pod     precision | micro: 0.656772; macro: 0.725042; score: [0.97916667 0.81481481 0.42857143 0.33333333 0.63076923 0.67948718
 0.96226415 0.96969697 0.72727273]
2025-07-25 03:51:46,750 - INFO - pod     recall    | micro: 0.808219; macro: 0.815972; score: [1.         0.95652174 0.73469388 0.5483871  0.73214286 0.77941176
 1.         1.         0.59259259]
2025-07-25 03:51:46,750 - INFO - pod     f1        | micro: 0.724667; macro: 0.760847; score: [0.98947368 0.88       0.54135338 0.41463415 0.67768595 0.7260274
 0.98076923 0.98461538 0.65306122]

=== 内容从行 436785 开始的 16 行 ===
2025-07-25 06:21:04,771 - INFO - evaluation dataset type: test
2025-07-25 06:21:04,791 - INFO - node    precision | micro: 0.607843; macro: 0.631326; score: [0.8125     0.4        0.7        0.42307692 0.78571429 0.66666667]
2025-07-25 06:21:04,791 - INFO - node    recall    | micro: 0.925373; macro: 0.913360; score: [0.92857143 0.85714286 0.77777778 0.91666667 1.         1.        ]
2025-07-25 06:21:04,791 - INFO - node    f1        | micro: 0.733728; macro: 0.734652; score: [0.86666667 0.54545455 0.73684211 0.57894737 0.88       0.8       ]
2025-07-25 06:21:04,819 - INFO - service precision | micro: 0.652632; macro: 0.666246; score: [0.81818182 0.64285714 0.44444444 0.38888889 0.875      0.72727273
 0.90909091 0.85714286 0.33333333]
2025-07-25 06:21:04,819 - INFO - service recall    | micro: 0.704545; macro: 0.722222; score: [1.         1.         0.4        0.58333333 0.58333333 0.53333333
 1.         1.         0.4       ]
2025-07-25 06:21:04,819 - INFO - service f1        | micro: 0.677596; macro: 0.680534; score: [0.9        0.7826087  0.42105263 0.46666667 0.7        0.61538462
 0.95238095 0.92307692 0.36363636]
2025-07-25 06:21:04,897 - INFO - pod     precision | micro: 0.517781; macro: 0.602196; score: [0.74603175 0.56410256 0.36170213 0.26404494 0.55882353 0.54945055
 0.82258065 0.96969697 0.58333333]
2025-07-25 06:21:04,897 - INFO - pod     recall    | micro: 0.831050; macro: 0.844456; score: [1.         0.95652174 0.69387755 0.75806452 0.67857143 0.73529412
 1.         1.         0.77777778]
2025-07-25 06:21:04,898 - INFO - pod     f1        | micro: 0.638037; macro: 0.691909; score: [0.85454545 0.70967742 0.47552448 0.39166667 0.61290323 0.62893082
 0.90265487 0.98461538 0.66666667]

=== 内容从行 439272 开始的 16 行 ===
2025-07-25 06:48:57,173 - INFO - evaluation dataset type: test
2025-07-25 06:48:57,192 - INFO - node    precision | micro: 0.613861; macro: 0.628608; score: [0.82352941 0.35294118 0.66666667 0.45833333 0.73333333 0.73684211]
2025-07-25 06:48:57,192 - INFO - node    recall    | micro: 0.925373; macro: 0.906746; score: [1.         0.85714286 0.66666667 0.91666667 1.         1.        ]
2025-07-25 06:48:57,192 - INFO - node    f1        | micro: 0.738095; macro: 0.729274; score: [0.90322581 0.5        0.66666667 0.61111111 0.84615385 0.84848485]
2025-07-25 06:48:57,219 - INFO - service precision | micro: 0.712644; macro: 0.756676; score: [1.         0.75       0.625      0.36842105 1.         0.66666667
 1.         1.         0.4       ]
2025-07-25 06:48:57,220 - INFO - service recall    | micro: 0.704545; macro: 0.714815; score: [1.         1.         0.5        0.58333333 0.58333333 0.53333333
 1.         0.83333333 0.4       ]
2025-07-25 06:48:57,220 - INFO - service f1        | micro: 0.708571; macro: 0.722537; score: [1.         0.85714286 0.55555556 0.4516129  0.73684211 0.59259259
 1.         0.90909091 0.4       ]
2025-07-25 06:48:57,295 - INFO - pod     precision | micro: 0.627451; macro: 0.690407; score: [0.95918367 0.75862069 0.36470588 0.38043478 0.59677419 0.55
 1.         0.91428571 0.68965517]
2025-07-25 06:48:57,295 - INFO - pod     recall    | micro: 0.803653; macro: 0.818219; score: [1.         0.95652174 0.63265306 0.56451613 0.66071429 0.80882353
 1.         1.         0.74074074]
2025-07-25 06:48:57,295 - INFO - pod     f1        | micro: 0.704705; macro: 0.743771; score: [0.97916667 0.84615385 0.46268657 0.45454545 0.62711864 0.6547619
 1.         0.95522388 0.71428571]

=== 内容从行 440933 开始的 16 行 ===
2025-07-25 07:07:39,092 - INFO - evaluation dataset type: test
2025-07-25 07:07:39,112 - INFO - node    precision | micro: 0.613861; macro: 0.638313; score: [0.82352941 0.42857143 0.77777778 0.4        0.73333333 0.66666667]
2025-07-25 07:07:39,112 - INFO - node    recall    | micro: 0.925373; macro: 0.911376; score: [1.         0.85714286 0.77777778 0.83333333 1.         1.        ]
2025-07-25 07:07:39,112 - INFO - node    f1        | micro: 0.738095; macro: 0.739854; score: [0.90322581 0.57142857 0.77777778 0.54054054 0.84615385 0.8       ]
2025-07-25 07:07:39,138 - INFO - service precision | micro: 0.735632; macro: 0.780522; score: [1.         0.81818182 0.57142857 0.36842105 1.         0.83333333
 0.83333333 1.         0.6       ]
2025-07-25 07:07:39,138 - INFO - service recall    | micro: 0.727273; macro: 0.750000; score: [1.         1.         0.4        0.58333333 0.5        0.66666667
 1.         1.         0.6       ]
2025-07-25 07:07:39,139 - INFO - service f1        | micro: 0.731429; macro: 0.748744; score: [1.         0.9        0.47058824 0.4516129  0.66666667 0.74074074
 0.90909091 1.         0.6       ]
2025-07-25 07:07:39,213 - INFO - pod     precision | micro: 0.644760; macro: 0.728603; score: [1.         0.72580645 0.39759036 0.3362069  0.79166667 0.6
 0.96226415 0.96969697 0.77419355]
2025-07-25 07:07:39,213 - INFO - pod     recall    | micro: 0.828767; macro: 0.849149; score: [1.         0.97826087 0.67346939 0.62903226 0.67857143 0.79411765
 1.         1.         0.88888889]
2025-07-25 07:07:39,213 - INFO - pod     f1        | micro: 0.725275; macro: 0.775424; score: [1.         0.83333333 0.5        0.43820225 0.73076923 0.6835443
 0.98076923 0.98461538 0.82758621]

=== 内容从行 445906 开始的 16 行 ===
2025-07-25 08:03:53,104 - INFO - evaluation dataset type: test
2025-07-25 08:03:53,123 - INFO - node    precision | micro: 0.610000; macro: 0.676786; score: [0.875      0.33333333 1.         0.4        0.78571429 0.66666667]
2025-07-25 08:03:53,124 - INFO - node    recall    | micro: 0.910448; macro: 0.892857; score: [1.         0.85714286 0.66666667 0.83333333 1.         1.        ]
2025-07-25 08:03:53,124 - INFO - node    f1        | micro: 0.730539; macro: 0.738979; score: [0.93333333 0.48       0.8        0.54054054 0.88       0.8       ]
2025-07-25 08:03:53,150 - INFO - service precision | micro: 0.740260; macro: 0.771861; score: [0.9        0.81818182 0.42857143 0.33333333 1.         0.8
 1.         1.         0.66666667]
2025-07-25 08:03:53,150 - INFO - service recall    | micro: 0.647727; macro: 0.664815; score: [1.         1.         0.3        0.41666667 0.5        0.53333333
 1.         0.83333333 0.4       ]
2025-07-25 08:03:53,150 - INFO - service f1        | micro: 0.690909; macro: 0.698493; score: [0.94736842 0.9        0.35294118 0.37037037 0.66666667 0.64
 1.         0.90909091 0.5       ]
2025-07-25 08:03:53,224 - INFO - pod     precision | micro: 0.632184; macro: 0.668235; score: [0.79661017 0.60810811 0.4        0.35064935 0.80555556 0.61904762
 0.98076923 0.94117647 0.51219512]
2025-07-25 08:03:53,224 - INFO - pod     recall    | micro: 0.753425; macro: 0.778300; score: [1.         0.97826087 0.53061224 0.43548387 0.51785714 0.76470588
 1.         1.         0.77777778]
2025-07-25 08:03:53,225 - INFO - pod     f1        | micro: 0.687500; macro: 0.708189; score: [0.88679245 0.75       0.45614035 0.38848921 0.63043478 0.68421053
 0.99029126 0.96969697 0.61764706]

=== 内容从行 451721 开始的 16 行 ===
2025-07-25 09:09:33,381 - INFO - evaluation dataset type: test
2025-07-25 09:09:33,401 - INFO - node    precision | micro: 0.613861; macro: 0.642281; score: [0.82352941 0.4        0.77777778 0.4        0.78571429 0.66666667]
2025-07-25 09:09:33,401 - INFO - node    recall    | micro: 0.925373; macro: 0.911376; score: [1.         0.85714286 0.77777778 0.83333333 1.         1.        ]
2025-07-25 09:09:33,401 - INFO - node    f1        | micro: 0.738095; macro: 0.741166; score: [0.90322581 0.54545455 0.77777778 0.54054054 0.88       0.8       ]
2025-07-25 09:09:33,428 - INFO - service precision | micro: 0.746988; macro: 0.769156; score: [1.         0.81818182 0.42857143 0.41176471 0.875      0.88888889
 1.         1.         0.5       ]
2025-07-25 09:09:33,428 - INFO - service recall    | micro: 0.704545; macro: 0.733333; score: [1.         1.         0.3        0.58333333 0.58333333 0.53333333
 1.         1.         0.6       ]
2025-07-25 09:09:33,428 - INFO - service f1        | micro: 0.725146; macro: 0.738647; score: [1.         0.9        0.35294118 0.48275862 0.7        0.66666667
 1.         1.         0.54545455]
2025-07-25 09:09:33,504 - INFO - pod     precision | micro: 0.666045; macro: 0.720612; score: [0.90384615 0.75       0.45070423 0.39130435 0.67857143 0.59340659
 0.96226415 0.96969697 0.78571429]
2025-07-25 09:09:33,504 - INFO - pod     recall    | micro: 0.815068; macro: 0.833275; score: [1.         0.97826087 0.65306122 0.58064516 0.67857143 0.79411765
 1.         1.         0.81481481]
2025-07-25 09:09:33,504 - INFO - pod     f1        | micro: 0.733060; macro: 0.769180; score: [0.94949495 0.8490566  0.53333333 0.46753247 0.67857143 0.67924528
 0.98076923 0.98461538 0.8       ]

=== 内容从行 459996 开始的 16 行 ===
2025-07-25 10:43:34,664 - INFO - evaluation dataset type: test
2025-07-25 10:43:34,683 - INFO - node    precision | micro: 0.610000; macro: 0.635331; score: [0.86666667 0.35294118 0.66666667 0.44       0.78571429 0.7       ]
2025-07-25 10:43:34,684 - INFO - node    recall    | micro: 0.910448; macro: 0.894841; score: [0.92857143 0.85714286 0.66666667 0.91666667 1.         1.        ]
2025-07-25 10:43:34,684 - INFO - node    f1        | micro: 0.730539; macro: 0.726890; score: [0.89655172 0.5        0.66666667 0.59459459 0.88       0.82352941]
2025-07-25 10:43:34,710 - INFO - service precision | micro: 0.765432; macro: 0.777469; score: [1.         0.9        0.44444444 0.5        0.875      0.77777778
 1.         1.         0.5       ]
2025-07-25 10:43:34,711 - INFO - service recall    | micro: 0.704545; macro: 0.737037; score: [1.         1.         0.4        0.58333333 0.58333333 0.46666667
 1.         1.         0.6       ]
2025-07-25 10:43:34,711 - INFO - service f1        | micro: 0.733728; macro: 0.748408; score: [1.         0.94736842 0.42105263 0.53846154 0.7        0.58333333
 1.         1.         0.54545455]
2025-07-25 10:43:34,787 - INFO - pod     precision | micro: 0.634446; macro: 0.718225; score: [0.95918367 0.78947368 0.36363636 0.32520325 0.75       0.63953488
 0.98076923 0.91428571 0.74193548]
2025-07-25 10:43:34,787 - INFO - pod     recall    | micro: 0.824201; macro: 0.842224; score: [1.         0.97826087 0.65306122 0.64516129 0.64285714 0.80882353
 1.         1.         0.85185185]
2025-07-25 10:43:34,787 - INFO - pod     f1        | micro: 0.716981; macro: 0.766417; score: [0.97916667 0.87378641 0.46715328 0.43243243 0.69230769 0.71428571
 0.99029126 0.95522388 0.79310345]

=== 内容从行 461653 开始的 16 行 ===
2025-07-25 11:02:10,968 - INFO - evaluation dataset type: test
2025-07-25 11:02:10,987 - INFO - node    precision | micro: 0.610000; macro: 0.635331; score: [0.86666667 0.35294118 0.66666667 0.44       0.78571429 0.7       ]
2025-07-25 11:02:10,988 - INFO - node    recall    | micro: 0.910448; macro: 0.894841; score: [0.92857143 0.85714286 0.66666667 0.91666667 1.         1.        ]
2025-07-25 11:02:10,988 - INFO - node    f1        | micro: 0.730539; macro: 0.726890; score: [0.89655172 0.5        0.66666667 0.59459459 0.88       0.82352941]
2025-07-25 11:02:11,015 - INFO - service precision | micro: 0.765432; macro: 0.777469; score: [1.         0.9        0.44444444 0.5        0.875      0.77777778
 1.         1.         0.5       ]
2025-07-25 11:02:11,015 - INFO - service recall    | micro: 0.704545; macro: 0.737037; score: [1.         1.         0.4        0.58333333 0.58333333 0.46666667
 1.         1.         0.6       ]
2025-07-25 11:02:11,015 - INFO - service f1        | micro: 0.733728; macro: 0.748408; score: [1.         0.94736842 0.42105263 0.53846154 0.7        0.58333333
 1.         1.         0.54545455]
2025-07-25 11:02:11,090 - INFO - pod     precision | micro: 0.634446; macro: 0.718225; score: [0.95918367 0.78947368 0.36363636 0.32520325 0.75       0.63953488
 0.98076923 0.91428571 0.74193548]
2025-07-25 11:02:11,090 - INFO - pod     recall    | micro: 0.824201; macro: 0.842224; score: [1.         0.97826087 0.65306122 0.64516129 0.64285714 0.80882353
 1.         1.         0.85185185]
2025-07-25 11:02:11,090 - INFO - pod     f1        | micro: 0.716981; macro: 0.766417; score: [0.97916667 0.87378641 0.46715328 0.43243243 0.69230769 0.71428571
 0.99029126 0.95522388 0.79310345]

=== 内容从行 466619 开始的 16 行 ===
2025-07-25 11:58:18,814 - INFO - evaluation dataset type: test
2025-07-25 11:58:18,833 - INFO - node    precision | micro: 0.612245; macro: 0.644392; score: [0.76470588 0.42857143 0.75       0.42307692 0.83333333 0.66666667]
2025-07-25 11:58:18,834 - INFO - node    recall    | micro: 0.895522; macro: 0.879690; score: [0.92857143 0.85714286 0.66666667 0.91666667 0.90909091 1.        ]
2025-07-25 11:58:18,834 - INFO - node    f1        | micro: 0.727273; macro: 0.727422; score: [0.83870968 0.57142857 0.70588235 0.57894737 0.86956522 0.8       ]
2025-07-25 11:58:18,861 - INFO - service precision | micro: 0.777778; macro: 0.820734; score: [1.         0.81818182 0.8        0.36842105 1.         0.9
 1.         1.         0.5       ]
2025-07-25 11:58:18,861 - INFO - service recall    | micro: 0.715909; macro: 0.729630; score: [1.         1.         0.4        0.58333333 0.58333333 0.6
 1.         1.         0.4       ]
2025-07-25 11:58:18,861 - INFO - service f1        | micro: 0.745562; macro: 0.754026; score: [1.         0.9        0.53333333 0.4516129  0.73684211 0.72
 1.         1.         0.44444444]
2025-07-25 11:58:18,935 - INFO - pod     precision | micro: 0.724211; macro: 0.775990; score: [0.95918367 0.8        0.59090909 0.37755102 0.9        0.66666667
 0.98076923 0.96969697 0.73913043]
2025-07-25 11:58:18,936 - INFO - pod     recall    | micro: 0.785388; macro: 0.794501; score: [1.         0.95652174 0.53061224 0.59677419 0.64285714 0.79411765
 1.         1.         0.62962963]
2025-07-25 11:58:18,936 - INFO - pod     f1        | micro: 0.753560; macro: 0.777981; score: [0.97916667 0.87128713 0.55913978 0.4625     0.75       0.72483221
 0.99029126 0.98461538 0.68      ]

=== 内容从行 492356 开始的 16 行 ===
2025-07-25 16:50:58,793 - INFO - evaluation dataset type: test
2025-07-25 16:50:58,813 - INFO - node    precision | micro: 0.610000; macro: 0.636377; score: [0.8125     0.35294118 0.66666667 0.44       0.84615385 0.7       ]
2025-07-25 16:50:58,813 - INFO - node    recall    | micro: 0.910448; macro: 0.894841; score: [0.92857143 0.85714286 0.66666667 0.91666667 1.         1.        ]
2025-07-25 16:50:58,813 - INFO - node    f1        | micro: 0.730539; macro: 0.728021; score: [0.86666667 0.5        0.66666667 0.59459459 0.91666667 0.82352941]
2025-07-25 16:50:58,840 - INFO - service precision | micro: 0.706522; macro: 0.756860; score: [1.         0.81818182 0.4        0.38888889 0.875      0.61538462
 1.         1.         0.71428571]
2025-07-25 16:50:58,840 - INFO - service recall    | micro: 0.738636; macro: 0.788889; score: [1.         1.         0.4        0.58333333 0.58333333 0.53333333
 1.         1.         1.        ]
2025-07-25 16:50:58,840 - INFO - service f1        | micro: 0.722222; macro: 0.763492; score: [1.         0.9        0.4        0.46666667 0.7        0.57142857
 1.         1.         0.83333333]
2025-07-25 16:50:58,914 - INFO - pod     precision | micro: 0.644320; macro: 0.712060; score: [0.97916667 0.69230769 0.36111111 0.33663366 0.80434783 0.58888889
 0.98076923 0.94117647 0.72413793]
2025-07-25 16:50:58,914 - INFO - pod     recall    | micro: 0.789954; macro: 0.808352; score: [1.         0.97826087 0.53061224 0.5483871  0.66071429 0.77941176
 1.         1.         0.77777778]
2025-07-25 16:50:58,914 - INFO - pod     f1        | micro: 0.709744; macro: 0.750398; score: [0.98947368 0.81081081 0.42975207 0.41717791 0.7254902  0.67088608
 0.99029126 0.96969697 0.75      ]

=== 内容从行 493184 开始的 16 行 ===
2025-07-25 17:00:22,049 - INFO - evaluation dataset type: test
2025-07-25 17:00:22,069 - INFO - node    precision | micro: 0.610526; macro: 0.629954; score: [0.8125     0.35294118 0.75       0.45       0.71428571 0.7       ]
2025-07-25 17:00:22,069 - INFO - node    recall    | micro: 0.865672; macro: 0.851912; score: [0.92857143 0.85714286 0.66666667 0.75       0.90909091 1.        ]
2025-07-25 17:00:22,069 - INFO - node    f1        | micro: 0.716049; macro: 0.709763; score: [0.86666667 0.5        0.70588235 0.5625     0.8        0.82352941]
2025-07-25 17:00:22,097 - INFO - service precision | micro: 0.684783; macro: 0.706728; score: [0.9        0.75       0.57142857 0.28571429 0.77777778 0.64705882
 1.         1.         0.42857143]
2025-07-25 17:00:22,097 - INFO - service recall    | micro: 0.715909; macro: 0.738889; score: [1.         1.         0.4        0.33333333 0.58333333 0.73333333
 1.         1.         0.6       ]
2025-07-25 17:00:22,097 - INFO - service f1        | micro: 0.700000; macro: 0.715218; score: [0.94736842 0.85714286 0.47058824 0.30769231 0.66666667 0.6875
 1.         1.         0.5       ]
2025-07-25 17:00:22,173 - INFO - pod     precision | micro: 0.604530; macro: 0.672903; score: [0.92156863 0.61643836 0.34146341 0.32967033 0.81818182 0.51351351
 0.96226415 0.96969697 0.58333333]
2025-07-25 17:00:22,174 - INFO - pod     recall    | micro: 0.792237; macro: 0.810270; score: [1.         0.97826087 0.57142857 0.48387097 0.64285714 0.83823529
 1.         1.         0.77777778]
2025-07-25 17:00:22,174 - INFO - pod     f1        | micro: 0.685771; macro: 0.724894; score: [0.95918367 0.75630252 0.42748092 0.39215686 0.72       0.63687151
 0.98076923 0.98461538 0.66666667]

=== 内容从行 494014 开始的 16 行 ===
2025-07-25 17:09:46,746 - INFO - evaluation dataset type: test
2025-07-25 17:09:46,767 - INFO - node    precision | micro: 0.610000; macro: 0.636377; score: [0.8125     0.35294118 0.66666667 0.44       0.84615385 0.7       ]
2025-07-25 17:09:46,767 - INFO - node    recall    | micro: 0.910448; macro: 0.894841; score: [0.92857143 0.85714286 0.66666667 0.91666667 1.         1.        ]
2025-07-25 17:09:46,767 - INFO - node    f1        | micro: 0.730539; macro: 0.728021; score: [0.86666667 0.5        0.66666667 0.59459459 0.91666667 0.82352941]
2025-07-25 17:09:46,795 - INFO - service precision | micro: 0.706522; macro: 0.756860; score: [1.         0.81818182 0.4        0.38888889 0.875      0.61538462
 1.         1.         0.71428571]
2025-07-25 17:09:46,795 - INFO - service recall    | micro: 0.738636; macro: 0.788889; score: [1.         1.         0.4        0.58333333 0.58333333 0.53333333
 1.         1.         1.        ]
2025-07-25 17:09:46,795 - INFO - service f1        | micro: 0.722222; macro: 0.763492; score: [1.         0.9        0.4        0.46666667 0.7        0.57142857
 1.         1.         0.83333333]
2025-07-25 17:09:46,871 - INFO - pod     precision | micro: 0.644320; macro: 0.712060; score: [0.97916667 0.69230769 0.36111111 0.33663366 0.80434783 0.58888889
 0.98076923 0.94117647 0.72413793]
2025-07-25 17:09:46,871 - INFO - pod     recall    | micro: 0.789954; macro: 0.808352; score: [1.         0.97826087 0.53061224 0.5483871  0.66071429 0.77941176
 1.         1.         0.77777778]
2025-07-25 17:09:46,872 - INFO - pod     f1        | micro: 0.709744; macro: 0.750398; score: [0.98947368 0.81081081 0.42975207 0.41717791 0.7254902  0.67088608
 0.99029126 0.96969697 0.75      ]

=== 内容从行 498983 开始的 16 行 ===
2025-07-25 18:06:21,652 - INFO - evaluation dataset type: test
2025-07-25 18:06:21,674 - INFO - node    precision | micro: 0.606061; macro: 0.624686; score: [0.8        0.35294118 0.66666667 0.45833333 0.73333333 0.73684211]
2025-07-25 18:06:21,674 - INFO - node    recall    | micro: 0.895522; macro: 0.882937; score: [0.85714286 0.85714286 0.66666667 0.91666667 1.         1.        ]
2025-07-25 18:06:21,674 - INFO - node    f1        | micro: 0.722892; macro: 0.716667; score: [0.82758621 0.5        0.66666667 0.61111111 0.84615385 0.84848485]
2025-07-25 18:06:21,701 - INFO - service precision | micro: 0.768293; macro: 0.774102; score: [1.         0.81818182 0.66666667 0.36363636 0.77777778 0.76923077
 1.         1.         0.57142857]
2025-07-25 18:06:21,701 - INFO - service recall    | micro: 0.715909; macro: 0.753704; score: [1.         1.         0.4        0.33333333 0.58333333 0.66666667
 1.         1.         0.8       ]
2025-07-25 18:06:21,701 - INFO - service f1        | micro: 0.741176; macro: 0.755049; score: [1.         0.9        0.5        0.34782609 0.66666667 0.71428571
 1.         1.         0.66666667]
2025-07-25 18:06:21,775 - INFO - pod     precision | micro: 0.648250; macro: 0.723825; score: [0.95918367 0.77966102 0.41935484 0.33043478 0.73469388 0.55913978
 0.96226415 0.96969697 0.8       ]
2025-07-25 18:06:21,775 - INFO - pod     recall    | micro: 0.803653; macro: 0.826663; score: [1.         1.         0.53061224 0.61290323 0.64285714 0.76470588
 1.         1.         0.88888889]
2025-07-25 18:06:21,776 - INFO - pod     f1        | micro: 0.717635; macro: 0.765819; score: [0.97916667 0.87619048 0.46846847 0.42937853 0.68571429 0.64596273
 0.98076923 0.98461538 0.84210526]

=== 内容从行 501482 开始的 16 行 ===
2025-07-25 18:34:37,121 - INFO - evaluation dataset type: test
2025-07-25 18:34:37,141 - INFO - node    precision | micro: 0.610000; macro: 0.639957; score: [0.86666667 0.4        0.75       0.42307692 0.73333333 0.66666667]
2025-07-25 18:34:37,141 - INFO - node    recall    | micro: 0.910448; macro: 0.894841; score: [0.92857143 0.85714286 0.66666667 0.91666667 1.         1.        ]
2025-07-25 18:34:37,141 - INFO - node    f1        | micro: 0.730539; macro: 0.728832; score: [0.89655172 0.54545455 0.70588235 0.57894737 0.84615385 0.8       ]
2025-07-25 18:34:37,168 - INFO - service precision | micro: 0.737500; macro: 0.759339; score: [1.         0.81818182 0.44444444 0.36363636 1.         0.63636364
 1.         1.         0.57142857]
2025-07-25 18:34:37,168 - INFO - service recall    | micro: 0.670455; macro: 0.722222; score: [1.         1.         0.4        0.33333333 0.5        0.46666667
 1.         1.         0.8       ]
2025-07-25 18:34:37,168 - INFO - service f1        | micro: 0.702381; macro: 0.726742; score: [1.         0.9        0.42105263 0.34782609 0.66666667 0.53846154
 1.         1.         0.66666667]
2025-07-25 18:34:37,244 - INFO - pod     precision | micro: 0.603839; macro: 0.677900; score: [0.95918367 0.58666667 0.29464286 0.3943662  0.64       0.56701031
 0.96226415 0.96969697 0.72727273]
2025-07-25 18:34:37,245 - INFO - pod     recall    | micro: 0.789954; macro: 0.816749; score: [1.         0.95652174 0.67346939 0.4516129  0.57142857 0.80882353
 1.         1.         0.88888889]
2025-07-25 18:34:37,245 - INFO - pod     f1        | micro: 0.684471; macro: 0.730362; score: [0.97916667 0.72727273 0.40993789 0.42105263 0.60377358 0.66666667
 0.98076923 0.98461538 0.8       ]

=== 内容从行 513909 开始的 16 行 ===
2025-07-25 20:55:53,931 - INFO - evaluation dataset type: test
2025-07-25 20:55:53,950 - INFO - node    precision | micro: 0.612245; macro: 0.631746; score: [0.85714286 0.375      0.66666667 0.45833333 0.73333333 0.7       ]
2025-07-25 20:55:53,951 - INFO - node    recall    | micro: 0.895522; macro: 0.882937; score: [0.85714286 0.85714286 0.66666667 0.91666667 1.         1.        ]
2025-07-25 20:55:53,951 - INFO - node    f1        | micro: 0.727273; macro: 0.721057; score: [0.85714286 0.52173913 0.66666667 0.61111111 0.84615385 0.82352941]
2025-07-25 20:55:53,977 - INFO - service precision | micro: 0.716049; macro: 0.713564; score: [1.         0.75       0.57142857 0.35714286 0.85714286 0.72727273
 0.90909091 1.         0.25      ]
2025-07-25 20:55:53,977 - INFO - service recall    | micro: 0.659091; macro: 0.672222; score: [1.         1.         0.4        0.41666667 0.5        0.53333333
 1.         1.         0.2       ]
2025-07-25 20:55:53,978 - INFO - service f1        | micro: 0.686391; macro: 0.681546; score: [1.         0.85714286 0.47058824 0.38461538 0.63157895 0.61538462
 0.95238095 1.         0.22222222]
2025-07-25 20:55:54,053 - INFO - pod     precision | micro: 0.671756; macro: 0.739049; score: [0.97916667 0.84615385 0.38571429 0.31683168 0.73584906 0.67058824
 0.98076923 0.96969697 0.76666667]
2025-07-25 20:55:54,053 - INFO - pod     recall    | micro: 0.803653; macro: 0.823354; score: [1.         0.95652174 0.55102041 0.51612903 0.69642857 0.83823529
 1.         1.         0.85185185]
2025-07-25 20:55:54,053 - INFO - pod     f1        | micro: 0.731809; macro: 0.775163; score: [0.98947368 0.89795918 0.45378151 0.39263804 0.71559633 0.74509804
 0.99029126 0.98461538 0.80701754]

=== 内容从行 515569 开始的 16 行 ===
2025-07-25 21:14:49,465 - INFO - evaluation dataset type: test
2025-07-25 21:14:49,487 - INFO - node    precision | micro: 0.612245; macro: 0.631746; score: [0.85714286 0.375      0.66666667 0.45833333 0.73333333 0.7       ]
2025-07-25 21:14:49,488 - INFO - node    recall    | micro: 0.895522; macro: 0.882937; score: [0.85714286 0.85714286 0.66666667 0.91666667 1.         1.        ]
2025-07-25 21:14:49,488 - INFO - node    f1        | micro: 0.727273; macro: 0.721057; score: [0.85714286 0.52173913 0.66666667 0.61111111 0.84615385 0.82352941]
2025-07-25 21:14:49,515 - INFO - service precision | micro: 0.716049; macro: 0.713564; score: [1.         0.75       0.57142857 0.35714286 0.85714286 0.72727273
 0.90909091 1.         0.25      ]
2025-07-25 21:14:49,515 - INFO - service recall    | micro: 0.659091; macro: 0.672222; score: [1.         1.         0.4        0.41666667 0.5        0.53333333
 1.         1.         0.2       ]
2025-07-25 21:14:49,515 - INFO - service f1        | micro: 0.686391; macro: 0.681546; score: [1.         0.85714286 0.47058824 0.38461538 0.63157895 0.61538462
 0.95238095 1.         0.22222222]
2025-07-25 21:14:49,590 - INFO - pod     precision | micro: 0.671756; macro: 0.739049; score: [0.97916667 0.84615385 0.38571429 0.31683168 0.73584906 0.67058824
 0.98076923 0.96969697 0.76666667]
2025-07-25 21:14:49,590 - INFO - pod     recall    | micro: 0.803653; macro: 0.823354; score: [1.         0.95652174 0.55102041 0.51612903 0.69642857 0.83823529
 1.         1.         0.85185185]
2025-07-25 21:14:49,590 - INFO - pod     f1        | micro: 0.731809; macro: 0.775163; score: [0.98947368 0.89795918 0.45378151 0.39263804 0.71559633 0.74509804
 0.99029126 0.98461538 0.80701754]

=== 内容从行 518890 开始的 16 行 ===
2025-07-25 21:52:32,892 - INFO - evaluation dataset type: test
2025-07-25 21:52:32,912 - INFO - node    precision | micro: 0.613861; macro: 0.626062; score: [0.76470588 0.4        0.7        0.45833333 0.73333333 0.7       ]
2025-07-25 21:52:32,913 - INFO - node    recall    | micro: 0.925373; macro: 0.913360; score: [0.92857143 0.85714286 0.77777778 0.91666667 1.         1.        ]
2025-07-25 21:52:32,913 - INFO - node    f1        | micro: 0.738095; macro: 0.733633; score: [0.83870968 0.54545455 0.73684211 0.61111111 0.84615385 0.82352941]
2025-07-25 21:52:32,941 - INFO - service precision | micro: 0.746835; macro: 0.761040; score: [1.         0.9        0.6        0.30769231 0.875      0.66666667
 1.         1.         0.5       ]
2025-07-25 21:52:32,941 - INFO - service recall    | micro: 0.670455; macro: 0.705556; score: [1.         1.         0.3        0.33333333 0.58333333 0.53333333
 1.         1.         0.6       ]
2025-07-25 21:52:32,941 - INFO - service f1        | micro: 0.706587; macro: 0.722824; score: [1.         0.94736842 0.4        0.32       0.7        0.59259259
 1.         1.         0.54545455]
2025-07-25 21:52:33,017 - INFO - pod     precision | micro: 0.624779; macro: 0.695633; score: [0.94       0.75862069 0.34831461 0.34020619 0.6779661  0.55670103
 1.         0.88888889 0.75      ]
2025-07-25 21:52:33,017 - INFO - pod     recall    | micro: 0.805936; macro: 0.823068; score: [1.         0.95652174 0.63265306 0.53225806 0.71428571 0.79411765
 1.         1.         0.77777778]
2025-07-25 21:52:33,017 - INFO - pod     f1        | micro: 0.703888; macro: 0.748290; score: [0.96907216 0.84615385 0.44927536 0.41509434 0.69565217 0.65454545
 1.         0.94117647 0.76363636]

=== 内容从行 524703 开始的 16 行 ===
2025-07-25 22:58:28,918 - INFO - evaluation dataset type: test
2025-07-25 22:58:28,939 - INFO - node    precision | micro: 0.612245; macro: 0.631746; score: [0.85714286 0.375      0.66666667 0.45833333 0.73333333 0.7       ]
2025-07-25 22:58:28,939 - INFO - node    recall    | micro: 0.895522; macro: 0.882937; score: [0.85714286 0.85714286 0.66666667 0.91666667 1.         1.        ]
2025-07-25 22:58:28,939 - INFO - node    f1        | micro: 0.727273; macro: 0.721057; score: [0.85714286 0.52173913 0.66666667 0.61111111 0.84615385 0.82352941]
2025-07-25 22:58:28,970 - INFO - service precision | micro: 0.649485; macro: 0.643978; score: [0.9        0.64285714 0.6        0.35294118 0.8        0.5
 1.         1.         0.        ]
2025-07-25 22:58:28,970 - INFO - service recall    | micro: 0.715909; macro: 0.707407; score: [1.         1.         0.6        0.5        0.66666667 0.6
 1.         1.         0.        ]
2025-07-25 22:58:28,971 - INFO - service f1        | micro: 0.681081; macro: 0.668500; score: [0.94736842 0.7826087  0.6        0.4137931  0.72727273 0.54545455
 1.         1.         0.        ]
2025-07-25 22:58:29,044 - INFO - pod     precision | micro: 0.633508; macro: 0.717734; score: [1.         0.7962963  0.375      0.38383838 0.65079365 0.53398058
 0.98076923 0.96969697 0.76923077]
2025-07-25 22:58:29,045 - INFO - pod     recall    | micro: 0.828767; macro: 0.840454; score: [1.         0.93478261 0.73469388 0.61290323 0.73214286 0.80882353
 1.         1.         0.74074074]
2025-07-25 22:58:29,045 - INFO - pod     f1        | micro: 0.718101; macro: 0.765620; score: [1.         0.86       0.49655172 0.47204969 0.68907563 0.64327485
 0.99029126 0.98461538 0.75471698]

=== 内容从行 526365 开始的 16 行 ===
2025-07-25 23:17:23,680 - INFO - evaluation dataset type: test
2025-07-25 23:17:23,703 - INFO - node    precision | micro: 0.612245; macro: 0.631746; score: [0.85714286 0.375      0.66666667 0.45833333 0.73333333 0.7       ]
2025-07-25 23:17:23,703 - INFO - node    recall    | micro: 0.895522; macro: 0.882937; score: [0.85714286 0.85714286 0.66666667 0.91666667 1.         1.        ]
2025-07-25 23:17:23,703 - INFO - node    f1        | micro: 0.727273; macro: 0.721057; score: [0.85714286 0.52173913 0.66666667 0.61111111 0.84615385 0.82352941]
2025-07-25 23:17:23,730 - INFO - service precision | micro: 0.649485; macro: 0.643978; score: [0.9        0.64285714 0.6        0.35294118 0.8        0.5
 1.         1.         0.        ]
2025-07-25 23:17:23,731 - INFO - service recall    | micro: 0.715909; macro: 0.707407; score: [1.         1.         0.6        0.5        0.66666667 0.6
 1.         1.         0.        ]
2025-07-25 23:17:23,731 - INFO - service f1        | micro: 0.681081; macro: 0.668500; score: [0.94736842 0.7826087  0.6        0.4137931  0.72727273 0.54545455
 1.         1.         0.        ]
2025-07-25 23:17:23,806 - INFO - pod     precision | micro: 0.633508; macro: 0.717734; score: [1.         0.7962963  0.375      0.38383838 0.65079365 0.53398058
 0.98076923 0.96969697 0.76923077]
2025-07-25 23:17:23,806 - INFO - pod     recall    | micro: 0.828767; macro: 0.840454; score: [1.         0.93478261 0.73469388 0.61290323 0.73214286 0.80882353
 1.         1.         0.74074074]
2025-07-25 23:17:23,806 - INFO - pod     f1        | micro: 0.718101; macro: 0.765620; score: [1.         0.86       0.49655172 0.47204969 0.68907563 0.64327485
 0.99029126 0.98461538 0.75471698]

=== 内容从行 528026 开始的 16 行 ===
2025-07-25 23:36:18,549 - INFO - evaluation dataset type: test
2025-07-25 23:36:18,570 - INFO - node    precision | micro: 0.612903; macro: 0.643571; score: [0.85714286 0.4        0.71428571 0.44       0.75       0.7       ]
2025-07-25 23:36:18,570 - INFO - node    recall    | micro: 0.850746; macro: 0.834115; score: [0.85714286 0.85714286 0.55555556 0.91666667 0.81818182 1.        ]
2025-07-25 23:36:18,570 - INFO - node    f1        | micro: 0.712500; macro: 0.704722; score: [0.85714286 0.54545455 0.625      0.59459459 0.7826087  0.82352941]
2025-07-25 23:36:18,596 - INFO - service precision | micro: 0.729412; macro: 0.760474; score: [1.         0.9        0.54545455 0.375      0.85714286 0.66666667
 1.         1.         0.5       ]
2025-07-25 23:36:18,596 - INFO - service recall    | micro: 0.704545; macro: 0.725926; score: [1.         1.         0.6        0.5        0.5        0.53333333
 1.         1.         0.4       ]
2025-07-25 23:36:18,596 - INFO - service f1        | micro: 0.716763; macro: 0.735109; score: [1.         0.94736842 0.57142857 0.42857143 0.63157895 0.59259259
 1.         1.         0.44444444]
2025-07-25 23:36:18,670 - INFO - pod     precision | micro: 0.589347; macro: 0.662715; score: [0.90384615 0.8        0.34090909 0.28712871 0.71153846 0.49557522
 0.92727273 0.96875    0.52941176]
2025-07-25 23:36:18,670 - INFO - pod     recall    | micro: 0.783105; macro: 0.795130; score: [1.         0.95652174 0.6122449  0.46774194 0.66071429 0.82352941
 1.         0.96875    0.66666667]
2025-07-25 23:36:18,671 - INFO - pod     f1        | micro: 0.672549; macro: 0.715524; score: [0.94949495 0.87128713 0.4379562  0.35582822 0.68518519 0.61878453
 0.96226415 0.96875    0.59016393]

=== 内容从行 535503 开始的 16 行 ===
2025-07-26 01:01:00,296 - INFO - evaluation dataset type: test
2025-07-26 01:01:00,315 - INFO - node    precision | micro: 0.612245; macro: 0.631746; score: [0.85714286 0.375      0.66666667 0.45833333 0.73333333 0.7       ]
2025-07-26 01:01:00,316 - INFO - node    recall    | micro: 0.895522; macro: 0.882937; score: [0.85714286 0.85714286 0.66666667 0.91666667 1.         1.        ]
2025-07-26 01:01:00,316 - INFO - node    f1        | micro: 0.727273; macro: 0.721057; score: [0.85714286 0.52173913 0.66666667 0.61111111 0.84615385 0.82352941]
2025-07-26 01:01:00,346 - INFO - service precision | micro: 0.716049; macro: 0.713564; score: [1.         0.75       0.57142857 0.35714286 0.85714286 0.72727273
 0.90909091 1.         0.25      ]
2025-07-26 01:01:00,346 - INFO - service recall    | micro: 0.659091; macro: 0.672222; score: [1.         1.         0.4        0.41666667 0.5        0.53333333
 1.         1.         0.2       ]
2025-07-26 01:01:00,347 - INFO - service f1        | micro: 0.686391; macro: 0.681546; score: [1.         0.85714286 0.47058824 0.38461538 0.63157895 0.61538462
 0.95238095 1.         0.22222222]
2025-07-26 01:01:00,421 - INFO - pod     precision | micro: 0.671756; macro: 0.739049; score: [0.97916667 0.84615385 0.38571429 0.31683168 0.73584906 0.67058824
 0.98076923 0.96969697 0.76666667]
2025-07-26 01:01:00,421 - INFO - pod     recall    | micro: 0.803653; macro: 0.823354; score: [1.         0.95652174 0.55102041 0.51612903 0.69642857 0.83823529
 1.         1.         0.85185185]
2025-07-26 01:01:00,421 - INFO - pod     f1        | micro: 0.731809; macro: 0.775163; score: [0.98947368 0.89795918 0.45378151 0.39263804 0.71559633 0.74509804
 0.99029126 0.98461538 0.80701754]

=== 内容从行 537163 开始的 16 行 ===
2025-07-26 01:19:57,898 - INFO - evaluation dataset type: test
2025-07-26 01:19:57,917 - INFO - node    precision | micro: 0.612245; macro: 0.631746; score: [0.85714286 0.375      0.66666667 0.45833333 0.73333333 0.7       ]
2025-07-26 01:19:57,918 - INFO - node    recall    | micro: 0.895522; macro: 0.882937; score: [0.85714286 0.85714286 0.66666667 0.91666667 1.         1.        ]
2025-07-26 01:19:57,918 - INFO - node    f1        | micro: 0.727273; macro: 0.721057; score: [0.85714286 0.52173913 0.66666667 0.61111111 0.84615385 0.82352941]
2025-07-26 01:19:57,944 - INFO - service precision | micro: 0.716049; macro: 0.713564; score: [1.         0.75       0.57142857 0.35714286 0.85714286 0.72727273
 0.90909091 1.         0.25      ]
2025-07-26 01:19:57,945 - INFO - service recall    | micro: 0.659091; macro: 0.672222; score: [1.         1.         0.4        0.41666667 0.5        0.53333333
 1.         1.         0.2       ]
2025-07-26 01:19:57,945 - INFO - service f1        | micro: 0.686391; macro: 0.681546; score: [1.         0.85714286 0.47058824 0.38461538 0.63157895 0.61538462
 0.95238095 1.         0.22222222]
2025-07-26 01:19:58,019 - INFO - pod     precision | micro: 0.671756; macro: 0.739049; score: [0.97916667 0.84615385 0.38571429 0.31683168 0.73584906 0.67058824
 0.98076923 0.96969697 0.76666667]
2025-07-26 01:19:58,019 - INFO - pod     recall    | micro: 0.803653; macro: 0.823354; score: [1.         0.95652174 0.55102041 0.51612903 0.69642857 0.83823529
 1.         1.         0.85185185]
2025-07-26 01:19:58,019 - INFO - pod     f1        | micro: 0.731809; macro: 0.775163; score: [0.98947368 0.89795918 0.45378151 0.39263804 0.71559633 0.74509804
 0.99029126 0.98461538 0.80701754]

=== 内容从行 547081 开始的 16 行 ===
2025-07-26 03:12:40,369 - INFO - evaluation dataset type: test
2025-07-26 03:12:40,388 - INFO - node    precision | micro: 0.607843; macro: 0.645627; score: [0.875      0.36842105 0.77777778 0.41666667 0.76923077 0.66666667]
2025-07-26 03:12:40,388 - INFO - node    recall    | micro: 0.925373; macro: 0.920034; score: [1.         1.         0.77777778 0.83333333 0.90909091 1.        ]
2025-07-26 03:12:40,389 - INFO - node    f1        | micro: 0.733728; macro: 0.739744; score: [0.93333333 0.53846154 0.77777778 0.55555556 0.83333333 0.8       ]
2025-07-26 03:12:40,416 - INFO - service precision | micro: 0.732558; macro: 0.772663; score: [1.         0.64285714 0.44444444 0.4        1.         0.8
 1.         1.         0.66666667]
2025-07-26 03:12:40,416 - INFO - service recall    | micro: 0.715909; macro: 0.757407; score: [1.         1.         0.4        0.5        0.58333333 0.53333333
 1.         1.         0.8       ]
2025-07-26 03:12:40,416 - INFO - service f1        | micro: 0.724138; macro: 0.750247; score: [1.         0.7826087  0.42105263 0.44444444 0.73684211 0.64
 1.         1.         0.72727273]
2025-07-26 03:12:40,490 - INFO - pod     precision | micro: 0.573269; macro: 0.678244; score: [0.87037037 0.61971831 0.26271186 0.29752066 0.68421053 0.61627907
 0.96226415 0.96969697 0.82142857]
2025-07-26 03:12:40,491 - INFO - pod     recall    | micro: 0.812785; macro: 0.833057; score: [1.         0.95652174 0.63265306 0.58064516 0.69642857 0.77941176
 1.         1.         0.85185185]
2025-07-26 03:12:40,491 - INFO - pod     f1        | micro: 0.672332; macro: 0.736428; score: [0.93069307 0.75213675 0.37125749 0.39344262 0.69026549 0.68831169
 0.98076923 0.98461538 0.83636364]

=== 内容从行 556202 开始的 16 行 ===
2025-07-26 04:55:31,287 - INFO - evaluation dataset type: test
2025-07-26 04:55:31,306 - INFO - node    precision | micro: 0.606061; macro: 0.633472; score: [0.8        0.42857143 0.66666667 0.42307692 0.84615385 0.63636364]
2025-07-26 04:55:31,306 - INFO - node    recall    | micro: 0.895522; macro: 0.882937; score: [0.85714286 0.85714286 0.66666667 0.91666667 1.         1.        ]
2025-07-26 04:55:31,306 - INFO - node    f1        | micro: 0.722892; macro: 0.723179; score: [0.82758621 0.57142857 0.66666667 0.57894737 0.91666667 0.77777778]
2025-07-26 04:55:31,332 - INFO - service precision | micro: 0.698925; macro: 0.733814; score: [0.9        0.9        0.5        0.42857143 0.7        0.66666667
 0.90909091 1.         0.6       ]
2025-07-26 04:55:31,333 - INFO - service recall    | micro: 0.738636; macro: 0.762963; score: [1.         1.         0.4        0.75       0.58333333 0.53333333
 1.         1.         0.6       ]
2025-07-26 04:55:31,333 - INFO - service f1        | micro: 0.718232; macro: 0.740664; score: [0.94736842 0.94736842 0.44444444 0.54545455 0.63636364 0.59259259
 0.95238095 1.         0.6       ]
2025-07-26 04:55:31,408 - INFO - pod     precision | micro: 0.644248; macro: 0.705729; score: [0.92156863 0.78571429 0.5        0.33064516 0.5375     0.72727273
 0.91071429 0.94117647 0.6969697 ]
2025-07-26 04:55:31,408 - INFO - pod     recall    | micro: 0.831050; macro: 0.845786; score: [1.         0.95652174 0.55102041 0.66129032 0.76785714 0.82352941
 1.         1.         0.85185185]
2025-07-26 04:55:31,408 - INFO - pod     f1        | micro: 0.725823; macro: 0.764607; score: [0.95918367 0.8627451  0.52427184 0.44086022 0.63235294 0.77241379
 0.95327103 0.96969697 0.76666667]

=== 内容从行 557032 开始的 16 行 ===
2025-07-26 05:04:52,353 - INFO - evaluation dataset type: test
2025-07-26 05:04:52,372 - INFO - node    precision | micro: 0.606061; macro: 0.623470; score: [0.86666667 0.35294118 0.66666667 0.45454545 0.73333333 0.66666667]
2025-07-26 05:04:52,372 - INFO - node    recall    | micro: 0.895522; macro: 0.880952; score: [0.92857143 0.85714286 0.66666667 0.83333333 1.         1.        ]
2025-07-26 05:04:52,372 - INFO - node    f1        | micro: 0.722892; macro: 0.716268; score: [0.89655172 0.5        0.66666667 0.58823529 0.84615385 0.8       ]
2025-07-26 05:04:52,399 - INFO - service precision | micro: 0.718750; macro: 0.783114; score: [1.         0.9        0.38461538 0.31578947 0.9        0.83333333
 1.         1.         0.71428571]
2025-07-26 05:04:52,399 - INFO - service recall    | micro: 0.784091; macro: 0.824074; score: [1.         1.         0.5        0.5        0.75       0.66666667
 1.         1.         1.        ]
2025-07-26 05:04:52,399 - INFO - service f1        | micro: 0.750000; macro: 0.795723; score: [1.         0.94736842 0.43478261 0.38709677 0.81818182 0.74074074
 1.         1.         0.83333333]
2025-07-26 05:04:52,474 - INFO - pod     precision | micro: 0.632224; macro: 0.706855; score: [0.92156863 0.86       0.43055556 0.32089552 0.72727273 0.61445783
 0.87931034 0.88888889 0.71875   ]
2025-07-26 05:04:52,474 - INFO - pod     recall    | micro: 0.824201; macro: 0.841902; score: [1.         0.93478261 0.63265306 0.69354839 0.71428571 0.75
 1.         1.         0.85185185]
2025-07-26 05:04:52,474 - INFO - pod     f1        | micro: 0.715560; macro: 0.762114; score: [0.95918367 0.89583333 0.51239669 0.43877551 0.72072072 0.67549669
 0.93577982 0.94117647 0.77966102]

=== 内容从行 558687 开始的 16 行 ===
2025-07-26 05:23:30,222 - INFO - evaluation dataset type: test
2025-07-26 05:23:30,242 - INFO - node    precision | micro: 0.606061; macro: 0.623470; score: [0.86666667 0.35294118 0.66666667 0.45454545 0.73333333 0.66666667]
2025-07-26 05:23:30,242 - INFO - node    recall    | micro: 0.895522; macro: 0.880952; score: [0.92857143 0.85714286 0.66666667 0.83333333 1.         1.        ]
2025-07-26 05:23:30,242 - INFO - node    f1        | micro: 0.722892; macro: 0.716268; score: [0.89655172 0.5        0.66666667 0.58823529 0.84615385 0.8       ]
2025-07-26 05:23:30,269 - INFO - service precision | micro: 0.718750; macro: 0.783114; score: [1.         0.9        0.38461538 0.31578947 0.9        0.83333333
 1.         1.         0.71428571]
2025-07-26 05:23:30,269 - INFO - service recall    | micro: 0.784091; macro: 0.824074; score: [1.         1.         0.5        0.5        0.75       0.66666667
 1.         1.         1.        ]
2025-07-26 05:23:30,270 - INFO - service f1        | micro: 0.750000; macro: 0.795723; score: [1.         0.94736842 0.43478261 0.38709677 0.81818182 0.74074074
 1.         1.         0.83333333]
2025-07-26 05:23:30,344 - INFO - pod     precision | micro: 0.632224; macro: 0.706855; score: [0.92156863 0.86       0.43055556 0.32089552 0.72727273 0.61445783
 0.87931034 0.88888889 0.71875   ]
2025-07-26 05:23:30,344 - INFO - pod     recall    | micro: 0.824201; macro: 0.841902; score: [1.         0.93478261 0.63265306 0.69354839 0.71428571 0.75
 1.         1.         0.85185185]
2025-07-26 05:23:30,345 - INFO - pod     f1        | micro: 0.715560; macro: 0.762114; score: [0.95918367 0.89583333 0.51239669 0.43877551 0.72072072 0.67549669
 0.93577982 0.94117647 0.77966102]

=== 内容从行 14045 开始的 16 行 ===
2025-07-21 22:29:05,340 - INFO - evaluation dataset type: test
2025-07-21 22:29:05,359 - INFO - node    precision | micro: 0.618557; macro: 0.658254; score: [0.8        0.4        0.85714286 0.44       0.78571429 0.66666667]
2025-07-21 22:29:05,359 - INFO - node    recall    | micro: 0.895522; macro: 0.882937; score: [0.85714286 0.85714286 0.66666667 0.91666667 1.         1.        ]
2025-07-21 22:29:05,360 - INFO - node    f1        | micro: 0.731707; macro: 0.732939; score: [0.82758621 0.54545455 0.75       0.59459459 0.88       0.8       ]
2025-07-21 22:29:05,386 - INFO - service precision | micro: 0.443662; macro: 0.695554; score: [1.         0.5625     0.13043478 0.24324324 1.         0.8
 1.         0.85714286 0.66666667]
2025-07-21 22:29:05,386 - INFO - service recall    | micro: 0.715909; macro: 0.735185; score: [1.         1.         0.6        0.75       0.33333333 0.53333333
 1.         1.         0.4       ]
2025-07-21 22:29:05,387 - INFO - service f1        | micro: 0.547826; macro: 0.651634; score: [1.         0.72       0.21428571 0.36734694 0.5        0.64
 1.         0.92307692 0.5       ]
2025-07-21 22:29:05,461 - INFO - pod     precision | micro: 0.374607; macro: 0.622827; score: [0.87037037 0.51724138 0.13617021 0.15015015 0.67924528 0.62068966
 0.92727273 0.87096774 0.83333333]
2025-07-21 22:29:05,461 - INFO - pod     recall    | micro: 0.815068; macro: 0.808228; score: [1.         0.97826087 0.65306122 0.80645161 0.64285714 0.79411765
 1.         0.84375    0.55555556]
2025-07-21 22:29:05,461 - INFO - pod     f1        | micro: 0.513300; macro: 0.658811; score: [0.93069307 0.67669173 0.22535211 0.25316456 0.66055046 0.69677419
 0.96226415 0.85714286 0.66666667]

=== 内容从行 18204 开始的 16 行 ===
2025-07-21 23:15:46,045 - INFO - evaluation dataset type: test
2025-07-21 23:15:46,066 - INFO - node    precision | micro: 0.617647; macro: 0.643832; score: [0.82352941 0.46153846 0.7        0.42307692 0.84615385 0.60869565]
2025-07-21 23:15:46,066 - INFO - node    recall    | micro: 0.940299; macro: 0.925265; score: [1.         0.85714286 0.77777778 0.91666667 1.         1.        ]
2025-07-21 23:15:46,066 - INFO - node    f1        | micro: 0.745562; macro: 0.748740; score: [0.90322581 0.6        0.73684211 0.57894737 0.91666667 0.75675676]
2025-07-21 23:15:46,094 - INFO - service precision | micro: 0.690000; macro: 0.756120; score: [1.         0.9        0.38461538 0.38888889 0.7        0.63157895
 1.         1.         0.8       ]
2025-07-21 23:15:46,094 - INFO - service recall    | micro: 0.784091; macro: 0.807407; score: [1.         1.         0.5        0.58333333 0.58333333 0.8
 1.         1.         0.8       ]
2025-07-21 23:15:46,094 - INFO - service f1        | micro: 0.734043; macro: 0.776785; score: [1.         0.94736842 0.43478261 0.46666667 0.63636364 0.70588235
 1.         1.         0.8       ]
2025-07-21 23:15:46,170 - INFO - pod     precision | micro: 0.644981; macro: 0.721226; score: [0.92156863 0.70967742 0.31578947 0.43589744 0.75       0.5625
 0.96226415 0.96969697 0.86363636]
2025-07-21 23:15:46,170 - INFO - pod     recall    | micro: 0.792237; macro: 0.806426; score: [1.         0.95652174 0.6122449  0.5483871  0.64285714 0.79411765
 1.         1.         0.7037037 ]
2025-07-21 23:15:46,171 - INFO - pod     f1        | micro: 0.711066; macro: 0.752013; score: [0.95918367 0.81481481 0.41666667 0.48571429 0.69230769 0.65853659
 0.98076923 0.98461538 0.7755102 ]

=== 内容从行 19863 开始的 16 行 ===
2025-07-21 23:34:24,643 - INFO - evaluation dataset type: test
2025-07-21 23:34:24,662 - INFO - node    precision | micro: 0.617647; macro: 0.643832; score: [0.82352941 0.46153846 0.7        0.42307692 0.84615385 0.60869565]
2025-07-21 23:34:24,663 - INFO - node    recall    | micro: 0.940299; macro: 0.925265; score: [1.         0.85714286 0.77777778 0.91666667 1.         1.        ]
2025-07-21 23:34:24,663 - INFO - node    f1        | micro: 0.745562; macro: 0.748740; score: [0.90322581 0.6        0.73684211 0.57894737 0.91666667 0.75675676]
2025-07-21 23:34:24,690 - INFO - service precision | micro: 0.690000; macro: 0.756120; score: [1.         0.9        0.38461538 0.38888889 0.7        0.63157895
 1.         1.         0.8       ]
2025-07-21 23:34:24,690 - INFO - service recall    | micro: 0.784091; macro: 0.807407; score: [1.         1.         0.5        0.58333333 0.58333333 0.8
 1.         1.         0.8       ]
2025-07-21 23:34:24,690 - INFO - service f1        | micro: 0.734043; macro: 0.776785; score: [1.         0.94736842 0.43478261 0.46666667 0.63636364 0.70588235
 1.         1.         0.8       ]
2025-07-21 23:34:24,764 - INFO - pod     precision | micro: 0.644981; macro: 0.721226; score: [0.92156863 0.70967742 0.31578947 0.43589744 0.75       0.5625
 0.96226415 0.96969697 0.86363636]
2025-07-21 23:34:24,764 - INFO - pod     recall    | micro: 0.792237; macro: 0.806426; score: [1.         0.95652174 0.6122449  0.5483871  0.64285714 0.79411765
 1.         1.         0.7037037 ]
2025-07-21 23:34:24,764 - INFO - pod     f1        | micro: 0.711066; macro: 0.752013; score: [0.95918367 0.81481481 0.41666667 0.48571429 0.69230769 0.65853659
 0.98076923 0.98461538 0.7755102 ]

=== 内容从行 20695 开始的 16 行 ===
2025-07-21 23:43:45,791 - INFO - evaluation dataset type: test
2025-07-21 23:43:45,810 - INFO - node    precision | micro: 0.622449; macro: 0.645635; score: [0.82352941 0.46153846 0.75       0.41666667 0.78571429 0.63636364]
2025-07-21 23:43:45,810 - INFO - node    recall    | micro: 0.910448; macro: 0.892857; score: [1.         0.85714286 0.66666667 0.83333333 1.         1.        ]
2025-07-21 23:43:45,810 - INFO - node    f1        | micro: 0.739394; macro: 0.737074; score: [0.90322581 0.6        0.70588235 0.55555556 0.88       0.77777778]
2025-07-21 23:43:45,837 - INFO - service precision | micro: 0.733333; macro: 0.760847; score: [1.         0.9        0.4        0.44444444 0.88888889 0.71428571
 1.         1.         0.5       ]
2025-07-21 23:43:45,837 - INFO - service recall    | micro: 0.750000; macro: 0.755556; score: [1.         1.         0.4        0.66666667 0.66666667 0.66666667
 1.         1.         0.4       ]
2025-07-21 23:43:45,837 - INFO - service f1        | micro: 0.741573; macro: 0.752967; score: [1.         0.94736842 0.4        0.53333333 0.76190476 0.68965517
 1.         1.         0.44444444]
2025-07-21 23:43:45,912 - INFO - pod     precision | micro: 0.631103; macro: 0.705770; score: [0.94       0.8627451  0.3125     0.34821429 0.69491525 0.52941176
 0.94444444 0.96969697 0.75      ]
2025-07-21 23:43:45,913 - INFO - pod     recall    | micro: 0.796804; macro: 0.810862; score: [1.         0.95652174 0.40816327 0.62903226 0.73214286 0.79411765
 1.         1.         0.77777778]
2025-07-21 23:43:45,913 - INFO - pod     f1        | micro: 0.704339; macro: 0.749618; score: [0.96907216 0.90721649 0.3539823  0.44827586 0.71304348 0.63529412
 0.97142857 0.98461538 0.76363636]

=== 内容从行 38932 开始的 16 行 ===
2025-07-22 03:09:12,249 - INFO - evaluation dataset type: test
2025-07-22 03:09:12,269 - INFO - node    precision | micro: 0.625000; macro: 0.667874; score: [0.92307692 0.42857143 0.75       0.42307692 0.84615385 0.63636364]
2025-07-22 03:09:12,269 - INFO - node    recall    | micro: 0.895522; macro: 0.882937; score: [0.85714286 0.85714286 0.66666667 0.91666667 1.         1.        ]
2025-07-22 03:09:12,269 - INFO - node    f1        | micro: 0.736196; macro: 0.739932; score: [0.88888889 0.57142857 0.70588235 0.57894737 0.91666667 0.77777778]
2025-07-22 03:09:12,296 - INFO - service precision | micro: 0.734940; macro: 0.705318; score: [1.         0.81818182 0.4        0.47058824 1.         0.75
 0.90909091 1.         0.        ]
2025-07-22 03:09:12,296 - INFO - service recall    | micro: 0.693182; macro: 0.685185; score: [1.         1.         0.4        0.66666667 0.5        0.6
 1.         1.         0.        ]
2025-07-22 03:09:12,296 - INFO - service f1        | micro: 0.713450; macro: 0.681938; score: [1.         0.9        0.4        0.55172414 0.66666667 0.66666667
 0.95238095 1.         0.        ]
2025-07-22 03:09:12,370 - INFO - pod     precision | micro: 0.676587; macro: 0.732284; score: [0.95918367 0.78947368 0.375      0.36842105 0.75555556 0.60674157
 0.98076923 0.96969697 0.78571429]
2025-07-22 03:09:12,370 - INFO - pod     recall    | micro: 0.778539; macro: 0.798603; score: [1.         0.97826087 0.42857143 0.56451613 0.60714286 0.79411765
 1.         1.         0.81481481]
2025-07-22 03:09:12,370 - INFO - pod     f1        | micro: 0.723992; macro: 0.759432; score: [0.97916667 0.87378641 0.4        0.44585987 0.67326733 0.68789809
 0.99029126 0.98461538 0.8       ]

=== 内容从行 61306 开始的 16 行 ===
2025-07-22 07:21:31,719 - INFO - evaluation dataset type: test
2025-07-22 07:21:31,739 - INFO - node    precision | micro: 0.618557; macro: 0.672904; score: [0.875      0.58333333 0.75       0.36       0.90909091 0.56      ]
2025-07-22 07:21:31,739 - INFO - node    recall    | micro: 0.895522; macro: 0.887626; score: [1.         1.         0.66666667 0.75       0.90909091 1.        ]
2025-07-22 07:21:31,739 - INFO - node    f1        | micro: 0.731707; macro: 0.748264; score: [0.93333333 0.73684211 0.70588235 0.48648649 0.90909091 0.71794872]
2025-07-22 07:21:31,766 - INFO - service precision | micro: 0.607477; macro: 0.682467; score: [1.         0.9        0.21428571 0.22727273 0.69230769 0.73333333
 1.         1.         0.375     ]
2025-07-22 07:21:31,766 - INFO - service recall    | micro: 0.738636; macro: 0.755556; score: [1.         1.         0.3        0.41666667 0.75       0.73333333
 1.         1.         0.6       ]
2025-07-22 07:21:31,767 - INFO - service f1        | micro: 0.666667; macro: 0.711818; score: [1.         0.94736842 0.25       0.29411765 0.72       0.73333333
 1.         1.         0.46153846]
2025-07-22 07:21:31,841 - INFO - pod     precision | micro: 0.477852; macro: 0.591696; score: [0.90384615 0.64285714 0.225      0.22360248 0.45555556 0.44715447
 0.96226415 0.94117647 0.52380952]
2025-07-22 07:21:31,841 - INFO - pod     recall    | micro: 0.812785; macro: 0.829523; score: [1.         0.97826087 0.55102041 0.58064516 0.73214286 0.80882353
 1.         1.         0.81481481]
2025-07-22 07:21:31,841 - INFO - pod     f1        | micro: 0.601860; macro: 0.677051; score: [0.94949495 0.77586207 0.31952663 0.32286996 0.56164384 0.57591623
 0.98076923 0.96969697 0.63768116]

=== 内容从行 62965 开始的 16 行 ===
2025-07-22 07:40:17,811 - INFO - evaluation dataset type: test
2025-07-22 07:40:17,831 - INFO - node    precision | micro: 0.618557; macro: 0.672904; score: [0.875      0.58333333 0.75       0.36       0.90909091 0.56      ]
2025-07-22 07:40:17,832 - INFO - node    recall    | micro: 0.895522; macro: 0.887626; score: [1.         1.         0.66666667 0.75       0.90909091 1.        ]
2025-07-22 07:40:17,832 - INFO - node    f1        | micro: 0.731707; macro: 0.748264; score: [0.93333333 0.73684211 0.70588235 0.48648649 0.90909091 0.71794872]
2025-07-22 07:40:17,859 - INFO - service precision | micro: 0.607477; macro: 0.682467; score: [1.         0.9        0.21428571 0.22727273 0.69230769 0.73333333
 1.         1.         0.375     ]
2025-07-22 07:40:17,859 - INFO - service recall    | micro: 0.738636; macro: 0.755556; score: [1.         1.         0.3        0.41666667 0.75       0.73333333
 1.         1.         0.6       ]
2025-07-22 07:40:17,859 - INFO - service f1        | micro: 0.666667; macro: 0.711818; score: [1.         0.94736842 0.25       0.29411765 0.72       0.73333333
 1.         1.         0.46153846]
2025-07-22 07:40:17,935 - INFO - pod     precision | micro: 0.477852; macro: 0.591696; score: [0.90384615 0.64285714 0.225      0.22360248 0.45555556 0.44715447
 0.96226415 0.94117647 0.52380952]
2025-07-22 07:40:17,935 - INFO - pod     recall    | micro: 0.812785; macro: 0.829523; score: [1.         0.97826087 0.55102041 0.58064516 0.73214286 0.80882353
 1.         1.         0.81481481]
2025-07-22 07:40:17,935 - INFO - pod     f1        | micro: 0.601860; macro: 0.677051; score: [0.94949495 0.77586207 0.31952663 0.32286996 0.56164384 0.57591623
 0.98076923 0.96969697 0.63768116]

=== 内容从行 88643 开始的 16 行 ===
2025-07-22 12:29:59,916 - INFO - evaluation dataset type: test
2025-07-22 12:29:59,936 - INFO - node    precision | micro: 0.616162; macro: 0.669840; score: [0.86666667 0.375      0.85714286 0.40740741 0.84615385 0.66666667]
2025-07-22 12:29:59,936 - INFO - node    recall    | micro: 0.910448; macro: 0.894841; score: [0.92857143 0.85714286 0.66666667 0.91666667 1.         1.        ]
2025-07-22 12:29:59,936 - INFO - node    f1        | micro: 0.734940; macro: 0.741510; score: [0.89655172 0.52173913 0.75       0.56410256 0.91666667 0.8       ]
2025-07-22 12:29:59,963 - INFO - service precision | micro: 0.724138; macro: 0.763468; score: [1.         0.81818182 0.625      0.375      0.63636364 0.66666667
 1.         1.         0.75      ]
2025-07-22 12:29:59,963 - INFO - service recall    | micro: 0.715909; macro: 0.746296; score: [1.         1.         0.5        0.5        0.58333333 0.53333333
 1.         1.         0.6       ]
2025-07-22 12:29:59,963 - INFO - service f1        | micro: 0.720000; macro: 0.750231; score: [1.         0.9        0.55555556 0.42857143 0.60869565 0.59259259
 1.         1.         0.66666667]
2025-07-22 12:30:00,037 - INFO - pod     precision | micro: 0.665392; macro: 0.701212; score: [0.90384615 0.74576271 0.48       0.42168675 0.6557377  0.54901961
 0.96226415 0.88888889 0.7037037 ]
2025-07-22 12:30:00,037 - INFO - pod     recall    | micro: 0.794521; macro: 0.805817; score: [1.         0.95652174 0.48979592 0.56451613 0.71428571 0.82352941
 1.         1.         0.7037037 ]
2025-07-22 12:30:00,037 - INFO - pod     f1        | micro: 0.724246; macro: 0.747048; score: [0.94949495 0.83809524 0.48484848 0.48275862 0.68376068 0.65882353
 0.98076923 0.94117647 0.7037037 ]

=== 内容从行 110220 开始的 16 行 ===
2025-07-22 16:33:49,864 - INFO - evaluation dataset type: test
2025-07-22 16:33:49,883 - INFO - node    precision | micro: 0.616162; macro: 0.669840; score: [0.86666667 0.375      0.85714286 0.40740741 0.84615385 0.66666667]
2025-07-22 16:33:49,883 - INFO - node    recall    | micro: 0.910448; macro: 0.894841; score: [0.92857143 0.85714286 0.66666667 0.91666667 1.         1.        ]
2025-07-22 16:33:49,883 - INFO - node    f1        | micro: 0.734940; macro: 0.741510; score: [0.89655172 0.52173913 0.75       0.56410256 0.91666667 0.8       ]
2025-07-22 16:33:49,910 - INFO - service precision | micro: 0.724138; macro: 0.763468; score: [1.         0.81818182 0.625      0.375      0.63636364 0.66666667
 1.         1.         0.75      ]
2025-07-22 16:33:49,911 - INFO - service recall    | micro: 0.715909; macro: 0.746296; score: [1.         1.         0.5        0.5        0.58333333 0.53333333
 1.         1.         0.6       ]
2025-07-22 16:33:49,911 - INFO - service f1        | micro: 0.720000; macro: 0.750231; score: [1.         0.9        0.55555556 0.42857143 0.60869565 0.59259259
 1.         1.         0.66666667]
2025-07-22 16:33:49,985 - INFO - pod     precision | micro: 0.665392; macro: 0.701212; score: [0.90384615 0.74576271 0.48       0.42168675 0.6557377  0.54901961
 0.96226415 0.88888889 0.7037037 ]
2025-07-22 16:33:49,986 - INFO - pod     recall    | micro: 0.794521; macro: 0.805817; score: [1.         0.95652174 0.48979592 0.56451613 0.71428571 0.82352941
 1.         1.         0.7037037 ]
2025-07-22 16:33:49,986 - INFO - pod     f1        | micro: 0.724246; macro: 0.747048; score: [0.94949495 0.83809524 0.48484848 0.48275862 0.68376068 0.65882353
 0.98076923 0.94117647 0.7037037 ]

=== 内容从行 130120 开始的 16 行 ===
2025-07-22 20:18:18,435 - INFO - evaluation dataset type: test
2025-07-22 20:18:18,454 - INFO - node    precision | micro: 0.617021; macro: 0.657508; score: [0.76470588 0.46153846 0.85714286 0.43478261 0.81818182 0.60869565]
2025-07-22 20:18:18,455 - INFO - node    recall    | micro: 0.865672; macro: 0.850649; score: [0.92857143 0.85714286 0.66666667 0.83333333 0.81818182 1.        ]
2025-07-22 20:18:18,455 - INFO - node    f1        | micro: 0.720497; macro: 0.722513; score: [0.83870968 0.6        0.75       0.57142857 0.81818182 0.75675676]
2025-07-22 20:18:18,482 - INFO - service precision | micro: 0.682353; macro: 0.664985; score: [1.         0.9        0.58333333 0.23529412 0.85714286 0.66666667
 0.90909091 0.83333333 0.        ]
2025-07-22 20:18:18,482 - INFO - service recall    | micro: 0.659091; macro: 0.655556; score: [1.         1.         0.7        0.33333333 0.5        0.53333333
 1.         0.83333333 0.        ]
2025-07-22 20:18:18,482 - INFO - service f1        | micro: 0.670520; macro: 0.652164; score: [1.         0.94736842 0.63636364 0.27586207 0.63157895 0.59259259
 0.95238095 0.83333333 0.        ]
2025-07-22 20:18:18,557 - INFO - pod     precision | micro: 0.543379; macro: 0.612225; score: [0.81034483 0.625      0.33333333 0.28244275 0.65151515 0.48245614
 0.94444444 0.7804878  0.6       ]
2025-07-22 20:18:18,557 - INFO - pod     recall    | micro: 0.815068; macro: 0.817815; score: [1.         0.97826087 0.65306122 0.59677419 0.76785714 0.80882353
 1.         1.         0.55555556]
2025-07-22 20:18:18,557 - INFO - pod     f1        | micro: 0.652055; macro: 0.690792; score: [0.8952381  0.76271186 0.44137931 0.38341969 0.70491803 0.6043956
 0.97142857 0.87671233 0.57692308]

=== 内容从行 149943 开始的 16 行 ===
2025-07-23 00:02:45,387 - INFO - evaluation dataset type: test
2025-07-23 00:02:45,408 - INFO - node    precision | micro: 0.618557; macro: 0.657985; score: [0.77777778 0.46153846 0.85714286 0.43478261 0.83333333 0.58333333]
2025-07-23 00:02:45,408 - INFO - node    recall    | micro: 0.895522; macro: 0.877706; score: [1.         0.85714286 0.66666667 0.83333333 0.90909091 1.        ]
2025-07-23 00:02:45,408 - INFO - node    f1        | micro: 0.731707; macro: 0.733806; score: [0.875      0.6        0.75       0.57142857 0.86956522 0.73684211]
2025-07-23 00:02:45,436 - INFO - service precision | micro: 0.731183; macro: 0.777922; score: [1.         0.9        0.54545455 0.42857143 0.8        0.72727273
 1.         1.         0.6       ]
2025-07-23 00:02:45,436 - INFO - service recall    | micro: 0.772727; macro: 0.794444; score: [1.         1.         0.6        0.75       0.66666667 0.53333333
 1.         1.         0.6       ]
2025-07-23 00:02:45,436 - INFO - service f1        | micro: 0.751381; macro: 0.778545; score: [1.         0.94736842 0.57142857 0.54545455 0.72727273 0.61538462
 1.         1.         0.6       ]
2025-07-23 00:02:45,511 - INFO - pod     precision | micro: 0.616299; macro: 0.714770; score: [0.85454545 0.87755102 0.41176471 0.2885906  0.6779661  0.65822785
 0.98076923 0.91428571 0.76923077]
2025-07-23 00:02:45,511 - INFO - pod     recall    | micro: 0.828767; macro: 0.840261; score: [1.         0.93478261 0.71428571 0.69354839 0.71428571 0.76470588
 1.         1.         0.74074074]
2025-07-23 00:02:45,511 - INFO - pod     f1        | micro: 0.706913; macro: 0.762241; score: [0.92156863 0.90526316 0.52238806 0.40758294 0.69565217 0.70748299
 0.99029126 0.95522388 0.75471698]

=== 内容从行 159063 开始的 16 行 ===
2025-07-23 01:45:53,021 - INFO - evaluation dataset type: test
2025-07-23 01:45:53,040 - INFO - node    precision | micro: 0.620000; macro: 0.639265; score: [0.82352941 0.375      0.7        0.45454545 0.84615385 0.63636364]
2025-07-23 01:45:53,040 - INFO - node    recall    | micro: 0.925373; macro: 0.911376; score: [1.         0.85714286 0.77777778 0.83333333 1.         1.        ]
2025-07-23 01:45:53,040 - INFO - node    f1        | micro: 0.742515; macro: 0.740748; score: [0.90322581 0.52173913 0.73684211 0.58823529 0.91666667 0.77777778]
2025-07-23 01:45:53,067 - INFO - service precision | micro: 0.325893; macro: 0.669687; score: [1.         1.         0.08264463 0.33333333 0.81818182 0.3125
 0.90909091 1.         0.57142857]
2025-07-23 01:45:53,067 - INFO - service recall    | micro: 0.829545; macro: 0.857407; score: [1.         1.         1.         0.5        0.75       0.66666667
 1.         1.         0.8       ]
2025-07-23 01:45:53,067 - INFO - service f1        | micro: 0.467949; macro: 0.708873; score: [1.         1.         0.15267176 0.4        0.7826087  0.42553191
 0.95238095 1.         0.66666667]
2025-07-23 01:45:53,143 - INFO - pod     precision | micro: 0.250988; macro: 0.611207; score: [0.88679245 0.87755102 0.05010893 0.2625     0.59701493 0.4084507
 0.92727273 0.94117647 0.55      ]
2025-07-23 01:45:53,143 - INFO - pod     recall    | micro: 0.869863; macro: 0.881447; score: [1.         0.93478261 0.93877551 0.67741935 0.71428571 0.85294118
 1.         1.         0.81481481]
2025-07-23 01:45:53,143 - INFO - pod     f1        | micro: 0.389571; macro: 0.678916; score: [0.94       0.90526316 0.09513961 0.37837838 0.6504065  0.55238095
 0.96226415 0.96969697 0.65671642]

=== 内容从行 161543 开始的 16 行 ===
2025-07-23 02:14:00,303 - INFO - evaluation dataset type: test
2025-07-23 02:14:00,323 - INFO - node    precision | micro: 0.621053; macro: 0.655519; score: [0.86666667 0.42857143 0.7        0.45454545 0.9        0.58333333]
2025-07-23 02:14:00,323 - INFO - node    recall    | micro: 0.880597; macro: 0.869168; score: [0.92857143 0.85714286 0.77777778 0.83333333 0.81818182 1.        ]
2025-07-23 02:14:00,323 - INFO - node    f1        | micro: 0.728395; macro: 0.731174; score: [0.89655172 0.57142857 0.73684211 0.58823529 0.85714286 0.73684211]
2025-07-23 02:14:00,351 - INFO - service precision | micro: 0.753247; macro: 0.761061; score: [1.         0.9        0.57142857 0.38461538 0.85714286 0.63636364
 1.         1.         0.5       ]
2025-07-23 02:14:00,351 - INFO - service recall    | micro: 0.659091; macro: 0.687037; score: [1.         1.         0.4        0.41666667 0.5        0.46666667
 1.         1.         0.4       ]
2025-07-23 02:14:00,351 - INFO - service f1        | micro: 0.703030; macro: 0.714716; score: [1.         0.94736842 0.47058824 0.4        0.63157895 0.53846154
 1.         1.         0.44444444]
2025-07-23 02:14:00,426 - INFO - pod     precision | micro: 0.673428; macro: 0.709643; score: [0.90384615 0.73770492 0.33333333 0.40963855 0.72       0.63529412
 0.92727273 0.96969697 0.75      ]
2025-07-23 02:14:00,426 - INFO - pod     recall    | micro: 0.757991; macro: 0.765169; score: [1.         0.97826087 0.36734694 0.5483871  0.64285714 0.79411765
 1.         1.         0.55555556]
2025-07-23 02:14:00,426 - INFO - pod     f1        | micro: 0.713212; macro: 0.731045; score: [0.94949495 0.8411215  0.34951456 0.46896552 0.67924528 0.70588235
 0.96226415 0.98461538 0.63829787]

=== 内容从行 162374 开始的 16 行 ===
2025-07-23 02:23:17,929 - INFO - evaluation dataset type: test
2025-07-23 02:23:17,949 - INFO - node    precision | micro: 0.618557; macro: 0.655742; score: [0.875      0.375      0.75       0.40909091 0.91666667 0.60869565]
2025-07-23 02:23:17,949 - INFO - node    recall    | micro: 0.895522; macro: 0.878968; score: [1.         0.85714286 0.66666667 0.75       1.         1.        ]
2025-07-23 02:23:17,949 - INFO - node    f1        | micro: 0.731707; macro: 0.733941; score: [0.93333333 0.52173913 0.70588235 0.52941176 0.95652174 0.75675676]
2025-07-23 02:23:17,976 - INFO - service precision | micro: 0.710843; macro: 0.703114; score: [1.         0.9        0.33333333 0.41666667 0.7        0.69230769
 1.         1.         0.28571429]
2025-07-23 02:23:17,976 - INFO - service recall    | micro: 0.670455; macro: 0.688889; score: [1.         1.         0.2        0.41666667 0.58333333 0.6
 1.         1.         0.4       ]
2025-07-23 02:23:17,976 - INFO - service f1        | micro: 0.690058; macro: 0.691843; score: [1.         0.94736842 0.25       0.41666667 0.63636364 0.64285714
 1.         1.         0.33333333]
2025-07-23 02:23:18,051 - INFO - pod     precision | micro: 0.612546; macro: 0.650010; score: [0.88679245 0.703125   0.32075472 0.30769231 0.65       0.54
 0.94444444 0.84210526 0.65517241]
2025-07-23 02:23:18,051 - INFO - pod     recall    | micro: 0.757991; macro: 0.774562; score: [1.         0.97826087 0.34693878 0.4516129  0.69642857 0.79411765
 1.         1.         0.7037037 ]
2025-07-23 02:23:18,051 - INFO - pod     f1        | micro: 0.677551; macro: 0.704121; score: [0.94       0.81818182 0.33333333 0.36601307 0.67241379 0.64285714
 0.97142857 0.91428571 0.67857143]

=== 内容从行 165692 开始的 16 行 ===
2025-07-23 03:00:39,176 - INFO - evaluation dataset type: test
2025-07-23 03:00:39,196 - INFO - node    precision | micro: 0.622449; macro: 0.646335; score: [0.82352941 0.4        0.66666667 0.43478261 0.91666667 0.63636364]
2025-07-23 03:00:39,196 - INFO - node    recall    | micro: 0.910448; macro: 0.892857; score: [1.         0.85714286 0.66666667 0.83333333 1.         1.        ]
2025-07-23 03:00:39,197 - INFO - node    f1        | micro: 0.739394; macro: 0.736846; score: [0.90322581 0.54545455 0.66666667 0.57142857 0.95652174 0.77777778]
2025-07-23 03:00:39,224 - INFO - service precision | micro: 0.622642; macro: 0.672184; score: [1.         0.9        0.26666667 0.38461538 0.625      0.71428571
 0.90909091 1.         0.25      ]
2025-07-23 03:00:39,224 - INFO - service recall    | micro: 0.750000; macro: 0.768519; score: [1.         1.         0.4        0.41666667 0.83333333 0.66666667
 1.         1.         0.6       ]
2025-07-23 03:00:39,224 - INFO - service f1        | micro: 0.680412; macro: 0.708515; score: [1.         0.94736842 0.32       0.4        0.71428571 0.68965517
 0.95238095 1.         0.35294118]
2025-07-23 03:00:39,299 - INFO - pod     precision | micro: 0.537634; macro: 0.623821; score: [0.78333333 0.81818182 0.24369748 0.3        0.56790123 0.42741935
 0.94444444 0.94117647 0.58823529]
2025-07-23 03:00:39,299 - INFO - pod     recall    | micro: 0.799087; macro: 0.816351; score: [1.         0.97826087 0.59183673 0.43548387 0.82142857 0.77941176
 1.         1.         0.74074074]
2025-07-23 03:00:39,299 - INFO - pod     f1        | micro: 0.642792; macro: 0.698953; score: [0.87850467 0.89108911 0.3452381  0.35526316 0.67153285 0.55208333
 0.97142857 0.96969697 0.6557377 ]

=== 内容从行 178100 开始的 16 行 ===
2025-07-23 05:21:34,388 - INFO - evaluation dataset type: test
2025-07-23 05:21:34,407 - INFO - node    precision | micro: 0.616162; macro: 0.634562; score: [0.8125     0.46153846 0.7        0.4        0.73333333 0.7       ]
2025-07-23 05:21:34,408 - INFO - node    recall    | micro: 0.910448; macro: 0.899471; score: [0.92857143 0.85714286 0.77777778 0.83333333 1.         1.        ]
2025-07-23 05:21:34,408 - INFO - node    f1        | micro: 0.734940; macro: 0.735622; score: [0.86666667 0.6        0.73684211 0.54054054 0.84615385 0.82352941]
2025-07-23 05:21:34,435 - INFO - service precision | micro: 0.765432; macro: 0.781046; score: [1.         0.9        0.33333333 0.66666667 1.         0.52941176
 1.         1.         0.6       ]
2025-07-23 05:21:34,435 - INFO - service recall    | micro: 0.704545; macro: 0.731481; score: [1.         1.         0.3        0.33333333 0.75       0.6
 1.         1.         0.6       ]
2025-07-23 05:21:34,435 - INFO - service f1        | micro: 0.733728; macro: 0.747472; score: [1.         0.94736842 0.31578947 0.44444444 0.85714286 0.5625
 1.         1.         0.6       ]
2025-07-23 05:21:34,510 - INFO - pod     precision | micro: 0.666667; macro: 0.717148; score: [0.94       0.81132075 0.3        0.44444444 0.77777778 0.54455446
 0.98076923 0.94117647 0.71428571]
2025-07-23 05:21:34,510 - INFO - pod     recall    | micro: 0.794521; macro: 0.805206; score: [1.         0.93478261 0.36734694 0.64516129 0.75       0.80882353
 1.         1.         0.74074074]
2025-07-23 05:21:34,510 - INFO - pod     f1        | micro: 0.725000; macro: 0.755126; score: [0.96907216 0.86868687 0.33027523 0.52631579 0.76363636 0.65088757
 0.99029126 0.96969697 0.72727273]

=== 内容从行 210410 开始的 16 行 ===
2025-07-23 11:27:32,297 - INFO - evaluation dataset type: test
2025-07-23 11:27:32,317 - INFO - node    precision | micro: 0.616162; macro: 0.625350; score: [0.82352941 0.4        0.7        0.42857143 0.73333333 0.66666667]
2025-07-23 11:27:32,317 - INFO - node    recall    | micro: 0.910448; macro: 0.897487; score: [1.         0.85714286 0.77777778 0.75       1.         1.        ]
2025-07-23 11:27:32,317 - INFO - node    f1        | micro: 0.734940; macro: 0.729522; score: [0.90322581 0.54545455 0.73684211 0.54545455 0.84615385 0.8       ]
2025-07-23 11:27:32,344 - INFO - service precision | micro: 0.744186; macro: 0.748096; score: [1.         0.81818182 0.44444444 0.42857143 0.75       0.625
 1.         1.         0.66666667]
2025-07-23 11:27:32,344 - INFO - service recall    | micro: 0.727273; macro: 0.762963; score: [1.         1.         0.4        0.25       0.75       0.66666667
 1.         1.         0.8       ]
2025-07-23 11:27:32,344 - INFO - service f1        | micro: 0.735632; macro: 0.751031; score: [1.         0.9        0.42105263 0.31578947 0.75       0.64516129
 1.         1.         0.72727273]
2025-07-23 11:27:32,419 - INFO - pod     precision | micro: 0.685598; macro: 0.714824; score: [0.90384615 0.703125   0.46808511 0.38823529 0.77777778 0.65432099
 0.96226415 0.96969697 0.60606061]
2025-07-23 11:27:32,419 - INFO - pod     recall    | micro: 0.771689; macro: 0.789406; score: [1.         0.97826087 0.44897959 0.53225806 0.625      0.77941176
 1.         1.         0.74074074]
2025-07-23 11:27:32,420 - INFO - pod     f1        | micro: 0.726101; macro: 0.745724; score: [0.94949495 0.81818182 0.45833333 0.44897959 0.69306931 0.7114094
 0.98076923 0.98461538 0.66666667]

=== 内容从行 212870 开始的 16 行 ===
2025-07-23 11:56:19,826 - INFO - evaluation dataset type: test
2025-07-23 11:56:19,846 - INFO - node    precision | micro: 0.618557; macro: 0.638481; score: [0.82352941 0.42857143 0.7        0.40909091 0.83333333 0.63636364]
2025-07-23 11:56:19,846 - INFO - node    recall    | micro: 0.895522; macro: 0.882335; score: [1.         0.85714286 0.77777778 0.75       0.90909091 1.        ]
2025-07-23 11:56:19,846 - INFO - node    f1        | micro: 0.731707; macro: 0.731375; score: [0.90322581 0.57142857 0.73684211 0.52941176 0.86956522 0.77777778]
2025-07-23 11:56:19,873 - INFO - service precision | micro: 0.663366; macro: 0.738462; score: [1.         0.75       0.25       0.46153846 0.69230769 0.69230769
 1.         1.         0.8       ]
2025-07-23 11:56:19,873 - INFO - service recall    | micro: 0.761364; macro: 0.794444; score: [1.   1.   0.5  0.5  0.75 0.6  1.   1.   0.8 ]
2025-07-23 11:56:19,873 - INFO - service f1        | micro: 0.708995; macro: 0.759259; score: [1.         0.85714286 0.33333333 0.48       0.72       0.64285714
 1.         1.         0.8       ]
2025-07-23 11:56:19,951 - INFO - pod     precision | micro: 0.582781; macro: 0.680086; score: [0.87037037 0.70967742 0.27884615 0.35416667 0.61764706 0.48245614
 0.98076923 0.96969697 0.85714286]
2025-07-23 11:56:19,951 - INFO - pod     recall    | micro: 0.803653; macro: 0.813582; score: [1.         0.95652174 0.59183673 0.5483871  0.75       0.80882353
 1.         1.         0.66666667]
2025-07-23 11:56:19,951 - INFO - pod     f1        | micro: 0.675624; macro: 0.729077; score: [0.93069307 0.81481481 0.37908497 0.43037975 0.67741935 0.6043956
 0.99029126 0.98461538 0.75      ]
2025-07-23 11:56:19,951 - INFO - ----------

=== 内容从行 216172 开始的 16 行 ===
2025-07-23 12:34:10,511 - INFO - evaluation dataset type: test
2025-07-23 12:34:10,531 - INFO - node    precision | micro: 0.616162; macro: 0.644542; score: [0.73684211 0.375      0.85714286 0.47619048 0.78571429 0.63636364]
2025-07-23 12:34:10,531 - INFO - node    recall    | micro: 0.910448; macro: 0.892857; score: [1.         0.85714286 0.66666667 0.83333333 1.         1.        ]
2025-07-23 12:34:10,531 - INFO - node    f1        | micro: 0.734940; macro: 0.730677; score: [0.84848485 0.52173913 0.75       0.60606061 0.88       0.77777778]
2025-07-23 12:34:10,558 - INFO - service precision | micro: 0.574257; macro: 0.615462; score: [1.         0.81818182 0.25       0.25       0.61538462 0.63636364
 0.76923077 1.         0.2       ]
2025-07-23 12:34:10,558 - INFO - service recall    | micro: 0.659091; macro: 0.685185; score: [1.         1.         0.3        0.33333333 0.66666667 0.46666667
 1.         1.         0.4       ]
2025-07-23 12:34:10,558 - INFO - service f1        | micro: 0.613757; macro: 0.641459; score: [1.         0.9        0.27272727 0.28571429 0.64       0.53846154
 0.86956522 1.         0.26666667]
2025-07-23 12:34:10,634 - INFO - pod     precision | micro: 0.573109; macro: 0.624487; score: [0.85454545 0.60810811 0.30666667 0.31192661 0.53947368 0.59090909
 0.92727273 0.88888889 0.59259259]
2025-07-23 12:34:10,634 - INFO - pod     recall    | micro: 0.778539; macro: 0.787275; score: [1.         0.97826087 0.46938776 0.5483871  0.73214286 0.76470588
 1.         1.         0.59259259]
2025-07-23 12:34:10,634 - INFO - pod     f1        | micro: 0.660213; macro: 0.691568; score: [0.92156863 0.75       0.37096774 0.39766082 0.62121212 0.66666667
 0.96226415 0.94117647 0.59259259]

=== 内容从行 221128 开始的 16 行 ===
2025-07-23 13:31:31,839 - INFO - evaluation dataset type: test
2025-07-23 13:31:31,859 - INFO - node    precision | micro: 0.616162; macro: 0.638215; score: [0.77777778 0.375      0.7        0.45833333 0.81818182 0.7       ]
2025-07-23 13:31:31,859 - INFO - node    recall    | micro: 0.910448; macro: 0.894962; score: [1.         0.85714286 0.77777778 0.91666667 0.81818182 1.        ]
2025-07-23 13:31:31,859 - INFO - node    f1        | micro: 0.734940; macro: 0.731067; score: [0.875      0.52173913 0.73684211 0.61111111 0.81818182 0.82352941]
2025-07-23 13:31:31,887 - INFO - service precision | micro: 0.692308; macro: 0.761092; score: [1.         0.9        0.23529412 0.33333333 0.88888889 0.69230769
 1.         1.         0.8       ]
2025-07-23 13:31:31,887 - INFO - service recall    | micro: 0.715909; macro: 0.755556; score: [1.         1.         0.4        0.33333333 0.66666667 0.6
 1.         1.         0.8       ]
2025-07-23 13:31:31,888 - INFO - service f1        | micro: 0.703911; macro: 0.753529; score: [1.         0.94736842 0.2962963  0.33333333 0.76190476 0.64285714
 1.         1.         0.8       ]
2025-07-23 13:31:31,966 - INFO - pod     precision | micro: 0.616637; macro: 0.696241; score: [0.88679245 0.65217391 0.29113924 0.31481481 0.75       0.61904762
 0.98076923 0.91428571 0.85714286]
2025-07-23 13:31:31,967 - INFO - pod     recall    | micro: 0.778539; macro: 0.791537; score: [1.         0.97826087 0.46938776 0.5483871  0.69642857 0.76470588
 1.         1.         0.66666667]
2025-07-23 13:31:31,967 - INFO - pod     f1        | micro: 0.688194; macro: 0.731548; score: [0.94       0.7826087  0.359375   0.4        0.72222222 0.68421053
 0.99029126 0.95522388 0.75      ]

=== 内容从行 222786 开始的 16 行 ===
2025-07-23 13:50:38,061 - INFO - evaluation dataset type: test
2025-07-23 13:50:38,082 - INFO - node    precision | micro: 0.622449; macro: 0.632565; score: [0.82352941 0.42857143 0.66666667 0.45454545 0.78571429 0.63636364]
2025-07-23 13:50:38,082 - INFO - node    recall    | micro: 0.910448; macro: 0.892857; score: [1.         0.85714286 0.66666667 0.83333333 1.         1.        ]
2025-07-23 13:50:38,083 - INFO - node    f1        | micro: 0.739394; macro: 0.731222; score: [0.90322581 0.57142857 0.66666667 0.58823529 0.88       0.77777778]
2025-07-23 13:50:38,112 - INFO - service precision | micro: 0.690476; macro: 0.736933; score: [1.         1.         0.30769231 0.23076923 0.7        0.72727273
 1.         1.         0.66666667]
2025-07-23 13:50:38,112 - INFO - service recall    | micro: 0.659091; macro: 0.685185; score: [1.         1.         0.4        0.25       0.58333333 0.53333333
 1.         1.         0.4       ]
2025-07-23 13:50:38,112 - INFO - service f1        | micro: 0.674419; macro: 0.704397; score: [1.         1.         0.34782609 0.24       0.63636364 0.61538462
 1.         1.         0.5       ]
2025-07-23 13:50:38,196 - INFO - pod     precision | micro: 0.646503; macro: 0.704573; score: [0.90384615 0.71428571 0.40350877 0.34042553 0.61904762 0.59139785
 0.98076923 0.96969697 0.81818182]
2025-07-23 13:50:38,197 - INFO - pod     recall    | micro: 0.780822; macro: 0.792855; score: [1.         0.97826087 0.46938776 0.51612903 0.69642857 0.80882353
 1.         1.         0.66666667]
2025-07-23 13:50:38,197 - INFO - pod     f1        | micro: 0.707342; macro: 0.740855; score: [0.94949495 0.82568807 0.43396226 0.41025641 0.65546218 0.68322981
 0.99029126 0.98461538 0.73469388]

=== 内容从行 223609 开始的 16 行 ===
2025-07-23 14:00:06,040 - INFO - evaluation dataset type: test
2025-07-23 14:00:06,060 - INFO - node    precision | micro: 0.617647; macro: 0.634377; score: [0.73684211 0.42857143 0.7        0.45833333 0.84615385 0.63636364]
2025-07-23 14:00:06,060 - INFO - node    recall    | micro: 0.940299; macro: 0.925265; score: [1.         0.85714286 0.77777778 0.91666667 1.         1.        ]
2025-07-23 14:00:06,061 - INFO - node    f1        | micro: 0.745562; macro: 0.743719; score: [0.84848485 0.57142857 0.73684211 0.61111111 0.91666667 0.77777778]
2025-07-23 14:00:06,087 - INFO - service precision | micro: 0.767123; macro: 0.750617; score: [1.         0.9        0.44444444 0.3        1.         0.77777778
 1.         1.         0.33333333]
2025-07-23 14:00:06,088 - INFO - service recall    | micro: 0.636364; macro: 0.655556; score: [1.         1.         0.4        0.25       0.58333333 0.46666667
 1.         1.         0.2       ]
2025-07-23 14:00:06,088 - INFO - service f1        | micro: 0.695652; macro: 0.690147; score: [1.         0.94736842 0.42105263 0.27272727 0.73684211 0.58333333
 1.         1.         0.25      ]
2025-07-23 14:00:06,175 - INFO - pod     precision | micro: 0.701681; macro: 0.733757; score: [0.95918367 0.74137931 0.41935484 0.4        0.7826087  0.66666667
 0.98076923 1.         0.65384615]
2025-07-23 14:00:06,175 - INFO - pod     recall    | micro: 0.762557; macro: 0.775957; score: [1.         0.93478261 0.53061224 0.4516129  0.64285714 0.79411765
 1.         1.         0.62962963]
2025-07-23 14:00:06,175 - INFO - pod     f1        | micro: 0.730853; macro: 0.751257; score: [0.97916667 0.82692308 0.46846847 0.42424242 0.70588235 0.72483221
 0.99029126 1.         0.64150943]

=== 内容从行 224437 开始的 16 行 ===
2025-07-23 14:09:40,645 - INFO - evaluation dataset type: test
2025-07-23 14:09:40,665 - INFO - node    precision | micro: 0.622449; macro: 0.632565; score: [0.82352941 0.42857143 0.66666667 0.45454545 0.78571429 0.63636364]
2025-07-23 14:09:40,665 - INFO - node    recall    | micro: 0.910448; macro: 0.892857; score: [1.         0.85714286 0.66666667 0.83333333 1.         1.        ]
2025-07-23 14:09:40,665 - INFO - node    f1        | micro: 0.739394; macro: 0.731222; score: [0.90322581 0.57142857 0.66666667 0.58823529 0.88       0.77777778]
2025-07-23 14:09:40,692 - INFO - service precision | micro: 0.690476; macro: 0.736933; score: [1.         1.         0.30769231 0.23076923 0.7        0.72727273
 1.         1.         0.66666667]
2025-07-23 14:09:40,692 - INFO - service recall    | micro: 0.659091; macro: 0.685185; score: [1.         1.         0.4        0.25       0.58333333 0.53333333
 1.         1.         0.4       ]
2025-07-23 14:09:40,692 - INFO - service f1        | micro: 0.674419; macro: 0.704397; score: [1.         1.         0.34782609 0.24       0.63636364 0.61538462
 1.         1.         0.5       ]
2025-07-23 14:09:40,787 - INFO - pod     precision | micro: 0.646503; macro: 0.704573; score: [0.90384615 0.71428571 0.40350877 0.34042553 0.61904762 0.59139785
 0.98076923 0.96969697 0.81818182]
2025-07-23 14:09:40,787 - INFO - pod     recall    | micro: 0.780822; macro: 0.792855; score: [1.         0.97826087 0.46938776 0.51612903 0.69642857 0.80882353
 1.         1.         0.66666667]
2025-07-23 14:09:40,787 - INFO - pod     f1        | micro: 0.707342; macro: 0.740855; score: [0.94949495 0.82568807 0.43396226 0.41025641 0.65546218 0.68322981
 0.99029126 0.98461538 0.73469388]

=== 内容从行 226925 开始的 16 行 ===
2025-07-23 14:38:19,835 - INFO - evaluation dataset type: test
2025-07-23 14:38:19,855 - INFO - node    precision | micro: 0.617021; macro: 0.668057; score: [0.82352941 0.4        0.85714286 0.39130435 0.9        0.63636364]
2025-07-23 14:38:19,855 - INFO - node    recall    | micro: 0.865672; macro: 0.848665; score: [1.         0.85714286 0.66666667 0.75       0.81818182 1.        ]
2025-07-23 14:38:19,855 - INFO - node    f1        | micro: 0.720497; macro: 0.724648; score: [0.90322581 0.54545455 0.75       0.51428571 0.85714286 0.77777778]
2025-07-23 14:38:19,883 - INFO - service precision | micro: 0.677778; macro: 0.701551; score: [1.         0.9        0.28571429 0.35714286 0.875      0.71428571
 0.90909091 1.         0.27272727]
2025-07-23 14:38:19,884 - INFO - service recall    | micro: 0.693182; macro: 0.718519; score: [1.         1.         0.2        0.41666667 0.58333333 0.66666667
 1.         1.         0.6       ]
2025-07-23 14:38:19,884 - INFO - service f1        | micro: 0.685393; macro: 0.698257; score: [1.         0.94736842 0.23529412 0.38461538 0.7        0.68965517
 0.95238095 1.         0.375     ]
2025-07-23 14:38:19,974 - INFO - pod     precision | micro: 0.622061; macro: 0.665684; score: [0.85454545 0.80357143 0.32051282 0.38202247 0.65517241 0.5625
 0.92727273 0.86486486 0.62068966]
2025-07-23 14:38:19,974 - INFO - pod     recall    | micro: 0.785388; macro: 0.797356; score: [1.         0.97826087 0.51020408 0.5483871  0.67857143 0.79411765
 1.         1.         0.66666667]
2025-07-23 14:38:19,974 - INFO - pod     f1        | micro: 0.694248; macro: 0.722868; score: [0.92156863 0.88235294 0.39370079 0.45033113 0.66666667 0.65853659
 0.96226415 0.92753623 0.64285714]

=== 内容从行 227750 开始的 16 行 ===
2025-07-23 14:47:51,138 - INFO - evaluation dataset type: test
2025-07-23 14:47:51,158 - INFO - node    precision | micro: 0.616162; macro: 0.640997; score: [0.77777778 0.54545455 0.66666667 0.37037037 0.78571429 0.7       ]
2025-07-23 14:47:51,158 - INFO - node    recall    | micro: 0.910448; macro: 0.892857; score: [1.         0.85714286 0.66666667 0.83333333 1.         1.        ]
2025-07-23 14:47:51,158 - INFO - node    f1        | micro: 0.734940; macro: 0.737447; score: [0.875      0.66666667 0.66666667 0.51282051 0.88       0.82352941]
2025-07-23 14:47:51,190 - INFO - service precision | micro: 0.764045; macro: 0.784031; score: [1.         0.81818182 0.57142857 0.5        0.9        0.66666667
 1.         1.         0.6       ]
2025-07-23 14:47:51,191 - INFO - service recall    | micro: 0.772727; macro: 0.787037; score: [1.         1.         0.4        0.66666667 0.75       0.66666667
 1.         1.         0.6       ]
2025-07-23 14:47:51,191 - INFO - service f1        | micro: 0.768362; macro: 0.780763; score: [1.         0.9        0.47058824 0.57142857 0.81818182 0.66666667
 1.         1.         0.6       ]
2025-07-23 14:47:51,271 - INFO - pod     precision | micro: 0.602694; macro: 0.681703; score: [0.88679245 0.7962963  0.35714286 0.29411765 0.64285714 0.58510638
 0.94444444 0.91428571 0.71428571]
2025-07-23 14:47:51,271 - INFO - pod     recall    | micro: 0.817352; macro: 0.827032; score: [1.         0.93478261 0.51020408 0.64516129 0.80357143 0.80882353
 1.         1.         0.74074074]
2025-07-23 14:47:51,271 - INFO - pod     f1        | micro: 0.693798; macro: 0.741270; score: [0.94       0.86       0.42016807 0.4040404  0.71428571 0.67901235
 0.97142857 0.95522388 0.72727273]

=== 内容从行 229409 开始的 16 行 ===
2025-07-23 15:06:53,545 - INFO - evaluation dataset type: test
2025-07-23 15:06:53,567 - INFO - node    precision | micro: 0.618557; macro: 0.635286; score: [0.76470588 0.375      0.66666667 0.45833333 0.76923077 0.77777778]
2025-07-23 15:06:53,567 - INFO - node    recall    | micro: 0.895522; macro: 0.879690; score: [0.92857143 0.85714286 0.66666667 0.91666667 0.90909091 1.        ]
2025-07-23 15:06:53,567 - INFO - node    f1        | micro: 0.731707; macro: 0.724427; score: [0.83870968 0.52173913 0.66666667 0.61111111 0.83333333 0.875     ]
2025-07-23 15:06:53,596 - INFO - service precision | micro: 0.747253; macro: 0.773934; score: [1.         0.9        0.55555556 0.46666667 0.81818182 0.625
 1.         1.         0.6       ]
2025-07-23 15:06:53,596 - INFO - service recall    | micro: 0.772727; macro: 0.788889; score: [1.         1.         0.5        0.58333333 0.75       0.66666667
 1.         1.         0.6       ]
2025-07-23 15:06:53,596 - INFO - service f1        | micro: 0.759777; macro: 0.779997; score: [1.         0.94736842 0.52631579 0.51851852 0.7826087  0.64516129
 1.         1.         0.6       ]
2025-07-23 15:06:53,670 - INFO - pod     precision | micro: 0.628885; macro: 0.676639; score: [0.90384615 0.703125   0.32727273 0.34653465 0.63076923 0.58510638
 0.96226415 0.94117647 0.68965517]
2025-07-23 15:06:53,671 - INFO - pod     recall    | micro: 0.785388; macro: 0.799092; score: [1.         0.97826087 0.36734694 0.56451613 0.73214286 0.80882353
 1.         1.         0.74074074]
2025-07-23 15:06:53,671 - INFO - pod     f1        | micro: 0.698477; macro: 0.729414; score: [0.94949495 0.81818182 0.34615385 0.42944785 0.67768595 0.67901235
 0.98076923 0.96969697 0.71428571]

=== 内容从行 231898 开始的 16 行 ===
2025-07-23 15:35:18,788 - INFO - evaluation dataset type: test
2025-07-23 15:35:18,809 - INFO - node    precision | micro: 0.621053; macro: 0.636555; score: [0.8        0.46153846 0.66666667 0.44       0.71428571 0.73684211]
2025-07-23 15:35:18,809 - INFO - node    recall    | micro: 0.880597; macro: 0.867785; score: [0.85714286 0.85714286 0.66666667 0.91666667 0.90909091 1.        ]
2025-07-23 15:35:18,809 - INFO - node    f1        | micro: 0.728395; macro: 0.722889; score: [0.82758621 0.6        0.66666667 0.59459459 0.8        0.84848485]
2025-07-23 15:35:18,837 - INFO - service precision | micro: 0.775000; macro: 0.800337; score: [0.9        0.9        0.41666667 0.6        1.         0.63636364
 1.         1.         0.75      ]
2025-07-23 15:35:18,837 - INFO - service recall    | micro: 0.704545; macro: 0.738889; score: [1.         1.         0.5        0.5        0.58333333 0.46666667
 1.         1.         0.6       ]
2025-07-23 15:35:18,838 - INFO - service f1        | micro: 0.738095; macro: 0.759634; score: [0.94736842 0.94736842 0.45454545 0.54545455 0.73684211 0.53846154
 1.         1.         0.66666667]
2025-07-23 15:35:18,914 - INFO - pod     precision | micro: 0.662835; macro: 0.701835; score: [0.83928571 0.64705882 0.36842105 0.46575342 0.67692308 0.57894737
 0.98076923 0.94117647 0.81818182]
2025-07-23 15:35:18,915 - INFO - pod     recall    | micro: 0.789954; macro: 0.799409; score: [1.         0.95652174 0.42857143 0.5483871  0.78571429 0.80882353
 1.         1.         0.66666667]
2025-07-23 15:35:18,915 - INFO - pod     f1        | micro: 0.720833; macro: 0.742365; score: [0.91262136 0.77192982 0.39622642 0.5037037  0.72727273 0.67484663
 0.99029126 0.96969697 0.73469388]

=== 内容从行 233558 开始的 16 行 ===
2025-07-23 15:54:06,301 - INFO - evaluation dataset type: test
2025-07-23 15:54:06,321 - INFO - node    precision | micro: 0.625000; macro: 0.660913; score: [0.85714286 0.375      0.7        0.41666667 0.91666667 0.7       ]
2025-07-23 15:54:06,321 - INFO - node    recall    | micro: 0.895522; macro: 0.887566; score: [0.85714286 0.85714286 0.77777778 0.83333333 1.         1.        ]
2025-07-23 15:54:06,321 - INFO - node    f1        | micro: 0.736196; macro: 0.741888; score: [0.85714286 0.52173913 0.73684211 0.55555556 0.95652174 0.82352941]
2025-07-23 15:54:06,348 - INFO - service precision | micro: 0.700000; macro: 0.724691; score: [1.         0.9        0.22222222 0.5        0.9        0.5
 1.         1.         0.5       ]
2025-07-23 15:54:06,348 - INFO - service recall    | micro: 0.715909; macro: 0.729630; score: [1.         1.         0.2        0.75       0.75       0.46666667
 1.         1.         0.4       ]
2025-07-23 15:54:06,348 - INFO - service f1        | micro: 0.707865; macro: 0.722587; score: [1.         0.94736842 0.21052632 0.6        0.81818182 0.48275862
 1.         1.         0.44444444]
2025-07-23 15:54:06,424 - INFO - pod     precision | micro: 0.579119; macro: 0.682547; score: [0.90384615 0.84313725 0.25641026 0.35384615 0.72413793 0.41666667
 1.         0.94117647 0.7037037 ]
2025-07-23 15:54:06,424 - INFO - pod     recall    | micro: 0.810502; macro: 0.816379; score: [1.         0.93478261 0.40816327 0.74193548 0.75       0.80882353
 1.         1.         0.7037037 ]
2025-07-23 15:54:06,424 - INFO - pod     f1        | micro: 0.675547; macro: 0.732274; score: [0.94949495 0.88659794 0.31496063 0.47916667 0.73684211 0.55
 1.         0.96969697 0.7037037 ]

=== 内容从行 235221 开始的 16 行 ===
2025-07-23 16:13:01,212 - INFO - evaluation dataset type: test
2025-07-23 16:13:01,232 - INFO - node    precision | micro: 0.625000; macro: 0.660913; score: [0.85714286 0.375      0.7        0.41666667 0.91666667 0.7       ]
2025-07-23 16:13:01,232 - INFO - node    recall    | micro: 0.895522; macro: 0.887566; score: [0.85714286 0.85714286 0.77777778 0.83333333 1.         1.        ]
2025-07-23 16:13:01,232 - INFO - node    f1        | micro: 0.736196; macro: 0.741888; score: [0.85714286 0.52173913 0.73684211 0.55555556 0.95652174 0.82352941]
2025-07-23 16:13:01,260 - INFO - service precision | micro: 0.700000; macro: 0.724691; score: [1.         0.9        0.22222222 0.5        0.9        0.5
 1.         1.         0.5       ]
2025-07-23 16:13:01,260 - INFO - service recall    | micro: 0.715909; macro: 0.729630; score: [1.         1.         0.2        0.75       0.75       0.46666667
 1.         1.         0.4       ]
2025-07-23 16:13:01,260 - INFO - service f1        | micro: 0.707865; macro: 0.722587; score: [1.         0.94736842 0.21052632 0.6        0.81818182 0.48275862
 1.         1.         0.44444444]
2025-07-23 16:13:01,337 - INFO - pod     precision | micro: 0.579119; macro: 0.682547; score: [0.90384615 0.84313725 0.25641026 0.35384615 0.72413793 0.41666667
 1.         0.94117647 0.7037037 ]
2025-07-23 16:13:01,337 - INFO - pod     recall    | micro: 0.810502; macro: 0.816379; score: [1.         0.93478261 0.40816327 0.74193548 0.75       0.80882353
 1.         1.         0.7037037 ]
2025-07-23 16:13:01,337 - INFO - pod     f1        | micro: 0.675547; macro: 0.732274; score: [0.94949495 0.88659794 0.31496063 0.47916667 0.73684211 0.55
 1.         0.96969697 0.7037037 ]

=== 内容从行 238540 开始的 16 行 ===
2025-07-23 16:50:44,115 - INFO - evaluation dataset type: test
2025-07-23 16:50:44,134 - INFO - node    precision | micro: 0.616162; macro: 0.639987; score: [0.82352941 0.42857143 0.7        0.375      0.84615385 0.66666667]
2025-07-23 16:50:44,135 - INFO - node    recall    | micro: 0.910448; macro: 0.897487; score: [1.         0.85714286 0.77777778 0.75       1.         1.        ]
2025-07-23 16:50:44,135 - INFO - node    f1        | micro: 0.734940; macro: 0.738027; score: [0.90322581 0.57142857 0.73684211 0.5        0.91666667 0.8       ]
2025-07-23 16:50:44,162 - INFO - service precision | micro: 0.670103; macro: 0.721962; score: [1.         0.9        0.44444444 0.42857143 0.83333333 0.39130435
 1.         1.         0.5       ]
2025-07-23 16:50:44,162 - INFO - service recall    | micro: 0.738636; macro: 0.748148; score: [1.         1.         0.4        0.5        0.83333333 0.6
 1.         1.         0.4       ]
2025-07-23 16:50:44,163 - INFO - service f1        | micro: 0.702703; macro: 0.731269; score: [1.         0.94736842 0.42105263 0.46153846 0.83333333 0.47368421
 1.         1.         0.44444444]
2025-07-23 16:50:44,238 - INFO - pod     precision | micro: 0.566400; macro: 0.639332; score: [0.87037037 0.56578947 0.35365854 0.29464286 0.56097561 0.51923077
 0.94444444 0.94117647 0.7037037 ]
2025-07-23 16:50:44,238 - INFO - pod     recall    | micro: 0.808219; macro: 0.819792; score: [1.         0.93478261 0.59183673 0.53225806 0.82142857 0.79411765
 1.         1.         0.7037037 ]
2025-07-23 16:50:44,238 - INFO - pod     f1        | micro: 0.666040; macro: 0.710786; score: [0.93069307 0.70491803 0.44274809 0.37931034 0.66666667 0.62790698
 0.97142857 0.96969697 0.7037037 ]

=== 内容从行 239366 开始的 16 行 ===
2025-07-23 17:00:09,957 - INFO - evaluation dataset type: test
2025-07-23 17:00:09,978 - INFO - node    precision | micro: 0.625000; macro: 0.653420; score: [0.8125     0.375      0.77777778 0.40909091 0.84615385 0.7       ]
2025-07-23 17:00:09,978 - INFO - node    recall    | micro: 0.895522; macro: 0.885582; score: [0.92857143 0.85714286 0.77777778 0.75       1.         1.        ]
2025-07-23 17:00:09,978 - INFO - node    f1        | micro: 0.736196; macro: 0.739299; score: [0.86666667 0.52173913 0.77777778 0.52941176 0.91666667 0.82352941]
2025-07-23 17:00:10,005 - INFO - service precision | micro: 0.744186; macro: 0.752992; score: [1.         0.9        0.5        0.5        0.88888889 0.57894737
 0.90909091 1.         0.5       ]
2025-07-23 17:00:10,006 - INFO - service recall    | micro: 0.727273; macro: 0.735185; score: [1.         1.         0.4        0.41666667 0.66666667 0.73333333
 1.         1.         0.4       ]
2025-07-23 17:00:10,006 - INFO - service f1        | micro: 0.735632; macro: 0.739127; score: [1.         0.94736842 0.44444444 0.45454545 0.76190476 0.64705882
 0.95238095 1.         0.44444444]
2025-07-23 17:00:10,086 - INFO - pod     precision | micro: 0.647495; macro: 0.717583; score: [0.85454545 0.78571429 0.34210526 0.41860465 0.85714286 0.50892857
 0.98076923 0.96969697 0.74074074]
2025-07-23 17:00:10,087 - INFO - pod     recall    | micro: 0.796804; macro: 0.809957; score: [1.         0.95652174 0.53061224 0.58064516 0.64285714 0.83823529
 1.         1.         0.74074074]
2025-07-23 17:00:10,087 - INFO - pod     f1        | micro: 0.714432; macro: 0.752275; score: [0.92156863 0.8627451  0.416      0.48648649 0.73469388 0.63333333
 0.99029126 0.98461538 0.74074074]

=== 内容从行 240191 开始的 16 行 ===
2025-07-23 17:09:39,369 - INFO - evaluation dataset type: test
2025-07-23 17:09:39,388 - INFO - node    precision | micro: 0.618557; macro: 0.644053; score: [0.86666667 0.42857143 0.77777778 0.39130435 0.73333333 0.66666667]
2025-07-23 17:09:39,388 - INFO - node    recall    | micro: 0.895522; macro: 0.885582; score: [0.92857143 0.85714286 0.77777778 0.75       1.         1.        ]
2025-07-23 17:09:39,389 - INFO - node    f1        | micro: 0.731707; macro: 0.734366; score: [0.89655172 0.57142857 0.77777778 0.51428571 0.84615385 0.8       ]
2025-07-23 17:09:39,417 - INFO - service precision | micro: 0.759036; macro: 0.739731; score: [1.         0.81818182 0.33333333 0.45454545 0.81818182 0.73333333
 1.         1.         0.5       ]
2025-07-23 17:09:39,417 - INFO - service recall    | micro: 0.715909; macro: 0.722222; score: [1.         1.         0.2        0.41666667 0.75       0.73333333
 1.         1.         0.4       ]
2025-07-23 17:09:39,417 - INFO - service f1        | micro: 0.736842; macro: 0.727241; score: [1.         0.9        0.25       0.43478261 0.7826087  0.73333333
 1.         1.         0.44444444]
2025-07-23 17:09:39,496 - INFO - pod     precision | micro: 0.648995; macro: 0.700617; score: [0.90384615 0.66666667 0.38028169 0.3592233  0.76785714 0.65882353
 0.96226415 0.91428571 0.69230769]
2025-07-23 17:09:39,496 - INFO - pod     recall    | micro: 0.810502; macro: 0.818041; score: [1.         0.95652174 0.55102041 0.59677419 0.76785714 0.82352941
 1.         1.         0.66666667]
2025-07-23 17:09:39,496 - INFO - pod     f1        | micro: 0.720812; macro: 0.749868; score: [0.94949495 0.78571429 0.45       0.44848485 0.76785714 0.73202614
 0.98076923 0.95522388 0.67924528]

=== 内容从行 244347 开始的 16 行 ===
2025-07-23 17:57:11,636 - INFO - evaluation dataset type: test
2025-07-23 17:57:11,656 - INFO - node    precision | micro: 0.616162; macro: 0.634830; score: [0.875      0.42857143 0.66666667 0.41666667 0.78571429 0.63636364]
2025-07-23 17:57:11,656 - INFO - node    recall    | micro: 0.910448; macro: 0.892857; score: [1.         0.85714286 0.66666667 0.83333333 1.         1.        ]
2025-07-23 17:57:11,656 - INFO - node    f1        | micro: 0.734940; macro: 0.730794; score: [0.93333333 0.57142857 0.66666667 0.55555556 0.88       0.77777778]
2025-07-23 17:57:11,683 - INFO - service precision | micro: 0.715909; macro: 0.732764; score: [1.         0.9        0.4        0.46153846 0.9        0.53333333
 1.         1.         0.4       ]
2025-07-23 17:57:11,683 - INFO - service recall    | micro: 0.715909; macro: 0.731481; score: [1.         1.         0.4        0.5        0.75       0.53333333
 1.         1.         0.4       ]
2025-07-23 17:57:11,683 - INFO - service f1        | micro: 0.715909; macro: 0.730987; score: [1.         0.94736842 0.4        0.48       0.81818182 0.53333333
 1.         1.         0.4       ]
2025-07-23 17:57:11,762 - INFO - pod     precision | micro: 0.669216; macro: 0.720438; score: [0.92156863 0.77586207 0.40677966 0.375      0.66666667 0.63529412
 0.98076923 0.93939394 0.7826087 ]
2025-07-23 17:57:11,762 - INFO - pod     recall    | micro: 0.799087; macro: 0.807106; score: [1.         0.97826087 0.48979592 0.58064516 0.78571429 0.79411765
 1.         0.96875    0.66666667]
2025-07-23 17:57:11,762 - INFO - pod     f1        | micro: 0.728408; macro: 0.757338; score: [0.95918367 0.86538462 0.44444444 0.4556962  0.72131148 0.70588235
 0.99029126 0.95384615 0.72      ]

=== 内容从行 245181 开始的 16 行 ===
2025-07-23 18:06:43,748 - INFO - evaluation dataset type: test
2025-07-23 18:06:43,771 - INFO - node    precision | micro: 0.625000; macro: 0.660354; score: [0.93333333 0.4        0.66666667 0.41666667 0.90909091 0.63636364]
2025-07-23 18:06:43,771 - INFO - node    recall    | micro: 0.895522; macro: 0.877706; score: [1.         0.85714286 0.66666667 0.83333333 0.90909091 1.        ]
2025-07-23 18:06:43,771 - INFO - node    f1        | micro: 0.736196; macro: 0.736677; score: [0.96551724 0.54545455 0.66666667 0.55555556 0.90909091 0.77777778]
2025-07-23 18:06:43,798 - INFO - service precision | micro: 0.722892; macro: 0.716703; score: [1.         0.9        0.375      0.35714286 0.81818182 0.66666667
 1.         1.         0.33333333]
2025-07-23 18:06:43,799 - INFO - service recall    | micro: 0.681818; macro: 0.688889; score: [1.         1.         0.3        0.41666667 0.75       0.53333333
 1.         1.         0.2       ]
2025-07-23 18:06:43,799 - INFO - service f1        | micro: 0.701754; macro: 0.698946; score: [1.         0.94736842 0.33333333 0.38461538 0.7826087  0.59259259
 1.         1.         0.25      ]
2025-07-23 18:06:43,878 - INFO - pod     precision | micro: 0.638376; macro: 0.695690; score: [0.94       0.75438596 0.38709677 0.32323232 0.59459459 0.61363636
 1.         0.96969697 0.67857143]
2025-07-23 18:06:43,878 - INFO - pod     recall    | micro: 0.789954; macro: 0.802694; score: [1.         0.93478261 0.48979592 0.51612903 0.78571429 0.79411765
 1.         1.         0.7037037 ]
2025-07-23 18:06:43,878 - INFO - pod     f1        | micro: 0.706122; macro: 0.742081; score: [0.96907216 0.83495146 0.43243243 0.39751553 0.67692308 0.69230769
 1.         0.98461538 0.69090909]

=== 内容从行 246015 开始的 16 行 ===
2025-07-23 18:16:10,970 - INFO - evaluation dataset type: test
2025-07-23 18:16:10,990 - INFO - node    precision | micro: 0.616162; macro: 0.634830; score: [0.875      0.42857143 0.66666667 0.41666667 0.78571429 0.63636364]
2025-07-23 18:16:10,991 - INFO - node    recall    | micro: 0.910448; macro: 0.892857; score: [1.         0.85714286 0.66666667 0.83333333 1.         1.        ]
2025-07-23 18:16:10,991 - INFO - node    f1        | micro: 0.734940; macro: 0.730794; score: [0.93333333 0.57142857 0.66666667 0.55555556 0.88       0.77777778]
2025-07-23 18:16:11,018 - INFO - service precision | micro: 0.715909; macro: 0.732764; score: [1.         0.9        0.4        0.46153846 0.9        0.53333333
 1.         1.         0.4       ]
2025-07-23 18:16:11,018 - INFO - service recall    | micro: 0.715909; macro: 0.731481; score: [1.         1.         0.4        0.5        0.75       0.53333333
 1.         1.         0.4       ]
2025-07-23 18:16:11,019 - INFO - service f1        | micro: 0.715909; macro: 0.730987; score: [1.         0.94736842 0.4        0.48       0.81818182 0.53333333
 1.         1.         0.4       ]
2025-07-23 18:16:11,103 - INFO - pod     precision | micro: 0.669216; macro: 0.720438; score: [0.92156863 0.77586207 0.40677966 0.375      0.66666667 0.63529412
 0.98076923 0.93939394 0.7826087 ]
2025-07-23 18:16:11,103 - INFO - pod     recall    | micro: 0.799087; macro: 0.807106; score: [1.         0.97826087 0.48979592 0.58064516 0.78571429 0.79411765
 1.         0.96875    0.66666667]
2025-07-23 18:16:11,103 - INFO - pod     f1        | micro: 0.728408; macro: 0.757338; score: [0.95918367 0.86538462 0.44444444 0.4556962  0.72131148 0.70588235
 0.99029126 0.95384615 0.72      ]

=== 内容从行 248505 开始的 16 行 ===
2025-07-23 18:44:44,349 - INFO - evaluation dataset type: test
2025-07-23 18:44:44,369 - INFO - node    precision | micro: 0.617021; macro: 0.668057; score: [0.82352941 0.4        0.85714286 0.39130435 0.9        0.63636364]
2025-07-23 18:44:44,370 - INFO - node    recall    | micro: 0.865672; macro: 0.848665; score: [1.         0.85714286 0.66666667 0.75       0.81818182 1.        ]
2025-07-23 18:44:44,370 - INFO - node    f1        | micro: 0.720497; macro: 0.724648; score: [0.90322581 0.54545455 0.75       0.51428571 0.85714286 0.77777778]
2025-07-23 18:44:44,396 - INFO - service precision | micro: 0.677778; macro: 0.701551; score: [1.         0.9        0.28571429 0.35714286 0.875      0.71428571
 0.90909091 1.         0.27272727]
2025-07-23 18:44:44,397 - INFO - service recall    | micro: 0.693182; macro: 0.718519; score: [1.         1.         0.2        0.41666667 0.58333333 0.66666667
 1.         1.         0.6       ]
2025-07-23 18:44:44,397 - INFO - service f1        | micro: 0.685393; macro: 0.698257; score: [1.         0.94736842 0.23529412 0.38461538 0.7        0.68965517
 0.95238095 1.         0.375     ]
2025-07-23 18:44:44,475 - INFO - pod     precision | micro: 0.622061; macro: 0.665684; score: [0.85454545 0.80357143 0.32051282 0.38202247 0.65517241 0.5625
 0.92727273 0.86486486 0.62068966]
2025-07-23 18:44:44,476 - INFO - pod     recall    | micro: 0.785388; macro: 0.797356; score: [1.         0.97826087 0.51020408 0.5483871  0.67857143 0.79411765
 1.         1.         0.66666667]
2025-07-23 18:44:44,476 - INFO - pod     f1        | micro: 0.694248; macro: 0.722868; score: [0.92156863 0.88235294 0.39370079 0.45033113 0.66666667 0.65853659
 0.96226415 0.92753623 0.64285714]

=== 内容从行 249330 开始的 16 行 ===
2025-07-23 18:54:12,507 - INFO - evaluation dataset type: test
2025-07-23 18:54:12,528 - INFO - node    precision | micro: 0.616162; macro: 0.640997; score: [0.77777778 0.54545455 0.66666667 0.37037037 0.78571429 0.7       ]
2025-07-23 18:54:12,528 - INFO - node    recall    | micro: 0.910448; macro: 0.892857; score: [1.         0.85714286 0.66666667 0.83333333 1.         1.        ]
2025-07-23 18:54:12,528 - INFO - node    f1        | micro: 0.734940; macro: 0.737447; score: [0.875      0.66666667 0.66666667 0.51282051 0.88       0.82352941]
2025-07-23 18:54:12,555 - INFO - service precision | micro: 0.764045; macro: 0.784031; score: [1.         0.81818182 0.57142857 0.5        0.9        0.66666667
 1.         1.         0.6       ]
2025-07-23 18:54:12,555 - INFO - service recall    | micro: 0.772727; macro: 0.787037; score: [1.         1.         0.4        0.66666667 0.75       0.66666667
 1.         1.         0.6       ]
2025-07-23 18:54:12,555 - INFO - service f1        | micro: 0.768362; macro: 0.780763; score: [1.         0.9        0.47058824 0.57142857 0.81818182 0.66666667
 1.         1.         0.6       ]
2025-07-23 18:54:12,631 - INFO - pod     precision | micro: 0.602694; macro: 0.681703; score: [0.88679245 0.7962963  0.35714286 0.29411765 0.64285714 0.58510638
 0.94444444 0.91428571 0.71428571]
2025-07-23 18:54:12,631 - INFO - pod     recall    | micro: 0.817352; macro: 0.827032; score: [1.         0.93478261 0.51020408 0.64516129 0.80357143 0.80882353
 1.         1.         0.74074074]
2025-07-23 18:54:12,631 - INFO - pod     f1        | micro: 0.693798; macro: 0.741270; score: [0.94       0.86       0.42016807 0.4040404  0.71428571 0.67901235
 0.97142857 0.95522388 0.72727273]

=== 内容从行 250989 开始的 16 行 ===
2025-07-23 19:13:09,904 - INFO - evaluation dataset type: test
2025-07-23 19:13:09,924 - INFO - node    precision | micro: 0.618557; macro: 0.635286; score: [0.76470588 0.375      0.66666667 0.45833333 0.76923077 0.77777778]
2025-07-23 19:13:09,924 - INFO - node    recall    | micro: 0.895522; macro: 0.879690; score: [0.92857143 0.85714286 0.66666667 0.91666667 0.90909091 1.        ]
2025-07-23 19:13:09,924 - INFO - node    f1        | micro: 0.731707; macro: 0.724427; score: [0.83870968 0.52173913 0.66666667 0.61111111 0.83333333 0.875     ]
2025-07-23 19:13:09,951 - INFO - service precision | micro: 0.747253; macro: 0.773934; score: [1.         0.9        0.55555556 0.46666667 0.81818182 0.625
 1.         1.         0.6       ]
2025-07-23 19:13:09,952 - INFO - service recall    | micro: 0.772727; macro: 0.788889; score: [1.         1.         0.5        0.58333333 0.75       0.66666667
 1.         1.         0.6       ]
2025-07-23 19:13:09,952 - INFO - service f1        | micro: 0.759777; macro: 0.779997; score: [1.         0.94736842 0.52631579 0.51851852 0.7826087  0.64516129
 1.         1.         0.6       ]
2025-07-23 19:13:10,029 - INFO - pod     precision | micro: 0.628885; macro: 0.676639; score: [0.90384615 0.703125   0.32727273 0.34653465 0.63076923 0.58510638
 0.96226415 0.94117647 0.68965517]
2025-07-23 19:13:10,029 - INFO - pod     recall    | micro: 0.785388; macro: 0.799092; score: [1.         0.97826087 0.36734694 0.56451613 0.73214286 0.80882353
 1.         1.         0.74074074]
2025-07-23 19:13:10,029 - INFO - pod     f1        | micro: 0.698477; macro: 0.729414; score: [0.94949495 0.81818182 0.34615385 0.42944785 0.67768595 0.67901235
 0.98076923 0.96969697 0.71428571]

=== 内容从行 253478 开始的 16 行 ===
2025-07-23 19:41:17,679 - INFO - evaluation dataset type: test
2025-07-23 19:41:17,699 - INFO - node    precision | micro: 0.621053; macro: 0.636555; score: [0.8        0.46153846 0.66666667 0.44       0.71428571 0.73684211]
2025-07-23 19:41:17,699 - INFO - node    recall    | micro: 0.880597; macro: 0.867785; score: [0.85714286 0.85714286 0.66666667 0.91666667 0.90909091 1.        ]
2025-07-23 19:41:17,700 - INFO - node    f1        | micro: 0.728395; macro: 0.722889; score: [0.82758621 0.6        0.66666667 0.59459459 0.8        0.84848485]
2025-07-23 19:41:17,727 - INFO - service precision | micro: 0.775000; macro: 0.800337; score: [0.9        0.9        0.41666667 0.6        1.         0.63636364
 1.         1.         0.75      ]
2025-07-23 19:41:17,727 - INFO - service recall    | micro: 0.704545; macro: 0.738889; score: [1.         1.         0.5        0.5        0.58333333 0.46666667
 1.         1.         0.6       ]
2025-07-23 19:41:17,727 - INFO - service f1        | micro: 0.738095; macro: 0.759634; score: [0.94736842 0.94736842 0.45454545 0.54545455 0.73684211 0.53846154
 1.         1.         0.66666667]
2025-07-23 19:41:17,802 - INFO - pod     precision | micro: 0.662835; macro: 0.701835; score: [0.83928571 0.64705882 0.36842105 0.46575342 0.67692308 0.57894737
 0.98076923 0.94117647 0.81818182]
2025-07-23 19:41:17,802 - INFO - pod     recall    | micro: 0.789954; macro: 0.799409; score: [1.         0.95652174 0.42857143 0.5483871  0.78571429 0.80882353
 1.         1.         0.66666667]
2025-07-23 19:41:17,802 - INFO - pod     f1        | micro: 0.720833; macro: 0.742365; score: [0.91262136 0.77192982 0.39622642 0.5037037  0.72727273 0.67484663
 0.99029126 0.96969697 0.73469388]

=== 内容从行 255138 开始的 16 行 ===
2025-07-23 20:00:12,906 - INFO - evaluation dataset type: test
2025-07-23 20:00:12,926 - INFO - node    precision | micro: 0.625000; macro: 0.660913; score: [0.85714286 0.375      0.7        0.41666667 0.91666667 0.7       ]
2025-07-23 20:00:12,926 - INFO - node    recall    | micro: 0.895522; macro: 0.887566; score: [0.85714286 0.85714286 0.77777778 0.83333333 1.         1.        ]
2025-07-23 20:00:12,927 - INFO - node    f1        | micro: 0.736196; macro: 0.741888; score: [0.85714286 0.52173913 0.73684211 0.55555556 0.95652174 0.82352941]
2025-07-23 20:00:12,953 - INFO - service precision | micro: 0.700000; macro: 0.724691; score: [1.         0.9        0.22222222 0.5        0.9        0.5
 1.         1.         0.5       ]
2025-07-23 20:00:12,954 - INFO - service recall    | micro: 0.715909; macro: 0.729630; score: [1.         1.         0.2        0.75       0.75       0.46666667
 1.         1.         0.4       ]
2025-07-23 20:00:12,954 - INFO - service f1        | micro: 0.707865; macro: 0.722587; score: [1.         0.94736842 0.21052632 0.6        0.81818182 0.48275862
 1.         1.         0.44444444]
2025-07-23 20:00:13,030 - INFO - pod     precision | micro: 0.579119; macro: 0.682547; score: [0.90384615 0.84313725 0.25641026 0.35384615 0.72413793 0.41666667
 1.         0.94117647 0.7037037 ]
2025-07-23 20:00:13,030 - INFO - pod     recall    | micro: 0.810502; macro: 0.816379; score: [1.         0.93478261 0.40816327 0.74193548 0.75       0.80882353
 1.         1.         0.7037037 ]
2025-07-23 20:00:13,030 - INFO - pod     f1        | micro: 0.675547; macro: 0.732274; score: [0.94949495 0.88659794 0.31496063 0.47916667 0.73684211 0.55
 1.         0.96969697 0.7037037 ]

=== 内容从行 256801 开始的 16 行 ===
2025-07-23 20:19:03,464 - INFO - evaluation dataset type: test
2025-07-23 20:19:03,483 - INFO - node    precision | micro: 0.625000; macro: 0.660913; score: [0.85714286 0.375      0.7        0.41666667 0.91666667 0.7       ]
2025-07-23 20:19:03,484 - INFO - node    recall    | micro: 0.895522; macro: 0.887566; score: [0.85714286 0.85714286 0.77777778 0.83333333 1.         1.        ]
2025-07-23 20:19:03,484 - INFO - node    f1        | micro: 0.736196; macro: 0.741888; score: [0.85714286 0.52173913 0.73684211 0.55555556 0.95652174 0.82352941]
2025-07-23 20:19:03,511 - INFO - service precision | micro: 0.700000; macro: 0.724691; score: [1.         0.9        0.22222222 0.5        0.9        0.5
 1.         1.         0.5       ]
2025-07-23 20:19:03,511 - INFO - service recall    | micro: 0.715909; macro: 0.729630; score: [1.         1.         0.2        0.75       0.75       0.46666667
 1.         1.         0.4       ]
2025-07-23 20:19:03,511 - INFO - service f1        | micro: 0.707865; macro: 0.722587; score: [1.         0.94736842 0.21052632 0.6        0.81818182 0.48275862
 1.         1.         0.44444444]
2025-07-23 20:19:03,588 - INFO - pod     precision | micro: 0.579119; macro: 0.682547; score: [0.90384615 0.84313725 0.25641026 0.35384615 0.72413793 0.41666667
 1.         0.94117647 0.7037037 ]
2025-07-23 20:19:03,588 - INFO - pod     recall    | micro: 0.810502; macro: 0.816379; score: [1.         0.93478261 0.40816327 0.74193548 0.75       0.80882353
 1.         1.         0.7037037 ]
2025-07-23 20:19:03,588 - INFO - pod     f1        | micro: 0.675547; macro: 0.732274; score: [0.94949495 0.88659794 0.31496063 0.47916667 0.73684211 0.55
 1.         0.96969697 0.7037037 ]

=== 内容从行 260117 开始的 16 行 ===
2025-07-23 20:56:47,188 - INFO - evaluation dataset type: test
2025-07-23 20:56:47,208 - INFO - node    precision | micro: 0.622449; macro: 0.641818; score: [0.82352941 0.5        0.7        0.375      0.78571429 0.66666667]
2025-07-23 20:56:47,208 - INFO - node    recall    | micro: 0.910448; macro: 0.897487; score: [1.         0.85714286 0.77777778 0.75       1.         1.        ]
2025-07-23 20:56:47,208 - INFO - node    f1        | micro: 0.739394; macro: 0.741941; score: [0.90322581 0.63157895 0.73684211 0.5        0.88       0.8       ]
2025-07-23 20:56:47,235 - INFO - service precision | micro: 0.693182; macro: 0.763171; score: [1.         0.9        0.36363636 0.26666667 1.         0.58823529
 1.         1.         0.75      ]
2025-07-23 20:56:47,235 - INFO - service recall    | micro: 0.693182; macro: 0.722222; score: [1.         1.         0.4        0.33333333 0.5        0.66666667
 1.         1.         0.6       ]
2025-07-23 20:56:47,235 - INFO - service f1        | micro: 0.693182; macro: 0.731439; score: [1.         0.94736842 0.38095238 0.2962963  0.66666667 0.625
 1.         1.         0.66666667]
2025-07-23 20:56:47,311 - INFO - pod     precision | micro: 0.626594; macro: 0.700570; score: [0.88679245 0.76271186 0.32941176 0.33653846 0.75       0.58695652
 0.98076923 0.94117647 0.73076923]
2025-07-23 20:56:47,311 - INFO - pod     recall    | micro: 0.785388; macro: 0.800146; score: [1.         0.97826087 0.57142857 0.56451613 0.58928571 0.79411765
 1.         1.         0.7037037 ]
2025-07-23 20:56:47,311 - INFO - pod     f1        | micro: 0.697062; macro: 0.738745; score: [0.94       0.85714286 0.41791045 0.42168675 0.66       0.675
 0.99029126 0.96969697 0.71698113]

=== 内容从行 265895 开始的 16 行 ===
2025-07-23 22:02:47,285 - INFO - evaluation dataset type: test
2025-07-23 22:02:47,305 - INFO - node    precision | micro: 0.625000; macro: 0.636221; score: [0.8125     0.46153846 0.66666667 0.45454545 0.78571429 0.63636364]
2025-07-23 22:02:47,305 - INFO - node    recall    | micro: 0.895522; macro: 0.880952; score: [0.92857143 0.85714286 0.66666667 0.83333333 1.         1.        ]
2025-07-23 22:02:47,305 - INFO - node    f1        | micro: 0.736196; macro: 0.729891; score: [0.86666667 0.6        0.66666667 0.58823529 0.88       0.77777778]
2025-07-23 22:02:47,332 - INFO - service precision | micro: 0.710843; macro: 0.748270; score: [1.         0.9        0.28571429 0.33333333 1.         0.61538462
 1.         1.         0.6       ]
2025-07-23 22:02:47,332 - INFO - service recall    | micro: 0.670455; macro: 0.707407; score: [1.         1.         0.4        0.25       0.58333333 0.53333333
 1.         1.         0.6       ]
2025-07-23 22:02:47,332 - INFO - service f1        | micro: 0.690058; macro: 0.719410; score: [1.         0.94736842 0.33333333 0.28571429 0.73684211 0.57142857
 1.         1.         0.6       ]
2025-07-23 22:02:47,407 - INFO - pod     precision | micro: 0.659319; macro: 0.700202; score: [0.92156863 0.72131148 0.34615385 0.3        0.8        0.58695652
 0.98076923 0.91428571 0.73076923]
2025-07-23 22:02:47,407 - INFO - pod     recall    | micro: 0.751142; macro: 0.769230; score: [1.         0.95652174 0.36734694 0.38709677 0.71428571 0.79411765
 1.         1.         0.7037037 ]
2025-07-23 22:02:47,407 - INFO - pod     f1        | micro: 0.702241; macro: 0.729810; score: [0.95918367 0.82242991 0.35643564 0.33802817 0.75471698 0.675
 0.99029126 0.95522388 0.71698113]

=== 内容从行 266724 开始的 16 行 ===
2025-07-23 22:12:13,403 - INFO - evaluation dataset type: test
2025-07-23 22:12:13,423 - INFO - node    precision | micro: 0.616162; macro: 0.645603; score: [0.82352941 0.42857143 0.75       0.41666667 0.84615385 0.60869565]
2025-07-23 22:12:13,423 - INFO - node    recall    | micro: 0.910448; macro: 0.892857; score: [1.         0.85714286 0.66666667 0.83333333 1.         1.        ]
2025-07-23 22:12:13,424 - INFO - node    f1        | micro: 0.734940; macro: 0.734919; score: [0.90322581 0.57142857 0.70588235 0.55555556 0.91666667 0.75675676]
2025-07-23 22:12:13,450 - INFO - service precision | micro: 0.719512; macro: 0.751515; score: [1.         0.9        0.36363636 0.38461538 1.         0.61538462
 1.         1.         0.5       ]
2025-07-23 22:12:13,451 - INFO - service recall    | micro: 0.670455; macro: 0.694444; score: [1.         1.         0.4        0.41666667 0.5        0.53333333
 1.         1.         0.4       ]
2025-07-23 22:12:13,451 - INFO - service f1        | micro: 0.694118; macro: 0.712318; score: [1.         0.94736842 0.38095238 0.4        0.66666667 0.57142857
 1.         1.         0.44444444]
2025-07-23 22:12:13,529 - INFO - pod     precision | micro: 0.648855; macro: 0.709545; score: [0.92156863 0.81132075 0.31428571 0.35       0.73469388 0.625
 0.98076923 0.96969697 0.67857143]
2025-07-23 22:12:13,529 - INFO - pod     recall    | micro: 0.776256; macro: 0.789296; score: [1.         0.93478261 0.44897959 0.56451613 0.64285714 0.80882353
 1.         1.         0.7037037 ]
2025-07-23 22:12:13,529 - INFO - pod     f1        | micro: 0.706861; macro: 0.742931; score: [0.95918367 0.86868687 0.3697479  0.43209877 0.68571429 0.70512821
 0.99029126 0.98461538 0.69090909]

=== 内容从行 267551 开始的 16 行 ===
2025-07-23 22:21:42,633 - INFO - evaluation dataset type: test
2025-07-23 22:21:42,653 - INFO - node    precision | micro: 0.625000; macro: 0.636221; score: [0.8125     0.46153846 0.66666667 0.45454545 0.78571429 0.63636364]
2025-07-23 22:21:42,653 - INFO - node    recall    | micro: 0.895522; macro: 0.880952; score: [0.92857143 0.85714286 0.66666667 0.83333333 1.         1.        ]
2025-07-23 22:21:42,653 - INFO - node    f1        | micro: 0.736196; macro: 0.729891; score: [0.86666667 0.6        0.66666667 0.58823529 0.88       0.77777778]
2025-07-23 22:21:42,684 - INFO - service precision | micro: 0.710843; macro: 0.748270; score: [1.         0.9        0.28571429 0.33333333 1.         0.61538462
 1.         1.         0.6       ]
2025-07-23 22:21:42,684 - INFO - service recall    | micro: 0.670455; macro: 0.707407; score: [1.         1.         0.4        0.25       0.58333333 0.53333333
 1.         1.         0.6       ]
2025-07-23 22:21:42,684 - INFO - service f1        | micro: 0.690058; macro: 0.719410; score: [1.         0.94736842 0.33333333 0.28571429 0.73684211 0.57142857
 1.         1.         0.6       ]
2025-07-23 22:21:42,760 - INFO - pod     precision | micro: 0.659319; macro: 0.700202; score: [0.92156863 0.72131148 0.34615385 0.3        0.8        0.58695652
 0.98076923 0.91428571 0.73076923]
2025-07-23 22:21:42,760 - INFO - pod     recall    | micro: 0.751142; macro: 0.769230; score: [1.         0.95652174 0.36734694 0.38709677 0.71428571 0.79411765
 1.         1.         0.7037037 ]
2025-07-23 22:21:42,760 - INFO - pod     f1        | micro: 0.702241; macro: 0.729810; score: [0.95918367 0.82242991 0.35643564 0.33802817 0.75471698 0.675
 0.99029126 0.95522388 0.71698113]

=== 内容从行 269189 开始的 16 行 ===
2025-07-23 22:40:31,145 - INFO - evaluation dataset type: test
2025-07-23 22:40:31,165 - INFO - node    precision | micro: 0.625000; macro: 0.652900; score: [0.82352941 0.5        0.66666667 0.43478261 0.90909091 0.58333333]
2025-07-23 22:40:31,165 - INFO - node    recall    | micro: 0.895522; macro: 0.877706; score: [1.         0.85714286 0.66666667 0.83333333 0.90909091 1.        ]
2025-07-23 22:40:31,165 - INFO - node    f1        | micro: 0.736196; macro: 0.736472; score: [0.90322581 0.63157895 0.66666667 0.57142857 0.90909091 0.73684211]
2025-07-23 22:40:31,193 - INFO - service precision | micro: 0.723404; macro: 0.766993; score: [1.         1.         0.4        0.35294118 0.75       0.73333333
 1.         1.         0.66666667]
2025-07-23 22:40:31,193 - INFO - service recall    | micro: 0.772727; macro: 0.798148; score: [1.         1.         0.4        0.5        0.75       0.73333333
 1.         1.         0.8       ]
2025-07-23 22:40:31,193 - INFO - service f1        | micro: 0.747253; macro: 0.780489; score: [1.         1.         0.4        0.4137931  0.75       0.73333333
 1.         1.         0.72727273]
2025-07-23 22:40:31,269 - INFO - pod     precision | micro: 0.623214; macro: 0.686560; score: [0.90384615 0.83018868 0.33898305 0.33913043 0.65151515 0.55208333
 0.87931034 0.96969697 0.71428571]
2025-07-23 22:40:31,269 - INFO - pod     recall    | micro: 0.796804; macro: 0.809081; score: [1.         0.95652174 0.40816327 0.62903226 0.76785714 0.77941176
 1.         1.         0.74074074]
2025-07-23 22:40:31,270 - INFO - pod     f1        | micro: 0.699399; macro: 0.738707; score: [0.94949495 0.88888889 0.37037037 0.44067797 0.70491803 0.64634146
 0.93577982 0.98461538 0.72727273]

=== 内容从行 274981 开始的 16 行 ===
2025-07-23 23:46:29,336 - INFO - evaluation dataset type: test
2025-07-23 23:46:29,356 - INFO - node    precision | micro: 0.622449; macro: 0.632854; score: [0.82352941 0.4        0.66666667 0.45454545 0.78571429 0.66666667]
2025-07-23 23:46:29,356 - INFO - node    recall    | micro: 0.910448; macro: 0.892857; score: [1.         0.85714286 0.66666667 0.83333333 1.         1.        ]
2025-07-23 23:46:29,356 - INFO - node    f1        | micro: 0.739394; macro: 0.730597; score: [0.90322581 0.54545455 0.66666667 0.58823529 0.88       0.8       ]
2025-07-23 23:46:29,387 - INFO - service precision | micro: 0.700000; macro: 0.733231; score: [1.         0.9        0.44444444 0.4        0.71428571 0.47368421
 1.         1.         0.66666667]
2025-07-23 23:46:29,387 - INFO - service recall    | micro: 0.715909; macro: 0.729630; score: [1.         1.         0.4        0.33333333 0.83333333 0.6
 1.         1.         0.4       ]
2025-07-23 23:46:29,387 - INFO - service f1        | micro: 0.707865; macro: 0.725633; score: [1.         0.94736842 0.42105263 0.36363636 0.76923077 0.52941176
 1.         1.         0.5       ]
2025-07-23 23:46:29,462 - INFO - pod     precision | micro: 0.558502; macro: 0.668847; score: [0.92156863 0.61643836 0.28235294 0.28873239 0.62857143 0.5
 0.96226415 0.96969697 0.85      ]
2025-07-23 23:46:29,462 - INFO - pod     recall    | micro: 0.817352; macro: 0.820325; score: [1.         0.97826087 0.48979592 0.66129032 0.78571429 0.83823529
 1.         1.         0.62962963]
2025-07-23 23:46:29,462 - INFO - pod     f1        | micro: 0.663577; macro: 0.721026; score: [0.95918367 0.75630252 0.35820896 0.40196078 0.6984127  0.62637363
 0.98076923 0.98461538 0.72340426]

=== 内容从行 276641 开始的 16 行 ===
2025-07-24 00:05:27,356 - INFO - evaluation dataset type: test
2025-07-24 00:05:27,375 - INFO - node    precision | micro: 0.620000; macro: 0.634827; score: [0.82352941 0.42857143 0.7        0.43478261 0.78571429 0.63636364]
2025-07-24 00:05:27,375 - INFO - node    recall    | micro: 0.925373; macro: 0.911376; score: [1.         0.85714286 0.77777778 0.83333333 1.         1.        ]
2025-07-24 00:05:27,376 - INFO - node    f1        | micro: 0.742515; macro: 0.740117; score: [0.90322581 0.57142857 0.73684211 0.57142857 0.88       0.77777778]
2025-07-24 00:05:27,402 - INFO - service precision | micro: 0.794872; macro: 0.767860; score: [1.         0.9        0.42857143 0.41666667 1.         0.92307692
 0.90909091 1.         0.33333333]
2025-07-24 00:05:27,402 - INFO - service recall    | micro: 0.704545; macro: 0.700000; score: [1.         1.         0.3        0.41666667 0.58333333 0.8
 1.         1.         0.2       ]
2025-07-24 00:05:27,402 - INFO - service f1        | micro: 0.746988; macro: 0.723705; score: [1.         0.94736842 0.35294118 0.41666667 0.73684211 0.85714286
 0.95238095 1.         0.25      ]
2025-07-24 00:05:27,479 - INFO - pod     precision | micro: 0.662162; macro: 0.713191; score: [0.87037037 0.86538462 0.33333333 0.38461538 0.77358491 0.5625
 0.96226415 1.         0.66666667]
2025-07-24 00:05:27,479 - INFO - pod     recall    | micro: 0.783105; macro: 0.793763; score: [1.         0.97826087 0.40816327 0.56451613 0.73214286 0.79411765
 1.         1.         0.66666667]
2025-07-24 00:05:27,479 - INFO - pod     f1        | micro: 0.717573; macro: 0.747979; score: [0.93069307 0.91836735 0.36697248 0.45751634 0.75229358 0.65853659
 0.98076923 1.         0.66666667]

=== 内容从行 277462 开始的 16 行 ===
2025-07-24 00:14:54,310 - INFO - evaluation dataset type: test
2025-07-24 00:14:54,330 - INFO - node    precision | micro: 0.618557; macro: 0.637563; score: [0.8125     0.375      0.75       0.45454545 0.73333333 0.7       ]
2025-07-24 00:14:54,330 - INFO - node    recall    | micro: 0.895522; macro: 0.880952; score: [0.92857143 0.85714286 0.66666667 0.83333333 1.         1.        ]
2025-07-24 00:14:54,331 - INFO - node    f1        | micro: 0.731707; macro: 0.725368; score: [0.86666667 0.52173913 0.70588235 0.58823529 0.84615385 0.82352941]
2025-07-24 00:14:54,357 - INFO - service precision | micro: 0.752809; macro: 0.758810; score: [1.         0.9        0.44444444 0.5        0.81818182 0.66666667
 1.         1.         0.5       ]
2025-07-24 00:14:54,357 - INFO - service recall    | micro: 0.761364; macro: 0.761111; score: [1.   1.   0.4  0.5  0.75 0.8  1.   1.   0.4 ]
2025-07-24 00:14:54,358 - INFO - service f1        | micro: 0.757062; macro: 0.758083; score: [1.         0.94736842 0.42105263 0.5        0.7826087  0.72727273
 1.         1.         0.44444444]
2025-07-24 00:14:54,432 - INFO - pod     precision | micro: 0.636697; macro: 0.697478; score: [0.97916667 0.65217391 0.40816327 0.36458333 0.67741935 0.50458716
 0.98076923 0.96969697 0.74074074]
2025-07-24 00:14:54,432 - INFO - pod     recall    | micro: 0.792237; macro: 0.805612; score: [1.         0.97826087 0.40816327 0.56451613 0.75       0.80882353
 1.         1.         0.74074074]
2025-07-24 00:14:54,432 - INFO - pod     f1        | micro: 0.706002; macro: 0.741363; score: [0.98947368 0.7826087  0.40816327 0.44303797 0.71186441 0.62146893
 0.99029126 0.98461538 0.74074074]
2025-07-24 00:14:54,432 - INFO - ----------

=== 内容从行 278294 开始的 16 行 ===
2025-07-24 00:24:16,652 - INFO - evaluation dataset type: test
2025-07-24 00:24:16,672 - INFO - node    precision | micro: 0.620000; macro: 0.634827; score: [0.82352941 0.42857143 0.7        0.43478261 0.78571429 0.63636364]
2025-07-24 00:24:16,672 - INFO - node    recall    | micro: 0.925373; macro: 0.911376; score: [1.         0.85714286 0.77777778 0.83333333 1.         1.        ]
2025-07-24 00:24:16,673 - INFO - node    f1        | micro: 0.742515; macro: 0.740117; score: [0.90322581 0.57142857 0.73684211 0.57142857 0.88       0.77777778]
2025-07-24 00:24:16,700 - INFO - service precision | micro: 0.794872; macro: 0.767860; score: [1.         0.9        0.42857143 0.41666667 1.         0.92307692
 0.90909091 1.         0.33333333]
2025-07-24 00:24:16,700 - INFO - service recall    | micro: 0.704545; macro: 0.700000; score: [1.         1.         0.3        0.41666667 0.58333333 0.8
 1.         1.         0.2       ]
2025-07-24 00:24:16,700 - INFO - service f1        | micro: 0.746988; macro: 0.723705; score: [1.         0.94736842 0.35294118 0.41666667 0.73684211 0.85714286
 0.95238095 1.         0.25      ]
2025-07-24 00:24:16,774 - INFO - pod     precision | micro: 0.662162; macro: 0.713191; score: [0.87037037 0.86538462 0.33333333 0.38461538 0.77358491 0.5625
 0.96226415 1.         0.66666667]
2025-07-24 00:24:16,774 - INFO - pod     recall    | micro: 0.783105; macro: 0.793763; score: [1.         0.97826087 0.40816327 0.56451613 0.73214286 0.79411765
 1.         1.         0.66666667]
2025-07-24 00:24:16,774 - INFO - pod     f1        | micro: 0.717573; macro: 0.747979; score: [0.93069307 0.91836735 0.36697248 0.45751634 0.75229358 0.65853659
 0.98076923 1.         0.66666667]

=== 内容从行 297393 开始的 16 行 ===
2025-07-24 04:00:59,345 - INFO - evaluation dataset type: test
2025-07-24 04:00:59,365 - INFO - node    precision | micro: 0.618557; macro: 0.644444; score: [0.86666667 0.4        0.75       0.41666667 0.73333333 0.7       ]
2025-07-24 04:00:59,365 - INFO - node    recall    | micro: 0.895522; macro: 0.880952; score: [0.92857143 0.85714286 0.66666667 0.83333333 1.         1.        ]
2025-07-24 04:00:59,365 - INFO - node    f1        | micro: 0.731707; macro: 0.728855; score: [0.89655172 0.54545455 0.70588235 0.55555556 0.84615385 0.82352941]
2025-07-24 04:00:59,393 - INFO - service precision | micro: 0.691489; macro: 0.742303; score: [1.         0.75       0.46153846 0.35714286 0.85714286 0.58823529
 1.         1.         0.66666667]
2025-07-24 04:00:59,393 - INFO - service recall    | micro: 0.738636; macro: 0.775926; score: [1.         1.         0.6        0.41666667 0.5        0.66666667
 1.         1.         0.8       ]
2025-07-24 04:00:59,393 - INFO - service f1        | micro: 0.714286; macro: 0.749705; score: [1.         0.85714286 0.52173913 0.38461538 0.63157895 0.625
 1.         1.         0.72727273]
2025-07-24 04:00:59,468 - INFO - pod     precision | micro: 0.625000; macro: 0.711704; score: [0.92156863 0.76271186 0.42647059 0.32110092 0.78378378 0.48695652
 0.98076923 0.91428571 0.80769231]
2025-07-24 04:00:59,468 - INFO - pod     recall    | micro: 0.787671; macro: 0.805975; score: [1.         0.97826087 0.59183673 0.56451613 0.51785714 0.82352941
 1.         1.         0.77777778]
2025-07-24 04:00:59,469 - INFO - pod     f1        | micro: 0.696970; macro: 0.743895; score: [0.95918367 0.85714286 0.4957265  0.40935673 0.62365591 0.61202186
 0.99029126 0.95522388 0.79245283]

=== 内容从行 302362 开始的 16 行 ===
2025-07-24 04:57:32,703 - INFO - evaluation dataset type: test
2025-07-24 04:57:32,723 - INFO - node    precision | micro: 0.622449; macro: 0.680800; score: [0.875      0.35294118 1.         0.43478261 0.78571429 0.63636364]
2025-07-24 04:57:32,723 - INFO - node    recall    | micro: 0.910448; macro: 0.892857; score: [1.         0.85714286 0.66666667 0.83333333 1.         1.        ]
2025-07-24 04:57:32,723 - INFO - node    f1        | micro: 0.739394; macro: 0.743757; score: [0.93333333 0.5        0.8        0.57142857 0.88       0.77777778]
2025-07-24 04:57:32,750 - INFO - service precision | micro: 0.753425; macro: 0.746710; score: [1.         0.75       0.33333333 0.30769231 0.85714286 0.88888889
 1.         0.83333333 0.75      ]
2025-07-24 04:57:32,750 - INFO - service recall    | micro: 0.625000; macro: 0.655556; score: [1.         1.         0.1        0.33333333 0.5        0.53333333
 1.         0.83333333 0.6       ]
2025-07-24 04:57:32,750 - INFO - service f1        | micro: 0.683230; macro: 0.681026; score: [1.         0.85714286 0.15384615 0.32       0.63157895 0.66666667
 1.         0.83333333 0.66666667]
2025-07-24 04:57:32,826 - INFO - pod     precision | micro: 0.593002; macro: 0.622052; score: [0.81034483 0.49450549 0.27868852 0.32394366 0.66071429 0.61728395
 0.92727273 0.91428571 0.57142857]
2025-07-24 04:57:32,826 - INFO - pod     recall    | micro: 0.735160; macro: 0.759213; score: [1.         0.97826087 0.34693878 0.37096774 0.66071429 0.73529412
 1.         1.         0.74074074]
2025-07-24 04:57:32,826 - INFO - pod     f1        | micro: 0.656473; macro: 0.677959; score: [0.8952381  0.65693431 0.30909091 0.34586466 0.66071429 0.67114094
 0.96226415 0.95522388 0.64516129]

=== 内容从行 304857 开始的 16 行 ===
2025-07-24 05:25:43,080 - INFO - evaluation dataset type: test
2025-07-24 05:25:43,100 - INFO - node    precision | micro: 0.617647; macro: 0.650738; score: [0.77777778 0.42857143 0.875      0.42307692 0.73333333 0.66666667]
2025-07-24 05:25:43,100 - INFO - node    recall    | micro: 0.940299; macro: 0.925265; score: [1.         0.85714286 0.77777778 0.91666667 1.         1.        ]
2025-07-24 05:25:43,100 - INFO - node    f1        | micro: 0.745562; macro: 0.749177; score: [0.875      0.57142857 0.82352941 0.57894737 0.84615385 0.8       ]
2025-07-24 05:25:43,127 - INFO - service precision | micro: 0.698925; macro: 0.737129; score: [1.         0.75       0.66666667 0.29411765 0.8        0.71428571
 0.90909091 1.         0.5       ]
2025-07-24 05:25:43,127 - INFO - service recall    | micro: 0.738636; macro: 0.772222; score: [1.         1.         0.4        0.41666667 0.66666667 0.66666667
 1.         1.         0.8       ]
2025-07-24 05:25:43,127 - INFO - service f1        | micro: 0.718232; macro: 0.742963; score: [1.         0.85714286 0.5        0.34482759 0.72727273 0.68965517
 0.95238095 1.         0.61538462]
2025-07-24 05:25:43,202 - INFO - pod     precision | micro: 0.610727; macro: 0.672044; score: [0.92156863 0.63768116 0.38666667 0.33333333 0.64285714 0.56565657
 0.98076923 0.86111111 0.71875   ]
2025-07-24 05:25:43,202 - INFO - pod     recall    | micro: 0.805936; macro: 0.823999; score: [1.         0.95652174 0.59183673 0.58064516 0.64285714 0.82352941
 1.         0.96875    0.85185185]
2025-07-24 05:25:43,202 - INFO - pod     f1        | micro: 0.694882; macro: 0.734545; score: [0.95918367 0.76521739 0.46774194 0.42352941 0.64285714 0.67065868
 0.99029126 0.91176471 0.77966102]

=== 内容从行 307350 开始的 16 行 ===
2025-07-24 05:54:07,109 - INFO - evaluation dataset type: test
2025-07-24 05:54:07,129 - INFO - node    precision | micro: 0.622449; macro: 0.647629; score: [0.8125     0.375      0.77777778 0.43478261 0.78571429 0.7       ]
2025-07-24 05:54:07,129 - INFO - node    recall    | micro: 0.910448; macro: 0.899471; score: [0.92857143 0.85714286 0.77777778 0.83333333 1.         1.        ]
2025-07-24 05:54:07,129 - INFO - node    f1        | micro: 0.739394; macro: 0.740190; score: [0.86666667 0.52173913 0.77777778 0.57142857 0.88       0.82352941]
2025-07-24 05:54:07,156 - INFO - service precision | micro: 0.684211; macro: 0.703407; score: [1.         0.81818182 0.5        0.27272727 0.81818182 0.58823529
 0.83333333 1.         0.5       ]
2025-07-24 05:54:07,156 - INFO - service recall    | micro: 0.738636; macro: 0.774074; score: [1.         1.         0.5        0.25       0.75       0.66666667
 1.         1.         0.8       ]
2025-07-24 05:54:07,156 - INFO - service f1        | micro: 0.710383; macro: 0.732550; score: [1.         0.9        0.5        0.26086957 0.7826087  0.625
 0.90909091 1.         0.61538462]
2025-07-24 05:54:07,233 - INFO - pod     precision | micro: 0.570300; macro: 0.678540; score: [0.88679245 0.77192982 0.2761194  0.30188679 0.56944444 0.56842105
 0.91071429 0.96969697 0.85185185]
2025-07-24 05:54:07,233 - INFO - pod     recall    | micro: 0.824201; macro: 0.845096; score: [1.         0.95652174 0.75510204 0.51612903 0.73214286 0.79411765
 1.         1.         0.85185185]
2025-07-24 05:54:07,233 - INFO - pod     f1        | micro: 0.674136; macro: 0.741404; score: [0.94       0.85436893 0.40437158 0.38095238 0.640625   0.66257669
 0.95327103 0.98461538 0.85185185]

=== 内容从行 308997 开始的 16 行 ===
2025-07-24 06:12:53,949 - INFO - evaluation dataset type: test
2025-07-24 06:12:53,972 - INFO - node    precision | micro: 0.625000; macro: 0.646224; score: [0.8125     0.35294118 0.75       0.47619048 0.78571429 0.7       ]
2025-07-24 06:12:53,972 - INFO - node    recall    | micro: 0.895522; macro: 0.880952; score: [0.92857143 0.85714286 0.66666667 0.83333333 1.         1.        ]
2025-07-24 06:12:53,972 - INFO - node    f1        | micro: 0.736196; macro: 0.730357; score: [0.86666667 0.5        0.70588235 0.60606061 0.88       0.82352941]
2025-07-24 06:12:53,999 - INFO - service precision | micro: 0.694118; macro: 0.737686; score: [0.9        0.81818182 0.44444444 0.25       1.         0.88888889
 0.90909091 1.         0.42857143]
2025-07-24 06:12:53,999 - INFO - service recall    | micro: 0.670455; macro: 0.698148; score: [1.         1.         0.4        0.33333333 0.58333333 0.53333333
 1.         0.83333333 0.6       ]
2025-07-24 06:12:53,999 - INFO - service f1        | micro: 0.682081; macro: 0.702124; score: [0.94736842 0.9        0.42105263 0.28571429 0.73684211 0.66666667
 0.95238095 0.90909091 0.5       ]
2025-07-24 06:12:54,073 - INFO - pod     precision | micro: 0.637024; macro: 0.701134; score: [0.95918367 0.75       0.375      0.32653061 0.67272727 0.63855422
 0.96226415 0.96969697 0.65625   ]
2025-07-24 06:12:54,074 - INFO - pod     recall    | micro: 0.801370; macro: 0.820640; score: [1.         0.97826087 0.67346939 0.51612903 0.66071429 0.77941176
 1.         1.         0.77777778]
2025-07-24 06:12:54,074 - INFO - pod     f1        | micro: 0.709808; macro: 0.750653; score: [0.97916667 0.8490566  0.48175182 0.4        0.66666667 0.70198675
 0.98076923 0.98461538 0.71186441]

=== 内容从行 310650 开始的 16 行 ===
2025-07-24 06:31:54,901 - INFO - evaluation dataset type: test
2025-07-24 06:31:54,922 - INFO - node    precision | micro: 0.625000; macro: 0.646224; score: [0.8125     0.35294118 0.75       0.47619048 0.78571429 0.7       ]
2025-07-24 06:31:54,922 - INFO - node    recall    | micro: 0.895522; macro: 0.880952; score: [0.92857143 0.85714286 0.66666667 0.83333333 1.         1.        ]
2025-07-24 06:31:54,922 - INFO - node    f1        | micro: 0.736196; macro: 0.730357; score: [0.86666667 0.5        0.70588235 0.60606061 0.88       0.82352941]
2025-07-24 06:31:54,953 - INFO - service precision | micro: 0.694118; macro: 0.737686; score: [0.9        0.81818182 0.44444444 0.25       1.         0.88888889
 0.90909091 1.         0.42857143]
2025-07-24 06:31:54,953 - INFO - service recall    | micro: 0.670455; macro: 0.698148; score: [1.         1.         0.4        0.33333333 0.58333333 0.53333333
 1.         0.83333333 0.6       ]
2025-07-24 06:31:54,953 - INFO - service f1        | micro: 0.682081; macro: 0.702124; score: [0.94736842 0.9        0.42105263 0.28571429 0.73684211 0.66666667
 0.95238095 0.90909091 0.5       ]
2025-07-24 06:31:55,030 - INFO - pod     precision | micro: 0.637024; macro: 0.701134; score: [0.95918367 0.75       0.375      0.32653061 0.67272727 0.63855422
 0.96226415 0.96969697 0.65625   ]
2025-07-24 06:31:55,030 - INFO - pod     recall    | micro: 0.801370; macro: 0.820640; score: [1.         0.97826087 0.67346939 0.51612903 0.66071429 0.77941176
 1.         1.         0.77777778]
2025-07-24 06:31:55,030 - INFO - pod     f1        | micro: 0.709808; macro: 0.750653; score: [0.97916667 0.8490566  0.48175182 0.4        0.66666667 0.70198675
 0.98076923 0.98461538 0.71186441]

=== 内容从行 313967 开始的 16 行 ===
2025-07-24 07:09:27,236 - INFO - evaluation dataset type: test
2025-07-24 07:09:27,256 - INFO - node    precision | micro: 0.616162; macro: 0.629719; score: [0.8        0.46153846 0.63636364 0.45833333 0.78571429 0.63636364]
2025-07-24 07:09:27,256 - INFO - node    recall    | micro: 0.910448; macro: 0.901455; score: [0.85714286 0.85714286 0.77777778 0.91666667 1.         1.        ]
2025-07-24 07:09:27,256 - INFO - node    f1        | micro: 0.734940; macro: 0.732746; score: [0.82758621 0.6        0.7        0.61111111 0.88       0.77777778]
2025-07-24 07:09:27,283 - INFO - service precision | micro: 0.684211; macro: 0.721204; score: [1.         0.9        0.4        0.25       0.88888889 0.57142857
 0.90909091 1.         0.57142857]
2025-07-24 07:09:27,283 - INFO - service recall    | micro: 0.738636; macro: 0.768519; score: [1.         1.         0.4        0.25       0.66666667 0.8
 1.         1.         0.8       ]
2025-07-24 07:09:27,283 - INFO - service f1        | micro: 0.710383; macro: 0.738332; score: [1.         0.94736842 0.4        0.25       0.76190476 0.66666667
 0.95238095 1.         0.66666667]
2025-07-24 07:09:27,360 - INFO - pod     precision | micro: 0.660784; macro: 0.705368; score: [0.94       0.75862069 0.46428571 0.33783784 0.76       0.52427184
 0.87931034 0.96969697 0.71428571]
2025-07-24 07:09:27,360 - INFO - pod     recall    | micro: 0.769406; macro: 0.789310; score: [1.         0.95652174 0.53061224 0.40322581 0.67857143 0.79411765
 1.         1.         0.74074074]
2025-07-24 07:09:27,360 - INFO - pod     f1        | micro: 0.710970; macro: 0.741593; score: [0.96907216 0.84615385 0.4952381  0.36764706 0.71698113 0.63157895
 0.93577982 0.98461538 0.72727273]

=== 内容从行 318951 开始的 16 行 ===
2025-07-24 08:06:05,852 - INFO - evaluation dataset type: test
2025-07-24 08:06:05,873 - INFO - node    precision | micro: 0.616162; macro: 0.642625; score: [0.8125     0.4        0.75       0.42307692 0.73333333 0.73684211]
2025-07-24 08:06:05,873 - INFO - node    recall    | micro: 0.910448; macro: 0.894841; score: [0.92857143 0.85714286 0.66666667 0.91666667 1.         1.        ]
2025-07-24 08:06:05,873 - INFO - node    f1        | micro: 0.734940; macro: 0.731932; score: [0.86666667 0.54545455 0.70588235 0.57894737 0.84615385 0.84848485]
2025-07-24 08:06:05,900 - INFO - service precision | micro: 0.707865; macro: 0.739638; score: [1.         0.75       0.375      0.33333333 0.88888889 0.64285714
 1.         1.         0.66666667]
2025-07-24 08:06:05,900 - INFO - service recall    | micro: 0.715909; macro: 0.753704; score: [1.         1.         0.3        0.41666667 0.66666667 0.6
 1.         1.         0.8       ]
2025-07-24 08:06:05,901 - INFO - service f1        | micro: 0.711864; macro: 0.741190; score: [1.         0.85714286 0.33333333 0.37037037 0.76190476 0.62068966
 1.         1.         0.72727273]
2025-07-24 08:06:05,977 - INFO - pod     precision | micro: 0.659735; macro: 0.717524; score: [0.90384615 0.83333333 0.38888889 0.35353535 0.78723404 0.60465116
 0.96226415 0.91428571 0.70967742]
2025-07-24 08:06:05,977 - INFO - pod     recall    | micro: 0.796804; macro: 0.817160; score: [1.         0.97826087 0.57142857 0.56451613 0.66071429 0.76470588
 1.         1.         0.81481481]
2025-07-24 08:06:05,977 - INFO - pod     f1        | micro: 0.721820; macro: 0.759497; score: [0.94949495 0.9        0.46280992 0.43478261 0.7184466  0.67532468
 0.98076923 0.95522388 0.75862069]

=== 内容从行 324742 开始的 16 行 ===
2025-07-24 09:12:04,864 - INFO - evaluation dataset type: test
2025-07-24 09:12:04,884 - INFO - node    precision | micro: 0.621053; macro: 0.674556; score: [0.82352941 0.4        0.85714286 0.4        0.9        0.66666667]
2025-07-24 09:12:04,884 - INFO - node    recall    | micro: 0.880597; macro: 0.862554; score: [1.         0.85714286 0.66666667 0.83333333 0.81818182 1.        ]
2025-07-24 09:12:04,884 - INFO - node    f1        | micro: 0.728395; macro: 0.732727; score: [0.90322581 0.54545455 0.75       0.54054054 0.85714286 0.8       ]
2025-07-24 09:12:04,911 - INFO - service precision | micro: 0.696629; macro: 0.752568; score: [1.         0.69230769 0.5        0.27777778 1.         0.72727273
 0.90909091 1.         0.66666667]
2025-07-24 09:12:04,911 - INFO - service recall    | micro: 0.704545; macro: 0.748148; score: [1.         1.         0.4        0.41666667 0.58333333 0.53333333
 1.         1.         0.8       ]
2025-07-24 09:12:04,911 - INFO - service f1        | micro: 0.700565; macro: 0.736427; score: [1.         0.81818182 0.44444444 0.33333333 0.73684211 0.61538462
 0.95238095 1.         0.72727273]
2025-07-24 09:12:04,988 - INFO - pod     precision | micro: 0.651429; macro: 0.711475; score: [0.92156863 0.76271186 0.38596491 0.31355932 0.69387755 0.71621622
 0.96226415 0.96969697 0.67741935]
2025-07-24 09:12:04,988 - INFO - pod     recall    | micro: 0.780822; macro: 0.798705; score: [1.         0.97826087 0.44897959 0.59677419 0.60714286 0.77941176
 1.         1.         0.77777778]
2025-07-24 09:12:04,988 - INFO - pod     f1        | micro: 0.710280; macro: 0.747350; score: [0.95918367 0.85714286 0.41509434 0.41111111 0.64761905 0.74647887
 0.98076923 0.98461538 0.72413793]

=== 内容从行 331392 开始的 16 行 ===
2025-07-24 10:27:46,263 - INFO - evaluation dataset type: test
2025-07-24 10:27:46,282 - INFO - node    precision | micro: 0.625000; macro: 0.695195; score: [0.82352941 0.35294118 1.         0.45833333 0.9        0.63636364]
2025-07-24 10:27:46,283 - INFO - node    recall    | micro: 0.895522; macro: 0.876443; score: [1.         0.85714286 0.66666667 0.91666667 0.81818182 1.        ]
2025-07-24 10:27:46,283 - INFO - node    f1        | micro: 0.736196; macro: 0.741543; score: [0.90322581 0.5        0.8        0.61111111 0.85714286 0.77777778]
2025-07-24 10:27:46,309 - INFO - service precision | micro: 0.740260; macro: 0.790895; score: [1.         0.75       0.5        0.3125     1.         0.88888889
 1.         1.         0.66666667]
2025-07-24 10:27:46,309 - INFO - service recall    | micro: 0.647727; macro: 0.666667; score: [1.         1.         0.4        0.41666667 0.41666667 0.53333333
 1.         0.83333333 0.4       ]
2025-07-24 10:27:46,310 - INFO - service f1        | micro: 0.690909; macro: 0.702525; score: [1.         0.85714286 0.44444444 0.35714286 0.58823529 0.66666667
 1.         0.90909091 0.5       ]
2025-07-24 10:27:46,387 - INFO - pod     precision | micro: 0.685654; macro: 0.734232; score: [0.92156863 0.75438596 0.4516129  0.3655914  0.72972973 0.71875
 0.94444444 0.93939394 0.7826087 ]
2025-07-24 10:27:46,387 - INFO - pod     recall    | micro: 0.742009; macro: 0.760959; score: [1.         0.93478261 0.57142857 0.5483871  0.48214286 0.67647059
 1.         0.96875    0.66666667]
2025-07-24 10:27:46,387 - INFO - pod     f1        | micro: 0.712719; macro: 0.740027; score: [0.95918367 0.83495146 0.5045045  0.43870968 0.58064516 0.6969697
 0.97142857 0.95384615 0.72      ]

=== 内容从行 358821 开始的 16 行 ===
2025-07-24 15:38:54,192 - INFO - evaluation dataset type: test
2025-07-24 15:38:54,212 - INFO - node    precision | micro: 0.621053; macro: 0.645149; score: [0.8        0.375      0.75       0.43478261 0.73333333 0.77777778]
2025-07-24 15:38:54,212 - INFO - node    recall    | micro: 0.880597; macro: 0.869048; score: [0.85714286 0.85714286 0.66666667 0.83333333 1.         1.        ]
2025-07-24 15:38:54,213 - INFO - node    f1        | micro: 0.728395; macro: 0.724632; score: [0.82758621 0.52173913 0.70588235 0.57142857 0.84615385 0.875     ]
2025-07-24 15:38:54,239 - INFO - service precision | micro: 0.706522; macro: 0.770488; score: [1.         0.81818182 0.58333333 0.29411765 1.         0.61538462
 0.90909091 1.         0.71428571]
2025-07-24 15:38:54,239 - INFO - service recall    | micro: 0.738636; macro: 0.785185; score: [1.         1.         0.7        0.41666667 0.58333333 0.53333333
 1.         0.83333333 1.        ]
2025-07-24 15:38:54,239 - INFO - service f1        | micro: 0.722222; macro: 0.764919; score: [1.         0.9        0.63636364 0.34482759 0.73684211 0.57142857
 0.95238095 0.90909091 0.83333333]
2025-07-24 15:38:54,314 - INFO - pod     precision | micro: 0.673585; macro: 0.726640; score: [0.94       0.69230769 0.45762712 0.36893204 0.79591837 0.64705882
 0.98076923 1.         0.65714286]
2025-07-24 15:38:54,314 - INFO - pod     recall    | micro: 0.815068; macro: 0.833254; score: [1.         0.97826087 0.55102041 0.61290323 0.69642857 0.80882353
 1.         1.         0.85185185]
2025-07-24 15:38:54,314 - INFO - pod     f1        | micro: 0.737603; macro: 0.770503; score: [0.96907216 0.81081081 0.5        0.46060606 0.74285714 0.71895425
 0.99029126 1.         0.74193548]

=== 内容从行 362138 开始的 16 行 ===
2025-07-24 16:16:36,401 - INFO - evaluation dataset type: test
2025-07-24 16:16:36,422 - INFO - node    precision | micro: 0.622449; macro: 0.640127; score: [0.8125     0.4        0.75       0.47826087 0.73333333 0.66666667]
2025-07-24 16:16:36,422 - INFO - node    recall    | micro: 0.910448; macro: 0.894841; score: [0.92857143 0.85714286 0.66666667 0.91666667 1.         1.        ]
2025-07-24 16:16:36,422 - INFO - node    f1        | micro: 0.739394; macro: 0.732121; score: [0.86666667 0.54545455 0.70588235 0.62857143 0.84615385 0.8       ]
2025-07-24 16:16:36,449 - INFO - service precision | micro: 0.690722; macro: 0.756399; score: [1.         1.         0.38461538 0.375      0.55555556 0.83333333
 0.90909091 1.         0.75      ]
2025-07-24 16:16:36,449 - INFO - service recall    | micro: 0.761364; macro: 0.770370; score: [1.         1.         0.5        0.5        0.83333333 0.66666667
 1.         0.83333333 0.6       ]
2025-07-24 16:16:36,449 - INFO - service f1        | micro: 0.724324; macro: 0.755433; score: [1.         1.         0.43478261 0.42857143 0.66666667 0.74074074
 0.95238095 0.90909091 0.66666667]
2025-07-24 16:16:36,526 - INFO - pod     precision | micro: 0.600000; macro: 0.677341; score: [0.83928571 0.8627451  0.3880597  0.31707317 0.47058824 0.57446809
 0.98076923 0.88888889 0.77419355]
2025-07-24 16:16:36,526 - INFO - pod     recall    | micro: 0.815068; macro: 0.834829; score: [1.         0.95652174 0.53061224 0.62903226 0.71428571 0.79411765
 1.         1.         0.88888889]
2025-07-24 16:16:36,527 - INFO - pod     f1        | micro: 0.691191; macro: 0.742537; score: [0.91262136 0.90721649 0.44827586 0.42162162 0.56737589 0.66666667
 0.99029126 0.94117647 0.82758621]

=== 内容从行 376223 开始的 16 行 ===
2025-07-24 18:57:09,986 - INFO - evaluation dataset type: test
2025-07-24 18:57:10,006 - INFO - node    precision | micro: 0.625000; macro: 0.642133; score: [0.82352941 0.4        0.75       0.40909091 0.73333333 0.73684211]
2025-07-24 18:57:10,007 - INFO - node    recall    | micro: 0.895522; macro: 0.878968; score: [1.         0.85714286 0.66666667 0.75       1.         1.        ]
2025-07-24 18:57:10,007 - INFO - node    f1        | micro: 0.736196; macro: 0.729769; score: [0.90322581 0.54545455 0.70588235 0.52941176 0.84615385 0.84848485]
2025-07-24 18:57:10,036 - INFO - service precision | micro: 0.728395; macro: 0.763614; score: [1.         1.         0.5        0.35714286 1.         0.61538462
 1.         1.         0.4       ]
2025-07-24 18:57:10,036 - INFO - service recall    | micro: 0.670455; macro: 0.683951; score: [1.         0.88888889 0.5        0.41666667 0.58333333 0.53333333
 1.         0.83333333 0.4       ]
2025-07-24 18:57:10,036 - INFO - service f1        | micro: 0.698225; macro: 0.715906; score: [1.         0.94117647 0.5        0.38461538 0.73684211 0.57142857
 1.         0.90909091 0.4       ]
2025-07-24 18:57:10,111 - INFO - pod     precision | micro: 0.650096; macro: 0.720771; score: [0.95918367 0.95348837 0.36781609 0.32967033 0.70833333 0.60227273
 1.         0.94117647 0.625     ]
2025-07-24 18:57:10,111 - INFO - pod     recall    | micro: 0.776256; macro: 0.795059; score: [1.         0.89130435 0.65306122 0.48387097 0.60714286 0.77941176
 1.         1.         0.74074074]
2025-07-24 18:57:10,111 - INFO - pod     f1        | micro: 0.707596; macro: 0.749362; score: [0.97916667 0.92134831 0.47058824 0.39215686 0.65384615 0.67948718
 1.         0.96969697 0.6779661 ]

=== 内容从行 378714 开始的 16 行 ===
2025-07-24 19:25:38,851 - INFO - evaluation dataset type: test
2025-07-24 19:25:38,871 - INFO - node    precision | micro: 0.621053; macro: 0.652699; score: [0.92307692 0.375      0.75       0.43478261 0.73333333 0.7       ]
2025-07-24 19:25:38,871 - INFO - node    recall    | micro: 0.880597; macro: 0.869048; score: [0.85714286 0.85714286 0.66666667 0.83333333 1.         1.        ]
2025-07-24 19:25:38,871 - INFO - node    f1        | micro: 0.728395; macro: 0.726270; score: [0.88888889 0.52173913 0.70588235 0.57142857 0.84615385 0.82352941]
2025-07-24 19:25:38,898 - INFO - service precision | micro: 0.722892; macro: 0.765600; score: [1.         0.81818182 0.6        0.25       0.88888889 0.75
 0.83333333 1.         0.75      ]
2025-07-24 19:25:38,898 - INFO - service recall    | micro: 0.681818; macro: 0.703704; score: [1.         1.         0.3        0.33333333 0.66666667 0.6
 1.         0.83333333 0.6       ]
2025-07-24 19:25:38,898 - INFO - service f1        | micro: 0.701754; macro: 0.722126; score: [1.         0.9        0.4        0.28571429 0.76190476 0.66666667
 0.90909091 0.90909091 0.66666667]
2025-07-24 19:25:38,975 - INFO - pod     precision | micro: 0.620567; macro: 0.692197; score: [0.90384615 0.81481481 0.39344262 0.29457364 0.67272727 0.6091954
 0.85       0.94117647 0.75      ]
2025-07-24 19:25:38,975 - INFO - pod     recall    | micro: 0.799087; macro: 0.820915; score: [1.         0.95652174 0.48979592 0.61290323 0.66071429 0.77941176
 1.         1.         0.88888889]
2025-07-24 19:25:38,975 - INFO - pod     f1        | micro: 0.698603; macro: 0.746275; score: [0.94949495 0.88       0.43636364 0.39790576 0.66666667 0.68387097
 0.91891892 0.96969697 0.81355932]

=== 内容从行 380371 开始的 16 行 ===
2025-07-24 19:44:45,556 - INFO - evaluation dataset type: test
2025-07-24 19:44:45,578 - INFO - node    precision | micro: 0.625000; macro: 0.659709; score: [0.92307692 0.375      0.75       0.44       0.73333333 0.73684211]
2025-07-24 19:44:45,578 - INFO - node    recall    | micro: 0.895522; macro: 0.882937; score: [0.85714286 0.85714286 0.66666667 0.91666667 1.         1.        ]
2025-07-24 19:44:45,578 - INFO - node    f1        | micro: 0.736196; macro: 0.734291; score: [0.88888889 0.52173913 0.70588235 0.59459459 0.84615385 0.84848485]
2025-07-24 19:44:45,605 - INFO - service precision | micro: 0.684783; macro: 0.716253; score: [1.         0.69230769 0.5        0.33333333 0.77777778 0.64285714
 1.         1.         0.5       ]
2025-07-24 19:44:45,605 - INFO - service recall    | micro: 0.715909; macro: 0.733333; score: [1.         1.         0.6        0.41666667 0.58333333 0.6
 1.         1.         0.4       ]
2025-07-24 19:44:45,605 - INFO - service f1        | micro: 0.700000; macro: 0.718423; score: [1.         0.81818182 0.54545455 0.37037037 0.66666667 0.62068966
 1.         1.         0.44444444]
2025-07-24 19:44:45,680 - INFO - pod     precision | micro: 0.656134; macro: 0.742724; score: [0.95918367 0.80357143 0.37777778 0.34444444 0.875      0.54545455
 0.98076923 0.94117647 0.85714286]
2025-07-24 19:44:45,680 - INFO - pod     recall    | micro: 0.805936; macro: 0.831127; score: [1.         0.97826087 0.69387755 0.5        0.625      0.79411765
 1.         1.         0.88888889]
2025-07-24 19:44:45,680 - INFO - pod     f1        | micro: 0.723361; macro: 0.774135; score: [0.97916667 0.88235294 0.48920863 0.40789474 0.72916667 0.64670659
 0.99029126 0.96969697 0.87272727]

=== 内容从行 385354 开始的 16 行 ===
2025-07-24 20:41:09,597 - INFO - evaluation dataset type: test
2025-07-24 20:41:09,617 - INFO - node    precision | micro: 0.616162; macro: 0.680713; score: [0.93333333 0.35294118 0.85714286 0.42307692 0.90909091 0.60869565]
2025-07-24 20:41:09,617 - INFO - node    recall    | micro: 0.910448; macro: 0.891595; score: [1.         0.85714286 0.66666667 0.91666667 0.90909091 1.        ]
2025-07-24 20:41:09,618 - INFO - node    f1        | micro: 0.734940; macro: 0.743385; score: [0.96551724 0.5        0.75       0.57894737 0.90909091 0.75675676]
2025-07-24 20:41:09,645 - INFO - service precision | micro: 0.717647; macro: 0.762466; score: [1.         0.81818182 0.5        0.27777778 0.85714286 1.
 0.90909091 1.         0.5       ]
2025-07-24 20:41:09,645 - INFO - service recall    | micro: 0.693182; macro: 0.701852; score: [1.         1.         0.5        0.41666667 0.5        0.66666667
 1.         0.83333333 0.4       ]
2025-07-24 20:41:09,645 - INFO - service f1        | micro: 0.705202; macro: 0.718981; score: [1.         0.9        0.5        0.33333333 0.63157895 0.8
 0.95238095 0.90909091 0.44444444]
2025-07-24 20:41:09,727 - INFO - pod     precision | micro: 0.642185; macro: 0.708897; score: [0.94       0.88       0.36708861 0.33684211 0.74418605 0.56565657
 0.96226415 0.94117647 0.64285714]
2025-07-24 20:41:09,728 - INFO - pod     recall    | micro: 0.778539; macro: 0.791790; score: [1.         0.95652174 0.59183673 0.51612903 0.57142857 0.82352941
 1.         1.         0.66666667]
2025-07-24 20:41:09,728 - INFO - pod     f1        | micro: 0.703818; macro: 0.740960; score: [0.96907216 0.91666667 0.453125   0.40764331 0.64646465 0.67065868
 0.98076923 0.96969697 0.65454545]

=== 内容从行 397783 开始的 16 行 ===
2025-07-24 23:02:06,878 - INFO - evaluation dataset type: test
2025-07-24 23:02:06,898 - INFO - node    precision | micro: 0.625000; macro: 0.642133; score: [0.82352941 0.4        0.75       0.40909091 0.73333333 0.73684211]
2025-07-24 23:02:06,898 - INFO - node    recall    | micro: 0.895522; macro: 0.878968; score: [1.         0.85714286 0.66666667 0.75       1.         1.        ]
2025-07-24 23:02:06,898 - INFO - node    f1        | micro: 0.736196; macro: 0.729769; score: [0.90322581 0.54545455 0.70588235 0.52941176 0.84615385 0.84848485]
2025-07-24 23:02:06,925 - INFO - service precision | micro: 0.728395; macro: 0.763614; score: [1.         1.         0.5        0.35714286 1.         0.61538462
 1.         1.         0.4       ]
2025-07-24 23:02:06,925 - INFO - service recall    | micro: 0.670455; macro: 0.683951; score: [1.         0.88888889 0.5        0.41666667 0.58333333 0.53333333
 1.         0.83333333 0.4       ]
2025-07-24 23:02:06,925 - INFO - service f1        | micro: 0.698225; macro: 0.715906; score: [1.         0.94117647 0.5        0.38461538 0.73684211 0.57142857
 1.         0.90909091 0.4       ]
2025-07-24 23:02:06,999 - INFO - pod     precision | micro: 0.650096; macro: 0.720771; score: [0.95918367 0.95348837 0.36781609 0.32967033 0.70833333 0.60227273
 1.         0.94117647 0.625     ]
2025-07-24 23:02:07,000 - INFO - pod     recall    | micro: 0.776256; macro: 0.795059; score: [1.         0.89130435 0.65306122 0.48387097 0.60714286 0.77941176
 1.         1.         0.74074074]
2025-07-24 23:02:07,000 - INFO - pod     f1        | micro: 0.707596; macro: 0.749362; score: [0.97916667 0.92134831 0.47058824 0.39215686 0.65384615 0.67948718
 1.         0.96969697 0.6779661 ]

=== 内容从行 400281 开始的 16 行 ===
2025-07-24 23:30:15,060 - INFO - evaluation dataset type: test
2025-07-24 23:30:15,080 - INFO - node    precision | micro: 0.621053; macro: 0.650982; score: [0.85714286 0.42857143 0.75       0.4        0.73333333 0.73684211]
2025-07-24 23:30:15,080 - INFO - node    recall    | micro: 0.880597; macro: 0.869048; score: [0.85714286 0.85714286 0.66666667 0.83333333 1.         1.        ]
2025-07-24 23:30:15,080 - INFO - node    f1        | micro: 0.728395; macro: 0.728272; score: [0.85714286 0.57142857 0.70588235 0.54054054 0.84615385 0.84848485]
2025-07-24 23:30:15,112 - INFO - service precision | micro: 0.719512; macro: 0.778770; score: [1.         0.5625     0.57142857 0.33333333 1.         0.875
 1.         1.         0.66666667]
2025-07-24 23:30:15,112 - INFO - service recall    | micro: 0.670455; macro: 0.712963; score: [1.         1.         0.4        0.41666667 0.5        0.46666667
 1.         0.83333333 0.8       ]
2025-07-24 23:30:15,112 - INFO - service f1        | micro: 0.694118; macro: 0.719187; score: [1.         0.72       0.47058824 0.37037037 0.66666667 0.60869565
 1.         0.90909091 0.72727273]
2025-07-24 23:30:15,186 - INFO - pod     precision | micro: 0.703782; macro: 0.739011; score: [0.95918367 0.78947368 0.48837209 0.36956522 0.67346939 0.72857143
 0.94444444 0.93939394 0.75862069]
2025-07-24 23:30:15,186 - INFO - pod     recall    | micro: 0.764840; macro: 0.786452; score: [1.         0.97826087 0.42857143 0.5483871  0.58928571 0.75
 1.         0.96875    0.81481481]
2025-07-24 23:30:15,186 - INFO - pod     f1        | micro: 0.733042; macro: 0.758858; score: [0.97916667 0.87378641 0.45652174 0.44155844 0.62857143 0.73913043
 0.97142857 0.95384615 0.78571429]

=== 内容从行 402771 开始的 16 行 ===
2025-07-24 23:58:09,471 - INFO - evaluation dataset type: test
2025-07-24 23:58:09,491 - INFO - node    precision | micro: 0.617647; macro: 0.654677; score: [0.82352941 0.36842105 0.77777778 0.45833333 0.83333333 0.66666667]
2025-07-24 23:58:09,491 - INFO - node    recall    | micro: 0.940299; macro: 0.933923; score: [1.         1.         0.77777778 0.91666667 0.90909091 1.        ]
2025-07-24 23:58:09,491 - INFO - node    f1        | micro: 0.745562; macro: 0.750024; score: [0.90322581 0.53846154 0.77777778 0.61111111 0.86956522 0.8       ]
2025-07-24 23:58:09,518 - INFO - service precision | micro: 0.683544; macro: 0.693996; score: [1.         0.81818182 0.57142857 0.21428571 0.77777778 0.75
 1.         0.71428571 0.4       ]
2025-07-24 23:58:09,518 - INFO - service recall    | micro: 0.613636; macro: 0.639506; score: [0.88888889 1.         0.4        0.25       0.58333333 0.4
 1.         0.83333333 0.4       ]
2025-07-24 23:58:09,518 - INFO - service f1        | micro: 0.646707; macro: 0.655575; score: [0.94117647 0.9        0.47058824 0.23076923 0.66666667 0.52173913
 1.         0.76923077 0.4       ]
2025-07-24 23:58:09,592 - INFO - pod     precision | micro: 0.607527; macro: 0.635916; score: [0.7704918  0.53571429 0.5        0.3373494  0.59016393 0.61728395
 0.94444444 0.91428571 0.51351351]
2025-07-24 23:58:09,593 - INFO - pod     recall    | micro: 0.773973; macro: 0.793820; score: [1.         0.97826087 0.63265306 0.4516129  0.64285714 0.73529412
 1.         1.         0.7037037 ]
2025-07-24 23:58:09,593 - INFO - pod     f1        | micro: 0.680723; macro: 0.701597; score: [0.87037037 0.69230769 0.55855856 0.3862069  0.61538462 0.67114094
 0.97142857 0.95522388 0.59375   ]

=== 内容从行 415221 开始的 16 行 ===
2025-07-25 02:18:30,335 - INFO - evaluation dataset type: test
2025-07-25 02:18:30,355 - INFO - node    precision | micro: 0.616162; macro: 0.656473; score: [0.86666667 0.35294118 0.75       0.42307692 0.84615385 0.7       ]
2025-07-25 02:18:30,355 - INFO - node    recall    | micro: 0.910448; macro: 0.894841; score: [0.92857143 0.85714286 0.66666667 0.91666667 1.         1.        ]
2025-07-25 02:18:30,355 - INFO - node    f1        | micro: 0.734940; macro: 0.736930; score: [0.89655172 0.5        0.70588235 0.57894737 0.91666667 0.82352941]
2025-07-25 02:18:30,382 - INFO - service precision | micro: 0.717391; macro: 0.786310; score: [1.         0.75       0.42857143 0.3125     1.         0.78571429
 1.         1.         0.8       ]
2025-07-25 02:18:30,382 - INFO - service recall    | micro: 0.750000; macro: 0.783333; score: [1.         1.         0.6        0.41666667 0.5        0.73333333
 1.         1.         0.8       ]
2025-07-25 02:18:30,382 - INFO - service f1        | micro: 0.733333; macro: 0.771064; score: [1.         0.85714286 0.5        0.35714286 0.66666667 0.75862069
 1.         1.         0.8       ]
2025-07-25 02:18:30,456 - INFO - pod     precision | micro: 0.627341; macro: 0.695668; score: [0.95918367 0.73333333 0.33333333 0.3372093  0.70212766 0.53763441
 0.98076923 1.         0.67741935]
2025-07-25 02:18:30,456 - INFO - pod     recall    | micro: 0.764840; macro: 0.788672; score: [1.         0.95652174 0.57142857 0.46774194 0.58928571 0.73529412
 1.         1.         0.77777778]
2025-07-25 02:18:30,457 - INFO - pod     f1        | micro: 0.689300; macro: 0.733180; score: [0.97916667 0.83018868 0.42105263 0.39189189 0.6407767  0.62111801
 0.99029126 1.         0.72413793]

=== 内容从行 416884 开始的 16 行 ===
2025-07-25 02:37:07,924 - INFO - evaluation dataset type: test
2025-07-25 02:37:07,944 - INFO - node    precision | micro: 0.620000; macro: 0.650606; score: [0.76470588 0.375      0.77777778 0.44       0.84615385 0.7       ]
2025-07-25 02:37:07,944 - INFO - node    recall    | micro: 0.925373; macro: 0.913360; score: [0.92857143 0.85714286 0.77777778 0.91666667 1.         1.        ]
2025-07-25 02:37:07,944 - INFO - node    f1        | micro: 0.742515; macro: 0.745503; score: [0.83870968 0.52173913 0.77777778 0.59459459 0.91666667 0.82352941]
2025-07-25 02:37:07,971 - INFO - service precision | micro: 0.702128; macro: 0.729894; score: [1.         0.9        0.4        0.28571429 0.75       0.73333333
 1.         1.         0.5       ]
2025-07-25 02:37:07,971 - INFO - service recall    | micro: 0.750000; macro: 0.779630; score: [1.         1.         0.4        0.33333333 0.75       0.73333333
 1.         1.         0.8       ]
2025-07-25 02:37:07,971 - INFO - service f1        | micro: 0.725275; macro: 0.750420; score: [1.         0.94736842 0.4        0.30769231 0.75       0.73333333
 1.         1.         0.61538462]
2025-07-25 02:37:08,046 - INFO - pod     precision | micro: 0.626617; macro: 0.675989; score: [0.87037037 0.73333333 0.38461538 0.31632653 0.65454545 0.59090909
 0.98076923 0.96969697 0.58333333]
2025-07-25 02:37:08,046 - INFO - pod     recall    | micro: 0.773973; macro: 0.794674; score: [1.         0.95652174 0.51020408 0.5        0.64285714 0.76470588
 1.         1.         0.77777778]
2025-07-25 02:37:08,046 - INFO - pod     f1        | micro: 0.692543; macro: 0.727096; score: [0.93069307 0.83018868 0.43859649 0.3875     0.64864865 0.66666667
 0.99029126 0.98461538 0.66666667]

=== 内容从行 417715 开始的 16 行 ===
2025-07-25 02:46:24,401 - INFO - evaluation dataset type: test
2025-07-25 02:46:24,420 - INFO - node    precision | micro: 0.621053; macro: 0.660897; score: [0.92307692 0.4        0.75       0.42307692 0.76923077 0.7       ]
2025-07-25 02:46:24,420 - INFO - node    recall    | micro: 0.880597; macro: 0.867785; score: [0.85714286 0.85714286 0.66666667 0.91666667 0.90909091 1.        ]
2025-07-25 02:46:24,421 - INFO - node    f1        | micro: 0.728395; macro: 0.729339; score: [0.88888889 0.54545455 0.70588235 0.57894737 0.83333333 0.82352941]
2025-07-25 02:46:24,448 - INFO - service precision | micro: 0.693182; macro: 0.727785; score: [1.         0.9        0.36363636 0.29411765 0.8        0.69230769
 1.         1.         0.5       ]
2025-07-25 02:46:24,448 - INFO - service recall    | micro: 0.693182; macro: 0.698148; score: [1.         1.         0.4        0.41666667 0.66666667 0.6
 1.         1.         0.2       ]
2025-07-25 02:46:24,448 - INFO - service f1        | micro: 0.693182; macro: 0.703221; score: [1.         0.94736842 0.38095238 0.34482759 0.72727273 0.64285714
 1.         1.         0.28571429]
2025-07-25 02:46:24,522 - INFO - pod     precision | micro: 0.583477; macro: 0.716804; score: [0.90384615 0.86       0.34210526 0.22929936 0.7254902  0.5483871
 1.         1.         0.84210526]
2025-07-25 02:46:24,522 - INFO - pod     recall    | micro: 0.773973; macro: 0.783261; score: [1.         0.93478261 0.53061224 0.58064516 0.66071429 0.75
 1.         1.         0.59259259]
2025-07-25 02:46:24,522 - INFO - pod     f1        | micro: 0.665358; macro: 0.734542; score: [0.94949495 0.89583333 0.416      0.32876712 0.69158879 0.63354037
 1.         1.         0.69565217]

=== 内容从行 418547 开始的 16 行 ===
2025-07-25 02:55:40,841 - INFO - evaluation dataset type: test
2025-07-25 02:55:40,861 - INFO - node    precision | micro: 0.620000; macro: 0.650606; score: [0.76470588 0.375      0.77777778 0.44       0.84615385 0.7       ]
2025-07-25 02:55:40,861 - INFO - node    recall    | micro: 0.925373; macro: 0.913360; score: [0.92857143 0.85714286 0.77777778 0.91666667 1.         1.        ]
2025-07-25 02:55:40,861 - INFO - node    f1        | micro: 0.742515; macro: 0.745503; score: [0.83870968 0.52173913 0.77777778 0.59459459 0.91666667 0.82352941]
2025-07-25 02:55:40,888 - INFO - service precision | micro: 0.702128; macro: 0.729894; score: [1.         0.9        0.4        0.28571429 0.75       0.73333333
 1.         1.         0.5       ]
2025-07-25 02:55:40,888 - INFO - service recall    | micro: 0.750000; macro: 0.779630; score: [1.         1.         0.4        0.33333333 0.75       0.73333333
 1.         1.         0.8       ]
2025-07-25 02:55:40,888 - INFO - service f1        | micro: 0.725275; macro: 0.750420; score: [1.         0.94736842 0.4        0.30769231 0.75       0.73333333
 1.         1.         0.61538462]
2025-07-25 02:55:40,962 - INFO - pod     precision | micro: 0.626617; macro: 0.675989; score: [0.87037037 0.73333333 0.38461538 0.31632653 0.65454545 0.59090909
 0.98076923 0.96969697 0.58333333]
2025-07-25 02:55:40,962 - INFO - pod     recall    | micro: 0.773973; macro: 0.794674; score: [1.         0.95652174 0.51020408 0.5        0.64285714 0.76470588
 1.         1.         0.77777778]
2025-07-25 02:55:40,962 - INFO - pod     f1        | micro: 0.692543; macro: 0.727096; score: [0.93069307 0.83018868 0.43859649 0.3875     0.64864865 0.66666667
 0.99029126 0.98461538 0.66666667]

=== 内容从行 419377 开始的 16 行 ===
2025-07-25 03:05:09,564 - INFO - evaluation dataset type: test
2025-07-25 03:05:09,584 - INFO - node    precision | micro: 0.622449; macro: 0.645191; score: [0.82352941 0.42857143 0.75       0.41666667 0.78571429 0.66666667]
2025-07-25 03:05:09,584 - INFO - node    recall    | micro: 0.910448; macro: 0.892857; score: [1.         0.85714286 0.66666667 0.83333333 1.         1.        ]
2025-07-25 03:05:09,584 - INFO - node    f1        | micro: 0.739394; macro: 0.736015; score: [0.90322581 0.57142857 0.70588235 0.55555556 0.88       0.8       ]
2025-07-25 03:05:09,611 - INFO - service precision | micro: 0.677083; macro: 0.752832; score: [1.         0.81818182 0.375      0.23529412 0.77777778 0.76923077
 1.         1.         0.8       ]
2025-07-25 03:05:09,611 - INFO - service recall    | micro: 0.738636; macro: 0.775926; score: [1.         1.         0.6        0.33333333 0.58333333 0.66666667
 1.         1.         0.8       ]
2025-07-25 03:05:09,611 - INFO - service f1        | micro: 0.706522; macro: 0.757595; score: [1.         0.9        0.46153846 0.27586207 0.66666667 0.71428571
 1.         1.         0.8       ]
2025-07-25 03:05:09,685 - INFO - pod     precision | micro: 0.520486; macro: 0.633437; score: [0.90384615 0.71428571 0.28225806 0.20610687 0.47692308 0.49038462
 0.96226415 0.86486486 0.8       ]
2025-07-25 03:05:09,685 - INFO - pod     recall    | micro: 0.783105; macro: 0.813388; score: [1.         0.97826087 0.71428571 0.43548387 0.55357143 0.75
 1.         1.         0.88888889]
2025-07-25 03:05:09,686 - INFO - pod     f1        | micro: 0.625342; macro: 0.701715; score: [0.94949495 0.82568807 0.40462428 0.27979275 0.51239669 0.59302326
 0.98076923 0.92753623 0.84210526]

=== 内容从行 437609 开始的 16 行 ===
2025-07-25 06:30:22,173 - INFO - evaluation dataset type: test
2025-07-25 06:30:22,192 - INFO - node    precision | micro: 0.617021; macro: 0.626974; score: [0.8        0.375      0.6        0.5        0.75       0.73684211]
2025-07-25 06:30:22,193 - INFO - node    recall    | micro: 0.865672; macro: 0.852633; score: [0.85714286 0.85714286 0.66666667 0.91666667 0.81818182 1.        ]
2025-07-25 06:30:22,193 - INFO - node    f1        | micro: 0.720497; macro: 0.709843; score: [0.82758621 0.52173913 0.63157895 0.64705882 0.7826087  0.84848485]
2025-07-25 06:30:22,219 - INFO - service precision | micro: 0.709302; macro: 0.730584; score: [1.         0.75       0.3        0.33333333 0.72727273 0.88888889
 0.90909091 1.         0.66666667]
2025-07-25 06:30:22,219 - INFO - service recall    | micro: 0.693182; macro: 0.737037; score: [1.         1.         0.3        0.33333333 0.66666667 0.53333333
 1.         1.         0.8       ]
2025-07-25 06:30:22,220 - INFO - service f1        | micro: 0.701149; macro: 0.725828; score: [1.         0.85714286 0.3        0.33333333 0.69565217 0.66666667
 0.95238095 1.         0.72727273]
2025-07-25 06:30:22,293 - INFO - pod     precision | micro: 0.580920; macro: 0.666647; score: [0.97916667 0.63768116 0.25252525 0.32743363 0.72340426 0.56521739
 0.89473684 0.88888889 0.73076923]
2025-07-25 06:30:22,293 - INFO - pod     recall    | micro: 0.778539; macro: 0.793228; score: [1.         0.95652174 0.51020408 0.59677419 0.60714286 0.76470588
 1.         1.         0.7037037 ]
2025-07-25 06:30:22,294 - INFO - pod     f1        | micro: 0.665366; macro: 0.714242; score: [0.98947368 0.76521739 0.33783784 0.42285714 0.66019417 0.65
 0.94444444 0.94117647 0.71698113]

=== 内容从行 491526 开始的 16 行 ===
2025-07-25 16:41:35,390 - INFO - evaluation dataset type: test
2025-07-25 16:41:35,410 - INFO - node    precision | micro: 0.618557; macro: 0.636825; score: [0.8        0.42857143 0.66666667 0.44       0.78571429 0.7       ]
2025-07-25 16:41:35,410 - INFO - node    recall    | micro: 0.895522; macro: 0.882937; score: [0.85714286 0.85714286 0.66666667 0.91666667 1.         1.        ]
2025-07-25 16:41:35,410 - INFO - node    f1        | micro: 0.731707; macro: 0.727301; score: [0.82758621 0.57142857 0.66666667 0.59459459 0.88       0.82352941]
2025-07-25 16:41:35,437 - INFO - service precision | micro: 0.773810; macro: 0.807969; score: [1.         1.         0.44444444 0.4        0.9        0.72727273
 1.         1.         0.8       ]
2025-07-25 16:41:35,437 - INFO - service recall    | micro: 0.738636; macro: 0.775926; score: [1.         1.         0.4        0.5        0.75       0.53333333
 1.         1.         0.8       ]
2025-07-25 16:41:35,437 - INFO - service f1        | micro: 0.755814; macro: 0.788785; score: [1.         1.         0.42105263 0.44444444 0.81818182 0.61538462
 1.         1.         0.8       ]
2025-07-25 16:41:35,518 - INFO - pod     precision | micro: 0.640934; macro: 0.723433; score: [0.95918367 0.8        0.39130435 0.30534351 0.6779661  0.70666667
 0.87931034 0.96969697 0.82142857]
2025-07-25 16:41:35,519 - INFO - pod     recall    | micro: 0.815068; macro: 0.833139; score: [1.         0.95652174 0.55102041 0.64516129 0.71428571 0.77941176
 1.         1.         0.85185185]
2025-07-25 16:41:35,519 - INFO - pod     f1        | micro: 0.717588; macro: 0.768473; score: [0.97916667 0.87128713 0.45762712 0.41450777 0.69565217 0.74125874
 0.93577982 0.98461538 0.83636364]

=== 内容从行 497332 开始的 16 行 ===
2025-07-25 17:47:31,616 - INFO - evaluation dataset type: test
2025-07-25 17:47:31,636 - INFO - node    precision | micro: 0.622449; macro: 0.634532; score: [0.76470588 0.375      0.66666667 0.47826087 0.78571429 0.73684211]
2025-07-25 17:47:31,636 - INFO - node    recall    | micro: 0.910448; macro: 0.894841; score: [0.92857143 0.85714286 0.66666667 0.91666667 1.         1.        ]
2025-07-25 17:47:31,636 - INFO - node    f1        | micro: 0.739394; macro: 0.730695; score: [0.83870968 0.52173913 0.66666667 0.62857143 0.88       0.84848485]
2025-07-25 17:47:31,663 - INFO - service precision | micro: 0.670213; macro: 0.765873; score: [1.         1.         0.5        0.28571429 0.85714286 0.5
 1.         1.         0.75      ]
2025-07-25 17:47:31,663 - INFO - service recall    | micro: 0.715909; macro: 0.748148; score: [1.         1.         0.6        0.5        0.5        0.53333333
 1.         1.         0.6       ]
2025-07-25 17:47:31,663 - INFO - service f1        | micro: 0.692308; macro: 0.747052; score: [1.         1.         0.54545455 0.36363636 0.63157895 0.51612903
 1.         1.         0.66666667]
2025-07-25 17:47:31,738 - INFO - pod     precision | micro: 0.554545; macro: 0.683500; score: [0.97916667 0.76271186 0.29411765 0.23255814 0.64516129 0.57731959
 0.96226415 0.86486486 0.83333333]
2025-07-25 17:47:31,738 - INFO - pod     recall    | micro: 0.835616; macro: 0.855490; score: [1.         0.97826087 0.6122449  0.64516129 0.71428571 0.82352941
 1.         1.         0.92592593]
2025-07-25 17:47:31,739 - INFO - pod     f1        | micro: 0.666667; macro: 0.747567; score: [0.98947368 0.85714286 0.39735099 0.34188034 0.6779661  0.67878788
 0.98076923 0.92753623 0.87719298]

=== 内容从行 514741 开始的 16 行 ===
2025-07-25 21:05:19,981 - INFO - evaluation dataset type: test
2025-07-25 21:05:20,002 - INFO - node    precision | micro: 0.625000; macro: 0.641237; score: [0.85714286 0.4        0.66666667 0.45833333 0.6875     0.77777778]
2025-07-25 21:05:20,002 - INFO - node    recall    | micro: 0.895522; macro: 0.882937; score: [0.85714286 0.85714286 0.66666667 0.91666667 1.         1.        ]
2025-07-25 21:05:20,003 - INFO - node    f1        | micro: 0.736196; macro: 0.728365; score: [0.85714286 0.54545455 0.66666667 0.61111111 0.81481481 0.875     ]
2025-07-25 21:05:20,032 - INFO - service precision | micro: 0.696629; macro: 0.749371; score: [1.         0.75       0.71428571 0.33333333 0.875      0.72727273
 0.9        1.         0.44444444]
2025-07-25 21:05:20,032 - INFO - service recall    | micro: 0.704545; macro: 0.738889; score: [1.         1.         0.5        0.5        0.58333333 0.53333333
 0.9        0.83333333 0.8       ]
2025-07-25 21:05:20,032 - INFO - service f1        | micro: 0.700565; macro: 0.726809; score: [1.         0.85714286 0.58823529 0.4        0.7        0.61538462
 0.9        0.90909091 0.57142857]
2025-07-25 21:05:20,109 - INFO - pod     precision | micro: 0.657033; macro: 0.719565; score: [0.95918367 0.8627451  0.37681159 0.31683168 0.63461538 0.66666667
 0.96226415 0.96969697 0.72727273]
2025-07-25 21:05:20,109 - INFO - pod     recall    | micro: 0.778539; macro: 0.805127; score: [1.         0.95652174 0.53061224 0.51612903 0.58928571 0.76470588
 1.         1.         0.88888889]
2025-07-25 21:05:20,110 - INFO - pod     f1        | micro: 0.712644; macro: 0.756503; score: [0.97916667 0.90721649 0.44067797 0.39263804 0.61111111 0.71232877
 0.98076923 0.98461538 0.8       ]

=== 内容从行 536335 开始的 16 行 ===
2025-07-26 01:10:32,185 - INFO - evaluation dataset type: test
2025-07-26 01:10:32,205 - INFO - node    precision | micro: 0.625000; macro: 0.641237; score: [0.85714286 0.4        0.66666667 0.45833333 0.6875     0.77777778]
2025-07-26 01:10:32,205 - INFO - node    recall    | micro: 0.895522; macro: 0.882937; score: [0.85714286 0.85714286 0.66666667 0.91666667 1.         1.        ]
2025-07-26 01:10:32,205 - INFO - node    f1        | micro: 0.736196; macro: 0.728365; score: [0.85714286 0.54545455 0.66666667 0.61111111 0.81481481 0.875     ]
2025-07-26 01:10:32,232 - INFO - service precision | micro: 0.696629; macro: 0.749371; score: [1.         0.75       0.71428571 0.33333333 0.875      0.72727273
 0.9        1.         0.44444444]
2025-07-26 01:10:32,232 - INFO - service recall    | micro: 0.704545; macro: 0.738889; score: [1.         1.         0.5        0.5        0.58333333 0.53333333
 0.9        0.83333333 0.8       ]
2025-07-26 01:10:32,232 - INFO - service f1        | micro: 0.700565; macro: 0.726809; score: [1.         0.85714286 0.58823529 0.4        0.7        0.61538462
 0.9        0.90909091 0.57142857]
2025-07-26 01:10:32,310 - INFO - pod     precision | micro: 0.657033; macro: 0.719565; score: [0.95918367 0.8627451  0.37681159 0.31683168 0.63461538 0.66666667
 0.96226415 0.96969697 0.72727273]
2025-07-26 01:10:32,310 - INFO - pod     recall    | micro: 0.778539; macro: 0.805127; score: [1.         0.95652174 0.53061224 0.51612903 0.58928571 0.76470588
 1.         1.         0.88888889]
2025-07-26 01:10:32,310 - INFO - pod     f1        | micro: 0.712644; macro: 0.756503; score: [0.97916667 0.90721649 0.44067797 0.39263804 0.61111111 0.71232877
 0.98076923 0.98461538 0.8       ]

=== 内容从行 542125 开始的 16 行 ===
2025-07-26 02:16:26,524 - INFO - evaluation dataset type: test
2025-07-26 02:16:26,544 - INFO - node    precision | micro: 0.618557; macro: 0.642271; score: [0.8125     0.4        0.75       0.44       0.71428571 0.73684211]
2025-07-26 02:16:26,544 - INFO - node    recall    | micro: 0.895522; macro: 0.879690; score: [0.92857143 0.85714286 0.66666667 0.91666667 0.90909091 1.        ]
2025-07-26 02:16:26,544 - INFO - node    f1        | micro: 0.731707; macro: 0.726847; score: [0.86666667 0.54545455 0.70588235 0.59459459 0.8        0.84848485]
2025-07-26 02:16:26,570 - INFO - service precision | micro: 0.688889; macro: 0.757523; score: [1.         0.69230769 0.71428571 0.27777778 1.         0.53333333
 1.         1.         0.6       ]
2025-07-26 02:16:26,571 - INFO - service recall    | micro: 0.704545; macro: 0.737037; score: [1.         1.         0.5        0.41666667 0.58333333 0.53333333
 1.         1.         0.6       ]
2025-07-26 02:16:26,571 - INFO - service f1        | micro: 0.696629; macro: 0.734436; score: [1.         0.81818182 0.58823529 0.33333333 0.73684211 0.53333333
 1.         1.         0.6       ]
2025-07-26 02:16:26,646 - INFO - pod     precision | micro: 0.624769; macro: 0.692316; score: [0.97916667 0.64705882 0.36923077 0.31481481 0.6875     0.58888889
 0.96226415 0.94117647 0.74074074]
2025-07-26 02:16:26,646 - INFO - pod     recall    | micro: 0.771689; macro: 0.789349; score: [1.         0.95652174 0.48979592 0.5483871  0.58928571 0.77941176
 1.         1.         0.74074074]
2025-07-26 02:16:26,647 - INFO - pod     f1        | micro: 0.690501; macro: 0.731018; score: [0.98947368 0.77192982 0.42105263 0.4        0.63461538 0.67088608
 0.98076923 0.96969697 0.74074074]

=== 内容从行 544607 开始的 16 行 ===
2025-07-26 02:44:26,374 - INFO - evaluation dataset type: test
2025-07-26 02:44:26,394 - INFO - node    precision | micro: 0.616162; macro: 0.636088; score: [0.8125     0.42857143 0.66666667 0.42307692 0.78571429 0.7       ]
2025-07-26 02:44:26,394 - INFO - node    recall    | micro: 0.910448; macro: 0.894841; score: [0.92857143 0.85714286 0.66666667 0.91666667 1.         1.        ]
2025-07-26 02:44:26,394 - INFO - node    f1        | micro: 0.734940; macro: 0.731206; score: [0.86666667 0.57142857 0.66666667 0.57894737 0.88       0.82352941]
2025-07-26 02:44:26,421 - INFO - service precision | micro: 0.663366; macro: 0.728367; score: [1.         0.81818182 0.54545455 0.33333333 0.8        0.45833333
 1.         1.         0.6       ]
2025-07-26 02:44:26,421 - INFO - service recall    | micro: 0.761364; macro: 0.779630; score: [1.         1.         0.6        0.41666667 0.66666667 0.73333333
 1.         1.         0.6       ]
2025-07-26 02:44:26,421 - INFO - service f1        | micro: 0.708995; macro: 0.748130; score: [1.         0.9        0.57142857 0.37037037 0.72727273 0.56410256
 1.         1.         0.6       ]
2025-07-26 02:44:26,495 - INFO - pod     precision | micro: 0.601036; macro: 0.686348; score: [0.90384615 0.6875     0.51851852 0.38554217 0.67857143 0.35897436
 0.96226415 0.94117647 0.74074074]
2025-07-26 02:44:26,495 - INFO - pod     recall    | micro: 0.794521; macro: 0.809658; score: [1.         0.95652174 0.57142857 0.51612903 0.67857143 0.82352941
 1.         1.         0.74074074]
2025-07-26 02:44:26,495 - INFO - pod     f1        | micro: 0.684366; macro: 0.733816; score: [0.94949495 0.8        0.54368932 0.44137931 0.67857143 0.5
 0.98076923 0.96969697 0.74074074]

=== 内容从行 545433 开始的 16 行 ===
2025-07-26 02:53:53,777 - INFO - evaluation dataset type: test
2025-07-26 02:53:53,797 - INFO - node    precision | micro: 0.618557; macro: 0.653205; score: [0.8        0.4        0.75       0.42307692 0.84615385 0.7       ]
2025-07-26 02:53:53,797 - INFO - node    recall    | micro: 0.895522; macro: 0.882937; score: [0.85714286 0.85714286 0.66666667 0.91666667 1.         1.        ]
2025-07-26 02:53:53,797 - INFO - node    f1        | micro: 0.731707; macro: 0.733011; score: [0.82758621 0.54545455 0.70588235 0.57894737 0.91666667 0.82352941]
2025-07-26 02:53:53,824 - INFO - service precision | micro: 0.738636; macro: 0.768803; score: [1.         0.9        0.5        0.375      0.875      0.76923077
 1.         1.         0.5       ]
2025-07-26 02:53:53,824 - INFO - service recall    | micro: 0.738636; macro: 0.761111; score: [1.         1.         0.5        0.5        0.58333333 0.66666667
 1.         1.         0.6       ]
2025-07-26 02:53:53,824 - INFO - service f1        | micro: 0.738636; macro: 0.759520; score: [1.         0.94736842 0.5        0.42857143 0.7        0.71428571
 1.         1.         0.54545455]
2025-07-26 02:53:53,899 - INFO - pod     precision | micro: 0.645455; macro: 0.710723; score: [0.92156863 0.6984127  0.41666667 0.35849057 0.72916667 0.59139785
 0.94444444 0.96969697 0.76666667]
2025-07-26 02:53:53,899 - INFO - pod     recall    | micro: 0.810502; macro: 0.829705; score: [1.         0.95652174 0.6122449  0.61290323 0.625      0.80882353
 1.         1.         0.85185185]
2025-07-26 02:53:53,900 - INFO - pod     f1        | micro: 0.718623; macro: 0.759349; score: [0.95918367 0.80733945 0.49586777 0.45238095 0.67307692 0.68322981
 0.97142857 0.98461538 0.80701754]

=== 内容从行 548729 开始的 16 行 ===
2025-07-26 03:31:25,713 - INFO - evaluation dataset type: test
2025-07-26 03:31:25,732 - INFO - node    precision | micro: 0.620000; macro: 0.647043; score: [0.82352941 0.42857143 0.77777778 0.4        0.78571429 0.66666667]
2025-07-26 03:31:25,732 - INFO - node    recall    | micro: 0.925373; macro: 0.911376; score: [1.         0.85714286 0.77777778 0.83333333 1.         1.        ]
2025-07-26 03:31:25,732 - INFO - node    f1        | micro: 0.742515; macro: 0.745495; score: [0.90322581 0.57142857 0.77777778 0.54054054 0.88       0.8       ]
2025-07-26 03:31:25,758 - INFO - service precision | micro: 0.776316; macro: 0.776321; score: [1.         0.9        0.6        0.38461538 0.875      0.72727273
 1.         1.         0.5       ]
2025-07-26 03:31:25,759 - INFO - service recall    | micro: 0.670455; macro: 0.692593; score: [1.         1.         0.3        0.41666667 0.58333333 0.53333333
 1.         1.         0.4       ]
2025-07-26 03:31:25,759 - INFO - service f1        | micro: 0.719512; macro: 0.723022; score: [1.         0.94736842 0.4        0.4        0.7        0.61538462
 1.         1.         0.44444444]
2025-07-26 03:31:25,833 - INFO - pod     precision | micro: 0.649425; macro: 0.707500; score: [0.94       0.78571429 0.43333333 0.36585366 0.58333333 0.51960784
 0.96226415 0.96969697 0.80769231]
2025-07-26 03:31:25,833 - INFO - pod     recall    | micro: 0.773973; macro: 0.794799; score: [1.         0.95652174 0.53061224 0.48387097 0.625      0.77941176
 1.         1.         0.77777778]
2025-07-26 03:31:25,833 - INFO - pod     f1        | micro: 0.706250; macro: 0.745596; score: [0.96907216 0.8627451  0.47706422 0.41666667 0.60344828 0.62352941
 0.98076923 0.98461538 0.79245283]

=== 内容从行 552060 开始的 16 行 ===
2025-07-26 04:08:51,454 - INFO - evaluation dataset type: test
2025-07-26 04:08:51,474 - INFO - node    precision | micro: 0.621053; macro: 0.645221; score: [0.92307692 0.42857143 0.71428571 0.45833333 0.64705882 0.7       ]
2025-07-26 04:08:51,474 - INFO - node    recall    | micro: 0.880597; macro: 0.864418; score: [0.85714286 0.85714286 0.55555556 0.91666667 1.         1.        ]
2025-07-26 04:08:51,474 - INFO - node    f1        | micro: 0.728395; macro: 0.717612; score: [0.88888889 0.57142857 0.625      0.61111111 0.78571429 0.82352941]
2025-07-26 04:08:51,501 - INFO - service precision | micro: 0.680851; macro: 0.730107; score: [1.         0.81818182 0.42857143 0.375      0.77777778 0.57142857
 1.         1.         0.6       ]
2025-07-26 04:08:51,502 - INFO - service recall    | micro: 0.727273; macro: 0.757407; score: [1.         1.         0.6        0.5        0.58333333 0.53333333
 1.         1.         0.6       ]
2025-07-26 04:08:51,502 - INFO - service f1        | micro: 0.703297; macro: 0.738551; score: [1.         0.9        0.5        0.42857143 0.66666667 0.55172414
 1.         1.         0.6       ]
2025-07-26 04:08:51,578 - INFO - pod     precision | micro: 0.566343; macro: 0.655166; score: [0.94       0.69230769 0.2745098  0.27102804 0.56164384 0.53465347
 0.91071429 0.96969697 0.74193548]
2025-07-26 04:08:51,578 - INFO - pod     recall    | micro: 0.799087; macro: 0.821727; score: [1.         0.97826087 0.57142857 0.46774194 0.73214286 0.79411765
 1.         1.         0.85185185]
2025-07-26 04:08:51,578 - INFO - pod     f1        | micro: 0.662879; macro: 0.722182; score: [0.96907216 0.81081081 0.37086093 0.34319527 0.63565891 0.63905325
 0.95327103 0.98461538 0.79310345]

=== 内容从行 23182 开始的 16 行 ===
2025-07-22 00:11:38,331 - INFO - evaluation dataset type: test
2025-07-22 00:11:38,351 - INFO - node    precision | micro: 0.630000; macro: 0.653494; score: [0.82352941 0.46153846 0.7        0.42307692 0.84615385 0.66666667]
2025-07-22 00:11:38,352 - INFO - node    recall    | micro: 0.940299; macro: 0.925265; score: [1.         0.85714286 0.77777778 0.91666667 1.         1.        ]
2025-07-22 00:11:38,352 - INFO - node    f1        | micro: 0.754491; macro: 0.755947; score: [0.90322581 0.6        0.73684211 0.57894737 0.91666667 0.8       ]
2025-07-22 00:11:38,378 - INFO - service precision | micro: 0.721649; macro: 0.773876; score: [1.         0.9        0.4375     0.375      0.8        0.78571429
 1.         1.         0.66666667]
2025-07-22 00:11:38,379 - INFO - service recall    | micro: 0.795455; macro: 0.822222; score: [1.         1.         0.7        0.5        0.66666667 0.73333333
 1.         1.         0.8       ]
2025-07-22 00:11:38,379 - INFO - service f1        | micro: 0.756757; macro: 0.791952; score: [1.         0.94736842 0.53846154 0.42857143 0.72727273 0.75862069
 1.         1.         0.72727273]
2025-07-22 00:11:38,454 - INFO - pod     precision | micro: 0.642593; macro: 0.704847; score: [0.90384615 0.76271186 0.39189189 0.34862385 0.74418605 0.62352941
 0.91071429 0.88888889 0.76923077]
2025-07-22 00:11:38,454 - INFO - pod     recall    | micro: 0.792237; macro: 0.808287; score: [1.         0.97826087 0.59183673 0.61290323 0.57142857 0.77941176
 1.         1.         0.74074074]
2025-07-22 00:11:38,454 - INFO - pod     f1        | micro: 0.709611; macro: 0.745674; score: [0.94949495 0.85714286 0.47154472 0.44444444 0.64646465 0.69281046
 0.95327103 0.94117647 0.75471698]

=== 内容从行 28985 开始的 16 行 ===
2025-07-22 01:16:58,557 - INFO - evaluation dataset type: test
2025-07-22 01:16:58,576 - INFO - node    precision | micro: 0.626263; macro: 0.669605; score: [0.76470588 0.5        0.875      0.42307692 0.84615385 0.60869565]
2025-07-22 01:16:58,576 - INFO - node    recall    | micro: 0.925373; macro: 0.913360; score: [0.92857143 0.85714286 0.77777778 0.91666667 1.         1.        ]
2025-07-22 01:16:58,576 - INFO - node    f1        | micro: 0.746988; macro: 0.757698; score: [0.83870968 0.63157895 0.82352941 0.57894737 0.91666667 0.75675676]
2025-07-22 01:16:58,602 - INFO - service precision | micro: 0.744186; macro: 0.767162; score: [1.         0.81818182 0.6        0.35294118 0.8        0.83333333
 1.         1.         0.5       ]
2025-07-22 01:16:58,603 - INFO - service recall    | micro: 0.727273; macro: 0.748148; score: [1.         1.         0.3        0.5        0.66666667 0.66666667
 1.         1.         0.6       ]
2025-07-22 01:16:58,603 - INFO - service f1        | micro: 0.735632; macro: 0.747473; score: [1.         0.9        0.4        0.4137931  0.72727273 0.74074074
 1.         1.         0.54545455]
2025-07-22 01:16:58,676 - INFO - pod     precision | micro: 0.654971; macro: 0.711050; score: [0.94       0.76271186 0.35087719 0.33663366 0.69230769 0.625
 0.94444444 0.96969697 0.77777778]
2025-07-22 01:16:58,676 - INFO - pod     recall    | micro: 0.767123; macro: 0.787860; score: [1.         0.97826087 0.40816327 0.5483871  0.64285714 0.73529412
 1.         1.         0.77777778]
2025-07-22 01:16:58,676 - INFO - pod     f1        | micro: 0.706625; macro: 0.744102; score: [0.96907216 0.85714286 0.37735849 0.41717791 0.66666667 0.67567568
 0.97142857 0.98461538 0.77777778]

=== 内容从行 30640 开始的 16 行 ===
2025-07-22 01:35:39,456 - INFO - evaluation dataset type: test
2025-07-22 01:35:39,477 - INFO - node    precision | micro: 0.626263; macro: 0.669605; score: [0.76470588 0.5        0.875      0.42307692 0.84615385 0.60869565]
2025-07-22 01:35:39,477 - INFO - node    recall    | micro: 0.925373; macro: 0.913360; score: [0.92857143 0.85714286 0.77777778 0.91666667 1.         1.        ]
2025-07-22 01:35:39,477 - INFO - node    f1        | micro: 0.746988; macro: 0.757698; score: [0.83870968 0.63157895 0.82352941 0.57894737 0.91666667 0.75675676]
2025-07-22 01:35:39,503 - INFO - service precision | micro: 0.744186; macro: 0.767162; score: [1.         0.81818182 0.6        0.35294118 0.8        0.83333333
 1.         1.         0.5       ]
2025-07-22 01:35:39,504 - INFO - service recall    | micro: 0.727273; macro: 0.748148; score: [1.         1.         0.3        0.5        0.66666667 0.66666667
 1.         1.         0.6       ]
2025-07-22 01:35:39,504 - INFO - service f1        | micro: 0.735632; macro: 0.747473; score: [1.         0.9        0.4        0.4137931  0.72727273 0.74074074
 1.         1.         0.54545455]
2025-07-22 01:35:39,579 - INFO - pod     precision | micro: 0.654971; macro: 0.711050; score: [0.94       0.76271186 0.35087719 0.33663366 0.69230769 0.625
 0.94444444 0.96969697 0.77777778]
2025-07-22 01:35:39,579 - INFO - pod     recall    | micro: 0.767123; macro: 0.787860; score: [1.         0.97826087 0.40816327 0.5483871  0.64285714 0.73529412
 1.         1.         0.77777778]
2025-07-22 01:35:39,579 - INFO - pod     f1        | micro: 0.706625; macro: 0.744102; score: [0.96907216 0.85714286 0.37735849 0.41717791 0.66666667 0.67567568
 0.97142857 0.98461538 0.77777778]

=== 内容从行 31464 开始的 16 行 ===
2025-07-22 01:44:59,281 - INFO - evaluation dataset type: test
2025-07-22 01:44:59,302 - INFO - node    precision | micro: 0.626263; macro: 0.642769; score: [0.77777778 0.46153846 0.7        0.43478261 0.84615385 0.63636364]
2025-07-22 01:44:59,302 - INFO - node    recall    | micro: 0.925373; macro: 0.911376; score: [1.         0.85714286 0.77777778 0.83333333 1.         1.        ]
2025-07-22 01:44:59,302 - INFO - node    f1        | micro: 0.746988; macro: 0.746286; score: [0.875      0.6        0.73684211 0.57142857 0.91666667 0.77777778]
2025-07-22 01:44:59,329 - INFO - service precision | micro: 0.738636; macro: 0.776094; score: [1.         0.81818182 0.5        0.4        1.         0.66666667
 1.         1.         0.6       ]
2025-07-22 01:44:59,329 - INFO - service recall    | micro: 0.738636; macro: 0.761111; score: [1.         1.         0.5        0.5        0.58333333 0.66666667
 1.         1.         0.6       ]
2025-07-22 01:44:59,329 - INFO - service f1        | micro: 0.738636; macro: 0.760884; score: [1.         0.9        0.5        0.44444444 0.73684211 0.66666667
 1.         1.         0.6       ]
2025-07-22 01:44:59,405 - INFO - pod     precision | micro: 0.625000; macro: 0.719740; score: [0.94       0.91836735 0.31034483 0.31818182 0.84444444 0.46551724
 0.94444444 0.96969697 0.76666667]
2025-07-22 01:44:59,405 - INFO - pod     recall    | micro: 0.787671; macro: 0.811715; score: [1.         0.97826087 0.55102041 0.4516129  0.67857143 0.79411765
 1.         1.         0.85185185]
2025-07-22 01:44:59,405 - INFO - pod     f1        | micro: 0.696970; macro: 0.754370; score: [0.96907216 0.94736842 0.39705882 0.37333333 0.75247525 0.58695652
 0.97142857 0.98461538 0.80701754]

=== 内容从行 40593 开始的 16 行 ===
2025-07-22 03:27:54,406 - INFO - evaluation dataset type: test
2025-07-22 03:27:54,426 - INFO - node    precision | micro: 0.626263; macro: 0.663367; score: [0.8125     0.5        0.77777778 0.40740741 0.84615385 0.63636364]
2025-07-22 03:27:54,426 - INFO - node    recall    | micro: 0.925373; macro: 0.913360; score: [0.92857143 0.85714286 0.77777778 0.91666667 1.         1.        ]
2025-07-22 03:27:54,426 - INFO - node    f1        | micro: 0.746988; macro: 0.755762; score: [0.86666667 0.63157895 0.77777778 0.56410256 0.91666667 0.77777778]
2025-07-22 03:27:54,453 - INFO - service precision | micro: 0.677419; macro: 0.700079; score: [1.         0.81818182 0.41666667 0.30769231 0.77777778 0.64705882
 0.83333333 1.         0.5       ]
2025-07-22 03:27:54,453 - INFO - service recall    | micro: 0.715909; macro: 0.727778; score: [1.         1.         0.5        0.33333333 0.58333333 0.73333333
 1.         1.         0.4       ]
2025-07-22 03:27:54,453 - INFO - service f1        | micro: 0.696133; macro: 0.709139; score: [1.         0.9        0.45454545 0.32       0.66666667 0.6875
 0.90909091 1.         0.44444444]
2025-07-22 03:27:54,527 - INFO - pod     precision | micro: 0.652908; macro: 0.697970; score: [0.88679245 0.77586207 0.375      0.4        0.66153846 0.57142857
 0.94444444 1.         0.66666667]
2025-07-22 03:27:54,527 - INFO - pod     recall    | micro: 0.794521; macro: 0.800047; score: [1.         0.97826087 0.48979592 0.5483871  0.76785714 0.82352941
 1.         1.         0.59259259]
2025-07-22 03:27:54,527 - INFO - pod     f1        | micro: 0.716787; macro: 0.741897; score: [0.94       0.86538462 0.42477876 0.46258503 0.7107438  0.6746988
 0.97142857 1.         0.62745098]

=== 内容从行 66282 开始的 16 行 ===
2025-07-22 08:17:57,286 - INFO - evaluation dataset type: test
2025-07-22 08:17:57,306 - INFO - node    precision | micro: 0.630000; macro: 0.653710; score: [0.82352941 0.42857143 0.77777778 0.44       0.78571429 0.66666667]
2025-07-22 08:17:57,307 - INFO - node    recall    | micro: 0.940299; macro: 0.925265; score: [1.         0.85714286 0.77777778 0.91666667 1.         1.        ]
2025-07-22 08:17:57,307 - INFO - node    f1        | micro: 0.754491; macro: 0.754504; score: [0.90322581 0.57142857 0.77777778 0.59459459 0.88       0.8       ]
2025-07-22 08:17:57,334 - INFO - service precision | micro: 0.741573; macro: 0.764780; score: [1.         0.75       0.6        0.4        0.77777778 0.84615385
 0.90909091 1.         0.6       ]
2025-07-22 08:17:57,335 - INFO - service recall    | micro: 0.750000; macro: 0.761111; score: [1.         1.         0.6        0.5        0.58333333 0.73333333
 1.         0.83333333 0.6       ]
2025-07-22 08:17:57,335 - INFO - service f1        | micro: 0.745763; macro: 0.757271; score: [1.         0.85714286 0.6        0.44444444 0.66666667 0.78571429
 0.95238095 0.90909091 0.6       ]
2025-07-22 08:17:57,410 - INFO - pod     precision | micro: 0.656660; macro: 0.724982; score: [0.94       0.65217391 0.4        0.375      0.80487805 0.63095238
 0.94444444 0.96969697 0.80769231]
2025-07-22 08:17:57,410 - INFO - pod     recall    | micro: 0.799087; macro: 0.817605; score: [1.         0.97826087 0.65306122 0.58064516 0.58928571 0.77941176
 1.         1.         0.77777778]
2025-07-22 08:17:57,410 - INFO - pod     f1        | micro: 0.720906; macro: 0.758864; score: [0.96907216 0.7826087  0.49612403 0.4556962  0.68041237 0.69736842
 0.97142857 0.98461538 0.79245283]

=== 内容从行 67112 开始的 16 行 ===
2025-07-22 08:27:24,451 - INFO - evaluation dataset type: test
2025-07-22 08:27:24,470 - INFO - node    precision | micro: 0.634409; macro: 0.683455; score: [0.92307692 0.46153846 0.85714286 0.42307692 0.76923077 0.66666667]
2025-07-22 08:27:24,470 - INFO - node    recall    | micro: 0.880597; macro: 0.867785; score: [0.85714286 0.85714286 0.66666667 0.91666667 0.90909091 1.        ]
2025-07-22 08:27:24,471 - INFO - node    f1        | micro: 0.737500; macro: 0.741862; score: [0.88888889 0.6        0.75       0.57894737 0.83333333 0.8       ]
2025-07-22 08:27:24,497 - INFO - service precision | micro: 0.714286; macro: 0.722095; score: [1.         0.69230769 0.42857143 0.4375     0.85714286 0.75
 0.83333333 1.         0.5       ]
2025-07-22 08:27:24,497 - INFO - service recall    | micro: 0.681818; macro: 0.687037; score: [1.         1.         0.3        0.58333333 0.5        0.6
 1.         1.         0.2       ]
2025-07-22 08:27:24,498 - INFO - service f1        | micro: 0.697674; macro: 0.684908; score: [1.         0.81818182 0.35294118 0.5        0.63157895 0.66666667
 0.90909091 1.         0.28571429]
2025-07-22 08:27:24,571 - INFO - pod     precision | micro: 0.674180; macro: 0.719662; score: [0.94       0.67692308 0.36       0.36585366 0.79545455 0.6091954
 0.96226415 0.94117647 0.82608696]
2025-07-22 08:27:24,572 - INFO - pod     recall    | micro: 0.751142; macro: 0.768428; score: [1.         0.95652174 0.36734694 0.48387097 0.625      0.77941176
 1.         1.         0.7037037 ]
2025-07-22 08:27:24,572 - INFO - pod     f1        | micro: 0.710583; macro: 0.737389; score: [0.96907216 0.79279279 0.36363636 0.41666667 0.7        0.68387097
 0.98076923 0.96969697 0.76      ]

=== 内容从行 89467 开始的 16 行 ===
2025-07-22 12:39:22,698 - INFO - evaluation dataset type: test
2025-07-22 12:39:22,718 - INFO - node    precision | micro: 0.626263; macro: 0.669428; score: [0.82352941 0.4        0.85714286 0.42307692 0.84615385 0.66666667]
2025-07-22 12:39:22,718 - INFO - node    recall    | micro: 0.925373; macro: 0.906746; score: [1.         0.85714286 0.66666667 0.91666667 1.         1.        ]
2025-07-22 12:39:22,718 - INFO - node    f1        | micro: 0.746988; macro: 0.749049; score: [0.90322581 0.54545455 0.75       0.57894737 0.91666667 0.8       ]
2025-07-22 12:39:22,746 - INFO - service precision | micro: 0.712766; macro: 0.756692; score: [1.         1.         0.38461538 0.38461538 0.72727273 0.64705882
 1.         1.         0.66666667]
2025-07-22 12:39:22,746 - INFO - service recall    | micro: 0.761364; macro: 0.790741; score: [1.         1.         0.5        0.41666667 0.66666667 0.73333333
 1.         1.         0.8       ]
2025-07-22 12:39:22,746 - INFO - service f1        | micro: 0.736264; macro: 0.771690; score: [1.         1.         0.43478261 0.4        0.69565217 0.6875
 1.         1.         0.72727273]
2025-07-22 12:39:22,821 - INFO - pod     precision | micro: 0.626617; macro: 0.698621; score: [0.88679245 0.89795918 0.36363636 0.36170213 0.69387755 0.448
 0.94444444 0.94117647 0.75      ]
2025-07-22 12:39:22,821 - INFO - pod     recall    | micro: 0.773973; macro: 0.791280; score: [1.         0.95652174 0.40816327 0.5483871  0.60714286 0.82352941
 1.         1.         0.77777778]
2025-07-22 12:39:22,821 - INFO - pod     f1        | micro: 0.692543; macro: 0.735502; score: [0.94       0.92631579 0.38461538 0.43589744 0.64761905 0.58031088
 0.97142857 0.96969697 0.76363636]

=== 内容从行 99431 开始的 16 行 ===
2025-07-22 14:32:14,346 - INFO - evaluation dataset type: test
2025-07-22 14:32:14,365 - INFO - node    precision | micro: 0.626263; macro: 0.664335; score: [0.77777778 0.42857143 0.85714286 0.44       0.84615385 0.63636364]
2025-07-22 14:32:14,365 - INFO - node    recall    | micro: 0.925373; macro: 0.906746; score: [1.         0.85714286 0.66666667 0.91666667 1.         1.        ]
2025-07-22 14:32:14,366 - INFO - node    f1        | micro: 0.746988; macro: 0.747578; score: [0.875      0.57142857 0.75       0.59459459 0.91666667 0.77777778]
2025-07-22 14:32:14,392 - INFO - service precision | micro: 0.715909; macro: 0.739803; score: [1.         0.81818182 0.375      0.375      0.8        0.71428571
 0.90909091 1.         0.66666667]
2025-07-22 14:32:14,392 - INFO - service recall    | micro: 0.715909; macro: 0.725926; score: [1.         1.         0.3        0.5        0.66666667 0.66666667
 1.         1.         0.4       ]
2025-07-22 14:32:14,393 - INFO - service f1        | micro: 0.715909; macro: 0.725690; score: [1.         0.9        0.33333333 0.42857143 0.72727273 0.68965517
 0.95238095 1.         0.5       ]
2025-07-22 14:32:14,467 - INFO - pod     precision | micro: 0.625912; macro: 0.700482; score: [0.88679245 0.76271186 0.4        0.35051546 0.78723404 0.44094488
 0.92727273 0.94117647 0.80769231]
2025-07-22 14:32:14,467 - INFO - pod     recall    | micro: 0.783105; macro: 0.799648; score: [1.         0.97826087 0.40816327 0.5483871  0.66071429 0.82352941
 1.         1.         0.77777778]
2025-07-22 14:32:14,467 - INFO - pod     f1        | micro: 0.695740; macro: 0.738453; score: [0.94       0.85714286 0.4040404  0.42767296 0.7184466  0.57435897
 0.96226415 0.96969697 0.79245283]

=== 内容从行 107731 开始的 16 行 ===
2025-07-22 16:05:51,756 - INFO - evaluation dataset type: test
2025-07-22 16:05:51,776 - INFO - node    precision | micro: 0.628866; macro: 0.658689; score: [0.76470588 0.42857143 0.875      0.47826087 0.76923077 0.63636364]
2025-07-22 16:05:51,777 - INFO - node    recall    | micro: 0.910448; macro: 0.898208; score: [0.92857143 0.85714286 0.77777778 0.91666667 0.90909091 1.        ]
2025-07-22 16:05:51,777 - INFO - node    f1        | micro: 0.743902; macro: 0.745558; score: [0.83870968 0.57142857 0.82352941 0.62857143 0.83333333 0.77777778]
2025-07-22 16:05:51,804 - INFO - service precision | micro: 0.714286; macro: 0.749800; score: [1.         1.         0.45454545 0.33333333 0.77777778 0.61111111
 1.         1.         0.57142857]
2025-07-22 16:05:51,804 - INFO - service recall    | micro: 0.738636; macro: 0.772222; score: [1.         1.         0.5        0.33333333 0.58333333 0.73333333
 1.         1.         0.8       ]
2025-07-22 16:05:51,804 - INFO - service f1        | micro: 0.726257; macro: 0.756614; score: [1.         1.         0.47619048 0.33333333 0.66666667 0.66666667
 1.         1.         0.66666667]
2025-07-22 16:05:51,878 - INFO - pod     precision | micro: 0.653924; macro: 0.696415; score: [0.95918367 0.78571429 0.33333333 0.3        0.80434783 0.59550562
 0.96226415 0.94117647 0.5862069 ]
2025-07-22 16:05:51,878 - INFO - pod     recall    | micro: 0.742009; macro: 0.756522; score: [1.         0.95652174 0.34693878 0.43548387 0.66071429 0.77941176
 1.         1.         0.62962963]
2025-07-22 16:05:51,878 - INFO - pod     f1        | micro: 0.695187; macro: 0.721715; score: [0.97916667 0.8627451  0.34       0.35526316 0.7254902  0.67515924
 0.98076923 0.96969697 0.60714286]

=== 内容从行 111044 开始的 16 行 ===
2025-07-22 16:43:09,404 - INFO - evaluation dataset type: test
2025-07-22 16:43:09,423 - INFO - node    precision | micro: 0.626263; macro: 0.669428; score: [0.82352941 0.4        0.85714286 0.42307692 0.84615385 0.66666667]
2025-07-22 16:43:09,423 - INFO - node    recall    | micro: 0.925373; macro: 0.906746; score: [1.         0.85714286 0.66666667 0.91666667 1.         1.        ]
2025-07-22 16:43:09,423 - INFO - node    f1        | micro: 0.746988; macro: 0.749049; score: [0.90322581 0.54545455 0.75       0.57894737 0.91666667 0.8       ]
2025-07-22 16:43:09,450 - INFO - service precision | micro: 0.712766; macro: 0.756692; score: [1.         1.         0.38461538 0.38461538 0.72727273 0.64705882
 1.         1.         0.66666667]
2025-07-22 16:43:09,450 - INFO - service recall    | micro: 0.761364; macro: 0.790741; score: [1.         1.         0.5        0.41666667 0.66666667 0.73333333
 1.         1.         0.8       ]
2025-07-22 16:43:09,451 - INFO - service f1        | micro: 0.736264; macro: 0.771690; score: [1.         1.         0.43478261 0.4        0.69565217 0.6875
 1.         1.         0.72727273]
2025-07-22 16:43:09,525 - INFO - pod     precision | micro: 0.626617; macro: 0.698621; score: [0.88679245 0.89795918 0.36363636 0.36170213 0.69387755 0.448
 0.94444444 0.94117647 0.75      ]
2025-07-22 16:43:09,526 - INFO - pod     recall    | micro: 0.773973; macro: 0.791280; score: [1.         0.95652174 0.40816327 0.5483871  0.60714286 0.82352941
 1.         1.         0.77777778]
2025-07-22 16:43:09,526 - INFO - pod     f1        | micro: 0.692543; macro: 0.735502; score: [0.94       0.92631579 0.38461538 0.43589744 0.64761905 0.58031088
 0.97142857 0.96969697 0.76363636]

=== 内容从行 132603 开始的 16 行 ===
2025-07-22 20:46:22,462 - INFO - evaluation dataset type: test
2025-07-22 20:46:22,481 - INFO - node    precision | micro: 0.632653; macro: 0.655387; score: [0.7        0.5        0.77777778 0.5        0.81818182 0.63636364]
2025-07-22 20:46:22,481 - INFO - node    recall    | micro: 0.925373; macro: 0.918771; score: [1.         1.         0.77777778 0.91666667 0.81818182 1.        ]
2025-07-22 20:46:22,482 - INFO - node    f1        | micro: 0.751515; macro: 0.751832; score: [0.82352941 0.66666667 0.77777778 0.64705882 0.81818182 0.77777778]
2025-07-22 20:46:22,508 - INFO - service precision | micro: 0.605505; macro: 0.699837; score: [1.         1.         0.25925926 0.30769231 0.66666667 0.63157895
 0.83333333 1.         0.6       ]
2025-07-22 20:46:22,509 - INFO - service recall    | micro: 0.750000; macro: 0.770370; score: [1.         1.         0.7        0.33333333 0.5        0.8
 1.         1.         0.6       ]
2025-07-22 20:46:22,509 - INFO - service f1        | micro: 0.670051; macro: 0.720531; score: [1.         1.         0.37837838 0.32       0.57142857 0.70588235
 0.90909091 1.         0.6       ]
2025-07-22 20:46:22,583 - INFO - pod     precision | micro: 0.487350; macro: 0.650693; score: [0.83928571 0.87755102 0.175      0.37373737 0.59090909 0.456
 0.92727273 0.88571429 0.73076923]
2025-07-22 20:46:22,583 - INFO - pod     recall    | micro: 0.835616; macro: 0.843980; score: [1.         0.93478261 0.85714286 0.59677419 0.69642857 0.83823529
 1.         0.96875    0.7037037 ]
2025-07-22 20:46:22,584 - INFO - pod     f1        | micro: 0.615643; macro: 0.711423; score: [0.91262136 0.90526316 0.29065744 0.45962733 0.63934426 0.59067358
 0.96226415 0.92537313 0.71698113]

=== 内容从行 135928 开始的 16 行 ===
2025-07-22 21:23:40,901 - INFO - evaluation dataset type: test
2025-07-22 21:23:40,921 - INFO - node    precision | micro: 0.630000; macro: 0.665285; score: [0.82352941 0.4        0.77777778 0.40740741 0.84615385 0.73684211]
2025-07-22 21:23:40,921 - INFO - node    recall    | micro: 0.940299; macro: 0.925265; score: [1.         0.85714286 0.77777778 0.91666667 1.         1.        ]
2025-07-22 21:23:40,921 - INFO - node    f1        | micro: 0.754491; macro: 0.759285; score: [0.90322581 0.54545455 0.77777778 0.56410256 0.91666667 0.84848485]
2025-07-22 21:23:40,948 - INFO - service precision | micro: 0.732558; macro: 0.751864; score: [0.9        1.         0.33333333 0.36363636 0.875      0.78571429
 0.90909091 1.         0.6       ]
2025-07-22 21:23:40,948 - INFO - service recall    | micro: 0.715909; macro: 0.738889; score: [1.         1.         0.4        0.33333333 0.58333333 0.73333333
 1.         1.         0.6       ]
2025-07-22 21:23:40,948 - INFO - service f1        | micro: 0.724138; macro: 0.741093; score: [0.94736842 1.         0.36363636 0.34782609 0.7        0.75862069
 0.95238095 1.         0.6       ]
2025-07-22 21:23:41,022 - INFO - pod     precision | micro: 0.625461; macro: 0.696625; score: [0.90384615 0.83018868 0.27272727 0.33333333 0.76086957 0.61363636
 0.83606557 0.94117647 0.77777778]
2025-07-22 21:23:41,022 - INFO - pod     recall    | micro: 0.773973; macro: 0.793690; score: [1.         0.95652174 0.48979592 0.5        0.625      0.79411765
 1.         1.         0.77777778]
2025-07-22 21:23:41,022 - INFO - pod     f1        | micro: 0.691837; macro: 0.736169; score: [0.94949495 0.88888889 0.35036496 0.4        0.68627451 0.69230769
 0.91071429 0.96969697 0.77777778]

=== 内容从行 157406 开始的 16 行 ===
2025-07-23 01:27:12,725 - INFO - evaluation dataset type: test
2025-07-23 01:27:12,744 - INFO - node    precision | micro: 0.634409; macro: 0.648925; score: [0.86666667 0.42857143 0.66666667 0.40909091 0.78571429 0.73684211]
2025-07-23 01:27:12,745 - INFO - node    recall    | micro: 0.880597; macro: 0.867063; score: [0.92857143 0.85714286 0.66666667 0.75       1.         1.        ]
2025-07-23 01:27:12,745 - INFO - node    f1        | micro: 0.737500; macro: 0.732091; score: [0.89655172 0.57142857 0.66666667 0.52941176 0.88       0.84848485]
2025-07-23 01:27:12,771 - INFO - service precision | micro: 0.726190; macro: 0.759815; score: [1.         0.9        0.375      0.55555556 0.875      0.47368421
 0.90909091 1.         0.75      ]
2025-07-23 01:27:12,771 - INFO - service recall    | micro: 0.693182; macro: 0.722222; score: [1.         1.         0.3        0.41666667 0.58333333 0.6
 1.         1.         0.6       ]
2025-07-23 01:27:12,772 - INFO - service f1        | micro: 0.709302; macro: 0.733928; score: [1.         0.94736842 0.33333333 0.47619048 0.7        0.52941176
 0.95238095 1.         0.66666667]
2025-07-23 01:27:12,846 - INFO - pod     precision | micro: 0.663462; macro: 0.716742; score: [0.92156863 0.6984127  0.37704918 0.42352941 0.76923077 0.53125
 0.98076923 0.94117647 0.80769231]
2025-07-23 01:27:12,846 - INFO - pod     recall    | micro: 0.787671; macro: 0.805402; score: [1.         0.95652174 0.46938776 0.58064516 0.71428571 0.75
 1.         1.         0.77777778]
2025-07-23 01:27:12,846 - INFO - pod     f1        | micro: 0.720251; macro: 0.754404; score: [0.95918367 0.80733945 0.41818182 0.48979592 0.74074074 0.62195122
 0.99029126 0.96969697 0.79245283]

=== 内容从行 175615 开始的 16 行 ===
2025-07-23 04:53:19,936 - INFO - evaluation dataset type: test
2025-07-23 04:53:19,956 - INFO - node    precision | micro: 0.627660; macro: 0.645968; score: [0.8        0.46153846 0.66666667 0.43478261 0.84615385 0.66666667]
2025-07-23 04:53:19,956 - INFO - node    recall    | micro: 0.880597; macro: 0.869048; score: [0.85714286 0.85714286 0.66666667 0.83333333 1.         1.        ]
2025-07-23 04:53:19,957 - INFO - node    f1        | micro: 0.732919; macro: 0.730391; score: [0.82758621 0.6        0.66666667 0.57142857 0.91666667 0.8       ]
2025-07-23 04:53:19,984 - INFO - service precision | micro: 0.373134; macro: 0.540822; score: [0.81818182 0.75       0.17647059 0.25       0.44       0.21052632
 0.55555556 1.         0.66666667]
2025-07-23 04:53:19,985 - INFO - service recall    | micro: 0.852273; macro: 0.864815; score: [1.         1.         0.6        0.66666667 0.91666667 0.8
 1.         1.         0.8       ]
2025-07-23 04:53:19,985 - INFO - service f1        | micro: 0.519031; macro: 0.640333; score: [0.9        0.85714286 0.27272727 0.36363636 0.59459459 0.33333333
 0.71428571 1.         0.72727273]
2025-07-23 04:53:20,061 - INFO - pod     precision | micro: 0.251279; macro: 0.510796; score: [0.88679245 0.6984127  0.09418838 0.1877551  0.3358209  0.14022989
 0.80952381 0.86111111 0.58333333]
2025-07-23 04:53:20,061 - INFO - pod     recall    | micro: 0.897260; macro: 0.900533; score: [1.         0.95652174 0.95918367 0.74193548 0.80357143 0.89705882
 1.         0.96875    0.77777778]
2025-07-23 04:53:20,061 - INFO - pod     f1        | micro: 0.392607; macro: 0.600883; score: [0.94       0.80733945 0.17153285 0.29967427 0.47368421 0.24254473
 0.89473684 0.91176471 0.66666667]

=== 内容从行 184701 开始的 16 行 ===
2025-07-23 06:36:23,903 - INFO - evaluation dataset type: test
2025-07-23 06:36:23,924 - INFO - node    precision | micro: 0.632653; macro: 0.663536; score: [0.82352941 0.4        0.77777778 0.45454545 0.91666667 0.60869565]
2025-07-23 06:36:23,924 - INFO - node    recall    | micro: 0.925373; macro: 0.911376; score: [1.         0.85714286 0.77777778 0.83333333 1.         1.        ]
2025-07-23 06:36:23,924 - INFO - node    f1        | micro: 0.751515; macro: 0.754662; score: [0.90322581 0.54545455 0.77777778 0.58823529 0.95652174 0.75675676]
2025-07-23 06:36:23,952 - INFO - service precision | micro: 0.714286; macro: 0.745036; score: [1.         0.9        0.28571429 0.35294118 1.         0.66666667
 1.         1.         0.5       ]
2025-07-23 06:36:23,952 - INFO - service recall    | micro: 0.681818; macro: 0.696296; score: [1.         1.         0.2        0.5        0.5        0.66666667
 1.         1.         0.4       ]
2025-07-23 06:36:23,952 - INFO - service f1        | micro: 0.697674; macro: 0.708248; score: [1.         0.94736842 0.23529412 0.4137931  0.66666667 0.66666667
 1.         1.         0.44444444]
2025-07-23 06:36:24,030 - INFO - pod     precision | micro: 0.658203; macro: 0.719900; score: [0.94       0.81481481 0.35714286 0.41052632 0.69090909 0.48648649
 1.         0.96969697 0.80952381]
2025-07-23 06:36:24,030 - INFO - pod     recall    | micro: 0.769406; macro: 0.777111; score: [1.         0.95652174 0.30612245 0.62903226 0.67857143 0.79411765
 1.         1.         0.62962963]
2025-07-23 06:36:24,030 - INFO - pod     f1        | micro: 0.709474; macro: 0.739616; score: [0.96907216 0.88       0.32967033 0.49681529 0.68468468 0.60335196
 1.         0.98461538 0.70833333]

=== 内容从行 185528 开始的 16 行 ===
2025-07-23 06:45:48,747 - INFO - evaluation dataset type: test
2025-07-23 06:45:48,766 - INFO - node    precision | micro: 0.632653; macro: 0.651084; score: [0.82352941 0.42857143 0.77777778 0.45454545 0.78571429 0.63636364]
2025-07-23 06:45:48,767 - INFO - node    recall    | micro: 0.925373; macro: 0.911376; score: [1.         0.85714286 0.77777778 0.83333333 1.         1.        ]
2025-07-23 06:45:48,767 - INFO - node    f1        | micro: 0.751515; macro: 0.749741; score: [0.90322581 0.57142857 0.77777778 0.58823529 0.88       0.77777778]
2025-07-23 06:45:48,793 - INFO - service precision | micro: 0.741176; macro: 0.776146; score: [1.         0.9        0.42857143 0.375      0.88888889 0.64285714
 1.         1.         0.75      ]
2025-07-23 06:45:48,794 - INFO - service recall    | micro: 0.715909; macro: 0.740741; score: [1.         1.         0.3        0.5        0.66666667 0.6
 1.         1.         0.6       ]
2025-07-23 06:45:48,794 - INFO - service f1        | micro: 0.728324; macro: 0.753127; score: [1.         0.94736842 0.35294118 0.42857143 0.76190476 0.62068966
 1.         1.         0.66666667]
2025-07-23 06:45:48,868 - INFO - pod     precision | micro: 0.644359; macro: 0.721305; score: [0.92156863 0.85714286 0.37777778 0.34210526 0.7254902  0.50961538
 0.96226415 0.96969697 0.82608696]
2025-07-23 06:45:48,868 - INFO - pod     recall    | micro: 0.769406; macro: 0.781427; score: [1.         0.91304348 0.34693878 0.62903226 0.66071429 0.77941176
 1.         1.         0.7037037 ]
2025-07-23 06:45:48,868 - INFO - pod     f1        | micro: 0.701353; macro: 0.742392; score: [0.95918367 0.88421053 0.36170213 0.44318182 0.69158879 0.61627907
 0.98076923 0.98461538 0.76      ]

=== 内容从行 211225 开始的 16 行 ===
2025-07-23 11:37:08,127 - INFO - evaluation dataset type: test
2025-07-23 11:37:08,147 - INFO - node    precision | micro: 0.627660; macro: 0.639250; score: [0.8        0.42857143 0.66666667 0.45454545 0.78571429 0.7       ]
2025-07-23 11:37:08,147 - INFO - node    recall    | micro: 0.880597; macro: 0.869048; score: [0.85714286 0.85714286 0.66666667 0.83333333 1.         1.        ]
2025-07-23 11:37:08,147 - INFO - node    f1        | micro: 0.732919; macro: 0.726241; score: [0.82758621 0.57142857 0.66666667 0.58823529 0.88       0.82352941]
2025-07-23 11:37:08,174 - INFO - service precision | micro: 0.737500; macro: 0.747140; score: [1.         0.9        0.42857143 0.36363636 0.75       0.61538462
 1.         1.         0.66666667]
2025-07-23 11:37:08,174 - INFO - service recall    | micro: 0.670455; macro: 0.718519; score: [1.         1.         0.3        0.33333333 0.5        0.53333333
 1.         1.         0.8       ]
2025-07-23 11:37:08,174 - INFO - service f1        | micro: 0.702381; macro: 0.727426; score: [1.         0.94736842 0.35294118 0.34782609 0.6        0.57142857
 1.         1.         0.72727273]
2025-07-23 11:37:08,252 - INFO - pod     precision | micro: 0.690283; macro: 0.719605; score: [0.92156863 0.70967742 0.42592593 0.42168675 0.77272727 0.65822785
 0.98076923 0.88888889 0.6969697 ]
2025-07-23 11:37:08,252 - INFO - pod     recall    | micro: 0.778539; macro: 0.801570; score: [1.         0.95652174 0.46938776 0.56451613 0.60714286 0.76470588
 1.         1.         0.85185185]
2025-07-23 11:37:08,252 - INFO - pod     f1        | micro: 0.731760; macro: 0.754331; score: [0.95918367 0.81481481 0.44660194 0.48275862 0.68       0.70748299
 0.99029126 0.94117647 0.76666667]

=== 内容从行 228581 开始的 16 行 ===
2025-07-23 14:57:26,922 - INFO - evaluation dataset type: test
2025-07-23 14:57:26,942 - INFO - node    precision | micro: 0.632653; macro: 0.649871; score: [0.82352941 0.375      0.7        0.45454545 0.84615385 0.7       ]
2025-07-23 14:57:26,942 - INFO - node    recall    | micro: 0.925373; macro: 0.911376; score: [1.         0.85714286 0.77777778 0.83333333 1.         1.        ]
2025-07-23 14:57:26,942 - INFO - node    f1        | micro: 0.751515; macro: 0.748373; score: [0.90322581 0.52173913 0.73684211 0.58823529 0.91666667 0.82352941]
2025-07-23 14:57:26,970 - INFO - service precision | micro: 0.690722; macro: 0.711765; score: [0.9        0.9        0.33333333 0.5        0.66666667 0.70588235
 1.         1.         0.4       ]
2025-07-23 14:57:26,970 - INFO - service recall    | micro: 0.761364; macro: 0.762963; score: [1.         1.         0.5        0.5        0.66666667 0.8
 1.         1.         0.4       ]
2025-07-23 14:57:26,970 - INFO - service f1        | micro: 0.724324; macro: 0.734600; score: [0.94736842 0.94736842 0.4        0.5        0.66666667 0.75
 1.         1.         0.4       ]
2025-07-23 14:57:27,048 - INFO - pod     precision | micro: 0.623214; macro: 0.674469; score: [0.85454545 0.70967742 0.31884058 0.37373737 0.66666667 0.57843137
 0.96226415 0.93939394 0.66666667]
2025-07-23 14:57:27,048 - INFO - pod     recall    | micro: 0.796804; macro: 0.802181; score: [1.         0.95652174 0.44897959 0.59677419 0.71428571 0.86764706
 1.         0.96875    0.66666667]
2025-07-23 14:57:27,048 - INFO - pod     f1        | micro: 0.699399; macro: 0.728216; score: [0.92156863 0.81481481 0.37288136 0.45962733 0.68965517 0.69411765
 0.98076923 0.95384615 0.66666667]

=== 内容从行 234390 开始的 16 行 ===
2025-07-23 16:03:32,137 - INFO - evaluation dataset type: test
2025-07-23 16:03:32,157 - INFO - node    precision | micro: 0.634409; macro: 0.658261; score: [0.875      0.46153846 0.66666667 0.42857143 0.90909091 0.60869565]
2025-07-23 16:03:32,157 - INFO - node    recall    | micro: 0.880597; macro: 0.863817; score: [1.         0.85714286 0.66666667 0.75       0.90909091 1.        ]
2025-07-23 16:03:32,157 - INFO - node    f1        | micro: 0.737500; macro: 0.735217; score: [0.93333333 0.6        0.66666667 0.54545455 0.90909091 0.75675676]
2025-07-23 16:03:32,185 - INFO - service precision | micro: 0.741176; macro: 0.779630; score: [1.         0.9        0.5        0.5        1.         0.45
 1.         1.         0.66666667]
2025-07-23 16:03:32,185 - INFO - service recall    | micro: 0.715909; macro: 0.727778; score: [1.   1.   0.3  0.5  0.75 0.6  1.   1.   0.4 ]
2025-07-23 16:03:32,185 - INFO - service f1        | micro: 0.728324; macro: 0.743755; score: [1.         0.94736842 0.375      0.5        0.85714286 0.51428571
 1.         1.         0.5       ]
2025-07-23 16:03:32,261 - INFO - pod     precision | micro: 0.638026; macro: 0.694678; score: [0.94       0.71428571 0.32758621 0.38541667 0.63888889 0.54545455
 0.98076923 0.96969697 0.75      ]
2025-07-23 16:03:32,262 - INFO - pod     recall    | micro: 0.796804; macro: 0.805000; score: [1.         0.97826087 0.3877551  0.59677419 0.82142857 0.79411765
 1.         1.         0.66666667]
2025-07-23 16:03:32,262 - INFO - pod     f1        | micro: 0.708629; macro: 0.740500; score: [0.96907216 0.82568807 0.35514019 0.46835443 0.71875    0.64670659
 0.99029126 0.98461538 0.70588235]
2025-07-23 16:03:32,262 - INFO - ----------

=== 内容从行 243514 开始的 16 行 ===
2025-07-23 17:47:40,103 - INFO - evaluation dataset type: test
2025-07-23 17:47:40,124 - INFO - node    precision | micro: 0.632653; macro: 0.635979; score: [0.77777778 0.42857143 0.7        0.47619048 0.73333333 0.7       ]
2025-07-23 17:47:40,124 - INFO - node    recall    | micro: 0.925373; macro: 0.911376; score: [1.         0.85714286 0.77777778 0.83333333 1.         1.        ]
2025-07-23 17:47:40,125 - INFO - node    f1        | micro: 0.751515; macro: 0.743169; score: [0.875      0.57142857 0.73684211 0.60606061 0.84615385 0.82352941]
2025-07-23 17:47:40,152 - INFO - service precision | micro: 0.696970; macro: 0.747306; score: [1.         0.9        0.36363636 0.54545455 0.75       0.5
 1.         1.         0.66666667]
2025-07-23 17:47:40,152 - INFO - service recall    | micro: 0.784091; macro: 0.805556; score: [1.   1.   0.4  0.5  0.75 0.8  1.   1.   0.8 ]
2025-07-23 17:47:40,152 - INFO - service f1        | micro: 0.737968; macro: 0.771413; score: [1.         0.94736842 0.38095238 0.52173913 0.75       0.61538462
 1.         1.         0.72727273]
2025-07-23 17:47:40,232 - INFO - pod     precision | micro: 0.490196; macro: 0.621920; score: [0.85454545 0.76271186 0.23648649 0.3553719  0.56944444 0.31182796
 0.94444444 0.82051282 0.74193548]
2025-07-23 17:47:40,232 - INFO - pod     recall    | micro: 0.856164; macro: 0.869226; score: [1.         0.97826087 0.71428571 0.69354839 0.73214286 0.85294118
 1.         1.         0.85185185]
2025-07-23 17:47:40,232 - INFO - pod     f1        | micro: 0.623441; macro: 0.707472; score: [0.92156863 0.85714286 0.35532995 0.46994536 0.640625   0.45669291
 0.97142857 0.90140845 0.79310345]
2025-07-23 17:47:40,232 - INFO - ----------

=== 内容从行 250161 开始的 16 行 ===
2025-07-23 19:03:36,403 - INFO - evaluation dataset type: test
2025-07-23 19:03:36,423 - INFO - node    precision | micro: 0.632653; macro: 0.649871; score: [0.82352941 0.375      0.7        0.45454545 0.84615385 0.7       ]
2025-07-23 19:03:36,423 - INFO - node    recall    | micro: 0.925373; macro: 0.911376; score: [1.         0.85714286 0.77777778 0.83333333 1.         1.        ]
2025-07-23 19:03:36,423 - INFO - node    f1        | micro: 0.751515; macro: 0.748373; score: [0.90322581 0.52173913 0.73684211 0.58823529 0.91666667 0.82352941]
2025-07-23 19:03:36,450 - INFO - service precision | micro: 0.690722; macro: 0.711765; score: [0.9        0.9        0.33333333 0.5        0.66666667 0.70588235
 1.         1.         0.4       ]
2025-07-23 19:03:36,450 - INFO - service recall    | micro: 0.761364; macro: 0.762963; score: [1.         1.         0.5        0.5        0.66666667 0.8
 1.         1.         0.4       ]
2025-07-23 19:03:36,450 - INFO - service f1        | micro: 0.724324; macro: 0.734600; score: [0.94736842 0.94736842 0.4        0.5        0.66666667 0.75
 1.         1.         0.4       ]
2025-07-23 19:03:36,525 - INFO - pod     precision | micro: 0.623214; macro: 0.674469; score: [0.85454545 0.70967742 0.31884058 0.37373737 0.66666667 0.57843137
 0.96226415 0.93939394 0.66666667]
2025-07-23 19:03:36,525 - INFO - pod     recall    | micro: 0.796804; macro: 0.802181; score: [1.         0.95652174 0.44897959 0.59677419 0.71428571 0.86764706
 1.         0.96875    0.66666667]
2025-07-23 19:03:36,526 - INFO - pod     f1        | micro: 0.699399; macro: 0.728216; score: [0.92156863 0.81481481 0.37288136 0.45962733 0.68965517 0.69411765
 0.98076923 0.95384615 0.66666667]

=== 内容从行 255970 开始的 16 行 ===
2025-07-23 20:09:38,954 - INFO - evaluation dataset type: test
2025-07-23 20:09:38,973 - INFO - node    precision | micro: 0.634409; macro: 0.658261; score: [0.875      0.46153846 0.66666667 0.42857143 0.90909091 0.60869565]
2025-07-23 20:09:38,974 - INFO - node    recall    | micro: 0.880597; macro: 0.863817; score: [1.         0.85714286 0.66666667 0.75       0.90909091 1.        ]
2025-07-23 20:09:38,974 - INFO - node    f1        | micro: 0.737500; macro: 0.735217; score: [0.93333333 0.6        0.66666667 0.54545455 0.90909091 0.75675676]
2025-07-23 20:09:39,001 - INFO - service precision | micro: 0.741176; macro: 0.779630; score: [1.         0.9        0.5        0.5        1.         0.45
 1.         1.         0.66666667]
2025-07-23 20:09:39,002 - INFO - service recall    | micro: 0.715909; macro: 0.727778; score: [1.   1.   0.3  0.5  0.75 0.6  1.   1.   0.4 ]
2025-07-23 20:09:39,002 - INFO - service f1        | micro: 0.728324; macro: 0.743755; score: [1.         0.94736842 0.375      0.5        0.85714286 0.51428571
 1.         1.         0.5       ]
2025-07-23 20:09:39,076 - INFO - pod     precision | micro: 0.638026; macro: 0.694678; score: [0.94       0.71428571 0.32758621 0.38541667 0.63888889 0.54545455
 0.98076923 0.96969697 0.75      ]
2025-07-23 20:09:39,076 - INFO - pod     recall    | micro: 0.796804; macro: 0.805000; score: [1.         0.97826087 0.3877551  0.59677419 0.82142857 0.79411765
 1.         1.         0.66666667]
2025-07-23 20:09:39,076 - INFO - pod     f1        | micro: 0.708629; macro: 0.740500; score: [0.96907216 0.82568807 0.35514019 0.46835443 0.71875    0.64670659
 0.99029126 0.98461538 0.70588235]
2025-07-23 20:09:39,077 - INFO - ----------

=== 内容从行 264248 开始的 16 行 ===
2025-07-23 21:43:59,249 - INFO - evaluation dataset type: test
2025-07-23 21:43:59,272 - INFO - node    precision | micro: 0.628866; macro: 0.647857; score: [0.8125     0.42857143 0.7        0.44       0.76923077 0.73684211]
2025-07-23 21:43:59,272 - INFO - node    recall    | micro: 0.910448; macro: 0.898208; score: [0.92857143 0.85714286 0.77777778 0.91666667 0.90909091 1.        ]
2025-07-23 21:43:59,273 - INFO - node    f1        | micro: 0.743902; macro: 0.741892; score: [0.86666667 0.57142857 0.73684211 0.59459459 0.83333333 0.84848485]
2025-07-23 21:43:59,299 - INFO - service precision | micro: 0.750000; macro: 0.765741; score: [1.         0.9        0.375      0.33333333 0.8        0.73333333
 1.         1.         0.75      ]
2025-07-23 21:43:59,299 - INFO - service recall    | micro: 0.715909; macro: 0.737037; score: [1.         1.         0.3        0.33333333 0.66666667 0.73333333
 1.         1.         0.6       ]
2025-07-23 21:43:59,300 - INFO - service f1        | micro: 0.732558; macro: 0.749034; score: [1.         0.94736842 0.33333333 0.33333333 0.72727273 0.73333333
 1.         1.         0.66666667]
2025-07-23 21:43:59,374 - INFO - pod     precision | micro: 0.641762; macro: 0.695572; score: [0.92156863 0.78181818 0.28813559 0.35106383 0.68518519 0.57731959
 0.98076923 0.91428571 0.76      ]
2025-07-23 21:43:59,374 - INFO - pod     recall    | micro: 0.764840; macro: 0.777992; score: [1.         0.93478261 0.34693878 0.53225806 0.66071429 0.82352941
 1.         1.         0.7037037 ]
2025-07-23 21:43:59,374 - INFO - pod     f1        | micro: 0.697917; macro: 0.730707; score: [0.95918367 0.85148515 0.31481481 0.42307692 0.67272727 0.67878788
 0.99029126 0.95522388 0.73076923]

=== 内容从行 279946 开始的 16 行 ===
2025-07-24 00:43:02,946 - INFO - evaluation dataset type: test
2025-07-24 00:43:02,966 - INFO - node    precision | micro: 0.627660; macro: 0.655416; score: [0.75       0.46153846 0.77777778 0.45833333 0.81818182 0.66666667]
2025-07-24 00:43:02,966 - INFO - node    recall    | micro: 0.880597; macro: 0.871152; score: [0.85714286 0.85714286 0.77777778 0.91666667 0.81818182 1.        ]
2025-07-24 00:43:02,966 - INFO - node    f1        | micro: 0.732919; macro: 0.734512; score: [0.8        0.6        0.77777778 0.61111111 0.81818182 0.8       ]
2025-07-24 00:43:02,993 - INFO - service precision | micro: 0.603604; macro: 0.673370; score: [1.         0.81818182 0.35714286 0.28       0.69230769 0.55555556
 1.         0.85714286 0.5       ]
2025-07-24 00:43:02,993 - INFO - service recall    | micro: 0.761364; macro: 0.766667; score: [1.         1.         0.5        0.58333333 0.75       0.66666667
 1.         1.         0.4       ]
2025-07-24 00:43:02,993 - INFO - service f1        | micro: 0.673367; macro: 0.709847; score: [1.         0.9        0.41666667 0.37837838 0.72       0.60606061
 1.         0.92307692 0.44444444]
2025-07-24 00:43:03,075 - INFO - pod     precision | micro: 0.546970; macro: 0.636603; score: [0.90384615 0.67692308 0.3125     0.28873239 0.45263158 0.59782609
 0.92727273 0.96969697 0.6       ]
2025-07-24 00:43:03,075 - INFO - pod     recall    | micro: 0.824201; macro: 0.830378; score: [1.         0.95652174 0.6122449  0.66129032 0.76785714 0.80882353
 1.         1.         0.66666667]
2025-07-24 00:43:03,075 - INFO - pod     f1        | micro: 0.657559; macro: 0.710393; score: [0.94949495 0.79279279 0.4137931  0.40196078 0.56953642 0.6875
 0.96226415 0.98461538 0.63157895]

=== 内容从行 284096 开始的 16 行 ===
2025-07-24 01:30:17,396 - INFO - evaluation dataset type: test
2025-07-24 01:30:17,417 - INFO - node    precision | micro: 0.628866; macro: 0.685972; score: [0.82352941 0.375      1.         0.43478261 0.84615385 0.63636364]
2025-07-24 01:30:17,417 - INFO - node    recall    | micro: 0.910448; macro: 0.892857; score: [1.         0.85714286 0.66666667 0.83333333 1.         1.        ]
2025-07-24 01:30:17,417 - INFO - node    f1        | micro: 0.743902; macro: 0.748473; score: [0.90322581 0.52173913 0.8        0.57142857 0.91666667 0.77777778]
2025-07-24 01:30:17,444 - INFO - service precision | micro: 0.694118; macro: 0.706349; score: [1.         0.75       0.375      0.35714286 0.875      0.77777778
 1.         0.55555556 0.66666667]
2025-07-24 01:30:17,444 - INFO - service recall    | micro: 0.670455; macro: 0.711111; score: [1.         1.         0.3        0.41666667 0.58333333 0.46666667
 1.         0.83333333 0.8       ]
2025-07-24 01:30:17,444 - INFO - service f1        | micro: 0.682081; macro: 0.694707; score: [1.         0.85714286 0.33333333 0.38461538 0.7        0.58333333
 1.         0.66666667 0.72727273]
2025-07-24 01:30:17,520 - INFO - pod     precision | micro: 0.589381; macro: 0.627202; score: [0.83928571 0.43564356 0.4        0.33707865 0.65454545 0.65333333
 0.92727273 0.84210526 0.55555556]
2025-07-24 01:30:17,520 - INFO - pod     recall    | micro: 0.760274; macro: 0.781597; score: [1.         0.95652174 0.48979592 0.48387097 0.64285714 0.72058824
 1.         1.         0.74074074]
2025-07-24 01:30:17,520 - INFO - pod     f1        | micro: 0.664008; macro: 0.688268; score: [0.91262136 0.59863946 0.44036697 0.39735099 0.64864865 0.68531469
 0.96226415 0.91428571 0.63492063]

=== 内容从行 309824 开始的 16 行 ===
2025-07-24 06:22:22,635 - INFO - evaluation dataset type: test
2025-07-24 06:22:22,655 - INFO - node    precision | micro: 0.634409; macro: 0.685432; score: [0.76470588 0.66666667 0.85714286 0.40740741 0.75       0.66666667]
2025-07-24 06:22:22,655 - INFO - node    recall    | micro: 0.880597; macro: 0.864538; score: [0.92857143 0.85714286 0.66666667 0.91666667 0.81818182 1.        ]
2025-07-24 06:22:22,655 - INFO - node    f1        | micro: 0.737500; macro: 0.747570; score: [0.83870968 0.75       0.75       0.56410256 0.7826087  0.8       ]
2025-07-24 06:22:22,685 - INFO - service precision | micro: 0.562500; macro: 0.678021; score: [1.         0.5625     0.26666667 0.21052632 0.75       0.8125
 1.         1.         0.5       ]
2025-07-24 06:22:22,685 - INFO - service recall    | micro: 0.715909; macro: 0.716667; score: [1.         1.         0.8        0.33333333 0.25       0.86666667
 1.         1.         0.2       ]
2025-07-24 06:22:22,685 - INFO - service f1        | micro: 0.630000; macro: 0.653054; score: [1.         0.72       0.4        0.25806452 0.375      0.83870968
 1.         1.         0.28571429]
2025-07-24 06:22:22,761 - INFO - pod     precision | micro: 0.453333; macro: 0.599860; score: [0.69117647 0.58974359 0.20634921 0.20207254 0.68888889 0.4
 1.         0.82051282 0.8       ]
2025-07-24 06:22:22,761 - INFO - pod     recall    | micro: 0.776256; macro: 0.785613; score: [1.         1.         0.53061224 0.62903226 0.55357143 0.76470588
 1.         1.         0.59259259]
2025-07-24 06:22:22,761 - INFO - pod     f1        | micro: 0.572391; macro: 0.653747; score: [0.8173913  0.74193548 0.29714286 0.30588235 0.61386139 0.52525253
 1.         0.90140845 0.68085106]

=== 内容从行 320608 开始的 16 行 ===
2025-07-24 08:24:55,044 - INFO - evaluation dataset type: test
2025-07-24 08:24:55,064 - INFO - node    precision | micro: 0.632653; macro: 0.649303; score: [0.77777778 0.4        0.77777778 0.45454545 0.78571429 0.7       ]
2025-07-24 08:24:55,064 - INFO - node    recall    | micro: 0.925373; macro: 0.911376; score: [1.         0.85714286 0.77777778 0.83333333 1.         1.        ]
2025-07-24 08:24:55,064 - INFO - node    f1        | micro: 0.751515; macro: 0.748333; score: [0.875      0.54545455 0.77777778 0.58823529 0.88       0.82352941]
2025-07-24 08:24:55,091 - INFO - service precision | micro: 0.643678; macro: 0.714815; score: [1.         0.75       0.33333333 0.25       1.         0.5
 1.         1.         0.6       ]
2025-07-24 08:24:55,091 - INFO - service recall    | micro: 0.636364; macro: 0.666667; score: [1.         1.         0.3        0.33333333 0.5        0.53333333
 0.9        0.83333333 0.6       ]
2025-07-24 08:24:55,091 - INFO - service f1        | micro: 0.640000; macro: 0.677545; score: [1.         0.85714286 0.31578947 0.28571429 0.66666667 0.51612903
 0.94736842 0.90909091 0.6       ]
2025-07-24 08:24:55,167 - INFO - pod     precision | micro: 0.674747; macro: 0.737634; score: [0.92156863 0.76666667 0.47169811 0.39506173 0.92857143 0.5046729
 0.98076923 0.96969697 0.7       ]
2025-07-24 08:24:55,167 - INFO - pod     recall    | micro: 0.762557; macro: 0.784724; score: [1.         1.         0.51020408 0.51612903 0.46428571 0.79411765
 1.         1.         0.77777778]
2025-07-24 08:24:55,167 - INFO - pod     f1        | micro: 0.715970; macro: 0.745866; score: [0.95918367 0.86792453 0.49019608 0.44755245 0.61904762 0.61714286
 0.99029126 0.98461538 0.73684211]

=== 内容从行 333887 开始的 16 行 ===
2025-07-24 10:56:04,072 - INFO - evaluation dataset type: test
2025-07-24 10:56:04,093 - INFO - node    precision | micro: 0.628866; macro: 0.659982; score: [0.82352941 0.33333333 0.75       0.5        0.91666667 0.63636364]
2025-07-24 10:56:04,093 - INFO - node    recall    | micro: 0.910448; macro: 0.892857; score: [1.         0.85714286 0.66666667 0.83333333 1.         1.        ]
2025-07-24 10:56:04,093 - INFO - node    f1        | micro: 0.743902; macro: 0.741401; score: [0.90322581 0.48       0.70588235 0.625      0.95652174 0.77777778]
2025-07-24 10:56:04,124 - INFO - service precision | micro: 0.789474; macro: 0.797451; score: [1.         0.9        0.42857143 0.36363636 1.         0.81818182
 1.         1.         0.66666667]
2025-07-24 10:56:04,124 - INFO - service recall    | micro: 0.681818; macro: 0.725926; score: [1.         1.         0.3        0.33333333 0.5        0.6
 1.         1.         0.8       ]
2025-07-24 10:56:04,124 - INFO - service f1        | micro: 0.731707; macro: 0.748265; score: [1.         0.94736842 0.35294118 0.34782609 0.66666667 0.69230769
 1.         1.         0.72727273]
2025-07-24 10:56:04,200 - INFO - pod     precision | micro: 0.697034; macro: 0.735073; score: [0.95918367 0.8        0.40350877 0.3943662  0.76744186 0.6091954
 0.96226415 0.96969697 0.75      ]
2025-07-24 10:56:04,200 - INFO - pod     recall    | micro: 0.751142; macro: 0.768099; score: [1.         0.95652174 0.46938776 0.4516129  0.58928571 0.77941176
 1.         1.         0.66666667]
2025-07-24 10:56:04,200 - INFO - pod     f1        | micro: 0.723077; macro: 0.747475; score: [0.97916667 0.87128713 0.43396226 0.42105263 0.66666667 0.68387097
 0.98076923 0.98461538 0.70588235]

=== 内容从行 361310 开始的 16 行 ===
2025-07-24 16:07:09,631 - INFO - evaluation dataset type: test
2025-07-24 16:07:09,651 - INFO - node    precision | micro: 0.634409; macro: 0.667465; score: [0.92307692 0.46153846 0.75       0.4        0.73333333 0.73684211]
2025-07-24 16:07:09,651 - INFO - node    recall    | micro: 0.880597; macro: 0.869048; score: [0.85714286 0.85714286 0.66666667 0.83333333 1.         1.        ]
2025-07-24 16:07:09,651 - INFO - node    f1        | micro: 0.737500; macro: 0.738325; score: [0.88888889 0.6        0.70588235 0.54054054 0.84615385 0.84848485]
2025-07-24 16:07:09,680 - INFO - service precision | micro: 0.709677; macro: 0.739935; score: [1.         1.         0.6        0.35714286 0.81818182 0.6
 0.90909091 1.         0.375     ]
2025-07-24 16:07:09,680 - INFO - service recall    | micro: 0.750000; macro: 0.774074; score: [1.         1.         0.6        0.41666667 0.75       0.6
 1.         1.         0.6       ]
2025-07-24 16:07:09,680 - INFO - service f1        | micro: 0.729282; macro: 0.753460; score: [1.         1.         0.6        0.38461538 0.7826087  0.6
 0.95238095 1.         0.46153846]
2025-07-24 16:07:09,755 - INFO - pod     precision | micro: 0.664093; macro: 0.717628; score: [0.88679245 0.9375     0.36842105 0.36263736 0.72727273 0.65432099
 0.96226415 0.96969697 0.58974359]
2025-07-24 16:07:09,755 - INFO - pod     recall    | micro: 0.785388; macro: 0.809404; score: [1.         0.97826087 0.57142857 0.53225806 0.57142857 0.77941176
 1.         1.         0.85185185]
2025-07-24 16:07:09,755 - INFO - pod     f1        | micro: 0.719665; macro: 0.754509; score: [0.94       0.95744681 0.448      0.43137255 0.64       0.7114094
 0.98076923 0.98461538 0.6969697 ]

=== 内容从行 363796 开始的 16 行 ===
2025-07-24 16:35:38,313 - INFO - evaluation dataset type: test
2025-07-24 16:35:38,333 - INFO - node    precision | micro: 0.627660; macro: 0.651978; score: [0.86666667 0.375      0.75       0.40909091 0.73333333 0.77777778]
2025-07-24 16:35:38,333 - INFO - node    recall    | micro: 0.880597; macro: 0.867063; score: [0.92857143 0.85714286 0.66666667 0.75       1.         1.        ]
2025-07-24 16:35:38,333 - INFO - node    f1        | micro: 0.732919; macro: 0.729123; score: [0.89655172 0.52173913 0.70588235 0.52941176 0.84615385 0.875     ]
2025-07-24 16:35:38,361 - INFO - service precision | micro: 0.660000; macro: 0.734119; score: [1.         0.81818182 0.4        0.28571429 0.88888889 0.71428571
 1.         1.         0.5       ]
2025-07-24 16:35:38,361 - INFO - service recall    | micro: 0.750000; macro: 0.762963; score: [1.         1.         0.6        0.5        0.66666667 0.66666667
 1.         0.83333333 0.6       ]
2025-07-24 16:35:38,361 - INFO - service f1        | micro: 0.702128; macro: 0.738860; score: [1.         0.9        0.48       0.36363636 0.76190476 0.68965517
 1.         0.90909091 0.54545455]
2025-07-24 16:35:38,439 - INFO - pod     precision | micro: 0.587354; macro: 0.663763; score: [0.87037037 0.70967742 0.42253521 0.2704918  0.67241379 0.5
 0.87931034 0.93939394 0.70967742]
2025-07-24 16:35:38,439 - INFO - pod     recall    | micro: 0.805936; macro: 0.822727; score: [1.         0.95652174 0.6122449  0.53225806 0.69642857 0.82352941
 1.         0.96875    0.81481481]
2025-07-24 16:35:38,440 - INFO - pod     f1        | micro: 0.679500; macro: 0.728765; score: [0.93069307 0.81481481 0.5        0.35869565 0.68421053 0.62222222
 0.93577982 0.95384615 0.75862069]

=== 内容从行 381200 开始的 16 行 ===
2025-07-24 19:54:13,014 - INFO - evaluation dataset type: test
2025-07-24 19:54:13,035 - INFO - node    precision | micro: 0.633333; macro: 0.706132; score: [0.875      0.46153846 1.         0.375      0.88888889 0.63636364]
2025-07-24 19:54:13,035 - INFO - node    recall    | micro: 0.850746; macro: 0.833514; score: [1.         0.85714286 0.66666667 0.75       0.72727273 1.        ]
2025-07-24 19:54:13,035 - INFO - node    f1        | micro: 0.726115; macro: 0.735185; score: [0.93333333 0.6        0.8        0.5        0.8        0.77777778]
2025-07-24 19:54:13,063 - INFO - service precision | micro: 0.592233; macro: 0.652357; score: [1.         0.64285714 0.35714286 0.25       0.88888889 0.77777778
 1.         0.45454545 0.5       ]
2025-07-24 19:54:13,063 - INFO - service recall    | micro: 0.693182; macro: 0.731481; score: [1.         1.         0.5        0.41666667 0.66666667 0.46666667
 0.9        0.83333333 0.8       ]
2025-07-24 19:54:13,063 - INFO - service f1        | micro: 0.638743; macro: 0.667556; score: [1.         0.7826087  0.41666667 0.3125     0.76190476 0.58333333
 0.94736842 0.58823529 0.61538462]
2025-07-24 19:54:13,138 - INFO - pod     precision | micro: 0.469599; macro: 0.521562; score: [0.71212121 0.36885246 0.30645161 0.27419355 0.59756098 0.47474747
 0.86440678 0.71111111 0.38461538]
2025-07-24 19:54:13,138 - INFO - pod     recall    | micro: 0.828767; macro: 0.845453; score: [1.         0.97826087 0.7755102  0.5483871  0.875      0.69117647
 1.         1.         0.74074074]
2025-07-24 19:54:13,139 - INFO - pod     f1        | micro: 0.599505; macro: 0.634473; score: [0.83185841 0.53571429 0.43930636 0.3655914  0.71014493 0.56287425
 0.92727273 0.83116883 0.50632911]

=== 内容从行 406091 开始的 16 行 ===
2025-07-25 00:35:43,996 - INFO - evaluation dataset type: test
2025-07-25 00:35:44,016 - INFO - node    precision | micro: 0.632653; macro: 0.650949; score: [0.82352941 0.375      0.77777778 0.47826087 0.71428571 0.73684211]
2025-07-25 00:35:44,016 - INFO - node    recall    | micro: 0.925373; macro: 0.910113; score: [1.         0.85714286 0.77777778 0.91666667 0.90909091 1.        ]
2025-07-25 00:35:44,016 - INFO - node    f1        | micro: 0.751515; macro: 0.746633; score: [0.90322581 0.52173913 0.77777778 0.62857143 0.8        0.84848485]
2025-07-25 00:35:44,042 - INFO - service precision | micro: 0.756410; macro: 0.794383; score: [1.         0.69230769 0.57142857 0.28571429 1.         1.
 1.         1.         0.6       ]
2025-07-25 00:35:44,043 - INFO - service recall    | micro: 0.670455; macro: 0.698148; score: [1.         1.         0.4        0.33333333 0.58333333 0.53333333
 1.         0.83333333 0.6       ]
2025-07-25 00:35:44,043 - INFO - service f1        | micro: 0.710843; macro: 0.726450; score: [1.         0.81818182 0.47058824 0.30769231 0.73684211 0.69565217
 1.         0.90909091 0.6       ]
2025-07-25 00:35:44,117 - INFO - pod     precision | micro: 0.684739; macro: 0.730847; score: [0.94       0.77192982 0.38666667 0.40243902 0.77777778 0.67123288
 0.96226415 0.94117647 0.72413793]
2025-07-25 00:35:44,117 - INFO - pod     recall    | micro: 0.778539; macro: 0.800443; score: [1.         0.95652174 0.59183673 0.53225806 0.625      0.72058824
 1.         1.         0.77777778]
2025-07-25 00:35:44,117 - INFO - pod     f1        | micro: 0.728632; macro: 0.759787; score: [0.96907216 0.85436893 0.46774194 0.45833333 0.69306931 0.69503546
 0.98076923 0.96969697 0.75      ]

=== 内容从行 407742 开始的 16 行 ===
2025-07-25 00:54:23,994 - INFO - evaluation dataset type: test
2025-07-25 00:54:24,014 - INFO - node    precision | micro: 0.632653; macro: 0.650949; score: [0.82352941 0.375      0.77777778 0.47826087 0.71428571 0.73684211]
2025-07-25 00:54:24,014 - INFO - node    recall    | micro: 0.925373; macro: 0.910113; score: [1.         0.85714286 0.77777778 0.91666667 0.90909091 1.        ]
2025-07-25 00:54:24,014 - INFO - node    f1        | micro: 0.751515; macro: 0.746633; score: [0.90322581 0.52173913 0.77777778 0.62857143 0.8        0.84848485]
2025-07-25 00:54:24,041 - INFO - service precision | micro: 0.756410; macro: 0.794383; score: [1.         0.69230769 0.57142857 0.28571429 1.         1.
 1.         1.         0.6       ]
2025-07-25 00:54:24,041 - INFO - service recall    | micro: 0.670455; macro: 0.698148; score: [1.         1.         0.4        0.33333333 0.58333333 0.53333333
 1.         0.83333333 0.6       ]
2025-07-25 00:54:24,041 - INFO - service f1        | micro: 0.710843; macro: 0.726450; score: [1.         0.81818182 0.47058824 0.30769231 0.73684211 0.69565217
 1.         0.90909091 0.6       ]
2025-07-25 00:54:24,116 - INFO - pod     precision | micro: 0.684739; macro: 0.730847; score: [0.94       0.77192982 0.38666667 0.40243902 0.77777778 0.67123288
 0.96226415 0.94117647 0.72413793]
2025-07-25 00:54:24,117 - INFO - pod     recall    | micro: 0.778539; macro: 0.800443; score: [1.         0.95652174 0.59183673 0.53225806 0.625      0.72058824
 1.         1.         0.77777778]
2025-07-25 00:54:24,117 - INFO - pod     f1        | micro: 0.728632; macro: 0.759787; score: [0.96907216 0.85436893 0.46774194 0.45833333 0.69306931 0.69503546
 0.98076923 0.96969697 0.75      ]

=== 内容从行 412726 开始的 16 行 ===
2025-07-25 01:50:33,611 - INFO - evaluation dataset type: test
2025-07-25 01:50:33,630 - INFO - node    precision | micro: 0.628866; macro: 0.655173; score: [0.76470588 0.375      0.75       0.45833333 0.84615385 0.73684211]
2025-07-25 01:50:33,631 - INFO - node    recall    | micro: 0.910448; macro: 0.894841; score: [0.92857143 0.85714286 0.66666667 0.91666667 1.         1.        ]
2025-07-25 01:50:33,631 - INFO - node    f1        | micro: 0.743902; macro: 0.740432; score: [0.83870968 0.52173913 0.70588235 0.61111111 0.91666667 0.84848485]
2025-07-25 01:50:33,657 - INFO - service precision | micro: 0.642857; macro: 0.704864; score: [1.         0.81818182 0.36363636 0.28571429 0.88888889 0.47826087
 0.90909091 1.         0.6       ]
2025-07-25 01:50:33,658 - INFO - service recall    | micro: 0.715909; macro: 0.729630; score: [1.         1.         0.4        0.33333333 0.66666667 0.73333333
 1.         0.83333333 0.6       ]
2025-07-25 01:50:33,658 - INFO - service f1        | micro: 0.677419; macro: 0.710108; score: [1.         0.9        0.38095238 0.30769231 0.76190476 0.57894737
 0.95238095 0.90909091 0.6       ]
2025-07-25 01:50:33,732 - INFO - pod     precision | micro: 0.582474; macro: 0.657610; score: [0.88679245 0.72580645 0.33695652 0.29166667 0.52238806 0.51
 1.         0.94117647 0.7037037 ]
2025-07-25 01:50:33,732 - INFO - pod     recall    | micro: 0.773973; macro: 0.793470; score: [1.         0.97826087 0.63265306 0.4516129  0.625      0.75
 1.         1.         0.7037037 ]
2025-07-25 01:50:33,732 - INFO - pod     f1        | micro: 0.664706; macro: 0.713014; score: [0.94       0.83333333 0.43971631 0.35443038 0.56910569 0.60714286
 1.         0.96969697 0.7037037 ]

=== 内容从行 420181 开始的 16 行 ===
2025-07-25 03:14:27,374 - INFO - evaluation dataset type: test
2025-07-25 03:14:27,394 - INFO - node    precision | micro: 0.634409; macro: 0.668986; score: [0.93333333 0.35294118 0.71428571 0.45833333 0.81818182 0.73684211]
2025-07-25 03:14:27,394 - INFO - node    recall    | micro: 0.880597; macro: 0.857924; score: [1.         0.85714286 0.55555556 0.91666667 0.81818182 1.        ]
2025-07-25 03:14:27,395 - INFO - node    f1        | micro: 0.737500; macro: 0.728049; score: [0.96551724 0.5        0.625      0.61111111 0.81818182 0.84848485]
2025-07-25 03:14:27,428 - INFO - service precision | micro: 0.004011; macro: 0.002674; score: [0.         0.         0.00414938 0.00497925 0.         0.00622407
 0.00414938 0.00248963 0.00207469]
2025-07-25 03:14:27,428 - INFO - service recall    | micro: 0.659091; macro: 0.666667; score: [0. 0. 1. 1. 0. 1. 1. 1. 1.]
2025-07-25 03:14:27,428 - INFO - service f1        | micro: 0.007974; macro: 0.005324; score: [0.         0.         0.00826446 0.00990917 0.         0.01237113
 0.00826446 0.00496689 0.00414079]
2025-07-25 03:14:27,512 - INFO - pod     precision | micro: 0.006432; macro: 0.001429; score: [0.         0.         0.         0.         0.00580913 0.00705394
 0.         0.         0.        ]
2025-07-25 03:14:27,512 - INFO - pod     recall    | micro: 0.283105; macro: 0.222222; score: [0. 0. 0. 0. 1. 1. 0. 0. 0.]
2025-07-25 03:14:27,512 - INFO - pod     f1        | micro: 0.012577; macro: 0.002840; score: [0.         0.         0.         0.         0.01155116 0.01400906
 0.         0.         0.        ]
2025-07-25 03:14:27,512 - INFO - ----------
Running: python ./HolisticRCA/trainer/a_rca_trainer.py   --model_path /root/shared-nvme/work/code/RCA/HolisticRCA/model/a/checkpoint/main.pt   --epochs 300   --orl_te_heads 4   --orl_te_layers 2   --orl_te_in_channels 512   --efi_in_dim 512   --efi_te_heads 8   --efi_te_layers 2   --efi_out_dim 512   --eff_in_dim 512   --eff_GAT_out_channels 128   --eff_GAT_heads 4   --eff_GAT_dropout 0.1           --GAT_name1 GATv2Conv           --GAT_name2 GATv2Conv           --activ_fun1 hardtanh           --activ_fun2 hardtanh

=== 内容从行 431810 开始的 16 行 ===
2025-07-25 05:25:03,224 - INFO - evaluation dataset type: test
2025-07-25 05:25:03,245 - INFO - node    precision | micro: 0.626263; macro: 0.668950; score: [0.8125     0.4        0.85714286 0.46153846 0.84615385 0.63636364]
2025-07-25 05:25:03,245 - INFO - node    recall    | micro: 0.925373; macro: 0.908730; score: [0.92857143 0.85714286 0.66666667 1.         1.         1.        ]
2025-07-25 05:25:03,245 - INFO - node    f1        | micro: 0.746988; macro: 0.748024; score: [0.86666667 0.54545455 0.75       0.63157895 0.91666667 0.77777778]
2025-07-25 05:25:03,272 - INFO - service precision | micro: 0.740260; macro: 0.761616; score: [0.81818182 0.81818182 0.4        0.33333333 1.         0.81818182
 1.         1.         0.66666667]
2025-07-25 05:25:03,272 - INFO - service recall    | micro: 0.647727; macro: 0.661111; score: [1.         1.         0.2        0.41666667 0.5        0.6
 1.         0.83333333 0.4       ]
2025-07-25 05:25:03,272 - INFO - service f1        | micro: 0.690909; macro: 0.689456; score: [0.9        0.9        0.26666667 0.37037037 0.66666667 0.69230769
 1.         0.90909091 0.5       ]
2025-07-25 05:25:03,346 - INFO - pod     precision | micro: 0.604317; macro: 0.629736; score: [0.7704918  0.58666667 0.390625   0.37179487 0.69565217 0.60227273
 0.92727273 0.88888889 0.43396226]
2025-07-25 05:25:03,346 - INFO - pod     recall    | micro: 0.767123; macro: 0.793018; score: [1.         0.95652174 0.51020408 0.46774194 0.57142857 0.77941176
 1.         1.         0.85185185]
2025-07-25 05:25:03,346 - INFO - pod     f1        | micro: 0.676056; macro: 0.693309; score: [0.87037037 0.72727273 0.44247788 0.41428571 0.62745098 0.67948718
 0.96226415 0.94117647 0.575     ]

=== 内容从行 433464 开始的 16 行 ===
2025-07-25 05:43:35,649 - INFO - evaluation dataset type: test
2025-07-25 05:43:35,668 - INFO - node    precision | micro: 0.628866; macro: 0.655542; score: [0.92307692 0.4        0.7        0.44       0.73333333 0.73684211]
2025-07-25 05:43:35,669 - INFO - node    recall    | micro: 0.910448; macro: 0.901455; score: [0.85714286 0.85714286 0.77777778 0.91666667 1.         1.        ]
2025-07-25 05:43:35,669 - INFO - node    f1        | micro: 0.743902; macro: 0.743403; score: [0.88888889 0.54545455 0.73684211 0.59459459 0.84615385 0.84848485]
2025-07-25 05:43:35,695 - INFO - service precision | micro: 0.633028; macro: 0.714043; score: [0.9        0.81818182 0.46153846 0.35       0.75       0.48
 1.         1.         0.66666667]
2025-07-25 05:43:35,696 - INFO - service recall    | micro: 0.784091; macro: 0.809259; score: [1.         1.         0.6        0.58333333 0.5        0.8
 1.         1.         0.8       ]
2025-07-25 05:43:35,696 - INFO - service f1        | micro: 0.700508; macro: 0.748209; score: [0.94736842 0.9        0.52173913 0.4375     0.6        0.6
 1.         1.         0.72727273]
2025-07-25 05:43:35,770 - INFO - pod     precision | micro: 0.430572; macro: 0.558531; score: [0.734375   0.51111111 0.32692308 0.1954023  0.55714286 0.27555556
 0.89473684 0.86486486 0.66666667]
2025-07-25 05:43:35,770 - INFO - pod     recall    | micro: 0.842466; macro: 0.859927; score: [1.         1.         0.69387755 0.5483871  0.69642857 0.91176471
 1.         1.         0.88888889]
2025-07-25 05:43:35,771 - INFO - pod     f1        | micro: 0.569884; macro: 0.659115; score: [0.84684685 0.67647059 0.44444444 0.28813559 0.61904762 0.42320819
 0.94444444 0.92753623 0.76190476]

=== 内容从行 444247 开始的 16 行 ===
2025-07-25 07:45:07,664 - INFO - evaluation dataset type: test
2025-07-25 07:45:07,684 - INFO - node    precision | micro: 0.631579; macro: 0.659742; score: [0.85714286 0.42857143 0.66666667 0.42307692 0.84615385 0.73684211]
2025-07-25 07:45:07,684 - INFO - node    recall    | micro: 0.895522; macro: 0.882937; score: [0.85714286 0.85714286 0.66666667 0.91666667 1.         1.        ]
2025-07-25 07:45:07,684 - INFO - node    f1        | micro: 0.740741; macro: 0.739889; score: [0.85714286 0.57142857 0.66666667 0.57894737 0.91666667 0.84848485]
2025-07-25 07:45:07,710 - INFO - service precision | micro: 0.752809; macro: 0.799353; score: [1.         0.75       0.5        0.36842105 1.         0.90909091
 1.         1.         0.66666667]
2025-07-25 07:45:07,711 - INFO - service recall    | micro: 0.761364; macro: 0.790741; score: [1.         1.         0.4        0.58333333 0.66666667 0.66666667
 1.         1.         0.8       ]
2025-07-25 07:45:07,711 - INFO - service f1        | micro: 0.757062; macro: 0.783300; score: [1.         0.85714286 0.44444444 0.4516129  0.8        0.76923077
 1.         1.         0.72727273]
2025-07-25 07:45:07,785 - INFO - pod     precision | micro: 0.603419; macro: 0.691922; score: [0.95918367 0.64285714 0.39130435 0.27205882 0.67857143 0.59770115
 0.94444444 0.94117647 0.8       ]
2025-07-25 07:45:07,785 - INFO - pod     recall    | micro: 0.805936; macro: 0.828691; score: [1.         0.97826087 0.55102041 0.59677419 0.67857143 0.76470588
 1.         1.         0.88888889]
2025-07-25 07:45:07,785 - INFO - pod     f1        | micro: 0.690127; macro: 0.746574; score: [0.97916667 0.77586207 0.45762712 0.37373737 0.67857143 0.67096774
 0.97142857 0.96969697 0.84210526]

=== 内容从行 448400 开始的 16 行 ===
2025-07-25 08:32:09,704 - INFO - evaluation dataset type: test
2025-07-25 08:32:09,724 - INFO - node    precision | micro: 0.628866; macro: 0.655189; score: [0.86666667 0.42857143 0.66666667 0.42307692 0.84615385 0.7       ]
2025-07-25 08:32:09,724 - INFO - node    recall    | micro: 0.910448; macro: 0.894841; score: [0.92857143 0.85714286 0.66666667 0.91666667 1.         1.        ]
2025-07-25 08:32:09,725 - INFO - node    f1        | micro: 0.743902; macro: 0.742298; score: [0.89655172 0.57142857 0.66666667 0.57894737 0.91666667 0.82352941]
2025-07-25 08:32:09,752 - INFO - service precision | micro: 0.714286; macro: 0.737290; score: [1.         0.9        0.5        0.375      0.72727273 0.9
 1.         0.83333333 0.4       ]
2025-07-25 08:32:09,752 - INFO - service recall    | micro: 0.738636; macro: 0.744444; score: [1.         1.         0.7        0.5        0.66666667 0.6
 1.         0.83333333 0.4       ]
2025-07-25 08:32:09,752 - INFO - service f1        | micro: 0.726257; macro: 0.734251; score: [1.         0.94736842 0.58333333 0.42857143 0.69565217 0.72
 1.         0.83333333 0.4       ]
2025-07-25 08:32:09,826 - INFO - pod     precision | micro: 0.535456; macro: 0.683673; score: [0.95918367 0.75       0.23163842 0.29850746 0.66666667 0.53921569
 1.         0.94117647 0.76666667]
2025-07-25 08:32:09,826 - INFO - pod     recall    | micro: 0.844749; macro: 0.862632; score: [1.         0.97826087 0.83673469 0.64516129 0.64285714 0.80882353
 1.         1.         0.85185185]
2025-07-25 08:32:09,827 - INFO - pod     f1        | micro: 0.655447; macro: 0.741949; score: [0.97916667 0.8490566  0.36283186 0.40816327 0.65454545 0.64705882
 1.         0.96969697 0.80701754]

=== 内容从行 460823 开始的 16 行 ===
2025-07-25 10:52:52,555 - INFO - evaluation dataset type: test
2025-07-25 10:52:52,574 - INFO - node    precision | micro: 0.631579; macro: 0.672441; score: [0.92307692 0.375      0.75       0.42307692 0.78571429 0.77777778]
2025-07-25 10:52:52,574 - INFO - node    recall    | micro: 0.895522; macro: 0.882937; score: [0.85714286 0.85714286 0.66666667 0.91666667 1.         1.        ]
2025-07-25 10:52:52,574 - INFO - node    f1        | micro: 0.740741; macro: 0.741743; score: [0.88888889 0.52173913 0.70588235 0.57894737 0.88       0.875     ]
2025-07-25 10:52:52,601 - INFO - service precision | micro: 0.724138; macro: 0.750649; score: [0.9        0.9        0.33333333 0.42857143 0.8        0.81818182
 0.90909091 1.         0.66666667]
2025-07-25 10:52:52,601 - INFO - service recall    | micro: 0.715909; macro: 0.729630; score: [1.         1.         0.4        0.5        0.66666667 0.6
 1.         1.         0.4       ]
2025-07-25 10:52:52,601 - INFO - service f1        | micro: 0.720000; macro: 0.732430; score: [0.94736842 0.94736842 0.36363636 0.46153846 0.72727273 0.69230769
 0.95238095 1.         0.5       ]
2025-07-25 10:52:52,676 - INFO - pod     precision | micro: 0.609672; macro: 0.688517; score: [0.95918367 0.67692308 0.39726027 0.35051546 0.59701493 0.47457627
 1.         0.94117647 0.8       ]
2025-07-25 10:52:52,676 - INFO - pod     recall    | micro: 0.805936; macro: 0.819478; score: [1.         0.95652174 0.59183673 0.5483871  0.71428571 0.82352941
 1.         1.         0.74074074]
2025-07-25 10:52:52,676 - INFO - pod     f1        | micro: 0.694199; macro: 0.740725; score: [0.97916667 0.79279279 0.47540984 0.42767296 0.6504065  0.60215054
 1.         0.96969697 0.76923077]

=== 内容从行 462480 开始的 16 行 ===
2025-07-25 11:11:29,868 - INFO - evaluation dataset type: test
2025-07-25 11:11:29,888 - INFO - node    precision | micro: 0.628866; macro: 0.653464; score: [0.82352941 0.46153846 0.75       0.4        0.78571429 0.7       ]
2025-07-25 11:11:29,888 - INFO - node    recall    | micro: 0.910448; macro: 0.892857; score: [1.         0.85714286 0.66666667 0.83333333 1.         1.        ]
2025-07-25 11:11:29,888 - INFO - node    f1        | micro: 0.743902; macro: 0.742196; score: [0.90322581 0.6        0.70588235 0.54054054 0.88       0.82352941]
2025-07-25 11:11:29,915 - INFO - service precision | micro: 0.773810; macro: 0.794150; score: [1.         0.9        0.63636364 0.38461538 0.85714286 0.76923077
 1.         1.         0.6       ]
2025-07-25 11:11:29,916 - INFO - service recall    | micro: 0.738636; macro: 0.764815; score: [1.         1.         0.7        0.41666667 0.5        0.66666667
 1.         1.         0.6       ]
2025-07-25 11:11:29,916 - INFO - service f1        | micro: 0.755814; macro: 0.773322; score: [1.         0.94736842 0.66666667 0.4        0.63157895 0.71428571
 1.         1.         0.6       ]
2025-07-25 11:11:29,990 - INFO - pod     precision | micro: 0.647378; macro: 0.712204; score: [0.94       0.76271186 0.42857143 0.34117647 0.66129032 0.55102041
 0.96226415 0.96969697 0.79310345]
2025-07-25 11:11:29,991 - INFO - pod     recall    | micro: 0.817352; macro: 0.839868; score: [1.         0.97826087 0.73469388 0.46774194 0.73214286 0.79411765
 1.         1.         0.85185185]
2025-07-25 11:11:29,991 - INFO - pod     f1        | micro: 0.722503; macro: 0.766051; score: [0.96907216 0.85714286 0.54135338 0.39455782 0.69491525 0.65060241
 0.98076923 0.98461538 0.82142857]

=== 内容从行 499814 开始的 16 行 ===
2025-07-25 18:15:46,290 - INFO - evaluation dataset type: test
2025-07-25 18:15:46,312 - INFO - node    precision | micro: 0.628866; macro: 0.661285; score: [0.875      0.42857143 0.77777778 0.41666667 0.83333333 0.63636364]
2025-07-25 18:15:46,312 - INFO - node    recall    | micro: 0.910448; macro: 0.896224; score: [1.         0.85714286 0.77777778 0.83333333 0.90909091 1.        ]
2025-07-25 18:15:46,312 - INFO - node    f1        | micro: 0.743902; macro: 0.747573; score: [0.93333333 0.57142857 0.77777778 0.55555556 0.86956522 0.77777778]
2025-07-25 18:15:46,340 - INFO - service precision | micro: 0.734177; macro: 0.739808; score: [1.         0.69230769 0.5        0.38461538 0.875      0.77777778
 1.         1.         0.42857143]
2025-07-25 18:15:46,340 - INFO - service recall    | micro: 0.659091; macro: 0.696296; score: [1.         1.         0.2        0.41666667 0.58333333 0.46666667
 1.         1.         0.6       ]
2025-07-25 18:15:46,340 - INFO - service f1        | micro: 0.694611; macro: 0.698581; score: [1.         0.81818182 0.28571429 0.4        0.7        0.58333333
 1.         1.         0.5       ]
2025-07-25 18:15:46,418 - INFO - pod     precision | micro: 0.570470; macro: 0.617278; score: [0.90384615 0.45918367 0.29885057 0.4        0.65454545 0.59302326
 0.91071429 0.91428571 0.42105263]
2025-07-25 18:15:46,418 - INFO - pod     recall    | micro: 0.776256; macro: 0.804692; score: [1.         0.97826087 0.53061224 0.4516129  0.64285714 0.75
 1.         1.         0.88888889]
2025-07-25 18:15:46,418 - INFO - pod     f1        | micro: 0.657640; macro: 0.685778; score: [0.94949495 0.625      0.38235294 0.42424242 0.64864865 0.66233766
 0.95327103 0.95522388 0.57142857]

=== 内容从行 503133 开始的 16 行 ===
2025-07-25 18:53:29,474 - INFO - evaluation dataset type: test
2025-07-25 18:53:29,493 - INFO - node    precision | micro: 0.632653; macro: 0.657341; score: [0.875      0.375      0.75       0.45833333 0.78571429 0.7       ]
2025-07-25 18:53:29,493 - INFO - node    recall    | micro: 0.925373; macro: 0.906746; score: [1.         0.85714286 0.66666667 0.91666667 1.         1.        ]
2025-07-25 18:53:29,494 - INFO - node    f1        | micro: 0.751515; macro: 0.745933; score: [0.93333333 0.52173913 0.70588235 0.61111111 0.88       0.82352941]
2025-07-25 18:53:29,521 - INFO - service precision | micro: 0.704082; macro: 0.752040; score: [1.         0.9        0.35294118 0.36363636 0.75       0.6875
 1.         1.         0.71428571]
2025-07-25 18:53:29,522 - INFO - service recall    | micro: 0.784091; macro: 0.824074; score: [1.         1.         0.6        0.33333333 0.75       0.73333333
 1.         1.         1.        ]
2025-07-25 18:53:29,522 - INFO - service f1        | micro: 0.741935; macro: 0.781406; score: [1.         0.94736842 0.44444444 0.34782609 0.75       0.70967742
 1.         1.         0.83333333]
2025-07-25 18:53:29,596 - INFO - pod     precision | micro: 0.555215; macro: 0.676472; score: [1.         0.65714286 0.25517241 0.33695652 0.62318841 0.45762712
 0.98076923 0.96969697 0.80769231]
2025-07-25 18:53:29,596 - INFO - pod     recall    | micro: 0.826484; macro: 0.843873; score: [1.         1.         0.75510204 0.5        0.76785714 0.79411765
 1.         1.         0.77777778]
2025-07-25 18:53:29,597 - INFO - pod     f1        | micro: 0.664220; macro: 0.734794; score: [1.         0.79310345 0.3814433  0.4025974  0.688      0.58064516
 0.99029126 0.98461538 0.79245283]

=== 内容从行 504779 开始的 16 行 ===
2025-07-25 19:12:22,455 - INFO - evaluation dataset type: test
2025-07-25 19:12:22,478 - INFO - node    precision | micro: 0.632653; macro: 0.657341; score: [0.875      0.375      0.75       0.45833333 0.78571429 0.7       ]
2025-07-25 19:12:22,478 - INFO - node    recall    | micro: 0.925373; macro: 0.906746; score: [1.         0.85714286 0.66666667 0.91666667 1.         1.        ]
2025-07-25 19:12:22,478 - INFO - node    f1        | micro: 0.751515; macro: 0.745933; score: [0.93333333 0.52173913 0.70588235 0.61111111 0.88       0.82352941]
2025-07-25 19:12:22,507 - INFO - service precision | micro: 0.704082; macro: 0.752040; score: [1.         0.9        0.35294118 0.36363636 0.75       0.6875
 1.         1.         0.71428571]
2025-07-25 19:12:22,507 - INFO - service recall    | micro: 0.784091; macro: 0.824074; score: [1.         1.         0.6        0.33333333 0.75       0.73333333
 1.         1.         1.        ]
2025-07-25 19:12:22,507 - INFO - service f1        | micro: 0.741935; macro: 0.781406; score: [1.         0.94736842 0.44444444 0.34782609 0.75       0.70967742
 1.         1.         0.83333333]
2025-07-25 19:12:22,584 - INFO - pod     precision | micro: 0.555215; macro: 0.676472; score: [1.         0.65714286 0.25517241 0.33695652 0.62318841 0.45762712
 0.98076923 0.96969697 0.80769231]
2025-07-25 19:12:22,584 - INFO - pod     recall    | micro: 0.826484; macro: 0.843873; score: [1.         1.         0.75510204 0.5        0.76785714 0.79411765
 1.         1.         0.77777778]
2025-07-25 19:12:22,584 - INFO - pod     f1        | micro: 0.664220; macro: 0.734794; score: [1.         0.79310345 0.3814433  0.4025974  0.688      0.58064516
 0.99029126 0.98461538 0.79245283]

=== 内容从行 509756 开始的 16 行 ===
2025-07-25 20:08:55,535 - INFO - evaluation dataset type: test
2025-07-25 20:08:55,555 - INFO - node    precision | micro: 0.628866; macro: 0.659005; score: [0.86666667 0.42857143 0.75       0.42307692 0.78571429 0.7       ]
2025-07-25 20:08:55,555 - INFO - node    recall    | micro: 0.910448; macro: 0.894841; score: [0.92857143 0.85714286 0.66666667 0.91666667 1.         1.        ]
2025-07-25 20:08:55,555 - INFO - node    f1        | micro: 0.743902; macro: 0.742723; score: [0.89655172 0.57142857 0.70588235 0.57894737 0.88       0.82352941]
2025-07-25 20:08:55,583 - INFO - service precision | micro: 0.670213; macro: 0.633633; score: [0.9        0.69230769 0.42857143 0.36363636 0.81818182 0.66666667
 0.83333333 1.         0.        ]
2025-07-25 20:08:55,583 - INFO - service recall    | micro: 0.715909; macro: 0.705556; score: [1.         1.         0.6        0.33333333 0.75       0.66666667
 1.         1.         0.        ]
2025-07-25 20:08:55,583 - INFO - service f1        | micro: 0.692308; macro: 0.663527; score: [0.94736842 0.81818182 0.5        0.34782609 0.7826087  0.66666667
 0.90909091 1.         0.        ]
2025-07-25 20:08:55,659 - INFO - pod     precision | micro: 0.598695; macro: 0.702185; score: [0.94       0.75       0.26428571 0.38709677 0.67213115 0.6
 0.87931034 0.96969697 0.85714286]
2025-07-25 20:08:55,660 - INFO - pod     recall    | micro: 0.837900; macro: 0.858795; score: [1.         0.97826087 0.75510204 0.58064516 0.73214286 0.79411765
 1.         1.         0.88888889]
2025-07-25 20:08:55,660 - INFO - pod     f1        | micro: 0.698382; macro: 0.761300; score: [0.96907216 0.8490566  0.39153439 0.46451613 0.7008547  0.6835443
 0.93577982 0.98461538 0.87272727]

=== 内容从行 531350 开始的 16 行 ===
2025-07-26 00:14:01,110 - INFO - evaluation dataset type: test
2025-07-26 00:14:01,131 - INFO - node    precision | micro: 0.628866; macro: 0.659005; score: [0.86666667 0.42857143 0.75       0.42307692 0.78571429 0.7       ]
2025-07-26 00:14:01,131 - INFO - node    recall    | micro: 0.910448; macro: 0.894841; score: [0.92857143 0.85714286 0.66666667 0.91666667 1.         1.        ]
2025-07-26 00:14:01,131 - INFO - node    f1        | micro: 0.743902; macro: 0.742723; score: [0.89655172 0.57142857 0.70588235 0.57894737 0.88       0.82352941]
2025-07-26 00:14:01,158 - INFO - service precision | micro: 0.670213; macro: 0.633633; score: [0.9        0.69230769 0.42857143 0.36363636 0.81818182 0.66666667
 0.83333333 1.         0.        ]
2025-07-26 00:14:01,158 - INFO - service recall    | micro: 0.715909; macro: 0.705556; score: [1.         1.         0.6        0.33333333 0.75       0.66666667
 1.         1.         0.        ]
2025-07-26 00:14:01,159 - INFO - service f1        | micro: 0.692308; macro: 0.663527; score: [0.94736842 0.81818182 0.5        0.34782609 0.7826087  0.66666667
 0.90909091 1.         0.        ]
2025-07-26 00:14:01,235 - INFO - pod     precision | micro: 0.598695; macro: 0.702185; score: [0.94       0.75       0.26428571 0.38709677 0.67213115 0.6
 0.87931034 0.96969697 0.85714286]
2025-07-26 00:14:01,236 - INFO - pod     recall    | micro: 0.837900; macro: 0.858795; score: [1.         0.97826087 0.75510204 0.58064516 0.73214286 0.79411765
 1.         1.         0.88888889]
2025-07-26 00:14:01,236 - INFO - pod     f1        | micro: 0.698382; macro: 0.761300; score: [0.96907216 0.8490566  0.39153439 0.46451613 0.7008547  0.6835443
 0.93577982 0.98461538 0.87272727]

=== 内容从行 540471 开始的 16 行 ===
2025-07-26 01:57:33,359 - INFO - evaluation dataset type: test
2025-07-26 01:57:33,379 - INFO - node    precision | micro: 0.626263; macro: 0.644542; score: [0.73684211 0.5        0.75       0.45833333 0.78571429 0.63636364]
2025-07-26 01:57:33,379 - INFO - node    recall    | micro: 0.925373; macro: 0.906746; score: [1.         0.85714286 0.66666667 0.91666667 1.         1.        ]
2025-07-26 01:57:33,379 - INFO - node    f1        | micro: 0.746988; macro: 0.742473; score: [0.84848485 0.63157895 0.70588235 0.61111111 0.88       0.77777778]
2025-07-26 01:57:33,406 - INFO - service precision | micro: 0.215633; macro: 0.505422; score: [0.81818182 0.6        0.16071429 0.12903226 0.15873016 0.10638298
 0.90909091 1.         0.66666667]
2025-07-26 01:57:33,406 - INFO - service recall    | micro: 0.909091; macro: 0.911111; score: [1.         1.         0.9        0.66666667 0.83333333 1.
 1.         1.         0.8       ]
2025-07-26 01:57:33,406 - INFO - service f1        | micro: 0.348584; macro: 0.586397; score: [0.9        0.75       0.27272727 0.21621622 0.26666667 0.19230769
 0.95238095 1.         0.72727273]
2025-07-26 01:57:33,482 - INFO - pod     precision | micro: 0.219132; macro: 0.479250; score: [0.78333333 0.62857143 0.17213115 0.14569536 0.25139665 0.08302354
 0.91071429 0.72727273 0.61111111]
2025-07-26 01:57:33,482 - INFO - pod     recall    | micro: 0.899543; macro: 0.903002; score: [1.         0.95652174 0.85714286 0.70967742 0.80357143 0.98529412
 1.         1.         0.81481481]
2025-07-26 01:57:33,482 - INFO - pod     f1        | micro: 0.352415; macro: 0.577276; score: [0.87850467 0.75862069 0.28668942 0.24175824 0.38297872 0.15314286
 0.95327103 0.84210526 0.6984127 ]

=== 内容从行 36434 开始的 16 行 ===
2025-07-22 02:41:09,855 - INFO - evaluation dataset type: test
2025-07-22 02:41:09,875 - INFO - node    precision | micro: 0.642105; macro: 0.689106; score: [0.77777778 0.5        1.         0.43478261 0.78571429 0.63636364]
2025-07-22 02:41:09,875 - INFO - node    recall    | micro: 0.910448; macro: 0.892857; score: [1.         0.85714286 0.66666667 0.83333333 1.         1.        ]
2025-07-22 02:41:09,875 - INFO - node    f1        | micro: 0.753086; macro: 0.755964; score: [0.875      0.63157895 0.8        0.57142857 0.88       0.77777778]
2025-07-22 02:41:09,902 - INFO - service precision | micro: 0.753247; macro: 0.785088; score: [1.         0.75       0.5        0.31578947 1.         1.
 1.         1.         0.5       ]
2025-07-22 02:41:09,903 - INFO - service recall    | micro: 0.659091; macro: 0.659259; score: [1.         1.         0.2        0.5        0.66666667 0.53333333
 1.         0.83333333 0.2       ]
2025-07-22 02:41:09,903 - INFO - service f1        | micro: 0.703030; macro: 0.691157; score: [1.         0.85714286 0.28571429 0.38709677 0.8        0.69565217
 1.         0.90909091 0.28571429]
2025-07-22 02:41:09,977 - INFO - pod     precision | micro: 0.638889; macro: 0.679184; score: [0.90384615 0.58441558 0.38636364 0.29166667 0.67213115 0.72307692
 0.96226415 0.88888889 0.7       ]
2025-07-22 02:41:09,977 - INFO - pod     recall    | micro: 0.735160; macro: 0.746517; score: [1.         0.97826087 0.34693878 0.4516129  0.73214286 0.69117647
 1.         1.         0.51851852]
2025-07-22 02:41:09,978 - INFO - pod     f1        | micro: 0.683652; macro: 0.702948; score: [0.94949495 0.73170732 0.3655914  0.35443038 0.7008547  0.70676692
 0.98076923 0.94117647 0.59574468]

=== 内容从行 42246 开始的 16 行 ===
2025-07-22 03:46:34,834 - INFO - evaluation dataset type: test
2025-07-22 03:46:34,853 - INFO - node    precision | micro: 0.635417; macro: 0.662119; score: [0.82352941 0.5        0.75       0.41666667 0.84615385 0.63636364]
2025-07-22 03:46:34,853 - INFO - node    recall    | micro: 0.910448; macro: 0.892857; score: [1.         0.85714286 0.66666667 0.83333333 1.         1.        ]
2025-07-22 03:46:34,853 - INFO - node    f1        | micro: 0.748466; macro: 0.748448; score: [0.90322581 0.63157895 0.70588235 0.55555556 0.91666667 0.77777778]
2025-07-22 03:46:34,880 - INFO - service precision | micro: 0.703297; macro: 0.754761; score: [1.         0.9        0.46153846 0.46666667 1.         0.55555556
 0.90909091 1.         0.5       ]
2025-07-22 03:46:34,881 - INFO - service recall    | micro: 0.727273; macro: 0.740741; score: [1.         1.         0.6        0.58333333 0.41666667 0.66666667
 1.         1.         0.4       ]
2025-07-22 03:46:34,881 - INFO - service f1        | micro: 0.715084; macro: 0.730972; score: [1.         0.94736842 0.52173913 0.51851852 0.58823529 0.60606061
 0.95238095 1.         0.44444444]
2025-07-22 03:46:34,955 - INFO - pod     precision | micro: 0.632768; macro: 0.722927; score: [0.92156863 0.93478261 0.36904762 0.42105263 0.86666667 0.432
 0.87931034 0.94117647 0.74074074]
2025-07-22 03:46:34,955 - INFO - pod     recall    | micro: 0.767123; macro: 0.786968; score: [1.         0.93478261 0.63265306 0.51612903 0.46428571 0.79411765
 1.         1.         0.74074074]
2025-07-22 03:46:34,955 - INFO - pod     f1        | micro: 0.693498; macro: 0.737150; score: [0.95918367 0.93478261 0.46616541 0.46376812 0.60465116 0.55958549
 0.93577982 0.96969697 0.74074074]

=== 内容从行 77066 开始的 16 行 ===
2025-07-22 10:19:23,624 - INFO - evaluation dataset type: test
2025-07-22 10:19:23,644 - INFO - node    precision | micro: 0.639175; macro: 0.661366; score: [0.76470588 0.5        0.77777778 0.44       0.78571429 0.7       ]
2025-07-22 10:19:23,644 - INFO - node    recall    | micro: 0.925373; macro: 0.913360; score: [0.92857143 0.85714286 0.77777778 0.91666667 1.         1.        ]
2025-07-22 10:19:23,644 - INFO - node    f1        | micro: 0.756098; macro: 0.757698; score: [0.83870968 0.63157895 0.77777778 0.59459459 0.88       0.82352941]
2025-07-22 10:19:23,670 - INFO - service precision | micro: 0.703297; macro: 0.734568; score: [1.         0.75       0.44444444 0.33333333 0.75       0.66666667
 1.         1.         0.66666667]
2025-07-22 10:19:23,671 - INFO - service recall    | micro: 0.727273; macro: 0.737037; score: [1.         1.         0.4        0.41666667 0.75       0.66666667
 1.         1.         0.4       ]
2025-07-22 10:19:23,671 - INFO - service f1        | micro: 0.715084; macro: 0.729470; score: [1.         0.85714286 0.42105263 0.37037037 0.75       0.66666667
 1.         1.         0.5       ]
2025-07-22 10:19:23,745 - INFO - pod     precision | micro: 0.596552; macro: 0.687422; score: [0.97916667 0.84615385 0.26388889 0.31147541 0.69491525 0.48181818
 0.96226415 0.96969697 0.67741935]
2025-07-22 10:19:23,745 - INFO - pod     recall    | micro: 0.789954; macro: 0.805168; score: [1.         0.95652174 0.3877551  0.61290323 0.73214286 0.77941176
 1.         1.         0.77777778]
2025-07-22 10:19:23,745 - INFO - pod     f1        | micro: 0.679764; macro: 0.734733; score: [0.98947368 0.89795918 0.31404959 0.41304348 0.71304348 0.59550562
 0.98076923 0.98461538 0.72413793]

=== 内容从行 140042 开始的 16 行 ===
2025-07-22 22:10:15,188 - INFO - evaluation dataset type: test
2025-07-22 22:10:15,208 - INFO - node    precision | micro: 0.644444; macro: 0.675223; score: [0.92307692 0.4        0.66666667 0.47826087 0.91666667 0.66666667]
2025-07-22 22:10:15,208 - INFO - node    recall    | micro: 0.865672; macro: 0.845899; score: [0.85714286 0.85714286 0.44444444 0.91666667 1.         1.        ]
2025-07-22 22:10:15,208 - INFO - node    f1        | micro: 0.738854; macro: 0.725462; score: [0.88888889 0.54545455 0.53333333 0.62857143 0.95652174 0.8       ]
2025-07-22 22:10:15,241 - INFO - service precision | micro: 0.004647; macro: 0.002582; score: [0.         0.00373444 0.00414938 0.         0.00497925 0.00622407
 0.00414938 0.         0.        ]
2025-07-22 22:10:15,241 - INFO - service recall    | micro: 0.636364; macro: 0.555556; score: [0. 1. 1. 0. 1. 1. 1. 0. 0.]
2025-07-22 22:10:15,241 - INFO - service f1        | micro: 0.009227; macro: 0.005139; score: [0.         0.00744109 0.00826446 0.         0.00990917 0.01237113
 0.00826446 0.         0.        ]
2025-07-22 22:10:15,328 - INFO - pod     precision | micro: 0.005014; macro: 0.001671; score: [0.         0.         0.         0.00643154 0.         0.
 0.00529046 0.0033195  0.        ]
2025-07-22 22:10:15,328 - INFO - pod     recall    | micro: 0.331050; macro: 0.333333; score: [0. 0. 0. 1. 0. 0. 1. 1. 0.]
2025-07-22 22:10:15,328 - INFO - pod     f1        | micro: 0.009878; macro: 0.003325; score: [0.         0.         0.         0.01278087 0.         0.
 0.01052523 0.00661704 0.        ]
2025-07-22 22:10:15,328 - INFO - ----------
Running: python ./HolisticRCA/trainer/a_rca_trainer.py   --model_path /root/shared-nvme/work/code/RCA/HolisticRCA/model/a/checkpoint/main.pt   --epochs 300   --orl_te_heads 4   --orl_te_layers 2   --orl_te_in_channels 512   --efi_in_dim 512   --efi_te_heads 8   --efi_te_layers 2   --efi_out_dim 512   --eff_in_dim 512   --eff_GAT_out_channels 128   --eff_GAT_heads 4   --eff_GAT_dropout 0.1           --GAT_name1 GATConv           --GAT_name2 GATv2Conv           --activ_fun1 hardtanh           --activ_fun2 hardtanh

=== 内容从行 151604 开始的 16 行 ===
2025-07-23 00:21:28,120 - INFO - evaluation dataset type: test
2025-07-23 00:21:28,139 - INFO - node    precision | micro: 0.635417; macro: 0.688821; score: [0.82352941 0.4        1.         0.45454545 0.84615385 0.60869565]
2025-07-23 00:21:28,140 - INFO - node    recall    | micro: 0.910448; macro: 0.892857; score: [1.         0.85714286 0.66666667 0.83333333 1.         1.        ]
2025-07-23 00:21:28,140 - INFO - node    f1        | micro: 0.748466; macro: 0.751723; score: [0.90322581 0.54545455 0.8        0.58823529 0.91666667 0.75675676]
2025-07-23 00:21:28,167 - INFO - service precision | micro: 0.638298; macro: 0.683207; score: [1.         0.9        0.3        0.3125     0.63636364 0.72727273
 1.         1.         0.27272727]
2025-07-23 00:21:28,168 - INFO - service recall    | micro: 0.681818; macro: 0.714815; score: [1.         1.         0.3        0.41666667 0.58333333 0.53333333
 1.         1.         0.6       ]
2025-07-23 00:21:28,168 - INFO - service f1        | micro: 0.659341; macro: 0.689288; score: [1.         0.94736842 0.3        0.35714286 0.60869565 0.61538462
 1.         1.         0.375     ]
2025-07-23 00:21:28,242 - INFO - pod     precision | micro: 0.606822; macro: 0.665838; score: [0.92156863 0.67164179 0.29577465 0.30392157 0.578125   0.63218391
 0.94444444 0.94117647 0.7037037 ]
2025-07-23 00:21:28,242 - INFO - pod     recall    | micro: 0.771689; macro: 0.786675; score: [1.         0.97826087 0.42857143 0.5        0.66071429 0.80882353
 1.         1.         0.7037037 ]
2025-07-23 00:21:28,242 - INFO - pod     f1        | micro: 0.679397; macro: 0.717207; score: [0.95918367 0.79646018 0.35       0.37804878 0.61666667 0.70967742
 0.97142857 0.96969697 0.7037037 ]

=== 内容从行 164861 开始的 16 行 ===
2025-07-23 02:51:22,088 - INFO - evaluation dataset type: test
2025-07-23 02:51:22,107 - INFO - node    precision | micro: 0.640449; macro: 0.671575; score: [0.92307692 0.4        0.71428571 0.40909091 0.84615385 0.73684211]
2025-07-23 02:51:22,107 - INFO - node    recall    | micro: 0.850746; macro: 0.836640; score: [0.85714286 0.85714286 0.55555556 0.75       1.         1.        ]
2025-07-23 02:51:22,107 - INFO - node    f1        | micro: 0.730769; macro: 0.725651; score: [0.88888889 0.54545455 0.625      0.52941176 0.91666667 0.84848485]
2025-07-23 02:51:22,135 - INFO - service precision | micro: 0.196185; macro: 0.582295; score: [0.81818182 0.81818182 0.03252033 0.36363636 0.52631579 0.27272727
 0.90909091 1.         0.5       ]
2025-07-23 02:51:22,135 - INFO - service recall    | micro: 0.818182; macro: 0.840741; score: [1.         1.         0.8        0.33333333 0.83333333 0.8
 1.         1.         0.8       ]
2025-07-23 02:51:22,135 - INFO - service f1        | micro: 0.316484; macro: 0.647781; score: [0.9        0.9        0.0625     0.34782609 0.64516129 0.40677966
 0.95238095 1.         0.61538462]
2025-07-23 02:51:22,212 - INFO - pod     precision | micro: 0.244401; macro: 0.578559; score: [0.85454545 0.5625     0.04782609 0.37333333 0.51764706 0.32786885
 0.89473684 0.91428571 0.71428571]
2025-07-23 02:51:22,212 - INFO - pod     recall    | micro: 0.847032; macro: 0.859627; score: [1.         0.97826087 0.89795918 0.4516129  0.78571429 0.88235294
 1.         1.         0.74074074]
2025-07-23 02:51:22,212 - INFO - pod     f1        | micro: 0.379346; macro: 0.651619; score: [0.92156863 0.71428571 0.09081527 0.40875912 0.62411348 0.47808765
 0.94444444 0.95522388 0.72727273]

=== 内容从行 192974 开始的 16 行 ===
2025-07-23 08:10:44,015 - INFO - evaluation dataset type: test
2025-07-23 08:10:44,035 - INFO - node    precision | micro: 0.635417; macro: 0.666084; score: [0.76470588 0.4        0.77777778 0.47826087 0.90909091 0.66666667]
2025-07-23 08:10:44,036 - INFO - node    recall    | micro: 0.910448; macro: 0.898208; score: [0.92857143 0.85714286 0.77777778 0.91666667 0.90909091 1.        ]
2025-07-23 08:10:44,036 - INFO - node    f1        | micro: 0.748466; macro: 0.749934; score: [0.83870968 0.54545455 0.77777778 0.62857143 0.90909091 0.8       ]
2025-07-23 08:10:44,063 - INFO - service precision | micro: 0.703297; macro: 0.751593; score: [1.         0.81818182 0.38461538 0.46153846 1.         0.5
 1.         1.         0.6       ]
2025-07-23 08:10:44,063 - INFO - service recall    | micro: 0.727273; macro: 0.755556; score: [1.         1.         0.5        0.5        0.66666667 0.53333333
 1.         1.         0.6       ]
2025-07-23 08:10:44,063 - INFO - service f1        | micro: 0.715084; macro: 0.747879; score: [1.         0.9        0.43478261 0.48       0.8        0.51612903
 1.         1.         0.6       ]
2025-07-23 08:10:44,138 - INFO - pod     precision | micro: 0.571429; macro: 0.674919; score: [0.95918367 0.671875   0.30555556 0.35238095 0.69354839 0.42063492
 0.96226415 0.96969697 0.73913043]
2025-07-23 08:10:44,138 - INFO - pod     recall    | micro: 0.812785; macro: 0.820214; score: [1.         0.93478261 0.67346939 0.59677419 0.76785714 0.77941176
 1.         1.         0.62962963]
2025-07-23 08:10:44,138 - INFO - pod     f1        | micro: 0.671065; macro: 0.727230; score: [0.97916667 0.78181818 0.42038217 0.44311377 0.72881356 0.54639175
 0.98076923 0.98461538 0.68      ]

=== 内容从行 217820 开始的 16 行 ===
2025-07-23 12:53:06,513 - INFO - evaluation dataset type: test
2025-07-23 12:53:06,534 - INFO - node    precision | micro: 0.635417; macro: 0.641808; score: [0.82352941 0.42857143 0.7        0.42857143 0.73333333 0.73684211]
2025-07-23 12:53:06,534 - INFO - node    recall    | micro: 0.910448; macro: 0.897487; score: [1.         0.85714286 0.77777778 0.75       1.         1.        ]
2025-07-23 12:53:06,534 - INFO - node    f1        | micro: 0.748466; macro: 0.741932; score: [0.90322581 0.57142857 0.73684211 0.54545455 0.84615385 0.84848485]
2025-07-23 12:53:06,561 - INFO - service precision | micro: 0.740741; macro: 0.746689; score: [0.9        0.81818182 0.44444444 0.36363636 0.8        0.72727273
 1.         1.         0.66666667]
2025-07-23 12:53:06,561 - INFO - service recall    | micro: 0.681818; macro: 0.703704; score: [1.         1.         0.4        0.33333333 0.66666667 0.53333333
 1.         1.         0.4       ]
2025-07-23 12:53:06,561 - INFO - service f1        | micro: 0.710059; macro: 0.717656; score: [0.94736842 0.9        0.42105263 0.34782609 0.72727273 0.61538462
 1.         1.         0.5       ]
2025-07-23 12:53:06,639 - INFO - pod     precision | micro: 0.623886; macro: 0.682829; score: [0.88679245 0.75       0.3877551  0.32231405 0.60869565 0.58947368
 0.98076923 0.88888889 0.73076923]
2025-07-23 12:53:06,639 - INFO - pod     recall    | micro: 0.799087; macro: 0.808031; score: [1.         0.97826087 0.3877551  0.62903226 0.75       0.82352941
 1.         1.         0.7037037 ]
2025-07-23 12:53:06,639 - INFO - pod     f1        | micro: 0.700701; macro: 0.734512; score: [0.94       0.8490566  0.3877551  0.42622951 0.672      0.68711656
 0.99029126 0.94117647 0.71698113]

=== 内容从行 232726 开始的 16 行 ===
2025-07-23 15:44:41,557 - INFO - evaluation dataset type: test
2025-07-23 15:44:41,580 - INFO - node    precision | micro: 0.642105; macro: 0.678080; score: [0.8125     0.46153846 0.77777778 0.4        0.91666667 0.7       ]
2025-07-23 15:44:41,580 - INFO - node    recall    | micro: 0.910448; macro: 0.899471; score: [0.92857143 0.85714286 0.77777778 0.83333333 1.         1.        ]
2025-07-23 15:44:41,580 - INFO - node    f1        | micro: 0.753086; macro: 0.760839; score: [0.86666667 0.6        0.77777778 0.54054054 0.95652174 0.82352941]
2025-07-23 15:44:41,607 - INFO - service precision | micro: 0.708333; macro: 0.766044; score: [1.         0.9        0.33333333 0.47058824 1.         0.52380952
 1.         1.         0.66666667]
2025-07-23 15:44:41,607 - INFO - service recall    | micro: 0.772727; macro: 0.796296; score: [1.         1.         0.3        0.66666667 0.66666667 0.73333333
 1.         1.         0.8       ]
2025-07-23 15:44:41,607 - INFO - service f1        | micro: 0.739130; macro: 0.772585; score: [1.         0.94736842 0.31578947 0.55172414 0.8        0.61111111
 1.         1.         0.72727273]
2025-07-23 15:44:41,683 - INFO - pod     precision | micro: 0.632042; macro: 0.697798; score: [0.88679245 0.75862069 0.35384615 0.37272727 0.65151515 0.54901961
 0.98076923 0.94117647 0.78571429]
2025-07-23 15:44:41,683 - INFO - pod     recall    | micro: 0.819635; macro: 0.832600; score: [1.         0.95652174 0.46938776 0.66129032 0.76785714 0.82352941
 1.         1.         0.81481481]
2025-07-23 15:44:41,683 - INFO - pod     f1        | micro: 0.713718; macro: 0.754460; score: [0.94       0.84615385 0.40350877 0.47674419 0.70491803 0.65882353
 0.99029126 0.96969697 0.8       ]

=== 内容从行 254306 开始的 16 行 ===
2025-07-23 19:50:47,897 - INFO - evaluation dataset type: test
2025-07-23 19:50:47,920 - INFO - node    precision | micro: 0.642105; macro: 0.678080; score: [0.8125     0.46153846 0.77777778 0.4        0.91666667 0.7       ]
2025-07-23 19:50:47,920 - INFO - node    recall    | micro: 0.910448; macro: 0.899471; score: [0.92857143 0.85714286 0.77777778 0.83333333 1.         1.        ]
2025-07-23 19:50:47,920 - INFO - node    f1        | micro: 0.753086; macro: 0.760839; score: [0.86666667 0.6        0.77777778 0.54054054 0.95652174 0.82352941]
2025-07-23 19:50:47,948 - INFO - service precision | micro: 0.708333; macro: 0.766044; score: [1.         0.9        0.33333333 0.47058824 1.         0.52380952
 1.         1.         0.66666667]
2025-07-23 19:50:47,948 - INFO - service recall    | micro: 0.772727; macro: 0.796296; score: [1.         1.         0.3        0.66666667 0.66666667 0.73333333
 1.         1.         0.8       ]
2025-07-23 19:50:47,948 - INFO - service f1        | micro: 0.739130; macro: 0.772585; score: [1.         0.94736842 0.31578947 0.55172414 0.8        0.61111111
 1.         1.         0.72727273]
2025-07-23 19:50:48,026 - INFO - pod     precision | micro: 0.632042; macro: 0.697798; score: [0.88679245 0.75862069 0.35384615 0.37272727 0.65151515 0.54901961
 0.98076923 0.94117647 0.78571429]
2025-07-23 19:50:48,027 - INFO - pod     recall    | micro: 0.819635; macro: 0.832600; score: [1.         0.95652174 0.46938776 0.66129032 0.76785714 0.82352941
 1.         1.         0.81481481]
2025-07-23 19:50:48,027 - INFO - pod     f1        | micro: 0.713718; macro: 0.754460; score: [0.94       0.84615385 0.40350877 0.47674419 0.70491803 0.65882353
 0.99029126 0.96969697 0.8       ]

=== 内容从行 271672 开始的 16 行 ===
2025-07-23 23:08:56,657 - INFO - evaluation dataset type: test
2025-07-23 23:08:56,677 - INFO - node    precision | micro: 0.639175; macro: 0.648433; score: [0.77777778 0.4        0.7        0.5        0.84615385 0.66666667]
2025-07-23 23:08:56,678 - INFO - node    recall    | micro: 0.925373; macro: 0.911376; score: [1.         0.85714286 0.77777778 0.83333333 1.         1.        ]
2025-07-23 23:08:56,678 - INFO - node    f1        | micro: 0.756098; macro: 0.749827; score: [0.875      0.54545455 0.73684211 0.625      0.91666667 0.8       ]
2025-07-23 23:08:56,704 - INFO - service precision | micro: 0.814815; macro: 0.823158; score: [1.         0.9        0.66666667 0.38461538 1.         0.85714286
 1.         1.         0.6       ]
2025-07-23 23:08:56,704 - INFO - service recall    | micro: 0.750000; macro: 0.764815; score: [1.         1.         0.4        0.41666667 0.66666667 0.8
 1.         1.         0.6       ]
2025-07-23 23:08:56,704 - INFO - service f1        | micro: 0.781065; macro: 0.786106; score: [1.         0.94736842 0.5        0.4        0.8        0.82758621
 1.         1.         0.6       ]
2025-07-23 23:08:56,779 - INFO - pod     precision | micro: 0.727273; macro: 0.762842; score: [0.90384615 0.8490566  0.48387097 0.40206186 0.7962963  0.68831169
 0.98076923 0.96969697 0.79166667]
2025-07-23 23:08:56,779 - INFO - pod     recall    | micro: 0.785388; macro: 0.796043; score: [1.         0.97826087 0.30612245 0.62903226 0.76785714 0.77941176
 1.         1.         0.7037037 ]
2025-07-23 23:08:56,779 - INFO - pod     f1        | micro: 0.755214; macro: 0.773001; score: [0.94949495 0.90909091 0.375      0.49056604 0.78181818 0.73103448
 0.99029126 0.98461538 0.74509804]

=== 内容从行 285763 开始的 16 行 ===
2025-07-24 01:49:05,622 - INFO - evaluation dataset type: test
2025-07-24 01:49:05,642 - INFO - node    precision | micro: 0.641304; macro: 0.667841; score: [0.82352941 0.42857143 0.85714286 0.42857143 0.76923077 0.7       ]
2025-07-24 01:49:05,642 - INFO - node    recall    | micro: 0.880597; macro: 0.863817; score: [1.         0.85714286 0.66666667 0.75       0.90909091 1.        ]
2025-07-24 01:49:05,642 - INFO - node    f1        | micro: 0.742138; macro: 0.737829; score: [0.90322581 0.57142857 0.75       0.54545455 0.83333333 0.82352941]
2025-07-24 01:49:05,669 - INFO - service precision | micro: 0.744186; macro: 0.792556; score: [1.         0.75       0.6        0.29411765 0.88888889 1.
 1.         1.         0.6       ]
2025-07-24 01:49:05,669 - INFO - service recall    | micro: 0.727273; macro: 0.757407; score: [1.         1.         0.6        0.41666667 0.66666667 0.53333333
 1.         1.         0.6       ]
2025-07-24 01:49:05,669 - INFO - service f1        | micro: 0.735632; macro: 0.762170; score: [1.         0.85714286 0.6        0.34482759 0.76190476 0.69565217
 1.         1.         0.6       ]
2025-07-24 01:49:05,744 - INFO - pod     precision | micro: 0.636194; macro: 0.711817; score: [0.88679245 0.83333333 0.33       0.33333333 0.75       0.60759494
 0.96226415 0.96969697 0.73333333]
2025-07-24 01:49:05,744 - INFO - pod     recall    | micro: 0.778539; macro: 0.805065; score: [1.         0.97826087 0.67346939 0.48387097 0.58928571 0.70588235
 1.         1.         0.81481481]
2025-07-24 01:49:05,744 - INFO - pod     f1        | micro: 0.700205; macro: 0.747563; score: [0.94       0.9        0.44295302 0.39473684 0.66       0.65306122
 0.98076923 0.98461538 0.77192982]

=== 内容从行 289923 开始的 16 行 ===
2025-07-24 02:36:07,411 - INFO - evaluation dataset type: test
2025-07-24 02:36:07,431 - INFO - node    precision | micro: 0.635417; macro: 0.664272; score: [0.82352941 0.4        0.85714286 0.43478261 0.73333333 0.73684211]
2025-07-24 02:36:07,431 - INFO - node    recall    | micro: 0.910448; macro: 0.892857; score: [1.         0.85714286 0.66666667 0.83333333 1.         1.        ]
2025-07-24 02:36:07,432 - INFO - node    f1        | micro: 0.748466; macro: 0.744125; score: [0.90322581 0.54545455 0.75       0.57142857 0.84615385 0.84848485]
2025-07-24 02:36:07,459 - INFO - service precision | micro: 0.759494; macro: 0.794771; score: [1.         1.         0.5        0.35294118 1.         0.8
 1.         1.         0.5       ]
2025-07-24 02:36:07,459 - INFO - service recall    | micro: 0.681818; macro: 0.694444; score: [1.         1.         0.4        0.5        0.58333333 0.53333333
 1.         0.83333333 0.4       ]
2025-07-24 02:36:07,459 - INFO - service f1        | micro: 0.718563; macro: 0.732068; score: [1.         1.         0.44444444 0.4137931  0.73684211 0.64
 1.         0.90909091 0.44444444]
2025-07-24 02:36:07,537 - INFO - pod     precision | micro: 0.669276; macro: 0.714473; score: [0.92156863 0.91666667 0.4137931  0.375      0.63934426 0.66233766
 0.96226415 0.91428571 0.625     ]
2025-07-24 02:36:07,537 - INFO - pod     recall    | micro: 0.780822; macro: 0.786370; score: [1.         0.95652174 0.48979592 0.62903226 0.69642857 0.75
 1.         1.         0.55555556]
2025-07-24 02:36:07,537 - INFO - pod     f1        | micro: 0.720759; macro: 0.745353; score: [0.95918367 0.93617021 0.44859813 0.46987952 0.66666667 0.70344828
 0.98076923 0.95522388 0.58823529]

=== 内容从行 300701 开始的 16 行 ===
2025-07-24 04:38:37,209 - INFO - evaluation dataset type: test
2025-07-24 04:38:37,229 - INFO - node    precision | micro: 0.635417; macro: 0.665368; score: [0.82352941 0.46153846 0.85714286 0.41666667 0.73333333 0.7       ]
2025-07-24 04:38:37,229 - INFO - node    recall    | micro: 0.910448; macro: 0.892857; score: [1.         0.85714286 0.66666667 0.83333333 1.         1.        ]
2025-07-24 04:38:37,229 - INFO - node    f1        | micro: 0.748466; macro: 0.746411; score: [0.90322581 0.6        0.75       0.55555556 0.84615385 0.82352941]
2025-07-24 04:38:37,257 - INFO - service precision | micro: 0.660194; macro: 0.791799; score: [1.         0.9        0.83333333 0.25       0.75       0.64285714
 1.         1.         0.75      ]
2025-07-24 04:38:37,257 - INFO - service recall    | micro: 0.772727; macro: 0.790741; score: [1.         1.         0.5        0.66666667 0.75       0.6
 1.         1.         0.6       ]
2025-07-24 04:38:37,257 - INFO - service f1        | micro: 0.712042; macro: 0.774818; score: [1.         0.94736842 0.625      0.36363636 0.75       0.62068966
 1.         1.         0.66666667]
2025-07-24 04:38:37,334 - INFO - pod     precision | micro: 0.584906; macro: 0.694890; score: [0.83928571 0.77192982 0.57446809 0.27777778 0.50515464 0.52884615
 0.96226415 0.91428571 0.88      ]
2025-07-24 04:38:37,334 - INFO - pod     recall    | micro: 0.849315; macro: 0.859110; score: [1.         0.95652174 0.55102041 0.72580645 0.875      0.80882353
 1.         1.         0.81481481]
2025-07-24 04:38:37,334 - INFO - pod     f1        | micro: 0.692737; macro: 0.754831; score: [0.91262136 0.85436893 0.5625     0.40178571 0.64052288 0.63953488
 0.98076923 0.95522388 0.84615385]

=== 内容从行 313136 开始的 16 行 ===
2025-07-24 07:00:06,629 - INFO - evaluation dataset type: test
2025-07-24 07:00:06,648 - INFO - node    precision | micro: 0.638298; macro: 0.686282; score: [0.8125     0.42857143 1.         0.45454545 0.78571429 0.63636364]
2025-07-24 07:00:06,648 - INFO - node    recall    | micro: 0.895522; macro: 0.880952; score: [0.92857143 0.85714286 0.66666667 0.83333333 1.         1.        ]
2025-07-24 07:00:06,648 - INFO - node    f1        | micro: 0.745342; macro: 0.747351; score: [0.86666667 0.57142857 0.8        0.58823529 0.88       0.77777778]
2025-07-24 07:00:06,675 - INFO - service precision | micro: 0.640000; macro: 0.691160; score: [1.         0.75       0.46153846 0.21052632 0.8        0.71428571
 0.90909091 0.625      0.75      ]
2025-07-24 07:00:06,675 - INFO - service recall    | micro: 0.727273; macro: 0.744444; score: [1.         1.         0.6        0.33333333 0.66666667 0.66666667
 1.         0.83333333 0.6       ]
2025-07-24 07:00:06,675 - INFO - service f1        | micro: 0.680851; macro: 0.709690; score: [1.         0.85714286 0.52173913 0.25806452 0.72727273 0.68965517
 0.95238095 0.71428571 0.66666667]
2025-07-24 07:00:06,751 - INFO - pod     precision | micro: 0.487350; macro: 0.556672; score: [0.7704918  0.38135593 0.26950355 0.33980583 0.51282051 0.49090909
 0.87931034 0.7804878  0.58536585]
2025-07-24 07:00:06,751 - INFO - pod     recall    | micro: 0.835616; macro: 0.857287; score: [1.         0.97826087 0.7755102  0.56451613 0.71428571 0.79411765
 1.         1.         0.88888889]
2025-07-24 07:00:06,751 - INFO - pod     f1        | micro: 0.615643; macro: 0.662836; score: [0.87037037 0.54878049 0.4        0.42424242 0.59701493 0.60674157
 0.93577982 0.87671233 0.70588235]

=== 内容从行 329730 开始的 16 行 ===
2025-07-24 10:08:57,660 - INFO - evaluation dataset type: test
2025-07-24 10:08:57,679 - INFO - node    precision | micro: 0.638298; macro: 0.668610; score: [0.82352941 0.42857143 0.85714286 0.39130435 0.73333333 0.77777778]
2025-07-24 10:08:57,680 - INFO - node    recall    | micro: 0.895522; macro: 0.878968; score: [1.         0.85714286 0.66666667 0.75       1.         1.        ]
2025-07-24 10:08:57,680 - INFO - node    f1        | micro: 0.745342; macro: 0.743349; score: [0.90322581 0.57142857 0.75       0.51428571 0.84615385 0.875     ]
2025-07-24 10:08:57,707 - INFO - service precision | micro: 0.744186; macro: 0.785372; score: [1.         0.81818182 0.55555556 0.35294118 0.875      0.8
 1.         1.         0.66666667]
2025-07-24 10:08:57,707 - INFO - service recall    | micro: 0.727273; macro: 0.768519; score: [1.         1.         0.5        0.5        0.58333333 0.53333333
 1.         1.         0.8       ]
2025-07-24 10:08:57,707 - INFO - service f1        | micro: 0.735632; macro: 0.767487; score: [1.         0.9        0.52631579 0.4137931  0.7        0.64
 1.         1.         0.72727273]
2025-07-24 10:08:57,782 - INFO - pod     precision | micro: 0.640884; macro: 0.709774; score: [0.94       0.8490566  0.27368421 0.38202247 0.64285714 0.6625
 0.96226415 0.96969697 0.70588235]
2025-07-24 10:08:57,782 - INFO - pod     recall    | micro: 0.794521; macro: 0.818713; score: [1.         0.97826087 0.53061224 0.5483871  0.64285714 0.77941176
 1.         1.         0.88888889]
2025-07-24 10:08:57,782 - INFO - pod     f1        | micro: 0.709480; macro: 0.755661; score: [0.96907216 0.90909091 0.36111111 0.45033113 0.64285714 0.71621622
 0.98076923 0.98461538 0.78688525]

=== 内容从行 354669 开始的 16 行 ===
2025-07-24 14:51:52,370 - INFO - evaluation dataset type: test
2025-07-24 14:51:52,390 - INFO - node    precision | micro: 0.638298; macro: 0.673715; score: [0.8125     0.46153846 0.85714286 0.4        0.73333333 0.77777778]
2025-07-24 14:51:52,390 - INFO - node    recall    | micro: 0.895522; macro: 0.880952; score: [0.92857143 0.85714286 0.66666667 0.83333333 1.         1.        ]
2025-07-24 14:51:52,391 - INFO - node    f1        | micro: 0.745342; macro: 0.746394; score: [0.86666667 0.6        0.75       0.54054054 0.84615385 0.875     ]
2025-07-24 14:51:52,418 - INFO - service precision | micro: 0.653061; macro: 0.724310; score: [0.81818182 0.75       0.58333333 0.23809524 0.77777778 0.69230769
 0.90909091 1.         0.75      ]
2025-07-24 14:51:52,418 - INFO - service recall    | micro: 0.727273; macro: 0.748148; score: [1.         1.         0.7        0.41666667 0.58333333 0.6
 1.         0.83333333 0.6       ]
2025-07-24 14:51:52,418 - INFO - service f1        | micro: 0.688172; macro: 0.726022; score: [0.9        0.85714286 0.63636364 0.3030303  0.66666667 0.64285714
 0.95238095 0.90909091 0.66666667]
2025-07-24 14:51:52,498 - INFO - pod     precision | micro: 0.586207; macro: 0.664516; score: [0.8245614  0.78571429 0.41860465 0.27118644 0.52112676 0.53921569
 0.96226415 0.86486486 0.79310345]
2025-07-24 14:51:52,498 - INFO - pod     recall    | micro: 0.815068; macro: 0.836526; score: [1.         0.95652174 0.73469388 0.51612903 0.66071429 0.80882353
 1.         1.         0.85185185]
2025-07-24 14:51:52,498 - INFO - pod     f1        | micro: 0.681948; macro: 0.734994; score: [0.90384615 0.8627451  0.53333333 0.35555556 0.58267717 0.64705882
 0.98076923 0.92753623 0.82142857]

=== 内容从行 372078 开始的 16 行 ===
2025-07-24 18:09:53,660 - INFO - evaluation dataset type: test
2025-07-24 18:09:53,681 - INFO - node    precision | micro: 0.642105; macro: 0.660668; score: [0.86666667 0.375      0.7        0.47619048 0.84615385 0.7       ]
2025-07-24 18:09:53,681 - INFO - node    recall    | micro: 0.910448; macro: 0.899471; score: [0.92857143 0.85714286 0.77777778 0.83333333 1.         1.        ]
2025-07-24 18:09:53,681 - INFO - node    f1        | micro: 0.753086; macro: 0.750232; score: [0.89655172 0.52173913 0.73684211 0.60606061 0.91666667 0.82352941]
2025-07-24 18:09:53,708 - INFO - service precision | micro: 0.680000; macro: 0.741262; score: [1.         0.81818182 0.38095238 0.4        0.88888889 0.75
 0.83333333 1.         0.6       ]
2025-07-24 18:09:53,708 - INFO - service recall    | micro: 0.772727; macro: 0.796296; score: [1.         1.         0.8        0.5        0.66666667 0.6
 1.         1.         0.6       ]
2025-07-24 18:09:53,708 - INFO - service f1        | micro: 0.723404; macro: 0.755360; score: [1.         0.9        0.51612903 0.44444444 0.76190476 0.66666667
 0.90909091 1.         0.6       ]
2025-07-24 18:09:53,783 - INFO - pod     precision | micro: 0.630357; macro: 0.715220; score: [0.88679245 0.81818182 0.33944954 0.375      0.76190476 0.55445545
 0.96226415 0.96969697 0.76923077]
2025-07-24 18:09:53,783 - INFO - pod     recall    | micro: 0.805936; macro: 0.822369; score: [1.         0.97826087 0.75510204 0.53225806 0.57142857 0.82352941
 1.         1.         0.74074074]
2025-07-24 18:09:53,784 - INFO - pod     f1        | micro: 0.707415; macro: 0.752814; score: [0.94       0.89108911 0.46835443 0.44       0.65306122 0.66272189
 0.98076923 0.98461538 0.75471698]

=== 内容从行 393638 开始的 16 行 ===
2025-07-24 22:15:20,723 - INFO - evaluation dataset type: test
2025-07-24 22:15:20,743 - INFO - node    precision | micro: 0.642105; macro: 0.660668; score: [0.86666667 0.375      0.7        0.47619048 0.84615385 0.7       ]
2025-07-24 22:15:20,743 - INFO - node    recall    | micro: 0.910448; macro: 0.899471; score: [0.92857143 0.85714286 0.77777778 0.83333333 1.         1.        ]
2025-07-24 22:15:20,743 - INFO - node    f1        | micro: 0.753086; macro: 0.750232; score: [0.89655172 0.52173913 0.73684211 0.60606061 0.91666667 0.82352941]
2025-07-24 22:15:20,770 - INFO - service precision | micro: 0.680000; macro: 0.741262; score: [1.         0.81818182 0.38095238 0.4        0.88888889 0.75
 0.83333333 1.         0.6       ]
2025-07-24 22:15:20,770 - INFO - service recall    | micro: 0.772727; macro: 0.796296; score: [1.         1.         0.8        0.5        0.66666667 0.6
 1.         1.         0.6       ]
2025-07-24 22:15:20,770 - INFO - service f1        | micro: 0.723404; macro: 0.755360; score: [1.         0.9        0.51612903 0.44444444 0.76190476 0.66666667
 0.90909091 1.         0.6       ]
2025-07-24 22:15:20,844 - INFO - pod     precision | micro: 0.630357; macro: 0.715220; score: [0.88679245 0.81818182 0.33944954 0.375      0.76190476 0.55445545
 0.96226415 0.96969697 0.76923077]
2025-07-24 22:15:20,844 - INFO - pod     recall    | micro: 0.805936; macro: 0.822369; score: [1.         0.97826087 0.75510204 0.53225806 0.57142857 0.82352941
 1.         1.         0.74074074]
2025-07-24 22:15:20,844 - INFO - pod     f1        | micro: 0.707415; macro: 0.752814; score: [0.94       0.89108911 0.46835443 0.44       0.65306122 0.66272189
 0.98076923 0.98461538 0.75471698]

=== 内容从行 401108 开始的 16 行 ===
2025-07-24 23:39:32,808 - INFO - evaluation dataset type: test
2025-07-24 23:39:32,827 - INFO - node    precision | micro: 0.641304; macro: 0.668207; score: [0.85714286 0.42857143 0.75       0.41666667 0.73333333 0.82352941]
2025-07-24 23:39:32,827 - INFO - node    recall    | micro: 0.880597; macro: 0.869048; score: [0.85714286 0.85714286 0.66666667 0.83333333 1.         1.        ]
2025-07-24 23:39:32,827 - INFO - node    f1        | micro: 0.742138; macro: 0.739898; score: [0.85714286 0.57142857 0.70588235 0.55555556 0.84615385 0.90322581]
2025-07-24 23:39:32,854 - INFO - service precision | micro: 0.710843; macro: 0.756614; score: [1.         0.64285714 0.57142857 0.35714286 1.         0.66666667
 1.         1.         0.57142857]
2025-07-24 23:39:32,854 - INFO - service recall    | micro: 0.670455; macro: 0.708025; score: [0.88888889 1.         0.4        0.41666667 0.5        0.53333333
 1.         0.83333333 0.8       ]
2025-07-24 23:39:32,854 - INFO - service f1        | micro: 0.690058; macro: 0.712667; score: [0.94117647 0.7826087  0.47058824 0.38461538 0.66666667 0.59259259
 1.         0.90909091 0.66666667]
2025-07-24 23:39:32,928 - INFO - pod     precision | micro: 0.748268; macro: 0.783466; score: [0.95918367 0.84615385 0.5        0.38961039 0.96428571 0.69333333
 0.96226415 0.96969697 0.76666667]
2025-07-24 23:39:32,928 - INFO - pod     recall    | micro: 0.739726; macro: 0.767382; score: [1.         0.95652174 0.36734694 0.48387097 0.48214286 0.76470588
 1.         1.         0.85185185]
2025-07-24 23:39:32,928 - INFO - pod     f1        | micro: 0.743972; macro: 0.763871; score: [0.97916667 0.89795918 0.42352941 0.43165468 0.64285714 0.72727273
 0.98076923 0.98461538 0.80701754]

=== 内容从行 409396 开始的 16 行 ===
2025-07-25 01:13:07,158 - INFO - evaluation dataset type: test
2025-07-25 01:13:07,178 - INFO - node    precision | micro: 0.638298; macro: 0.664077; score: [0.86666667 0.42857143 0.75       0.41666667 0.78571429 0.73684211]
2025-07-25 01:13:07,178 - INFO - node    recall    | micro: 0.895522; macro: 0.880952; score: [0.92857143 0.85714286 0.66666667 0.83333333 1.         1.        ]
2025-07-25 01:13:07,178 - INFO - node    f1        | micro: 0.745342; macro: 0.742984; score: [0.89655172 0.57142857 0.70588235 0.55555556 0.88       0.84848485]
2025-07-25 01:13:07,206 - INFO - service precision | micro: 0.684783; macro: 0.723821; score: [1.         0.81818182 0.57142857 0.35294118 1.         0.52941176
 0.90909091 1.         0.33333333]
2025-07-25 01:13:07,206 - INFO - service recall    | micro: 0.715909; macro: 0.729630; score: [1.         1.         0.4        0.5        0.66666667 0.6
 1.         1.         0.4       ]
2025-07-25 01:13:07,206 - INFO - service f1        | micro: 0.700000; macro: 0.718100; score: [1.         0.9        0.47058824 0.4137931  0.8        0.5625
 0.95238095 1.         0.36363636]
2025-07-25 01:13:07,281 - INFO - pod     precision | micro: 0.634686; macro: 0.692797; score: [0.92156863 0.83333333 0.39705882 0.3253012  0.69230769 0.4954955
 0.96226415 0.94117647 0.66666667]
2025-07-25 01:13:07,281 - INFO - pod     recall    | micro: 0.785388; macro: 0.811704; score: [1.         0.97826087 0.55102041 0.43548387 0.64285714 0.80882353
 1.         1.         0.88888889]
2025-07-25 01:13:07,281 - INFO - pod     f1        | micro: 0.702041; macro: 0.742967; score: [0.95918367 0.9        0.46153846 0.37241379 0.66666667 0.61452514
 0.98076923 0.96969697 0.76190476]

=== 内容从行 413559 开始的 16 行 ===
2025-07-25 01:59:56,238 - INFO - evaluation dataset type: test
2025-07-25 01:59:56,257 - INFO - node    precision | micro: 0.638298; macro: 0.695239; score: [0.82352941 0.46153846 1.         0.41666667 0.83333333 0.63636364]
2025-07-25 01:59:56,257 - INFO - node    recall    | micro: 0.895522; macro: 0.877706; score: [1.         0.85714286 0.66666667 0.83333333 0.90909091 1.        ]
2025-07-25 01:59:56,257 - INFO - node    f1        | micro: 0.745342; macro: 0.751021; score: [0.90322581 0.6        0.8        0.55555556 0.86956522 0.77777778]
2025-07-25 01:59:56,284 - INFO - service precision | micro: 0.415094; macro: 0.514052; score: [0.9        0.5        0.33333333 0.14814815 0.40909091 0.66666667
 0.76923077 0.5        0.4       ]
2025-07-25 01:59:56,284 - INFO - service recall    | micro: 0.750000; macro: 0.746296; score: [1.         1.         0.4        0.66666667 0.75       0.66666667
 1.         0.83333333 0.4       ]
2025-07-25 01:59:56,284 - INFO - service f1        | micro: 0.534413; macro: 0.590082; score: [0.94736842 0.66666667 0.36363636 0.24242424 0.52941176 0.66666667
 0.86956522 0.625      0.4       ]
2025-07-25 01:59:56,359 - INFO - pod     precision | micro: 0.353457; macro: 0.463802; score: [0.75806452 0.30612245 0.2875     0.15408805 0.33088235 0.40909091
 0.82258065 0.74418605 0.36170213]
2025-07-25 01:59:56,359 - INFO - pod     recall    | micro: 0.828767; macro: 0.829477; score: [1.         0.97826087 0.46938776 0.79032258 0.80357143 0.79411765
 1.         1.         0.62962963]
2025-07-25 01:59:56,359 - INFO - pod     f1        | micro: 0.495563; macro: 0.574154; score: [0.86238532 0.46632124 0.35658915 0.25789474 0.46875    0.54
 0.90265487 0.85333333 0.45945946]

=== 内容从行 443417 开始的 16 行 ===
2025-07-25 07:35:38,443 - INFO - evaluation dataset type: test
2025-07-25 07:35:38,463 - INFO - node    precision | micro: 0.638298; macro: 0.664672; score: [0.85714286 0.4        0.75       0.45833333 0.78571429 0.73684211]
2025-07-25 07:35:38,463 - INFO - node    recall    | micro: 0.895522; macro: 0.882937; score: [0.85714286 0.85714286 0.66666667 0.91666667 1.         1.        ]
2025-07-25 07:35:38,463 - INFO - node    f1        | micro: 0.745342; macro: 0.741346; score: [0.85714286 0.54545455 0.70588235 0.61111111 0.88       0.84848485]
2025-07-25 07:35:38,490 - INFO - service precision | micro: 0.789474; macro: 0.822222; score: [1.   0.75 0.5  0.4  1.   1.   1.   1.   0.75]
2025-07-25 07:35:38,490 - INFO - service recall    | micro: 0.681818; macro: 0.716667; score: [1.         1.         0.3        0.5        0.58333333 0.46666667
 1.         1.         0.6       ]
2025-07-25 07:35:38,490 - INFO - service f1        | micro: 0.731707; macro: 0.746273; score: [1.         0.85714286 0.375      0.44444444 0.73684211 0.63636364
 1.         1.         0.66666667]
2025-07-25 07:35:38,564 - INFO - pod     precision | micro: 0.633028; macro: 0.704731; score: [0.94       0.67164179 0.39393939 0.27826087 0.61904762 0.72463768
 0.98076923 0.94117647 0.79310345]
2025-07-25 07:35:38,564 - INFO - pod     recall    | micro: 0.787671; macro: 0.812064; score: [1.         0.97826087 0.53061224 0.51612903 0.69642857 0.73529412
 1.         1.         0.85185185]
2025-07-25 07:35:38,565 - INFO - pod     f1        | micro: 0.701933; macro: 0.749566; score: [0.96907216 0.79646018 0.45217391 0.36158192 0.65546218 0.72992701
 0.99029126 0.96969697 0.82142857]
2025-07-25 07:35:38,565 - INFO - ----------

=== 内容从行 454203 开始的 16 行 ===
2025-07-25 09:37:47,440 - INFO - evaluation dataset type: test
2025-07-25 09:37:47,459 - INFO - node    precision | micro: 0.641304; macro: 0.663049; score: [0.85714286 0.42857143 0.66666667 0.41666667 0.78571429 0.82352941]
2025-07-25 09:37:47,459 - INFO - node    recall    | micro: 0.880597; macro: 0.869048; score: [0.85714286 0.85714286 0.66666667 0.83333333 1.         1.        ]
2025-07-25 09:37:47,460 - INFO - node    f1        | micro: 0.742138; macro: 0.739003; score: [0.85714286 0.57142857 0.66666667 0.55555556 0.88       0.90322581]
2025-07-25 09:37:47,486 - INFO - service precision | micro: 0.766234; macro: 0.783217; score: [1.         0.81818182 0.6        0.23076923 1.         0.8
 1.         1.         0.6       ]
2025-07-25 09:37:47,487 - INFO - service recall    | micro: 0.670455; macro: 0.705556; score: [1.         1.         0.3        0.25       0.66666667 0.53333333
 1.         1.         0.6       ]
2025-07-25 09:37:47,487 - INFO - service f1        | micro: 0.715152; macro: 0.731111; score: [1.   0.9  0.4  0.24 0.8  0.64 1.   1.   0.6 ]
2025-07-25 09:37:47,561 - INFO - pod     precision | micro: 0.688525; macro: 0.745877; score: [0.97916667 0.88       0.39285714 0.27777778 0.75510204 0.6835443
 0.94444444 1.         0.8       ]
2025-07-25 09:37:47,561 - INFO - pod     recall    | micro: 0.767123; macro: 0.794716; score: [1.         0.95652174 0.44897959 0.40322581 0.66071429 0.79411765
 1.         1.         0.88888889]
2025-07-25 09:37:47,562 - INFO - pod     f1        | micro: 0.725702; macro: 0.767458; score: [0.98947368 0.91666667 0.41904762 0.32894737 0.7047619  0.73469388
 0.97142857 1.         0.84210526]
2025-07-25 09:37:47,562 - INFO - ----------

=== 内容从行 455028 开始的 16 行 ===
2025-07-25 09:47:14,479 - INFO - evaluation dataset type: test
2025-07-25 09:47:14,499 - INFO - node    precision | micro: 0.641304; macro: 0.661113; score: [0.85714286 0.46153846 0.625      0.44       0.84615385 0.73684211]
2025-07-25 09:47:14,500 - INFO - node    recall    | micro: 0.880597; macro: 0.864418; score: [0.85714286 0.85714286 0.55555556 0.91666667 1.         1.        ]
2025-07-25 09:47:14,500 - INFO - node    f1        | micro: 0.742138; macro: 0.734187; score: [0.85714286 0.6        0.58823529 0.59459459 0.91666667 0.84848485]
2025-07-25 09:47:14,527 - INFO - service precision | micro: 0.752941; macro: 0.785001; score: [1.         0.81818182 0.6        0.28571429 0.77777778 0.83333333
 1.         1.         0.75      ]
2025-07-25 09:47:14,527 - INFO - service recall    | micro: 0.727273; macro: 0.753704; score: [1.         1.         0.6        0.33333333 0.58333333 0.66666667
 1.         1.         0.6       ]
2025-07-25 09:47:14,527 - INFO - service f1        | micro: 0.739884; macro: 0.764641; score: [1.         0.9        0.6        0.30769231 0.66666667 0.74074074
 1.         1.         0.66666667]
2025-07-25 09:47:14,601 - INFO - pod     precision | micro: 0.616438; macro: 0.709994; score: [0.97916667 0.68656716 0.37634409 0.27433628 0.70909091 0.58064516
 0.98076923 0.96969697 0.83333333]
2025-07-25 09:47:14,602 - INFO - pod     recall    | micro: 0.821918; macro: 0.847862; score: [1.         1.         0.71428571 0.5        0.69642857 0.79411765
 1.         1.         0.92592593]
2025-07-25 09:47:14,602 - INFO - pod     f1        | micro: 0.704501; macro: 0.764054; score: [0.98947368 0.81415929 0.49295775 0.35428571 0.7027027  0.67080745
 0.99029126 0.98461538 0.87719298]

=== 内容从行 458346 开始的 16 行 ===
2025-07-25 10:24:51,038 - INFO - evaluation dataset type: test
2025-07-25 10:24:51,056 - INFO - node    precision | micro: 0.635417; macro: 0.655510; score: [0.8        0.42857143 0.7        0.45833333 0.84615385 0.7       ]
2025-07-25 10:24:51,056 - INFO - node    recall    | micro: 0.910448; macro: 0.901455; score: [0.85714286 0.85714286 0.77777778 0.91666667 1.         1.        ]
2025-07-25 10:24:51,057 - INFO - node    f1        | micro: 0.748466; macro: 0.747861; score: [0.82758621 0.57142857 0.73684211 0.61111111 0.91666667 0.82352941]
2025-07-25 10:24:51,083 - INFO - service precision | micro: 0.707317; macro: 0.739753; score: [1.         0.81818182 0.5        0.31578947 0.85714286 0.66666667
 1.         1.         0.5       ]
2025-07-25 10:24:51,083 - INFO - service recall    | micro: 0.659091; macro: 0.681481; score: [1.         1.         0.2        0.5        0.5        0.53333333
 1.         1.         0.4       ]
2025-07-25 10:24:51,083 - INFO - service f1        | micro: 0.682353; macro: 0.693492; score: [1.         0.9        0.28571429 0.38709677 0.63157895 0.59259259
 1.         1.         0.44444444]
2025-07-25 10:24:51,157 - INFO - pod     precision | micro: 0.608403; macro: 0.690691; score: [0.97916667 0.68181818 0.37179487 0.29268293 0.61971831 0.59340659
 0.96226415 0.94117647 0.77419355]
2025-07-25 10:24:51,157 - INFO - pod     recall    | micro: 0.826484; macro: 0.846607; score: [1.         0.97826087 0.59183673 0.58064516 0.78571429 0.79411765
 1.         1.         0.88888889]
2025-07-25 10:24:51,157 - INFO - pod     f1        | micro: 0.700871; macro: 0.754349; score: [0.98947368 0.80357143 0.45669291 0.38918919 0.69291339 0.67924528
 0.98076923 0.96969697 0.82758621]

=== 内容从行 488202 开始的 16 行 ===
2025-07-25 16:03:40,994 - INFO - evaluation dataset type: test
2025-07-25 16:03:41,014 - INFO - node    precision | micro: 0.638298; macro: 0.658037; score: [0.85714286 0.4        0.66666667 0.47826087 0.84615385 0.7       ]
2025-07-25 16:03:41,015 - INFO - node    recall    | micro: 0.895522; macro: 0.882937; score: [0.85714286 0.85714286 0.66666667 0.91666667 1.         1.        ]
2025-07-25 16:03:41,015 - INFO - node    f1        | micro: 0.745342; macro: 0.739672; score: [0.85714286 0.54545455 0.66666667 0.62857143 0.91666667 0.82352941]
2025-07-25 16:03:41,041 - INFO - service precision | micro: 0.792208; macro: 0.807346; score: [1.         1.         0.5        0.41666667 0.85714286 0.69230769
 1.         1.         0.8       ]
2025-07-25 16:03:41,042 - INFO - service recall    | micro: 0.693182; macro: 0.735185; score: [1.         1.         0.3        0.41666667 0.5        0.6
 1.         1.         0.8       ]
2025-07-25 16:03:41,042 - INFO - service f1        | micro: 0.739394; macro: 0.762900; score: [1.         1.         0.375      0.41666667 0.63157895 0.64285714
 1.         1.         0.8       ]
2025-07-25 16:03:41,120 - INFO - pod     precision | micro: 0.664062; macro: 0.711611; score: [0.95918367 0.78947368 0.43333333 0.35365854 0.64285714 0.56989247
 0.96226415 0.96969697 0.72413793]
2025-07-25 16:03:41,120 - INFO - pod     recall    | micro: 0.776256; macro: 0.797407; score: [1.         0.97826087 0.53061224 0.46774194 0.64285714 0.77941176
 1.         1.         0.77777778]
2025-07-25 16:03:41,120 - INFO - pod     f1        | micro: 0.715789; macro: 0.749936; score: [0.97916667 0.87378641 0.47706422 0.40277778 0.64285714 0.65838509
 0.98076923 0.98461538 0.75      ]

=== 内容从行 498155 开始的 16 行 ===
2025-07-25 17:56:57,753 - INFO - evaluation dataset type: test
2025-07-25 17:56:57,773 - INFO - node    precision | micro: 0.638298; macro: 0.661917; score: [0.85714286 0.46153846 0.66666667 0.44       0.84615385 0.7       ]
2025-07-25 17:56:57,773 - INFO - node    recall    | micro: 0.895522; macro: 0.882937; score: [0.85714286 0.85714286 0.66666667 0.91666667 1.         1.        ]
2025-07-25 17:56:57,773 - INFO - node    f1        | micro: 0.745342; macro: 0.743100; score: [0.85714286 0.6        0.66666667 0.59459459 0.91666667 0.82352941]
2025-07-25 17:56:57,800 - INFO - service precision | micro: 0.756098; macro: 0.800000; score: [1.         1.         0.57142857 0.42857143 1.         0.53333333
 1.         1.         0.66666667]
2025-07-25 17:56:57,800 - INFO - service recall    | micro: 0.704545; macro: 0.748148; score: [1.         1.         0.4        0.5        0.5        0.53333333
 1.         1.         0.8       ]
2025-07-25 17:56:57,800 - INFO - service f1        | micro: 0.729412; macro: 0.762155; score: [1.         1.         0.47058824 0.46153846 0.66666667 0.53333333
 1.         1.         0.72727273]
2025-07-25 17:56:57,876 - INFO - pod     precision | micro: 0.655493; macro: 0.726430; score: [0.94       0.75409836 0.34567901 0.36956522 0.7254902  0.60674157
 0.94444444 1.         0.85185185]
2025-07-25 17:56:57,876 - INFO - pod     recall    | micro: 0.803653; macro: 0.825167; score: [1.         1.         0.57142857 0.5483871  0.66071429 0.79411765
 1.         1.         0.85185185]
2025-07-25 17:56:57,876 - INFO - pod     f1        | micro: 0.722051; macro: 0.767109; score: [0.96907216 0.85981308 0.43076923 0.44155844 0.69158879 0.68789809
 0.97142857 1.         0.85185185]

=== 内容从行 513081 开始的 16 行 ===
2025-07-25 20:46:30,984 - INFO - evaluation dataset type: test
2025-07-25 20:46:31,004 - INFO - node    precision | micro: 0.638298; macro: 0.660856; score: [0.85714286 0.4        0.66666667 0.45833333 0.84615385 0.73684211]
2025-07-25 20:46:31,004 - INFO - node    recall    | micro: 0.895522; macro: 0.882937; score: [0.85714286 0.85714286 0.66666667 0.91666667 1.         1.        ]
2025-07-25 20:46:31,004 - INFO - node    f1        | micro: 0.745342; macro: 0.740921; score: [0.85714286 0.54545455 0.66666667 0.61111111 0.91666667 0.84848485]
2025-07-25 20:46:31,031 - INFO - service precision | micro: 0.737500; macro: 0.764577; score: [1.         0.69230769 0.5        0.38888889 1.         0.8
 1.         1.         0.5       ]
2025-07-25 20:46:31,031 - INFO - service recall    | micro: 0.670455; macro: 0.679630; score: [1.         1.         0.3        0.58333333 0.5        0.53333333
 1.         1.         0.2       ]
2025-07-25 20:46:31,032 - INFO - service f1        | micro: 0.702381; macro: 0.694692; score: [1.         0.81818182 0.375      0.46666667 0.66666667 0.64
 1.         1.         0.28571429]
2025-07-25 20:46:31,106 - INFO - pod     precision | micro: 0.642729; macro: 0.718700; score: [0.95918367 0.67164179 0.39325843 0.32380952 0.72       0.65853659
 1.         0.91428571 0.82758621]
2025-07-25 20:46:31,106 - INFO - pod     recall    | micro: 0.817352; macro: 0.840755; score: [1.         0.97826087 0.71428571 0.5483871  0.64285714 0.79411765
 1.         1.         0.88888889]
2025-07-25 20:46:31,106 - INFO - pod     f1        | micro: 0.719598; macro: 0.766852; score: [0.97916667 0.79646018 0.50724638 0.40718563 0.67924528 0.72
 1.         0.95522388 0.85714286]

=== 内容从行 534675 开始的 16 行 ===
2025-07-26 00:51:38,239 - INFO - evaluation dataset type: test
2025-07-26 00:51:38,258 - INFO - node    precision | micro: 0.638298; macro: 0.660856; score: [0.85714286 0.4        0.66666667 0.45833333 0.84615385 0.73684211]
2025-07-26 00:51:38,259 - INFO - node    recall    | micro: 0.895522; macro: 0.882937; score: [0.85714286 0.85714286 0.66666667 0.91666667 1.         1.        ]
2025-07-26 00:51:38,259 - INFO - node    f1        | micro: 0.745342; macro: 0.740921; score: [0.85714286 0.54545455 0.66666667 0.61111111 0.91666667 0.84848485]
2025-07-26 00:51:38,289 - INFO - service precision | micro: 0.737500; macro: 0.764577; score: [1.         0.69230769 0.5        0.38888889 1.         0.8
 1.         1.         0.5       ]
2025-07-26 00:51:38,290 - INFO - service recall    | micro: 0.670455; macro: 0.679630; score: [1.         1.         0.3        0.58333333 0.5        0.53333333
 1.         1.         0.2       ]
2025-07-26 00:51:38,290 - INFO - service f1        | micro: 0.702381; macro: 0.694692; score: [1.         0.81818182 0.375      0.46666667 0.66666667 0.64
 1.         1.         0.28571429]
2025-07-26 00:51:38,366 - INFO - pod     precision | micro: 0.642729; macro: 0.718700; score: [0.95918367 0.67164179 0.39325843 0.32380952 0.72       0.65853659
 1.         0.91428571 0.82758621]
2025-07-26 00:51:38,366 - INFO - pod     recall    | micro: 0.817352; macro: 0.840755; score: [1.         0.97826087 0.71428571 0.5483871  0.64285714 0.79411765
 1.         1.         0.88888889]
2025-07-26 00:51:38,366 - INFO - pod     f1        | micro: 0.719598; macro: 0.766852; score: [0.97916667 0.79646018 0.50724638 0.40718563 0.67924528 0.72
 1.         0.95522388 0.85714286]

=== 内容从行 546255 开始的 16 行 ===
2025-07-26 03:03:21,072 - INFO - evaluation dataset type: test
2025-07-26 03:03:21,091 - INFO - node    precision | micro: 0.638298; macro: 0.670250; score: [0.85714286 0.46153846 0.75       0.44       0.84615385 0.66666667]
2025-07-26 03:03:21,091 - INFO - node    recall    | micro: 0.895522; macro: 0.882937; score: [0.85714286 0.85714286 0.66666667 0.91666667 1.         1.        ]
2025-07-26 03:03:21,091 - INFO - node    f1        | micro: 0.745342; macro: 0.745714; score: [0.85714286 0.6        0.70588235 0.59459459 0.91666667 0.8       ]
2025-07-26 03:03:21,118 - INFO - service precision | micro: 0.734940; macro: 0.755844; score: [1.         0.81818182 0.5        0.4        0.85714286 0.72727273
 1.         1.         0.5       ]
2025-07-26 03:03:21,118 - INFO - service recall    | micro: 0.693182; macro: 0.725926; score: [1.         1.         0.4        0.5        0.5        0.53333333
 1.         1.         0.6       ]
2025-07-26 03:03:21,118 - INFO - service f1        | micro: 0.713450; macro: 0.731256; score: [1.         0.9        0.44444444 0.44444444 0.63157895 0.61538462
 1.         1.         0.54545455]
2025-07-26 03:03:21,193 - INFO - pod     precision | micro: 0.657088; macro: 0.714038; score: [1.         0.65671642 0.41071429 0.33962264 0.69230769 0.67088608
 0.96226415 0.96969697 0.72413793]
2025-07-26 03:03:21,193 - INFO - pod     recall    | micro: 0.783105; macro: 0.800733; score: [1.         0.95652174 0.46938776 0.58064516 0.64285714 0.77941176
 1.         1.         0.77777778]
2025-07-26 03:03:21,193 - INFO - pod     f1        | micro: 0.714583; macro: 0.749841; score: [1.         0.77876106 0.43809524 0.42857143 0.66666667 0.72108844
 0.98076923 0.98461538 0.75      ]

=== 内容从行 547903 开始的 16 行 ===
2025-07-26 03:21:58,256 - INFO - evaluation dataset type: test
2025-07-26 03:21:58,275 - INFO - node    precision | micro: 0.638298; macro: 0.670250; score: [0.85714286 0.46153846 0.75       0.44       0.84615385 0.66666667]
2025-07-26 03:21:58,275 - INFO - node    recall    | micro: 0.895522; macro: 0.882937; score: [0.85714286 0.85714286 0.66666667 0.91666667 1.         1.        ]
2025-07-26 03:21:58,275 - INFO - node    f1        | micro: 0.745342; macro: 0.745714; score: [0.85714286 0.6        0.70588235 0.59459459 0.91666667 0.8       ]
2025-07-26 03:21:58,302 - INFO - service precision | micro: 0.734940; macro: 0.755844; score: [1.         0.81818182 0.5        0.4        0.85714286 0.72727273
 1.         1.         0.5       ]
2025-07-26 03:21:58,302 - INFO - service recall    | micro: 0.693182; macro: 0.725926; score: [1.         1.         0.4        0.5        0.5        0.53333333
 1.         1.         0.6       ]
2025-07-26 03:21:58,302 - INFO - service f1        | micro: 0.713450; macro: 0.731256; score: [1.         0.9        0.44444444 0.44444444 0.63157895 0.61538462
 1.         1.         0.54545455]
2025-07-26 03:21:58,376 - INFO - pod     precision | micro: 0.657088; macro: 0.714038; score: [1.         0.65671642 0.41071429 0.33962264 0.69230769 0.67088608
 0.96226415 0.96969697 0.72413793]
2025-07-26 03:21:58,376 - INFO - pod     recall    | micro: 0.783105; macro: 0.800733; score: [1.         0.95652174 0.46938776 0.58064516 0.64285714 0.77941176
 1.         1.         0.77777778]
2025-07-26 03:21:58,376 - INFO - pod     f1        | micro: 0.714583; macro: 0.749841; score: [1.         0.77876106 0.43809524 0.42857143 0.66666667 0.72108844
 0.98076923 0.98461538 0.75      ]

=== 内容从行 154922 开始的 16 行 ===
2025-07-23 00:59:03,191 - INFO - evaluation dataset type: test
2025-07-23 00:59:03,211 - INFO - node    precision | micro: 0.648936; macro: 0.658101; score: [0.77777778 0.54545455 0.66666667 0.47619048 0.84615385 0.63636364]
2025-07-23 00:59:03,211 - INFO - node    recall    | micro: 0.910448; macro: 0.892857; score: [1.         0.85714286 0.66666667 0.83333333 1.         1.        ]
2025-07-23 00:59:03,211 - INFO - node    f1        | micro: 0.757764; macro: 0.751473; score: [0.875      0.66666667 0.66666667 0.60606061 0.91666667 0.77777778]
2025-07-23 00:59:03,237 - INFO - service precision | micro: 0.685393; macro: 0.712458; score: [1.         0.81818182 0.45454545 0.27272727 1.         0.66666667
 1.         1.         0.2       ]
2025-07-23 00:59:03,238 - INFO - service recall    | micro: 0.693182; macro: 0.714815; score: [1.         1.         0.5        0.25       0.75       0.53333333
 1.         1.         0.4       ]
2025-07-23 00:59:03,238 - INFO - service f1        | micro: 0.689266; macro: 0.705940; score: [1.         0.9        0.47619048 0.26086957 0.85714286 0.59259259
 1.         1.         0.26666667]
2025-07-23 00:59:03,312 - INFO - pod     precision | micro: 0.600707; macro: 0.653958; score: [0.87037037 0.68181818 0.27631579 0.32258065 0.61971831 0.57608696
 0.94444444 0.91428571 0.68      ]
2025-07-23 00:59:03,312 - INFO - pod     recall    | micro: 0.776256; macro: 0.787273; score: [1.         0.97826087 0.42857143 0.48387097 0.78571429 0.77941176
 1.         1.         0.62962963]
2025-07-23 00:59:03,312 - INFO - pod     f1        | micro: 0.677291; macro: 0.710364; score: [0.93069307 0.80357143 0.336      0.38709677 0.69291339 0.6625
 0.97142857 0.95522388 0.65384615]

=== 内容从行 168179 开始的 16 行 ===
2025-07-23 03:28:48,472 - INFO - evaluation dataset type: test
2025-07-23 03:28:48,492 - INFO - node    precision | micro: 0.648936; macro: 0.658739; score: [0.82352941 0.46153846 0.66666667 0.45454545 0.84615385 0.7       ]
2025-07-23 03:28:48,492 - INFO - node    recall    | micro: 0.910448; macro: 0.892857; score: [1.         0.85714286 0.66666667 0.83333333 1.         1.        ]
2025-07-23 03:28:48,492 - INFO - node    f1        | micro: 0.757764; macro: 0.749721; score: [0.90322581 0.6        0.66666667 0.58823529 0.91666667 0.82352941]
2025-07-23 03:28:48,519 - INFO - service precision | micro: 0.779221; macro: 0.773898; score: [1.         1.         0.5        0.44444444 0.77777778 0.64285714
 1.         1.         0.6       ]
2025-07-23 03:28:48,519 - INFO - service recall    | micro: 0.681818; macro: 0.712963; score: [1.         1.         0.3        0.33333333 0.58333333 0.6
 1.         1.         0.6       ]
2025-07-23 03:28:48,519 - INFO - service f1        | micro: 0.727273; macro: 0.738145; score: [1.         1.         0.375      0.38095238 0.66666667 0.62068966
 1.         1.         0.6       ]
2025-07-23 03:28:48,593 - INFO - pod     precision | micro: 0.638026; macro: 0.707179; score: [0.90384615 0.78571429 0.33846154 0.34821429 0.68965517 0.58510638
 0.98076923 0.94117647 0.79166667]
2025-07-23 03:28:48,593 - INFO - pod     recall    | micro: 0.796804; macro: 0.806816; score: [1.         0.95652174 0.44897959 0.62903226 0.71428571 0.80882353
 1.         1.         0.7037037 ]
2025-07-23 03:28:48,593 - INFO - pod     f1        | micro: 0.708629; macro: 0.748037; score: [0.94949495 0.8627451  0.38596491 0.44827586 0.70175439 0.67901235
 0.99029126 0.96969697 0.74509804]

=== 内容从行 174788 开始的 16 行 ===
2025-07-23 04:43:52,064 - INFO - evaluation dataset type: test
2025-07-23 04:43:52,084 - INFO - node    precision | micro: 0.647727; macro: 0.661436; score: [0.8        0.46153846 0.625      0.42857143 0.91666667 0.73684211]
2025-07-23 04:43:52,084 - INFO - node    recall    | micro: 0.850746; macro: 0.836640; score: [0.85714286 0.85714286 0.55555556 0.75       1.         1.        ]
2025-07-23 04:43:52,084 - INFO - node    f1        | micro: 0.735484; macro: 0.727714; score: [0.82758621 0.6        0.58823529 0.54545455 0.95652174 0.84848485]
2025-07-23 04:43:52,111 - INFO - service precision | micro: 0.714286; macro: 0.733564; score: [1.         0.88888889 0.42857143 0.38461538 0.9        0.5
 1.         1.         0.5       ]
2025-07-23 04:43:52,111 - INFO - service recall    | micro: 0.681818; macro: 0.698765; score: [1.         0.88888889 0.3        0.41666667 0.75       0.53333333
 1.         1.         0.4       ]
2025-07-23 04:43:52,111 - INFO - service f1        | micro: 0.697674; macro: 0.713398; score: [1.         0.88888889 0.35294118 0.4        0.81818182 0.51612903
 1.         1.         0.44444444]
2025-07-23 04:43:52,186 - INFO - pod     precision | micro: 0.629834; macro: 0.686910; score: [0.94       0.70491803 0.33962264 0.36893204 0.640625   0.53465347
 0.96226415 0.94117647 0.75      ]
2025-07-23 04:43:52,186 - INFO - pod     recall    | micro: 0.780822; macro: 0.789773; score: [1.         0.93478261 0.36734694 0.61290323 0.73214286 0.79411765
 1.         1.         0.66666667]
2025-07-23 04:43:52,186 - INFO - pod     f1        | micro: 0.697248; macro: 0.729455; score: [0.96907216 0.80373832 0.35294118 0.46060606 0.68333333 0.63905325
 0.98076923 0.96969697 0.70588235]

=== 内容从行 286595 开始的 16 行 ===
2025-07-24 01:58:34,382 - INFO - evaluation dataset type: test
2025-07-24 01:58:34,402 - INFO - node    precision | micro: 0.648936; macro: 0.679673; score: [0.875      0.4        0.85714286 0.43478261 0.73333333 0.77777778]
2025-07-24 01:58:34,402 - INFO - node    recall    | micro: 0.910448; macro: 0.892857; score: [1.         0.85714286 0.66666667 0.83333333 1.         1.        ]
2025-07-24 01:58:34,402 - INFO - node    f1        | micro: 0.757764; macro: 0.753562; score: [0.93333333 0.54545455 0.75       0.57142857 0.84615385 0.875     ]
2025-07-24 01:58:34,429 - INFO - service precision | micro: 0.762500; macro: 0.788290; score: [1.         0.9        0.66666667 0.35294118 0.875      0.8
 1.         1.         0.5       ]
2025-07-24 01:58:34,429 - INFO - service recall    | micro: 0.693182; macro: 0.712963; score: [1.         1.         0.4        0.5        0.58333333 0.53333333
 1.         1.         0.4       ]
2025-07-24 01:58:34,429 - INFO - service f1        | micro: 0.726190; macro: 0.738401; score: [1.         0.94736842 0.5        0.4137931  0.7        0.64
 1.         1.         0.44444444]
2025-07-24 01:58:34,503 - INFO - pod     precision | micro: 0.681159; macro: 0.731077; score: [0.94       0.89795918 0.42307692 0.33       0.65384615 0.70588235
 0.96226415 1.         0.66666667]
2025-07-24 01:58:34,503 - INFO - pod     recall    | micro: 0.751142; macro: 0.768606; score: [1.         0.95652174 0.44897959 0.53225806 0.60714286 0.70588235
 1.         1.         0.66666667]
2025-07-24 01:58:34,503 - INFO - pod     f1        | micro: 0.714441; macro: 0.746821; score: [0.96907216 0.92631579 0.43564356 0.40740741 0.62962963 0.70588235
 0.98076923 1.         0.66666667]

=== 内容从行 322257 开始的 16 行 ===
2025-07-24 08:43:47,663 - INFO - evaluation dataset type: test
2025-07-24 08:43:47,683 - INFO - node    precision | micro: 0.648936; macro: 0.681964; score: [0.82352941 0.5        0.85714286 0.4        0.73333333 0.77777778]
2025-07-24 08:43:47,683 - INFO - node    recall    | micro: 0.910448; macro: 0.892857; score: [1.         0.85714286 0.66666667 0.83333333 1.         1.        ]
2025-07-24 08:43:47,684 - INFO - node    f1        | micro: 0.757764; macro: 0.757750; score: [0.90322581 0.63157895 0.75       0.54054054 0.84615385 0.875     ]
2025-07-24 08:43:47,711 - INFO - service precision | micro: 0.715789; macro: 0.776545; score: [1.         0.81818182 0.61538462 0.27777778 0.875      0.83333333
 0.76923077 1.         0.8       ]
2025-07-24 08:43:47,711 - INFO - service recall    | micro: 0.772727; macro: 0.807407; score: [1.         1.         0.8        0.41666667 0.58333333 0.66666667
 1.         1.         0.8       ]
2025-07-24 08:43:47,712 - INFO - service f1        | micro: 0.743169; macro: 0.782143; score: [1.         0.9        0.69565217 0.33333333 0.7        0.74074074
 0.86956522 1.         0.8       ]
2025-07-24 08:43:47,787 - INFO - pod     precision | micro: 0.574879; macro: 0.670046; score: [0.97916667 0.73015873 0.36956522 0.26666667 0.578125   0.53535354
 0.87931034 0.91428571 0.77777778]
2025-07-24 08:43:47,787 - INFO - pod     recall    | micro: 0.815068; macro: 0.832492; score: [1.         1.         0.69387755 0.58064516 0.66071429 0.77941176
 1.         1.         0.77777778]
2025-07-24 08:43:47,787 - INFO - pod     f1        | micro: 0.674221; macro: 0.733493; score: [0.98947368 0.8440367  0.4822695  0.36548223 0.61666667 0.63473054
 0.93577982 0.95522388 0.77777778]

=== 内容从行 345539 开始的 16 行 ===
2025-07-24 13:08:11,776 - INFO - evaluation dataset type: test
2025-07-24 13:08:11,796 - INFO - node    precision | micro: 0.648352; macro: 0.704174; score: [0.82352941 0.5        1.         0.41666667 0.81818182 0.66666667]
2025-07-24 13:08:11,796 - INFO - node    recall    | micro: 0.880597; macro: 0.862554; score: [1.         0.85714286 0.66666667 0.83333333 0.81818182 1.        ]
2025-07-24 13:08:11,796 - INFO - node    f1        | micro: 0.746835; macro: 0.751424; score: [0.90322581 0.63157895 0.8        0.55555556 0.81818182 0.8       ]
2025-07-24 13:08:11,823 - INFO - service precision | micro: 0.766234; macro: 0.790080; score: [1.         0.81818182 0.5        0.30769231 1.         0.81818182
 1.         1.         0.66666667]
2025-07-24 13:08:11,823 - INFO - service recall    | micro: 0.670455; macro: 0.683333; score: [1.         1.         0.4        0.33333333 0.58333333 0.6
 1.         0.83333333 0.4       ]
2025-07-24 13:08:11,823 - INFO - service f1        | micro: 0.715152; macro: 0.722521; score: [1.         0.9        0.44444444 0.32       0.73684211 0.69230769
 1.         0.90909091 0.5       ]
2025-07-24 13:08:11,898 - INFO - pod     precision | micro: 0.571186; macro: 0.624618; score: [0.83928571 0.42857143 0.38461538 0.31325301 0.68888889 0.55319149
 0.92727273 0.86486486 0.62162162]
2025-07-24 13:08:11,898 - INFO - pod     recall    | micro: 0.769406; macro: 0.797777; score: [1.         0.97826087 0.6122449  0.41935484 0.55357143 0.76470588
 1.         1.         0.85185185]
2025-07-24 13:08:11,898 - INFO - pod     f1        | micro: 0.655642; macro: 0.689344; score: [0.91262136 0.59602649 0.47244094 0.35862069 0.61386139 0.64197531
 0.96226415 0.92753623 0.71875   ]

=== 内容从行 356332 开始的 16 行 ===
2025-07-24 15:10:42,344 - INFO - evaluation dataset type: test
2025-07-24 15:10:42,364 - INFO - node    precision | micro: 0.648352; macro: 0.692774; score: [0.82352941 0.42857143 1.         0.45454545 0.75       0.7       ]
2025-07-24 15:10:42,365 - INFO - node    recall    | micro: 0.880597; macro: 0.862554; score: [1.         0.85714286 0.66666667 0.83333333 0.81818182 1.        ]
2025-07-24 15:10:42,365 - INFO - node    f1        | micro: 0.746835; macro: 0.744838; score: [0.90322581 0.57142857 0.8        0.58823529 0.7826087  0.82352941]
2025-07-24 15:10:42,392 - INFO - service precision | micro: 0.681818; macro: 0.701796; score: [0.9        0.81818182 0.4        0.26666667 0.8        0.88888889
 0.90909091 0.66666667 0.66666667]
2025-07-24 15:10:42,392 - INFO - service recall    | micro: 0.681818; macro: 0.703704; score: [1.         1.         0.4        0.33333333 0.66666667 0.53333333
 1.         1.         0.4       ]
2025-07-24 15:10:42,392 - INFO - service f1        | micro: 0.681818; macro: 0.687776; score: [0.94736842 0.9        0.4        0.2962963  0.72727273 0.66666667
 0.95238095 0.8        0.5       ]
2025-07-24 15:10:42,470 - INFO - pod     precision | micro: 0.578254; macro: 0.637789; score: [0.83928571 0.48387097 0.36       0.32978723 0.56944444 0.68656716
 0.96226415 0.91428571 0.59459459]
2025-07-24 15:10:42,470 - INFO - pod     recall    | micro: 0.801370; macro: 0.826265; score: [1.         0.97826087 0.73469388 0.5        0.73214286 0.67647059
 1.         1.         0.81481481]
2025-07-24 15:10:42,470 - INFO - pod     f1        | micro: 0.671770; macro: 0.709596; score: [0.91262136 0.64748201 0.48322148 0.3974359  0.640625   0.68148148
 0.98076923 0.95522388 0.6875    ]

=== 内容从行 365454 开始的 16 行 ===
2025-07-24 16:54:27,896 - INFO - evaluation dataset type: test
2025-07-24 16:54:27,915 - INFO - node    precision | micro: 0.652174; macro: 0.685521; score: [0.86666667 0.46153846 0.85714286 0.41666667 0.73333333 0.77777778]
2025-07-24 16:54:27,915 - INFO - node    recall    | micro: 0.895522; macro: 0.880952; score: [0.92857143 0.85714286 0.66666667 0.83333333 1.         1.        ]
2025-07-24 16:54:27,916 - INFO - node    f1        | micro: 0.754717; macro: 0.753877; score: [0.89655172 0.6        0.75       0.55555556 0.84615385 0.875     ]
2025-07-24 16:54:27,943 - INFO - service precision | micro: 0.771084; macro: 0.799514; score: [1.         0.9        0.46153846 0.5        0.875      0.8
 0.90909091 1.         0.75      ]
2025-07-24 16:54:27,943 - INFO - service recall    | micro: 0.727273; macro: 0.757407; score: [1.         1.         0.6        0.5        0.58333333 0.53333333
 1.         1.         0.6       ]
2025-07-24 16:54:27,943 - INFO - service f1        | micro: 0.748538; macro: 0.769795; score: [1.         0.94736842 0.52173913 0.5        0.7        0.64
 0.95238095 1.         0.66666667]
2025-07-24 16:54:28,020 - INFO - pod     precision | micro: 0.683168; macro: 0.736522; score: [0.88679245 0.78947368 0.42647059 0.40789474 0.82926829 0.56842105
 0.92727273 1.         0.79310345]
2025-07-24 16:54:28,020 - INFO - pod     recall    | micro: 0.787671; macro: 0.810218; score: [1.         0.97826087 0.59183673 0.5        0.60714286 0.79411765
 1.         0.96875    0.85185185]
2025-07-24 16:54:28,020 - INFO - pod     f1        | micro: 0.731707; macro: 0.765580; score: [0.94       0.87378641 0.4957265  0.44927536 0.70103093 0.66257669
 0.96226415 0.98412698 0.82142857]

=== 内容从行 370418 开始的 16 行 ===
2025-07-24 17:51:03,430 - INFO - evaluation dataset type: test
2025-07-24 17:51:03,450 - INFO - node    precision | micro: 0.651685; macro: 0.703276; score: [0.875      0.46153846 1.         0.42857143 0.81818182 0.63636364]
2025-07-24 17:51:03,450 - INFO - node    recall    | micro: 0.865672; macro: 0.848665; score: [1.         0.85714286 0.66666667 0.75       0.81818182 1.        ]
2025-07-24 17:51:03,450 - INFO - node    f1        | micro: 0.743590; macro: 0.745791; score: [0.93333333 0.6        0.8        0.54545455 0.81818182 0.77777778]
2025-07-24 17:51:03,477 - INFO - service precision | micro: 0.771429; macro: 0.745118; score: [0.9        0.9        0.33333333 0.27272727 0.8        1.
 1.         0.83333333 0.66666667]
2025-07-24 17:51:03,478 - INFO - service recall    | micro: 0.613636; macro: 0.635185; score: [1.         1.         0.1        0.25       0.66666667 0.46666667
 1.         0.83333333 0.4       ]
2025-07-24 17:51:03,478 - INFO - service f1        | micro: 0.683544; macro: 0.667380; score: [0.94736842 0.94736842 0.15384615 0.26086957 0.72727273 0.63636364
 1.         0.83333333 0.5       ]
2025-07-24 17:51:03,553 - INFO - pod     precision | micro: 0.623352; macro: 0.652941; score: [0.88679245 0.53012048 0.38157895 0.34920635 0.63235294 0.69354839
 0.96226415 0.91428571 0.52631579]
2025-07-24 17:51:03,553 - INFO - pod     recall    | micro: 0.755708; macro: 0.782683; score: [1.         0.95652174 0.59183673 0.35483871 0.76785714 0.63235294
 1.         1.         0.74074074]
2025-07-24 17:51:03,553 - INFO - pod     f1        | micro: 0.683179; macro: 0.704959; score: [0.94       0.68217054 0.464      0.352      0.69354839 0.66153846
 0.98076923 0.95522388 0.61538462]

=== 内容从行 382860 开始的 16 行 ===
2025-07-24 20:13:00,450 - INFO - evaluation dataset type: test
2025-07-24 20:13:00,469 - INFO - node    precision | micro: 0.651685; macro: 0.676597; score: [0.92307692 0.4        0.75       0.47368421 0.84615385 0.66666667]
2025-07-24 20:13:00,469 - INFO - node    recall    | micro: 0.865672; macro: 0.855159; score: [0.85714286 0.85714286 0.66666667 0.75       1.         1.        ]
2025-07-24 20:13:00,469 - INFO - node    f1        | micro: 0.743590; macro: 0.739590; score: [0.88888889 0.54545455 0.70588235 0.58064516 0.91666667 0.8       ]
2025-07-24 20:13:00,496 - INFO - service precision | micro: 0.674419; macro: 0.771014; score: [1.         0.81818182 0.55555556 0.2        1.         0.61538462
 1.         1.         0.75      ]
2025-07-24 20:13:00,497 - INFO - service recall    | micro: 0.659091; macro: 0.690741; score: [1.         1.         0.5        0.33333333 0.41666667 0.53333333
 1.         0.83333333 0.6       ]
2025-07-24 20:13:00,497 - INFO - service f1        | micro: 0.666667; macro: 0.712415; score: [1.         0.9        0.52631579 0.25       0.58823529 0.57142857
 1.         0.90909091 0.66666667]
2025-07-24 20:13:00,571 - INFO - pod     precision | micro: 0.655577; macro: 0.727752; score: [0.90384615 0.75       0.43859649 0.28828829 0.79411765 0.63855422
 1.         0.96969697 0.76666667]
2025-07-24 20:13:00,572 - INFO - pod     recall    | micro: 0.764840; macro: 0.790889; score: [1.         0.97826087 0.51020408 0.51612903 0.48214286 0.77941176
 1.         1.         0.85185185]
2025-07-24 20:13:00,572 - INFO - pod     f1        | micro: 0.706006; macro: 0.748201; score: [0.94949495 0.8490566  0.47169811 0.3699422  0.6        0.70198675
 1.         0.98461538 0.80701754]

=== 内容从行 391978 开始的 16 行 ===
2025-07-24 21:56:36,479 - INFO - evaluation dataset type: test
2025-07-24 21:56:36,499 - INFO - node    precision | micro: 0.651685; macro: 0.703276; score: [0.875      0.46153846 1.         0.42857143 0.81818182 0.63636364]
2025-07-24 21:56:36,499 - INFO - node    recall    | micro: 0.865672; macro: 0.848665; score: [1.         0.85714286 0.66666667 0.75       0.81818182 1.        ]
2025-07-24 21:56:36,499 - INFO - node    f1        | micro: 0.743590; macro: 0.745791; score: [0.93333333 0.6        0.8        0.54545455 0.81818182 0.77777778]
2025-07-24 21:56:36,526 - INFO - service precision | micro: 0.771429; macro: 0.745118; score: [0.9        0.9        0.33333333 0.27272727 0.8        1.
 1.         0.83333333 0.66666667]
2025-07-24 21:56:36,526 - INFO - service recall    | micro: 0.613636; macro: 0.635185; score: [1.         1.         0.1        0.25       0.66666667 0.46666667
 1.         0.83333333 0.4       ]
2025-07-24 21:56:36,526 - INFO - service f1        | micro: 0.683544; macro: 0.667380; score: [0.94736842 0.94736842 0.15384615 0.26086957 0.72727273 0.63636364
 1.         0.83333333 0.5       ]
2025-07-24 21:56:36,601 - INFO - pod     precision | micro: 0.623352; macro: 0.652941; score: [0.88679245 0.53012048 0.38157895 0.34920635 0.63235294 0.69354839
 0.96226415 0.91428571 0.52631579]
2025-07-24 21:56:36,601 - INFO - pod     recall    | micro: 0.755708; macro: 0.782683; score: [1.         0.95652174 0.59183673 0.35483871 0.76785714 0.63235294
 1.         1.         0.74074074]
2025-07-24 21:56:36,601 - INFO - pod     f1        | micro: 0.683179; macro: 0.704959; score: [0.94       0.68217054 0.464      0.352      0.69354839 0.66153846
 0.98076923 0.95522388 0.61538462]

=== 内容从行 411062 开始的 16 行 ===
2025-07-25 01:31:49,804 - INFO - evaluation dataset type: test
2025-07-25 01:31:49,823 - INFO - node    precision | micro: 0.645833; macro: 0.676687; score: [0.8125     0.42857143 0.875      0.45833333 0.78571429 0.7       ]
2025-07-25 01:31:49,823 - INFO - node    recall    | micro: 0.925373; macro: 0.913360; score: [0.92857143 0.85714286 0.77777778 0.91666667 1.         1.        ]
2025-07-25 01:31:49,823 - INFO - node    f1        | micro: 0.760736; macro: 0.762711; score: [0.86666667 0.57142857 0.82352941 0.61111111 0.88       0.82352941]
2025-07-25 01:31:49,850 - INFO - service precision | micro: 0.674157; macro: 0.734408; score: [1.         0.9        0.36363636 0.26666667 0.85714286 0.55555556
 1.         1.         0.66666667]
2025-07-25 01:31:49,851 - INFO - service recall    | micro: 0.681818; macro: 0.700000; score: [1.         1.         0.4        0.33333333 0.5        0.66666667
 1.         1.         0.4       ]
2025-07-25 01:31:49,851 - INFO - service f1        | micro: 0.677966; macro: 0.706917; score: [1.         0.94736842 0.38095238 0.2962963  0.63157895 0.60606061
 1.         1.         0.5       ]
2025-07-25 01:31:49,926 - INFO - pod     precision | micro: 0.669339; macro: 0.729395; score: [0.90384615 0.74576271 0.45454545 0.32673267 0.76190476 0.62962963
 0.98076923 0.96969697 0.79166667]
2025-07-25 01:31:49,926 - INFO - pod     recall    | micro: 0.762557; macro: 0.780457; score: [1.         0.95652174 0.51020408 0.53225806 0.57142857 0.75
 1.         1.         0.7037037 ]
2025-07-25 01:31:49,926 - INFO - pod     f1        | micro: 0.712914; macro: 0.747877; score: [0.94949495 0.83809524 0.48076923 0.40490798 0.65306122 0.68456376
 0.99029126 0.98461538 0.74509804]

=== 内容从行 432639 开始的 16 行 ===
2025-07-25 05:34:20,084 - INFO - evaluation dataset type: test
2025-07-25 05:34:20,103 - INFO - node    precision | micro: 0.645161; macro: 0.664178; score: [0.85714286 0.4        0.66666667 0.47826087 0.84615385 0.73684211]
2025-07-25 05:34:20,103 - INFO - node    recall    | micro: 0.895522; macro: 0.882937; score: [0.85714286 0.85714286 0.66666667 0.91666667 1.         1.        ]
2025-07-25 05:34:20,104 - INFO - node    f1        | micro: 0.750000; macro: 0.743831; score: [0.85714286 0.54545455 0.66666667 0.62857143 0.91666667 0.84848485]
2025-07-25 05:34:20,130 - INFO - service precision | micro: 0.762500; macro: 0.768210; score: [1.         0.75       0.57142857 0.42857143 0.875      0.88888889
 1.         1.         0.4       ]
2025-07-25 05:34:20,130 - INFO - service recall    | micro: 0.693182; macro: 0.712963; score: [1.         1.         0.4        0.5        0.58333333 0.53333333
 1.         1.         0.4       ]
2025-07-25 05:34:20,130 - INFO - service f1        | micro: 0.726190; macro: 0.728437; score: [1.         0.85714286 0.47058824 0.46153846 0.7        0.66666667
 1.         1.         0.4       ]
2025-07-25 05:34:20,205 - INFO - pod     precision | micro: 0.664137; macro: 0.737293; score: [1.         0.69230769 0.46       0.30327869 0.72727273 0.69736842
 1.         0.96969697 0.78571429]
2025-07-25 05:34:20,205 - INFO - pod     recall    | micro: 0.799087; macro: 0.816993; score: [1.         0.97826087 0.46938776 0.59677419 0.71428571 0.77941176
 1.         1.         0.81481481]
2025-07-25 05:34:20,205 - INFO - pod     f1        | micro: 0.725389; macro: 0.768786; score: [1.         0.81081081 0.46464646 0.40217391 0.72072072 0.73611111
 1.         0.98461538 0.8       ]

=== 内容从行 455855 开始的 16 行 ===
2025-07-25 09:56:40,994 - INFO - evaluation dataset type: test
2025-07-25 09:56:41,014 - INFO - node    precision | micro: 0.645161; macro: 0.669385; score: [0.85714286 0.42857143 0.66666667 0.44       0.84615385 0.77777778]
2025-07-25 09:56:41,014 - INFO - node    recall    | micro: 0.895522; macro: 0.882937; score: [0.85714286 0.85714286 0.66666667 0.91666667 1.         1.        ]
2025-07-25 09:56:41,014 - INFO - node    f1        | micro: 0.750000; macro: 0.746917; score: [0.85714286 0.57142857 0.66666667 0.59459459 0.91666667 0.875     ]
2025-07-25 09:56:41,041 - INFO - service precision | micro: 0.750000; macro: 0.797345; score: [1.         0.9        0.57142857 0.31578947 0.88888889 0.83333333
 1.         1.         0.66666667]
2025-07-25 09:56:41,041 - INFO - service recall    | micro: 0.750000; macro: 0.781481; score: [1.         1.         0.4        0.5        0.66666667 0.66666667
 1.         1.         0.8       ]
2025-07-25 09:56:41,041 - INFO - service f1        | micro: 0.750000; macro: 0.781664; score: [1.         0.94736842 0.47058824 0.38709677 0.76190476 0.74074074
 1.         1.         0.72727273]
2025-07-25 09:56:41,115 - INFO - pod     precision | micro: 0.622302; macro: 0.700271; score: [0.95918367 0.6969697  0.31578947 0.32038835 0.8        0.54
 0.96226415 0.94117647 0.76666667]
2025-07-25 09:56:41,115 - INFO - pod     recall    | micro: 0.789954; macro: 0.812320; score: [1.         1.         0.48979592 0.53225806 0.64285714 0.79411765
 1.         1.         0.85185185]
2025-07-25 09:56:41,115 - INFO - pod     f1        | micro: 0.696177; macro: 0.744201; score: [0.97916667 0.82142857 0.384      0.4        0.71287129 0.64285714
 0.98076923 0.96969697 0.80701754]

=== 内容从行 486555 开始的 16 行 ===
2025-07-25 15:44:48,715 - INFO - evaluation dataset type: test
2025-07-25 15:44:48,736 - INFO - node    precision | micro: 0.645161; macro: 0.670877; score: [0.92307692 0.42857143 0.75       0.45833333 0.6875     0.77777778]
2025-07-25 15:44:48,736 - INFO - node    recall    | micro: 0.895522; macro: 0.882937; score: [0.85714286 0.85714286 0.66666667 0.91666667 1.         1.        ]
2025-07-25 15:44:48,736 - INFO - node    f1        | micro: 0.750000; macro: 0.744521; score: [0.88888889 0.57142857 0.70588235 0.61111111 0.81481481 0.875     ]
2025-07-25 15:44:48,763 - INFO - service precision | micro: 0.768293; macro: 0.790408; score: [1.         0.9        0.44444444 0.33333333 1.         0.76923077
 1.         1.         0.66666667]
2025-07-25 15:44:48,763 - INFO - service recall    | micro: 0.715909; macro: 0.753704; score: [1.         1.         0.4        0.33333333 0.58333333 0.66666667
 1.         1.         0.8       ]
2025-07-25 15:44:48,763 - INFO - service f1        | micro: 0.741176; macro: 0.764462; score: [1.         0.94736842 0.42105263 0.33333333 0.73684211 0.71428571
 1.         1.         0.72727273]
2025-07-25 15:44:48,839 - INFO - pod     precision | micro: 0.654206; macro: 0.713183; score: [0.94       0.69230769 0.40963855 0.32051282 0.8125     0.57446809
 0.98076923 0.96969697 0.71875   ]
2025-07-25 15:44:48,839 - INFO - pod     recall    | micro: 0.799087; macro: 0.824196; score: [1.         0.97826087 0.69387755 0.40322581 0.69642857 0.79411765
 1.         1.         0.85185185]
2025-07-25 15:44:48,839 - INFO - pod     f1        | micro: 0.719424; macro: 0.758157; score: [0.96907216 0.81081081 0.51515152 0.35714286 0.75       0.66666667
 0.99029126 0.98461538 0.77966102]

=== 内容从行 541295 开始的 16 行 ===
2025-07-26 02:07:00,749 - INFO - evaluation dataset type: test
2025-07-26 02:07:00,769 - INFO - node    precision | micro: 0.645833; macro: 0.659425; score: [0.8125     0.5        0.7        0.45833333 0.78571429 0.7       ]
2025-07-26 02:07:00,769 - INFO - node    recall    | micro: 0.925373; macro: 0.913360; score: [0.92857143 0.85714286 0.77777778 0.91666667 1.         1.        ]
2025-07-26 02:07:00,769 - INFO - node    f1        | micro: 0.760736; macro: 0.758288; score: [0.86666667 0.63157895 0.73684211 0.61111111 0.88       0.82352941]
2025-07-26 02:07:00,795 - INFO - service precision | micro: 0.650943; macro: 0.731546; score: [1.         0.69230769 0.4        0.34615385 0.81818182 0.72727273
 1.         1.         0.6       ]
2025-07-26 02:07:00,795 - INFO - service recall    | micro: 0.784091; macro: 0.803704; score: [1.         1.         0.6        0.75       0.75       0.53333333
 1.         1.         0.6       ]
2025-07-26 02:07:00,796 - INFO - service f1        | micro: 0.711340; macro: 0.752207; score: [1.         0.81818182 0.48       0.47368421 0.7826087  0.61538462
 1.         1.         0.6       ]
2025-07-26 02:07:00,870 - INFO - pod     precision | micro: 0.545723; macro: 0.651727; score: [0.95918367 0.703125   0.31034483 0.25974026 0.57534247 0.56435644
 0.92727273 0.94117647 0.625     ]
2025-07-26 02:07:00,870 - INFO - pod     recall    | micro: 0.844749; macro: 0.854121; score: [1.         0.97826087 0.73469388 0.64516129 0.75       0.83823529
 1.         1.         0.74074074]
2025-07-26 02:07:00,870 - INFO - pod     f1        | micro: 0.663082; macro: 0.726637; score: [0.97916667 0.81818182 0.43636364 0.37037037 0.65116279 0.67455621
 0.96226415 0.96969697 0.6779661 ]

=== 内容从行 560335 开始的 16 行 ===
2025-07-26 05:42:09,594 - INFO - evaluation dataset type: test
2025-07-26 05:42:09,613 - INFO - node    precision | micro: 0.648352; macro: 0.661905; score: [0.92857143 0.42857143 0.71428571 0.5        0.73333333 0.66666667]
2025-07-26 05:42:09,613 - INFO - node    recall    | micro: 0.880597; macro: 0.862434; score: [0.92857143 0.85714286 0.55555556 0.83333333 1.         1.        ]
2025-07-26 05:42:09,614 - INFO - node    f1        | micro: 0.746835; macro: 0.732692; score: [0.92857143 0.57142857 0.625      0.625      0.84615385 0.8       ]
2025-07-26 05:42:09,640 - INFO - service precision | micro: 0.750000; macro: 0.743025; score: [1.         0.81818182 0.57142857 0.41666667 0.66666667 0.71428571
 1.         1.         0.5       ]
2025-07-26 05:42:09,640 - INFO - service recall    | micro: 0.681818; macro: 0.687037; score: [1.         1.         0.4        0.41666667 0.5        0.66666667
 1.         1.         0.2       ]
2025-07-26 05:42:09,641 - INFO - service f1        | micro: 0.714286; macro: 0.703784; score: [1.         0.9        0.47058824 0.41666667 0.57142857 0.68965517
 1.         1.         0.28571429]
2025-07-26 05:42:09,715 - INFO - pod     precision | micro: 0.577250; macro: 0.661887; score: [0.94       0.54320988 0.34883721 0.28703704 0.70588235 0.51428571
 0.96226415 0.94117647 0.71428571]
2025-07-26 05:42:09,715 - INFO - pod     recall    | micro: 0.776256; macro: 0.784589; score: [1.         0.95652174 0.6122449  0.5        0.64285714 0.79411765
 1.         1.         0.55555556]
2025-07-26 05:42:09,715 - INFO - pod     f1        | micro: 0.662123; macro: 0.704864; score: [0.96907216 0.69291339 0.44444444 0.36470588 0.6728972  0.62427746
 0.98076923 0.96969697 0.625     ]

=== 内容从行 153260 开始的 16 行 ===
2025-07-23 00:40:11,231 - INFO - evaluation dataset type: test
2025-07-23 00:40:11,250 - INFO - node    precision | micro: 0.663043; macro: 0.676442; score: [0.8125     0.54545455 0.7        0.45454545 0.84615385 0.7       ]
2025-07-23 00:40:11,251 - INFO - node    recall    | micro: 0.910448; macro: 0.899471; score: [0.92857143 0.85714286 0.77777778 0.83333333 1.         1.        ]
2025-07-23 00:40:11,251 - INFO - node    f1        | micro: 0.767296; macro: 0.766434; score: [0.86666667 0.66666667 0.73684211 0.58823529 0.91666667 0.82352941]
2025-07-23 00:40:11,278 - INFO - service precision | micro: 0.787500; macro: 0.783001; score: [1.         0.9        0.44444444 0.44444444 0.88888889 0.76923077
 1.         1.         0.6       ]
2025-07-23 00:40:11,278 - INFO - service recall    | micro: 0.715909; macro: 0.740741; score: [1.         1.         0.4        0.33333333 0.66666667 0.66666667
 1.         1.         0.6       ]
2025-07-23 00:40:11,278 - INFO - service f1        | micro: 0.750000; macro: 0.758396; score: [1.         0.94736842 0.42105263 0.38095238 0.76190476 0.71428571
 1.         1.         0.6       ]
2025-07-23 00:40:11,352 - INFO - pod     precision | micro: 0.638532; macro: 0.710834; score: [0.94       0.84615385 0.25882353 0.37113402 0.66129032 0.63095238
 0.96226415 0.94117647 0.78571429]
2025-07-23 00:40:11,352 - INFO - pod     recall    | micro: 0.794521; macro: 0.812502; score: [1.         0.95652174 0.44897959 0.58064516 0.73214286 0.77941176
 1.         1.         0.81481481]
2025-07-23 00:40:11,352 - INFO - pod     f1        | micro: 0.708037; macro: 0.754552; score: [0.96907216 0.89795918 0.32835821 0.45283019 0.69491525 0.69736842
 0.98076923 0.96969697 0.8       ]

=== 内容从行 290757 开始的 16 行 ===
2025-07-24 02:45:32,130 - INFO - evaluation dataset type: test
2025-07-24 02:45:32,150 - INFO - node    precision | micro: 0.663043; macro: 0.681965; score: [0.875      0.4        0.85714286 0.52631579 0.73333333 0.7       ]
2025-07-24 02:45:32,150 - INFO - node    recall    | micro: 0.910448; macro: 0.892857; score: [1.         0.85714286 0.66666667 0.83333333 1.         1.        ]
2025-07-24 02:45:32,151 - INFO - node    f1        | micro: 0.767296; macro: 0.757272; score: [0.93333333 0.54545455 0.75       0.64516129 0.84615385 0.82352941]
2025-07-24 02:45:32,179 - INFO - service precision | micro: 0.770270; macro: 0.798413; score: [1.         0.9        0.5        0.28571429 1.         1.
 1.         1.         0.5       ]
2025-07-24 02:45:32,179 - INFO - service recall    | micro: 0.647727; macro: 0.677778; score: [1.         1.         0.4        0.33333333 0.5        0.46666667
 1.         1.         0.4       ]
2025-07-24 02:45:32,179 - INFO - service f1        | micro: 0.703704; macro: 0.716331; score: [1.         0.94736842 0.44444444 0.30769231 0.66666667 0.63636364
 1.         1.         0.44444444]
2025-07-24 02:45:32,253 - INFO - pod     precision | micro: 0.687500; macro: 0.719117; score: [0.94       0.75       0.38983051 0.34722222 0.70833333 0.68918919
 0.94444444 0.96969697 0.73333333]
2025-07-24 02:45:32,253 - INFO - pod     recall    | micro: 0.753425; macro: 0.780315; score: [1.         0.97826087 0.46938776 0.40322581 0.60714286 0.75
 1.         1.         0.81481481]
2025-07-24 02:45:32,254 - INFO - pod     f1        | micro: 0.718954; macro: 0.746369; score: [0.96907216 0.8490566  0.42592593 0.37313433 0.65384615 0.71830986
 0.97142857 0.98461538 0.77192982]

=== 内容从行 502312 开始的 16 行 ===
2025-07-25 18:44:03,196 - INFO - evaluation dataset type: test
2025-07-25 18:44:03,216 - INFO - node    precision | micro: 0.663043; macro: 0.677473; score: [0.85714286 0.46153846 0.7        0.5        0.84615385 0.7       ]
2025-07-25 18:44:03,216 - INFO - node    recall    | micro: 0.910448; macro: 0.901455; score: [0.85714286 0.85714286 0.77777778 0.91666667 1.         1.        ]
2025-07-25 18:44:03,216 - INFO - node    f1        | micro: 0.767296; macro: 0.763540; score: [0.85714286 0.6        0.73684211 0.64705882 0.91666667 0.82352941]
2025-07-25 18:44:03,243 - INFO - service precision | micro: 0.726190; macro: 0.761432; score: [1.         0.9        0.4        0.4375     1.         0.61538462
 1.         1.         0.5       ]
2025-07-25 18:44:03,243 - INFO - service recall    | micro: 0.693182; macro: 0.748148; score: [1.         1.         0.2        0.58333333 0.41666667 0.53333333
 1.         1.         1.        ]
2025-07-25 18:44:03,243 - INFO - service f1        | micro: 0.709302; macro: 0.726707; score: [1.         0.94736842 0.26666667 0.5        0.58823529 0.57142857
 1.         1.         0.66666667]
2025-07-25 18:44:03,317 - INFO - pod     precision | micro: 0.669794; macro: 0.714458; score: [1.         0.61971831 0.49275362 0.3956044  0.74468085 0.65853659
 0.96226415 0.94117647 0.61538462]
2025-07-25 18:44:03,317 - INFO - pod     recall    | micro: 0.815068; macro: 0.837672; score: [1.         0.95652174 0.69387755 0.58064516 0.625      0.79411765
 1.         1.         0.88888889]
2025-07-25 18:44:03,318 - INFO - pod     f1        | micro: 0.735324; macro: 0.764039; score: [1.         0.75213675 0.57627119 0.47058824 0.67961165 0.72
 0.98076923 0.96969697 0.72727273]

=== 内容从行 122662 开始的 16 行 ===
2025-07-22 18:53:59,768 - INFO - evaluation dataset type: test
2025-07-22 18:53:59,788 - INFO - node    precision | micro: 0.674419; macro: 0.678724; score: [0.75       0.66666667 0.55555556 0.47619048 0.84615385 0.77777778]
2025-07-22 18:53:59,788 - INFO - node    recall    | micro: 0.865672; macro: 0.850529; score: [0.85714286 0.85714286 0.55555556 0.83333333 1.         1.        ]
2025-07-22 18:53:59,788 - INFO - node    f1        | micro: 0.758170; macro: 0.750547; score: [0.8        0.75       0.55555556 0.60606061 0.91666667 0.875     ]
2025-07-22 18:53:59,814 - INFO - service precision | micro: 0.670455; macro: 0.683192; score: [1.         0.69230769 0.5        0.23076923 0.875      0.72727273
 0.90909091 0.71428571 0.5       ]
2025-07-22 18:53:59,815 - INFO - service recall    | micro: 0.670455; macro: 0.688889; score: [1.         1.         0.6        0.25       0.58333333 0.53333333
 1.         0.83333333 0.4       ]
2025-07-22 18:53:59,815 - INFO - service f1        | micro: 0.670455; macro: 0.676120; score: [1.         0.81818182 0.54545455 0.24       0.7        0.61538462
 0.95238095 0.76923077 0.44444444]
2025-07-22 18:53:59,889 - INFO - pod     precision | micro: 0.576655; macro: 0.630134; score: [0.87037037 0.59210526 0.32978723 0.2345679  0.7        0.54166667
 0.92727273 0.84210526 0.63333333]
2025-07-22 18:53:59,889 - INFO - pod     recall    | micro: 0.755708; macro: 0.778975; score: [1.         0.97826087 0.63265306 0.30645161 0.625      0.76470588
 1.         1.         0.7037037 ]
2025-07-22 18:53:59,889 - INFO - pod     f1        | micro: 0.654150; macro: 0.689493; score: [0.93069307 0.73770492 0.43356643 0.26573427 0.66037736 0.63414634
 0.96226415 0.91428571 0.66666667]

=== 内容从行 359654 开始的 16 行 ===
2025-07-24 15:48:16,832 - INFO - evaluation dataset type: test
2025-07-24 15:48:16,852 - INFO - node    precision | micro: 0.666667; macro: 0.706487; score: [0.875      0.46153846 1.         0.45       0.78571429 0.66666667]
2025-07-24 15:48:16,852 - INFO - node    recall    | micro: 0.895522; macro: 0.878968; score: [1.         0.85714286 0.66666667 0.75       1.         1.        ]
2025-07-24 15:48:16,852 - INFO - node    f1        | micro: 0.764331; macro: 0.762639; score: [0.93333333 0.6        0.8        0.5625     0.88       0.8       ]
2025-07-24 15:48:16,880 - INFO - service precision | micro: 0.662791; macro: 0.699968; score: [1.         0.81818182 0.23076923 0.28571429 0.8        0.875
 0.90909091 0.71428571 0.66666667]
2025-07-24 15:48:16,881 - INFO - service recall    | micro: 0.647727; macro: 0.666667; score: [1.         1.         0.3        0.33333333 0.66666667 0.46666667
 1.         0.83333333 0.4       ]
2025-07-24 15:48:16,881 - INFO - service f1        | micro: 0.655172; macro: 0.669571; score: [1.         0.9        0.26086957 0.30769231 0.72727273 0.60869565
 0.95238095 0.76923077 0.5       ]
2025-07-24 15:48:16,954 - INFO - pod     precision | micro: 0.575163; macro: 0.627391; score: [0.87037037 0.51724138 0.33       0.32989691 0.62318841 0.64864865
 0.89473684 0.86486486 0.56756757]
2025-07-24 15:48:16,955 - INFO - pod     recall    | micro: 0.803653; macro: 0.824375; score: [1.         0.97826087 0.67346939 0.51612903 0.76785714 0.70588235
 1.         1.         0.77777778]
2025-07-24 15:48:16,955 - INFO - pod     f1        | micro: 0.670476; macro: 0.705016; score: [0.93069307 0.67669173 0.44295302 0.40251572 0.688      0.67605634
 0.94444444 0.92753623 0.65625   ]

=== 内容从行 399449 开始的 16 行 ===
2025-07-24 23:20:47,730 - INFO - evaluation dataset type: test
2025-07-24 23:20:47,749 - INFO - node    precision | micro: 0.666667; macro: 0.704939; score: [0.875      0.42857143 1.         0.47368421 0.78571429 0.66666667]
2025-07-24 23:20:47,749 - INFO - node    recall    | micro: 0.895522; macro: 0.878968; score: [1.         0.85714286 0.66666667 0.75       1.         1.        ]
2025-07-24 23:20:47,750 - INFO - node    f1        | micro: 0.764331; macro: 0.760901; score: [0.93333333 0.57142857 0.8        0.58064516 0.88       0.8       ]
2025-07-24 23:20:47,776 - INFO - service precision | micro: 0.724138; macro: 0.771813; score: [1.         0.9        0.42857143 0.4        0.72727273 0.85714286
 1.         0.83333333 0.8       ]
2025-07-24 23:20:47,776 - INFO - service recall    | micro: 0.715909; macro: 0.755556; score: [1.         1.         0.6        0.5        0.66666667 0.4
 1.         0.83333333 0.8       ]
2025-07-24 23:20:47,776 - INFO - service f1        | micro: 0.720000; macro: 0.751806; score: [1.         0.94736842 0.5        0.44444444 0.69565217 0.54545455
 1.         0.83333333 0.8       ]
2025-07-24 23:20:47,850 - INFO - pod     precision | micro: 0.531519; macro: 0.615791; score: [0.83928571 0.52941176 0.29166667 0.33064516 0.4673913  0.70769231
 0.94444444 0.8        0.63157895]
2025-07-24 23:20:47,850 - INFO - pod     recall    | micro: 0.847032; macro: 0.869990; score: [1.         0.97826087 0.85714286 0.66129032 0.76785714 0.67647059
 1.         1.         0.88888889]
2025-07-24 23:20:47,850 - INFO - pod     f1        | micro: 0.653169; macro: 0.705259; score: [0.91262136 0.6870229  0.43523316 0.44086022 0.58108108 0.69172932
 0.97142857 0.88888889 0.73846154]

=== 内容从行 410230 开始的 16 行 ===
2025-07-25 01:22:23,367 - INFO - evaluation dataset type: test
2025-07-25 01:22:23,387 - INFO - node    precision | micro: 0.670455; macro: 0.717262; score: [0.875      0.5        1.         0.42857143 0.83333333 0.66666667]
2025-07-25 01:22:23,387 - INFO - node    recall    | micro: 0.880597; macro: 0.863817; score: [1.         0.85714286 0.66666667 0.75       0.90909091 1.        ]
2025-07-25 01:22:23,387 - INFO - node    f1        | micro: 0.761290; macro: 0.763322; score: [0.93333333 0.63157895 0.8        0.54545455 0.86956522 0.8       ]
2025-07-25 01:22:23,413 - INFO - service precision | micro: 0.701299; macro: 0.676639; score: [1.         0.9        0.33333333 0.23076923 0.875      0.72727273
 0.90909091 0.71428571 0.4       ]
2025-07-25 01:22:23,414 - INFO - service recall    | micro: 0.613636; macro: 0.633333; score: [1.         1.         0.1        0.25       0.58333333 0.53333333
 1.         0.83333333 0.4       ]
2025-07-25 01:22:23,414 - INFO - service f1        | micro: 0.654545; macro: 0.642023; score: [1.         0.94736842 0.15384615 0.24       0.7        0.61538462
 0.95238095 0.76923077 0.4       ]
2025-07-25 01:22:23,488 - INFO - pod     precision | micro: 0.570458; macro: 0.613663; score: [0.8245614  0.35714286 0.43103448 0.4        0.66       0.58241758
 0.92727273 0.8        0.54054054]
2025-07-25 01:22:23,488 - INFO - pod     recall    | micro: 0.767123; macro: 0.786864; score: [1.         0.97826087 0.51020408 0.48387097 0.58928571 0.77941176
 1.         1.         0.74074074]
2025-07-25 01:22:23,488 - INFO - pod     f1        | micro: 0.654333; macro: 0.677534; score: [0.90384615 0.52325581 0.46728972 0.4379562  0.62264151 0.66666667
 0.96226415 0.88888889 0.625     ]

=== 内容从行 291590 开始的 16 行 ===
2025-07-24 02:54:55,232 - INFO - evaluation dataset type: test
2025-07-24 02:54:55,252 - INFO - node    precision | micro: 0.681818; macro: 0.724659; score: [0.77777778 0.54545455 1.         0.45454545 0.83333333 0.73684211]
2025-07-24 02:54:55,252 - INFO - node    recall    | micro: 0.895522; macro: 0.877706; score: [1.         0.85714286 0.66666667 0.83333333 0.90909091 1.        ]
2025-07-24 02:54:55,252 - INFO - node    f1        | micro: 0.774194; macro: 0.774659; score: [0.875      0.66666667 0.8        0.58823529 0.86956522 0.84848485]
2025-07-24 02:54:55,279 - INFO - service precision | micro: 0.703704; macro: 0.718238; score: [0.9        0.9        0.5        0.28571429 0.77777778 0.63636364
 1.         0.71428571 0.75      ]
2025-07-24 02:54:55,280 - INFO - service recall    | micro: 0.647727; macro: 0.679630; score: [1.         1.         0.3        0.33333333 0.58333333 0.46666667
 1.         0.83333333 0.6       ]
2025-07-24 02:54:55,280 - INFO - service f1        | micro: 0.674556; macro: 0.690939; score: [0.94736842 0.94736842 0.375      0.30769231 0.66666667 0.53846154
 1.         0.76923077 0.66666667]
2025-07-24 02:54:55,358 - INFO - pod     precision | micro: 0.526398; macro: 0.571733; score: [0.78333333 0.36885246 0.36144578 0.3253012  0.5        0.56043956
 0.92727273 0.7804878  0.53846154]
2025-07-24 02:54:55,359 - INFO - pod     recall    | micro: 0.773973; macro: 0.797641; score: [1.         0.97826087 0.6122449  0.43548387 0.625      0.75
 1.         1.         0.77777778]
2025-07-24 02:54:55,359 - INFO - pod     f1        | micro: 0.626617; macro: 0.657065; score: [0.87850467 0.53571429 0.45454545 0.37241379 0.55555556 0.64150943
 0.96226415 0.87671233 0.63636364]

=== 内容从行 305688 开始的 16 行 ===
2025-07-24 05:35:07,784 - INFO - evaluation dataset type: test
2025-07-24 05:35:07,804 - INFO - node    precision | micro: 0.693182; macro: 0.730098; score: [0.93333333 0.46153846 1.         0.5        0.78571429 0.7       ]
2025-07-24 05:35:07,804 - INFO - node    recall    | micro: 0.910448; macro: 0.892857; score: [1.         0.85714286 0.66666667 0.83333333 1.         1.        ]
2025-07-24 05:35:07,804 - INFO - node    f1        | micro: 0.787097; macro: 0.782341; score: [0.96551724 0.6        0.8        0.625      0.88       0.82352941]
2025-07-24 05:35:07,831 - INFO - service precision | micro: 0.729412; macro: 0.750433; score: [1.         0.81818182 0.625      0.28571429 0.8        0.8
 1.         0.625      0.8       ]
2025-07-24 05:35:07,831 - INFO - service recall    | micro: 0.704545; macro: 0.740741; score: [1.         1.         0.5        0.33333333 0.66666667 0.53333333
 1.         0.83333333 0.8       ]
2025-07-24 05:35:07,831 - INFO - service f1        | micro: 0.716763; macro: 0.738312; score: [1.         0.9        0.55555556 0.30769231 0.72727273 0.64
 1.         0.71428571 0.8       ]
2025-07-24 05:35:07,907 - INFO - pod     precision | micro: 0.566667; macro: 0.616779; score: [0.79661017 0.51136364 0.35483871 0.34693878 0.5942029  0.53763441
 0.96226415 0.7804878  0.66666667]
2025-07-24 05:35:07,907 - INFO - pod     recall    | micro: 0.815068; macro: 0.839605; score: [1.         0.97826087 0.67346939 0.5483871  0.73214286 0.73529412
 1.         1.         0.88888889]
2025-07-24 05:35:07,907 - INFO - pod     f1        | micro: 0.668539; macro: 0.704970; score: [0.88679245 0.67164179 0.46478873 0.425      0.656      0.62111801
 0.98076923 0.87671233 0.76190476]

=== 内容从行 325574 开始的 16 行 ===
2025-07-24 09:21:30,603 - INFO - evaluation dataset type: test
2025-07-24 09:21:30,623 - INFO - node    precision | micro: 0.697674; macro: 0.727984; score: [0.875      0.4        1.         0.52941176 0.78571429 0.77777778]
2025-07-24 09:21:30,623 - INFO - node    recall    | micro: 0.895522; macro: 0.878968; score: [1.         0.85714286 0.66666667 0.75       1.         1.        ]
2025-07-24 09:21:30,623 - INFO - node    f1        | micro: 0.784314; macro: 0.775746; score: [0.93333333 0.54545455 0.8        0.62068966 0.88       0.875     ]
2025-07-24 09:21:30,651 - INFO - service precision | micro: 0.740741; macro: 0.790332; score: [1.         0.75       0.6        0.28571429 1.         0.72727273
 1.         1.         0.75      ]
2025-07-24 09:21:30,651 - INFO - service recall    | micro: 0.681818; macro: 0.720370; score: [1.         1.         0.6        0.33333333 0.41666667 0.53333333
 1.         1.         0.6       ]
2025-07-24 09:21:30,651 - INFO - service f1        | micro: 0.710059; macro: 0.737236; score: [1.         0.85714286 0.6        0.30769231 0.58823529 0.61538462
 1.         1.         0.66666667]
2025-07-24 09:21:30,729 - INFO - pod     precision | micro: 0.658103; macro: 0.744697; score: [0.94       0.72580645 0.35526316 0.33009709 0.96153846 0.675
 0.96226415 0.96969697 0.7826087 ]
2025-07-24 09:21:30,730 - INFO - pod     recall    | micro: 0.760274; macro: 0.776098; score: [1.         0.97826087 0.55102041 0.5483871  0.44642857 0.79411765
 1.         1.         0.66666667]
2025-07-24 09:21:30,730 - INFO - pod     f1        | micro: 0.705508; macro: 0.741266; score: [0.96907216 0.83333333 0.432      0.41212121 0.6097561  0.72972973
 0.98076923 0.98461538 0.72      ]

