nohup: ignoring input
2025-09-19 22:09:32,637 - INFO - Preprocessing traces: dataset_type: train_valid, date: 2025-06-06, cloudbed: cloudbed.
2025-09-19 22:10:11,075 - INFO - Preprocessing traces: dataset_type: train_valid, date: 2025-06-06, cloudbed: cloudbed.
2025-09-19 22:10:45,304 - INFO - Preprocessing traces: dataset_type: train_valid, date: 2025-06-06, cloudbed: cloudbed.
2025-09-19 22:11:10,149 - INFO - Preprocessing traces: dataset_type: train_valid, date: 2025-06-06, cloudbed: cloudbed.
2025-09-19 22:11:47,747 - INFO - Preprocessing traces: dataset_type: train_valid, date: 2025-06-06, cloudbed: cloudbed.
2025-09-19 22:12:21,568 - INFO - Preprocessing traces: dataset_type: train_valid, date: 2025-06-06, cloudbed: cloudbed.
2025-09-19 22:12:54,055 - INFO - Preprocessing traces: dataset_type: train_valid, date: 2025-06-06, cloudbed: cloudbed.
2025-09-19 22:13:31,861 - INFO - Preprocessing traces: dataset_type: train_valid, date: 2025-06-06, cloudbed: cloudbed.
2025-09-19 22:14:08,953 - INFO - Preprocessing traces: dataset_type: train_valid, date: 2025-06-06, cloudbed: cloudbed.
2025-09-19 22:14:47,129 - INFO - Preprocessing traces: dataset_type: train_valid, date: 2025-06-06, cloudbed: cloudbed.
2025-09-19 22:15:37,138 - INFO - Preprocessing traces: dataset_type: train_valid, date: 2025-06-06, cloudbed: cloudbed.
2025-09-19 22:17:04,914 - INFO - Preprocessing traces: dataset_type: train_valid, date: 2025-06-06, cloudbed: cloudbed.
2025-09-19 22:18:56,740 - INFO - Preprocessing traces: dataset_type: train_valid, date: 2025-06-06, cloudbed: cloudbed.
2025-09-19 22:20:21,927 - INFO - Preprocessing traces: dataset_type: train_valid, date: 2025-06-06, cloudbed: cloudbed.
2025-09-19 22:22:13,502 - INFO - Preprocessing traces: dataset_type: train_valid, date: 2025-06-06, cloudbed: cloudbed.
2025-09-19 22:24:04,059 - INFO - Preprocessing traces: dataset_type: train_valid, date: 2025-06-06, cloudbed: cloudbed.
2025-09-19 22:25:37,633 - INFO - Preprocessing traces: dataset_type: train_valid, date: 2025-06-06, cloudbed: cloudbed.
2025-09-19 22:27:37,523 - INFO - Preprocessing traces: dataset_type: train_valid, date: 2025-06-06, cloudbed: cloudbed.
2025-09-19 22:29:46,244 - INFO - Preprocessing traces: dataset_type: train_valid, date: 2025-06-06, cloudbed: cloudbed.
2025-09-19 22:31:48,599 - INFO - Preprocessing traces: dataset_type: train_valid, date: 2025-06-06, cloudbed: cloudbed.
2025-09-19 22:34:06,182 - INFO - Preprocessing traces: dataset_type: train_valid, date: 2025-06-06, cloudbed: cloudbed.
2025-09-19 22:35:56,499 - INFO - Preprocessing traces: dataset_type: train_valid, date: 2025-06-06, cloudbed: cloudbed.
2025-09-19 22:36:45,229 - INFO - Preprocessing traces: dataset_type: train_valid, date: 2025-06-06, cloudbed: cloudbed.
2025-09-19 22:37:22,262 - INFO - Preprocessing traces: dataset_type: train_valid, date: 2025-06-06, cloudbed: cloudbed.
2025-09-19 22:37:54,822 - INFO - Preprocessing traces: dataset_type: train_valid, date: 2025-06-07, cloudbed: cloudbed.
2025-09-19 22:38:22,012 - INFO - Preprocessing traces: dataset_type: train_valid, date: 2025-06-07, cloudbed: cloudbed.
2025-09-19 22:38:59,417 - INFO - Preprocessing traces: dataset_type: train_valid, date: 2025-06-07, cloudbed: cloudbed.
2025-09-19 22:39:36,823 - INFO - Preprocessing traces: dataset_type: train_valid, date: 2025-06-07, cloudbed: cloudbed.
2025-09-19 22:40:13,375 - INFO - Preprocessing traces: dataset_type: train_valid, date: 2025-06-07, cloudbed: cloudbed.
2025-09-19 22:40:50,352 - INFO - Preprocessing traces: dataset_type: train_valid, date: 2025-06-07, cloudbed: cloudbed.
2025-09-19 22:41:27,795 - INFO - Preprocessing traces: dataset_type: train_valid, date: 2025-06-07, cloudbed: cloudbed.
2025-09-19 22:42:05,832 - INFO - Preprocessing traces: dataset_type: train_valid, date: 2025-06-07, cloudbed: cloudbed.
2025-09-19 22:42:28,282 - INFO - Preprocessing traces: dataset_type: train_valid, date: 2025-06-07, cloudbed: cloudbed.
2025-09-19 22:43:05,293 - INFO - Preprocessing traces: dataset_type: train_valid, date: 2025-06-07, cloudbed: cloudbed.
2025-09-19 22:43:55,732 - INFO - Preprocessing traces: dataset_type: train_valid, date: 2025-06-07, cloudbed: cloudbed.
2025-09-19 22:45:14,318 - INFO - Preprocessing traces: dataset_type: train_valid, date: 2025-06-07, cloudbed: cloudbed.
2025-09-19 22:46:48,977 - INFO - Preprocessing traces: dataset_type: train_valid, date: 2025-06-07, cloudbed: cloudbed.
2025-09-19 22:48:43,958 - INFO - Preprocessing traces: dataset_type: train_valid, date: 2025-06-07, cloudbed: cloudbed.
2025-09-19 22:50:03,757 - INFO - Preprocessing traces: dataset_type: train_valid, date: 2025-06-07, cloudbed: cloudbed.
2025-09-19 22:51:43,395 - INFO - Preprocessing traces: dataset_type: train_valid, date: 2025-06-07, cloudbed: cloudbed.
2025-09-19 22:52:55,507 - INFO - Preprocessing traces: dataset_type: train_valid, date: 2025-06-07, cloudbed: cloudbed.
2025-09-19 22:54:55,095 - INFO - Preprocessing traces: dataset_type: train_valid, date: 2025-06-07, cloudbed: cloudbed.
2025-09-19 22:57:06,386 - INFO - Preprocessing traces: dataset_type: train_valid, date: 2025-06-07, cloudbed: cloudbed.
2025-09-19 22:59:28,932 - INFO - Preprocessing traces: dataset_type: train_valid, date: 2025-06-07, cloudbed: cloudbed.
2025-09-19 23:01:48,232 - INFO - Preprocessing traces: dataset_type: train_valid, date: 2025-06-07, cloudbed: cloudbed.
2025-09-19 23:03:12,203 - INFO - Preprocessing traces: dataset_type: train_valid, date: 2025-06-07, cloudbed: cloudbed.
2025-09-19 23:03:59,244 - INFO - Preprocessing traces: dataset_type: train_valid, date: 2025-06-07, cloudbed: cloudbed.
2025-09-19 23:04:24,495 - INFO - Preprocessing traces: dataset_type: train_valid, date: 2025-06-07, cloudbed: cloudbed.
2025-09-19 23:04:59,056 - INFO - Preprocessing traces: dataset_type: train_valid, date: 2025-06-08, cloudbed: cloudbed.
2025-09-19 23:05:38,030 - INFO - Preprocessing traces: dataset_type: train_valid, date: 2025-06-08, cloudbed: cloudbed.
2025-09-19 23:06:16,104 - INFO - Preprocessing traces: dataset_type: train_valid, date: 2025-06-08, cloudbed: cloudbed.
2025-09-19 23:06:50,395 - INFO - Preprocessing traces: dataset_type: train_valid, date: 2025-06-08, cloudbed: cloudbed.
2025-09-19 23:07:27,993 - INFO - Preprocessing traces: dataset_type: train_valid, date: 2025-06-08, cloudbed: cloudbed.
2025-09-19 23:08:05,569 - INFO - Preprocessing traces: dataset_type: train_valid, date: 2025-06-08, cloudbed: cloudbed.
2025-09-19 23:08:43,458 - INFO - Preprocessing traces: dataset_type: train_valid, date: 2025-06-08, cloudbed: cloudbed.
2025-09-19 23:09:22,930 - INFO - Preprocessing traces: dataset_type: train_valid, date: 2025-06-08, cloudbed: cloudbed.
2025-09-19 23:09:59,936 - INFO - Preprocessing traces: dataset_type: train_valid, date: 2025-06-08, cloudbed: cloudbed.
2025-09-19 23:10:37,486 - INFO - Preprocessing traces: dataset_type: train_valid, date: 2025-06-08, cloudbed: cloudbed.
2025-09-19 23:11:21,865 - INFO - Preprocessing traces: dataset_type: train_valid, date: 2025-06-08, cloudbed: cloudbed.
2025-09-19 23:12:56,996 - INFO - Preprocessing traces: dataset_type: train_valid, date: 2025-06-08, cloudbed: cloudbed.
2025-09-19 23:14:50,854 - INFO - Preprocessing traces: dataset_type: train_valid, date: 2025-06-08, cloudbed: cloudbed.
2025-09-19 23:16:49,498 - INFO - Preprocessing traces: dataset_type: train_valid, date: 2025-06-08, cloudbed: cloudbed.
2025-09-19 23:18:44,565 - INFO - Preprocessing traces: dataset_type: train_valid, date: 2025-06-08, cloudbed: cloudbed.
2025-09-19 23:20:41,265 - INFO - Preprocessing traces: dataset_type: train_valid, date: 2025-06-08, cloudbed: cloudbed.
2025-09-19 23:22:37,315 - INFO - Preprocessing traces: dataset_type: train_valid, date: 2025-06-08, cloudbed: cloudbed.
2025-09-19 23:24:40,376 - INFO - Preprocessing traces: dataset_type: train_valid, date: 2025-06-08, cloudbed: cloudbed.
2025-09-19 23:26:07,652 - INFO - Preprocessing traces: dataset_type: train_valid, date: 2025-06-08, cloudbed: cloudbed.
2025-09-19 23:28:14,295 - INFO - Preprocessing traces: dataset_type: train_valid, date: 2025-06-08, cloudbed: cloudbed.
2025-09-19 23:30:03,512 - INFO - Preprocessing traces: dataset_type: train_valid, date: 2025-06-08, cloudbed: cloudbed.
2025-09-19 23:31:41,491 - INFO - Preprocessing traces: dataset_type: train_valid, date: 2025-06-09, cloudbed: cloudbed.
2025-09-19 23:32:00,440 - INFO - Preprocessing traces: dataset_type: train_valid, date: 2025-06-09, cloudbed: cloudbed.
2025-09-19 23:32:39,713 - INFO - Preprocessing traces: dataset_type: train_valid, date: 2025-06-09, cloudbed: cloudbed.
2025-09-19 23:33:18,640 - INFO - Preprocessing traces: dataset_type: train_valid, date: 2025-06-09, cloudbed: cloudbed.
2025-09-19 23:34:08,645 - INFO - Preprocessing traces: dataset_type: train_valid, date: 2025-06-09, cloudbed: cloudbed.
2025-09-19 23:35:41,435 - INFO - Preprocessing traces: dataset_type: train_valid, date: 2025-06-09, cloudbed: cloudbed.
2025-09-19 23:37:33,836 - INFO - Preprocessing traces: dataset_type: train_valid, date: 2025-06-09, cloudbed: cloudbed.
2025-09-19 23:39:33,162 - INFO - Preprocessing traces: dataset_type: train_valid, date: 2025-06-09, cloudbed: cloudbed.
2025-09-19 23:41:22,152 - INFO - Preprocessing traces: dataset_type: train_valid, date: 2025-06-09, cloudbed: cloudbed.
2025-09-19 23:43:14,162 - INFO - Preprocessing traces: dataset_type: train_valid, date: 2025-06-09, cloudbed: cloudbed.
2025-09-19 23:45:13,967 - INFO - Preprocessing traces: dataset_type: train_valid, date: 2025-06-09, cloudbed: cloudbed.
2025-09-19 23:47:19,189 - INFO - Preprocessing traces: dataset_type: train_valid, date: 2025-06-09, cloudbed: cloudbed.
2025-09-19 23:49:31,557 - INFO - Preprocessing traces: dataset_type: train_valid, date: 2025-06-09, cloudbed: cloudbed.
2025-09-19 23:51:32,427 - INFO - Preprocessing traces: dataset_type: train_valid, date: 2025-06-10, cloudbed: cloudbed.
2025-09-19 23:51:48,097 - INFO - Preprocessing traces: dataset_type: train_valid, date: 2025-06-10, cloudbed: cloudbed.
2025-09-19 23:52:16,121 - INFO - Preprocessing traces: dataset_type: train_valid, date: 2025-06-10, cloudbed: cloudbed.
2025-09-19 23:52:54,885 - INFO - Preprocessing traces: dataset_type: train_valid, date: 2025-06-10, cloudbed: cloudbed.
2025-09-19 23:53:15,084 - INFO - Preprocessing traces: dataset_type: train_valid, date: 2025-06-10, cloudbed: cloudbed.
2025-09-19 23:54:06,553 - INFO - Preprocessing traces: dataset_type: train_valid, date: 2025-06-10, cloudbed: cloudbed.
2025-09-19 23:55:40,686 - INFO - Preprocessing traces: dataset_type: train_valid, date: 2025-06-10, cloudbed: cloudbed.
2025-09-19 23:57:34,358 - INFO - Preprocessing traces: dataset_type: train_valid, date: 2025-06-10, cloudbed: cloudbed.
2025-09-19 23:59:31,804 - INFO - Preprocessing traces: dataset_type: train_valid, date: 2025-06-10, cloudbed: cloudbed.
2025-09-20 00:01:27,818 - INFO - Preprocessing traces: dataset_type: train_valid, date: 2025-06-10, cloudbed: cloudbed.
2025-09-20 00:03:20,976 - INFO - Preprocessing traces: dataset_type: train_valid, date: 2025-06-10, cloudbed: cloudbed.
2025-09-20 00:05:18,708 - INFO - Preprocessing traces: dataset_type: train_valid, date: 2025-06-10, cloudbed: cloudbed.
2025-09-20 00:07:25,115 - INFO - Preprocessing traces: dataset_type: train_valid, date: 2025-06-10, cloudbed: cloudbed.
2025-09-20 00:09:36,980 - INFO - Preprocessing traces: dataset_type: train_valid, date: 2025-06-10, cloudbed: cloudbed.
2025-09-20 00:11:59,558 - INFO - Preprocessing traces: dataset_type: train_valid, date: 2025-06-10, cloudbed: cloudbed.
2025-09-20 00:14:29,544 - INFO - Preprocessing traces: dataset_type: train_valid, date: 2025-06-10, cloudbed: cloudbed.
2025-09-20 00:15:57,395 - INFO - Preprocessing traces: dataset_type: train_valid, date: 2025-06-10, cloudbed: cloudbed.
2025-09-20 00:17:11,818 - INFO - Preprocessing traces: dataset_type: train_valid, date: 2025-06-10, cloudbed: cloudbed.
2025-09-20 00:17:51,614 - INFO - Preprocessing traces: dataset_type: train_valid, date: 2025-06-10, cloudbed: cloudbed.
2025-09-20 00:18:30,990 - INFO - Preprocessing traces: dataset_type: train_valid, date: 2025-06-11, cloudbed: cloudbed.
2025-09-20 00:19:06,632 - INFO - Preprocessing traces: dataset_type: train_valid, date: 2025-06-11, cloudbed: cloudbed.
2025-09-20 00:19:44,821 - INFO - Preprocessing traces: dataset_type: train_valid, date: 2025-06-11, cloudbed: cloudbed.
2025-09-20 00:20:23,273 - INFO - Preprocessing traces: dataset_type: train_valid, date: 2025-06-11, cloudbed: cloudbed.
2025-09-20 00:20:59,576 - INFO - Preprocessing traces: dataset_type: train_valid, date: 2025-06-11, cloudbed: cloudbed.
2025-09-20 00:21:39,314 - INFO - Preprocessing traces: dataset_type: train_valid, date: 2025-06-11, cloudbed: cloudbed.
2025-09-20 00:22:18,758 - INFO - Preprocessing traces: dataset_type: train_valid, date: 2025-06-11, cloudbed: cloudbed.
2025-09-20 00:22:57,599 - INFO - Preprocessing traces: dataset_type: train_valid, date: 2025-06-11, cloudbed: cloudbed.
2025-09-20 00:23:35,756 - INFO - Preprocessing traces: dataset_type: train_valid, date: 2025-06-11, cloudbed: cloudbed.
2025-09-20 00:24:04,212 - INFO - Preprocessing traces: dataset_type: train_valid, date: 2025-06-11, cloudbed: cloudbed.
2025-09-20 00:24:54,582 - INFO - Preprocessing traces: dataset_type: train_valid, date: 2025-06-11, cloudbed: cloudbed.
2025-09-20 00:26:20,838 - INFO - Preprocessing traces: dataset_type: train_valid, date: 2025-06-11, cloudbed: cloudbed.
2025-09-20 00:28:14,220 - INFO - Preprocessing traces: dataset_type: train_valid, date: 2025-06-11, cloudbed: cloudbed.
2025-09-20 00:30:12,717 - INFO - Preprocessing traces: dataset_type: train_valid, date: 2025-06-11, cloudbed: cloudbed.
2025-09-20 00:32:06,460 - INFO - Preprocessing traces: dataset_type: train_valid, date: 2025-06-11, cloudbed: cloudbed.
2025-09-20 00:34:04,022 - INFO - Preprocessing traces: dataset_type: train_valid, date: 2025-06-11, cloudbed: cloudbed.
2025-09-20 00:35:53,362 - INFO - Preprocessing traces: dataset_type: train_valid, date: 2025-06-11, cloudbed: cloudbed.
2025-09-20 00:37:57,392 - INFO - Preprocessing traces: dataset_type: train_valid, date: 2025-06-11, cloudbed: cloudbed.
2025-09-20 00:40:10,177 - INFO - Preprocessing traces: dataset_type: train_valid, date: 2025-06-11, cloudbed: cloudbed.
2025-09-20 00:42:33,468 - INFO - Preprocessing traces: dataset_type: train_valid, date: 2025-06-11, cloudbed: cloudbed.
2025-09-20 00:45:02,219 - INFO - Preprocessing traces: dataset_type: train_valid, date: 2025-06-11, cloudbed: cloudbed.
2025-09-20 00:47:05,737 - INFO - Preprocessing traces: dataset_type: train_valid, date: 2025-06-11, cloudbed: cloudbed.
2025-09-20 00:48:17,405 - INFO - Preprocessing traces: dataset_type: train_valid, date: 2025-06-11, cloudbed: cloudbed.
2025-09-20 00:48:50,565 - INFO - Preprocessing traces: dataset_type: train_valid, date: 2025-06-11, cloudbed: cloudbed.
2025-09-20 00:49:28,118 - INFO - Preprocessing traces: dataset_type: test, date: 2025-06-12, cloudbed: cloudbed.
2025-09-20 00:49:57,083 - INFO - Preprocessing traces: dataset_type: test, date: 2025-06-12, cloudbed: cloudbed.
2025-09-20 00:50:33,544 - INFO - Preprocessing traces: dataset_type: test, date: 2025-06-12, cloudbed: cloudbed.
2025-09-20 00:51:11,217 - INFO - Preprocessing traces: dataset_type: test, date: 2025-06-12, cloudbed: cloudbed.
2025-09-20 00:51:38,421 - INFO - Preprocessing traces: dataset_type: test, date: 2025-06-12, cloudbed: cloudbed.
2025-09-20 00:52:16,722 - INFO - Preprocessing traces: dataset_type: test, date: 2025-06-12, cloudbed: cloudbed.
2025-09-20 00:52:57,613 - INFO - Preprocessing traces: dataset_type: test, date: 2025-06-12, cloudbed: cloudbed.
2025-09-20 00:53:24,300 - INFO - Preprocessing traces: dataset_type: test, date: 2025-06-12, cloudbed: cloudbed.
2025-09-20 00:54:03,771 - INFO - Preprocessing traces: dataset_type: test, date: 2025-06-12, cloudbed: cloudbed.
2025-09-20 00:54:42,953 - INFO - Preprocessing traces: dataset_type: test, date: 2025-06-12, cloudbed: cloudbed.
2025-09-20 00:55:34,719 - INFO - Preprocessing traces: dataset_type: test, date: 2025-06-12, cloudbed: cloudbed.
2025-09-20 00:57:08,327 - INFO - Preprocessing traces: dataset_type: test, date: 2025-06-12, cloudbed: cloudbed.
2025-09-20 00:59:00,182 - INFO - Preprocessing traces: dataset_type: test, date: 2025-06-12, cloudbed: cloudbed.
2025-09-20 01:00:59,015 - INFO - Preprocessing traces: dataset_type: test, date: 2025-06-12, cloudbed: cloudbed.
2025-09-20 01:02:55,892 - INFO - Preprocessing traces: dataset_type: test, date: 2025-06-12, cloudbed: cloudbed.
2025-09-20 01:04:50,682 - INFO - Preprocessing traces: dataset_type: test, date: 2025-06-12, cloudbed: cloudbed.
2025-09-20 01:06:50,611 - INFO - Preprocessing traces: dataset_type: test, date: 2025-06-12, cloudbed: cloudbed.
2025-09-20 01:08:52,339 - INFO - Preprocessing traces: dataset_type: test, date: 2025-06-12, cloudbed: cloudbed.
2025-09-20 01:11:02,585 - INFO - Preprocessing traces: dataset_type: test, date: 2025-06-12, cloudbed: cloudbed.
2025-09-20 01:12:30,664 - INFO - Preprocessing traces: dataset_type: test, date: 2025-06-12, cloudbed: cloudbed.
2025-09-20 01:13:36,709 - INFO - Preprocessing traces: dataset_type: test, date: 2025-06-13, cloudbed: cloudbed.
2025-09-20 01:14:14,214 - INFO - Preprocessing traces: dataset_type: test, date: 2025-06-13, cloudbed: cloudbed.
2025-09-20 01:14:52,830 - INFO - Preprocessing traces: dataset_type: test, date: 2025-06-13, cloudbed: cloudbed.
2025-09-20 01:15:31,239 - INFO - Preprocessing traces: dataset_type: test, date: 2025-06-13, cloudbed: cloudbed.
2025-09-20 01:15:56,589 - INFO - Preprocessing traces: dataset_type: test, date: 2025-06-13, cloudbed: cloudbed.
2025-09-20 01:16:35,079 - INFO - Preprocessing traces: dataset_type: test, date: 2025-06-13, cloudbed: cloudbed.
2025-09-20 01:17:13,829 - INFO - Preprocessing traces: dataset_type: test, date: 2025-06-13, cloudbed: cloudbed.
2025-09-20 01:17:51,868 - INFO - Preprocessing traces: dataset_type: test, date: 2025-06-13, cloudbed: cloudbed.
2025-09-20 01:18:30,369 - INFO - Preprocessing traces: dataset_type: test, date: 2025-06-13, cloudbed: cloudbed.
2025-09-20 01:19:21,913 - INFO - Preprocessing traces: dataset_type: test, date: 2025-06-13, cloudbed: cloudbed.
2025-09-20 01:20:55,247 - INFO - Preprocessing traces: dataset_type: test, date: 2025-06-13, cloudbed: cloudbed.
2025-09-20 01:22:48,317 - INFO - Preprocessing traces: dataset_type: test, date: 2025-06-13, cloudbed: cloudbed.
2025-09-20 01:24:42,063 - INFO - Preprocessing traces: dataset_type: test, date: 2025-06-13, cloudbed: cloudbed.
2025-09-20 01:26:40,289 - INFO - Preprocessing traces: dataset_type: test, date: 2025-06-13, cloudbed: cloudbed.
2025-09-20 01:28:37,610 - INFO - Preprocessing traces: dataset_type: test, date: 2025-06-13, cloudbed: cloudbed.
2025-09-20 01:30:35,861 - INFO - Preprocessing traces: dataset_type: test, date: 2025-06-13, cloudbed: cloudbed.
2025-09-20 01:32:36,886 - INFO - Preprocessing traces: dataset_type: test, date: 2025-06-13, cloudbed: cloudbed.
2025-09-20 01:34:50,132 - INFO - Preprocessing traces: dataset_type: test, date: 2025-06-13, cloudbed: cloudbed.
2025-09-20 01:36:52,169 - INFO - Preprocessing traces: dataset_type: test, date: 2025-06-13, cloudbed: cloudbed.
2025-09-20 01:37:15,833 - INFO - Preprocessing traces: dataset_type: test, date: 2025-06-14, cloudbed: cloudbed.
2025-09-20 01:37:46,893 - INFO - Preprocessing traces: dataset_type: test, date: 2025-06-14, cloudbed: cloudbed.
2025-09-20 01:38:24,870 - INFO - Preprocessing traces: dataset_type: test, date: 2025-06-14, cloudbed: cloudbed.
2025-09-20 01:39:03,224 - INFO - Preprocessing traces: dataset_type: test, date: 2025-06-14, cloudbed: cloudbed.
2025-09-20 01:39:41,921 - INFO - Preprocessing traces: dataset_type: test, date: 2025-06-14, cloudbed: cloudbed.
2025-09-20 01:40:21,686 - INFO - Preprocessing traces: dataset_type: test, date: 2025-06-14, cloudbed: cloudbed.
2025-09-20 01:40:59,233 - INFO - Preprocessing traces: dataset_type: test, date: 2025-06-14, cloudbed: cloudbed.
2025-09-20 01:41:38,563 - INFO - Preprocessing traces: dataset_type: test, date: 2025-06-14, cloudbed: cloudbed.
2025-09-20 01:42:17,123 - INFO - Preprocessing traces: dataset_type: test, date: 2025-06-14, cloudbed: cloudbed.
2025-09-20 01:43:08,283 - INFO - Preprocessing traces: dataset_type: test, date: 2025-06-14, cloudbed: cloudbed.
2025-09-20 01:44:43,010 - INFO - Preprocessing traces: dataset_type: test, date: 2025-06-14, cloudbed: cloudbed.
2025-09-20 01:46:01,700 - INFO - Preprocessing traces: dataset_type: test, date: 2025-06-14, cloudbed: cloudbed.
2025-09-20 01:48:02,183 - INFO - Preprocessing traces: dataset_type: test, date: 2025-06-14, cloudbed: cloudbed.
2025-09-20 01:49:55,812 - INFO - Preprocessing traces: dataset_type: test, date: 2025-06-14, cloudbed: cloudbed.
2025-09-20 01:51:40,109 - INFO - Preprocessing traces: dataset_type: test, date: 2025-06-14, cloudbed: cloudbed.
2025-09-20 01:53:35,830 - INFO - Preprocessing traces: dataset_type: test, date: 2025-06-14, cloudbed: cloudbed.
2025-09-20 01:55:41,314 - INFO - Preprocessing traces: dataset_type: test, date: 2025-06-14, cloudbed: cloudbed.
2025-09-20 01:57:11,545 - INFO - Preprocessing traces: dataset_type: test, date: 2025-06-14, cloudbed: cloudbed.
2025-09-20 01:59:09,492 - INFO - Preprocessing traces: dataset_type: test, date: 2025-06-14, cloudbed: cloudbed.
2025-09-20 02:00:37,786 - INFO - Preprocessing traces: dataset_type: test, date: 2025-06-14, cloudbed: cloudbed.
2025-09-20 02:01:52,337 - INFO - Preprocessing traces: dataset_type: test, date: 2025-06-14, cloudbed: cloudbed.
2025-09-20 02:02:41,522 - INFO - Preprocessing traces: dataset_type: test, date: 2025-06-14, cloudbed: cloudbed.
/root/shared-nvme/data_set/2025_CCF_aiops-live-benchmark/phaseone/2025-06-06/cloudbed/trace-parquet/trace_jaeger-span_2025-06-06_00-00-00.parquet
/root/shared-nvme/data_set/2025_CCF_aiops-live-benchmark/phaseone/2025-06-06/cloudbed/trace-parquet/trace_jaeger-span_2025-06-06_01-00-00.parquet
/root/shared-nvme/data_set/2025_CCF_aiops-live-benchmark/phaseone/2025-06-06/cloudbed/trace-parquet/trace_jaeger-span_2025-06-06_02-00-00.parquet
/root/shared-nvme/data_set/2025_CCF_aiops-live-benchmark/phaseone/2025-06-06/cloudbed/trace-parquet/trace_jaeger-span_2025-06-06_03-00-00.parquet
/root/shared-nvme/data_set/2025_CCF_aiops-live-benchmark/phaseone/2025-06-06/cloudbed/trace-parquet/trace_jaeger-span_2025-06-06_04-00-00.parquet
/root/shared-nvme/data_set/2025_CCF_aiops-live-benchmark/phaseone/2025-06-06/cloudbed/trace-parquet/trace_jaeger-span_2025-06-06_05-00-00.parquet
/root/shared-nvme/data_set/2025_CCF_aiops-live-benchmark/phaseone/2025-06-06/cloudbed/trace-parquet/trace_jaeger-span_2025-06-06_06-00-00.parquet
/root/shared-nvme/data_set/2025_CCF_aiops-live-benchmark/phaseone/2025-06-06/cloudbed/trace-parquet/trace_jaeger-span_2025-06-06_07-00-00.parquet
/root/shared-nvme/data_set/2025_CCF_aiops-live-benchmark/phaseone/2025-06-06/cloudbed/trace-parquet/trace_jaeger-span_2025-06-06_08-00-00.parquet
/root/shared-nvme/data_set/2025_CCF_aiops-live-benchmark/phaseone/2025-06-06/cloudbed/trace-parquet/trace_jaeger-span_2025-06-06_09-00-00.parquet
/root/shared-nvme/data_set/2025_CCF_aiops-live-benchmark/phaseone/2025-06-06/cloudbed/trace-parquet/trace_jaeger-span_2025-06-06_10-00-00.parquet
/root/shared-nvme/data_set/2025_CCF_aiops-live-benchmark/phaseone/2025-06-06/cloudbed/trace-parquet/trace_jaeger-span_2025-06-06_11-00-00.parquet
/root/shared-nvme/data_set/2025_CCF_aiops-live-benchmark/phaseone/2025-06-06/cloudbed/trace-parquet/trace_jaeger-span_2025-06-06_12-00-00.parquet
/root/shared-nvme/data_set/2025_CCF_aiops-live-benchmark/phaseone/2025-06-06/cloudbed/trace-parquet/trace_jaeger-span_2025-06-06_13-00-00.parquet
/root/shared-nvme/data_set/2025_CCF_aiops-live-benchmark/phaseone/2025-06-06/cloudbed/trace-parquet/trace_jaeger-span_2025-06-06_14-00-00.parquet
/root/shared-nvme/data_set/2025_CCF_aiops-live-benchmark/phaseone/2025-06-06/cloudbed/trace-parquet/trace_jaeger-span_2025-06-06_15-00-00.parquet
/root/shared-nvme/data_set/2025_CCF_aiops-live-benchmark/phaseone/2025-06-06/cloudbed/trace-parquet/trace_jaeger-span_2025-06-06_16-00-00.parquet
/root/shared-nvme/data_set/2025_CCF_aiops-live-benchmark/phaseone/2025-06-06/cloudbed/trace-parquet/trace_jaeger-span_2025-06-06_17-00-00.parquet
/root/shared-nvme/data_set/2025_CCF_aiops-live-benchmark/phaseone/2025-06-06/cloudbed/trace-parquet/trace_jaeger-span_2025-06-06_18-00-00.parquet
/root/shared-nvme/data_set/2025_CCF_aiops-live-benchmark/phaseone/2025-06-06/cloudbed/trace-parquet/trace_jaeger-span_2025-06-06_19-00-00.parquet
/root/shared-nvme/data_set/2025_CCF_aiops-live-benchmark/phaseone/2025-06-06/cloudbed/trace-parquet/trace_jaeger-span_2025-06-06_20-00-00.parquet
/root/shared-nvme/data_set/2025_CCF_aiops-live-benchmark/phaseone/2025-06-06/cloudbed/trace-parquet/trace_jaeger-span_2025-06-06_21-00-00.parquet
/root/shared-nvme/data_set/2025_CCF_aiops-live-benchmark/phaseone/2025-06-06/cloudbed/trace-parquet/trace_jaeger-span_2025-06-06_22-00-00.parquet
/root/shared-nvme/data_set/2025_CCF_aiops-live-benchmark/phaseone/2025-06-06/cloudbed/trace-parquet/trace_jaeger-span_2025-06-06_23-00-00.parquet
/root/shared-nvme/data_set/2025_CCF_aiops-live-benchmark/phaseone/2025-06-07/cloudbed/trace-parquet/trace_jaeger-span_2025-06-07_00-00-00.parquet
/root/shared-nvme/data_set/2025_CCF_aiops-live-benchmark/phaseone/2025-06-07/cloudbed/trace-parquet/trace_jaeger-span_2025-06-07_01-00-00.parquet
/root/shared-nvme/data_set/2025_CCF_aiops-live-benchmark/phaseone/2025-06-07/cloudbed/trace-parquet/trace_jaeger-span_2025-06-07_02-00-00.parquet
/root/shared-nvme/data_set/2025_CCF_aiops-live-benchmark/phaseone/2025-06-07/cloudbed/trace-parquet/trace_jaeger-span_2025-06-07_03-00-00.parquet
/root/shared-nvme/data_set/2025_CCF_aiops-live-benchmark/phaseone/2025-06-07/cloudbed/trace-parquet/trace_jaeger-span_2025-06-07_04-00-00.parquet
/root/shared-nvme/data_set/2025_CCF_aiops-live-benchmark/phaseone/2025-06-07/cloudbed/trace-parquet/trace_jaeger-span_2025-06-07_05-00-00.parquet
/root/shared-nvme/data_set/2025_CCF_aiops-live-benchmark/phaseone/2025-06-07/cloudbed/trace-parquet/trace_jaeger-span_2025-06-07_06-00-00.parquet
/root/shared-nvme/data_set/2025_CCF_aiops-live-benchmark/phaseone/2025-06-07/cloudbed/trace-parquet/trace_jaeger-span_2025-06-07_07-00-00.parquet
/root/shared-nvme/data_set/2025_CCF_aiops-live-benchmark/phaseone/2025-06-07/cloudbed/trace-parquet/trace_jaeger-span_2025-06-07_08-00-00.parquet
/root/shared-nvme/data_set/2025_CCF_aiops-live-benchmark/phaseone/2025-06-07/cloudbed/trace-parquet/trace_jaeger-span_2025-06-07_09-00-00.parquet
/root/shared-nvme/data_set/2025_CCF_aiops-live-benchmark/phaseone/2025-06-07/cloudbed/trace-parquet/trace_jaeger-span_2025-06-07_10-00-00.parquet
/root/shared-nvme/data_set/2025_CCF_aiops-live-benchmark/phaseone/2025-06-07/cloudbed/trace-parquet/trace_jaeger-span_2025-06-07_11-00-00.parquet
/root/shared-nvme/data_set/2025_CCF_aiops-live-benchmark/phaseone/2025-06-07/cloudbed/trace-parquet/trace_jaeger-span_2025-06-07_12-00-00.parquet
/root/shared-nvme/data_set/2025_CCF_aiops-live-benchmark/phaseone/2025-06-07/cloudbed/trace-parquet/trace_jaeger-span_2025-06-07_13-00-00.parquet
/root/shared-nvme/data_set/2025_CCF_aiops-live-benchmark/phaseone/2025-06-07/cloudbed/trace-parquet/trace_jaeger-span_2025-06-07_14-00-00.parquet
/root/shared-nvme/data_set/2025_CCF_aiops-live-benchmark/phaseone/2025-06-07/cloudbed/trace-parquet/trace_jaeger-span_2025-06-07_15-00-00.parquet
/root/shared-nvme/data_set/2025_CCF_aiops-live-benchmark/phaseone/2025-06-07/cloudbed/trace-parquet/trace_jaeger-span_2025-06-07_16-00-00.parquet
/root/shared-nvme/data_set/2025_CCF_aiops-live-benchmark/phaseone/2025-06-07/cloudbed/trace-parquet/trace_jaeger-span_2025-06-07_17-00-00.parquet
/root/shared-nvme/data_set/2025_CCF_aiops-live-benchmark/phaseone/2025-06-07/cloudbed/trace-parquet/trace_jaeger-span_2025-06-07_18-00-00.parquet
/root/shared-nvme/data_set/2025_CCF_aiops-live-benchmark/phaseone/2025-06-07/cloudbed/trace-parquet/trace_jaeger-span_2025-06-07_19-00-00.parquet
/root/shared-nvme/data_set/2025_CCF_aiops-live-benchmark/phaseone/2025-06-07/cloudbed/trace-parquet/trace_jaeger-span_2025-06-07_20-00-00.parquet
/root/shared-nvme/data_set/2025_CCF_aiops-live-benchmark/phaseone/2025-06-07/cloudbed/trace-parquet/trace_jaeger-span_2025-06-07_21-00-00.parquet
/root/shared-nvme/data_set/2025_CCF_aiops-live-benchmark/phaseone/2025-06-07/cloudbed/trace-parquet/trace_jaeger-span_2025-06-07_22-00-00.parquet
/root/shared-nvme/data_set/2025_CCF_aiops-live-benchmark/phaseone/2025-06-07/cloudbed/trace-parquet/trace_jaeger-span_2025-06-07_23-00-00.parquet
/root/shared-nvme/data_set/2025_CCF_aiops-live-benchmark/phaseone/2025-06-08/cloudbed/trace-parquet/trace_jaeger-span_2025-06-08_00-00-00.parquet
/root/shared-nvme/data_set/2025_CCF_aiops-live-benchmark/phaseone/2025-06-08/cloudbed/trace-parquet/trace_jaeger-span_2025-06-08_01-00-00.parquet
/root/shared-nvme/data_set/2025_CCF_aiops-live-benchmark/phaseone/2025-06-08/cloudbed/trace-parquet/trace_jaeger-span_2025-06-08_02-00-00.parquet
/root/shared-nvme/data_set/2025_CCF_aiops-live-benchmark/phaseone/2025-06-08/cloudbed/trace-parquet/trace_jaeger-span_2025-06-08_03-00-00.parquet
/root/shared-nvme/data_set/2025_CCF_aiops-live-benchmark/phaseone/2025-06-08/cloudbed/trace-parquet/trace_jaeger-span_2025-06-08_04-00-00.parquet
/root/shared-nvme/data_set/2025_CCF_aiops-live-benchmark/phaseone/2025-06-08/cloudbed/trace-parquet/trace_jaeger-span_2025-06-08_05-00-00.parquet
/root/shared-nvme/data_set/2025_CCF_aiops-live-benchmark/phaseone/2025-06-08/cloudbed/trace-parquet/trace_jaeger-span_2025-06-08_06-00-00.parquet
/root/shared-nvme/data_set/2025_CCF_aiops-live-benchmark/phaseone/2025-06-08/cloudbed/trace-parquet/trace_jaeger-span_2025-06-08_07-00-00.parquet
/root/shared-nvme/data_set/2025_CCF_aiops-live-benchmark/phaseone/2025-06-08/cloudbed/trace-parquet/trace_jaeger-span_2025-06-08_08-00-00.parquet
/root/shared-nvme/data_set/2025_CCF_aiops-live-benchmark/phaseone/2025-06-08/cloudbed/trace-parquet/trace_jaeger-span_2025-06-08_09-00-00.parquet
/root/shared-nvme/data_set/2025_CCF_aiops-live-benchmark/phaseone/2025-06-08/cloudbed/trace-parquet/trace_jaeger-span_2025-06-08_10-00-00.parquet
/root/shared-nvme/data_set/2025_CCF_aiops-live-benchmark/phaseone/2025-06-08/cloudbed/trace-parquet/trace_jaeger-span_2025-06-08_11-00-00.parquet
/root/shared-nvme/data_set/2025_CCF_aiops-live-benchmark/phaseone/2025-06-08/cloudbed/trace-parquet/trace_jaeger-span_2025-06-08_12-00-00.parquet
/root/shared-nvme/data_set/2025_CCF_aiops-live-benchmark/phaseone/2025-06-08/cloudbed/trace-parquet/trace_jaeger-span_2025-06-08_13-00-00.parquet
/root/shared-nvme/data_set/2025_CCF_aiops-live-benchmark/phaseone/2025-06-08/cloudbed/trace-parquet/trace_jaeger-span_2025-06-08_14-00-00.parquet
/root/shared-nvme/data_set/2025_CCF_aiops-live-benchmark/phaseone/2025-06-08/cloudbed/trace-parquet/trace_jaeger-span_2025-06-08_15-00-00.parquet
/root/shared-nvme/data_set/2025_CCF_aiops-live-benchmark/phaseone/2025-06-08/cloudbed/trace-parquet/trace_jaeger-span_2025-06-08_16-00-00.parquet
/root/shared-nvme/data_set/2025_CCF_aiops-live-benchmark/phaseone/2025-06-08/cloudbed/trace-parquet/trace_jaeger-span_2025-06-08_17-00-00.parquet
/root/shared-nvme/data_set/2025_CCF_aiops-live-benchmark/phaseone/2025-06-08/cloudbed/trace-parquet/trace_jaeger-span_2025-06-08_18-00-00.parquet
/root/shared-nvme/data_set/2025_CCF_aiops-live-benchmark/phaseone/2025-06-08/cloudbed/trace-parquet/trace_jaeger-span_2025-06-08_19-00-00.parquet
/root/shared-nvme/data_set/2025_CCF_aiops-live-benchmark/phaseone/2025-06-08/cloudbed/trace-parquet/trace_jaeger-span_2025-06-08_20-00-00.parquet
/root/shared-nvme/data_set/2025_CCF_aiops-live-benchmark/phaseone/2025-06-09/cloudbed/trace-parquet/trace_jaeger-span_2025-06-09_06-00-00.parquet
/root/shared-nvme/data_set/2025_CCF_aiops-live-benchmark/phaseone/2025-06-09/cloudbed/trace-parquet/trace_jaeger-span_2025-06-09_07-00-00.parquet
/root/shared-nvme/data_set/2025_CCF_aiops-live-benchmark/phaseone/2025-06-09/cloudbed/trace-parquet/trace_jaeger-span_2025-06-09_08-00-00.parquet
/root/shared-nvme/data_set/2025_CCF_aiops-live-benchmark/phaseone/2025-06-09/cloudbed/trace-parquet/trace_jaeger-span_2025-06-09_09-00-00.parquet
/root/shared-nvme/data_set/2025_CCF_aiops-live-benchmark/phaseone/2025-06-09/cloudbed/trace-parquet/trace_jaeger-span_2025-06-09_10-00-00.parquet
/root/shared-nvme/data_set/2025_CCF_aiops-live-benchmark/phaseone/2025-06-09/cloudbed/trace-parquet/trace_jaeger-span_2025-06-09_11-00-00.parquet
/root/shared-nvme/data_set/2025_CCF_aiops-live-benchmark/phaseone/2025-06-09/cloudbed/trace-parquet/trace_jaeger-span_2025-06-09_12-00-00.parquet
/root/shared-nvme/data_set/2025_CCF_aiops-live-benchmark/phaseone/2025-06-09/cloudbed/trace-parquet/trace_jaeger-span_2025-06-09_13-00-00.parquet
/root/shared-nvme/data_set/2025_CCF_aiops-live-benchmark/phaseone/2025-06-09/cloudbed/trace-parquet/trace_jaeger-span_2025-06-09_14-00-00.parquet
/root/shared-nvme/data_set/2025_CCF_aiops-live-benchmark/phaseone/2025-06-09/cloudbed/trace-parquet/trace_jaeger-span_2025-06-09_15-00-00.parquet
/root/shared-nvme/data_set/2025_CCF_aiops-live-benchmark/phaseone/2025-06-09/cloudbed/trace-parquet/trace_jaeger-span_2025-06-09_16-00-00.parquet
/root/shared-nvme/data_set/2025_CCF_aiops-live-benchmark/phaseone/2025-06-09/cloudbed/trace-parquet/trace_jaeger-span_2025-06-09_17-00-00.parquet
/root/shared-nvme/data_set/2025_CCF_aiops-live-benchmark/phaseone/2025-06-09/cloudbed/trace-parquet/trace_jaeger-span_2025-06-09_18-00-00.parquet
/root/shared-nvme/data_set/2025_CCF_aiops-live-benchmark/phaseone/2025-06-10/cloudbed/trace-parquet/trace_jaeger-span_2025-06-10_05-00-00.parquet
/root/shared-nvme/data_set/2025_CCF_aiops-live-benchmark/phaseone/2025-06-10/cloudbed/trace-parquet/trace_jaeger-span_2025-06-10_06-00-00.parquet
/root/shared-nvme/data_set/2025_CCF_aiops-live-benchmark/phaseone/2025-06-10/cloudbed/trace-parquet/trace_jaeger-span_2025-06-10_07-00-00.parquet
/root/shared-nvme/data_set/2025_CCF_aiops-live-benchmark/phaseone/2025-06-10/cloudbed/trace-parquet/trace_jaeger-span_2025-06-10_08-00-00.parquet
/root/shared-nvme/data_set/2025_CCF_aiops-live-benchmark/phaseone/2025-06-10/cloudbed/trace-parquet/trace_jaeger-span_2025-06-10_09-00-00.parquet
/root/shared-nvme/data_set/2025_CCF_aiops-live-benchmark/phaseone/2025-06-10/cloudbed/trace-parquet/trace_jaeger-span_2025-06-10_10-00-00.parquet
/root/shared-nvme/data_set/2025_CCF_aiops-live-benchmark/phaseone/2025-06-10/cloudbed/trace-parquet/trace_jaeger-span_2025-06-10_11-00-00.parquet
/root/shared-nvme/data_set/2025_CCF_aiops-live-benchmark/phaseone/2025-06-10/cloudbed/trace-parquet/trace_jaeger-span_2025-06-10_12-00-00.parquet
/root/shared-nvme/data_set/2025_CCF_aiops-live-benchmark/phaseone/2025-06-10/cloudbed/trace-parquet/trace_jaeger-span_2025-06-10_13-00-00.parquet
/root/shared-nvme/data_set/2025_CCF_aiops-live-benchmark/phaseone/2025-06-10/cloudbed/trace-parquet/trace_jaeger-span_2025-06-10_14-00-00.parquet
/root/shared-nvme/data_set/2025_CCF_aiops-live-benchmark/phaseone/2025-06-10/cloudbed/trace-parquet/trace_jaeger-span_2025-06-10_15-00-00.parquet
/root/shared-nvme/data_set/2025_CCF_aiops-live-benchmark/phaseone/2025-06-10/cloudbed/trace-parquet/trace_jaeger-span_2025-06-10_16-00-00.parquet
/root/shared-nvme/data_set/2025_CCF_aiops-live-benchmark/phaseone/2025-06-10/cloudbed/trace-parquet/trace_jaeger-span_2025-06-10_17-00-00.parquet
/root/shared-nvme/data_set/2025_CCF_aiops-live-benchmark/phaseone/2025-06-10/cloudbed/trace-parquet/trace_jaeger-span_2025-06-10_18-00-00.parquet
/root/shared-nvme/data_set/2025_CCF_aiops-live-benchmark/phaseone/2025-06-10/cloudbed/trace-parquet/trace_jaeger-span_2025-06-10_19-00-00.parquet
/root/shared-nvme/data_set/2025_CCF_aiops-live-benchmark/phaseone/2025-06-10/cloudbed/trace-parquet/trace_jaeger-span_2025-06-10_20-00-00.parquet
/root/shared-nvme/data_set/2025_CCF_aiops-live-benchmark/phaseone/2025-06-10/cloudbed/trace-parquet/trace_jaeger-span_2025-06-10_21-00-00.parquet
/root/shared-nvme/data_set/2025_CCF_aiops-live-benchmark/phaseone/2025-06-10/cloudbed/trace-parquet/trace_jaeger-span_2025-06-10_22-00-00.parquet
/root/shared-nvme/data_set/2025_CCF_aiops-live-benchmark/phaseone/2025-06-10/cloudbed/trace-parquet/trace_jaeger-span_2025-06-10_23-00-00.parquet
/root/shared-nvme/data_set/2025_CCF_aiops-live-benchmark/phaseone/2025-06-11/cloudbed/trace-parquet/trace_jaeger-span_2025-06-11_00-00-00.parquet
/root/shared-nvme/data_set/2025_CCF_aiops-live-benchmark/phaseone/2025-06-11/cloudbed/trace-parquet/trace_jaeger-span_2025-06-11_01-00-00.parquet
/root/shared-nvme/data_set/2025_CCF_aiops-live-benchmark/phaseone/2025-06-11/cloudbed/trace-parquet/trace_jaeger-span_2025-06-11_02-00-00.parquet
/root/shared-nvme/data_set/2025_CCF_aiops-live-benchmark/phaseone/2025-06-11/cloudbed/trace-parquet/trace_jaeger-span_2025-06-11_03-00-00.parquet
/root/shared-nvme/data_set/2025_CCF_aiops-live-benchmark/phaseone/2025-06-11/cloudbed/trace-parquet/trace_jaeger-span_2025-06-11_04-00-00.parquet
/root/shared-nvme/data_set/2025_CCF_aiops-live-benchmark/phaseone/2025-06-11/cloudbed/trace-parquet/trace_jaeger-span_2025-06-11_05-00-00.parquet
/root/shared-nvme/data_set/2025_CCF_aiops-live-benchmark/phaseone/2025-06-11/cloudbed/trace-parquet/trace_jaeger-span_2025-06-11_06-00-00.parquet
/root/shared-nvme/data_set/2025_CCF_aiops-live-benchmark/phaseone/2025-06-11/cloudbed/trace-parquet/trace_jaeger-span_2025-06-11_07-00-00.parquet
/root/shared-nvme/data_set/2025_CCF_aiops-live-benchmark/phaseone/2025-06-11/cloudbed/trace-parquet/trace_jaeger-span_2025-06-11_08-00-00.parquet
/root/shared-nvme/data_set/2025_CCF_aiops-live-benchmark/phaseone/2025-06-11/cloudbed/trace-parquet/trace_jaeger-span_2025-06-11_09-00-00.parquet
/root/shared-nvme/data_set/2025_CCF_aiops-live-benchmark/phaseone/2025-06-11/cloudbed/trace-parquet/trace_jaeger-span_2025-06-11_10-00-00.parquet
/root/shared-nvme/data_set/2025_CCF_aiops-live-benchmark/phaseone/2025-06-11/cloudbed/trace-parquet/trace_jaeger-span_2025-06-11_11-00-00.parquet
/root/shared-nvme/data_set/2025_CCF_aiops-live-benchmark/phaseone/2025-06-11/cloudbed/trace-parquet/trace_jaeger-span_2025-06-11_12-00-00.parquet
/root/shared-nvme/data_set/2025_CCF_aiops-live-benchmark/phaseone/2025-06-11/cloudbed/trace-parquet/trace_jaeger-span_2025-06-11_13-00-00.parquet
/root/shared-nvme/data_set/2025_CCF_aiops-live-benchmark/phaseone/2025-06-11/cloudbed/trace-parquet/trace_jaeger-span_2025-06-11_14-00-00.parquet
/root/shared-nvme/data_set/2025_CCF_aiops-live-benchmark/phaseone/2025-06-11/cloudbed/trace-parquet/trace_jaeger-span_2025-06-11_15-00-00.parquet
/root/shared-nvme/data_set/2025_CCF_aiops-live-benchmark/phaseone/2025-06-11/cloudbed/trace-parquet/trace_jaeger-span_2025-06-11_16-00-00.parquet
/root/shared-nvme/data_set/2025_CCF_aiops-live-benchmark/phaseone/2025-06-11/cloudbed/trace-parquet/trace_jaeger-span_2025-06-11_17-00-00.parquet
/root/shared-nvme/data_set/2025_CCF_aiops-live-benchmark/phaseone/2025-06-11/cloudbed/trace-parquet/trace_jaeger-span_2025-06-11_18-00-00.parquet
/root/shared-nvme/data_set/2025_CCF_aiops-live-benchmark/phaseone/2025-06-11/cloudbed/trace-parquet/trace_jaeger-span_2025-06-11_19-00-00.parquet
/root/shared-nvme/data_set/2025_CCF_aiops-live-benchmark/phaseone/2025-06-11/cloudbed/trace-parquet/trace_jaeger-span_2025-06-11_20-00-00.parquet
/root/shared-nvme/data_set/2025_CCF_aiops-live-benchmark/phaseone/2025-06-11/cloudbed/trace-parquet/trace_jaeger-span_2025-06-11_21-00-00.parquet
/root/shared-nvme/data_set/2025_CCF_aiops-live-benchmark/phaseone/2025-06-11/cloudbed/trace-parquet/trace_jaeger-span_2025-06-11_22-00-00.parquet
/root/shared-nvme/data_set/2025_CCF_aiops-live-benchmark/phaseone/2025-06-11/cloudbed/trace-parquet/trace_jaeger-span_2025-06-11_23-00-00.parquet
/root/shared-nvme/data_set/2025_CCF_aiops-live-benchmark/phaseone/2025-06-12/cloudbed/trace-parquet/trace_jaeger-span_2025-06-12_00-00-00.parquet
/root/shared-nvme/data_set/2025_CCF_aiops-live-benchmark/phaseone/2025-06-12/cloudbed/trace-parquet/trace_jaeger-span_2025-06-12_01-00-00.parquet
/root/shared-nvme/data_set/2025_CCF_aiops-live-benchmark/phaseone/2025-06-12/cloudbed/trace-parquet/trace_jaeger-span_2025-06-12_02-00-00.parquet
/root/shared-nvme/data_set/2025_CCF_aiops-live-benchmark/phaseone/2025-06-12/cloudbed/trace-parquet/trace_jaeger-span_2025-06-12_03-00-00.parquet
/root/shared-nvme/data_set/2025_CCF_aiops-live-benchmark/phaseone/2025-06-12/cloudbed/trace-parquet/trace_jaeger-span_2025-06-12_04-00-00.parquet
/root/shared-nvme/data_set/2025_CCF_aiops-live-benchmark/phaseone/2025-06-12/cloudbed/trace-parquet/trace_jaeger-span_2025-06-12_05-00-00.parquet
/root/shared-nvme/data_set/2025_CCF_aiops-live-benchmark/phaseone/2025-06-12/cloudbed/trace-parquet/trace_jaeger-span_2025-06-12_06-00-00.parquet
/root/shared-nvme/data_set/2025_CCF_aiops-live-benchmark/phaseone/2025-06-12/cloudbed/trace-parquet/trace_jaeger-span_2025-06-12_07-00-00.parquet
/root/shared-nvme/data_set/2025_CCF_aiops-live-benchmark/phaseone/2025-06-12/cloudbed/trace-parquet/trace_jaeger-span_2025-06-12_08-00-00.parquet
/root/shared-nvme/data_set/2025_CCF_aiops-live-benchmark/phaseone/2025-06-12/cloudbed/trace-parquet/trace_jaeger-span_2025-06-12_09-00-00.parquet
/root/shared-nvme/data_set/2025_CCF_aiops-live-benchmark/phaseone/2025-06-12/cloudbed/trace-parquet/trace_jaeger-span_2025-06-12_10-00-00.parquet
/root/shared-nvme/data_set/2025_CCF_aiops-live-benchmark/phaseone/2025-06-12/cloudbed/trace-parquet/trace_jaeger-span_2025-06-12_11-00-00.parquet
/root/shared-nvme/data_set/2025_CCF_aiops-live-benchmark/phaseone/2025-06-12/cloudbed/trace-parquet/trace_jaeger-span_2025-06-12_12-00-00.parquet
/root/shared-nvme/data_set/2025_CCF_aiops-live-benchmark/phaseone/2025-06-12/cloudbed/trace-parquet/trace_jaeger-span_2025-06-12_13-00-00.parquet
/root/shared-nvme/data_set/2025_CCF_aiops-live-benchmark/phaseone/2025-06-12/cloudbed/trace-parquet/trace_jaeger-span_2025-06-12_14-00-00.parquet
/root/shared-nvme/data_set/2025_CCF_aiops-live-benchmark/phaseone/2025-06-12/cloudbed/trace-parquet/trace_jaeger-span_2025-06-12_15-00-00.parquet
/root/shared-nvme/data_set/2025_CCF_aiops-live-benchmark/phaseone/2025-06-12/cloudbed/trace-parquet/trace_jaeger-span_2025-06-12_16-00-00.parquet
/root/shared-nvme/data_set/2025_CCF_aiops-live-benchmark/phaseone/2025-06-12/cloudbed/trace-parquet/trace_jaeger-span_2025-06-12_17-00-00.parquet
/root/shared-nvme/data_set/2025_CCF_aiops-live-benchmark/phaseone/2025-06-12/cloudbed/trace-parquet/trace_jaeger-span_2025-06-12_18-00-00.parquet
/root/shared-nvme/data_set/2025_CCF_aiops-live-benchmark/phaseone/2025-06-12/cloudbed/trace-parquet/trace_jaeger-span_2025-06-12_19-00-00.parquet
/root/shared-nvme/data_set/2025_CCF_aiops-live-benchmark/phaseone/2025-06-13/cloudbed/trace-parquet/trace_jaeger-span_2025-06-13_01-00-00.parquet
/root/shared-nvme/data_set/2025_CCF_aiops-live-benchmark/phaseone/2025-06-13/cloudbed/trace-parquet/trace_jaeger-span_2025-06-13_02-00-00.parquet
/root/shared-nvme/data_set/2025_CCF_aiops-live-benchmark/phaseone/2025-06-13/cloudbed/trace-parquet/trace_jaeger-span_2025-06-13_03-00-00.parquet
/root/shared-nvme/data_set/2025_CCF_aiops-live-benchmark/phaseone/2025-06-13/cloudbed/trace-parquet/trace_jaeger-span_2025-06-13_04-00-00.parquet
/root/shared-nvme/data_set/2025_CCF_aiops-live-benchmark/phaseone/2025-06-13/cloudbed/trace-parquet/trace_jaeger-span_2025-06-13_05-00-00.parquet
/root/shared-nvme/data_set/2025_CCF_aiops-live-benchmark/phaseone/2025-06-13/cloudbed/trace-parquet/trace_jaeger-span_2025-06-13_06-00-00.parquet
/root/shared-nvme/data_set/2025_CCF_aiops-live-benchmark/phaseone/2025-06-13/cloudbed/trace-parquet/trace_jaeger-span_2025-06-13_07-00-00.parquet
/root/shared-nvme/data_set/2025_CCF_aiops-live-benchmark/phaseone/2025-06-13/cloudbed/trace-parquet/trace_jaeger-span_2025-06-13_08-00-00.parquet
/root/shared-nvme/data_set/2025_CCF_aiops-live-benchmark/phaseone/2025-06-13/cloudbed/trace-parquet/trace_jaeger-span_2025-06-13_09-00-00.parquet
/root/shared-nvme/data_set/2025_CCF_aiops-live-benchmark/phaseone/2025-06-13/cloudbed/trace-parquet/trace_jaeger-span_2025-06-13_10-00-00.parquet
/root/shared-nvme/data_set/2025_CCF_aiops-live-benchmark/phaseone/2025-06-13/cloudbed/trace-parquet/trace_jaeger-span_2025-06-13_11-00-00.parquet
/root/shared-nvme/data_set/2025_CCF_aiops-live-benchmark/phaseone/2025-06-13/cloudbed/trace-parquet/trace_jaeger-span_2025-06-13_12-00-00.parquet
/root/shared-nvme/data_set/2025_CCF_aiops-live-benchmark/phaseone/2025-06-13/cloudbed/trace-parquet/trace_jaeger-span_2025-06-13_13-00-00.parquet
/root/shared-nvme/data_set/2025_CCF_aiops-live-benchmark/phaseone/2025-06-13/cloudbed/trace-parquet/trace_jaeger-span_2025-06-13_14-00-00.parquet
/root/shared-nvme/data_set/2025_CCF_aiops-live-benchmark/phaseone/2025-06-13/cloudbed/trace-parquet/trace_jaeger-span_2025-06-13_15-00-00.parquet
/root/shared-nvme/data_set/2025_CCF_aiops-live-benchmark/phaseone/2025-06-13/cloudbed/trace-parquet/trace_jaeger-span_2025-06-13_16-00-00.parquet
/root/shared-nvme/data_set/2025_CCF_aiops-live-benchmark/phaseone/2025-06-13/cloudbed/trace-parquet/trace_jaeger-span_2025-06-13_17-00-00.parquet
/root/shared-nvme/data_set/2025_CCF_aiops-live-benchmark/phaseone/2025-06-13/cloudbed/trace-parquet/trace_jaeger-span_2025-06-13_18-00-00.parquet
/root/shared-nvme/data_set/2025_CCF_aiops-live-benchmark/phaseone/2025-06-13/cloudbed/trace-parquet/trace_jaeger-span_2025-06-13_19-00-00.parquet
/root/shared-nvme/data_set/2025_CCF_aiops-live-benchmark/phaseone/2025-06-14/cloudbed/trace-parquet/trace_jaeger-span_2025-06-14_01-00-00.parquet
/root/shared-nvme/data_set/2025_CCF_aiops-live-benchmark/phaseone/2025-06-14/cloudbed/trace-parquet/trace_jaeger-span_2025-06-14_02-00-00.parquet
/root/shared-nvme/data_set/2025_CCF_aiops-live-benchmark/phaseone/2025-06-14/cloudbed/trace-parquet/trace_jaeger-span_2025-06-14_03-00-00.parquet
/root/shared-nvme/data_set/2025_CCF_aiops-live-benchmark/phaseone/2025-06-14/cloudbed/trace-parquet/trace_jaeger-span_2025-06-14_04-00-00.parquet
/root/shared-nvme/data_set/2025_CCF_aiops-live-benchmark/phaseone/2025-06-14/cloudbed/trace-parquet/trace_jaeger-span_2025-06-14_05-00-00.parquet
/root/shared-nvme/data_set/2025_CCF_aiops-live-benchmark/phaseone/2025-06-14/cloudbed/trace-parquet/trace_jaeger-span_2025-06-14_06-00-00.parquet
/root/shared-nvme/data_set/2025_CCF_aiops-live-benchmark/phaseone/2025-06-14/cloudbed/trace-parquet/trace_jaeger-span_2025-06-14_07-00-00.parquet
/root/shared-nvme/data_set/2025_CCF_aiops-live-benchmark/phaseone/2025-06-14/cloudbed/trace-parquet/trace_jaeger-span_2025-06-14_08-00-00.parquet
/root/shared-nvme/data_set/2025_CCF_aiops-live-benchmark/phaseone/2025-06-14/cloudbed/trace-parquet/trace_jaeger-span_2025-06-14_09-00-00.parquet
/root/shared-nvme/data_set/2025_CCF_aiops-live-benchmark/phaseone/2025-06-14/cloudbed/trace-parquet/trace_jaeger-span_2025-06-14_10-00-00.parquet
/root/shared-nvme/data_set/2025_CCF_aiops-live-benchmark/phaseone/2025-06-14/cloudbed/trace-parquet/trace_jaeger-span_2025-06-14_11-00-00.parquet
/root/shared-nvme/data_set/2025_CCF_aiops-live-benchmark/phaseone/2025-06-14/cloudbed/trace-parquet/trace_jaeger-span_2025-06-14_12-00-00.parquet
/root/shared-nvme/data_set/2025_CCF_aiops-live-benchmark/phaseone/2025-06-14/cloudbed/trace-parquet/trace_jaeger-span_2025-06-14_13-00-00.parquet
/root/shared-nvme/data_set/2025_CCF_aiops-live-benchmark/phaseone/2025-06-14/cloudbed/trace-parquet/trace_jaeger-span_2025-06-14_14-00-00.parquet
/root/shared-nvme/data_set/2025_CCF_aiops-live-benchmark/phaseone/2025-06-14/cloudbed/trace-parquet/trace_jaeger-span_2025-06-14_15-00-00.parquet
/root/shared-nvme/data_set/2025_CCF_aiops-live-benchmark/phaseone/2025-06-14/cloudbed/trace-parquet/trace_jaeger-span_2025-06-14_16-00-00.parquet
/root/shared-nvme/data_set/2025_CCF_aiops-live-benchmark/phaseone/2025-06-14/cloudbed/trace-parquet/trace_jaeger-span_2025-06-14_17-00-00.parquet
/root/shared-nvme/data_set/2025_CCF_aiops-live-benchmark/phaseone/2025-06-14/cloudbed/trace-parquet/trace_jaeger-span_2025-06-14_18-00-00.parquet
/root/shared-nvme/data_set/2025_CCF_aiops-live-benchmark/phaseone/2025-06-14/cloudbed/trace-parquet/trace_jaeger-span_2025-06-14_19-00-00.parquet
/root/shared-nvme/data_set/2025_CCF_aiops-live-benchmark/phaseone/2025-06-14/cloudbed/trace-parquet/trace_jaeger-span_2025-06-14_20-00-00.parquet
/root/shared-nvme/data_set/2025_CCF_aiops-live-benchmark/phaseone/2025-06-14/cloudbed/trace-parquet/trace_jaeger-span_2025-06-14_21-00-00.parquet
/root/shared-nvme/data_set/2025_CCF_aiops-live-benchmark/phaseone/2025-06-14/cloudbed/trace-parquet/trace_jaeger-span_2025-06-14_22-00-00.parquet



nohup: ignoring input
2025-09-20 16:08:07,058 - INFO - Preprocessing traces: dataset_type: train_valid, date: 2025-06-06, cloudbed: cloudbed,path: /root/shared-nvme/data_set/2025_CCF_aiops-live-benchmark/phaseone/2025-06-06/cloudbed/trace-parquet/trace_jaeger-span_2025-06-06_00-00-00.parquet.
2025-09-20 16:08:47,810 - INFO - Preprocessing traces: dataset_type: train_valid, date: 2025-06-06, cloudbed: cloudbed,path: /root/shared-nvme/data_set/2025_CCF_aiops-live-benchmark/phaseone/2025-06-06/cloudbed/trace-parquet/trace_jaeger-span_2025-06-06_01-00-00.parquet.
2025-09-20 16:09:24,177 - INFO - Preprocessing traces: dataset_type: train_valid, date: 2025-06-06, cloudbed: cloudbed,path: /root/shared-nvme/data_set/2025_CCF_aiops-live-benchmark/phaseone/2025-06-06/cloudbed/trace-parquet/trace_jaeger-span_2025-06-06_02-00-00.parquet.
2025-09-20 16:09:50,473 - INFO - Preprocessing traces: dataset_type: train_valid, date: 2025-06-06, cloudbed: cloudbed,path: /root/shared-nvme/data_set/2025_CCF_aiops-live-benchmark/phaseone/2025-06-06/cloudbed/trace-parquet/trace_jaeger-span_2025-06-06_03-00-00.parquet.
2025-09-20 16:10:30,252 - INFO - Preprocessing traces: dataset_type: train_valid, date: 2025-06-06, cloudbed: cloudbed,path: /root/shared-nvme/data_set/2025_CCF_aiops-live-benchmark/phaseone/2025-06-06/cloudbed/trace-parquet/trace_jaeger-span_2025-06-06_04-00-00.parquet.
2025-09-20 16:11:06,346 - INFO - Preprocessing traces: dataset_type: train_valid, date: 2025-06-06, cloudbed: cloudbed,path: /root/shared-nvme/data_set/2025_CCF_aiops-live-benchmark/phaseone/2025-06-06/cloudbed/trace-parquet/trace_jaeger-span_2025-06-06_05-00-00.parquet.
2025-09-20 16:11:40,823 - INFO - Preprocessing traces: dataset_type: train_valid, date: 2025-06-06, cloudbed: cloudbed,path: /root/shared-nvme/data_set/2025_CCF_aiops-live-benchmark/phaseone/2025-06-06/cloudbed/trace-parquet/trace_jaeger-span_2025-06-06_06-00-00.parquet.
2025-09-20 16:12:21,025 - INFO - Preprocessing traces: dataset_type: train_valid, date: 2025-06-06, cloudbed: cloudbed,path: /root/shared-nvme/data_set/2025_CCF_aiops-live-benchmark/phaseone/2025-06-06/cloudbed/trace-parquet/trace_jaeger-span_2025-06-06_07-00-00.parquet.
2025-09-20 16:13:01,235 - INFO - Preprocessing traces: dataset_type: train_valid, date: 2025-06-06, cloudbed: cloudbed,path: /root/shared-nvme/data_set/2025_CCF_aiops-live-benchmark/phaseone/2025-06-06/cloudbed/trace-parquet/trace_jaeger-span_2025-06-06_08-00-00.parquet.
2025-09-20 16:13:41,673 - INFO - Preprocessing traces: dataset_type: train_valid, date: 2025-06-06, cloudbed: cloudbed,path: /root/shared-nvme/data_set/2025_CCF_aiops-live-benchmark/phaseone/2025-06-06/cloudbed/trace-parquet/trace_jaeger-span_2025-06-06_09-00-00.parquet.
2025-09-20 16:14:34,979 - INFO - Preprocessing traces: dataset_type: train_valid, date: 2025-06-06, cloudbed: cloudbed,path: /root/shared-nvme/data_set/2025_CCF_aiops-live-benchmark/phaseone/2025-06-06/cloudbed/trace-parquet/trace_jaeger-span_2025-06-06_10-00-00.parquet.
2025-09-20 16:16:08,257 - INFO - Preprocessing traces: dataset_type: train_valid, date: 2025-06-06, cloudbed: cloudbed,path: /root/shared-nvme/data_set/2025_CCF_aiops-live-benchmark/phaseone/2025-06-06/cloudbed/trace-parquet/trace_jaeger-span_2025-06-06_11-00-00.parquet.
2025-09-20 16:18:06,289 - INFO - Preprocessing traces: dataset_type: train_valid, date: 2025-06-06, cloudbed: cloudbed,path: /root/shared-nvme/data_set/2025_CCF_aiops-live-benchmark/phaseone/2025-06-06/cloudbed/trace-parquet/trace_jaeger-span_2025-06-06_12-00-00.parquet.
2025-09-20 16:19:36,344 - INFO - Preprocessing traces: dataset_type: train_valid, date: 2025-06-06, cloudbed: cloudbed,path: /root/shared-nvme/data_set/2025_CCF_aiops-live-benchmark/phaseone/2025-06-06/cloudbed/trace-parquet/trace_jaeger-span_2025-06-06_13-00-00.parquet.
2025-09-20 16:21:33,824 - INFO - Preprocessing traces: dataset_type: train_valid, date: 2025-06-06, cloudbed: cloudbed,path: /root/shared-nvme/data_set/2025_CCF_aiops-live-benchmark/phaseone/2025-06-06/cloudbed/trace-parquet/trace_jaeger-span_2025-06-06_14-00-00.parquet.
2025-09-20 16:23:31,427 - INFO - Preprocessing traces: dataset_type: train_valid, date: 2025-06-06, cloudbed: cloudbed,path: /root/shared-nvme/data_set/2025_CCF_aiops-live-benchmark/phaseone/2025-06-06/cloudbed/trace-parquet/trace_jaeger-span_2025-06-06_15-00-00.parquet.
2025-09-20 16:25:10,366 - INFO - Preprocessing traces: dataset_type: train_valid, date: 2025-06-06, cloudbed: cloudbed,path: /root/shared-nvme/data_set/2025_CCF_aiops-live-benchmark/phaseone/2025-06-06/cloudbed/trace-parquet/trace_jaeger-span_2025-06-06_16-00-00.parquet.
2025-09-20 16:27:17,396 - INFO - Preprocessing traces: dataset_type: train_valid, date: 2025-06-06, cloudbed: cloudbed,path: /root/shared-nvme/data_set/2025_CCF_aiops-live-benchmark/phaseone/2025-06-06/cloudbed/trace-parquet/trace_jaeger-span_2025-06-06_17-00-00.parquet.
2025-09-20 16:29:32,051 - INFO - Preprocessing traces: dataset_type: train_valid, date: 2025-06-06, cloudbed: cloudbed,path: /root/shared-nvme/data_set/2025_CCF_aiops-live-benchmark/phaseone/2025-06-06/cloudbed/trace-parquet/trace_jaeger-span_2025-06-06_18-00-00.parquet.
2025-09-20 16:31:39,354 - INFO - Preprocessing traces: dataset_type: train_valid, date: 2025-06-06, cloudbed: cloudbed,path: /root/shared-nvme/data_set/2025_CCF_aiops-live-benchmark/phaseone/2025-06-06/cloudbed/trace-parquet/trace_jaeger-span_2025-06-06_19-00-00.parquet.
2025-09-20 16:34:06,046 - INFO - Preprocessing traces: dataset_type: train_valid, date: 2025-06-06, cloudbed: cloudbed,path: /root/shared-nvme/data_set/2025_CCF_aiops-live-benchmark/phaseone/2025-06-06/cloudbed/trace-parquet/trace_jaeger-span_2025-06-06_20-00-00.parquet.
2025-09-20 16:36:01,543 - INFO - Preprocessing traces: dataset_type: train_valid, date: 2025-06-06, cloudbed: cloudbed,path: /root/shared-nvme/data_set/2025_CCF_aiops-live-benchmark/phaseone/2025-06-06/cloudbed/trace-parquet/trace_jaeger-span_2025-06-06_21-00-00.parquet.
2025-09-20 16:36:53,014 - INFO - Preprocessing traces: dataset_type: train_valid, date: 2025-06-06, cloudbed: cloudbed,path: /root/shared-nvme/data_set/2025_CCF_aiops-live-benchmark/phaseone/2025-06-06/cloudbed/trace-parquet/trace_jaeger-span_2025-06-06_22-00-00.parquet.
2025-09-20 16:37:32,455 - INFO - Preprocessing traces: dataset_type: train_valid, date: 2025-06-06, cloudbed: cloudbed,path: /root/shared-nvme/data_set/2025_CCF_aiops-live-benchmark/phaseone/2025-06-06/cloudbed/trace-parquet/trace_jaeger-span_2025-06-06_23-00-00.parquet.
2025-09-20 16:38:07,515 - INFO - Preprocessing traces: dataset_type: train_valid, date: 2025-06-07, cloudbed: cloudbed,path: /root/shared-nvme/data_set/2025_CCF_aiops-live-benchmark/phaseone/2025-06-07/cloudbed/trace-parquet/trace_jaeger-span_2025-06-07_00-00-00.parquet.
2025-09-20 16:38:36,135 - INFO - Preprocessing traces: dataset_type: train_valid, date: 2025-06-07, cloudbed: cloudbed,path: /root/shared-nvme/data_set/2025_CCF_aiops-live-benchmark/phaseone/2025-06-07/cloudbed/trace-parquet/trace_jaeger-span_2025-06-07_01-00-00.parquet.
2025-09-20 16:39:15,670 - INFO - Preprocessing traces: dataset_type: train_valid, date: 2025-06-07, cloudbed: cloudbed,path: /root/shared-nvme/data_set/2025_CCF_aiops-live-benchmark/phaseone/2025-06-07/cloudbed/trace-parquet/trace_jaeger-span_2025-06-07_02-00-00.parquet.
2025-09-20 16:39:55,646 - INFO - Preprocessing traces: dataset_type: train_valid, date: 2025-06-07, cloudbed: cloudbed,path: /root/shared-nvme/data_set/2025_CCF_aiops-live-benchmark/phaseone/2025-06-07/cloudbed/trace-parquet/trace_jaeger-span_2025-06-07_03-00-00.parquet.
2025-09-20 16:40:34,243 - INFO - Preprocessing traces: dataset_type: train_valid, date: 2025-06-07, cloudbed: cloudbed,path: /root/shared-nvme/data_set/2025_CCF_aiops-live-benchmark/phaseone/2025-06-07/cloudbed/trace-parquet/trace_jaeger-span_2025-06-07_04-00-00.parquet.
2025-09-20 16:41:13,466 - INFO - Preprocessing traces: dataset_type: train_valid, date: 2025-06-07, cloudbed: cloudbed,path: /root/shared-nvme/data_set/2025_CCF_aiops-live-benchmark/phaseone/2025-06-07/cloudbed/trace-parquet/trace_jaeger-span_2025-06-07_05-00-00.parquet.
2025-09-20 16:41:53,392 - INFO - Preprocessing traces: dataset_type: train_valid, date: 2025-06-07, cloudbed: cloudbed,path: /root/shared-nvme/data_set/2025_CCF_aiops-live-benchmark/phaseone/2025-06-07/cloudbed/trace-parquet/trace_jaeger-span_2025-06-07_06-00-00.parquet.
2025-09-20 16:42:33,644 - INFO - Preprocessing traces: dataset_type: train_valid, date: 2025-06-07, cloudbed: cloudbed,path: /root/shared-nvme/data_set/2025_CCF_aiops-live-benchmark/phaseone/2025-06-07/cloudbed/trace-parquet/trace_jaeger-span_2025-06-07_07-00-00.parquet.
2025-09-20 16:42:57,187 - INFO - Preprocessing traces: dataset_type: train_valid, date: 2025-06-07, cloudbed: cloudbed,path: /root/shared-nvme/data_set/2025_CCF_aiops-live-benchmark/phaseone/2025-06-07/cloudbed/trace-parquet/trace_jaeger-span_2025-06-07_08-00-00.parquet.
2025-09-20 16:43:36,567 - INFO - Preprocessing traces: dataset_type: train_valid, date: 2025-06-07, cloudbed: cloudbed,path: /root/shared-nvme/data_set/2025_CCF_aiops-live-benchmark/phaseone/2025-06-07/cloudbed/trace-parquet/trace_jaeger-span_2025-06-07_09-00-00.parquet.
2025-09-20 16:44:29,672 - INFO - Preprocessing traces: dataset_type: train_valid, date: 2025-06-07, cloudbed: cloudbed,path: /root/shared-nvme/data_set/2025_CCF_aiops-live-benchmark/phaseone/2025-06-07/cloudbed/trace-parquet/trace_jaeger-span_2025-06-07_10-00-00.parquet.
2025-09-20 16:45:52,302 - INFO - Preprocessing traces: dataset_type: train_valid, date: 2025-06-07, cloudbed: cloudbed,path: /root/shared-nvme/data_set/2025_CCF_aiops-live-benchmark/phaseone/2025-06-07/cloudbed/trace-parquet/trace_jaeger-span_2025-06-07_11-00-00.parquet.
2025-09-20 16:47:32,335 - INFO - Preprocessing traces: dataset_type: train_valid, date: 2025-06-07, cloudbed: cloudbed,path: /root/shared-nvme/data_set/2025_CCF_aiops-live-benchmark/phaseone/2025-06-07/cloudbed/trace-parquet/trace_jaeger-span_2025-06-07_12-00-00.parquet.
2025-09-20 16:49:34,016 - INFO - Preprocessing traces: dataset_type: train_valid, date: 2025-06-07, cloudbed: cloudbed,path: /root/shared-nvme/data_set/2025_CCF_aiops-live-benchmark/phaseone/2025-06-07/cloudbed/trace-parquet/trace_jaeger-span_2025-06-07_13-00-00.parquet.
2025-09-20 16:50:57,884 - INFO - Preprocessing traces: dataset_type: train_valid, date: 2025-06-07, cloudbed: cloudbed,path: /root/shared-nvme/data_set/2025_CCF_aiops-live-benchmark/phaseone/2025-06-07/cloudbed/trace-parquet/trace_jaeger-span_2025-06-07_14-00-00.parquet.
2025-09-20 16:52:42,940 - INFO - Preprocessing traces: dataset_type: train_valid, date: 2025-06-07, cloudbed: cloudbed,path: /root/shared-nvme/data_set/2025_CCF_aiops-live-benchmark/phaseone/2025-06-07/cloudbed/trace-parquet/trace_jaeger-span_2025-06-07_15-00-00.parquet.
2025-09-20 16:53:59,954 - INFO - Preprocessing traces: dataset_type: train_valid, date: 2025-06-07, cloudbed: cloudbed,path: /root/shared-nvme/data_set/2025_CCF_aiops-live-benchmark/phaseone/2025-06-07/cloudbed/trace-parquet/trace_jaeger-span_2025-06-07_16-00-00.parquet.
2025-09-20 16:56:02,297 - INFO - Preprocessing traces: dataset_type: train_valid, date: 2025-06-07, cloudbed: cloudbed,path: /root/shared-nvme/data_set/2025_CCF_aiops-live-benchmark/phaseone/2025-06-07/cloudbed/trace-parquet/trace_jaeger-span_2025-06-07_17-00-00.parquet.
2025-09-20 16:58:19,249 - INFO - Preprocessing traces: dataset_type: train_valid, date: 2025-06-07, cloudbed: cloudbed,path: /root/shared-nvme/data_set/2025_CCF_aiops-live-benchmark/phaseone/2025-06-07/cloudbed/trace-parquet/trace_jaeger-span_2025-06-07_18-00-00.parquet.
2025-09-20 17:00:45,739 - INFO - Preprocessing traces: dataset_type: train_valid, date: 2025-06-07, cloudbed: cloudbed,path: /root/shared-nvme/data_set/2025_CCF_aiops-live-benchmark/phaseone/2025-06-07/cloudbed/trace-parquet/trace_jaeger-span_2025-06-07_19-00-00.parquet.
2025-09-20 17:03:09,491 - INFO - Preprocessing traces: dataset_type: train_valid, date: 2025-06-07, cloudbed: cloudbed,path: /root/shared-nvme/data_set/2025_CCF_aiops-live-benchmark/phaseone/2025-06-07/cloudbed/trace-parquet/trace_jaeger-span_2025-06-07_20-00-00.parquet.
2025-09-20 17:04:35,946 - INFO - Preprocessing traces: dataset_type: train_valid, date: 2025-06-07, cloudbed: cloudbed,path: /root/shared-nvme/data_set/2025_CCF_aiops-live-benchmark/phaseone/2025-06-07/cloudbed/trace-parquet/trace_jaeger-span_2025-06-07_21-00-00.parquet.
2025-09-20 17:05:25,870 - INFO - Preprocessing traces: dataset_type: train_valid, date: 2025-06-07, cloudbed: cloudbed,path: /root/shared-nvme/data_set/2025_CCF_aiops-live-benchmark/phaseone/2025-06-07/cloudbed/trace-parquet/trace_jaeger-span_2025-06-07_22-00-00.parquet.
2025-09-20 17:05:52,199 - INFO - Preprocessing traces: dataset_type: train_valid, date: 2025-06-07, cloudbed: cloudbed,path: /root/shared-nvme/data_set/2025_CCF_aiops-live-benchmark/phaseone/2025-06-07/cloudbed/trace-parquet/trace_jaeger-span_2025-06-07_23-00-00.parquet.
2025-09-20 17:06:28,485 - INFO - Preprocessing traces: dataset_type: train_valid, date: 2025-06-08, cloudbed: cloudbed,path: /root/shared-nvme/data_set/2025_CCF_aiops-live-benchmark/phaseone/2025-06-08/cloudbed/trace-parquet/trace_jaeger-span_2025-06-08_00-00-00.parquet.
2025-09-20 17:07:07,845 - INFO - Preprocessing traces: dataset_type: train_valid, date: 2025-06-08, cloudbed: cloudbed,path: /root/shared-nvme/data_set/2025_CCF_aiops-live-benchmark/phaseone/2025-06-08/cloudbed/trace-parquet/trace_jaeger-span_2025-06-08_01-00-00.parquet.
2025-09-20 17:07:47,388 - INFO - Preprocessing traces: dataset_type: train_valid, date: 2025-06-08, cloudbed: cloudbed,path: /root/shared-nvme/data_set/2025_CCF_aiops-live-benchmark/phaseone/2025-06-08/cloudbed/trace-parquet/trace_jaeger-span_2025-06-08_02-00-00.parquet.
2025-09-20 17:08:22,736 - INFO - Preprocessing traces: dataset_type: train_valid, date: 2025-06-08, cloudbed: cloudbed,path: /root/shared-nvme/data_set/2025_CCF_aiops-live-benchmark/phaseone/2025-06-08/cloudbed/trace-parquet/trace_jaeger-span_2025-06-08_03-00-00.parquet.
2025-09-20 17:09:01,939 - INFO - Preprocessing traces: dataset_type: train_valid, date: 2025-06-08, cloudbed: cloudbed,path: /root/shared-nvme/data_set/2025_CCF_aiops-live-benchmark/phaseone/2025-06-08/cloudbed/trace-parquet/trace_jaeger-span_2025-06-08_04-00-00.parquet.
2025-09-20 17:09:40,299 - INFO - Preprocessing traces: dataset_type: train_valid, date: 2025-06-08, cloudbed: cloudbed,path: /root/shared-nvme/data_set/2025_CCF_aiops-live-benchmark/phaseone/2025-06-08/cloudbed/trace-parquet/trace_jaeger-span_2025-06-08_05-00-00.parquet.
2025-09-20 17:10:19,742 - INFO - Preprocessing traces: dataset_type: train_valid, date: 2025-06-08, cloudbed: cloudbed,path: /root/shared-nvme/data_set/2025_CCF_aiops-live-benchmark/phaseone/2025-06-08/cloudbed/trace-parquet/trace_jaeger-span_2025-06-08_06-00-00.parquet.
2025-09-20 17:10:59,626 - INFO - Preprocessing traces: dataset_type: train_valid, date: 2025-06-08, cloudbed: cloudbed,path: /root/shared-nvme/data_set/2025_CCF_aiops-live-benchmark/phaseone/2025-06-08/cloudbed/trace-parquet/trace_jaeger-span_2025-06-08_07-00-00.parquet.
2025-09-20 17:11:38,475 - INFO - Preprocessing traces: dataset_type: train_valid, date: 2025-06-08, cloudbed: cloudbed,path: /root/shared-nvme/data_set/2025_CCF_aiops-live-benchmark/phaseone/2025-06-08/cloudbed/trace-parquet/trace_jaeger-span_2025-06-08_08-00-00.parquet.
2025-09-20 17:12:18,128 - INFO - Preprocessing traces: dataset_type: train_valid, date: 2025-06-08, cloudbed: cloudbed,path: /root/shared-nvme/data_set/2025_CCF_aiops-live-benchmark/phaseone/2025-06-08/cloudbed/trace-parquet/trace_jaeger-span_2025-06-08_09-00-00.parquet.
2025-09-20 17:13:02,775 - INFO - Preprocessing traces: dataset_type: train_valid, date: 2025-06-08, cloudbed: cloudbed,path: /root/shared-nvme/data_set/2025_CCF_aiops-live-benchmark/phaseone/2025-06-08/cloudbed/trace-parquet/trace_jaeger-span_2025-06-08_10-00-00.parquet.
2025-09-20 17:14:40,149 - INFO - Preprocessing traces: dataset_type: train_valid, date: 2025-06-08, cloudbed: cloudbed,path: /root/shared-nvme/data_set/2025_CCF_aiops-live-benchmark/phaseone/2025-06-08/cloudbed/trace-parquet/trace_jaeger-span_2025-06-08_11-00-00.parquet.
2025-09-20 17:16:37,922 - INFO - Preprocessing traces: dataset_type: train_valid, date: 2025-06-08, cloudbed: cloudbed,path: /root/shared-nvme/data_set/2025_CCF_aiops-live-benchmark/phaseone/2025-06-08/cloudbed/trace-parquet/trace_jaeger-span_2025-06-08_12-00-00.parquet.
2025-09-20 17:18:40,763 - INFO - Preprocessing traces: dataset_type: train_valid, date: 2025-06-08, cloudbed: cloudbed,path: /root/shared-nvme/data_set/2025_CCF_aiops-live-benchmark/phaseone/2025-06-08/cloudbed/trace-parquet/trace_jaeger-span_2025-06-08_13-00-00.parquet.
2025-09-20 17:20:39,954 - INFO - Preprocessing traces: dataset_type: train_valid, date: 2025-06-08, cloudbed: cloudbed,path: /root/shared-nvme/data_set/2025_CCF_aiops-live-benchmark/phaseone/2025-06-08/cloudbed/trace-parquet/trace_jaeger-span_2025-06-08_14-00-00.parquet.
2025-09-20 17:22:39,732 - INFO - Preprocessing traces: dataset_type: train_valid, date: 2025-06-08, cloudbed: cloudbed,path: /root/shared-nvme/data_set/2025_CCF_aiops-live-benchmark/phaseone/2025-06-08/cloudbed/trace-parquet/trace_jaeger-span_2025-06-08_15-00-00.parquet.
2025-09-20 17:24:38,727 - INFO - Preprocessing traces: dataset_type: train_valid, date: 2025-06-08, cloudbed: cloudbed,path: /root/shared-nvme/data_set/2025_CCF_aiops-live-benchmark/phaseone/2025-06-08/cloudbed/trace-parquet/trace_jaeger-span_2025-06-08_16-00-00.parquet.
2025-09-20 17:26:45,068 - INFO - Preprocessing traces: dataset_type: train_valid, date: 2025-06-08, cloudbed: cloudbed,path: /root/shared-nvme/data_set/2025_CCF_aiops-live-benchmark/phaseone/2025-06-08/cloudbed/trace-parquet/trace_jaeger-span_2025-06-08_17-00-00.parquet.
2025-09-20 17:28:16,487 - INFO - Preprocessing traces: dataset_type: train_valid, date: 2025-06-08, cloudbed: cloudbed,path: /root/shared-nvme/data_set/2025_CCF_aiops-live-benchmark/phaseone/2025-06-08/cloudbed/trace-parquet/trace_jaeger-span_2025-06-08_18-00-00.parquet.
2025-09-20 17:30:27,264 - INFO - Preprocessing traces: dataset_type: train_valid, date: 2025-06-08, cloudbed: cloudbed,path: /root/shared-nvme/data_set/2025_CCF_aiops-live-benchmark/phaseone/2025-06-08/cloudbed/trace-parquet/trace_jaeger-span_2025-06-08_19-00-00.parquet.
2025-09-20 17:32:18,212 - INFO - Preprocessing traces: dataset_type: train_valid, date: 2025-06-08, cloudbed: cloudbed,path: /root/shared-nvme/data_set/2025_CCF_aiops-live-benchmark/phaseone/2025-06-08/cloudbed/trace-parquet/trace_jaeger-span_2025-06-08_20-00-00.parquet.
2025-09-20 17:33:58,070 - INFO - Preprocessing traces: dataset_type: train_valid, date: 2025-06-09, cloudbed: cloudbed,path: /root/shared-nvme/data_set/2025_CCF_aiops-live-benchmark/phaseone/2025-06-09/cloudbed/trace-parquet/trace_jaeger-span_2025-06-09_06-00-00.parquet.
2025-09-20 17:34:18,026 - INFO - Preprocessing traces: dataset_type: train_valid, date: 2025-06-09, cloudbed: cloudbed,path: /root/shared-nvme/data_set/2025_CCF_aiops-live-benchmark/phaseone/2025-06-09/cloudbed/trace-parquet/trace_jaeger-span_2025-06-09_07-00-00.parquet.
2025-09-20 17:34:57,511 - INFO - Preprocessing traces: dataset_type: train_valid, date: 2025-06-09, cloudbed: cloudbed,path: /root/shared-nvme/data_set/2025_CCF_aiops-live-benchmark/phaseone/2025-06-09/cloudbed/trace-parquet/trace_jaeger-span_2025-06-09_08-00-00.parquet.
2025-09-20 17:35:36,386 - INFO - Preprocessing traces: dataset_type: train_valid, date: 2025-06-09, cloudbed: cloudbed,path: /root/shared-nvme/data_set/2025_CCF_aiops-live-benchmark/phaseone/2025-06-09/cloudbed/trace-parquet/trace_jaeger-span_2025-06-09_09-00-00.parquet.
2025-09-20 17:36:27,352 - INFO - Preprocessing traces: dataset_type: train_valid, date: 2025-06-09, cloudbed: cloudbed,path: /root/shared-nvme/data_set/2025_CCF_aiops-live-benchmark/phaseone/2025-06-09/cloudbed/trace-parquet/trace_jaeger-span_2025-06-09_10-00-00.parquet.
2025-09-20 17:38:04,013 - INFO - Preprocessing traces: dataset_type: train_valid, date: 2025-06-09, cloudbed: cloudbed,path: /root/shared-nvme/data_set/2025_CCF_aiops-live-benchmark/phaseone/2025-06-09/cloudbed/trace-parquet/trace_jaeger-span_2025-06-09_11-00-00.parquet.
2025-09-20 17:40:00,819 - INFO - Preprocessing traces: dataset_type: train_valid, date: 2025-06-09, cloudbed: cloudbed,path: /root/shared-nvme/data_set/2025_CCF_aiops-live-benchmark/phaseone/2025-06-09/cloudbed/trace-parquet/trace_jaeger-span_2025-06-09_12-00-00.parquet.
2025-09-20 17:42:03,751 - INFO - Preprocessing traces: dataset_type: train_valid, date: 2025-06-09, cloudbed: cloudbed,path: /root/shared-nvme/data_set/2025_CCF_aiops-live-benchmark/phaseone/2025-06-09/cloudbed/trace-parquet/trace_jaeger-span_2025-06-09_13-00-00.parquet.
2025-09-20 17:43:56,654 - INFO - Preprocessing traces: dataset_type: train_valid, date: 2025-06-09, cloudbed: cloudbed,path: /root/shared-nvme/data_set/2025_CCF_aiops-live-benchmark/phaseone/2025-06-09/cloudbed/trace-parquet/trace_jaeger-span_2025-06-09_14-00-00.parquet.
2025-09-20 17:45:53,641 - INFO - Preprocessing traces: dataset_type: train_valid, date: 2025-06-09, cloudbed: cloudbed,path: /root/shared-nvme/data_set/2025_CCF_aiops-live-benchmark/phaseone/2025-06-09/cloudbed/trace-parquet/trace_jaeger-span_2025-06-09_15-00-00.parquet.
2025-09-20 17:47:52,574 - INFO - Preprocessing traces: dataset_type: train_valid, date: 2025-06-09, cloudbed: cloudbed,path: /root/shared-nvme/data_set/2025_CCF_aiops-live-benchmark/phaseone/2025-06-09/cloudbed/trace-parquet/trace_jaeger-span_2025-06-09_16-00-00.parquet.
2025-09-20 17:49:58,735 - INFO - Preprocessing traces: dataset_type: train_valid, date: 2025-06-09, cloudbed: cloudbed,path: /root/shared-nvme/data_set/2025_CCF_aiops-live-benchmark/phaseone/2025-06-09/cloudbed/trace-parquet/trace_jaeger-span_2025-06-09_17-00-00.parquet.
2025-09-20 17:52:14,897 - INFO - Preprocessing traces: dataset_type: train_valid, date: 2025-06-09, cloudbed: cloudbed,path: /root/shared-nvme/data_set/2025_CCF_aiops-live-benchmark/phaseone/2025-06-09/cloudbed/trace-parquet/trace_jaeger-span_2025-06-09_18-00-00.parquet.
2025-09-20 17:54:17,655 - INFO - Preprocessing traces: dataset_type: train_valid, date: 2025-06-10, cloudbed: cloudbed,path: /root/shared-nvme/data_set/2025_CCF_aiops-live-benchmark/phaseone/2025-06-10/cloudbed/trace-parquet/trace_jaeger-span_2025-06-10_05-00-00.parquet.
2025-09-20 17:54:33,079 - INFO - Preprocessing traces: dataset_type: train_valid, date: 2025-06-10, cloudbed: cloudbed,path: /root/shared-nvme/data_set/2025_CCF_aiops-live-benchmark/phaseone/2025-06-10/cloudbed/trace-parquet/trace_jaeger-span_2025-06-10_06-00-00.parquet.
2025-09-20 17:55:02,467 - INFO - Preprocessing traces: dataset_type: train_valid, date: 2025-06-10, cloudbed: cloudbed,path: /root/shared-nvme/data_set/2025_CCF_aiops-live-benchmark/phaseone/2025-06-10/cloudbed/trace-parquet/trace_jaeger-span_2025-06-10_07-00-00.parquet.
2025-09-20 17:55:42,433 - INFO - Preprocessing traces: dataset_type: train_valid, date: 2025-06-10, cloudbed: cloudbed,path: /root/shared-nvme/data_set/2025_CCF_aiops-live-benchmark/phaseone/2025-06-10/cloudbed/trace-parquet/trace_jaeger-span_2025-06-10_08-00-00.parquet.
2025-09-20 17:56:03,624 - INFO - Preprocessing traces: dataset_type: train_valid, date: 2025-06-10, cloudbed: cloudbed,path: /root/shared-nvme/data_set/2025_CCF_aiops-live-benchmark/phaseone/2025-06-10/cloudbed/trace-parquet/trace_jaeger-span_2025-06-10_09-00-00.parquet.
2025-09-20 17:56:56,981 - INFO - Preprocessing traces: dataset_type: train_valid, date: 2025-06-10, cloudbed: cloudbed,path: /root/shared-nvme/data_set/2025_CCF_aiops-live-benchmark/phaseone/2025-06-10/cloudbed/trace-parquet/trace_jaeger-span_2025-06-10_10-00-00.parquet.
2025-09-20 17:58:35,400 - INFO - Preprocessing traces: dataset_type: train_valid, date: 2025-06-10, cloudbed: cloudbed,path: /root/shared-nvme/data_set/2025_CCF_aiops-live-benchmark/phaseone/2025-06-10/cloudbed/trace-parquet/trace_jaeger-span_2025-06-10_11-00-00.parquet.
2025-09-20 18:00:32,149 - INFO - Preprocessing traces: dataset_type: train_valid, date: 2025-06-10, cloudbed: cloudbed,path: /root/shared-nvme/data_set/2025_CCF_aiops-live-benchmark/phaseone/2025-06-10/cloudbed/trace-parquet/trace_jaeger-span_2025-06-10_12-00-00.parquet.
2025-09-20 18:02:34,738 - INFO - Preprocessing traces: dataset_type: train_valid, date: 2025-06-10, cloudbed: cloudbed,path: /root/shared-nvme/data_set/2025_CCF_aiops-live-benchmark/phaseone/2025-06-10/cloudbed/trace-parquet/trace_jaeger-span_2025-06-10_13-00-00.parquet.
2025-09-20 18:04:36,082 - INFO - Preprocessing traces: dataset_type: train_valid, date: 2025-06-10, cloudbed: cloudbed,path: /root/shared-nvme/data_set/2025_CCF_aiops-live-benchmark/phaseone/2025-06-10/cloudbed/trace-parquet/trace_jaeger-span_2025-06-10_14-00-00.parquet.
2025-09-20 18:06:34,487 - INFO - Preprocessing traces: dataset_type: train_valid, date: 2025-06-10, cloudbed: cloudbed,path: /root/shared-nvme/data_set/2025_CCF_aiops-live-benchmark/phaseone/2025-06-10/cloudbed/trace-parquet/trace_jaeger-span_2025-06-10_15-00-00.parquet.
2025-09-20 18:08:36,276 - INFO - Preprocessing traces: dataset_type: train_valid, date: 2025-06-10, cloudbed: cloudbed,path: /root/shared-nvme/data_set/2025_CCF_aiops-live-benchmark/phaseone/2025-06-10/cloudbed/trace-parquet/trace_jaeger-span_2025-06-10_16-00-00.parquet.
2025-09-20 18:10:44,465 - INFO - Preprocessing traces: dataset_type: train_valid, date: 2025-06-10, cloudbed: cloudbed,path: /root/shared-nvme/data_set/2025_CCF_aiops-live-benchmark/phaseone/2025-06-10/cloudbed/trace-parquet/trace_jaeger-span_2025-06-10_17-00-00.parquet.
2025-09-20 18:13:01,088 - INFO - Preprocessing traces: dataset_type: train_valid, date: 2025-06-10, cloudbed: cloudbed,path: /root/shared-nvme/data_set/2025_CCF_aiops-live-benchmark/phaseone/2025-06-10/cloudbed/trace-parquet/trace_jaeger-span_2025-06-10_18-00-00.parquet.
2025-09-20 18:15:26,344 - INFO - Preprocessing traces: dataset_type: train_valid, date: 2025-06-10, cloudbed: cloudbed,path: /root/shared-nvme/data_set/2025_CCF_aiops-live-benchmark/phaseone/2025-06-10/cloudbed/trace-parquet/trace_jaeger-span_2025-06-10_19-00-00.parquet.
2025-09-20 18:17:56,010 - INFO - Preprocessing traces: dataset_type: train_valid, date: 2025-06-10, cloudbed: cloudbed,path: /root/shared-nvme/data_set/2025_CCF_aiops-live-benchmark/phaseone/2025-06-10/cloudbed/trace-parquet/trace_jaeger-span_2025-06-10_20-00-00.parquet.
2025-09-20 18:19:25,525 - INFO - Preprocessing traces: dataset_type: train_valid, date: 2025-06-10, cloudbed: cloudbed,path: /root/shared-nvme/data_set/2025_CCF_aiops-live-benchmark/phaseone/2025-06-10/cloudbed/trace-parquet/trace_jaeger-span_2025-06-10_21-00-00.parquet.
2025-09-20 18:20:42,911 - INFO - Preprocessing traces: dataset_type: train_valid, date: 2025-06-10, cloudbed: cloudbed,path: /root/shared-nvme/data_set/2025_CCF_aiops-live-benchmark/phaseone/2025-06-10/cloudbed/trace-parquet/trace_jaeger-span_2025-06-10_22-00-00.parquet.
2025-09-20 18:21:22,371 - INFO - Preprocessing traces: dataset_type: train_valid, date: 2025-06-10, cloudbed: cloudbed,path: /root/shared-nvme/data_set/2025_CCF_aiops-live-benchmark/phaseone/2025-06-10/cloudbed/trace-parquet/trace_jaeger-span_2025-06-10_23-00-00.parquet.
2025-09-20 18:22:02,751 - INFO - Preprocessing traces: dataset_type: train_valid, date: 2025-06-11, cloudbed: cloudbed,path: /root/shared-nvme/data_set/2025_CCF_aiops-live-benchmark/phaseone/2025-06-11/cloudbed/trace-parquet/trace_jaeger-span_2025-06-11_00-00-00.parquet.
2025-09-20 18:22:38,188 - INFO - Preprocessing traces: dataset_type: train_valid, date: 2025-06-11, cloudbed: cloudbed,path: /root/shared-nvme/data_set/2025_CCF_aiops-live-benchmark/phaseone/2025-06-11/cloudbed/trace-parquet/trace_jaeger-span_2025-06-11_01-00-00.parquet.
2025-09-20 18:23:17,302 - INFO - Preprocessing traces: dataset_type: train_valid, date: 2025-06-11, cloudbed: cloudbed,path: /root/shared-nvme/data_set/2025_CCF_aiops-live-benchmark/phaseone/2025-06-11/cloudbed/trace-parquet/trace_jaeger-span_2025-06-11_02-00-00.parquet.
2025-09-20 18:23:56,775 - INFO - Preprocessing traces: dataset_type: train_valid, date: 2025-06-11, cloudbed: cloudbed,path: /root/shared-nvme/data_set/2025_CCF_aiops-live-benchmark/phaseone/2025-06-11/cloudbed/trace-parquet/trace_jaeger-span_2025-06-11_03-00-00.parquet.
2025-09-20 18:24:33,872 - INFO - Preprocessing traces: dataset_type: train_valid, date: 2025-06-11, cloudbed: cloudbed,path: /root/shared-nvme/data_set/2025_CCF_aiops-live-benchmark/phaseone/2025-06-11/cloudbed/trace-parquet/trace_jaeger-span_2025-06-11_04-00-00.parquet.
2025-09-20 18:25:13,469 - INFO - Preprocessing traces: dataset_type: train_valid, date: 2025-06-11, cloudbed: cloudbed,path: /root/shared-nvme/data_set/2025_CCF_aiops-live-benchmark/phaseone/2025-06-11/cloudbed/trace-parquet/trace_jaeger-span_2025-06-11_05-00-00.parquet.
2025-09-20 18:25:53,126 - INFO - Preprocessing traces: dataset_type: train_valid, date: 2025-06-11, cloudbed: cloudbed,path: /root/shared-nvme/data_set/2025_CCF_aiops-live-benchmark/phaseone/2025-06-11/cloudbed/trace-parquet/trace_jaeger-span_2025-06-11_06-00-00.parquet.
2025-09-20 18:26:34,944 - INFO - Preprocessing traces: dataset_type: train_valid, date: 2025-06-11, cloudbed: cloudbed,path: /root/shared-nvme/data_set/2025_CCF_aiops-live-benchmark/phaseone/2025-06-11/cloudbed/trace-parquet/trace_jaeger-span_2025-06-11_07-00-00.parquet.
2025-09-20 18:27:14,780 - INFO - Preprocessing traces: dataset_type: train_valid, date: 2025-06-11, cloudbed: cloudbed,path: /root/shared-nvme/data_set/2025_CCF_aiops-live-benchmark/phaseone/2025-06-11/cloudbed/trace-parquet/trace_jaeger-span_2025-06-11_08-00-00.parquet.
2025-09-20 18:27:44,465 - INFO - Preprocessing traces: dataset_type: train_valid, date: 2025-06-11, cloudbed: cloudbed,path: /root/shared-nvme/data_set/2025_CCF_aiops-live-benchmark/phaseone/2025-06-11/cloudbed/trace-parquet/trace_jaeger-span_2025-06-11_09-00-00.parquet.
2025-09-20 18:28:36,592 - INFO - Preprocessing traces: dataset_type: train_valid, date: 2025-06-11, cloudbed: cloudbed,path: /root/shared-nvme/data_set/2025_CCF_aiops-live-benchmark/phaseone/2025-06-11/cloudbed/trace-parquet/trace_jaeger-span_2025-06-11_10-00-00.parquet.
2025-09-20 18:30:06,921 - INFO - Preprocessing traces: dataset_type: train_valid, date: 2025-06-11, cloudbed: cloudbed,path: /root/shared-nvme/data_set/2025_CCF_aiops-live-benchmark/phaseone/2025-06-11/cloudbed/trace-parquet/trace_jaeger-span_2025-06-11_11-00-00.parquet.
2025-09-20 18:32:05,312 - INFO - Preprocessing traces: dataset_type: train_valid, date: 2025-06-11, cloudbed: cloudbed,path: /root/shared-nvme/data_set/2025_CCF_aiops-live-benchmark/phaseone/2025-06-11/cloudbed/trace-parquet/trace_jaeger-span_2025-06-11_12-00-00.parquet.
2025-09-20 18:34:06,344 - INFO - Preprocessing traces: dataset_type: train_valid, date: 2025-06-11, cloudbed: cloudbed,path: /root/shared-nvme/data_set/2025_CCF_aiops-live-benchmark/phaseone/2025-06-11/cloudbed/trace-parquet/trace_jaeger-span_2025-06-11_13-00-00.parquet.
2025-09-20 18:36:04,619 - INFO - Preprocessing traces: dataset_type: train_valid, date: 2025-06-11, cloudbed: cloudbed,path: /root/shared-nvme/data_set/2025_CCF_aiops-live-benchmark/phaseone/2025-06-11/cloudbed/trace-parquet/trace_jaeger-span_2025-06-11_14-00-00.parquet.
2025-09-20 18:38:03,638 - INFO - Preprocessing traces: dataset_type: train_valid, date: 2025-06-11, cloudbed: cloudbed,path: /root/shared-nvme/data_set/2025_CCF_aiops-live-benchmark/phaseone/2025-06-11/cloudbed/trace-parquet/trace_jaeger-span_2025-06-11_15-00-00.parquet.
2025-09-20 18:39:56,326 - INFO - Preprocessing traces: dataset_type: train_valid, date: 2025-06-11, cloudbed: cloudbed,path: /root/shared-nvme/data_set/2025_CCF_aiops-live-benchmark/phaseone/2025-06-11/cloudbed/trace-parquet/trace_jaeger-span_2025-06-11_16-00-00.parquet.
2025-09-20 18:42:02,409 - INFO - Preprocessing traces: dataset_type: train_valid, date: 2025-06-11, cloudbed: cloudbed,path: /root/shared-nvme/data_set/2025_CCF_aiops-live-benchmark/phaseone/2025-06-11/cloudbed/trace-parquet/trace_jaeger-span_2025-06-11_17-00-00.parquet.
2025-09-20 18:44:19,606 - INFO - Preprocessing traces: dataset_type: train_valid, date: 2025-06-11, cloudbed: cloudbed,path: /root/shared-nvme/data_set/2025_CCF_aiops-live-benchmark/phaseone/2025-06-11/cloudbed/trace-parquet/trace_jaeger-span_2025-06-11_18-00-00.parquet.
2025-09-20 18:46:46,205 - INFO - Preprocessing traces: dataset_type: train_valid, date: 2025-06-11, cloudbed: cloudbed,path: /root/shared-nvme/data_set/2025_CCF_aiops-live-benchmark/phaseone/2025-06-11/cloudbed/trace-parquet/trace_jaeger-span_2025-06-11_19-00-00.parquet.
2025-09-20 18:49:14,263 - INFO - Preprocessing traces: dataset_type: train_valid, date: 2025-06-11, cloudbed: cloudbed,path: /root/shared-nvme/data_set/2025_CCF_aiops-live-benchmark/phaseone/2025-06-11/cloudbed/trace-parquet/trace_jaeger-span_2025-06-11_20-00-00.parquet.
2025-09-20 18:51:21,332 - INFO - Preprocessing traces: dataset_type: train_valid, date: 2025-06-11, cloudbed: cloudbed,path: /root/shared-nvme/data_set/2025_CCF_aiops-live-benchmark/phaseone/2025-06-11/cloudbed/trace-parquet/trace_jaeger-span_2025-06-11_21-00-00.parquet.
2025-09-20 18:52:36,459 - INFO - Preprocessing traces: dataset_type: train_valid, date: 2025-06-11, cloudbed: cloudbed,path: /root/shared-nvme/data_set/2025_CCF_aiops-live-benchmark/phaseone/2025-06-11/cloudbed/trace-parquet/trace_jaeger-span_2025-06-11_22-00-00.parquet.
2025-09-20 18:53:10,576 - INFO - Preprocessing traces: dataset_type: train_valid, date: 2025-06-11, cloudbed: cloudbed,path: /root/shared-nvme/data_set/2025_CCF_aiops-live-benchmark/phaseone/2025-06-11/cloudbed/trace-parquet/trace_jaeger-span_2025-06-11_23-00-00.parquet.
2025-09-20 18:53:49,243 - INFO - Preprocessing traces: dataset_type: test, date: 2025-06-12, cloudbed: cloudbed,path: /root/shared-nvme/data_set/2025_CCF_aiops-live-benchmark/phaseone/2025-06-12/cloudbed/trace-parquet/trace_jaeger-span_2025-06-12_00-00-00.parquet.
2025-09-20 18:54:18,950 - INFO - Preprocessing traces: dataset_type: test, date: 2025-06-12, cloudbed: cloudbed,path: /root/shared-nvme/data_set/2025_CCF_aiops-live-benchmark/phaseone/2025-06-12/cloudbed/trace-parquet/trace_jaeger-span_2025-06-12_01-00-00.parquet.
2025-09-20 18:54:56,845 - INFO - Preprocessing traces: dataset_type: test, date: 2025-06-12, cloudbed: cloudbed,path: /root/shared-nvme/data_set/2025_CCF_aiops-live-benchmark/phaseone/2025-06-12/cloudbed/trace-parquet/trace_jaeger-span_2025-06-12_02-00-00.parquet.
2025-09-20 18:55:36,297 - INFO - Preprocessing traces: dataset_type: test, date: 2025-06-12, cloudbed: cloudbed,path: /root/shared-nvme/data_set/2025_CCF_aiops-live-benchmark/phaseone/2025-06-12/cloudbed/trace-parquet/trace_jaeger-span_2025-06-12_03-00-00.parquet.
2025-09-20 18:56:04,096 - INFO - Preprocessing traces: dataset_type: test, date: 2025-06-12, cloudbed: cloudbed,path: /root/shared-nvme/data_set/2025_CCF_aiops-live-benchmark/phaseone/2025-06-12/cloudbed/trace-parquet/trace_jaeger-span_2025-06-12_04-00-00.parquet.
2025-09-20 18:56:43,128 - INFO - Preprocessing traces: dataset_type: test, date: 2025-06-12, cloudbed: cloudbed,path: /root/shared-nvme/data_set/2025_CCF_aiops-live-benchmark/phaseone/2025-06-12/cloudbed/trace-parquet/trace_jaeger-span_2025-06-12_05-00-00.parquet.
2025-09-20 18:57:22,743 - INFO - Preprocessing traces: dataset_type: test, date: 2025-06-12, cloudbed: cloudbed,path: /root/shared-nvme/data_set/2025_CCF_aiops-live-benchmark/phaseone/2025-06-12/cloudbed/trace-parquet/trace_jaeger-span_2025-06-12_06-00-00.parquet.
2025-09-20 18:57:50,002 - INFO - Preprocessing traces: dataset_type: test, date: 2025-06-12, cloudbed: cloudbed,path: /root/shared-nvme/data_set/2025_CCF_aiops-live-benchmark/phaseone/2025-06-12/cloudbed/trace-parquet/trace_jaeger-span_2025-06-12_07-00-00.parquet.
2025-09-20 18:58:29,862 - INFO - Preprocessing traces: dataset_type: test, date: 2025-06-12, cloudbed: cloudbed,path: /root/shared-nvme/data_set/2025_CCF_aiops-live-benchmark/phaseone/2025-06-12/cloudbed/trace-parquet/trace_jaeger-span_2025-06-12_08-00-00.parquet.
2025-09-20 18:59:09,560 - INFO - Preprocessing traces: dataset_type: test, date: 2025-06-12, cloudbed: cloudbed,path: /root/shared-nvme/data_set/2025_CCF_aiops-live-benchmark/phaseone/2025-06-12/cloudbed/trace-parquet/trace_jaeger-span_2025-06-12_09-00-00.parquet.
2025-09-20 19:00:02,877 - INFO - Preprocessing traces: dataset_type: test, date: 2025-06-12, cloudbed: cloudbed,path: /root/shared-nvme/data_set/2025_CCF_aiops-live-benchmark/phaseone/2025-06-12/cloudbed/trace-parquet/trace_jaeger-span_2025-06-12_10-00-00.parquet.
2025-09-20 19:01:41,346 - INFO - Preprocessing traces: dataset_type: test, date: 2025-06-12, cloudbed: cloudbed,path: /root/shared-nvme/data_set/2025_CCF_aiops-live-benchmark/phaseone/2025-06-12/cloudbed/trace-parquet/trace_jaeger-span_2025-06-12_11-00-00.parquet.
2025-09-20 19:03:40,001 - INFO - Preprocessing traces: dataset_type: test, date: 2025-06-12, cloudbed: cloudbed,path: /root/shared-nvme/data_set/2025_CCF_aiops-live-benchmark/phaseone/2025-06-12/cloudbed/trace-parquet/trace_jaeger-span_2025-06-12_12-00-00.parquet.
2025-09-20 19:05:46,289 - INFO - Preprocessing traces: dataset_type: test, date: 2025-06-12, cloudbed: cloudbed,path: /root/shared-nvme/data_set/2025_CCF_aiops-live-benchmark/phaseone/2025-06-12/cloudbed/trace-parquet/trace_jaeger-span_2025-06-12_13-00-00.parquet.
2025-09-20 19:07:51,244 - INFO - Preprocessing traces: dataset_type: test, date: 2025-06-12, cloudbed: cloudbed,path: /root/shared-nvme/data_set/2025_CCF_aiops-live-benchmark/phaseone/2025-06-12/cloudbed/trace-parquet/trace_jaeger-span_2025-06-12_14-00-00.parquet.
2025-09-20 19:09:55,074 - INFO - Preprocessing traces: dataset_type: test, date: 2025-06-12, cloudbed: cloudbed,path: /root/shared-nvme/data_set/2025_CCF_aiops-live-benchmark/phaseone/2025-06-12/cloudbed/trace-parquet/trace_jaeger-span_2025-06-12_15-00-00.parquet.
2025-09-20 19:12:00,685 - INFO - Preprocessing traces: dataset_type: test, date: 2025-06-12, cloudbed: cloudbed,path: /root/shared-nvme/data_set/2025_CCF_aiops-live-benchmark/phaseone/2025-06-12/cloudbed/trace-parquet/trace_jaeger-span_2025-06-12_16-00-00.parquet.
2025-09-20 19:14:13,299 - INFO - Preprocessing traces: dataset_type: test, date: 2025-06-12, cloudbed: cloudbed,path: /root/shared-nvme/data_set/2025_CCF_aiops-live-benchmark/phaseone/2025-06-12/cloudbed/trace-parquet/trace_jaeger-span_2025-06-12_17-00-00.parquet.
2025-09-20 19:16:37,284 - INFO - Preprocessing traces: dataset_type: test, date: 2025-06-12, cloudbed: cloudbed,path: /root/shared-nvme/data_set/2025_CCF_aiops-live-benchmark/phaseone/2025-06-12/cloudbed/trace-parquet/trace_jaeger-span_2025-06-12_18-00-00.parquet.
2025-09-20 19:18:08,861 - INFO - Preprocessing traces: dataset_type: test, date: 2025-06-12, cloudbed: cloudbed,path: /root/shared-nvme/data_set/2025_CCF_aiops-live-benchmark/phaseone/2025-06-12/cloudbed/trace-parquet/trace_jaeger-span_2025-06-12_19-00-00.parquet.
2025-09-20 19:19:20,636 - INFO - Preprocessing traces: dataset_type: test, date: 2025-06-13, cloudbed: cloudbed,path: /root/shared-nvme/data_set/2025_CCF_aiops-live-benchmark/phaseone/2025-06-13/cloudbed/trace-parquet/trace_jaeger-span_2025-06-13_01-00-00.parquet.
2025-09-20 19:20:02,728 - INFO - Preprocessing traces: dataset_type: test, date: 2025-06-13, cloudbed: cloudbed,path: /root/shared-nvme/data_set/2025_CCF_aiops-live-benchmark/phaseone/2025-06-13/cloudbed/trace-parquet/trace_jaeger-span_2025-06-13_02-00-00.parquet.
2025-09-20 19:20:42,840 - INFO - Preprocessing traces: dataset_type: test, date: 2025-06-13, cloudbed: cloudbed,path: /root/shared-nvme/data_set/2025_CCF_aiops-live-benchmark/phaseone/2025-06-13/cloudbed/trace-parquet/trace_jaeger-span_2025-06-13_03-00-00.parquet.
2025-09-20 19:21:23,325 - INFO - Preprocessing traces: dataset_type: test, date: 2025-06-13, cloudbed: cloudbed,path: /root/shared-nvme/data_set/2025_CCF_aiops-live-benchmark/phaseone/2025-06-13/cloudbed/trace-parquet/trace_jaeger-span_2025-06-13_04-00-00.parquet.
2025-09-20 19:21:51,063 - INFO - Preprocessing traces: dataset_type: test, date: 2025-06-13, cloudbed: cloudbed,path: /root/shared-nvme/data_set/2025_CCF_aiops-live-benchmark/phaseone/2025-06-13/cloudbed/trace-parquet/trace_jaeger-span_2025-06-13_05-00-00.parquet.
2025-09-20 19:22:32,096 - INFO - Preprocessing traces: dataset_type: test, date: 2025-06-13, cloudbed: cloudbed,path: /root/shared-nvme/data_set/2025_CCF_aiops-live-benchmark/phaseone/2025-06-13/cloudbed/trace-parquet/trace_jaeger-span_2025-06-13_06-00-00.parquet.
2025-09-20 19:23:12,783 - INFO - Preprocessing traces: dataset_type: test, date: 2025-06-13, cloudbed: cloudbed,path: /root/shared-nvme/data_set/2025_CCF_aiops-live-benchmark/phaseone/2025-06-13/cloudbed/trace-parquet/trace_jaeger-span_2025-06-13_07-00-00.parquet.
2025-09-20 19:23:53,728 - INFO - Preprocessing traces: dataset_type: test, date: 2025-06-13, cloudbed: cloudbed,path: /root/shared-nvme/data_set/2025_CCF_aiops-live-benchmark/phaseone/2025-06-13/cloudbed/trace-parquet/trace_jaeger-span_2025-06-13_08-00-00.parquet.
2025-09-20 19:24:35,622 - INFO - Preprocessing traces: dataset_type: test, date: 2025-06-13, cloudbed: cloudbed,path: /root/shared-nvme/data_set/2025_CCF_aiops-live-benchmark/phaseone/2025-06-13/cloudbed/trace-parquet/trace_jaeger-span_2025-06-13_09-00-00.parquet.
2025-09-20 19:25:30,833 - INFO - Preprocessing traces: dataset_type: test, date: 2025-06-13, cloudbed: cloudbed,path: /root/shared-nvme/data_set/2025_CCF_aiops-live-benchmark/phaseone/2025-06-13/cloudbed/trace-parquet/trace_jaeger-span_2025-06-13_10-00-00.parquet.
2025-09-20 19:27:10,745 - INFO - Preprocessing traces: dataset_type: test, date: 2025-06-13, cloudbed: cloudbed,path: /root/shared-nvme/data_set/2025_CCF_aiops-live-benchmark/phaseone/2025-06-13/cloudbed/trace-parquet/trace_jaeger-span_2025-06-13_11-00-00.parquet.
2025-09-20 19:29:10,028 - INFO - Preprocessing traces: dataset_type: test, date: 2025-06-13, cloudbed: cloudbed,path: /root/shared-nvme/data_set/2025_CCF_aiops-live-benchmark/phaseone/2025-06-13/cloudbed/trace-parquet/trace_jaeger-span_2025-06-13_12-00-00.parquet.
2025-09-20 19:31:06,969 - INFO - Preprocessing traces: dataset_type: test, date: 2025-06-13, cloudbed: cloudbed,path: /root/shared-nvme/data_set/2025_CCF_aiops-live-benchmark/phaseone/2025-06-13/cloudbed/trace-parquet/trace_jaeger-span_2025-06-13_13-00-00.parquet.
2025-09-20 19:33:06,146 - INFO - Preprocessing traces: dataset_type: test, date: 2025-06-13, cloudbed: cloudbed,path: /root/shared-nvme/data_set/2025_CCF_aiops-live-benchmark/phaseone/2025-06-13/cloudbed/trace-parquet/trace_jaeger-span_2025-06-13_14-00-00.parquet.
2025-09-20 19:35:05,591 - INFO - Preprocessing traces: dataset_type: test, date: 2025-06-13, cloudbed: cloudbed,path: /root/shared-nvme/data_set/2025_CCF_aiops-live-benchmark/phaseone/2025-06-13/cloudbed/trace-parquet/trace_jaeger-span_2025-06-13_15-00-00.parquet.
2025-09-20 19:37:04,943 - INFO - Preprocessing traces: dataset_type: test, date: 2025-06-13, cloudbed: cloudbed,path: /root/shared-nvme/data_set/2025_CCF_aiops-live-benchmark/phaseone/2025-06-13/cloudbed/trace-parquet/trace_jaeger-span_2025-06-13_16-00-00.parquet.
2025-09-20 19:39:09,828 - INFO - Preprocessing traces: dataset_type: test, date: 2025-06-13, cloudbed: cloudbed,path: /root/shared-nvme/data_set/2025_CCF_aiops-live-benchmark/phaseone/2025-06-13/cloudbed/trace-parquet/trace_jaeger-span_2025-06-13_17-00-00.parquet.
2025-09-20 19:41:27,185 - INFO - Preprocessing traces: dataset_type: test, date: 2025-06-13, cloudbed: cloudbed,path: /root/shared-nvme/data_set/2025_CCF_aiops-live-benchmark/phaseone/2025-06-13/cloudbed/trace-parquet/trace_jaeger-span_2025-06-13_18-00-00.parquet.
2025-09-20 19:43:34,149 - INFO - Preprocessing traces: dataset_type: test, date: 2025-06-13, cloudbed: cloudbed,path: /root/shared-nvme/data_set/2025_CCF_aiops-live-benchmark/phaseone/2025-06-13/cloudbed/trace-parquet/trace_jaeger-span_2025-06-13_19-00-00.parquet.
2025-09-20 19:43:58,665 - INFO - Preprocessing traces: dataset_type: test, date: 2025-06-14, cloudbed: cloudbed,path: /root/shared-nvme/data_set/2025_CCF_aiops-live-benchmark/phaseone/2025-06-14/cloudbed/trace-parquet/trace_jaeger-span_2025-06-14_01-00-00.parquet.
2025-09-20 19:44:31,302 - INFO - Preprocessing traces: dataset_type: test, date: 2025-06-14, cloudbed: cloudbed,path: /root/shared-nvme/data_set/2025_CCF_aiops-live-benchmark/phaseone/2025-06-14/cloudbed/trace-parquet/trace_jaeger-span_2025-06-14_02-00-00.parquet.
2025-09-20 19:45:10,773 - INFO - Preprocessing traces: dataset_type: test, date: 2025-06-14, cloudbed: cloudbed,path: /root/shared-nvme/data_set/2025_CCF_aiops-live-benchmark/phaseone/2025-06-14/cloudbed/trace-parquet/trace_jaeger-span_2025-06-14_03-00-00.parquet.
2025-09-20 19:45:50,727 - INFO - Preprocessing traces: dataset_type: test, date: 2025-06-14, cloudbed: cloudbed,path: /root/shared-nvme/data_set/2025_CCF_aiops-live-benchmark/phaseone/2025-06-14/cloudbed/trace-parquet/trace_jaeger-span_2025-06-14_04-00-00.parquet.
2025-09-20 19:46:30,573 - INFO - Preprocessing traces: dataset_type: test, date: 2025-06-14, cloudbed: cloudbed,path: /root/shared-nvme/data_set/2025_CCF_aiops-live-benchmark/phaseone/2025-06-14/cloudbed/trace-parquet/trace_jaeger-span_2025-06-14_05-00-00.parquet.
2025-09-20 19:47:10,217 - INFO - Preprocessing traces: dataset_type: test, date: 2025-06-14, cloudbed: cloudbed,path: /root/shared-nvme/data_set/2025_CCF_aiops-live-benchmark/phaseone/2025-06-14/cloudbed/trace-parquet/trace_jaeger-span_2025-06-14_06-00-00.parquet.
2025-09-20 19:47:49,324 - INFO - Preprocessing traces: dataset_type: test, date: 2025-06-14, cloudbed: cloudbed,path: /root/shared-nvme/data_set/2025_CCF_aiops-live-benchmark/phaseone/2025-06-14/cloudbed/trace-parquet/trace_jaeger-span_2025-06-14_07-00-00.parquet.
2025-09-20 19:48:29,494 - INFO - Preprocessing traces: dataset_type: test, date: 2025-06-14, cloudbed: cloudbed,path: /root/shared-nvme/data_set/2025_CCF_aiops-live-benchmark/phaseone/2025-06-14/cloudbed/trace-parquet/trace_jaeger-span_2025-06-14_08-00-00.parquet.
2025-09-20 19:49:09,642 - INFO - Preprocessing traces: dataset_type: test, date: 2025-06-14, cloudbed: cloudbed,path: /root/shared-nvme/data_set/2025_CCF_aiops-live-benchmark/phaseone/2025-06-14/cloudbed/trace-parquet/trace_jaeger-span_2025-06-14_09-00-00.parquet.
2025-09-20 19:50:04,216 - INFO - Preprocessing traces: dataset_type: test, date: 2025-06-14, cloudbed: cloudbed,path: /root/shared-nvme/data_set/2025_CCF_aiops-live-benchmark/phaseone/2025-06-14/cloudbed/trace-parquet/trace_jaeger-span_2025-06-14_10-00-00.parquet.
2025-09-20 19:51:46,177 - INFO - Preprocessing traces: dataset_type: test, date: 2025-06-14, cloudbed: cloudbed,path: /root/shared-nvme/data_set/2025_CCF_aiops-live-benchmark/phaseone/2025-06-14/cloudbed/trace-parquet/trace_jaeger-span_2025-06-14_11-00-00.parquet.
2025-09-20 19:53:10,548 - INFO - Preprocessing traces: dataset_type: test, date: 2025-06-14, cloudbed: cloudbed,path: /root/shared-nvme/data_set/2025_CCF_aiops-live-benchmark/phaseone/2025-06-14/cloudbed/trace-parquet/trace_jaeger-span_2025-06-14_12-00-00.parquet.
2025-09-20 19:55:18,698 - INFO - Preprocessing traces: dataset_type: test, date: 2025-06-14, cloudbed: cloudbed,path: /root/shared-nvme/data_set/2025_CCF_aiops-live-benchmark/phaseone/2025-06-14/cloudbed/trace-parquet/trace_jaeger-span_2025-06-14_13-00-00.parquet.
2025-09-20 19:57:22,151 - INFO - Preprocessing traces: dataset_type: test, date: 2025-06-14, cloudbed: cloudbed,path: /root/shared-nvme/data_set/2025_CCF_aiops-live-benchmark/phaseone/2025-06-14/cloudbed/trace-parquet/trace_jaeger-span_2025-06-14_14-00-00.parquet.
2025-09-20 19:59:12,310 - INFO - Preprocessing traces: dataset_type: test, date: 2025-06-14, cloudbed: cloudbed,path: /root/shared-nvme/data_set/2025_CCF_aiops-live-benchmark/phaseone/2025-06-14/cloudbed/trace-parquet/trace_jaeger-span_2025-06-14_15-00-00.parquet.
2025-09-20 20:01:16,536 - INFO - Preprocessing traces: dataset_type: test, date: 2025-06-14, cloudbed: cloudbed,path: /root/shared-nvme/data_set/2025_CCF_aiops-live-benchmark/phaseone/2025-06-14/cloudbed/trace-parquet/trace_jaeger-span_2025-06-14_16-00-00.parquet.
2025-09-20 20:03:30,111 - INFO - Preprocessing traces: dataset_type: test, date: 2025-06-14, cloudbed: cloudbed,path: /root/shared-nvme/data_set/2025_CCF_aiops-live-benchmark/phaseone/2025-06-14/cloudbed/trace-parquet/trace_jaeger-span_2025-06-14_17-00-00.parquet.
2025-09-20 20:05:07,683 - INFO - Preprocessing traces: dataset_type: test, date: 2025-06-14, cloudbed: cloudbed,path: /root/shared-nvme/data_set/2025_CCF_aiops-live-benchmark/phaseone/2025-06-14/cloudbed/trace-parquet/trace_jaeger-span_2025-06-14_18-00-00.parquet.
2025-09-20 20:07:12,447 - INFO - Preprocessing traces: dataset_type: test, date: 2025-06-14, cloudbed: cloudbed,path: /root/shared-nvme/data_set/2025_CCF_aiops-live-benchmark/phaseone/2025-06-14/cloudbed/trace-parquet/trace_jaeger-span_2025-06-14_19-00-00.parquet.
2025-09-20 20:08:46,347 - INFO - Preprocessing traces: dataset_type: test, date: 2025-06-14, cloudbed: cloudbed,path: /root/shared-nvme/data_set/2025_CCF_aiops-live-benchmark/phaseone/2025-06-14/cloudbed/trace-parquet/trace_jaeger-span_2025-06-14_20-00-00.parquet.
2025-09-20 20:10:04,372 - INFO - Preprocessing traces: dataset_type: test, date: 2025-06-14, cloudbed: cloudbed,path: /root/shared-nvme/data_set/2025_CCF_aiops-live-benchmark/phaseone/2025-06-14/cloudbed/trace-parquet/trace_jaeger-span_2025-06-14_21-00-00.parquet.
2025-09-20 20:10:56,564 - INFO - Preprocessing traces: dataset_type: test, date: 2025-06-14, cloudbed: cloudbed,path: /root/shared-nvme/data_set/2025_CCF_aiops-live-benchmark/phaseone/2025-06-14/cloudbed/trace-parquet/trace_jaeger-span_2025-06-14_22-00-00.parquet.
/root/shared-nvme/data_set/2025_CCF_aiops-live-benchmark/phaseone/2025-06-06/cloudbed/trace-parquet/trace_jaeger-span_2025-06-06_00-00-00.parquet
/root/shared-nvme/data_set/2025_CCF_aiops-live-benchmark/phaseone/2025-06-06/cloudbed/trace-parquet/trace_jaeger-span_2025-06-06_01-00-00.parquet
/root/shared-nvme/data_set/2025_CCF_aiops-live-benchmark/phaseone/2025-06-06/cloudbed/trace-parquet/trace_jaeger-span_2025-06-06_02-00-00.parquet
/root/shared-nvme/data_set/2025_CCF_aiops-live-benchmark/phaseone/2025-06-06/cloudbed/trace-parquet/trace_jaeger-span_2025-06-06_03-00-00.parquet
/root/shared-nvme/data_set/2025_CCF_aiops-live-benchmark/phaseone/2025-06-06/cloudbed/trace-parquet/trace_jaeger-span_2025-06-06_04-00-00.parquet
/root/shared-nvme/data_set/2025_CCF_aiops-live-benchmark/phaseone/2025-06-06/cloudbed/trace-parquet/trace_jaeger-span_2025-06-06_05-00-00.parquet
/root/shared-nvme/data_set/2025_CCF_aiops-live-benchmark/phaseone/2025-06-06/cloudbed/trace-parquet/trace_jaeger-span_2025-06-06_06-00-00.parquet
/root/shared-nvme/data_set/2025_CCF_aiops-live-benchmark/phaseone/2025-06-06/cloudbed/trace-parquet/trace_jaeger-span_2025-06-06_07-00-00.parquet
/root/shared-nvme/data_set/2025_CCF_aiops-live-benchmark/phaseone/2025-06-06/cloudbed/trace-parquet/trace_jaeger-span_2025-06-06_08-00-00.parquet
/root/shared-nvme/data_set/2025_CCF_aiops-live-benchmark/phaseone/2025-06-06/cloudbed/trace-parquet/trace_jaeger-span_2025-06-06_09-00-00.parquet
/root/shared-nvme/data_set/2025_CCF_aiops-live-benchmark/phaseone/2025-06-06/cloudbed/trace-parquet/trace_jaeger-span_2025-06-06_10-00-00.parquet
/root/shared-nvme/data_set/2025_CCF_aiops-live-benchmark/phaseone/2025-06-06/cloudbed/trace-parquet/trace_jaeger-span_2025-06-06_11-00-00.parquet
/root/shared-nvme/data_set/2025_CCF_aiops-live-benchmark/phaseone/2025-06-06/cloudbed/trace-parquet/trace_jaeger-span_2025-06-06_12-00-00.parquet
/root/shared-nvme/data_set/2025_CCF_aiops-live-benchmark/phaseone/2025-06-06/cloudbed/trace-parquet/trace_jaeger-span_2025-06-06_13-00-00.parquet
/root/shared-nvme/data_set/2025_CCF_aiops-live-benchmark/phaseone/2025-06-06/cloudbed/trace-parquet/trace_jaeger-span_2025-06-06_14-00-00.parquet
/root/shared-nvme/data_set/2025_CCF_aiops-live-benchmark/phaseone/2025-06-06/cloudbed/trace-parquet/trace_jaeger-span_2025-06-06_15-00-00.parquet
/root/shared-nvme/data_set/2025_CCF_aiops-live-benchmark/phaseone/2025-06-06/cloudbed/trace-parquet/trace_jaeger-span_2025-06-06_16-00-00.parquet
/root/shared-nvme/data_set/2025_CCF_aiops-live-benchmark/phaseone/2025-06-06/cloudbed/trace-parquet/trace_jaeger-span_2025-06-06_17-00-00.parquet
/root/shared-nvme/data_set/2025_CCF_aiops-live-benchmark/phaseone/2025-06-06/cloudbed/trace-parquet/trace_jaeger-span_2025-06-06_18-00-00.parquet
/root/shared-nvme/data_set/2025_CCF_aiops-live-benchmark/phaseone/2025-06-06/cloudbed/trace-parquet/trace_jaeger-span_2025-06-06_19-00-00.parquet
/root/shared-nvme/data_set/2025_CCF_aiops-live-benchmark/phaseone/2025-06-06/cloudbed/trace-parquet/trace_jaeger-span_2025-06-06_20-00-00.parquet
/root/shared-nvme/data_set/2025_CCF_aiops-live-benchmark/phaseone/2025-06-06/cloudbed/trace-parquet/trace_jaeger-span_2025-06-06_21-00-00.parquet
/root/shared-nvme/data_set/2025_CCF_aiops-live-benchmark/phaseone/2025-06-06/cloudbed/trace-parquet/trace_jaeger-span_2025-06-06_22-00-00.parquet
/root/shared-nvme/data_set/2025_CCF_aiops-live-benchmark/phaseone/2025-06-06/cloudbed/trace-parquet/trace_jaeger-span_2025-06-06_23-00-00.parquet
/root/shared-nvme/data_set/2025_CCF_aiops-live-benchmark/phaseone/2025-06-07/cloudbed/trace-parquet/trace_jaeger-span_2025-06-07_00-00-00.parquet
/root/shared-nvme/data_set/2025_CCF_aiops-live-benchmark/phaseone/2025-06-07/cloudbed/trace-parquet/trace_jaeger-span_2025-06-07_01-00-00.parquet
/root/shared-nvme/data_set/2025_CCF_aiops-live-benchmark/phaseone/2025-06-07/cloudbed/trace-parquet/trace_jaeger-span_2025-06-07_02-00-00.parquet
/root/shared-nvme/data_set/2025_CCF_aiops-live-benchmark/phaseone/2025-06-07/cloudbed/trace-parquet/trace_jaeger-span_2025-06-07_03-00-00.parquet
/root/shared-nvme/data_set/2025_CCF_aiops-live-benchmark/phaseone/2025-06-07/cloudbed/trace-parquet/trace_jaeger-span_2025-06-07_04-00-00.parquet
/root/shared-nvme/data_set/2025_CCF_aiops-live-benchmark/phaseone/2025-06-07/cloudbed/trace-parquet/trace_jaeger-span_2025-06-07_05-00-00.parquet
/root/shared-nvme/data_set/2025_CCF_aiops-live-benchmark/phaseone/2025-06-07/cloudbed/trace-parquet/trace_jaeger-span_2025-06-07_06-00-00.parquet
/root/shared-nvme/data_set/2025_CCF_aiops-live-benchmark/phaseone/2025-06-07/cloudbed/trace-parquet/trace_jaeger-span_2025-06-07_07-00-00.parquet
/root/shared-nvme/data_set/2025_CCF_aiops-live-benchmark/phaseone/2025-06-07/cloudbed/trace-parquet/trace_jaeger-span_2025-06-07_08-00-00.parquet
/root/shared-nvme/data_set/2025_CCF_aiops-live-benchmark/phaseone/2025-06-07/cloudbed/trace-parquet/trace_jaeger-span_2025-06-07_09-00-00.parquet
/root/shared-nvme/data_set/2025_CCF_aiops-live-benchmark/phaseone/2025-06-07/cloudbed/trace-parquet/trace_jaeger-span_2025-06-07_10-00-00.parquet
/root/shared-nvme/data_set/2025_CCF_aiops-live-benchmark/phaseone/2025-06-07/cloudbed/trace-parquet/trace_jaeger-span_2025-06-07_11-00-00.parquet
/root/shared-nvme/data_set/2025_CCF_aiops-live-benchmark/phaseone/2025-06-07/cloudbed/trace-parquet/trace_jaeger-span_2025-06-07_12-00-00.parquet
/root/shared-nvme/data_set/2025_CCF_aiops-live-benchmark/phaseone/2025-06-07/cloudbed/trace-parquet/trace_jaeger-span_2025-06-07_13-00-00.parquet
/root/shared-nvme/data_set/2025_CCF_aiops-live-benchmark/phaseone/2025-06-07/cloudbed/trace-parquet/trace_jaeger-span_2025-06-07_14-00-00.parquet
/root/shared-nvme/data_set/2025_CCF_aiops-live-benchmark/phaseone/2025-06-07/cloudbed/trace-parquet/trace_jaeger-span_2025-06-07_15-00-00.parquet
/root/shared-nvme/data_set/2025_CCF_aiops-live-benchmark/phaseone/2025-06-07/cloudbed/trace-parquet/trace_jaeger-span_2025-06-07_16-00-00.parquet
/root/shared-nvme/data_set/2025_CCF_aiops-live-benchmark/phaseone/2025-06-07/cloudbed/trace-parquet/trace_jaeger-span_2025-06-07_17-00-00.parquet
/root/shared-nvme/data_set/2025_CCF_aiops-live-benchmark/phaseone/2025-06-07/cloudbed/trace-parquet/trace_jaeger-span_2025-06-07_18-00-00.parquet
/root/shared-nvme/data_set/2025_CCF_aiops-live-benchmark/phaseone/2025-06-07/cloudbed/trace-parquet/trace_jaeger-span_2025-06-07_19-00-00.parquet
/root/shared-nvme/data_set/2025_CCF_aiops-live-benchmark/phaseone/2025-06-07/cloudbed/trace-parquet/trace_jaeger-span_2025-06-07_20-00-00.parquet
/root/shared-nvme/data_set/2025_CCF_aiops-live-benchmark/phaseone/2025-06-07/cloudbed/trace-parquet/trace_jaeger-span_2025-06-07_21-00-00.parquet
/root/shared-nvme/data_set/2025_CCF_aiops-live-benchmark/phaseone/2025-06-07/cloudbed/trace-parquet/trace_jaeger-span_2025-06-07_22-00-00.parquet
/root/shared-nvme/data_set/2025_CCF_aiops-live-benchmark/phaseone/2025-06-07/cloudbed/trace-parquet/trace_jaeger-span_2025-06-07_23-00-00.parquet
/root/shared-nvme/data_set/2025_CCF_aiops-live-benchmark/phaseone/2025-06-08/cloudbed/trace-parquet/trace_jaeger-span_2025-06-08_00-00-00.parquet
/root/shared-nvme/data_set/2025_CCF_aiops-live-benchmark/phaseone/2025-06-08/cloudbed/trace-parquet/trace_jaeger-span_2025-06-08_01-00-00.parquet
/root/shared-nvme/data_set/2025_CCF_aiops-live-benchmark/phaseone/2025-06-08/cloudbed/trace-parquet/trace_jaeger-span_2025-06-08_02-00-00.parquet
/root/shared-nvme/data_set/2025_CCF_aiops-live-benchmark/phaseone/2025-06-08/cloudbed/trace-parquet/trace_jaeger-span_2025-06-08_03-00-00.parquet
/root/shared-nvme/data_set/2025_CCF_aiops-live-benchmark/phaseone/2025-06-08/cloudbed/trace-parquet/trace_jaeger-span_2025-06-08_04-00-00.parquet
/root/shared-nvme/data_set/2025_CCF_aiops-live-benchmark/phaseone/2025-06-08/cloudbed/trace-parquet/trace_jaeger-span_2025-06-08_05-00-00.parquet
/root/shared-nvme/data_set/2025_CCF_aiops-live-benchmark/phaseone/2025-06-08/cloudbed/trace-parquet/trace_jaeger-span_2025-06-08_06-00-00.parquet
/root/shared-nvme/data_set/2025_CCF_aiops-live-benchmark/phaseone/2025-06-08/cloudbed/trace-parquet/trace_jaeger-span_2025-06-08_07-00-00.parquet
/root/shared-nvme/data_set/2025_CCF_aiops-live-benchmark/phaseone/2025-06-08/cloudbed/trace-parquet/trace_jaeger-span_2025-06-08_08-00-00.parquet
/root/shared-nvme/data_set/2025_CCF_aiops-live-benchmark/phaseone/2025-06-08/cloudbed/trace-parquet/trace_jaeger-span_2025-06-08_09-00-00.parquet
/root/shared-nvme/data_set/2025_CCF_aiops-live-benchmark/phaseone/2025-06-08/cloudbed/trace-parquet/trace_jaeger-span_2025-06-08_10-00-00.parquet
/root/shared-nvme/data_set/2025_CCF_aiops-live-benchmark/phaseone/2025-06-08/cloudbed/trace-parquet/trace_jaeger-span_2025-06-08_11-00-00.parquet
/root/shared-nvme/data_set/2025_CCF_aiops-live-benchmark/phaseone/2025-06-08/cloudbed/trace-parquet/trace_jaeger-span_2025-06-08_12-00-00.parquet
/root/shared-nvme/data_set/2025_CCF_aiops-live-benchmark/phaseone/2025-06-08/cloudbed/trace-parquet/trace_jaeger-span_2025-06-08_13-00-00.parquet
/root/shared-nvme/data_set/2025_CCF_aiops-live-benchmark/phaseone/2025-06-08/cloudbed/trace-parquet/trace_jaeger-span_2025-06-08_14-00-00.parquet
/root/shared-nvme/data_set/2025_CCF_aiops-live-benchmark/phaseone/2025-06-08/cloudbed/trace-parquet/trace_jaeger-span_2025-06-08_15-00-00.parquet
/root/shared-nvme/data_set/2025_CCF_aiops-live-benchmark/phaseone/2025-06-08/cloudbed/trace-parquet/trace_jaeger-span_2025-06-08_16-00-00.parquet
/root/shared-nvme/data_set/2025_CCF_aiops-live-benchmark/phaseone/2025-06-08/cloudbed/trace-parquet/trace_jaeger-span_2025-06-08_17-00-00.parquet
/root/shared-nvme/data_set/2025_CCF_aiops-live-benchmark/phaseone/2025-06-08/cloudbed/trace-parquet/trace_jaeger-span_2025-06-08_18-00-00.parquet
/root/shared-nvme/data_set/2025_CCF_aiops-live-benchmark/phaseone/2025-06-08/cloudbed/trace-parquet/trace_jaeger-span_2025-06-08_19-00-00.parquet
/root/shared-nvme/data_set/2025_CCF_aiops-live-benchmark/phaseone/2025-06-08/cloudbed/trace-parquet/trace_jaeger-span_2025-06-08_20-00-00.parquet
/root/shared-nvme/data_set/2025_CCF_aiops-live-benchmark/phaseone/2025-06-09/cloudbed/trace-parquet/trace_jaeger-span_2025-06-09_06-00-00.parquet
/root/shared-nvme/data_set/2025_CCF_aiops-live-benchmark/phaseone/2025-06-09/cloudbed/trace-parquet/trace_jaeger-span_2025-06-09_07-00-00.parquet
/root/shared-nvme/data_set/2025_CCF_aiops-live-benchmark/phaseone/2025-06-09/cloudbed/trace-parquet/trace_jaeger-span_2025-06-09_08-00-00.parquet
/root/shared-nvme/data_set/2025_CCF_aiops-live-benchmark/phaseone/2025-06-09/cloudbed/trace-parquet/trace_jaeger-span_2025-06-09_09-00-00.parquet
/root/shared-nvme/data_set/2025_CCF_aiops-live-benchmark/phaseone/2025-06-09/cloudbed/trace-parquet/trace_jaeger-span_2025-06-09_10-00-00.parquet
/root/shared-nvme/data_set/2025_CCF_aiops-live-benchmark/phaseone/2025-06-09/cloudbed/trace-parquet/trace_jaeger-span_2025-06-09_11-00-00.parquet
/root/shared-nvme/data_set/2025_CCF_aiops-live-benchmark/phaseone/2025-06-09/cloudbed/trace-parquet/trace_jaeger-span_2025-06-09_12-00-00.parquet
/root/shared-nvme/data_set/2025_CCF_aiops-live-benchmark/phaseone/2025-06-09/cloudbed/trace-parquet/trace_jaeger-span_2025-06-09_13-00-00.parquet
/root/shared-nvme/data_set/2025_CCF_aiops-live-benchmark/phaseone/2025-06-09/cloudbed/trace-parquet/trace_jaeger-span_2025-06-09_14-00-00.parquet
/root/shared-nvme/data_set/2025_CCF_aiops-live-benchmark/phaseone/2025-06-09/cloudbed/trace-parquet/trace_jaeger-span_2025-06-09_15-00-00.parquet
/root/shared-nvme/data_set/2025_CCF_aiops-live-benchmark/phaseone/2025-06-09/cloudbed/trace-parquet/trace_jaeger-span_2025-06-09_16-00-00.parquet
/root/shared-nvme/data_set/2025_CCF_aiops-live-benchmark/phaseone/2025-06-09/cloudbed/trace-parquet/trace_jaeger-span_2025-06-09_17-00-00.parquet
/root/shared-nvme/data_set/2025_CCF_aiops-live-benchmark/phaseone/2025-06-09/cloudbed/trace-parquet/trace_jaeger-span_2025-06-09_18-00-00.parquet
/root/shared-nvme/data_set/2025_CCF_aiops-live-benchmark/phaseone/2025-06-10/cloudbed/trace-parquet/trace_jaeger-span_2025-06-10_05-00-00.parquet
/root/shared-nvme/data_set/2025_CCF_aiops-live-benchmark/phaseone/2025-06-10/cloudbed/trace-parquet/trace_jaeger-span_2025-06-10_06-00-00.parquet
/root/shared-nvme/data_set/2025_CCF_aiops-live-benchmark/phaseone/2025-06-10/cloudbed/trace-parquet/trace_jaeger-span_2025-06-10_07-00-00.parquet
/root/shared-nvme/data_set/2025_CCF_aiops-live-benchmark/phaseone/2025-06-10/cloudbed/trace-parquet/trace_jaeger-span_2025-06-10_08-00-00.parquet
/root/shared-nvme/data_set/2025_CCF_aiops-live-benchmark/phaseone/2025-06-10/cloudbed/trace-parquet/trace_jaeger-span_2025-06-10_09-00-00.parquet
/root/shared-nvme/data_set/2025_CCF_aiops-live-benchmark/phaseone/2025-06-10/cloudbed/trace-parquet/trace_jaeger-span_2025-06-10_10-00-00.parquet
/root/shared-nvme/data_set/2025_CCF_aiops-live-benchmark/phaseone/2025-06-10/cloudbed/trace-parquet/trace_jaeger-span_2025-06-10_11-00-00.parquet
/root/shared-nvme/data_set/2025_CCF_aiops-live-benchmark/phaseone/2025-06-10/cloudbed/trace-parquet/trace_jaeger-span_2025-06-10_12-00-00.parquet
/root/shared-nvme/data_set/2025_CCF_aiops-live-benchmark/phaseone/2025-06-10/cloudbed/trace-parquet/trace_jaeger-span_2025-06-10_13-00-00.parquet
/root/shared-nvme/data_set/2025_CCF_aiops-live-benchmark/phaseone/2025-06-10/cloudbed/trace-parquet/trace_jaeger-span_2025-06-10_14-00-00.parquet
/root/shared-nvme/data_set/2025_CCF_aiops-live-benchmark/phaseone/2025-06-10/cloudbed/trace-parquet/trace_jaeger-span_2025-06-10_15-00-00.parquet
/root/shared-nvme/data_set/2025_CCF_aiops-live-benchmark/phaseone/2025-06-10/cloudbed/trace-parquet/trace_jaeger-span_2025-06-10_16-00-00.parquet
/root/shared-nvme/data_set/2025_CCF_aiops-live-benchmark/phaseone/2025-06-10/cloudbed/trace-parquet/trace_jaeger-span_2025-06-10_17-00-00.parquet
/root/shared-nvme/data_set/2025_CCF_aiops-live-benchmark/phaseone/2025-06-10/cloudbed/trace-parquet/trace_jaeger-span_2025-06-10_18-00-00.parquet
/root/shared-nvme/data_set/2025_CCF_aiops-live-benchmark/phaseone/2025-06-10/cloudbed/trace-parquet/trace_jaeger-span_2025-06-10_19-00-00.parquet
/root/shared-nvme/data_set/2025_CCF_aiops-live-benchmark/phaseone/2025-06-10/cloudbed/trace-parquet/trace_jaeger-span_2025-06-10_20-00-00.parquet
/root/shared-nvme/data_set/2025_CCF_aiops-live-benchmark/phaseone/2025-06-10/cloudbed/trace-parquet/trace_jaeger-span_2025-06-10_21-00-00.parquet
/root/shared-nvme/data_set/2025_CCF_aiops-live-benchmark/phaseone/2025-06-10/cloudbed/trace-parquet/trace_jaeger-span_2025-06-10_22-00-00.parquet
/root/shared-nvme/data_set/2025_CCF_aiops-live-benchmark/phaseone/2025-06-10/cloudbed/trace-parquet/trace_jaeger-span_2025-06-10_23-00-00.parquet
/root/shared-nvme/data_set/2025_CCF_aiops-live-benchmark/phaseone/2025-06-11/cloudbed/trace-parquet/trace_jaeger-span_2025-06-11_00-00-00.parquet
/root/shared-nvme/data_set/2025_CCF_aiops-live-benchmark/phaseone/2025-06-11/cloudbed/trace-parquet/trace_jaeger-span_2025-06-11_01-00-00.parquet
/root/shared-nvme/data_set/2025_CCF_aiops-live-benchmark/phaseone/2025-06-11/cloudbed/trace-parquet/trace_jaeger-span_2025-06-11_02-00-00.parquet
/root/shared-nvme/data_set/2025_CCF_aiops-live-benchmark/phaseone/2025-06-11/cloudbed/trace-parquet/trace_jaeger-span_2025-06-11_03-00-00.parquet
/root/shared-nvme/data_set/2025_CCF_aiops-live-benchmark/phaseone/2025-06-11/cloudbed/trace-parquet/trace_jaeger-span_2025-06-11_04-00-00.parquet
/root/shared-nvme/data_set/2025_CCF_aiops-live-benchmark/phaseone/2025-06-11/cloudbed/trace-parquet/trace_jaeger-span_2025-06-11_05-00-00.parquet
/root/shared-nvme/data_set/2025_CCF_aiops-live-benchmark/phaseone/2025-06-11/cloudbed/trace-parquet/trace_jaeger-span_2025-06-11_06-00-00.parquet
/root/shared-nvme/data_set/2025_CCF_aiops-live-benchmark/phaseone/2025-06-11/cloudbed/trace-parquet/trace_jaeger-span_2025-06-11_07-00-00.parquet
/root/shared-nvme/data_set/2025_CCF_aiops-live-benchmark/phaseone/2025-06-11/cloudbed/trace-parquet/trace_jaeger-span_2025-06-11_08-00-00.parquet
/root/shared-nvme/data_set/2025_CCF_aiops-live-benchmark/phaseone/2025-06-11/cloudbed/trace-parquet/trace_jaeger-span_2025-06-11_09-00-00.parquet
/root/shared-nvme/data_set/2025_CCF_aiops-live-benchmark/phaseone/2025-06-11/cloudbed/trace-parquet/trace_jaeger-span_2025-06-11_10-00-00.parquet
/root/shared-nvme/data_set/2025_CCF_aiops-live-benchmark/phaseone/2025-06-11/cloudbed/trace-parquet/trace_jaeger-span_2025-06-11_11-00-00.parquet
/root/shared-nvme/data_set/2025_CCF_aiops-live-benchmark/phaseone/2025-06-11/cloudbed/trace-parquet/trace_jaeger-span_2025-06-11_12-00-00.parquet
/root/shared-nvme/data_set/2025_CCF_aiops-live-benchmark/phaseone/2025-06-11/cloudbed/trace-parquet/trace_jaeger-span_2025-06-11_13-00-00.parquet
/root/shared-nvme/data_set/2025_CCF_aiops-live-benchmark/phaseone/2025-06-11/cloudbed/trace-parquet/trace_jaeger-span_2025-06-11_14-00-00.parquet
/root/shared-nvme/data_set/2025_CCF_aiops-live-benchmark/phaseone/2025-06-11/cloudbed/trace-parquet/trace_jaeger-span_2025-06-11_15-00-00.parquet
/root/shared-nvme/data_set/2025_CCF_aiops-live-benchmark/phaseone/2025-06-11/cloudbed/trace-parquet/trace_jaeger-span_2025-06-11_16-00-00.parquet
/root/shared-nvme/data_set/2025_CCF_aiops-live-benchmark/phaseone/2025-06-11/cloudbed/trace-parquet/trace_jaeger-span_2025-06-11_17-00-00.parquet
/root/shared-nvme/data_set/2025_CCF_aiops-live-benchmark/phaseone/2025-06-11/cloudbed/trace-parquet/trace_jaeger-span_2025-06-11_18-00-00.parquet
/root/shared-nvme/data_set/2025_CCF_aiops-live-benchmark/phaseone/2025-06-11/cloudbed/trace-parquet/trace_jaeger-span_2025-06-11_19-00-00.parquet
/root/shared-nvme/data_set/2025_CCF_aiops-live-benchmark/phaseone/2025-06-11/cloudbed/trace-parquet/trace_jaeger-span_2025-06-11_20-00-00.parquet
/root/shared-nvme/data_set/2025_CCF_aiops-live-benchmark/phaseone/2025-06-11/cloudbed/trace-parquet/trace_jaeger-span_2025-06-11_21-00-00.parquet
/root/shared-nvme/data_set/2025_CCF_aiops-live-benchmark/phaseone/2025-06-11/cloudbed/trace-parquet/trace_jaeger-span_2025-06-11_22-00-00.parquet
/root/shared-nvme/data_set/2025_CCF_aiops-live-benchmark/phaseone/2025-06-11/cloudbed/trace-parquet/trace_jaeger-span_2025-06-11_23-00-00.parquet
/root/shared-nvme/data_set/2025_CCF_aiops-live-benchmark/phaseone/2025-06-12/cloudbed/trace-parquet/trace_jaeger-span_2025-06-12_00-00-00.parquet
/root/shared-nvme/data_set/2025_CCF_aiops-live-benchmark/phaseone/2025-06-12/cloudbed/trace-parquet/trace_jaeger-span_2025-06-12_01-00-00.parquet
/root/shared-nvme/data_set/2025_CCF_aiops-live-benchmark/phaseone/2025-06-12/cloudbed/trace-parquet/trace_jaeger-span_2025-06-12_02-00-00.parquet
/root/shared-nvme/data_set/2025_CCF_aiops-live-benchmark/phaseone/2025-06-12/cloudbed/trace-parquet/trace_jaeger-span_2025-06-12_03-00-00.parquet
/root/shared-nvme/data_set/2025_CCF_aiops-live-benchmark/phaseone/2025-06-12/cloudbed/trace-parquet/trace_jaeger-span_2025-06-12_04-00-00.parquet
/root/shared-nvme/data_set/2025_CCF_aiops-live-benchmark/phaseone/2025-06-12/cloudbed/trace-parquet/trace_jaeger-span_2025-06-12_05-00-00.parquet
/root/shared-nvme/data_set/2025_CCF_aiops-live-benchmark/phaseone/2025-06-12/cloudbed/trace-parquet/trace_jaeger-span_2025-06-12_06-00-00.parquet
/root/shared-nvme/data_set/2025_CCF_aiops-live-benchmark/phaseone/2025-06-12/cloudbed/trace-parquet/trace_jaeger-span_2025-06-12_07-00-00.parquet
/root/shared-nvme/data_set/2025_CCF_aiops-live-benchmark/phaseone/2025-06-12/cloudbed/trace-parquet/trace_jaeger-span_2025-06-12_08-00-00.parquet
/root/shared-nvme/data_set/2025_CCF_aiops-live-benchmark/phaseone/2025-06-12/cloudbed/trace-parquet/trace_jaeger-span_2025-06-12_09-00-00.parquet
/root/shared-nvme/data_set/2025_CCF_aiops-live-benchmark/phaseone/2025-06-12/cloudbed/trace-parquet/trace_jaeger-span_2025-06-12_10-00-00.parquet
/root/shared-nvme/data_set/2025_CCF_aiops-live-benchmark/phaseone/2025-06-12/cloudbed/trace-parquet/trace_jaeger-span_2025-06-12_11-00-00.parquet
/root/shared-nvme/data_set/2025_CCF_aiops-live-benchmark/phaseone/2025-06-12/cloudbed/trace-parquet/trace_jaeger-span_2025-06-12_12-00-00.parquet
/root/shared-nvme/data_set/2025_CCF_aiops-live-benchmark/phaseone/2025-06-12/cloudbed/trace-parquet/trace_jaeger-span_2025-06-12_13-00-00.parquet
/root/shared-nvme/data_set/2025_CCF_aiops-live-benchmark/phaseone/2025-06-12/cloudbed/trace-parquet/trace_jaeger-span_2025-06-12_14-00-00.parquet
/root/shared-nvme/data_set/2025_CCF_aiops-live-benchmark/phaseone/2025-06-12/cloudbed/trace-parquet/trace_jaeger-span_2025-06-12_15-00-00.parquet
/root/shared-nvme/data_set/2025_CCF_aiops-live-benchmark/phaseone/2025-06-12/cloudbed/trace-parquet/trace_jaeger-span_2025-06-12_16-00-00.parquet
/root/shared-nvme/data_set/2025_CCF_aiops-live-benchmark/phaseone/2025-06-12/cloudbed/trace-parquet/trace_jaeger-span_2025-06-12_17-00-00.parquet
/root/shared-nvme/data_set/2025_CCF_aiops-live-benchmark/phaseone/2025-06-12/cloudbed/trace-parquet/trace_jaeger-span_2025-06-12_18-00-00.parquet
/root/shared-nvme/data_set/2025_CCF_aiops-live-benchmark/phaseone/2025-06-12/cloudbed/trace-parquet/trace_jaeger-span_2025-06-12_19-00-00.parquet
/root/shared-nvme/data_set/2025_CCF_aiops-live-benchmark/phaseone/2025-06-13/cloudbed/trace-parquet/trace_jaeger-span_2025-06-13_01-00-00.parquet
/root/shared-nvme/data_set/2025_CCF_aiops-live-benchmark/phaseone/2025-06-13/cloudbed/trace-parquet/trace_jaeger-span_2025-06-13_02-00-00.parquet
/root/shared-nvme/data_set/2025_CCF_aiops-live-benchmark/phaseone/2025-06-13/cloudbed/trace-parquet/trace_jaeger-span_2025-06-13_03-00-00.parquet
/root/shared-nvme/data_set/2025_CCF_aiops-live-benchmark/phaseone/2025-06-13/cloudbed/trace-parquet/trace_jaeger-span_2025-06-13_04-00-00.parquet
/root/shared-nvme/data_set/2025_CCF_aiops-live-benchmark/phaseone/2025-06-13/cloudbed/trace-parquet/trace_jaeger-span_2025-06-13_05-00-00.parquet
/root/shared-nvme/data_set/2025_CCF_aiops-live-benchmark/phaseone/2025-06-13/cloudbed/trace-parquet/trace_jaeger-span_2025-06-13_06-00-00.parquet
/root/shared-nvme/data_set/2025_CCF_aiops-live-benchmark/phaseone/2025-06-13/cloudbed/trace-parquet/trace_jaeger-span_2025-06-13_07-00-00.parquet
/root/shared-nvme/data_set/2025_CCF_aiops-live-benchmark/phaseone/2025-06-13/cloudbed/trace-parquet/trace_jaeger-span_2025-06-13_08-00-00.parquet
/root/shared-nvme/data_set/2025_CCF_aiops-live-benchmark/phaseone/2025-06-13/cloudbed/trace-parquet/trace_jaeger-span_2025-06-13_09-00-00.parquet
/root/shared-nvme/data_set/2025_CCF_aiops-live-benchmark/phaseone/2025-06-13/cloudbed/trace-parquet/trace_jaeger-span_2025-06-13_10-00-00.parquet
/root/shared-nvme/data_set/2025_CCF_aiops-live-benchmark/phaseone/2025-06-13/cloudbed/trace-parquet/trace_jaeger-span_2025-06-13_11-00-00.parquet
/root/shared-nvme/data_set/2025_CCF_aiops-live-benchmark/phaseone/2025-06-13/cloudbed/trace-parquet/trace_jaeger-span_2025-06-13_12-00-00.parquet
/root/shared-nvme/data_set/2025_CCF_aiops-live-benchmark/phaseone/2025-06-13/cloudbed/trace-parquet/trace_jaeger-span_2025-06-13_13-00-00.parquet
/root/shared-nvme/data_set/2025_CCF_aiops-live-benchmark/phaseone/2025-06-13/cloudbed/trace-parquet/trace_jaeger-span_2025-06-13_14-00-00.parquet
/root/shared-nvme/data_set/2025_CCF_aiops-live-benchmark/phaseone/2025-06-13/cloudbed/trace-parquet/trace_jaeger-span_2025-06-13_15-00-00.parquet
/root/shared-nvme/data_set/2025_CCF_aiops-live-benchmark/phaseone/2025-06-13/cloudbed/trace-parquet/trace_jaeger-span_2025-06-13_16-00-00.parquet
/root/shared-nvme/data_set/2025_CCF_aiops-live-benchmark/phaseone/2025-06-13/cloudbed/trace-parquet/trace_jaeger-span_2025-06-13_17-00-00.parquet
/root/shared-nvme/data_set/2025_CCF_aiops-live-benchmark/phaseone/2025-06-13/cloudbed/trace-parquet/trace_jaeger-span_2025-06-13_18-00-00.parquet
/root/shared-nvme/data_set/2025_CCF_aiops-live-benchmark/phaseone/2025-06-13/cloudbed/trace-parquet/trace_jaeger-span_2025-06-13_19-00-00.parquet
/root/shared-nvme/data_set/2025_CCF_aiops-live-benchmark/phaseone/2025-06-14/cloudbed/trace-parquet/trace_jaeger-span_2025-06-14_01-00-00.parquet
/root/shared-nvme/data_set/2025_CCF_aiops-live-benchmark/phaseone/2025-06-14/cloudbed/trace-parquet/trace_jaeger-span_2025-06-14_02-00-00.parquet
/root/shared-nvme/data_set/2025_CCF_aiops-live-benchmark/phaseone/2025-06-14/cloudbed/trace-parquet/trace_jaeger-span_2025-06-14_03-00-00.parquet
/root/shared-nvme/data_set/2025_CCF_aiops-live-benchmark/phaseone/2025-06-14/cloudbed/trace-parquet/trace_jaeger-span_2025-06-14_04-00-00.parquet
/root/shared-nvme/data_set/2025_CCF_aiops-live-benchmark/phaseone/2025-06-14/cloudbed/trace-parquet/trace_jaeger-span_2025-06-14_05-00-00.parquet
/root/shared-nvme/data_set/2025_CCF_aiops-live-benchmark/phaseone/2025-06-14/cloudbed/trace-parquet/trace_jaeger-span_2025-06-14_06-00-00.parquet
/root/shared-nvme/data_set/2025_CCF_aiops-live-benchmark/phaseone/2025-06-14/cloudbed/trace-parquet/trace_jaeger-span_2025-06-14_07-00-00.parquet
/root/shared-nvme/data_set/2025_CCF_aiops-live-benchmark/phaseone/2025-06-14/cloudbed/trace-parquet/trace_jaeger-span_2025-06-14_08-00-00.parquet
/root/shared-nvme/data_set/2025_CCF_aiops-live-benchmark/phaseone/2025-06-14/cloudbed/trace-parquet/trace_jaeger-span_2025-06-14_09-00-00.parquet
/root/shared-nvme/data_set/2025_CCF_aiops-live-benchmark/phaseone/2025-06-14/cloudbed/trace-parquet/trace_jaeger-span_2025-06-14_10-00-00.parquet
/root/shared-nvme/data_set/2025_CCF_aiops-live-benchmark/phaseone/2025-06-14/cloudbed/trace-parquet/trace_jaeger-span_2025-06-14_11-00-00.parquet
/root/shared-nvme/data_set/2025_CCF_aiops-live-benchmark/phaseone/2025-06-14/cloudbed/trace-parquet/trace_jaeger-span_2025-06-14_12-00-00.parquet
/root/shared-nvme/data_set/2025_CCF_aiops-live-benchmark/phaseone/2025-06-14/cloudbed/trace-parquet/trace_jaeger-span_2025-06-14_13-00-00.parquet
/root/shared-nvme/data_set/2025_CCF_aiops-live-benchmark/phaseone/2025-06-14/cloudbed/trace-parquet/trace_jaeger-span_2025-06-14_14-00-00.parquet
/root/shared-nvme/data_set/2025_CCF_aiops-live-benchmark/phaseone/2025-06-14/cloudbed/trace-parquet/trace_jaeger-span_2025-06-14_15-00-00.parquet
/root/shared-nvme/data_set/2025_CCF_aiops-live-benchmark/phaseone/2025-06-14/cloudbed/trace-parquet/trace_jaeger-span_2025-06-14_16-00-00.parquet
/root/shared-nvme/data_set/2025_CCF_aiops-live-benchmark/phaseone/2025-06-14/cloudbed/trace-parquet/trace_jaeger-span_2025-06-14_17-00-00.parquet
/root/shared-nvme/data_set/2025_CCF_aiops-live-benchmark/phaseone/2025-06-14/cloudbed/trace-parquet/trace_jaeger-span_2025-06-14_18-00-00.parquet
/root/shared-nvme/data_set/2025_CCF_aiops-live-benchmark/phaseone/2025-06-14/cloudbed/trace-parquet/trace_jaeger-span_2025-06-14_19-00-00.parquet
/root/shared-nvme/data_set/2025_CCF_aiops-live-benchmark/phaseone/2025-06-14/cloudbed/trace-parquet/trace_jaeger-span_2025-06-14_20-00-00.parquet
/root/shared-nvme/data_set/2025_CCF_aiops-live-benchmark/phaseone/2025-06-14/cloudbed/trace-parquet/trace_jaeger-span_2025-06-14_21-00-00.parquet
/root/shared-nvme/data_set/2025_CCF_aiops-live-benchmark/phaseone/2025-06-14/cloudbed/trace-parquet/trace_jaeger-span_2025-06-14_22-00-00.parquet




# 改为全部使用北京时区

nohup: ignoring input
2025-09-21 20:03:10,332 - INFO - Preprocessing traces: dataset_type: train_valid, date: 2025-06-06, cloudbed: cloudbed,path: /root/shared-nvme/data_set/2025_CCF_aiops-live-benchmark/phaseone/2025-06-06/cloudbed/trace-parquet/trace_jaeger-span_2025-06-06_00-00-00.parquet.
2025-09-21 20:03:50,135 - INFO - Preprocessing traces: dataset_type: train_valid, date: 2025-06-06, cloudbed: cloudbed,path: /root/shared-nvme/data_set/2025_CCF_aiops-live-benchmark/phaseone/2025-06-06/cloudbed/trace-parquet/trace_jaeger-span_2025-06-06_01-00-00.parquet.
2025-09-21 20:04:24,947 - INFO - Preprocessing traces: dataset_type: train_valid, date: 2025-06-06, cloudbed: cloudbed,path: /root/shared-nvme/data_set/2025_CCF_aiops-live-benchmark/phaseone/2025-06-06/cloudbed/trace-parquet/trace_jaeger-span_2025-06-06_02-00-00.parquet.
2025-09-21 20:04:50,288 - INFO - Preprocessing traces: dataset_type: train_valid, date: 2025-06-06, cloudbed: cloudbed,path: /root/shared-nvme/data_set/2025_CCF_aiops-live-benchmark/phaseone/2025-06-06/cloudbed/trace-parquet/trace_jaeger-span_2025-06-06_03-00-00.parquet.
2025-09-21 20:05:28,956 - INFO - Preprocessing traces: dataset_type: train_valid, date: 2025-06-06, cloudbed: cloudbed,path: /root/shared-nvme/data_set/2025_CCF_aiops-live-benchmark/phaseone/2025-06-06/cloudbed/trace-parquet/trace_jaeger-span_2025-06-06_04-00-00.parquet.
2025-09-21 20:06:03,279 - INFO - Preprocessing traces: dataset_type: train_valid, date: 2025-06-06, cloudbed: cloudbed,path: /root/shared-nvme/data_set/2025_CCF_aiops-live-benchmark/phaseone/2025-06-06/cloudbed/trace-parquet/trace_jaeger-span_2025-06-06_05-00-00.parquet.
2025-09-21 20:06:36,633 - INFO - Preprocessing traces: dataset_type: train_valid, date: 2025-06-06, cloudbed: cloudbed,path: /root/shared-nvme/data_set/2025_CCF_aiops-live-benchmark/phaseone/2025-06-06/cloudbed/trace-parquet/trace_jaeger-span_2025-06-06_06-00-00.parquet.
2025-09-21 20:07:14,686 - INFO - Preprocessing traces: dataset_type: train_valid, date: 2025-06-06, cloudbed: cloudbed,path: /root/shared-nvme/data_set/2025_CCF_aiops-live-benchmark/phaseone/2025-06-06/cloudbed/trace-parquet/trace_jaeger-span_2025-06-06_07-00-00.parquet.
2025-09-21 20:07:52,883 - INFO - Preprocessing traces: dataset_type: train_valid, date: 2025-06-06, cloudbed: cloudbed,path: /root/shared-nvme/data_set/2025_CCF_aiops-live-benchmark/phaseone/2025-06-06/cloudbed/trace-parquet/trace_jaeger-span_2025-06-06_08-00-00.parquet.
2025-09-21 20:08:31,413 - INFO - Preprocessing traces: dataset_type: train_valid, date: 2025-06-06, cloudbed: cloudbed,path: /root/shared-nvme/data_set/2025_CCF_aiops-live-benchmark/phaseone/2025-06-06/cloudbed/trace-parquet/trace_jaeger-span_2025-06-06_09-00-00.parquet.
2025-09-21 20:09:22,348 - INFO - Preprocessing traces: dataset_type: train_valid, date: 2025-06-06, cloudbed: cloudbed,path: /root/shared-nvme/data_set/2025_CCF_aiops-live-benchmark/phaseone/2025-06-06/cloudbed/trace-parquet/trace_jaeger-span_2025-06-06_10-00-00.parquet.
2025-09-21 20:10:53,565 - INFO - Preprocessing traces: dataset_type: train_valid, date: 2025-06-06, cloudbed: cloudbed,path: /root/shared-nvme/data_set/2025_CCF_aiops-live-benchmark/phaseone/2025-06-06/cloudbed/trace-parquet/trace_jaeger-span_2025-06-06_11-00-00.parquet.
2025-09-21 20:12:49,121 - INFO - Preprocessing traces: dataset_type: train_valid, date: 2025-06-06, cloudbed: cloudbed,path: /root/shared-nvme/data_set/2025_CCF_aiops-live-benchmark/phaseone/2025-06-06/cloudbed/trace-parquet/trace_jaeger-span_2025-06-06_12-00-00.parquet.
2025-09-21 20:14:17,613 - INFO - Preprocessing traces: dataset_type: train_valid, date: 2025-06-06, cloudbed: cloudbed,path: /root/shared-nvme/data_set/2025_CCF_aiops-live-benchmark/phaseone/2025-06-06/cloudbed/trace-parquet/trace_jaeger-span_2025-06-06_13-00-00.parquet.
2025-09-21 20:16:13,334 - INFO - Preprocessing traces: dataset_type: train_valid, date: 2025-06-06, cloudbed: cloudbed,path: /root/shared-nvme/data_set/2025_CCF_aiops-live-benchmark/phaseone/2025-06-06/cloudbed/trace-parquet/trace_jaeger-span_2025-06-06_14-00-00.parquet.
2025-09-21 20:18:06,689 - INFO - Preprocessing traces: dataset_type: train_valid, date: 2025-06-06, cloudbed: cloudbed,path: /root/shared-nvme/data_set/2025_CCF_aiops-live-benchmark/phaseone/2025-06-06/cloudbed/trace-parquet/trace_jaeger-span_2025-06-06_15-00-00.parquet.
2025-09-21 20:19:41,275 - INFO - Preprocessing traces: dataset_type: train_valid, date: 2025-06-06, cloudbed: cloudbed,path: /root/shared-nvme/data_set/2025_CCF_aiops-live-benchmark/phaseone/2025-06-06/cloudbed/trace-parquet/trace_jaeger-span_2025-06-06_16-00-00.parquet.
2025-09-21 20:21:45,747 - INFO - Preprocessing traces: dataset_type: train_valid, date: 2025-06-06, cloudbed: cloudbed,path: /root/shared-nvme/data_set/2025_CCF_aiops-live-benchmark/phaseone/2025-06-06/cloudbed/trace-parquet/trace_jaeger-span_2025-06-06_17-00-00.parquet.
2025-09-21 20:23:56,734 - INFO - Preprocessing traces: dataset_type: train_valid, date: 2025-06-06, cloudbed: cloudbed,path: /root/shared-nvme/data_set/2025_CCF_aiops-live-benchmark/phaseone/2025-06-06/cloudbed/trace-parquet/trace_jaeger-span_2025-06-06_18-00-00.parquet.
2025-09-21 20:25:58,824 - INFO - Preprocessing traces: dataset_type: train_valid, date: 2025-06-06, cloudbed: cloudbed,path: /root/shared-nvme/data_set/2025_CCF_aiops-live-benchmark/phaseone/2025-06-06/cloudbed/trace-parquet/trace_jaeger-span_2025-06-06_19-00-00.parquet.
2025-09-21 20:28:20,320 - INFO - Preprocessing traces: dataset_type: train_valid, date: 2025-06-06, cloudbed: cloudbed,path: /root/shared-nvme/data_set/2025_CCF_aiops-live-benchmark/phaseone/2025-06-06/cloudbed/trace-parquet/trace_jaeger-span_2025-06-06_20-00-00.parquet.
2025-09-21 20:30:13,905 - INFO - Preprocessing traces: dataset_type: train_valid, date: 2025-06-06, cloudbed: cloudbed,path: /root/shared-nvme/data_set/2025_CCF_aiops-live-benchmark/phaseone/2025-06-06/cloudbed/trace-parquet/trace_jaeger-span_2025-06-06_21-00-00.parquet.
2025-09-21 20:31:03,842 - INFO - Preprocessing traces: dataset_type: train_valid, date: 2025-06-06, cloudbed: cloudbed,path: /root/shared-nvme/data_set/2025_CCF_aiops-live-benchmark/phaseone/2025-06-06/cloudbed/trace-parquet/trace_jaeger-span_2025-06-06_22-00-00.parquet.
2025-09-21 20:31:42,128 - INFO - Preprocessing traces: dataset_type: train_valid, date: 2025-06-06, cloudbed: cloudbed,path: /root/shared-nvme/data_set/2025_CCF_aiops-live-benchmark/phaseone/2025-06-06/cloudbed/trace-parquet/trace_jaeger-span_2025-06-06_23-00-00.parquet.
2025-09-21 20:32:16,150 - INFO - Preprocessing traces: dataset_type: train_valid, date: 2025-06-07, cloudbed: cloudbed,path: /root/shared-nvme/data_set/2025_CCF_aiops-live-benchmark/phaseone/2025-06-07/cloudbed/trace-parquet/trace_jaeger-span_2025-06-07_00-00-00.parquet.
2025-09-21 20:32:44,678 - INFO - Preprocessing traces: dataset_type: train_valid, date: 2025-06-07, cloudbed: cloudbed,path: /root/shared-nvme/data_set/2025_CCF_aiops-live-benchmark/phaseone/2025-06-07/cloudbed/trace-parquet/trace_jaeger-span_2025-06-07_01-00-00.parquet.
2025-09-21 20:33:23,670 - INFO - Preprocessing traces: dataset_type: train_valid, date: 2025-06-07, cloudbed: cloudbed,path: /root/shared-nvme/data_set/2025_CCF_aiops-live-benchmark/phaseone/2025-06-07/cloudbed/trace-parquet/trace_jaeger-span_2025-06-07_02-00-00.parquet.
2025-09-21 20:34:02,101 - INFO - Preprocessing traces: dataset_type: train_valid, date: 2025-06-07, cloudbed: cloudbed,path: /root/shared-nvme/data_set/2025_CCF_aiops-live-benchmark/phaseone/2025-06-07/cloudbed/trace-parquet/trace_jaeger-span_2025-06-07_03-00-00.parquet.
2025-09-21 20:34:40,019 - INFO - Preprocessing traces: dataset_type: train_valid, date: 2025-06-07, cloudbed: cloudbed,path: /root/shared-nvme/data_set/2025_CCF_aiops-live-benchmark/phaseone/2025-06-07/cloudbed/trace-parquet/trace_jaeger-span_2025-06-07_04-00-00.parquet.
2025-09-21 20:35:17,938 - INFO - Preprocessing traces: dataset_type: train_valid, date: 2025-06-07, cloudbed: cloudbed,path: /root/shared-nvme/data_set/2025_CCF_aiops-live-benchmark/phaseone/2025-06-07/cloudbed/trace-parquet/trace_jaeger-span_2025-06-07_05-00-00.parquet.
2025-09-21 20:35:56,019 - INFO - Preprocessing traces: dataset_type: train_valid, date: 2025-06-07, cloudbed: cloudbed,path: /root/shared-nvme/data_set/2025_CCF_aiops-live-benchmark/phaseone/2025-06-07/cloudbed/trace-parquet/trace_jaeger-span_2025-06-07_06-00-00.parquet.
2025-09-21 20:36:35,288 - INFO - Preprocessing traces: dataset_type: train_valid, date: 2025-06-07, cloudbed: cloudbed,path: /root/shared-nvme/data_set/2025_CCF_aiops-live-benchmark/phaseone/2025-06-07/cloudbed/trace-parquet/trace_jaeger-span_2025-06-07_07-00-00.parquet.
2025-09-21 20:36:58,499 - INFO - Preprocessing traces: dataset_type: train_valid, date: 2025-06-07, cloudbed: cloudbed,path: /root/shared-nvme/data_set/2025_CCF_aiops-live-benchmark/phaseone/2025-06-07/cloudbed/trace-parquet/trace_jaeger-span_2025-06-07_08-00-00.parquet.
2025-09-21 20:37:36,123 - INFO - Preprocessing traces: dataset_type: train_valid, date: 2025-06-07, cloudbed: cloudbed,path: /root/shared-nvme/data_set/2025_CCF_aiops-live-benchmark/phaseone/2025-06-07/cloudbed/trace-parquet/trace_jaeger-span_2025-06-07_09-00-00.parquet.
2025-09-21 20:38:28,381 - INFO - Preprocessing traces: dataset_type: train_valid, date: 2025-06-07, cloudbed: cloudbed,path: /root/shared-nvme/data_set/2025_CCF_aiops-live-benchmark/phaseone/2025-06-07/cloudbed/trace-parquet/trace_jaeger-span_2025-06-07_10-00-00.parquet.
2025-09-21 20:39:49,247 - INFO - Preprocessing traces: dataset_type: train_valid, date: 2025-06-07, cloudbed: cloudbed,path: /root/shared-nvme/data_set/2025_CCF_aiops-live-benchmark/phaseone/2025-06-07/cloudbed/trace-parquet/trace_jaeger-span_2025-06-07_11-00-00.parquet.
2025-09-21 20:41:25,880 - INFO - Preprocessing traces: dataset_type: train_valid, date: 2025-06-07, cloudbed: cloudbed,path: /root/shared-nvme/data_set/2025_CCF_aiops-live-benchmark/phaseone/2025-06-07/cloudbed/trace-parquet/trace_jaeger-span_2025-06-07_12-00-00.parquet.
2025-09-21 20:43:23,270 - INFO - Preprocessing traces: dataset_type: train_valid, date: 2025-06-07, cloudbed: cloudbed,path: /root/shared-nvme/data_set/2025_CCF_aiops-live-benchmark/phaseone/2025-06-07/cloudbed/trace-parquet/trace_jaeger-span_2025-06-07_13-00-00.parquet.
2025-09-21 20:44:44,035 - INFO - Preprocessing traces: dataset_type: train_valid, date: 2025-06-07, cloudbed: cloudbed,path: /root/shared-nvme/data_set/2025_CCF_aiops-live-benchmark/phaseone/2025-06-07/cloudbed/trace-parquet/trace_jaeger-span_2025-06-07_14-00-00.parquet.
2025-09-21 20:46:25,947 - INFO - Preprocessing traces: dataset_type: train_valid, date: 2025-06-07, cloudbed: cloudbed,path: /root/shared-nvme/data_set/2025_CCF_aiops-live-benchmark/phaseone/2025-06-07/cloudbed/trace-parquet/trace_jaeger-span_2025-06-07_15-00-00.parquet.
2025-09-21 20:47:40,021 - INFO - Preprocessing traces: dataset_type: train_valid, date: 2025-06-07, cloudbed: cloudbed,path: /root/shared-nvme/data_set/2025_CCF_aiops-live-benchmark/phaseone/2025-06-07/cloudbed/trace-parquet/trace_jaeger-span_2025-06-07_16-00-00.parquet.
2025-09-21 20:49:38,978 - INFO - Preprocessing traces: dataset_type: train_valid, date: 2025-06-07, cloudbed: cloudbed,path: /root/shared-nvme/data_set/2025_CCF_aiops-live-benchmark/phaseone/2025-06-07/cloudbed/trace-parquet/trace_jaeger-span_2025-06-07_17-00-00.parquet.
2025-09-21 20:51:50,779 - INFO - Preprocessing traces: dataset_type: train_valid, date: 2025-06-07, cloudbed: cloudbed,path: /root/shared-nvme/data_set/2025_CCF_aiops-live-benchmark/phaseone/2025-06-07/cloudbed/trace-parquet/trace_jaeger-span_2025-06-07_18-00-00.parquet.
2025-09-21 20:54:11,982 - INFO - Preprocessing traces: dataset_type: train_valid, date: 2025-06-07, cloudbed: cloudbed,path: /root/shared-nvme/data_set/2025_CCF_aiops-live-benchmark/phaseone/2025-06-07/cloudbed/trace-parquet/trace_jaeger-span_2025-06-07_19-00-00.parquet.
2025-09-21 20:56:30,855 - INFO - Preprocessing traces: dataset_type: train_valid, date: 2025-06-07, cloudbed: cloudbed,path: /root/shared-nvme/data_set/2025_CCF_aiops-live-benchmark/phaseone/2025-06-07/cloudbed/trace-parquet/trace_jaeger-span_2025-06-07_20-00-00.parquet.
2025-09-21 20:57:54,808 - INFO - Preprocessing traces: dataset_type: train_valid, date: 2025-06-07, cloudbed: cloudbed,path: /root/shared-nvme/data_set/2025_CCF_aiops-live-benchmark/phaseone/2025-06-07/cloudbed/trace-parquet/trace_jaeger-span_2025-06-07_21-00-00.parquet.
2025-09-21 20:58:43,642 - INFO - Preprocessing traces: dataset_type: train_valid, date: 2025-06-07, cloudbed: cloudbed,path: /root/shared-nvme/data_set/2025_CCF_aiops-live-benchmark/phaseone/2025-06-07/cloudbed/trace-parquet/trace_jaeger-span_2025-06-07_22-00-00.parquet.
2025-09-21 20:59:12,157 - INFO - Preprocessing traces: dataset_type: train_valid, date: 2025-06-07, cloudbed: cloudbed,path: /root/shared-nvme/data_set/2025_CCF_aiops-live-benchmark/phaseone/2025-06-07/cloudbed/trace-parquet/trace_jaeger-span_2025-06-07_23-00-00.parquet.
2025-09-21 20:59:49,552 - INFO - Preprocessing traces: dataset_type: train_valid, date: 2025-06-08, cloudbed: cloudbed,path: /root/shared-nvme/data_set/2025_CCF_aiops-live-benchmark/phaseone/2025-06-08/cloudbed/trace-parquet/trace_jaeger-span_2025-06-08_00-00-00.parquet.
2025-09-21 21:00:28,572 - INFO - Preprocessing traces: dataset_type: train_valid, date: 2025-06-08, cloudbed: cloudbed,path: /root/shared-nvme/data_set/2025_CCF_aiops-live-benchmark/phaseone/2025-06-08/cloudbed/trace-parquet/trace_jaeger-span_2025-06-08_01-00-00.parquet.
2025-09-21 21:01:07,163 - INFO - Preprocessing traces: dataset_type: train_valid, date: 2025-06-08, cloudbed: cloudbed,path: /root/shared-nvme/data_set/2025_CCF_aiops-live-benchmark/phaseone/2025-06-08/cloudbed/trace-parquet/trace_jaeger-span_2025-06-08_02-00-00.parquet.
2025-09-21 21:01:42,032 - INFO - Preprocessing traces: dataset_type: train_valid, date: 2025-06-08, cloudbed: cloudbed,path: /root/shared-nvme/data_set/2025_CCF_aiops-live-benchmark/phaseone/2025-06-08/cloudbed/trace-parquet/trace_jaeger-span_2025-06-08_03-00-00.parquet.
2025-09-21 21:02:20,702 - INFO - Preprocessing traces: dataset_type: train_valid, date: 2025-06-08, cloudbed: cloudbed,path: /root/shared-nvme/data_set/2025_CCF_aiops-live-benchmark/phaseone/2025-06-08/cloudbed/trace-parquet/trace_jaeger-span_2025-06-08_04-00-00.parquet.
2025-09-21 21:02:57,874 - INFO - Preprocessing traces: dataset_type: train_valid, date: 2025-06-08, cloudbed: cloudbed,path: /root/shared-nvme/data_set/2025_CCF_aiops-live-benchmark/phaseone/2025-06-08/cloudbed/trace-parquet/trace_jaeger-span_2025-06-08_05-00-00.parquet.
2025-09-21 21:03:35,851 - INFO - Preprocessing traces: dataset_type: train_valid, date: 2025-06-08, cloudbed: cloudbed,path: /root/shared-nvme/data_set/2025_CCF_aiops-live-benchmark/phaseone/2025-06-08/cloudbed/trace-parquet/trace_jaeger-span_2025-06-08_06-00-00.parquet.
2025-09-21 21:04:14,320 - INFO - Preprocessing traces: dataset_type: train_valid, date: 2025-06-08, cloudbed: cloudbed,path: /root/shared-nvme/data_set/2025_CCF_aiops-live-benchmark/phaseone/2025-06-08/cloudbed/trace-parquet/trace_jaeger-span_2025-06-08_07-00-00.parquet.
2025-09-21 21:04:52,021 - INFO - Preprocessing traces: dataset_type: train_valid, date: 2025-06-08, cloudbed: cloudbed,path: /root/shared-nvme/data_set/2025_CCF_aiops-live-benchmark/phaseone/2025-06-08/cloudbed/trace-parquet/trace_jaeger-span_2025-06-08_08-00-00.parquet.
2025-09-21 21:05:29,943 - INFO - Preprocessing traces: dataset_type: train_valid, date: 2025-06-08, cloudbed: cloudbed,path: /root/shared-nvme/data_set/2025_CCF_aiops-live-benchmark/phaseone/2025-06-08/cloudbed/trace-parquet/trace_jaeger-span_2025-06-08_09-00-00.parquet.
2025-09-21 21:06:13,490 - INFO - Preprocessing traces: dataset_type: train_valid, date: 2025-06-08, cloudbed: cloudbed,path: /root/shared-nvme/data_set/2025_CCF_aiops-live-benchmark/phaseone/2025-06-08/cloudbed/trace-parquet/trace_jaeger-span_2025-06-08_10-00-00.parquet.
2025-09-21 21:07:47,899 - INFO - Preprocessing traces: dataset_type: train_valid, date: 2025-06-08, cloudbed: cloudbed,path: /root/shared-nvme/data_set/2025_CCF_aiops-live-benchmark/phaseone/2025-06-08/cloudbed/trace-parquet/trace_jaeger-span_2025-06-08_11-00-00.parquet.
2025-09-21 21:09:42,032 - INFO - Preprocessing traces: dataset_type: train_valid, date: 2025-06-08, cloudbed: cloudbed,path: /root/shared-nvme/data_set/2025_CCF_aiops-live-benchmark/phaseone/2025-06-08/cloudbed/trace-parquet/trace_jaeger-span_2025-06-08_12-00-00.parquet.
2025-09-21 21:11:41,174 - INFO - Preprocessing traces: dataset_type: train_valid, date: 2025-06-08, cloudbed: cloudbed,path: /root/shared-nvme/data_set/2025_CCF_aiops-live-benchmark/phaseone/2025-06-08/cloudbed/trace-parquet/trace_jaeger-span_2025-06-08_13-00-00.parquet.
2025-09-21 21:13:36,688 - INFO - Preprocessing traces: dataset_type: train_valid, date: 2025-06-08, cloudbed: cloudbed,path: /root/shared-nvme/data_set/2025_CCF_aiops-live-benchmark/phaseone/2025-06-08/cloudbed/trace-parquet/trace_jaeger-span_2025-06-08_14-00-00.parquet.
2025-09-21 21:15:36,530 - INFO - Preprocessing traces: dataset_type: train_valid, date: 2025-06-08, cloudbed: cloudbed,path: /root/shared-nvme/data_set/2025_CCF_aiops-live-benchmark/phaseone/2025-06-08/cloudbed/trace-parquet/trace_jaeger-span_2025-06-08_15-00-00.parquet.
2025-09-21 21:17:33,410 - INFO - Preprocessing traces: dataset_type: train_valid, date: 2025-06-08, cloudbed: cloudbed,path: /root/shared-nvme/data_set/2025_CCF_aiops-live-benchmark/phaseone/2025-06-08/cloudbed/trace-parquet/trace_jaeger-span_2025-06-08_16-00-00.parquet.
2025-09-21 21:19:38,199 - INFO - Preprocessing traces: dataset_type: train_valid, date: 2025-06-08, cloudbed: cloudbed,path: /root/shared-nvme/data_set/2025_CCF_aiops-live-benchmark/phaseone/2025-06-08/cloudbed/trace-parquet/trace_jaeger-span_2025-06-08_17-00-00.parquet.
2025-09-21 21:21:09,209 - INFO - Preprocessing traces: dataset_type: train_valid, date: 2025-06-08, cloudbed: cloudbed,path: /root/shared-nvme/data_set/2025_CCF_aiops-live-benchmark/phaseone/2025-06-08/cloudbed/trace-parquet/trace_jaeger-span_2025-06-08_18-00-00.parquet.
2025-09-21 21:23:19,403 - INFO - Preprocessing traces: dataset_type: train_valid, date: 2025-06-08, cloudbed: cloudbed,path: /root/shared-nvme/data_set/2025_CCF_aiops-live-benchmark/phaseone/2025-06-08/cloudbed/trace-parquet/trace_jaeger-span_2025-06-08_19-00-00.parquet.
2025-09-21 21:25:09,381 - INFO - Preprocessing traces: dataset_type: train_valid, date: 2025-06-08, cloudbed: cloudbed,path: /root/shared-nvme/data_set/2025_CCF_aiops-live-benchmark/phaseone/2025-06-08/cloudbed/trace-parquet/trace_jaeger-span_2025-06-08_20-00-00.parquet.
2025-09-21 21:26:48,887 - INFO - Preprocessing traces: dataset_type: train_valid, date: 2025-06-09, cloudbed: cloudbed,path: /root/shared-nvme/data_set/2025_CCF_aiops-live-benchmark/phaseone/2025-06-09/cloudbed/trace-parquet/trace_jaeger-span_2025-06-09_06-00-00.parquet.
2025-09-21 21:27:08,706 - INFO - Preprocessing traces: dataset_type: train_valid, date: 2025-06-09, cloudbed: cloudbed,path: /root/shared-nvme/data_set/2025_CCF_aiops-live-benchmark/phaseone/2025-06-09/cloudbed/trace-parquet/trace_jaeger-span_2025-06-09_07-00-00.parquet.
2025-09-21 21:27:48,226 - INFO - Preprocessing traces: dataset_type: train_valid, date: 2025-06-09, cloudbed: cloudbed,path: /root/shared-nvme/data_set/2025_CCF_aiops-live-benchmark/phaseone/2025-06-09/cloudbed/trace-parquet/trace_jaeger-span_2025-06-09_08-00-00.parquet.
2025-09-21 21:28:28,395 - INFO - Preprocessing traces: dataset_type: train_valid, date: 2025-06-09, cloudbed: cloudbed,path: /root/shared-nvme/data_set/2025_CCF_aiops-live-benchmark/phaseone/2025-06-09/cloudbed/trace-parquet/trace_jaeger-span_2025-06-09_09-00-00.parquet.
2025-09-21 21:29:19,597 - INFO - Preprocessing traces: dataset_type: train_valid, date: 2025-06-09, cloudbed: cloudbed,path: /root/shared-nvme/data_set/2025_CCF_aiops-live-benchmark/phaseone/2025-06-09/cloudbed/trace-parquet/trace_jaeger-span_2025-06-09_10-00-00.parquet.
2025-09-21 21:30:56,327 - INFO - Preprocessing traces: dataset_type: train_valid, date: 2025-06-09, cloudbed: cloudbed,path: /root/shared-nvme/data_set/2025_CCF_aiops-live-benchmark/phaseone/2025-06-09/cloudbed/trace-parquet/trace_jaeger-span_2025-06-09_11-00-00.parquet.
2025-09-21 21:32:51,105 - INFO - Preprocessing traces: dataset_type: train_valid, date: 2025-06-09, cloudbed: cloudbed,path: /root/shared-nvme/data_set/2025_CCF_aiops-live-benchmark/phaseone/2025-06-09/cloudbed/trace-parquet/trace_jaeger-span_2025-06-09_12-00-00.parquet.
2025-09-21 21:34:51,668 - INFO - Preprocessing traces: dataset_type: train_valid, date: 2025-06-09, cloudbed: cloudbed,path: /root/shared-nvme/data_set/2025_CCF_aiops-live-benchmark/phaseone/2025-06-09/cloudbed/trace-parquet/trace_jaeger-span_2025-06-09_13-00-00.parquet.
2025-09-21 21:36:43,924 - INFO - Preprocessing traces: dataset_type: train_valid, date: 2025-06-09, cloudbed: cloudbed,path: /root/shared-nvme/data_set/2025_CCF_aiops-live-benchmark/phaseone/2025-06-09/cloudbed/trace-parquet/trace_jaeger-span_2025-06-09_14-00-00.parquet.
2025-09-21 21:38:38,102 - INFO - Preprocessing traces: dataset_type: train_valid, date: 2025-06-09, cloudbed: cloudbed,path: /root/shared-nvme/data_set/2025_CCF_aiops-live-benchmark/phaseone/2025-06-09/cloudbed/trace-parquet/trace_jaeger-span_2025-06-09_15-00-00.parquet.
2025-09-21 21:40:34,428 - INFO - Preprocessing traces: dataset_type: train_valid, date: 2025-06-09, cloudbed: cloudbed,path: /root/shared-nvme/data_set/2025_CCF_aiops-live-benchmark/phaseone/2025-06-09/cloudbed/trace-parquet/trace_jaeger-span_2025-06-09_16-00-00.parquet.
2025-09-21 21:42:37,424 - INFO - Preprocessing traces: dataset_type: train_valid, date: 2025-06-09, cloudbed: cloudbed,path: /root/shared-nvme/data_set/2025_CCF_aiops-live-benchmark/phaseone/2025-06-09/cloudbed/trace-parquet/trace_jaeger-span_2025-06-09_17-00-00.parquet.
2025-09-21 21:44:49,168 - INFO - Preprocessing traces: dataset_type: train_valid, date: 2025-06-09, cloudbed: cloudbed,path: /root/shared-nvme/data_set/2025_CCF_aiops-live-benchmark/phaseone/2025-06-09/cloudbed/trace-parquet/trace_jaeger-span_2025-06-09_18-00-00.parquet.
2025-09-21 21:46:48,208 - INFO - Preprocessing traces: dataset_type: train_valid, date: 2025-06-10, cloudbed: cloudbed,path: /root/shared-nvme/data_set/2025_CCF_aiops-live-benchmark/phaseone/2025-06-10/cloudbed/trace-parquet/trace_jaeger-span_2025-06-10_05-00-00.parquet.
2025-09-21 21:47:03,660 - INFO - Preprocessing traces: dataset_type: train_valid, date: 2025-06-10, cloudbed: cloudbed,path: /root/shared-nvme/data_set/2025_CCF_aiops-live-benchmark/phaseone/2025-06-10/cloudbed/trace-parquet/trace_jaeger-span_2025-06-10_06-00-00.parquet.
2025-09-21 21:47:32,072 - INFO - Preprocessing traces: dataset_type: train_valid, date: 2025-06-10, cloudbed: cloudbed,path: /root/shared-nvme/data_set/2025_CCF_aiops-live-benchmark/phaseone/2025-06-10/cloudbed/trace-parquet/trace_jaeger-span_2025-06-10_07-00-00.parquet.
2025-09-21 21:48:10,981 - INFO - Preprocessing traces: dataset_type: train_valid, date: 2025-06-10, cloudbed: cloudbed,path: /root/shared-nvme/data_set/2025_CCF_aiops-live-benchmark/phaseone/2025-06-10/cloudbed/trace-parquet/trace_jaeger-span_2025-06-10_08-00-00.parquet.
2025-09-21 21:48:31,564 - INFO - Preprocessing traces: dataset_type: train_valid, date: 2025-06-10, cloudbed: cloudbed,path: /root/shared-nvme/data_set/2025_CCF_aiops-live-benchmark/phaseone/2025-06-10/cloudbed/trace-parquet/trace_jaeger-span_2025-06-10_09-00-00.parquet.
2025-09-21 21:49:23,839 - INFO - Preprocessing traces: dataset_type: train_valid, date: 2025-06-10, cloudbed: cloudbed,path: /root/shared-nvme/data_set/2025_CCF_aiops-live-benchmark/phaseone/2025-06-10/cloudbed/trace-parquet/trace_jaeger-span_2025-06-10_10-00-00.parquet.
2025-09-21 21:50:59,892 - INFO - Preprocessing traces: dataset_type: train_valid, date: 2025-06-10, cloudbed: cloudbed,path: /root/shared-nvme/data_set/2025_CCF_aiops-live-benchmark/phaseone/2025-06-10/cloudbed/trace-parquet/trace_jaeger-span_2025-06-10_11-00-00.parquet.
2025-09-21 21:52:58,811 - INFO - Preprocessing traces: dataset_type: train_valid, date: 2025-06-10, cloudbed: cloudbed,path: /root/shared-nvme/data_set/2025_CCF_aiops-live-benchmark/phaseone/2025-06-10/cloudbed/trace-parquet/trace_jaeger-span_2025-06-10_12-00-00.parquet.
2025-09-21 21:54:58,532 - INFO - Preprocessing traces: dataset_type: train_valid, date: 2025-06-10, cloudbed: cloudbed,path: /root/shared-nvme/data_set/2025_CCF_aiops-live-benchmark/phaseone/2025-06-10/cloudbed/trace-parquet/trace_jaeger-span_2025-06-10_13-00-00.parquet.
2025-09-21 21:56:57,057 - INFO - Preprocessing traces: dataset_type: train_valid, date: 2025-06-10, cloudbed: cloudbed,path: /root/shared-nvme/data_set/2025_CCF_aiops-live-benchmark/phaseone/2025-06-10/cloudbed/trace-parquet/trace_jaeger-span_2025-06-10_14-00-00.parquet.
2025-09-21 21:58:53,483 - INFO - Preprocessing traces: dataset_type: train_valid, date: 2025-06-10, cloudbed: cloudbed,path: /root/shared-nvme/data_set/2025_CCF_aiops-live-benchmark/phaseone/2025-06-10/cloudbed/trace-parquet/trace_jaeger-span_2025-06-10_15-00-00.parquet.
2025-09-21 22:00:51,901 - INFO - Preprocessing traces: dataset_type: train_valid, date: 2025-06-10, cloudbed: cloudbed,path: /root/shared-nvme/data_set/2025_CCF_aiops-live-benchmark/phaseone/2025-06-10/cloudbed/trace-parquet/trace_jaeger-span_2025-06-10_16-00-00.parquet.
2025-09-21 22:02:56,843 - INFO - Preprocessing traces: dataset_type: train_valid, date: 2025-06-10, cloudbed: cloudbed,path: /root/shared-nvme/data_set/2025_CCF_aiops-live-benchmark/phaseone/2025-06-10/cloudbed/trace-parquet/trace_jaeger-span_2025-06-10_17-00-00.parquet.
2025-09-21 22:05:09,956 - INFO - Preprocessing traces: dataset_type: train_valid, date: 2025-06-10, cloudbed: cloudbed,path: /root/shared-nvme/data_set/2025_CCF_aiops-live-benchmark/phaseone/2025-06-10/cloudbed/trace-parquet/trace_jaeger-span_2025-06-10_18-00-00.parquet.
2025-09-21 22:07:35,412 - INFO - Preprocessing traces: dataset_type: train_valid, date: 2025-06-10, cloudbed: cloudbed,path: /root/shared-nvme/data_set/2025_CCF_aiops-live-benchmark/phaseone/2025-06-10/cloudbed/trace-parquet/trace_jaeger-span_2025-06-10_19-00-00.parquet.
2025-09-21 22:10:02,847 - INFO - Preprocessing traces: dataset_type: train_valid, date: 2025-06-10, cloudbed: cloudbed,path: /root/shared-nvme/data_set/2025_CCF_aiops-live-benchmark/phaseone/2025-06-10/cloudbed/trace-parquet/trace_jaeger-span_2025-06-10_20-00-00.parquet.
2025-09-21 22:11:31,767 - INFO - Preprocessing traces: dataset_type: train_valid, date: 2025-06-10, cloudbed: cloudbed,path: /root/shared-nvme/data_set/2025_CCF_aiops-live-benchmark/phaseone/2025-06-10/cloudbed/trace-parquet/trace_jaeger-span_2025-06-10_21-00-00.parquet.
2025-09-21 22:12:48,642 - INFO - Preprocessing traces: dataset_type: train_valid, date: 2025-06-10, cloudbed: cloudbed,path: /root/shared-nvme/data_set/2025_CCF_aiops-live-benchmark/phaseone/2025-06-10/cloudbed/trace-parquet/trace_jaeger-span_2025-06-10_22-00-00.parquet.
2025-09-21 22:13:27,842 - INFO - Preprocessing traces: dataset_type: train_valid, date: 2025-06-10, cloudbed: cloudbed,path: /root/shared-nvme/data_set/2025_CCF_aiops-live-benchmark/phaseone/2025-06-10/cloudbed/trace-parquet/trace_jaeger-span_2025-06-10_23-00-00.parquet.
2025-09-21 22:14:07,278 - INFO - Preprocessing traces: dataset_type: train_valid, date: 2025-06-11, cloudbed: cloudbed,path: /root/shared-nvme/data_set/2025_CCF_aiops-live-benchmark/phaseone/2025-06-11/cloudbed/trace-parquet/trace_jaeger-span_2025-06-11_00-00-00.parquet.
2025-09-21 22:14:43,442 - INFO - Preprocessing traces: dataset_type: train_valid, date: 2025-06-11, cloudbed: cloudbed,path: /root/shared-nvme/data_set/2025_CCF_aiops-live-benchmark/phaseone/2025-06-11/cloudbed/trace-parquet/trace_jaeger-span_2025-06-11_01-00-00.parquet.
2025-09-21 22:15:23,093 - INFO - Preprocessing traces: dataset_type: train_valid, date: 2025-06-11, cloudbed: cloudbed,path: /root/shared-nvme/data_set/2025_CCF_aiops-live-benchmark/phaseone/2025-06-11/cloudbed/trace-parquet/trace_jaeger-span_2025-06-11_02-00-00.parquet.
2025-09-21 22:16:02,636 - INFO - Preprocessing traces: dataset_type: train_valid, date: 2025-06-11, cloudbed: cloudbed,path: /root/shared-nvme/data_set/2025_CCF_aiops-live-benchmark/phaseone/2025-06-11/cloudbed/trace-parquet/trace_jaeger-span_2025-06-11_03-00-00.parquet.
2025-09-21 22:16:39,419 - INFO - Preprocessing traces: dataset_type: train_valid, date: 2025-06-11, cloudbed: cloudbed,path: /root/shared-nvme/data_set/2025_CCF_aiops-live-benchmark/phaseone/2025-06-11/cloudbed/trace-parquet/trace_jaeger-span_2025-06-11_04-00-00.parquet.
2025-09-21 22:17:18,870 - INFO - Preprocessing traces: dataset_type: train_valid, date: 2025-06-11, cloudbed: cloudbed,path: /root/shared-nvme/data_set/2025_CCF_aiops-live-benchmark/phaseone/2025-06-11/cloudbed/trace-parquet/trace_jaeger-span_2025-06-11_05-00-00.parquet.
2025-09-21 22:17:58,989 - INFO - Preprocessing traces: dataset_type: train_valid, date: 2025-06-11, cloudbed: cloudbed,path: /root/shared-nvme/data_set/2025_CCF_aiops-live-benchmark/phaseone/2025-06-11/cloudbed/trace-parquet/trace_jaeger-span_2025-06-11_06-00-00.parquet.
2025-09-21 22:18:39,969 - INFO - Preprocessing traces: dataset_type: train_valid, date: 2025-06-11, cloudbed: cloudbed,path: /root/shared-nvme/data_set/2025_CCF_aiops-live-benchmark/phaseone/2025-06-11/cloudbed/trace-parquet/trace_jaeger-span_2025-06-11_07-00-00.parquet.
2025-09-21 22:19:18,672 - INFO - Preprocessing traces: dataset_type: train_valid, date: 2025-06-11, cloudbed: cloudbed,path: /root/shared-nvme/data_set/2025_CCF_aiops-live-benchmark/phaseone/2025-06-11/cloudbed/trace-parquet/trace_jaeger-span_2025-06-11_08-00-00.parquet.
2025-09-21 22:19:47,133 - INFO - Preprocessing traces: dataset_type: train_valid, date: 2025-06-11, cloudbed: cloudbed,path: /root/shared-nvme/data_set/2025_CCF_aiops-live-benchmark/phaseone/2025-06-11/cloudbed/trace-parquet/trace_jaeger-span_2025-06-11_09-00-00.parquet.
2025-09-21 22:20:38,680 - INFO - Preprocessing traces: dataset_type: train_valid, date: 2025-06-11, cloudbed: cloudbed,path: /root/shared-nvme/data_set/2025_CCF_aiops-live-benchmark/phaseone/2025-06-11/cloudbed/trace-parquet/trace_jaeger-span_2025-06-11_10-00-00.parquet.
2025-09-21 22:22:05,550 - INFO - Preprocessing traces: dataset_type: train_valid, date: 2025-06-11, cloudbed: cloudbed,path: /root/shared-nvme/data_set/2025_CCF_aiops-live-benchmark/phaseone/2025-06-11/cloudbed/trace-parquet/trace_jaeger-span_2025-06-11_11-00-00.parquet.
2025-09-21 22:23:58,158 - INFO - Preprocessing traces: dataset_type: train_valid, date: 2025-06-11, cloudbed: cloudbed,path: /root/shared-nvme/data_set/2025_CCF_aiops-live-benchmark/phaseone/2025-06-11/cloudbed/trace-parquet/trace_jaeger-span_2025-06-11_12-00-00.parquet.
2025-09-21 22:25:56,413 - INFO - Preprocessing traces: dataset_type: train_valid, date: 2025-06-11, cloudbed: cloudbed,path: /root/shared-nvme/data_set/2025_CCF_aiops-live-benchmark/phaseone/2025-06-11/cloudbed/trace-parquet/trace_jaeger-span_2025-06-11_13-00-00.parquet.
2025-09-21 22:27:51,010 - INFO - Preprocessing traces: dataset_type: train_valid, date: 2025-06-11, cloudbed: cloudbed,path: /root/shared-nvme/data_set/2025_CCF_aiops-live-benchmark/phaseone/2025-06-11/cloudbed/trace-parquet/trace_jaeger-span_2025-06-11_14-00-00.parquet.
2025-09-21 22:29:46,212 - INFO - Preprocessing traces: dataset_type: train_valid, date: 2025-06-11, cloudbed: cloudbed,path: /root/shared-nvme/data_set/2025_CCF_aiops-live-benchmark/phaseone/2025-06-11/cloudbed/trace-parquet/trace_jaeger-span_2025-06-11_15-00-00.parquet.
2025-09-21 22:31:34,644 - INFO - Preprocessing traces: dataset_type: train_valid, date: 2025-06-11, cloudbed: cloudbed,path: /root/shared-nvme/data_set/2025_CCF_aiops-live-benchmark/phaseone/2025-06-11/cloudbed/trace-parquet/trace_jaeger-span_2025-06-11_16-00-00.parquet.
2025-09-21 22:33:39,487 - INFO - Preprocessing traces: dataset_type: train_valid, date: 2025-06-11, cloudbed: cloudbed,path: /root/shared-nvme/data_set/2025_CCF_aiops-live-benchmark/phaseone/2025-06-11/cloudbed/trace-parquet/trace_jaeger-span_2025-06-11_17-00-00.parquet.
2025-09-21 22:35:56,002 - INFO - Preprocessing traces: dataset_type: train_valid, date: 2025-06-11, cloudbed: cloudbed,path: /root/shared-nvme/data_set/2025_CCF_aiops-live-benchmark/phaseone/2025-06-11/cloudbed/trace-parquet/trace_jaeger-span_2025-06-11_18-00-00.parquet.
2025-09-21 22:38:21,574 - INFO - Preprocessing traces: dataset_type: train_valid, date: 2025-06-11, cloudbed: cloudbed,path: /root/shared-nvme/data_set/2025_CCF_aiops-live-benchmark/phaseone/2025-06-11/cloudbed/trace-parquet/trace_jaeger-span_2025-06-11_19-00-00.parquet.
2025-09-21 22:40:49,169 - INFO - Preprocessing traces: dataset_type: train_valid, date: 2025-06-11, cloudbed: cloudbed,path: /root/shared-nvme/data_set/2025_CCF_aiops-live-benchmark/phaseone/2025-06-11/cloudbed/trace-parquet/trace_jaeger-span_2025-06-11_20-00-00.parquet.
2025-09-21 22:42:56,449 - INFO - Preprocessing traces: dataset_type: train_valid, date: 2025-06-11, cloudbed: cloudbed,path: /root/shared-nvme/data_set/2025_CCF_aiops-live-benchmark/phaseone/2025-06-11/cloudbed/trace-parquet/trace_jaeger-span_2025-06-11_21-00-00.parquet.
2025-09-21 22:44:11,653 - INFO - Preprocessing traces: dataset_type: train_valid, date: 2025-06-11, cloudbed: cloudbed,path: /root/shared-nvme/data_set/2025_CCF_aiops-live-benchmark/phaseone/2025-06-11/cloudbed/trace-parquet/trace_jaeger-span_2025-06-11_22-00-00.parquet.
2025-09-21 22:44:45,916 - INFO - Preprocessing traces: dataset_type: train_valid, date: 2025-06-11, cloudbed: cloudbed,path: /root/shared-nvme/data_set/2025_CCF_aiops-live-benchmark/phaseone/2025-06-11/cloudbed/trace-parquet/trace_jaeger-span_2025-06-11_23-00-00.parquet.
2025-09-21 22:45:24,940 - INFO - Preprocessing traces: dataset_type: test, date: 2025-06-12, cloudbed: cloudbed,path: /root/shared-nvme/data_set/2025_CCF_aiops-live-benchmark/phaseone/2025-06-12/cloudbed/trace-parquet/trace_jaeger-span_2025-06-12_00-00-00.parquet.
2025-09-21 22:45:54,740 - INFO - Preprocessing traces: dataset_type: test, date: 2025-06-12, cloudbed: cloudbed,path: /root/shared-nvme/data_set/2025_CCF_aiops-live-benchmark/phaseone/2025-06-12/cloudbed/trace-parquet/trace_jaeger-span_2025-06-12_01-00-00.parquet.
2025-09-21 22:46:32,760 - INFO - Preprocessing traces: dataset_type: test, date: 2025-06-12, cloudbed: cloudbed,path: /root/shared-nvme/data_set/2025_CCF_aiops-live-benchmark/phaseone/2025-06-12/cloudbed/trace-parquet/trace_jaeger-span_2025-06-12_02-00-00.parquet.
2025-09-21 22:47:11,693 - INFO - Preprocessing traces: dataset_type: test, date: 2025-06-12, cloudbed: cloudbed,path: /root/shared-nvme/data_set/2025_CCF_aiops-live-benchmark/phaseone/2025-06-12/cloudbed/trace-parquet/trace_jaeger-span_2025-06-12_03-00-00.parquet.
2025-09-21 22:47:39,361 - INFO - Preprocessing traces: dataset_type: test, date: 2025-06-12, cloudbed: cloudbed,path: /root/shared-nvme/data_set/2025_CCF_aiops-live-benchmark/phaseone/2025-06-12/cloudbed/trace-parquet/trace_jaeger-span_2025-06-12_04-00-00.parquet.
2025-09-21 22:48:18,547 - INFO - Preprocessing traces: dataset_type: test, date: 2025-06-12, cloudbed: cloudbed,path: /root/shared-nvme/data_set/2025_CCF_aiops-live-benchmark/phaseone/2025-06-12/cloudbed/trace-parquet/trace_jaeger-span_2025-06-12_05-00-00.parquet.
2025-09-21 22:48:58,780 - INFO - Preprocessing traces: dataset_type: test, date: 2025-06-12, cloudbed: cloudbed,path: /root/shared-nvme/data_set/2025_CCF_aiops-live-benchmark/phaseone/2025-06-12/cloudbed/trace-parquet/trace_jaeger-span_2025-06-12_06-00-00.parquet.
2025-09-21 22:49:26,071 - INFO - Preprocessing traces: dataset_type: test, date: 2025-06-12, cloudbed: cloudbed,path: /root/shared-nvme/data_set/2025_CCF_aiops-live-benchmark/phaseone/2025-06-12/cloudbed/trace-parquet/trace_jaeger-span_2025-06-12_07-00-00.parquet.
2025-09-21 22:50:05,051 - INFO - Preprocessing traces: dataset_type: test, date: 2025-06-12, cloudbed: cloudbed,path: /root/shared-nvme/data_set/2025_CCF_aiops-live-benchmark/phaseone/2025-06-12/cloudbed/trace-parquet/trace_jaeger-span_2025-06-12_08-00-00.parquet.
2025-09-21 22:50:44,415 - INFO - Preprocessing traces: dataset_type: test, date: 2025-06-12, cloudbed: cloudbed,path: /root/shared-nvme/data_set/2025_CCF_aiops-live-benchmark/phaseone/2025-06-12/cloudbed/trace-parquet/trace_jaeger-span_2025-06-12_09-00-00.parquet.
2025-09-21 22:51:37,533 - INFO - Preprocessing traces: dataset_type: test, date: 2025-06-12, cloudbed: cloudbed,path: /root/shared-nvme/data_set/2025_CCF_aiops-live-benchmark/phaseone/2025-06-12/cloudbed/trace-parquet/trace_jaeger-span_2025-06-12_10-00-00.parquet.
2025-09-21 22:53:15,349 - INFO - Preprocessing traces: dataset_type: test, date: 2025-06-12, cloudbed: cloudbed,path: /root/shared-nvme/data_set/2025_CCF_aiops-live-benchmark/phaseone/2025-06-12/cloudbed/trace-parquet/trace_jaeger-span_2025-06-12_11-00-00.parquet.
2025-09-21 22:55:12,471 - INFO - Preprocessing traces: dataset_type: test, date: 2025-06-12, cloudbed: cloudbed,path: /root/shared-nvme/data_set/2025_CCF_aiops-live-benchmark/phaseone/2025-06-12/cloudbed/trace-parquet/trace_jaeger-span_2025-06-12_12-00-00.parquet.
2025-09-21 22:57:15,017 - INFO - Preprocessing traces: dataset_type: test, date: 2025-06-12, cloudbed: cloudbed,path: /root/shared-nvme/data_set/2025_CCF_aiops-live-benchmark/phaseone/2025-06-12/cloudbed/trace-parquet/trace_jaeger-span_2025-06-12_13-00-00.parquet.
2025-09-21 22:59:14,025 - INFO - Preprocessing traces: dataset_type: test, date: 2025-06-12, cloudbed: cloudbed,path: /root/shared-nvme/data_set/2025_CCF_aiops-live-benchmark/phaseone/2025-06-12/cloudbed/trace-parquet/trace_jaeger-span_2025-06-12_14-00-00.parquet.
2025-09-21 23:01:12,439 - INFO - Preprocessing traces: dataset_type: test, date: 2025-06-12, cloudbed: cloudbed,path: /root/shared-nvme/data_set/2025_CCF_aiops-live-benchmark/phaseone/2025-06-12/cloudbed/trace-parquet/trace_jaeger-span_2025-06-12_15-00-00.parquet.
2025-09-21 23:03:11,941 - INFO - Preprocessing traces: dataset_type: test, date: 2025-06-12, cloudbed: cloudbed,path: /root/shared-nvme/data_set/2025_CCF_aiops-live-benchmark/phaseone/2025-06-12/cloudbed/trace-parquet/trace_jaeger-span_2025-06-12_16-00-00.parquet.
2025-09-21 23:05:16,627 - INFO - Preprocessing traces: dataset_type: test, date: 2025-06-12, cloudbed: cloudbed,path: /root/shared-nvme/data_set/2025_CCF_aiops-live-benchmark/phaseone/2025-06-12/cloudbed/trace-parquet/trace_jaeger-span_2025-06-12_17-00-00.parquet.
2025-09-21 23:07:33,694 - INFO - Preprocessing traces: dataset_type: test, date: 2025-06-12, cloudbed: cloudbed,path: /root/shared-nvme/data_set/2025_CCF_aiops-live-benchmark/phaseone/2025-06-12/cloudbed/trace-parquet/trace_jaeger-span_2025-06-12_18-00-00.parquet.
2025-09-21 23:09:03,861 - INFO - Preprocessing traces: dataset_type: test, date: 2025-06-12, cloudbed: cloudbed,path: /root/shared-nvme/data_set/2025_CCF_aiops-live-benchmark/phaseone/2025-06-12/cloudbed/trace-parquet/trace_jaeger-span_2025-06-12_19-00-00.parquet.
2025-09-21 23:10:12,049 - INFO - Preprocessing traces: dataset_type: test, date: 2025-06-13, cloudbed: cloudbed,path: /root/shared-nvme/data_set/2025_CCF_aiops-live-benchmark/phaseone/2025-06-13/cloudbed/trace-parquet/trace_jaeger-span_2025-06-13_01-00-00.parquet.
2025-09-21 23:10:50,935 - INFO - Preprocessing traces: dataset_type: test, date: 2025-06-13, cloudbed: cloudbed,path: /root/shared-nvme/data_set/2025_CCF_aiops-live-benchmark/phaseone/2025-06-13/cloudbed/trace-parquet/trace_jaeger-span_2025-06-13_02-00-00.parquet.
2025-09-21 23:11:29,860 - INFO - Preprocessing traces: dataset_type: test, date: 2025-06-13, cloudbed: cloudbed,path: /root/shared-nvme/data_set/2025_CCF_aiops-live-benchmark/phaseone/2025-06-13/cloudbed/trace-parquet/trace_jaeger-span_2025-06-13_03-00-00.parquet.
2025-09-21 23:12:10,508 - INFO - Preprocessing traces: dataset_type: test, date: 2025-06-13, cloudbed: cloudbed,path: /root/shared-nvme/data_set/2025_CCF_aiops-live-benchmark/phaseone/2025-06-13/cloudbed/trace-parquet/trace_jaeger-span_2025-06-13_04-00-00.parquet.
2025-09-21 23:12:37,507 - INFO - Preprocessing traces: dataset_type: test, date: 2025-06-13, cloudbed: cloudbed,path: /root/shared-nvme/data_set/2025_CCF_aiops-live-benchmark/phaseone/2025-06-13/cloudbed/trace-parquet/trace_jaeger-span_2025-06-13_05-00-00.parquet.
2025-09-21 23:13:15,686 - INFO - Preprocessing traces: dataset_type: test, date: 2025-06-13, cloudbed: cloudbed,path: /root/shared-nvme/data_set/2025_CCF_aiops-live-benchmark/phaseone/2025-06-13/cloudbed/trace-parquet/trace_jaeger-span_2025-06-13_06-00-00.parquet.
2025-09-21 23:13:55,088 - INFO - Preprocessing traces: dataset_type: test, date: 2025-06-13, cloudbed: cloudbed,path: /root/shared-nvme/data_set/2025_CCF_aiops-live-benchmark/phaseone/2025-06-13/cloudbed/trace-parquet/trace_jaeger-span_2025-06-13_07-00-00.parquet.
2025-09-21 23:14:33,885 - INFO - Preprocessing traces: dataset_type: test, date: 2025-06-13, cloudbed: cloudbed,path: /root/shared-nvme/data_set/2025_CCF_aiops-live-benchmark/phaseone/2025-06-13/cloudbed/trace-parquet/trace_jaeger-span_2025-06-13_08-00-00.parquet.
2025-09-21 23:15:13,429 - INFO - Preprocessing traces: dataset_type: test, date: 2025-06-13, cloudbed: cloudbed,path: /root/shared-nvme/data_set/2025_CCF_aiops-live-benchmark/phaseone/2025-06-13/cloudbed/trace-parquet/trace_jaeger-span_2025-06-13_09-00-00.parquet.
2025-09-21 23:16:06,880 - INFO - Preprocessing traces: dataset_type: test, date: 2025-06-13, cloudbed: cloudbed,path: /root/shared-nvme/data_set/2025_CCF_aiops-live-benchmark/phaseone/2025-06-13/cloudbed/trace-parquet/trace_jaeger-span_2025-06-13_10-00-00.parquet.
2025-09-21 23:17:42,876 - INFO - Preprocessing traces: dataset_type: test, date: 2025-06-13, cloudbed: cloudbed,path: /root/shared-nvme/data_set/2025_CCF_aiops-live-benchmark/phaseone/2025-06-13/cloudbed/trace-parquet/trace_jaeger-span_2025-06-13_11-00-00.parquet.
2025-09-21 23:19:39,724 - INFO - Preprocessing traces: dataset_type: test, date: 2025-06-13, cloudbed: cloudbed,path: /root/shared-nvme/data_set/2025_CCF_aiops-live-benchmark/phaseone/2025-06-13/cloudbed/trace-parquet/trace_jaeger-span_2025-06-13_12-00-00.parquet.
2025-09-21 23:21:34,507 - INFO - Preprocessing traces: dataset_type: test, date: 2025-06-13, cloudbed: cloudbed,path: /root/shared-nvme/data_set/2025_CCF_aiops-live-benchmark/phaseone/2025-06-13/cloudbed/trace-parquet/trace_jaeger-span_2025-06-13_13-00-00.parquet.
2025-09-21 23:23:32,267 - INFO - Preprocessing traces: dataset_type: test, date: 2025-06-13, cloudbed: cloudbed,path: /root/shared-nvme/data_set/2025_CCF_aiops-live-benchmark/phaseone/2025-06-13/cloudbed/trace-parquet/trace_jaeger-span_2025-06-13_14-00-00.parquet.
2025-09-21 23:25:30,048 - INFO - Preprocessing traces: dataset_type: test, date: 2025-06-13, cloudbed: cloudbed,path: /root/shared-nvme/data_set/2025_CCF_aiops-live-benchmark/phaseone/2025-06-13/cloudbed/trace-parquet/trace_jaeger-span_2025-06-13_15-00-00.parquet.
2025-09-21 23:27:28,486 - INFO - Preprocessing traces: dataset_type: test, date: 2025-06-13, cloudbed: cloudbed,path: /root/shared-nvme/data_set/2025_CCF_aiops-live-benchmark/phaseone/2025-06-13/cloudbed/trace-parquet/trace_jaeger-span_2025-06-13_16-00-00.parquet.
2025-09-21 23:29:32,527 - INFO - Preprocessing traces: dataset_type: test, date: 2025-06-13, cloudbed: cloudbed,path: /root/shared-nvme/data_set/2025_CCF_aiops-live-benchmark/phaseone/2025-06-13/cloudbed/trace-parquet/trace_jaeger-span_2025-06-13_17-00-00.parquet.
2025-09-21 23:31:51,023 - INFO - Preprocessing traces: dataset_type: test, date: 2025-06-13, cloudbed: cloudbed,path: /root/shared-nvme/data_set/2025_CCF_aiops-live-benchmark/phaseone/2025-06-13/cloudbed/trace-parquet/trace_jaeger-span_2025-06-13_18-00-00.parquet.
2025-09-21 23:33:58,284 - INFO - Preprocessing traces: dataset_type: test, date: 2025-06-13, cloudbed: cloudbed,path: /root/shared-nvme/data_set/2025_CCF_aiops-live-benchmark/phaseone/2025-06-13/cloudbed/trace-parquet/trace_jaeger-span_2025-06-13_19-00-00.parquet.
2025-09-21 23:34:22,995 - INFO - Preprocessing traces: dataset_type: test, date: 2025-06-14, cloudbed: cloudbed,path: /root/shared-nvme/data_set/2025_CCF_aiops-live-benchmark/phaseone/2025-06-14/cloudbed/trace-parquet/trace_jaeger-span_2025-06-14_01-00-00.parquet.
2025-09-21 23:34:55,942 - INFO - Preprocessing traces: dataset_type: test, date: 2025-06-14, cloudbed: cloudbed,path: /root/shared-nvme/data_set/2025_CCF_aiops-live-benchmark/phaseone/2025-06-14/cloudbed/trace-parquet/trace_jaeger-span_2025-06-14_02-00-00.parquet.
2025-09-21 23:35:35,560 - INFO - Preprocessing traces: dataset_type: test, date: 2025-06-14, cloudbed: cloudbed,path: /root/shared-nvme/data_set/2025_CCF_aiops-live-benchmark/phaseone/2025-06-14/cloudbed/trace-parquet/trace_jaeger-span_2025-06-14_03-00-00.parquet.
2025-09-21 23:36:14,285 - INFO - Preprocessing traces: dataset_type: test, date: 2025-06-14, cloudbed: cloudbed,path: /root/shared-nvme/data_set/2025_CCF_aiops-live-benchmark/phaseone/2025-06-14/cloudbed/trace-parquet/trace_jaeger-span_2025-06-14_04-00-00.parquet.
2025-09-21 23:36:54,641 - INFO - Preprocessing traces: dataset_type: test, date: 2025-06-14, cloudbed: cloudbed,path: /root/shared-nvme/data_set/2025_CCF_aiops-live-benchmark/phaseone/2025-06-14/cloudbed/trace-parquet/trace_jaeger-span_2025-06-14_05-00-00.parquet.
2025-09-21 23:37:34,220 - INFO - Preprocessing traces: dataset_type: test, date: 2025-06-14, cloudbed: cloudbed,path: /root/shared-nvme/data_set/2025_CCF_aiops-live-benchmark/phaseone/2025-06-14/cloudbed/trace-parquet/trace_jaeger-span_2025-06-14_06-00-00.parquet.
2025-09-21 23:38:13,159 - INFO - Preprocessing traces: dataset_type: test, date: 2025-06-14, cloudbed: cloudbed,path: /root/shared-nvme/data_set/2025_CCF_aiops-live-benchmark/phaseone/2025-06-14/cloudbed/trace-parquet/trace_jaeger-span_2025-06-14_07-00-00.parquet.
2025-09-21 23:38:53,023 - INFO - Preprocessing traces: dataset_type: test, date: 2025-06-14, cloudbed: cloudbed,path: /root/shared-nvme/data_set/2025_CCF_aiops-live-benchmark/phaseone/2025-06-14/cloudbed/trace-parquet/trace_jaeger-span_2025-06-14_08-00-00.parquet.
2025-09-21 23:39:32,812 - INFO - Preprocessing traces: dataset_type: test, date: 2025-06-14, cloudbed: cloudbed,path: /root/shared-nvme/data_set/2025_CCF_aiops-live-benchmark/phaseone/2025-06-14/cloudbed/trace-parquet/trace_jaeger-span_2025-06-14_09-00-00.parquet.
2025-09-21 23:40:26,114 - INFO - Preprocessing traces: dataset_type: test, date: 2025-06-14, cloudbed: cloudbed,path: /root/shared-nvme/data_set/2025_CCF_aiops-live-benchmark/phaseone/2025-06-14/cloudbed/trace-parquet/trace_jaeger-span_2025-06-14_10-00-00.parquet.
2025-09-21 23:42:03,572 - INFO - Preprocessing traces: dataset_type: test, date: 2025-06-14, cloudbed: cloudbed,path: /root/shared-nvme/data_set/2025_CCF_aiops-live-benchmark/phaseone/2025-06-14/cloudbed/trace-parquet/trace_jaeger-span_2025-06-14_11-00-00.parquet.
2025-09-21 23:43:22,594 - INFO - Preprocessing traces: dataset_type: test, date: 2025-06-14, cloudbed: cloudbed,path: /root/shared-nvme/data_set/2025_CCF_aiops-live-benchmark/phaseone/2025-06-14/cloudbed/trace-parquet/trace_jaeger-span_2025-06-14_12-00-00.parquet.
2025-09-21 23:45:24,814 - INFO - Preprocessing traces: dataset_type: test, date: 2025-06-14, cloudbed: cloudbed,path: /root/shared-nvme/data_set/2025_CCF_aiops-live-benchmark/phaseone/2025-06-14/cloudbed/trace-parquet/trace_jaeger-span_2025-06-14_13-00-00.parquet.
2025-09-21 23:47:22,453 - INFO - Preprocessing traces: dataset_type: test, date: 2025-06-14, cloudbed: cloudbed,path: /root/shared-nvme/data_set/2025_CCF_aiops-live-benchmark/phaseone/2025-06-14/cloudbed/trace-parquet/trace_jaeger-span_2025-06-14_14-00-00.parquet.
2025-09-21 23:49:09,293 - INFO - Preprocessing traces: dataset_type: test, date: 2025-06-14, cloudbed: cloudbed,path: /root/shared-nvme/data_set/2025_CCF_aiops-live-benchmark/phaseone/2025-06-14/cloudbed/trace-parquet/trace_jaeger-span_2025-06-14_15-00-00.parquet.
2025-09-21 23:51:08,154 - INFO - Preprocessing traces: dataset_type: test, date: 2025-06-14, cloudbed: cloudbed,path: /root/shared-nvme/data_set/2025_CCF_aiops-live-benchmark/phaseone/2025-06-14/cloudbed/trace-parquet/trace_jaeger-span_2025-06-14_16-00-00.parquet.
2025-09-21 23:53:14,523 - INFO - Preprocessing traces: dataset_type: test, date: 2025-06-14, cloudbed: cloudbed,path: /root/shared-nvme/data_set/2025_CCF_aiops-live-benchmark/phaseone/2025-06-14/cloudbed/trace-parquet/trace_jaeger-span_2025-06-14_17-00-00.parquet.
2025-09-21 23:54:46,488 - INFO - Preprocessing traces: dataset_type: test, date: 2025-06-14, cloudbed: cloudbed,path: /root/shared-nvme/data_set/2025_CCF_aiops-live-benchmark/phaseone/2025-06-14/cloudbed/trace-parquet/trace_jaeger-span_2025-06-14_18-00-00.parquet.
2025-09-21 23:56:46,205 - INFO - Preprocessing traces: dataset_type: test, date: 2025-06-14, cloudbed: cloudbed,path: /root/shared-nvme/data_set/2025_CCF_aiops-live-benchmark/phaseone/2025-06-14/cloudbed/trace-parquet/trace_jaeger-span_2025-06-14_19-00-00.parquet.
2025-09-21 23:58:15,512 - INFO - Preprocessing traces: dataset_type: test, date: 2025-06-14, cloudbed: cloudbed,path: /root/shared-nvme/data_set/2025_CCF_aiops-live-benchmark/phaseone/2025-06-14/cloudbed/trace-parquet/trace_jaeger-span_2025-06-14_20-00-00.parquet.
2025-09-21 23:59:29,873 - INFO - Preprocessing traces: dataset_type: test, date: 2025-06-14, cloudbed: cloudbed,path: /root/shared-nvme/data_set/2025_CCF_aiops-live-benchmark/phaseone/2025-06-14/cloudbed/trace-parquet/trace_jaeger-span_2025-06-14_21-00-00.parquet.
2025-09-22 00:00:20,327 - INFO - Preprocessing traces: dataset_type: test, date: 2025-06-14, cloudbed: cloudbed,path: /root/shared-nvme/data_set/2025_CCF_aiops-live-benchmark/phaseone/2025-06-14/cloudbed/trace-parquet/trace_jaeger-span_2025-06-14_22-00-00.parquet.
/root/shared-nvme/data_set/2025_CCF_aiops-live-benchmark/phaseone/2025-06-06/cloudbed/trace-parquet/trace_jaeger-span_2025-06-06_00-00-00.parquet
/root/shared-nvme/data_set/2025_CCF_aiops-live-benchmark/phaseone/2025-06-06/cloudbed/trace-parquet/trace_jaeger-span_2025-06-06_01-00-00.parquet
/root/shared-nvme/data_set/2025_CCF_aiops-live-benchmark/phaseone/2025-06-06/cloudbed/trace-parquet/trace_jaeger-span_2025-06-06_02-00-00.parquet
/root/shared-nvme/data_set/2025_CCF_aiops-live-benchmark/phaseone/2025-06-06/cloudbed/trace-parquet/trace_jaeger-span_2025-06-06_03-00-00.parquet
/root/shared-nvme/data_set/2025_CCF_aiops-live-benchmark/phaseone/2025-06-06/cloudbed/trace-parquet/trace_jaeger-span_2025-06-06_04-00-00.parquet
/root/shared-nvme/data_set/2025_CCF_aiops-live-benchmark/phaseone/2025-06-06/cloudbed/trace-parquet/trace_jaeger-span_2025-06-06_05-00-00.parquet
/root/shared-nvme/data_set/2025_CCF_aiops-live-benchmark/phaseone/2025-06-06/cloudbed/trace-parquet/trace_jaeger-span_2025-06-06_06-00-00.parquet
/root/shared-nvme/data_set/2025_CCF_aiops-live-benchmark/phaseone/2025-06-06/cloudbed/trace-parquet/trace_jaeger-span_2025-06-06_07-00-00.parquet
/root/shared-nvme/data_set/2025_CCF_aiops-live-benchmark/phaseone/2025-06-06/cloudbed/trace-parquet/trace_jaeger-span_2025-06-06_08-00-00.parquet
/root/shared-nvme/data_set/2025_CCF_aiops-live-benchmark/phaseone/2025-06-06/cloudbed/trace-parquet/trace_jaeger-span_2025-06-06_09-00-00.parquet
/root/shared-nvme/data_set/2025_CCF_aiops-live-benchmark/phaseone/2025-06-06/cloudbed/trace-parquet/trace_jaeger-span_2025-06-06_10-00-00.parquet
/root/shared-nvme/data_set/2025_CCF_aiops-live-benchmark/phaseone/2025-06-06/cloudbed/trace-parquet/trace_jaeger-span_2025-06-06_11-00-00.parquet
/root/shared-nvme/data_set/2025_CCF_aiops-live-benchmark/phaseone/2025-06-06/cloudbed/trace-parquet/trace_jaeger-span_2025-06-06_12-00-00.parquet
/root/shared-nvme/data_set/2025_CCF_aiops-live-benchmark/phaseone/2025-06-06/cloudbed/trace-parquet/trace_jaeger-span_2025-06-06_13-00-00.parquet
/root/shared-nvme/data_set/2025_CCF_aiops-live-benchmark/phaseone/2025-06-06/cloudbed/trace-parquet/trace_jaeger-span_2025-06-06_14-00-00.parquet
/root/shared-nvme/data_set/2025_CCF_aiops-live-benchmark/phaseone/2025-06-06/cloudbed/trace-parquet/trace_jaeger-span_2025-06-06_15-00-00.parquet
/root/shared-nvme/data_set/2025_CCF_aiops-live-benchmark/phaseone/2025-06-06/cloudbed/trace-parquet/trace_jaeger-span_2025-06-06_16-00-00.parquet
/root/shared-nvme/data_set/2025_CCF_aiops-live-benchmark/phaseone/2025-06-06/cloudbed/trace-parquet/trace_jaeger-span_2025-06-06_17-00-00.parquet
/root/shared-nvme/data_set/2025_CCF_aiops-live-benchmark/phaseone/2025-06-06/cloudbed/trace-parquet/trace_jaeger-span_2025-06-06_18-00-00.parquet
/root/shared-nvme/data_set/2025_CCF_aiops-live-benchmark/phaseone/2025-06-06/cloudbed/trace-parquet/trace_jaeger-span_2025-06-06_19-00-00.parquet
/root/shared-nvme/data_set/2025_CCF_aiops-live-benchmark/phaseone/2025-06-06/cloudbed/trace-parquet/trace_jaeger-span_2025-06-06_20-00-00.parquet
/root/shared-nvme/data_set/2025_CCF_aiops-live-benchmark/phaseone/2025-06-06/cloudbed/trace-parquet/trace_jaeger-span_2025-06-06_21-00-00.parquet
/root/shared-nvme/data_set/2025_CCF_aiops-live-benchmark/phaseone/2025-06-06/cloudbed/trace-parquet/trace_jaeger-span_2025-06-06_22-00-00.parquet
/root/shared-nvme/data_set/2025_CCF_aiops-live-benchmark/phaseone/2025-06-06/cloudbed/trace-parquet/trace_jaeger-span_2025-06-06_23-00-00.parquet
/root/shared-nvme/data_set/2025_CCF_aiops-live-benchmark/phaseone/2025-06-07/cloudbed/trace-parquet/trace_jaeger-span_2025-06-07_00-00-00.parquet
/root/shared-nvme/data_set/2025_CCF_aiops-live-benchmark/phaseone/2025-06-07/cloudbed/trace-parquet/trace_jaeger-span_2025-06-07_01-00-00.parquet
/root/shared-nvme/data_set/2025_CCF_aiops-live-benchmark/phaseone/2025-06-07/cloudbed/trace-parquet/trace_jaeger-span_2025-06-07_02-00-00.parquet
/root/shared-nvme/data_set/2025_CCF_aiops-live-benchmark/phaseone/2025-06-07/cloudbed/trace-parquet/trace_jaeger-span_2025-06-07_03-00-00.parquet
/root/shared-nvme/data_set/2025_CCF_aiops-live-benchmark/phaseone/2025-06-07/cloudbed/trace-parquet/trace_jaeger-span_2025-06-07_04-00-00.parquet
/root/shared-nvme/data_set/2025_CCF_aiops-live-benchmark/phaseone/2025-06-07/cloudbed/trace-parquet/trace_jaeger-span_2025-06-07_05-00-00.parquet
/root/shared-nvme/data_set/2025_CCF_aiops-live-benchmark/phaseone/2025-06-07/cloudbed/trace-parquet/trace_jaeger-span_2025-06-07_06-00-00.parquet
/root/shared-nvme/data_set/2025_CCF_aiops-live-benchmark/phaseone/2025-06-07/cloudbed/trace-parquet/trace_jaeger-span_2025-06-07_07-00-00.parquet
/root/shared-nvme/data_set/2025_CCF_aiops-live-benchmark/phaseone/2025-06-07/cloudbed/trace-parquet/trace_jaeger-span_2025-06-07_08-00-00.parquet
/root/shared-nvme/data_set/2025_CCF_aiops-live-benchmark/phaseone/2025-06-07/cloudbed/trace-parquet/trace_jaeger-span_2025-06-07_09-00-00.parquet
/root/shared-nvme/data_set/2025_CCF_aiops-live-benchmark/phaseone/2025-06-07/cloudbed/trace-parquet/trace_jaeger-span_2025-06-07_10-00-00.parquet
/root/shared-nvme/data_set/2025_CCF_aiops-live-benchmark/phaseone/2025-06-07/cloudbed/trace-parquet/trace_jaeger-span_2025-06-07_11-00-00.parquet
/root/shared-nvme/data_set/2025_CCF_aiops-live-benchmark/phaseone/2025-06-07/cloudbed/trace-parquet/trace_jaeger-span_2025-06-07_12-00-00.parquet
/root/shared-nvme/data_set/2025_CCF_aiops-live-benchmark/phaseone/2025-06-07/cloudbed/trace-parquet/trace_jaeger-span_2025-06-07_13-00-00.parquet
/root/shared-nvme/data_set/2025_CCF_aiops-live-benchmark/phaseone/2025-06-07/cloudbed/trace-parquet/trace_jaeger-span_2025-06-07_14-00-00.parquet
/root/shared-nvme/data_set/2025_CCF_aiops-live-benchmark/phaseone/2025-06-07/cloudbed/trace-parquet/trace_jaeger-span_2025-06-07_15-00-00.parquet
/root/shared-nvme/data_set/2025_CCF_aiops-live-benchmark/phaseone/2025-06-07/cloudbed/trace-parquet/trace_jaeger-span_2025-06-07_16-00-00.parquet
/root/shared-nvme/data_set/2025_CCF_aiops-live-benchmark/phaseone/2025-06-07/cloudbed/trace-parquet/trace_jaeger-span_2025-06-07_17-00-00.parquet
/root/shared-nvme/data_set/2025_CCF_aiops-live-benchmark/phaseone/2025-06-07/cloudbed/trace-parquet/trace_jaeger-span_2025-06-07_18-00-00.parquet
/root/shared-nvme/data_set/2025_CCF_aiops-live-benchmark/phaseone/2025-06-07/cloudbed/trace-parquet/trace_jaeger-span_2025-06-07_19-00-00.parquet
/root/shared-nvme/data_set/2025_CCF_aiops-live-benchmark/phaseone/2025-06-07/cloudbed/trace-parquet/trace_jaeger-span_2025-06-07_20-00-00.parquet
/root/shared-nvme/data_set/2025_CCF_aiops-live-benchmark/phaseone/2025-06-07/cloudbed/trace-parquet/trace_jaeger-span_2025-06-07_21-00-00.parquet
/root/shared-nvme/data_set/2025_CCF_aiops-live-benchmark/phaseone/2025-06-07/cloudbed/trace-parquet/trace_jaeger-span_2025-06-07_22-00-00.parquet
/root/shared-nvme/data_set/2025_CCF_aiops-live-benchmark/phaseone/2025-06-07/cloudbed/trace-parquet/trace_jaeger-span_2025-06-07_23-00-00.parquet
/root/shared-nvme/data_set/2025_CCF_aiops-live-benchmark/phaseone/2025-06-08/cloudbed/trace-parquet/trace_jaeger-span_2025-06-08_00-00-00.parquet
/root/shared-nvme/data_set/2025_CCF_aiops-live-benchmark/phaseone/2025-06-08/cloudbed/trace-parquet/trace_jaeger-span_2025-06-08_01-00-00.parquet
/root/shared-nvme/data_set/2025_CCF_aiops-live-benchmark/phaseone/2025-06-08/cloudbed/trace-parquet/trace_jaeger-span_2025-06-08_02-00-00.parquet
/root/shared-nvme/data_set/2025_CCF_aiops-live-benchmark/phaseone/2025-06-08/cloudbed/trace-parquet/trace_jaeger-span_2025-06-08_03-00-00.parquet
/root/shared-nvme/data_set/2025_CCF_aiops-live-benchmark/phaseone/2025-06-08/cloudbed/trace-parquet/trace_jaeger-span_2025-06-08_04-00-00.parquet
/root/shared-nvme/data_set/2025_CCF_aiops-live-benchmark/phaseone/2025-06-08/cloudbed/trace-parquet/trace_jaeger-span_2025-06-08_05-00-00.parquet
/root/shared-nvme/data_set/2025_CCF_aiops-live-benchmark/phaseone/2025-06-08/cloudbed/trace-parquet/trace_jaeger-span_2025-06-08_06-00-00.parquet
/root/shared-nvme/data_set/2025_CCF_aiops-live-benchmark/phaseone/2025-06-08/cloudbed/trace-parquet/trace_jaeger-span_2025-06-08_07-00-00.parquet
/root/shared-nvme/data_set/2025_CCF_aiops-live-benchmark/phaseone/2025-06-08/cloudbed/trace-parquet/trace_jaeger-span_2025-06-08_08-00-00.parquet
/root/shared-nvme/data_set/2025_CCF_aiops-live-benchmark/phaseone/2025-06-08/cloudbed/trace-parquet/trace_jaeger-span_2025-06-08_09-00-00.parquet
/root/shared-nvme/data_set/2025_CCF_aiops-live-benchmark/phaseone/2025-06-08/cloudbed/trace-parquet/trace_jaeger-span_2025-06-08_10-00-00.parquet
/root/shared-nvme/data_set/2025_CCF_aiops-live-benchmark/phaseone/2025-06-08/cloudbed/trace-parquet/trace_jaeger-span_2025-06-08_11-00-00.parquet
/root/shared-nvme/data_set/2025_CCF_aiops-live-benchmark/phaseone/2025-06-08/cloudbed/trace-parquet/trace_jaeger-span_2025-06-08_12-00-00.parquet
/root/shared-nvme/data_set/2025_CCF_aiops-live-benchmark/phaseone/2025-06-08/cloudbed/trace-parquet/trace_jaeger-span_2025-06-08_13-00-00.parquet
/root/shared-nvme/data_set/2025_CCF_aiops-live-benchmark/phaseone/2025-06-08/cloudbed/trace-parquet/trace_jaeger-span_2025-06-08_14-00-00.parquet
/root/shared-nvme/data_set/2025_CCF_aiops-live-benchmark/phaseone/2025-06-08/cloudbed/trace-parquet/trace_jaeger-span_2025-06-08_15-00-00.parquet
/root/shared-nvme/data_set/2025_CCF_aiops-live-benchmark/phaseone/2025-06-08/cloudbed/trace-parquet/trace_jaeger-span_2025-06-08_16-00-00.parquet
/root/shared-nvme/data_set/2025_CCF_aiops-live-benchmark/phaseone/2025-06-08/cloudbed/trace-parquet/trace_jaeger-span_2025-06-08_17-00-00.parquet
/root/shared-nvme/data_set/2025_CCF_aiops-live-benchmark/phaseone/2025-06-08/cloudbed/trace-parquet/trace_jaeger-span_2025-06-08_18-00-00.parquet
/root/shared-nvme/data_set/2025_CCF_aiops-live-benchmark/phaseone/2025-06-08/cloudbed/trace-parquet/trace_jaeger-span_2025-06-08_19-00-00.parquet
/root/shared-nvme/data_set/2025_CCF_aiops-live-benchmark/phaseone/2025-06-08/cloudbed/trace-parquet/trace_jaeger-span_2025-06-08_20-00-00.parquet
/root/shared-nvme/data_set/2025_CCF_aiops-live-benchmark/phaseone/2025-06-09/cloudbed/trace-parquet/trace_jaeger-span_2025-06-09_06-00-00.parquet
/root/shared-nvme/data_set/2025_CCF_aiops-live-benchmark/phaseone/2025-06-09/cloudbed/trace-parquet/trace_jaeger-span_2025-06-09_07-00-00.parquet
/root/shared-nvme/data_set/2025_CCF_aiops-live-benchmark/phaseone/2025-06-09/cloudbed/trace-parquet/trace_jaeger-span_2025-06-09_08-00-00.parquet
/root/shared-nvme/data_set/2025_CCF_aiops-live-benchmark/phaseone/2025-06-09/cloudbed/trace-parquet/trace_jaeger-span_2025-06-09_09-00-00.parquet
/root/shared-nvme/data_set/2025_CCF_aiops-live-benchmark/phaseone/2025-06-09/cloudbed/trace-parquet/trace_jaeger-span_2025-06-09_10-00-00.parquet
/root/shared-nvme/data_set/2025_CCF_aiops-live-benchmark/phaseone/2025-06-09/cloudbed/trace-parquet/trace_jaeger-span_2025-06-09_11-00-00.parquet
/root/shared-nvme/data_set/2025_CCF_aiops-live-benchmark/phaseone/2025-06-09/cloudbed/trace-parquet/trace_jaeger-span_2025-06-09_12-00-00.parquet
/root/shared-nvme/data_set/2025_CCF_aiops-live-benchmark/phaseone/2025-06-09/cloudbed/trace-parquet/trace_jaeger-span_2025-06-09_13-00-00.parquet
/root/shared-nvme/data_set/2025_CCF_aiops-live-benchmark/phaseone/2025-06-09/cloudbed/trace-parquet/trace_jaeger-span_2025-06-09_14-00-00.parquet
/root/shared-nvme/data_set/2025_CCF_aiops-live-benchmark/phaseone/2025-06-09/cloudbed/trace-parquet/trace_jaeger-span_2025-06-09_15-00-00.parquet
/root/shared-nvme/data_set/2025_CCF_aiops-live-benchmark/phaseone/2025-06-09/cloudbed/trace-parquet/trace_jaeger-span_2025-06-09_16-00-00.parquet
/root/shared-nvme/data_set/2025_CCF_aiops-live-benchmark/phaseone/2025-06-09/cloudbed/trace-parquet/trace_jaeger-span_2025-06-09_17-00-00.parquet
/root/shared-nvme/data_set/2025_CCF_aiops-live-benchmark/phaseone/2025-06-09/cloudbed/trace-parquet/trace_jaeger-span_2025-06-09_18-00-00.parquet
/root/shared-nvme/data_set/2025_CCF_aiops-live-benchmark/phaseone/2025-06-10/cloudbed/trace-parquet/trace_jaeger-span_2025-06-10_05-00-00.parquet
/root/shared-nvme/data_set/2025_CCF_aiops-live-benchmark/phaseone/2025-06-10/cloudbed/trace-parquet/trace_jaeger-span_2025-06-10_06-00-00.parquet
/root/shared-nvme/data_set/2025_CCF_aiops-live-benchmark/phaseone/2025-06-10/cloudbed/trace-parquet/trace_jaeger-span_2025-06-10_07-00-00.parquet
/root/shared-nvme/data_set/2025_CCF_aiops-live-benchmark/phaseone/2025-06-10/cloudbed/trace-parquet/trace_jaeger-span_2025-06-10_08-00-00.parquet
/root/shared-nvme/data_set/2025_CCF_aiops-live-benchmark/phaseone/2025-06-10/cloudbed/trace-parquet/trace_jaeger-span_2025-06-10_09-00-00.parquet
/root/shared-nvme/data_set/2025_CCF_aiops-live-benchmark/phaseone/2025-06-10/cloudbed/trace-parquet/trace_jaeger-span_2025-06-10_10-00-00.parquet
/root/shared-nvme/data_set/2025_CCF_aiops-live-benchmark/phaseone/2025-06-10/cloudbed/trace-parquet/trace_jaeger-span_2025-06-10_11-00-00.parquet
/root/shared-nvme/data_set/2025_CCF_aiops-live-benchmark/phaseone/2025-06-10/cloudbed/trace-parquet/trace_jaeger-span_2025-06-10_12-00-00.parquet
/root/shared-nvme/data_set/2025_CCF_aiops-live-benchmark/phaseone/2025-06-10/cloudbed/trace-parquet/trace_jaeger-span_2025-06-10_13-00-00.parquet
/root/shared-nvme/data_set/2025_CCF_aiops-live-benchmark/phaseone/2025-06-10/cloudbed/trace-parquet/trace_jaeger-span_2025-06-10_14-00-00.parquet
/root/shared-nvme/data_set/2025_CCF_aiops-live-benchmark/phaseone/2025-06-10/cloudbed/trace-parquet/trace_jaeger-span_2025-06-10_15-00-00.parquet
/root/shared-nvme/data_set/2025_CCF_aiops-live-benchmark/phaseone/2025-06-10/cloudbed/trace-parquet/trace_jaeger-span_2025-06-10_16-00-00.parquet
/root/shared-nvme/data_set/2025_CCF_aiops-live-benchmark/phaseone/2025-06-10/cloudbed/trace-parquet/trace_jaeger-span_2025-06-10_17-00-00.parquet
/root/shared-nvme/data_set/2025_CCF_aiops-live-benchmark/phaseone/2025-06-10/cloudbed/trace-parquet/trace_jaeger-span_2025-06-10_18-00-00.parquet
/root/shared-nvme/data_set/2025_CCF_aiops-live-benchmark/phaseone/2025-06-10/cloudbed/trace-parquet/trace_jaeger-span_2025-06-10_19-00-00.parquet
/root/shared-nvme/data_set/2025_CCF_aiops-live-benchmark/phaseone/2025-06-10/cloudbed/trace-parquet/trace_jaeger-span_2025-06-10_20-00-00.parquet
/root/shared-nvme/data_set/2025_CCF_aiops-live-benchmark/phaseone/2025-06-10/cloudbed/trace-parquet/trace_jaeger-span_2025-06-10_21-00-00.parquet
/root/shared-nvme/data_set/2025_CCF_aiops-live-benchmark/phaseone/2025-06-10/cloudbed/trace-parquet/trace_jaeger-span_2025-06-10_22-00-00.parquet
/root/shared-nvme/data_set/2025_CCF_aiops-live-benchmark/phaseone/2025-06-10/cloudbed/trace-parquet/trace_jaeger-span_2025-06-10_23-00-00.parquet
/root/shared-nvme/data_set/2025_CCF_aiops-live-benchmark/phaseone/2025-06-11/cloudbed/trace-parquet/trace_jaeger-span_2025-06-11_00-00-00.parquet
/root/shared-nvme/data_set/2025_CCF_aiops-live-benchmark/phaseone/2025-06-11/cloudbed/trace-parquet/trace_jaeger-span_2025-06-11_01-00-00.parquet
/root/shared-nvme/data_set/2025_CCF_aiops-live-benchmark/phaseone/2025-06-11/cloudbed/trace-parquet/trace_jaeger-span_2025-06-11_02-00-00.parquet
/root/shared-nvme/data_set/2025_CCF_aiops-live-benchmark/phaseone/2025-06-11/cloudbed/trace-parquet/trace_jaeger-span_2025-06-11_03-00-00.parquet
/root/shared-nvme/data_set/2025_CCF_aiops-live-benchmark/phaseone/2025-06-11/cloudbed/trace-parquet/trace_jaeger-span_2025-06-11_04-00-00.parquet
/root/shared-nvme/data_set/2025_CCF_aiops-live-benchmark/phaseone/2025-06-11/cloudbed/trace-parquet/trace_jaeger-span_2025-06-11_05-00-00.parquet
/root/shared-nvme/data_set/2025_CCF_aiops-live-benchmark/phaseone/2025-06-11/cloudbed/trace-parquet/trace_jaeger-span_2025-06-11_06-00-00.parquet
/root/shared-nvme/data_set/2025_CCF_aiops-live-benchmark/phaseone/2025-06-11/cloudbed/trace-parquet/trace_jaeger-span_2025-06-11_07-00-00.parquet
/root/shared-nvme/data_set/2025_CCF_aiops-live-benchmark/phaseone/2025-06-11/cloudbed/trace-parquet/trace_jaeger-span_2025-06-11_08-00-00.parquet
/root/shared-nvme/data_set/2025_CCF_aiops-live-benchmark/phaseone/2025-06-11/cloudbed/trace-parquet/trace_jaeger-span_2025-06-11_09-00-00.parquet
/root/shared-nvme/data_set/2025_CCF_aiops-live-benchmark/phaseone/2025-06-11/cloudbed/trace-parquet/trace_jaeger-span_2025-06-11_10-00-00.parquet
/root/shared-nvme/data_set/2025_CCF_aiops-live-benchmark/phaseone/2025-06-11/cloudbed/trace-parquet/trace_jaeger-span_2025-06-11_11-00-00.parquet
/root/shared-nvme/data_set/2025_CCF_aiops-live-benchmark/phaseone/2025-06-11/cloudbed/trace-parquet/trace_jaeger-span_2025-06-11_12-00-00.parquet
/root/shared-nvme/data_set/2025_CCF_aiops-live-benchmark/phaseone/2025-06-11/cloudbed/trace-parquet/trace_jaeger-span_2025-06-11_13-00-00.parquet
/root/shared-nvme/data_set/2025_CCF_aiops-live-benchmark/phaseone/2025-06-11/cloudbed/trace-parquet/trace_jaeger-span_2025-06-11_14-00-00.parquet
/root/shared-nvme/data_set/2025_CCF_aiops-live-benchmark/phaseone/2025-06-11/cloudbed/trace-parquet/trace_jaeger-span_2025-06-11_15-00-00.parquet
/root/shared-nvme/data_set/2025_CCF_aiops-live-benchmark/phaseone/2025-06-11/cloudbed/trace-parquet/trace_jaeger-span_2025-06-11_16-00-00.parquet
/root/shared-nvme/data_set/2025_CCF_aiops-live-benchmark/phaseone/2025-06-11/cloudbed/trace-parquet/trace_jaeger-span_2025-06-11_17-00-00.parquet
/root/shared-nvme/data_set/2025_CCF_aiops-live-benchmark/phaseone/2025-06-11/cloudbed/trace-parquet/trace_jaeger-span_2025-06-11_18-00-00.parquet
/root/shared-nvme/data_set/2025_CCF_aiops-live-benchmark/phaseone/2025-06-11/cloudbed/trace-parquet/trace_jaeger-span_2025-06-11_19-00-00.parquet
/root/shared-nvme/data_set/2025_CCF_aiops-live-benchmark/phaseone/2025-06-11/cloudbed/trace-parquet/trace_jaeger-span_2025-06-11_20-00-00.parquet
/root/shared-nvme/data_set/2025_CCF_aiops-live-benchmark/phaseone/2025-06-11/cloudbed/trace-parquet/trace_jaeger-span_2025-06-11_21-00-00.parquet
/root/shared-nvme/data_set/2025_CCF_aiops-live-benchmark/phaseone/2025-06-11/cloudbed/trace-parquet/trace_jaeger-span_2025-06-11_22-00-00.parquet
/root/shared-nvme/data_set/2025_CCF_aiops-live-benchmark/phaseone/2025-06-11/cloudbed/trace-parquet/trace_jaeger-span_2025-06-11_23-00-00.parquet
/root/shared-nvme/data_set/2025_CCF_aiops-live-benchmark/phaseone/2025-06-12/cloudbed/trace-parquet/trace_jaeger-span_2025-06-12_00-00-00.parquet
/root/shared-nvme/data_set/2025_CCF_aiops-live-benchmark/phaseone/2025-06-12/cloudbed/trace-parquet/trace_jaeger-span_2025-06-12_01-00-00.parquet
/root/shared-nvme/data_set/2025_CCF_aiops-live-benchmark/phaseone/2025-06-12/cloudbed/trace-parquet/trace_jaeger-span_2025-06-12_02-00-00.parquet
/root/shared-nvme/data_set/2025_CCF_aiops-live-benchmark/phaseone/2025-06-12/cloudbed/trace-parquet/trace_jaeger-span_2025-06-12_03-00-00.parquet
/root/shared-nvme/data_set/2025_CCF_aiops-live-benchmark/phaseone/2025-06-12/cloudbed/trace-parquet/trace_jaeger-span_2025-06-12_04-00-00.parquet
/root/shared-nvme/data_set/2025_CCF_aiops-live-benchmark/phaseone/2025-06-12/cloudbed/trace-parquet/trace_jaeger-span_2025-06-12_05-00-00.parquet
/root/shared-nvme/data_set/2025_CCF_aiops-live-benchmark/phaseone/2025-06-12/cloudbed/trace-parquet/trace_jaeger-span_2025-06-12_06-00-00.parquet
/root/shared-nvme/data_set/2025_CCF_aiops-live-benchmark/phaseone/2025-06-12/cloudbed/trace-parquet/trace_jaeger-span_2025-06-12_07-00-00.parquet
/root/shared-nvme/data_set/2025_CCF_aiops-live-benchmark/phaseone/2025-06-12/cloudbed/trace-parquet/trace_jaeger-span_2025-06-12_08-00-00.parquet
/root/shared-nvme/data_set/2025_CCF_aiops-live-benchmark/phaseone/2025-06-12/cloudbed/trace-parquet/trace_jaeger-span_2025-06-12_09-00-00.parquet
/root/shared-nvme/data_set/2025_CCF_aiops-live-benchmark/phaseone/2025-06-12/cloudbed/trace-parquet/trace_jaeger-span_2025-06-12_10-00-00.parquet
/root/shared-nvme/data_set/2025_CCF_aiops-live-benchmark/phaseone/2025-06-12/cloudbed/trace-parquet/trace_jaeger-span_2025-06-12_11-00-00.parquet
/root/shared-nvme/data_set/2025_CCF_aiops-live-benchmark/phaseone/2025-06-12/cloudbed/trace-parquet/trace_jaeger-span_2025-06-12_12-00-00.parquet
/root/shared-nvme/data_set/2025_CCF_aiops-live-benchmark/phaseone/2025-06-12/cloudbed/trace-parquet/trace_jaeger-span_2025-06-12_13-00-00.parquet
/root/shared-nvme/data_set/2025_CCF_aiops-live-benchmark/phaseone/2025-06-12/cloudbed/trace-parquet/trace_jaeger-span_2025-06-12_14-00-00.parquet
/root/shared-nvme/data_set/2025_CCF_aiops-live-benchmark/phaseone/2025-06-12/cloudbed/trace-parquet/trace_jaeger-span_2025-06-12_15-00-00.parquet
/root/shared-nvme/data_set/2025_CCF_aiops-live-benchmark/phaseone/2025-06-12/cloudbed/trace-parquet/trace_jaeger-span_2025-06-12_16-00-00.parquet
/root/shared-nvme/data_set/2025_CCF_aiops-live-benchmark/phaseone/2025-06-12/cloudbed/trace-parquet/trace_jaeger-span_2025-06-12_17-00-00.parquet
/root/shared-nvme/data_set/2025_CCF_aiops-live-benchmark/phaseone/2025-06-12/cloudbed/trace-parquet/trace_jaeger-span_2025-06-12_18-00-00.parquet
/root/shared-nvme/data_set/2025_CCF_aiops-live-benchmark/phaseone/2025-06-12/cloudbed/trace-parquet/trace_jaeger-span_2025-06-12_19-00-00.parquet
/root/shared-nvme/data_set/2025_CCF_aiops-live-benchmark/phaseone/2025-06-13/cloudbed/trace-parquet/trace_jaeger-span_2025-06-13_01-00-00.parquet
/root/shared-nvme/data_set/2025_CCF_aiops-live-benchmark/phaseone/2025-06-13/cloudbed/trace-parquet/trace_jaeger-span_2025-06-13_02-00-00.parquet
/root/shared-nvme/data_set/2025_CCF_aiops-live-benchmark/phaseone/2025-06-13/cloudbed/trace-parquet/trace_jaeger-span_2025-06-13_03-00-00.parquet
/root/shared-nvme/data_set/2025_CCF_aiops-live-benchmark/phaseone/2025-06-13/cloudbed/trace-parquet/trace_jaeger-span_2025-06-13_04-00-00.parquet
/root/shared-nvme/data_set/2025_CCF_aiops-live-benchmark/phaseone/2025-06-13/cloudbed/trace-parquet/trace_jaeger-span_2025-06-13_05-00-00.parquet
/root/shared-nvme/data_set/2025_CCF_aiops-live-benchmark/phaseone/2025-06-13/cloudbed/trace-parquet/trace_jaeger-span_2025-06-13_06-00-00.parquet
/root/shared-nvme/data_set/2025_CCF_aiops-live-benchmark/phaseone/2025-06-13/cloudbed/trace-parquet/trace_jaeger-span_2025-06-13_07-00-00.parquet
/root/shared-nvme/data_set/2025_CCF_aiops-live-benchmark/phaseone/2025-06-13/cloudbed/trace-parquet/trace_jaeger-span_2025-06-13_08-00-00.parquet
/root/shared-nvme/data_set/2025_CCF_aiops-live-benchmark/phaseone/2025-06-13/cloudbed/trace-parquet/trace_jaeger-span_2025-06-13_09-00-00.parquet
/root/shared-nvme/data_set/2025_CCF_aiops-live-benchmark/phaseone/2025-06-13/cloudbed/trace-parquet/trace_jaeger-span_2025-06-13_10-00-00.parquet
/root/shared-nvme/data_set/2025_CCF_aiops-live-benchmark/phaseone/2025-06-13/cloudbed/trace-parquet/trace_jaeger-span_2025-06-13_11-00-00.parquet
/root/shared-nvme/data_set/2025_CCF_aiops-live-benchmark/phaseone/2025-06-13/cloudbed/trace-parquet/trace_jaeger-span_2025-06-13_12-00-00.parquet
/root/shared-nvme/data_set/2025_CCF_aiops-live-benchmark/phaseone/2025-06-13/cloudbed/trace-parquet/trace_jaeger-span_2025-06-13_13-00-00.parquet
/root/shared-nvme/data_set/2025_CCF_aiops-live-benchmark/phaseone/2025-06-13/cloudbed/trace-parquet/trace_jaeger-span_2025-06-13_14-00-00.parquet
/root/shared-nvme/data_set/2025_CCF_aiops-live-benchmark/phaseone/2025-06-13/cloudbed/trace-parquet/trace_jaeger-span_2025-06-13_15-00-00.parquet
/root/shared-nvme/data_set/2025_CCF_aiops-live-benchmark/phaseone/2025-06-13/cloudbed/trace-parquet/trace_jaeger-span_2025-06-13_16-00-00.parquet
/root/shared-nvme/data_set/2025_CCF_aiops-live-benchmark/phaseone/2025-06-13/cloudbed/trace-parquet/trace_jaeger-span_2025-06-13_17-00-00.parquet
/root/shared-nvme/data_set/2025_CCF_aiops-live-benchmark/phaseone/2025-06-13/cloudbed/trace-parquet/trace_jaeger-span_2025-06-13_18-00-00.parquet
/root/shared-nvme/data_set/2025_CCF_aiops-live-benchmark/phaseone/2025-06-13/cloudbed/trace-parquet/trace_jaeger-span_2025-06-13_19-00-00.parquet
/root/shared-nvme/data_set/2025_CCF_aiops-live-benchmark/phaseone/2025-06-14/cloudbed/trace-parquet/trace_jaeger-span_2025-06-14_01-00-00.parquet
/root/shared-nvme/data_set/2025_CCF_aiops-live-benchmark/phaseone/2025-06-14/cloudbed/trace-parquet/trace_jaeger-span_2025-06-14_02-00-00.parquet
/root/shared-nvme/data_set/2025_CCF_aiops-live-benchmark/phaseone/2025-06-14/cloudbed/trace-parquet/trace_jaeger-span_2025-06-14_03-00-00.parquet
/root/shared-nvme/data_set/2025_CCF_aiops-live-benchmark/phaseone/2025-06-14/cloudbed/trace-parquet/trace_jaeger-span_2025-06-14_04-00-00.parquet
/root/shared-nvme/data_set/2025_CCF_aiops-live-benchmark/phaseone/2025-06-14/cloudbed/trace-parquet/trace_jaeger-span_2025-06-14_05-00-00.parquet
/root/shared-nvme/data_set/2025_CCF_aiops-live-benchmark/phaseone/2025-06-14/cloudbed/trace-parquet/trace_jaeger-span_2025-06-14_06-00-00.parquet
/root/shared-nvme/data_set/2025_CCF_aiops-live-benchmark/phaseone/2025-06-14/cloudbed/trace-parquet/trace_jaeger-span_2025-06-14_07-00-00.parquet
/root/shared-nvme/data_set/2025_CCF_aiops-live-benchmark/phaseone/2025-06-14/cloudbed/trace-parquet/trace_jaeger-span_2025-06-14_08-00-00.parquet
/root/shared-nvme/data_set/2025_CCF_aiops-live-benchmark/phaseone/2025-06-14/cloudbed/trace-parquet/trace_jaeger-span_2025-06-14_09-00-00.parquet
/root/shared-nvme/data_set/2025_CCF_aiops-live-benchmark/phaseone/2025-06-14/cloudbed/trace-parquet/trace_jaeger-span_2025-06-14_10-00-00.parquet
/root/shared-nvme/data_set/2025_CCF_aiops-live-benchmark/phaseone/2025-06-14/cloudbed/trace-parquet/trace_jaeger-span_2025-06-14_11-00-00.parquet
/root/shared-nvme/data_set/2025_CCF_aiops-live-benchmark/phaseone/2025-06-14/cloudbed/trace-parquet/trace_jaeger-span_2025-06-14_12-00-00.parquet
/root/shared-nvme/data_set/2025_CCF_aiops-live-benchmark/phaseone/2025-06-14/cloudbed/trace-parquet/trace_jaeger-span_2025-06-14_13-00-00.parquet
/root/shared-nvme/data_set/2025_CCF_aiops-live-benchmark/phaseone/2025-06-14/cloudbed/trace-parquet/trace_jaeger-span_2025-06-14_14-00-00.parquet
/root/shared-nvme/data_set/2025_CCF_aiops-live-benchmark/phaseone/2025-06-14/cloudbed/trace-parquet/trace_jaeger-span_2025-06-14_15-00-00.parquet
/root/shared-nvme/data_set/2025_CCF_aiops-live-benchmark/phaseone/2025-06-14/cloudbed/trace-parquet/trace_jaeger-span_2025-06-14_16-00-00.parquet
/root/shared-nvme/data_set/2025_CCF_aiops-live-benchmark/phaseone/2025-06-14/cloudbed/trace-parquet/trace_jaeger-span_2025-06-14_17-00-00.parquet
/root/shared-nvme/data_set/2025_CCF_aiops-live-benchmark/phaseone/2025-06-14/cloudbed/trace-parquet/trace_jaeger-span_2025-06-14_18-00-00.parquet
/root/shared-nvme/data_set/2025_CCF_aiops-live-benchmark/phaseone/2025-06-14/cloudbed/trace-parquet/trace_jaeger-span_2025-06-14_19-00-00.parquet
/root/shared-nvme/data_set/2025_CCF_aiops-live-benchmark/phaseone/2025-06-14/cloudbed/trace-parquet/trace_jaeger-span_2025-06-14_20-00-00.parquet
/root/shared-nvme/data_set/2025_CCF_aiops-live-benchmark/phaseone/2025-06-14/cloudbed/trace-parquet/trace_jaeger-span_2025-06-14_21-00-00.parquet
/root/shared-nvme/data_set/2025_CCF_aiops-live-benchmark/phaseone/2025-06-14/cloudbed/trace-parquet/trace_jaeger-span_2025-06-14_22-00-00.parquet
